"tag"	"moltype"	"baseMean"	"log2FoldChange"	"lfcSE"	"stat"	"pvalue"	"padj"
SA150_0001	cds	4.1860595962323	-0.417061055744293	0.892060616556148	-0.467525466323557	0.64012397643247	0.851618682302229
SA150_0002	cds	3.66324770778694	0.884822895517631	1.03217179295824	0.857243824675443	0.391310147035572	0.669550506542453
SA150_0003	cds	2.26428046614138	-0.820299132185949	1.24439603044257	-0.659194590884551	0.509770819947714	NA
SA150_0004	cds	3.74845086744508	0.983547308513325	1.02487183259308	0.959678349267147	0.337217123100445	0.628189796157726
SA150_0005	cds	13.5872015713523	0.277719725878041	0.516264750450689	0.537940515279413	0.590618116300459	0.825914494518056
SA150_0006	cds	19.4839616780834	-0.0067235955833283	0.437317945950501	-0.0153746162159312	0.987733314359063	0.993552479756511
SA150_0007	cds	3.21795513880121	-0.548231767929121	1.04360825691581	-0.52532333305729	0.59935843969858	NA
SA150_0008	cds	0.280263531939236	-1.42685805155375	3.35444699992064	-0.425363122919367	0.670571984467538	NA
SA150_0009	cds	18.3255562470416	-1.22846183625672	0.439580989029535	-2.79462002887978	0.00519607477598403	0.062768583293887
SA150_0010	cds	0.57564250048116	1.94355044202778	2.5128777246635	0.773436137760363	0.43926430990582	NA
SA150_0011	cds	0	NA	NA	NA	NA	NA
SA150_0012	cds	1.05371545807173	1.37904567991113	1.91199224621478	0.721261125740055	0.470748869885373	NA
SA150_0013	cds	1.90044656651551	0.447561975165156	1.35915517190154	0.3292942442613	0.741933294169458	NA
SA150_0014	cds	15.7778478658978	0.21657361056088	0.478163897996863	0.452927566192589	0.650600900360837	0.854267269169447
SA150_0015	cds	2.20047784283146	1.69207615508454	1.42558395406826	1.18693546616864	0.235253076522135	NA
SA150_0016	cds	12.9432417218396	0.761945668369078	0.57787469256906	1.31853095172189	0.187325970818096	0.475398682244244
SA150_0017	cds	0.629208686828721	0.625458663779726	2.3101782103773	0.270740439404273	0.786590671809319	NA
SA150_0018	cds	3.33155563398458	-0.114623751426396	1.08669161484157	-0.1054795581938	0.915995289693027	NA
SA150_0019	cds	13.5963895787775	0.49348502409458	0.537631346191572	0.917887373179202	0.358677832874872	0.650449669654127
SA150_0020	cds	10.0992685598417	-0.682855098087789	0.574569990156349	-1.18846286751241	0.234651100789029	0.534827414628579
SA150_0021	cds	4.28660334929504	0.42578469926301	0.934239809097462	0.455755251613979	0.648565985806928	0.853450665419138
SA150_0022	cds	0.758964063228538	2.37927710214117	2.09819053936969	1.13396617585356	0.256808736408121	NA
SA150_0023	cds	5.73536095559801	-0.721036380002811	0.784006598839662	-0.919681519351945	0.35773921287148	0.650449669654127
SA150_0024	cds	1.29141783354065	-1.77314766962989	1.65542672899193	-1.07111214200924	0.284119009332943	NA
SA150_0025	cds	2.7401132415716	-0.535763588955521	1.13024483698549	-0.474024363061433	0.635482533952297	NA
SA150_0026	cds	5.16044149404604	-0.248114050214154	0.835487064281391	-0.296969349761937	0.76648990944283	0.900571719230046
SA150_0027	cds	4.21667295117995	-0.264991442517686	0.930025322591463	-0.284929276741952	0.775698325656773	0.900683860642034
SA150_0028	cds	0.868283404735435	0.976845552435422	1.99455475034503	0.489756198603444	0.62430642903842	NA
SA150_0029	cds	0	NA	NA	NA	NA	NA
SA150_0030	cds	0	NA	NA	NA	NA	NA
SA150_0031	cds	0	NA	NA	NA	NA	NA
SA150_0032	cds	0	NA	NA	NA	NA	NA
SA150_0033	cds	0	NA	NA	NA	NA	NA
SA150_0034	cds	4.74125532109327	-0.287898372436223	0.854227152416858	-0.337027887279952	0.736095877669838	0.889017044879264
SA150_0035	cds	0	NA	NA	NA	NA	NA
SA150_0036	cds	0	NA	NA	NA	NA	NA
SA150_0037	cds	0.202597328555855	-2.38863321993365	4.0804728567969	-0.585381475079504	0.558291242052261	NA
SA150_0038	cds	0.0776662033833809	-0.465079868291158	4.0804728567969	-0.113976954292556	0.909256062186082	NA
SA150_0039	cds	0.523553327464724	0.142295112455942	2.50132953137707	0.0568877913409528	0.954634579662376	NA
SA150_0040	cds	0.348945154889486	1.2797532951547	2.98183067994069	0.429183757402401	0.66778950240477	NA
SA150_0041	cds	1.86990968979073	0.420356264384349	1.35372323578438	0.310518615085145	0.756166605827802	NA
SA150_0042	cds	0	NA	NA	NA	NA	NA
SA150_0043	cds	0.314328795676423	-2.38864264359365	3.44927819898273	-0.692505070857467	0.488620202541567	NA
SA150_0044	cds	0.65089657825087	0.611814003809865	2.31555622818795	0.264219022782548	0.791611153705928	NA
SA150_0045	cds	0.379482031614269	1.37934982819988	2.69903613049879	0.511052746798531	0.609314122580524	NA
SA150_0046	cds	0.193612748122724	0.411198695872968	4.04148449848246	0.101744469396671	0.918959503798801	NA
SA150_0047	cds	0	NA	NA	NA	NA	NA
SA150_0048	cds	2.56958455148464	0.478967970712786	1.17884900737329	0.406301373387947	0.684521176407661	NA
SA150_0049	cds	2.83875195681082	-0.976214885067348	1.15635051990344	-0.844220561382084	0.398546166846068	NA
SA150_0050	cds	0.40519465711171	-3.014987847878	3.13220947522634	-0.962575418957294	0.335760638169222	NA
SA150_0051	cds	1.47723565948744	2.17623537440424	1.71856284032664	1.26631120104437	0.205401688328949	NA
SA150_0052	cds	15.6958928883265	-1.05790885211351	0.478778614132337	-2.209599219528	0.0271329895313	0.185777764366633
SA150_0053	cds	0.815757001563748	-0.703373272352752	2.06712823045846	-0.340265911900759	0.733656285557582	NA
SA150_0054	cds	0.292203674099024	-2.38864132792654	3.54415978309543	-0.673965473938176	0.500333264330309	NA
SA150_0055	cds	0.0776662033833809	-0.465079868291158	4.0804728567969	-0.113976954292556	0.909256062186082	NA
SA150_0056	cds	0.351492875633653	1.2264474752746	3.01781463416912	0.406402521012453	0.684446867653026	NA
SA150_0057	cds	0	NA	NA	NA	NA	NA
SA150_0058	cds	0.205009454169526	0.470684851198704	3.71809277615048	0.126593089397309	0.899262466796815	NA
SA150_0059	cds	0.127343250786145	-0.465079868291158	4.0804728567969	-0.113976954292556	0.909256062186082	NA
SA150_0060	cds	0	NA	NA	NA	NA	NA
SA150_0061	cds	0	NA	NA	NA	NA	NA
SA150_0062	cds	0.127343250786145	-0.465079868291158	4.0804728567969	-0.113976954292556	0.909256062186082	NA
SA150_0063	cds	0	NA	NA	NA	NA	NA
SA150_0064	cds	0.0968063740613619	-0.465079868291158	4.0804728567969	-0.113976954292556	0.909256062186082	NA
SA150_0065	cds	0	NA	NA	NA	NA	NA
SA150_0066	cds	0.202597328555855	-2.38863321993365	4.0804728567969	-0.585381475079504	0.558291242052261	NA
SA150_0067	cds	54.0900137620011	0.291904045362946	0.284043236200617	1.02767469230204	0.304102876263218	0.606198472815127
SA150_0068	cds	0	NA	NA	NA	NA	NA
SA150_0069	cds	0	NA	NA	NA	NA	NA
SA150_0070	cds	0	NA	NA	NA	NA	NA
SA150_0071	cds	0	NA	NA	NA	NA	NA
SA150_0072	cds	0	NA	NA	NA	NA	NA
SA150_0073	cds	3.43685094162901	-0.259177955295682	0.998260699547356	-0.259629529053084	0.795149556319355	0.906170437767718
SA150_0074	cds	25.241623417081	-1.52138370377467	0.380666023716089	-3.99663644504653	6.42488561958843e-05	0.00161692954759642
SA150_0075	cds	0.464891699628829	1.68165757657331	2.71405310841794	0.619611153281218	0.535513821999419	NA
SA150_0076	cds	1.92021431089223	2.4844941237727	1.59673727035044	1.55598179481802	0.119712421473717	NA
SA150_0077	cds	1.07285562874971	1.40998217052506	1.9066536109969	0.739506202066693	0.459599675069922	NA
SA150_0078	cds	4.37345521738231	0.451655248220344	0.912571035160387	0.494926127192898	0.62065226712142	0.839456423256147
SA150_0079	cds	18.7553879462181	-0.673140642318304	0.433709871045184	-1.5520528520509	0.120649577972455	0.386468635022375
SA150_0080	cds	0.254686501572291	0.751572900437126	3.72934736272192	0.201529336727856	0.840284692580839	NA
SA150_0081	cds	0.0776662033833809	-0.465079868291158	4.0804728567969	-0.113976954292556	0.909256062186082	NA
SA150_0082	cds	0.628657591352846	-3.46244370597754	2.68123290610643	-1.29136252881722	0.196577997627626	NA
SA150_0083	cds	0	NA	NA	NA	NA	NA
SA150_0084	cds	0.348945154889486	1.2797532951547	2.98183067994069	0.429183757402401	0.66778950240477	NA
SA150_0085	cds	2.7807770195813	-0.217340330805765	1.19372158859214	-0.18206953185968	0.85552815911512	NA
SA150_0086	cds	0.252138780828124	0.818407942809024	3.39897213417746	0.240781009817569	0.809724848643548	NA
SA150_0087	cds	2.07009489273291	-0.543929346513364	1.24342625253286	-0.437443994290277	0.661789384338664	NA
SA150_0088	cds	28.491567882698	-0.884830404053625	0.352578167697915	-2.5096006648141	0.0120867760119772	0.101394620989364
SA150_0089	cds	3.19279031791141	-2.0857225313258	1.11992658069559	-1.86237434424527	0.0625503428605938	NA
SA150_0090	cds	2.39348474706532	-1.19042706429262	1.25066859306631	-0.95183254052459	0.341181916157283	NA
SA150_0091	cds	1.63449895402691	-0.754339153501444	1.41531955509509	-0.532981509925341	0.594046379769241	NA
SA150_0092	cds	3.21516819080817	1.22929228451454	1.11970057275819	1.09787590934815	0.272258678770298	NA
SA150_0093	cds	2.38086591222417	-0.247779834530574	1.21467214742304	-0.203989064091282	0.838362044826271	NA
SA150_0094	cds	3.34357295458006	-0.491007256818743	0.995257028936578	-0.493347188256866	0.621767291325706	NA
SA150_0095	cds	1.73130532808828	-0.537237001724016	1.38655900405595	-0.38746061303738	0.698415238368654	NA
SA150_0096	cds	0.979938393633145	0.00736480061544478	1.92501479219299	0.00382584105083928	0.996947427940231	NA
SA150_0097	cds	1.50115607370706	-0.255652893174959	1.5299401229485	-0.167099933742678	0.867291418147239	NA
SA150_0098	cds	1.54067753086497	-1.05948645530688	1.49437517202812	-0.70898290813342	0.478335083446121	NA
SA150_0099	cds	1.68053374909665	-2.1004844594655	1.57926926175406	-1.33003567557095	0.183506517212615	NA
SA150_0100	cds	3.45356058660316	-0.88205009971731	1.01231949290645	-0.871315929306938	0.383581675205806	0.666868759664733
SA150_0101	cds	0.579667234556452	-1.29812414673257	2.46090358898905	-0.527498985551826	0.597847120716676	NA
SA150_0102	cds	2.17292262613786	-4.27770058081114	1.62819238374999	-2.62726974005303	0.0086073073374194	NA
SA150_0103	cds	1.60453490258788	-1.73118981079024	1.55618435125911	-1.11245805125179	0.265941256827981	NA
SA150_0104	cds	4.57739763242061	-0.997975090270598	0.890137062546305	-1.12114766619852	0.262225011861059	0.557689813958026
SA150_0105	cds	0.357929735322617	-0.74901163532336	3.06420907227636	-0.244438815255817	0.806890983093453	NA
SA150_0106	cds	0.127343250786145	-0.465079868291158	4.0804728567969	-0.113976954292556	0.909256062186082	NA
SA150_0107	cds	9.37330611414723	0.734155671110253	0.64943904133802	1.13044585308221	0.258288402198739	0.556851388087466
SA150_0108	cds	0.320955998908869	1.11606791384077	3.11434426230997	0.358363693875306	0.720071157927944	NA
SA150_0109	cds	0.127343250786145	-0.465079868291158	4.0804728567969	-0.113976954292556	0.909256062186082	NA
SA150_0110	cds	0.348945154889486	1.2797532951547	2.98183067994069	0.429183757402401	0.66778950240477	NA
SA150_0111	cds	0.127343250786145	-0.465079868291158	4.0804728567969	-0.113976954292556	0.909256062186082	NA
SA150_0112	cds	0	NA	NA	NA	NA	NA
SA150_0113	cds	0.741075749079785	-1.29108537359985	2.17950701350462	-0.592374957088945	0.553599532091192	NA
SA150_0114	cds	0.61006851615074	0.571489260027074	2.35737509397346	0.24242610413933	0.808450009354536	NA
SA150_0115	cds	3.19632965515494	1.73346422259828	1.21514371862867	1.42655078244946	0.153709419373016	NA
SA150_0116	cds	0.974209954360424	-1.7014695775402	2.04401727328703	-0.832414480922673	0.405175031063697	NA
SA150_0117	cds	0.973637129074677	-0.169209329653661	1.95922590212336	-0.0863654004728481	0.931175950553077	NA
SA150_0118	cds	26.2950471354002	-0.123301562435341	0.428277889566522	-0.287900835973905	0.773422646982364	0.900683860642034
SA150_0119	cds	2.39166006525035	0.802807597401517	1.29006130439675	0.622301897332637	0.533743373837692	NA
SA150_0120	cds	5.42664777264863	-1.00992734122107	0.809081726863871	-1.24823896979568	0.211943556678235	0.501949940054158
SA150_0121	cds	0	NA	NA	NA	NA	NA
SA150_0122	cds	0.254686501572291	0.751572900437126	3.72934736272192	0.201529336727856	0.840284692580839	NA
SA150_0123	cds	0.292203674099024	-2.38864132792654	3.54415978309543	-0.673965473938176	0.500333264330309	NA
SA150_0124	cds	0.0776662033833809	-0.465079868291158	4.0804728567969	-0.113976954292556	0.909256062186082	NA
SA150_0125	cds	0.852807216200354	-1.46946161762556	2.18460417465043	-0.672644332862128	0.501173590366485	NA
SA150_0126	cds	1.97570064428522	-0.0916976554868394	1.28897238345591	-0.0711401242290275	0.943286234532955	NA
SA150_0127	cds	4.33802094092703	-1.4371754287782	0.904602018659803	-1.58873780859722	0.112119599203439	0.380450774825153
SA150_0128	cds	3.29704181244743	0.604391430286195	1.05517836842844	0.572786031603699	0.566789578027886	NA
SA150_0129	cds	6.84362797334231	-1.64230963231168	0.749313236590384	-2.19175313088652	0.028397337044277	0.190577684163814
SA150_0130	cds	6.10533007988809	-1.66765614585336	0.820035948024535	-2.0336378543779	0.041988122220024	0.235894060987576
SA150_0131	cds	7.60351985114121	-1.16958354796326	0.711045745624169	-1.64487806187009	0.0999949598793285	0.370533470963892
SA150_0132	cds	4.37741754368172	-1.95957237827858	0.937352298533033	-2.0905398976941	0.0365693282940258	0.222297551741154
SA150_0133	cds	0.224149624847507	0.58620110290343	3.59405476673251	0.163102996740467	0.870437340337058	NA
SA150_0134	cds	5.46734356933797	-1.78987040531147	0.821306972420082	-2.17929527620762	0.0293097399242794	0.194539372684228
SA150_0135	cds	0.824605986866383	-0.541042848982994	2.0326019585536	-0.266182390854332	0.79009874402654	NA
SA150_0136	cds	0.767948643661669	0.991777559855151	2.18167570173401	0.45459440148088	0.649401063219749	NA
SA150_0137	cds	0.983029550490298	-0.495500920866845	1.91779549793705	-0.258370051134154	0.796121327828648	NA
SA150_0138	cds	1.02837432523396	1.38969494882728	2.01570381386149	0.689434102009774	0.49055012930291	NA
SA150_0139	cds	0.320955998908869	1.11606791384077	3.11434426230997	0.358363693875306	0.720071157927944	NA
SA150_0140	cds	0.360341860936288	1.31271272831644	2.96902478229738	0.44213599567892	0.658390798163206	NA
SA150_0141	cds	0.562939189492143	0.357961004389938	2.42580415358615	0.14756385170697	0.882686984872374	NA
SA150_0142	cds	0.877458328712049	2.55710796576694	2.05063378161972	1.24698421955537	0.21240328382686	NA
SA150_0143	cds	0.329804984211505	1.20856125002957	3.06240819108155	0.394644075714393	0.693105580552141	NA
SA150_0144	cds	1.27353281026013	3.12061028468677	1.79140460385984	1.74199076968037	0.081510059411981	NA
SA150_0145	cds	0.747567357181736	2.36411883604286	2.12670832689998	1.11163284882085	0.266296042845315	NA
SA150_0146	cds	0.127343250786145	-0.465079868291158	4.0804728567969	-0.113976954292556	0.909256062186082	NA
SA150_0147	cds	0.438008064319669	1.6001475477413	2.76641004349398	0.578420235100183	0.562980435644762	NA
SA150_0148	cds	5.9090340158907	-1.51547187097412	0.770305470940524	-1.96736480285382	0.0491411690571919	0.249422404290285
SA150_0149	cds	1.49686451786542	-0.97918725302293	1.52840907526129	-0.640657837533143	0.521745013117371	NA
SA150_0150	cds	5.41323061715772	-0.517723401440511	0.789128594925293	-0.656069751837498	0.511779245598742	0.770570314451536
SA150_0151	cds	5.78923244525215	-1.62416841756755	0.85895025742449	-1.89087598906778	0.0586409003370224	0.273234493019453
SA150_0152	cds	5.58326838426744	-0.867967520048564	0.769192450592722	-1.12841398713642	0.259145123409645	0.556851388087466
SA150_0153	cds	0.0776662033833809	-0.465079868291158	4.0804728567969	-0.113976954292556	0.909256062186082	NA
SA150_0154	cds	5.6144361255592	1.34433158424413	0.856045850172362	1.57039670710798	0.116322848067397	0.385927322542554
SA150_0155	cds	0.310664813533523	1.12608228044215	3.42354862489832	0.328922531507961	0.742214243367833	NA
SA150_0156	cds	0.516926124232278	-3.24844548956419	2.68573423351805	-1.20951859235493	0.226463672583507	NA
SA150_0157	cds	0.695613779295795	-0.621451789423636	2.42352811918817	-0.256424418806335	0.797623134544143	NA
SA150_0158	cds	493.413372883349	-1.27008253590397	0.124918534700244	-10.1672865355944	2.77532434608641e-24	1.67629590503619e-21
SA150_0159	cds	172.456303674606	-1.02103350457197	0.150986564208219	-6.76241299963555	1.35712175860987e-11	2.29330367897805e-09
SA150_0160	cds	0.61373249829364	-2.28695964080147	2.44506499028533	-0.935336954186477	0.349614676547894	NA
SA150_0161	cds	2.60139168482881	-0.325508470929006	1.17204910090651	-0.277725967860258	0.78122272501639	NA
SA150_0162	cds	0.39862220229225	1.44100982488359	2.65794118908245	0.542152637087143	0.587713360036441	NA
SA150_0163	cds	0.556502329803179	1.89426700136989	2.38828534149817	0.793149364716036	0.427690804694046	NA
SA150_0164	cds	0.488801373121166	-0.638110763103401	2.60806465545496	-0.24466830673417	0.806713269839118	NA
SA150_0165	cds	0.193612748122724	0.411198695872968	4.04148449848246	0.101744469396671	0.918959503798801	NA
SA150_0166	cds	0	NA	NA	NA	NA	NA
SA150_0167	cds	0	NA	NA	NA	NA	NA
SA150_0168	cds	0	NA	NA	NA	NA	NA
SA150_0169	cds	0.40519465711171	-3.014987847878	3.13220947522634	-0.962575418957294	0.335760638169222	NA
SA150_0170	cds	2.10594470838504	-1.72382111088953	1.32112552552613	-1.3048125084125	0.191956698801762	NA
SA150_0171	cds	0.155332406766762	0.190694617863238	4.05547473765639	0.0470215277369569	0.962496069851027	NA
SA150_0172	cds	1.08890464257054	1.63021473077223	1.84393288279756	0.88409656662715	0.376644086455231	NA
SA150_0173	cds	12.1418478750721	-0.396861319344853	0.530610812044636	-0.747932967697366	0.454500590949577	0.724322841513311
SA150_0174	cds	108.53486699447	-1.18083487417028	0.199737259573316	-5.91194090022469	3.38099857674064e-09	3.40353856725225e-07
SA150_0175	cds	0.127343250786145	-0.465079868291158	4.0804728567969	-0.113976954292556	0.909256062186082	NA
SA150_0176	cds	0.707010485342598	-0.61991181718461	2.16022416437675	-0.286966430339631	0.774138024363424	NA
SA150_0177	cds	1.11224149077713	1.50514790536638	1.96509607332651	0.765941129187879	0.443711331966985	NA
SA150_0178	cds	0	NA	NA	NA	NA	NA
SA150_0179	cds	0	NA	NA	NA	NA	NA
SA150_0180	cds	0	NA	NA	NA	NA	NA
SA150_0181	cds	0	NA	NA	NA	NA	NA
SA150_0182	cds	0.292203674099024	-2.38864132792654	3.54415978309543	-0.673965473938176	0.500333264330309	NA
SA150_0183	cds	0	NA	NA	NA	NA	NA
SA150_0184	cds	0.271278951506105	0.91026159246763	3.30825804380472	0.275148304761852	0.78320230137033	NA
SA150_0185	cds	1.84602174610826	-0.661527035572087	1.39261060940987	-0.475026566006425	0.634768038088982	NA
SA150_0186	cds	1.73174255824353	-0.516897336274675	1.46438908663693	-0.352978140162029	0.724104828694493	NA
SA150_0187	cds	2.05158229575366	0.82714642826007	1.3425646681332	0.616094291688901	0.537832289330501	NA
SA150_0188	cds	0.900487638334826	1.32460289557833	2.06197670247615	0.642394695336597	0.52061694310513	NA
SA150_0189	cds	1.52082893977075	0.736251676557839	1.57919634753286	0.466219211884621	0.641058599035966	NA
SA150_0190	cds	4.5457771743381	1.23705563169657	0.954198357926918	1.29643445874732	0.194825846733029	0.481769323971701
SA150_0191	cds	9.73074163562438	-0.18534647985493	0.600312852322272	-0.308749811265791	0.757511849770116	0.896958898310409
SA150_0192	cds	13.5008637502053	0.313243458492321	0.516524927395016	0.606444029859503	0.544219938259977	0.795353616395393
SA150_0193	cds	0.435595938705997	-0.21620036527899	2.83985340446754	-0.0761308189144102	0.939315021335023	NA
SA150_0194	cds	6.61316159730082	1.72652077302776	0.824932281296428	2.09292424623563	0.0363559174540122	0.222297551741154
SA150_0195	cds	0.788205075738383	-0.887038179569061	2.08345661138135	-0.425753132905871	0.670287741006738	NA
SA150_0196	cds	7.8052220451677	-0.0957129972112353	0.664360947110759	-0.14406776561368	0.885446958453417	0.939912061345982
SA150_0197	cds	51.3494007744223	-0.288165933442963	0.267881391368721	-1.07572210212363	0.282051559613407	0.579956686305089
SA150_0198	cds	0.914432065125796	1.30276753517168	1.96334030714735	0.663546472523932	0.506980626231795	NA
SA150_0199	cds	0.224149624847507	0.58620110290343	3.59405476673251	0.163102996740467	0.870437340337058	NA
SA150_0200	cds	2.50831503040593	-0.228012366579817	1.20679099168141	-0.188941057856365	0.850139013568365	NA
SA150_0201	cds	3.97061793747128	0.0797011542710403	0.950825646407241	0.0838231010829341	0.933197080646935	0.966811383723412
SA150_0202	cds	0.0968063740613619	-0.465079868291158	4.0804728567969	-0.113976954292556	0.909256062186082	NA
SA150_0203	cds	4.96419688759341	-1.09436958699286	0.858631847630037	-1.274550425789	0.202468413718897	0.489163687544856
SA150_0204	cds	1.32427137064864	-1.81913067190382	1.78574820230903	-1.01869382791573	0.308348343683241	NA
SA150_0205	cds	3.1361219856241	-0.825451729977114	1.07161548966945	-0.770287232626446	0.44112952814709	NA
SA150_0206	cds	1.00417400579946	-0.0856469796393502	2.05842697303015	-0.0416079757802978	0.966811214996402	NA
SA150_0207	cds	0	NA	NA	NA	NA	NA
SA150_0208	cds	0.0776662033833809	-0.465079868291158	4.0804728567969	-0.113976954292556	0.909256062186082	NA
SA150_0209	cds	0.0968063740613619	-0.465079868291158	4.0804728567969	-0.113976954292556	0.909256062186082	NA
SA150_0210	cds	0.224149624847507	0.58620110290343	3.59405476673251	0.163102996740467	0.870437340337058	NA
SA150_0211	cds	0.348945154889486	1.2797532951547	2.98183067994069	0.429183757402401	0.66778950240477	NA
SA150_0212	cds	0.368085325567467	1.34694128410555	2.94795185406356	0.456907490618914	0.647737539743956	NA
SA150_0213	cds	0	NA	NA	NA	NA	NA
SA150_0214	cds	0	NA	NA	NA	NA	NA
SA150_0215	cds	0.775064534594114	-2.7747672817367	2.2363511762825	-1.24075651049993	0.214695711388038	NA
SA150_0216	cds	0	NA	NA	NA	NA	NA
SA150_0217	cds	0.0776662033833809	-0.465079868291158	4.0804728567969	-0.113976954292556	0.909256062186082	NA
SA150_0218	cds	0	NA	NA	NA	NA	NA
SA150_0219	cds	0.301815828230888	1.03511020641105	2.9526620728027	0.350568463606305	0.725912119147978	NA
SA150_0220	cds	35.6006182072394	-0.931553446519315	0.321539447507646	-2.89716690670486	0.00376549364976183	0.0516899582830942
SA150_0221	cds	2.24952731653549	0.239987669066749	1.23462020315066	0.194381777047159	0.845876957597521	NA
SA150_0222	cds	0.282675657552907	0.952699367419988	3.25887096814809	0.292340315628199	0.770026437010817	NA
SA150_0223	cds	0.0776662033833809	-0.465079868291158	4.0804728567969	-0.113976954292556	0.909256062186082	NA
SA150_0224	cds	0.797189656171514	-2.80068975222073	2.21971830107711	-1.2617320634162	0.207045215285379	NA
SA150_0225	cds	6.62691238968007	-0.213836229970276	0.724475399167166	-0.295160098211886	0.767871581793831	0.900571719230046
SA150_0226	cds	0.504413156786743	0.0672511964624482	2.39625187904788	0.0280651617012689	0.977610180056631	NA
SA150_0227	cds	0.707010485342598	-0.61991181718461	2.16022416437675	-0.286966430339631	0.774138024363424	NA
SA150_0228	cds	0.459695955741817	1.61538854934042	2.73924139738763	0.58972113625363	0.555377622502665	NA
SA150_0229	cds	0.816329826849495	-2.80123617426178	2.20598199893068	-1.26983637020594	0.204142922395037	NA
SA150_0230	cds	5.97691457538892	-0.294700244799877	0.769298266912022	-0.383076704413763	0.70166289175967	0.86845161193205
SA150_0231	cds	1.34761587821812	0.117796252322552	1.64914839995606	0.0714285338576504	0.943056700867926	NA
SA150_0232	cds	0	NA	NA	NA	NA	NA
SA150_0233	cds	0.469661202443185	-0.738487364113891	2.80172904815632	-0.263582720320459	0.792101474969531	NA
SA150_0234	cds	0.603631656461777	2.03536699695048	2.27049012993585	0.89644388676906	0.370015736892737	NA
SA150_0235	cds	0.487685111722434	1.73214198949248	2.64362298747755	0.655215209467227	0.512329203199094	NA
SA150_0236	cds	0	NA	NA	NA	NA	NA
SA150_0237	cds	0.280263531939236	-1.42685805155375	3.35444699992064	-0.425363122919367	0.670571984467538	NA
SA150_0238	cds	0	NA	NA	NA	NA	NA
SA150_0239	cds	0	NA	NA	NA	NA	NA
SA150_0240	cds	0.0776662033833809	-0.465079868291158	4.0804728567969	-0.113976954292556	0.909256062186082	NA
SA150_0241	cds	0	NA	NA	NA	NA	NA
SA150_0242	cds	0	NA	NA	NA	NA	NA
SA150_0243	cds	0.292203674099024	-2.38864132792654	3.54415978309543	-0.673965473938176	0.500333264330309	NA
SA150_0244	cds	0.202597328555855	-2.38863321993365	4.0804728567969	-0.585381475079504	0.558291242052261	NA
SA150_0245	cds	0	NA	NA	NA	NA	NA
SA150_0246	cds	0.127343250786145	-0.465079868291158	4.0804728567969	-0.113976954292556	0.909256062186082	NA
SA150_0247	cds	0	NA	NA	NA	NA	NA
SA150_0248	cds	0	NA	NA	NA	NA	NA
SA150_0249	cds	0.155332406766762	0.190694617863238	4.05547473765639	0.0470215277369569	0.962496069851027	NA
SA150_0250	cds	0.534950033511527	0.171877769712206	2.48618773984285	0.0691330614167819	0.94488370476885	NA
SA150_0251	cds	0.329804984211505	1.20856125002957	3.06240819108155	0.394644075714393	0.693105580552141	NA
SA150_0252	cds	3.83401558627131	2.71046519299156	1.29999194836673	2.08498613887333	0.0370705587544602	0.222297551741154
SA150_0253	cds	0.205009454169526	0.470684851198704	3.71809277615048	0.126593089397309	0.899262466796815	NA
SA150_0254	cds	1.29315092791084	0.673547031850497	1.76997692091683	0.380540008115815	0.703544604082255	NA
SA150_0255	cds	1.5961344750852	-4.86666054942358	1.77695520667027	-2.73876377477343	0.00616706671412734	NA
SA150_0256	cds	0.0776662033833809	-0.465079868291158	4.0804728567969	-0.113976954292556	0.909256062186082	NA
SA150_0257	cds	0.127343250786145	-0.465079868291158	4.0804728567969	-0.113976954292556	0.909256062186082	NA
SA150_0258	cds	0.0968063740613619	-0.465079868291158	4.0804728567969	-0.113976954292556	0.909256062186082	NA
SA150_0259	cds	0.314328795676423	-2.38864264359365	3.44927819898273	-0.692505070857467	0.488620202541567	NA
SA150_0260	cds	1.04946403213013	-3.17760455940897	2.04522713789074	-1.55366829460617	0.120263559568536	NA
SA150_0261	cds	0.641148828988509	0.335939836895214	2.3135944494248	0.145202560015967	0.88455094475631	NA
SA150_0262	cds	1.38343630469749	-0.754373978728411	1.66063760914889	-0.454267670786429	0.649636182068987	NA
SA150_0263	cds	1.78160994918977	1.26488188734957	1.56541222466809	0.808018403981583	0.41907998762895	NA
SA150_0264	cds	0.0968063740613619	-0.465079868291158	4.0804728567969	-0.113976954292556	0.909256062186082	NA
SA150_0265	cds	0	NA	NA	NA	NA	NA
SA150_0266	cds	15.8962760941751	-0.774773596310406	0.461774161408277	-1.67781929146397	0.093382382100215	0.356980751826138
SA150_0267	cds	0.254686501572291	0.751572900437126	3.72934736272192	0.201529336727856	0.840284692580839	NA
SA150_0268	cds	0.445751528950848	1.62864209340953	2.72160040383616	0.598413378802382	0.549564140962104	NA
SA150_0269	cds	0.454736109383978	-0.120178867531049	2.60737930815027	-0.046091823753985	0.963237062783176	NA
SA150_0270	cds	0	NA	NA	NA	NA	NA
SA150_0271	cds	0.678885734231486	0.747874123280185	2.1403312209107	0.349419807538932	0.726774165078186	NA
SA150_0272	cds	0.387225496245448	1.41054551820978	3.15817825569838	0.446632648320181	0.655140318673044	NA
SA150_0273	cds	0.534814438381031	1.88877617224158	2.39751392382222	0.787806132625253	0.43081011335998	NA
SA150_0274	cds	1.02317858134695	1.33299740571918	1.89612015466335	0.703013151587878	0.482047553509718	NA
SA150_0275	cds	2.80440018408687	-2.27498931161987	1.23724508089863	-1.83875397586346	0.0659513804559756	NA
SA150_0276	cds	0.174472577444743	0.302687362968557	3.95709083907654	0.0764923968839682	0.939027362662346	NA
SA150_0277	cds	0.523553327464724	0.142295112455942	2.50132953137707	0.0568877913409528	0.954634579662376	NA
SA150_0278	cds	1.4539502688256	-0.771750848729809	1.50843392575749	-0.511623900491536	0.608914254963546	NA
SA150_0279	cds	0.232998610150143	0.712129387067871	3.84100498556511	0.185401838775041	0.852913866289991	NA
SA150_0280	cds	0.155332406766762	0.190694617863238	4.05547473765639	0.0470215277369569	0.962496069851027	NA
SA150_0281	cds	0	NA	NA	NA	NA	NA
SA150_0282	cds	1.05836776584575	1.59219733465392	1.85241817216422	0.859523707216559	0.390051646237018	NA
SA150_0283	cds	0	NA	NA	NA	NA	NA
SA150_0284	cds	0.292203674099024	-2.38864132792654	3.54415978309543	-0.673965473938176	0.500333264330309	NA
SA150_0285	cds	0.174472577444743	0.302687362968557	3.95709083907654	0.0764923968839682	0.939027362662346	NA
SA150_0286	cds	0.703338843836809	-2.44340855099166	2.35244250386377	-1.0386687653273	0.298958812471284	NA
SA150_0287	cds	0.830003063379473	0.890080237556406	2.16070029554162	0.411940628412462	0.680382940795589	NA
SA150_0288	cds	0	NA	NA	NA	NA	NA
SA150_0289	cds	0.314328795676423	-2.38864264359365	3.44927819898273	-0.692505070857467	0.488620202541567	NA
SA150_0290	cds	0.314328795676423	-2.38864264359365	3.44927819898273	-0.692505070857467	0.488620202541567	NA
SA150_0291	cds	0	NA	NA	NA	NA	NA
SA150_0292	cds	0	NA	NA	NA	NA	NA
SA150_0293	cds	0	NA	NA	NA	NA	NA
SA150_0294	cds	0.0776662033833809	-0.465079868291158	4.0804728567969	-0.113976954292556	0.909256062186082	NA
SA150_0295	cds	0.0968063740613619	-0.465079868291158	4.0804728567969	-0.113976954292556	0.909256062186082	NA
SA150_0296	cds	0.741075749079785	-1.29108537359985	2.17950701350462	-0.592374957088945	0.553599532091192	NA
SA150_0297	cds	0.351492875633653	1.2264474752746	3.01781463416912	0.406402521012453	0.684446867653026	NA
SA150_0298	cds	0.348945154889486	1.2797532951547	2.98183067994069	0.429183757402401	0.66778950240477	NA
SA150_0299	cds	0.0776662033833809	-0.465079868291158	4.0804728567969	-0.113976954292556	0.909256062186082	NA
SA150_0300	cds	2.5087852791643	4.10157363414119	1.51577424661845	2.70592645526959	0.00681141289791026	NA
SA150_0301	cds	1.90930629254542	-0.465359956192058	1.3755597291006	-0.338305888393759	0.735132686766837	NA
SA150_0302	cds	0.542557903012209	1.90931882954867	2.54114025475722	0.751363025308922	0.452434208580226	NA
SA150_0303	cds	0.224149624847507	0.58620110290343	3.59405476673251	0.163102996740467	0.870437340337058	NA
SA150_0304	cds	0.904151620477726	-0.406648433722681	2.10273993210663	-0.193389789918185	0.846653710971325	NA
SA150_0305	cds	0.426746953403362	-0.401186583447491	2.70906978276072	-0.148090162165795	0.882271613294249	NA
SA150_0306	cds	0.232998610150143	0.712129387067871	3.84100498556511	0.185401838775041	0.852913866289991	NA
SA150_0307	cds	1.03037860986514	1.51864435792838	1.87957824621043	0.807970809935819	0.419107386139962	NA
SA150_0308	cds	0.389010048160386	-1.42686034984891	3.00019413923344	-0.475589339766351	0.634366971483449	NA
SA150_0309	cds	3.72644777807623	0.0746960132933881	0.980328127917668	0.0761949098125453	0.939264032299732	0.969411305078446
SA150_0310	cds	0.516926124232278	-3.24844548956419	2.68573423351805	-1.20951859235493	0.226463672583507	NA
SA150_0311	cds	6.63908629615162	1.14284438681447	0.780713964471205	1.46384519660609	0.143236250155663	0.422602857823624
SA150_0312	cds	9.5226737046387	0.646103262321828	0.626941132898636	1.03056447953031	0.302745100377599	0.605490200755198
SA150_0313	cds	7.95371304213124	1.13170073129147	0.710036202977314	1.59386342069044	0.110966628937795	0.378665784623888
SA150_0314	cds	0	NA	NA	NA	NA	NA
SA150_0315	cds	0	NA	NA	NA	NA	NA
SA150_0316	cds	0	NA	NA	NA	NA	NA
SA150_0317	cds	0	NA	NA	NA	NA	NA
SA150_0318	cds	0	NA	NA	NA	NA	NA
SA150_0319	cds	0	NA	NA	NA	NA	NA
SA150_0320	cds	1.96375284276254	-1.4435867225109	1.35004285877724	-1.06928955116164	0.28493921740287	NA
SA150_0321	cds	0.7972444045845	2.44116173426537	2.07457796197187	1.17670281812165	0.239314142654254	NA
SA150_0322	cds	12.7813815049436	-0.891961984069133	0.525380833162535	-1.69774367043418	0.0895561515957556	0.35354193178978
SA150_0323	cds	0.205009454169526	0.470684851198704	3.71809277615048	0.126593089397309	0.899262466796815	NA
SA150_0324	cds	0.488801373121166	-0.638110763103401	2.60806465545496	-0.24466830673417	0.806713269839118	NA
SA150_0325	cds	0	NA	NA	NA	NA	NA
SA150_0326	cds	2.09101961532583	-1.39731267539445	1.26505332662974	-1.10454843758805	0.269355304067792	NA
SA150_0327	cds	0.766079954160983	-0.857687706715497	2.10099785272462	-0.40822874026417	0.683105749957991	NA
SA150_0328	cds	26.4526699126153	0.354746867445271	0.407688126556195	0.870142749659827	0.384222397952529	0.666868759664733
SA150_0329	cds	12.9800819963403	-0.0205177272290008	0.516970543717998	-0.0396883874300448	0.968341559871988	0.982034560225987
SA150_0330	cds	2.66882145124984	1.40428387535115	1.25916871735449	1.11524679417191	0.264744678556115	NA
SA150_0331	cds	3.98440503932188	1.42987009311582	1.03823588807514	1.37721119982355	0.168446960153436	0.456028603690594
SA150_0332	cds	0.202597328555855	-2.38863321993365	4.0804728567969	-0.585381475079504	0.558291242052261	NA
SA150_0333	cds	14.9728999170783	-1.04901467647346	0.504206127854899	-2.08052742424295	0.0374771829110788	0.222297551741154
SA150_0334	cds	3.11890525285979	1.05953295157161	1.12214047305764	0.944207055186742	0.345063850629844	NA
SA150_0335	cds	8.7952866787244	-1.48421752737878	0.642932281032204	-2.30851299766116	0.0209706207580658	0.154466523632582
SA150_0336	cds	2.65572436972531	-2.15585335687011	1.24572706576154	-1.73059847226823	0.0835234043722514	NA
SA150_0337	cds	2.92695220224878	0.192808216701475	1.13570707923612	0.169769318362582	0.865191557017888	NA
SA150_0338	cds	20.8516316169773	-0.0511324099086843	0.404408172282159	-0.126437627657556	0.899385518575675	0.948189835651166
SA150_0339	cds	41.2964880835402	-0.215621828912716	0.30090780285498	-0.716571078805269	0.473638795067641	0.744249336830363
SA150_0340	cds	0	NA	NA	NA	NA	NA
SA150_0341	cds	0	NA	NA	NA	NA	NA
SA150_0342	cds	0	NA	NA	NA	NA	NA
SA150_0343	cds	0	NA	NA	NA	NA	NA
SA150_0344	cds	0.224149624847507	0.58620110290343	3.59405476673251	0.163102996740467	0.870437340337058	NA
SA150_0345	cds	1.34574718871744	-1.05059281889155	1.63139198288752	-0.643985522738702	0.519584821920725	NA
SA150_0346	cds	2.15611373435604	0.560436761054425	1.32289542397717	0.423644039352349	0.671825432575659	NA
SA150_0347	cds	0	NA	NA	NA	NA	NA
SA150_0348	cds	0	NA	NA	NA	NA	NA
SA150_0349	cds	0	NA	NA	NA	NA	NA
SA150_0350	cds	0.0776662033833809	-0.465079868291158	4.0804728567969	-0.113976954292556	0.909256062186082	NA
SA150_0351	cds	0	NA	NA	NA	NA	NA
SA150_0352	cds	0.0776662033833809	-0.465079868291158	4.0804728567969	-0.113976954292556	0.909256062186082	NA
SA150_0353	cds	0	NA	NA	NA	NA	NA
SA150_0354	cds	0	NA	NA	NA	NA	NA
SA150_0355	cds	0	NA	NA	NA	NA	NA
SA150_0356	cds	0	NA	NA	NA	NA	NA
SA150_0357	cds	0.299403702617217	-1.42685857168756	3.27762896965329	-0.435332548283674	0.663321062787154	NA
SA150_0358	cds	1.39901836062819	0.417503496411614	1.77331109790912	0.235437254582055	0.813869373614119	NA
SA150_0359	cds	0	NA	NA	NA	NA	NA
SA150_0360	cds	0.332352704955672	1.15287712058635	3.076590482371	0.374725569487517	0.707864573922257	NA
SA150_0361	cds	0.851690954801621	0.8772567611158	2.13388971932372	0.411106887657635	0.680994159738336	NA
SA150_0362	cds	0	NA	NA	NA	NA	NA
SA150_0363	cds	0	NA	NA	NA	NA	NA
SA150_0364	cds	0.369869877482405	-1.42686004002277	3.0503501911892	-0.467769256180549	0.639949608393734	NA
SA150_0365	cds	0.0968063740613619	-0.465079868291158	4.0804728567969	-0.113976954292556	0.909256062186082	NA
SA150_0366	cds	0	NA	NA	NA	NA	NA
SA150_0367	cds	0	NA	NA	NA	NA	NA
SA150_0368	cds	0.299403702617217	-1.42685857168756	3.27762896965329	-0.435332548283674	0.663321062787154	NA
SA150_0369	cds	0.58262279628311	0.0377980651179849	2.58475220162252	0.0146234772889479	0.988332569086456	NA
SA150_0370	cds	2.08381958680764	-1.7134495141969	1.33798182764519	-1.28062241115227	0.200326324293264	NA
SA150_0371	cds	2.31442010293962	1.64491661650871	1.43528418690257	1.14605639184149	0.251771819662664	NA
SA150_0372	cds	1.00641418795981	-0.778336449039659	1.8568495731615	-0.419170438084789	0.675091575216584	NA
SA150_0373	cds	0.314328795676423	-2.38864264359365	3.44927819898273	-0.692505070857467	0.488620202541567	NA
SA150_0374	cds	1.30697050029859	0.312223648601276	1.65221012439501	0.188973329718339	0.850113719954663	NA
SA150_0375	cds	0.987274017281834	-0.829393355025347	1.86503120227501	-0.444707495517305	0.656531151828241	NA
SA150_0376	cds	0	NA	NA	NA	NA	NA
SA150_0377	cds	1.27098508951596	3.13614183108398	1.82893689772346	1.71473484677773	0.0863938516161409	NA
SA150_0378	cds	0.426611358272866	1.57331234065908	2.76114838626526	0.569803618119615	0.568810901287504	NA
SA150_0379	cds	0.980701562462374	1.44833866490337	1.89517442022849	0.764224468969324	0.444733487250991	NA
SA150_0380	cds	1.73842450988896	3.57408989063255	1.66744706774286	2.14345028383457	0.0320769591097224	NA
SA150_0381	cds	0.756416342484371	2.40075600634436	2.26056865120515	1.06201419942034	0.288229239061724	NA
SA150_0382	cds	1.03798647936582	2.83637712680507	1.94626777612631	1.45734166777932	0.145022090317834	NA
SA150_0383	cds	5.82234639304239	0.75733073766798	0.801980760710179	0.944325318973164	0.345003431429621	0.639208811605801
SA150_0384	cds	0.224149624847507	0.58620110290343	3.59405476673251	0.163102996740467	0.870437340337058	NA
SA150_0385	cds	0.964462205098064	-2.17770935947229	1.98709838505366	-1.09592427624739	0.273111914242692	NA
SA150_0386	cds	1.14501089029938	-2.0559213802054	1.89100426536276	-1.08721139230799	0.276943397215798	NA
SA150_0387	cds	1.2083248259093	-2.47350422531954	1.83400452660464	-1.34869036004989	0.177436443160599	NA
SA150_0388	cds	0.931160110190105	0.151699309294982	1.94029417340322	0.0781836648145501	0.937681955828793	NA
SA150_0389	cds	0	NA	NA	NA	NA	NA
SA150_0390	cds	16.7148385535875	3.90113568915432	0.824355327947882	4.73234727416108	2.21938282546076e-06	9.5750516184164e-05
SA150_0391	cds	6.93949778008113	2.59493202367324	0.974444073293912	2.66298712752349	0.00774503768778176	0.0845483503268061
SA150_0392	cds	57.1643141249346	-0.895852686941742	0.257088540661015	-3.48460761665364	0.00049285922156681	0.0098476551020228
SA150_0393	cds	23.7872925411929	-0.264676043552713	0.399674891516761	-0.662228349017049	0.507824888478829	0.766815581603032
SA150_0394	cds	10.7264851476242	-0.272779751369843	0.623555637897956	-0.437458559895955	0.661778823108002	0.859801290521812
SA150_0395	cds	0.979034205587767	1.17902616747425	2.05604548543575	0.573443620691289	0.566344362462003	NA
SA150_0396	cds	8.26733341739143	1.36138281805908	0.712124036972515	1.91172148021683	0.0559119276738067	0.265911844999836
SA150_0397	cds	4.88009015623924	0.101163944250051	0.84522703991204	0.119688485428222	0.90472992208237	0.950371251594761
SA150_0398	cds	9.18828956115632	1.1083546321592	0.658050710256643	1.68429972779291	0.0921237579905952	0.35441241927592
SA150_0399	cds	0.730211738418693	0.649676388117952	2.24129114196837	0.289867021714718	0.771917971826962	NA
SA150_0400	cds	0.360341860936288	1.31271272831644	2.96902478229738	0.44213599567892	0.658390798163206	NA
SA150_0401	cds	3.6059551315206	-0.271595447986487	0.990182959466317	-0.274288145832028	0.783863193571106	0.902220423137431
SA150_0402	cds	0.516353298946531	-0.408726700979824	2.56061051352913	-0.159620800906774	0.873179792322889	NA
SA150_0403	cds	0.329804984211505	1.20856125002957	3.06240819108155	0.394644075714393	0.693105580552141	NA
SA150_0404	cds	1.14211007698571	1.51712019977828	1.83564305313509	0.826478871906606	0.408532498437438	NA
SA150_0405	cds	0.466676251543767	-0.639106843580026	2.64243990811334	-0.241862394530795	0.808886789931406	NA
SA150_0406	cds	0.389010048160386	-1.42686034984891	3.00019413923344	-0.475589339766351	0.634366971483449	NA
SA150_0407	cds	1.38520952896771	-0.51621324758168	1.5670232850172	-0.329422831503116	0.741836112926214	NA
SA150_0408	cds	4.64370746916108	1.45635258095961	0.966756307970482	1.50643194045141	0.131956326418764	0.4038368428257
SA150_0409	cds	3.3457322900229	0.898857108086967	1.14631986146747	0.784124168394229	0.432967255345569	NA
SA150_0410	cds	0.78100504722019	-1.62970725500048	2.15360779071292	-0.756733543604516	0.449209514322376	NA
SA150_0411	cds	1.68100070698678	-3.02416382242366	1.60887899406087	-1.87967139454693	0.060152876452773	NA
SA150_0412	cds	5.22214162469205	-0.719708087622477	0.879921441560023	-0.817923116348315	0.413401089778964	0.689763144272084
SA150_0413	cds	4.13042692698154	1.41714392934109	1.05169745016871	1.34748251896375	0.177824879770991	0.464962023297309
SA150_0414	cds	13.2733529579259	0.433630972792748	0.573602878430696	0.755977679155144	0.449662578501884	0.723222353498271
SA150_0415	cds	11.3830491347089	-0.843444832016981	0.550328547103042	-1.53262053450965	0.125369378963148	0.387726140901116
SA150_0416	cds	11.876035857714	-0.69838285020871	0.528020783896179	-1.32264272829463	0.185954217711461	0.473908639230897
SA150_0417	cds	8.6405233901101	0.474172833167164	0.672057959566182	0.70555348153788	0.480465861777197	0.744249336830363
SA150_0418	cds	4.59496224317262	0.246976464832223	0.869366383871253	0.284087893682347	0.776343024365938	0.900683860642034
SA150_0419	cds	35.6798388299778	0.748002704620054	0.33429178654689	2.23757428307361	0.0252488301633516	0.181551112126956
SA150_0420	cds	1.65593405527824	1.41230329779062	1.6798514828766	0.840731048063946	0.400498622783907	NA
SA150_0421	cds	6.29055664160751	1.6843953859979	0.845080214811006	1.99317811076029	0.0462419471255926	0.242962341372048
SA150_0422	cds	3.19911917698734	1.09909537880513	1.11617817973376	0.984695274250295	0.324773774723178	NA
SA150_0423	cds	2.64407769570235	0.960218935986851	1.29021960455923	0.744229069682198	0.456737904265359	NA
SA150_0424	cds	1.63691107964059	0.0299538772008671	1.42928980910261	0.0209571753818589	0.983279817260029	NA
SA150_0425	cds	1.11448167293748	0.632919163307422	1.81888331819693	0.34797128379562	0.727861749606911	NA
SA150_0426	cds	4.54149635922374	0.523853913020777	0.910834606431269	0.57513615460142	0.565199217892094	0.812810303825773
SA150_0427	cds	1.34394423671233	-0.531741670926768	1.55411657462454	-0.342150440712746	0.732237679373085	NA
SA150_0428	cds	0.834761577111233	0.956437570761986	2.12842098060617	0.449364848155929	0.653168484730724	NA
SA150_0429	cds	28.8426734529783	0.978674981943327	0.378339357485102	2.58676493095716	0.00968816607042128	0.0891722857182162
SA150_0430	cds	5.98342787444928	2.03915929302092	0.938637251227755	2.17246789465649	0.0298203887211479	0.195777334647536
SA150_0431	cds	20.9013800354651	0.642570386470697	0.441648160930629	1.45493730827881	0.145686618069181	0.425095252723602
SA150_0432	cds	0.426611358272866	1.57331234065908	2.76114838626526	0.569803618119615	0.568810901287504	NA
SA150_0433	cds	0.205009454169526	0.470684851198704	3.71809277615048	0.126593089397309	0.899262466796815	NA
SA150_0434	cds	0.97108940833051	-0.0870633455572149	1.82931583011452	-0.0475933920889781	0.962040298412608	NA
SA150_0435	cds	8.03493702169979	0.958407597264573	0.703270053991104	1.36278744107693	0.172949510318256	0.459961335400141
SA150_0436	cds	0.0776662033833809	-0.465079868291158	4.0804728567969	-0.113976954292556	0.909256062186082	NA
SA150_0437	cds	2.22318711733932	0.0390126167105635	1.27457200765956	0.0306084053910777	0.975581838759206	NA
SA150_0438	cds	0.72856278163425	0.857300765630068	2.1072885149577	0.406826478455551	0.68413543782379	NA
SA150_0439	cds	1.84474486890092	-2.02827819035437	1.47881211334205	-1.37155908587369	0.170200737938904	NA
SA150_0440	cds	11.0195982487073	2.36113787761968	0.733350077063377	3.2196599570489	0.0012834273629385	0.0227997096239664
SA150_0441	cds	14.6680956182831	3.37102504042516	0.777257491202883	4.33707629528043	1.44390515159909e-05	0.000459009848192554
SA150_0442	cds	19.7204350624484	2.08140041586907	0.516543376462189	4.02947847308508	5.59007344259653e-05	0.00146800189536013
SA150_0443	cds	70.0721094307003	2.21699625820035	0.284332158491286	7.79720545844727	6.32931452591951e-15	1.91145298682769e-12
SA150_0444	cds	4.20528390449603	0.379432519943746	0.915894020955713	0.414275572568776	0.678672301286504	0.861637270456897
SA150_0445	cds	2.76208103820863	1.34004402992771	1.23423409902073	1.08572922348437	0.277598807556831	NA
SA150_0446	cds	6.01355467491434	1.03960432138827	0.808644630460279	1.28561333647455	0.198578039993163	0.483633613531736
SA150_0447	cds	3.36570940380217	-1.12048139919188	1.03238955604667	-1.08532810374656	0.277776362906524	NA
SA150_0448	cds	5.3545538800999	1.24316363758858	0.867401533514524	1.43320433450417	0.151799451324091	0.437199694699214
SA150_0449	cds	2.28050142341553	0.268447581516486	1.26289127151188	0.212565869740403	0.831665595023	NA
SA150_0450	cds	3.4469771427011	0.361222495404273	1.04980936530345	0.344083894983981	0.730783194213915	0.88633142430764
SA150_0451	cds	0.629208686828721	0.625458663779726	2.3101782103773	0.270740439404273	0.786590671809319	NA
SA150_0452	cds	1.2365043254334	0.454880456757677	1.71120331416052	0.265824904027159	0.790374062410151	NA
SA150_0453	cds	0.719578201201119	2.28703015349879	2.17355468828872	1.0522073200281	0.292704441808195	NA
SA150_0454	cds	1.55303317337014	1.08318734773934	1.59020646988422	0.681161451832229	0.495769336581108	NA
SA150_0455	cds	5.38359688970337	-0.427993580132699	0.820539529046775	-0.521600197165274	0.601948726006442	0.832869704270642
SA150_0456	cds	11.6993081021824	-0.118289898353908	0.584847755237911	-0.202257591474877	0.839715351863621	0.918289701052436
SA150_0457	cds	13.8186774732744	0.739564105593462	0.532208785631784	1.38961273387384	0.164646506861364	0.45216367065673
SA150_0458	cds	14.5809491352081	0.340180661536899	0.499284958380929	0.681335689823362	0.495659105271911	0.759489281848277
SA150_0459	cds	13.2201005414834	0.85945937139915	0.53628813271962	1.60260747714231	0.109021341924252	0.378055163935789
SA150_0460	cds	1.38817275005726	2.07429493292044	1.72729923856457	1.20088916072482	0.229794199426355	NA
SA150_0461	cds	77.5200997105498	0.837130423108889	0.231137991726756	3.6217776958905	0.000292585502786829	0.00654524606234239
SA150_0462	cds	86.2761653656758	0.651046886150646	0.224658929620823	2.89793460357653	0.00375628904757615	0.0516899582830942
SA150_0463	cds	7.69770128717125	0.795930341717029	0.708509130883757	1.12338755708657	0.261272932076589	0.557628448672296
SA150_0464	cds	14.1760207129453	0.727172945868295	0.528040729342382	1.37711525922235	0.168476615683803	0.456028603690594
SA150_0465	cds	19.1456868774079	0.292719197980866	0.433178128156761	0.675747871265872	0.499200736579083	0.759489281848277
SA150_0466	cds	109.145147816627	0.497710018728396	0.200822224536723	2.47836124650329	0.0131987436404444	0.107730285930113
SA150_0467	cds	139.679240277995	0.300276915502066	0.177890916312242	1.68798340987241	0.0914144136422455	0.35441241927592
SA150_0468	cds	1.988184222558	-0.509410184941426	1.35839880856314	-0.375007826663408	0.707654645893782	NA
SA150_0469	cds	7.11209024912049	-0.38118574283365	0.711415460988456	-0.535813127119872	0.592087708818408	0.825914494518056
SA150_0470	cds	5.72013161482323	0.831036349863006	0.847767942590239	0.980263947376787	0.326955846071123	0.622894170145582
SA150_0471	cds	0.690825876391274	0.475281710072382	2.16620883065214	0.219407151954642	0.82633289930231	NA
SA150_0472	cds	10.9546184112627	-0.6383075552089	0.652467733909909	-0.978297503516144	0.327927204287086	0.622894170145582
SA150_0473	cds	6.52214809606144	1.49004301323172	0.850695821236677	1.75155793179472	0.0798498516112342	0.33536422715118
SA150_0474	cds	1.612781673432	-0.168983208022841	1.65702506151219	-0.101979874624605	0.918772649512151	NA
SA150_0475	cds	0	NA	NA	NA	NA	NA
SA150_0476	cds	0	NA	NA	NA	NA	NA
SA150_0477	cds	0.485137390978266	1.76727500424024	2.66543311984679	0.663034833281364	0.507308245173022	NA
SA150_0478	cds	0.271278951506105	0.91026159246763	3.30825804380472	0.275148304761852	0.78320230137033	NA
SA150_0479	cds	0.457283830128146	-0.251870098399696	2.82153648955728	-0.0892670002078252	0.928869719359134	NA
SA150_0480	cds	2.45198904996085	0.488327181708992	1.18711763166337	0.411355343972742	0.680811993409278	NA
SA150_0481	cds	2.90748832817406	0.993011529850171	1.15674355498662	0.858454344153795	0.390641630606125	NA
SA150_0482	cds	2.51480663850789	1.06878933347179	1.26180540873809	0.847031821285875	0.396977384923096	NA
SA150_0483	cds	0.63416853318656	2.0935296225614	2.26149823977064	0.925726841500315	0.354587955013531	NA
SA150_0484	cds	3.97344227256209	-0.960197792185618	0.912498941685269	-1.0522727735029	0.292674419411153	0.59122190409477
SA150_0485	cds	7.88705848921305	1.20131572780592	0.72450034824966	1.65812995219148	0.0972912394730816	0.369478193899695
SA150_0486	cds	3.48632228791105	1.27515867567191	1.11390997129635	1.14475918927981	0.252308925150879	0.552154314460618
SA150_0487	cds	1.12883394071094	1.56568619965438	1.83468815198393	0.853380013361576	0.39344860143388	NA
SA150_0488	cds	1.73580364064164	-0.0102216613890024	1.53838362132396	-0.00664441641689179	0.994698561733667	NA
SA150_0489	cds	1.58668293676195	-1.84948229722231	1.64449259080551	-1.12465225295809	0.26073642205259	NA
SA150_0490	cds	3.83007606740817	-0.23292336662721	0.976969665394809	-0.238414123669932	0.811559914114485	0.910623067892906
SA150_0491	cds	0.224149624847507	0.58620110290343	3.59405476673251	0.163102996740467	0.870437340337058	NA
SA150_0492	cds	1.7946192636982	-0.826233749377463	1.39771099830393	-0.591133467777004	0.554430996985127	NA
SA150_0493	cds	0.0776662033833809	-0.465079868291158	4.0804728567969	-0.113976954292556	0.909256062186082	NA
SA150_0494	cds	0.224149624847507	0.58620110290343	3.59405476673251	0.163102996740467	0.870437340337058	NA
SA150_0495	cds	0	NA	NA	NA	NA	NA
SA150_0496	cds	0	NA	NA	NA	NA	NA
SA150_0497	cds	2.30210517725193	-1.32176289322666	1.25471032955195	-1.053440672397	0.292139071621202	NA
SA150_0498	cds	5.68926371390093	0.764866137161258	0.838792759816822	0.911865449730743	0.361839551330773	0.650449669654127
SA150_0499	cds	0	NA	NA	NA	NA	NA
SA150_0500	cds	0.280263531939236	-1.42685805155375	3.35444699992064	-0.425363122919367	0.670571984467538	NA
SA150_0501	cds	0.0776662033833809	-0.465079868291158	4.0804728567969	-0.113976954292556	0.909256062186082	NA
SA150_0502	cds	1.8494813142607	0.222664575653528	1.45326779665874	0.153216479554191	0.878227562307462	NA
SA150_0503	cds	0.224149624847507	0.58620110290343	3.59405476673251	0.163102996740467	0.870437340337058	NA
SA150_0504	cds	0.254686501572291	0.751572900437126	3.72934736272192	0.201529336727856	0.840284692580839	NA
SA150_0505	cds	1.90260590195836	3.71799915618304	1.63675614735706	2.27156571990681	0.0231127533415684	NA
SA150_0506	cds	15.5725108305458	-0.222496256710172	0.479703624371125	-0.463820253603164	0.642776531268505	0.852234175987094
SA150_0507	cds	7.74050061529945	-0.187012378485661	0.672333785402236	-0.278154069520362	0.780894091235002	0.901835623529525
SA150_0508	cds	0.981817823861107	-0.129310906787269	1.9329558664324	-0.0668980130549662	0.94666289484926	NA
SA150_0509	cds	1.46118664566661	2.03222068900216	1.71647636934746	1.18394912117242	0.236433203820347	NA
SA150_0510	cds	0.926372207285584	1.12183703740724	1.97265681094303	0.56869346517043	0.569564183346824	NA
SA150_0511	cds	0.574879331651931	-0.00646418760161199	2.43067114566719	-0.00265942499590484	0.997878088356373	NA
SA150_0512	cds	6.43138582789307	5.46206364725859	1.33347892114923	4.09610047870216	4.20167623629181e-05	0.00120848211748584
SA150_0513	cds	0.913190949323843	2.63525981216399	2.03538595959472	1.29472240866234	0.195416006801621	NA
SA150_0514	cds	0.698025904909467	0.794030405425687	2.14600165408329	0.370004563563523	0.711379090105936	NA
SA150_0515	cds	0.292203674099024	-2.38864132792654	3.54415978309543	-0.673965473938176	0.500333264330309	NA
SA150_0516	cds	0.0968063740613619	-0.465079868291158	4.0804728567969	-0.113976954292556	0.909256062186082	NA
SA150_0517	cds	0	NA	NA	NA	NA	NA
SA150_0518	cds	0.280263531939236	-1.42685805155375	3.35444699992064	-0.425363122919367	0.670571984467538	NA
SA150_0519	cds	0.202597328555855	-2.38863321993365	4.0804728567969	-0.585381475079504	0.558291242052261	NA
SA150_0520	cds	0.861656201502989	-1.2321824538238	2.2480689937897	-0.548107045303194	0.583618403272157	NA
SA150_0521	cds	0.369869877482405	-1.42686004002277	3.0503501911892	-0.467769256180549	0.639949608393734	NA
SA150_0522	cds	0	NA	NA	NA	NA	NA
SA150_0523	cds	0.224149624847507	0.58620110290343	3.59405476673251	0.163102996740467	0.870437340337058	NA
SA150_0524	cds	0	NA	NA	NA	NA	NA
SA150_0525	cds	0.329940579342	-1.42685926045254	3.17304521806549	-0.449681351002761	0.652940220155972	NA
SA150_0526	cds	0.314328795676423	-2.38864264359365	3.44927819898273	-0.692505070857467	0.488620202541567	NA
SA150_0527	cds	0.202597328555855	-2.38863321993365	4.0804728567969	-0.585381475079504	0.558291242052261	NA
SA150_0528	cds	0	NA	NA	NA	NA	NA
SA150_0529	cds	1.38365603741373	0.750254562264469	1.67766445401095	0.447201799186223	0.65472936245823	NA
SA150_0530	cds	3.21565687850816	-0.214923367330598	1.01317116776737	-0.212129375734413	0.832006102650608	NA
SA150_0531	cds	0.848706003902203	0.916158399893483	2.04909723002808	0.447103429972881	0.654800382619567	NA
SA150_0532	cds	3.88308678978521	0.507251517836667	0.985042924654591	0.514953719417392	0.606585360835465	0.836149626169609
SA150_0533	cds	1.34711953115523	1.83689892414191	1.75027445907227	1.04949193231989	0.293951766431771	NA
SA150_0534	cds	67.9470641826604	-1.04662553441682	0.238590610325593	-4.38670043631867	1.15083114532239e-05	0.000397231233562818
SA150_0535	cds	0.40519465711171	-3.014987847878	3.13220947522634	-0.962575418957294	0.335760638169222	NA
SA150_0536	cds	0.874283034269148	-0.413337791866326	1.9121336369659	-0.21616574483894	0.828858553941784	NA
SA150_0537	cds	2.70828815999476	-0.619002977806079	1.11613282494587	-0.554596159140913	0.57917091674957	NA
SA150_0538	cds	0.127343250786145	-0.465079868291158	4.0804728567969	-0.113976954292556	0.909256062186082	NA
SA150_0539	cds	1.53465617152139	2.2303697345454	1.67514287245979	1.33145045190701	0.183040838055944	NA
SA150_0540	cds	0.811541923944973	-1.52454501548491	2.12821555278399	-0.716348968266208	0.473775897228185	NA
SA150_0541	cds	0.0776662033833809	-0.465079868291158	4.0804728567969	-0.113976954292556	0.909256062186082	NA
SA150_0542	cds	0.59700445322933	-0.00630608635564465	2.40514923137568	-0.00262191063796809	0.997908020379017	NA
SA150_0543	cds	31.0180698931553	-1.22012445767727	0.343913320153841	-3.54776737676656	0.000388511192032728	0.00838074142813457
SA150_0544	cds	1.41442881166769	-0.00273269900363208	1.61967353415051	-0.00168719124318182	0.998653816794621	NA
SA150_0545	cds	0.687734719534121	0.821719726040239	2.27421929951558	0.361319476189157	0.717860635886362	NA
SA150_0546	cds	13.641845914972	-0.409817371039013	0.506367691332062	-0.809327644820582	0.418326708891589	0.696058766309972
SA150_0547	cds	0.202597328555855	-2.38863321993365	4.0804728567969	-0.585381475079504	0.558291242052261	NA
SA150_0548	cds	0	NA	NA	NA	NA	NA
SA150_0549	cds	0	NA	NA	NA	NA	NA
SA150_0550	cds	0	NA	NA	NA	NA	NA
SA150_0551	cds	0.396210076678579	-0.546750302927659	2.96082623675434	-0.184661394897327	0.853494627757098	NA
SA150_0552	cds	0.202597328555855	-2.38863321993365	4.0804728567969	-0.585381475079504	0.558291242052261	NA
SA150_0553	cds	0.280263531939236	-1.42685805155375	3.35444699992064	-0.425363122919367	0.670571984467538	NA
SA150_0554	cds	0.749351909096674	0.701792345303168	2.10204227212191	0.333862146642152	0.738483585010993	NA
SA150_0555	cds	0.0968063740613619	-0.465079868291158	4.0804728567969	-0.113976954292556	0.909256062186082	NA
SA150_0556	cds	0.0776662033833809	-0.465079868291158	4.0804728567969	-0.113976954292556	0.909256062186082	NA
SA150_0557	cds	0.155332406766762	0.190694617863238	4.05547473765639	0.0470215277369569	0.962496069851027	NA
SA150_0558	cds	11.3798864168216	2.5902874061368	0.756721982525248	3.42303708092737	0.000619256291177555	0.0116884624959764
SA150_0559	cds	0.631756407572889	0.553323672669654	2.22072250367074	0.249163806713823	0.803234074721434	NA
SA150_0560	cds	0.0776662033833809	-0.465079868291158	4.0804728567969	-0.113976954292556	0.909256062186082	NA
SA150_0561	cds	0.0968063740613619	-0.465079868291158	4.0804728567969	-0.113976954292556	0.909256062186082	NA
SA150_0562	cds	1.75127982917672	1.08291325402222	1.62099857705889	0.668053179902867	0.50409964688409	NA
SA150_0563	cds	0.594592327615659	-2.28692391026512	2.4661673727778	-0.927319019588363	0.353760922105333	NA
SA150_0564	cds	0.369869877482405	-1.42686004002277	3.0503501911892	-0.467769256180549	0.639949608393734	NA
SA150_0565	cds	2.64726915495818	0.854925068249437	1.21557449704723	0.703309480682713	0.481862903651981	NA
SA150_0566	cds	1.08890464257054	1.63021473077223	1.84393288279756	0.88409656662715	0.376644086455231	NA
SA150_0567	cds	0.644269375018424	-2.28701193554407	2.41630667499926	-0.946490757653832	0.343898334100276	NA
SA150_0568	cds	1.07088073329129	0.11897012989781	1.76739891568424	0.0673136827470279	0.946331984338633	NA
SA150_0569	cds	1.18508344293317	-0.599549433664647	1.73316940350817	-0.345926620012492	0.72939786241265	NA
SA150_0570	cds	0.174472577444743	0.302687362968557	3.95709083907654	0.0764923968839682	0.939027362662346	NA
SA150_0571	cds	11.2089769483877	0.148641101217288	0.58555620132727	0.253846002963278	0.799614531930471	0.907986370617885
SA150_0572	cds	3.62933976899012	-0.371068839286459	0.951604503593612	-0.389940188266412	0.696580775551342	0.865709441220187
SA150_0573	cds	1.52074703746224	1.21032400397989	1.8583444473582	0.65129153300965	0.51485831299682	NA
SA150_0574	cds	1.24521771560554	1.7466881585054	1.89067261747022	0.923844848846712	0.355567100866392	NA
SA150_0575	cds	0.459695955741817	1.61538854934042	2.73924139738763	0.58972113625363	0.555377622502665	NA
SA150_0576	cds	0.0776662033833809	-0.465079868291158	4.0804728567969	-0.113976954292556	0.909256062186082	NA
SA150_0577	cds	2.20209045129308	-0.126873046934331	1.27864371417261	-0.0992247062477671	0.920959858904917	NA
SA150_0578	cds	0.834353736128743	-0.146498687830643	2.03084250370285	-0.0721369025729622	0.942492958704621	NA
SA150_0579	cds	1.0816204764666	-2.0949069596746	2.01581938825984	-1.03923346103097	0.298696172031124	NA
SA150_0580	cds	3.75896720962233	1.12654383302876	1.03982060447482	1.08340210626787	0.278629981188552	0.578324771951497
SA150_0581	cds	2.25891973795111	0.114936840142805	1.22311751029241	0.0939703987357087	0.925132671045968	NA
SA150_0582	cds	0.0968063740613619	-0.465079868291158	4.0804728567969	-0.113976954292556	0.909256062186082	NA
SA150_0583	cds	0.232998610150143	0.712129387067871	3.84100498556511	0.185401838775041	0.852913866289991	NA
SA150_0584	cds	0.887423575413416	1.0156210449577	1.98642598791166	0.511280586912493	0.609154596552579	NA
SA150_0585	cds	0.905447484692665	2.62040976416228	1.98015966553408	1.32333256240501	0.185724807514033	NA
SA150_0586	cds	0.155332406766762	0.190694617863238	4.05547473765639	0.0470215277369569	0.962496069851027	NA
SA150_0587	cds	1.01378615993132	1.45888227422579	1.96531231998351	0.742315742587942	0.457896055887469	NA
SA150_0588	cds	0.426746953403362	-0.401186583447491	2.70906978276072	-0.148090162165795	0.882271613294249	NA
SA150_0589	cds	0.659609968423009	2.20661905106054	2.37584486967678	0.92877236187594	0.353007070572973	NA
SA150_0590	cds	1.66427266192247	-1.81213048813343	1.48018339399795	-1.22426078787365	0.220853864171704	NA
SA150_0591	cds	3.97882835999259	-0.173006445399139	0.930480536528184	-0.185932363555568	0.852497802259273	0.918289701052436
SA150_0592	cds	5.71594959465904	-0.235016326618754	0.794855412168963	-0.295671795172725	0.767480738802333	0.900571719230046
SA150_0593	cds	0.45714823499765	1.65664992103871	2.52578135648573	0.655896012845586	0.511891033797924	NA
SA150_0594	cds	0.466676251543767	-0.639106843580026	2.64243990811334	-0.241862394530795	0.808886789931406	NA
SA150_0595	cds	6.63697618297628	-0.986668042700139	0.726434283625535	-1.35823441285812	0.174389314249391	0.459961335400141
SA150_0596	cds	4.77258509438216	-0.157083576038972	0.881135362906138	-0.178274057144731	0.858507751839307	0.922666694147582
SA150_0597	cds	2.19018665745612	1.70229976109224	1.43505547714068	1.18622575099608	0.235533159416239	NA
SA150_0598	cds	0	NA	NA	NA	NA	NA
SA150_0599	cds	1.90564231040252	0.493529298498196	1.37141738263936	0.359868049468919	0.718945811313329	NA
SA150_0600	cds	8.4027695959479	-0.12554876901773	0.658123555636651	-0.190767779002041	0.848707533675364	0.918289701052436
SA150_0601	cds	2.15191705682743	0.734386362267427	1.33835426677321	0.548723443784464	0.583195255003041	NA
SA150_0602	cds	0.45714823499765	1.65664992103871	2.52578135648573	0.655896012845586	0.511891033797924	NA
SA150_0603	cds	0.205009454169526	0.470684851198704	3.71809277615048	0.126593089397309	0.899262466796815	NA
SA150_0604	cds	0	NA	NA	NA	NA	NA
SA150_0605	cds	0	NA	NA	NA	NA	NA
SA150_0606	cds	0.299403702617217	-1.42685857168756	3.27762896965329	-0.435332548283674	0.663321062787154	NA
SA150_0607	cds	0.280263531939236	-1.42685805155375	3.35444699992064	-0.425363122919367	0.670571984467538	NA
SA150_0608	cds	0.884438624513998	1.05383185943202	2.01595598125186	0.522745471246657	0.601151390435357	NA
SA150_0609	cds	0.379482031614269	1.37934982819988	2.69903613049879	0.511052746798531	0.609314122580524	NA
SA150_0610	cds	4.79321634883825	-2.38492441817743	0.904907168290861	-2.63554594520668	0.00840020526700591	0.0856404800201204
SA150_0611	cds	0.127343250786145	-0.465079868291158	4.0804728567969	-0.113976954292556	0.909256062186082	NA
SA150_0612	cds	5.60659390482932	-0.573717287843743	0.778938994251237	-0.736536868840716	0.461404038774248	0.729549841412685
SA150_0613	cds	4.06355899676367	0.317706700534714	0.93915418128526	0.338290247613999	0.735144472237188	0.889017044879264
SA150_0614	cds	9.77132789663628	-0.00216473879873188	0.598318696481139	-0.00361803635999218	0.997113230945998	0.997113230945998
SA150_0615	cds	1.46589041098539	-1.07913767435392	1.51061146266978	-0.714371432377923	0.474997532109733	NA
SA150_0616	cds	0.584491485783796	1.99486761089392	2.31072451186175	0.863308283031391	0.38796799127355	NA
SA150_0617	cds	0.280263531939236	-1.42685805155375	3.35444699992064	-0.425363122919367	0.670571984467538	NA
SA150_0618	cds	4.26761717383772	0.304379601440843	0.934823861570794	0.325601018494962	0.744726241507777	0.892559238102576
SA150_0619	cds	3.1429141731598	-0.963287041272842	1.07714842460159	-0.894293691817951	0.371164774223007	NA
SA150_0620	cds	0	NA	NA	NA	NA	NA
SA150_0621	cds	0.369869877482405	-1.42686004002277	3.0503501911892	-0.467769256180549	0.639949608393734	NA
SA150_0622	cds	0.280263531939236	-1.42685805155375	3.35444699992064	-0.425363122919367	0.670571984467538	NA
SA150_0623	cds	0.464891699628829	1.68165757657331	2.71405310841794	0.619611153281218	0.535513821999419	NA
SA150_0624	cds	0.0968063740613619	-0.465079868291158	4.0804728567969	-0.113976954292556	0.909256062186082	NA
SA150_0625	cds	0.0776662033833809	-0.465079868291158	4.0804728567969	-0.113976954292556	0.909256062186082	NA
SA150_0626	cds	4.30563551935998	4.86570538349246	1.39449331967272	3.48922817689397	0.000484417454919771	0.0098476551020228
SA150_0627	cds	6.01318647312291	5.3640194095456	1.33059573356863	4.03129160436989	5.54711686584928e-05	0.00146800189536013
SA150_0628	cds	23.4419303663229	2.62522120196196	0.533355595520294	4.92208429800202	8.56273129486059e-07	4.70171791099618e-05
SA150_0629	cds	0.534814438381031	1.88877617224158	2.39751392382222	0.787806132625253	0.43081011335998	NA
SA150_0630	cds	10.7998196264144	1.22818415178312	0.631923797020671	1.94356369798642	0.0519480870537314	0.251809727035554
SA150_0631	cds	0.544342454927148	-0.113592070127868	2.46917117775878	-0.04600412930098	0.963306958689773	NA
SA150_0632	cds	1.45027862731981	-1.55259507810433	1.55746026290794	-0.996876206141831	0.318824602356931	NA
SA150_0633	cds	14.3781446725269	1.405430427486	0.556382296734431	2.52601571929027	0.0115364319253323	0.0981409138436721
SA150_0634	cds	21.4455302339496	1.26533925799562	0.459775380817378	2.75208136578808	0.00592178056486091	0.0701324600230586
SA150_0635	cds	5.23790965567159	1.44352388816195	0.933201718841938	1.54685086730583	0.121899210997904	0.386468635022375
SA150_0636	cds	5.43480460440777	1.56826987431225	0.953084337227115	1.64546810083454	0.0998733157250492	0.370533470963892
SA150_0637	cds	0.569015297248714	-0.267439318250685	2.63289476630565	-0.101576151722138	0.919093109689277	NA
SA150_0638	cds	0.974074359229928	-0.154488492315915	1.84049597215164	-0.0839385114955232	0.933105319843154	NA
SA150_0639	cds	0.669273580099621	-1.45642978809598	2.24745132903543	-0.648036186270186	0.516961545865127	NA
SA150_0640	cds	0	NA	NA	NA	NA	NA
SA150_0641	cds	0	NA	NA	NA	NA	NA
SA150_0642	cds	0.0776662033833809	-0.465079868291158	4.0804728567969	-0.113976954292556	0.909256062186082	NA
SA150_0643	cds	0.379482031614269	1.37934982819988	2.69903613049879	0.511052746798531	0.609314122580524	NA
SA150_0644	cds	0.855686299704152	-1.00761033444755	2.12292576522496	-0.474632863264901	0.635048678219656	NA
SA150_0645	cds	0.641148828988509	0.335939836895214	2.3135944494248	0.145202560015967	0.88455094475631	NA
SA150_0646	cds	0.9142964699953	2.65637226611482	1.98655442203941	1.33717568300382	0.181165297438682	NA
SA150_0647	cds	9.77093845574395	-0.0090638613732121	0.592448923944552	-0.0152989751637398	0.987793660089158	0.993552479756511
SA150_0648	cds	3.69892887085398	2.6540817341494	1.30165842150765	2.03900016340331	0.0414500112440593	0.235894060987576
SA150_0649	cds	2.79079701469565	0.632511582469234	1.20444018826395	0.525149848562362	0.599479025330305	NA
SA150_0650	cds	1.07101632842179	-1.18122379049932	1.84975069901263	-0.638585400254123	0.523092681503759	NA
SA150_0651	cds	2.53198324137216	-0.238317905777604	1.16138702067846	-0.205201109995515	0.837415002246876	NA
SA150_0652	cds	0.837746528010652	0.915763971249502	2.11575241842734	0.432831347975109	0.665137297659915	NA
SA150_0653	cds	0.933572235803777	1.33463417063852	1.93831993151522	0.688552054249999	0.491105202006938	NA
SA150_0654	cds	1.76821994759439	-0.0459239808038945	1.49961337327788	-0.0306238805429649	0.975569497159983	NA
SA150_0655	cds	9.13853274466246	0.00747877628405983	0.612795423748173	0.0122043605324527	0.990262570883146	0.993552479756511
SA150_0656	cds	0.224149624847507	0.58620110290343	3.59405476673251	0.163102996740467	0.870437340337058	NA
SA150_0657	cds	0.39862220229225	1.44100982488359	2.65794118908245	0.542152637087143	0.587713360036441	NA
SA150_0658	cds	1.34104342339866	2.00321774662161	1.73701952112055	1.15324999072511	0.248807790051885	NA
SA150_0659	cds	18.216361682235	0.414085761093095	0.462578384097251	0.89516885208808	0.370696832552758	0.658461035818964
SA150_0660	cds	7.6670549136205	-0.309474087599629	0.668499620720438	-0.462938314409379	0.643408583195555	0.852234175987094
SA150_0661	cds	0.411135169737785	-1.42686066762455	2.94786477782286	-0.484031926552056	0.628363211167821	NA
SA150_0662	cds	0.292203674099024	-2.38864132792654	3.54415978309543	-0.673965473938176	0.500333264330309	NA
SA150_0663	cds	0.0776662033833809	-0.465079868291158	4.0804728567969	-0.113976954292556	0.909256062186082	NA
SA150_0664	cds	0.351492875633653	1.2264474752746	3.01781463416912	0.406402521012453	0.684446867653026	NA
SA150_0665	cds	0.174472577444743	0.302687362968557	3.95709083907654	0.0764923968839682	0.939027362662346	NA
SA150_0666	cds	1.20002693608254	-0.207589846341108	1.74494544959202	-0.118966381665194	0.905301990132128	NA
SA150_0667	cds	0	NA	NA	NA	NA	NA
SA150_0668	cds	0.594592327615659	-2.28692391026512	2.4661673727778	-0.927319019588363	0.353760922105333	NA
SA150_0669	cds	0.885011449799745	-0.459338224673569	1.99539438375517	-0.230199216963382	0.817936970293579	NA
SA150_0670	cds	2.34137384423902	-0.142531144943302	1.18484359706136	-0.120295324460382	0.904249207757922	NA
SA150_0671	cds	10.6676470777289	-0.255103780277012	0.624881035494476	-0.408243754869509	0.683094727843675	0.863945691105076
SA150_0672	cds	0.252138780828124	0.818407942809024	3.39897213417746	0.240781009817569	0.809724848643548	NA
SA150_0673	cds	0	NA	NA	NA	NA	NA
SA150_0674	cds	1.64334793932955	-0.661201874620067	1.39454836014309	-0.474133342032129	0.635404823621815	NA
SA150_0675	cds	0.688413750777602	-1.37095863729972	2.33102324283302	-0.588135979130573	0.556441025020303	NA
SA150_0676	cds	1.39326819154559	2.0309485010635	1.75638565955595	1.15632263905922	0.247549211562187	NA
SA150_0677	cds	1.68037642415628	1.23270823141545	1.53691425059431	0.802067018988714	0.422514191773484	NA
SA150_0678	cds	0	NA	NA	NA	NA	NA
SA150_0679	cds	0.127343250786145	-0.465079868291158	4.0804728567969	-0.113976954292556	0.909256062186082	NA
SA150_0680	cds	80.4484701371396	-0.938998499264903	0.21317661264335	-4.40479134939569	1.05885743761371e-05	0.000397231233562818
SA150_0681	cds	18.0840691967601	0.980732663838961	0.485683295186991	2.01928432284535	0.0434576763684855	0.236472401140227
SA150_0682	cds	2.73342359171181	1.28740181040652	1.21670521600633	1.05810494889817	0.29000759845314	NA
SA150_0683	cds	0.271278951506105	0.91026159246763	3.30825804380472	0.275148304761852	0.78320230137033	NA
SA150_0684	cds	0	NA	NA	NA	NA	NA
SA150_0685	cds	0.391994999059804	-1.42686038851889	2.99387508388092	-0.476593160550063	0.633651854632182	NA
SA150_0686	cds	4.3442733217801	0.657999699400849	0.9442361656311	0.696859242794477	0.485890886508182	0.75058336432466
SA150_0687	cds	8.20933136511784	0.523563369037656	0.697429366598686	0.750704507312385	0.45283050982089	0.723570444264068
SA150_0688	cds	3.9279803027781	-0.842747454866008	0.910523715867375	-0.925563431440331	0.354672904935962	0.64915889267067
SA150_0689	cds	0.937100622816181	1.10617738535013	1.96662062398909	0.562476245726726	0.573791583612233	NA
SA150_0690	cds	3.48594750438314	-0.654771034138893	1.00058808629784	-0.65438619858201	0.512863023856817	0.770570314451536
SA150_0691	cds	2.18023215148202	1.66443751006497	1.47436034403769	1.12892178414589	0.258930830282168	NA
SA150_0692	cds	25.6330470893895	2.03560863769961	0.461048480449604	4.41517264239659	1.00929408089494e-05	0.000397231233562818
SA150_0693	cds	2.4995556067747	0.54289260230546	1.25294872274826	0.43329195556755	0.664802681556715	NA
SA150_0694	cds	6.80134425030734	0.28082677196257	0.715998326476887	0.39221707869681	0.694897826097543	0.865398529820445
SA150_0695	cds	5.28493867993151	1.43882830393381	0.939289271268321	1.53182661395776	0.125565226706492	0.387726140901116
SA150_0696	cds	20.9652508406305	1.95392029612104	0.492229409105907	3.96953180767921	7.20139936039392e-05	0.00173985808547117
SA150_0697	cds	1.84290120007835	0.14185050425873	1.4209002689025	0.0998314289631987	0.920478155978281	NA
SA150_0698	cds	3.15297051659698	0.943402545583342	1.10237018255866	0.855794687219907	0.392111354408663	NA
SA150_0699	cds	35.4892164311245	3.84475480285164	0.593162901028491	6.48178568852702	9.0643334229936e-11	1.09497147749763e-08
SA150_0700	cds	94.7422453260219	1.34635600265231	0.239637249837383	5.61830852075767	1.92835941096463e-08	1.29414342691404e-06
SA150_0701	cds	51.9574556897408	0.865687321577727	0.302053805894721	2.8660036876988	0.0041568940336231	0.0534205105597522
SA150_0702	cds	58.587348514477	0.774037751800199	0.298694912584556	2.59139918086513	0.0095586544723427	0.0891722857182162
SA150_0703	cds	57.235132751835	0.646915343943086	0.262494433707002	2.46449166486013	0.0137207754767648	0.110497978506213
SA150_0704	cds	97.5873532398059	-0.147269066469691	0.199890545227419	-0.736748535565505	0.461275285187684	0.729549841412685
SA150_0705	cds	0.544342454927148	-0.113592070127868	2.46917117775878	-0.04600412930098	0.963306958689773	NA
SA150_0706	cds	2.26478377235433	0.181349615425964	1.27112356678549	0.142668753978478	0.886551794943195	NA
SA150_0707	cds	2.86528355514148	2.20090547045217	1.37902470478723	1.59598697747169	0.110491700834566	NA
SA150_0708	cds	10.1581488427675	0.929902780081213	0.621285891885077	1.49673892845006	0.134461202750096	0.4038368428257
SA150_0709	cds	1.93251520498441	1.51313904101714	1.48846011521736	1.01658017272178	0.309353190280111	NA
SA150_0710	cds	0	NA	NA	NA	NA	NA
SA150_0711	cds	0.407606782725381	-0.504806469405644	2.7495205503951	-0.183597998324873	0.854328833534249	NA
SA150_0712	cds	0	NA	NA	NA	NA	NA
SA150_0713	cds	0.280263531939236	-1.42685805155375	3.35444699992064	-0.425363122919367	0.670571984467538	NA
SA150_0714	cds	1.38928901145599	0.791225261758213	1.70626914369125	0.463716562351072	0.642850829402187	NA
SA150_0715	cds	1.97030356777213	-0.677584343490408	1.3026766682446	-0.520147754241638	0.602960596556513	NA
SA150_0716	cds	0.299403702617217	-1.42685857168756	3.27762896965329	-0.435332548283674	0.663321062787154	NA
SA150_0717	cds	0.681433454975653	0.687980640368832	2.30876931019736	0.29798587382904	0.765713945190466	NA
SA150_0718	cds	50.7236149056527	-0.897097639110737	0.26913408391517	-3.33327398024213	0.000858303762557041	0.0157095597752865
SA150_0719	cds	0.0776662033833809	-0.465079868291158	4.0804728567969	-0.113976954292556	0.909256062186082	NA
SA150_0720	cds	0	NA	NA	NA	NA	NA
SA150_0721	cds	0.193612748122724	0.411198695872968	4.04148449848246	0.101744469396671	0.918959503798801	NA
SA150_0722	cds	0.579667234556452	-1.29812414673257	2.46090358898905	-0.527498985551826	0.597847120716676	NA
SA150_0723	cds	0.758964063228538	2.37927710214117	2.09819053936969	1.13396617585356	0.256808736408121	NA
SA150_0724	cds	0	NA	NA	NA	NA	NA
SA150_0725	cds	0.0968063740613619	-0.465079868291158	4.0804728567969	-0.113976954292556	0.909256062186082	NA
SA150_0726	cds	51.0937547883257	-0.636963342667733	0.284352404886487	-2.24004907896597	0.0250877368144845	0.181551112126956
SA150_0727	cds	0.407606782725381	-0.504806469405644	2.7495205503951	-0.183597998324873	0.854328833534249	NA
SA150_0728	cds	0.0776662033833809	-0.465079868291158	4.0804728567969	-0.113976954292556	0.909256062186082	NA
SA150_0729	cds	0	NA	NA	NA	NA	NA
SA150_0730	cds	3.13806715334764	-0.106212860890359	1.051152959141	-0.101044153438102	0.919515410138636	NA
SA150_0731	cds	36.9315928706942	-0.0900374495272356	0.333539480423712	-0.269945403203413	0.787202256611633	0.902220423137431
SA150_0732	cds	0.193612748122724	0.411198695872968	4.04148449848246	0.101744469396671	0.918959503798801	NA
SA150_0733	cds	0.202597328555855	-2.38863321993365	4.0804728567969	-0.585381475079504	0.558291242052261	NA
SA150_0734	cds	0	NA	NA	NA	NA	NA
SA150_0735	cds	0.252138780828124	0.818407942809024	3.39897213417746	0.240781009817569	0.809724848643548	NA
SA150_0736	cds	0.419546924885169	-1.42686077097879	2.93064365392048	-0.486876242722312	0.626346035734992	NA
SA150_0737	cds	1.20181148799748	-1.68996298872853	1.70027773465026	-0.993933493504313	0.320255246880195	NA
SA150_0738	cds	1.67078599983429	-2.40691658656572	1.61132255253767	-1.49375218684494	0.13524040276841	NA
SA150_0739	cds	0.591607376716241	-2.25183303981483	2.47110451166516	-0.911265804090747	0.362155339481439	NA
SA150_0740	cds	0.174472577444743	0.302687362968557	3.95709083907654	0.0764923968839682	0.939027362662346	NA
SA150_0741	cds	0.839177987356086	2.49947576874329	2.0704084436787	1.20723800966645	0.227340496280338	NA
SA150_0742	cds	0.301815828230888	1.03511020641105	2.9526620728027	0.350568463606305	0.725912119147978	NA
SA150_0743	cds	0.411135169737785	-1.42686066762455	2.94786477782286	-0.484031926552056	0.628363211167821	NA
SA150_0744	cds	2.24828620073354	0.842933668447373	1.31759477473205	0.639751830086601	0.522333953545421	NA
SA150_0745	cds	2.81785259345813	1.48425559779931	1.24271858200468	1.19436179622018	0.232336474272108	NA
SA150_0746	cds	1.6649002356212	0.116915774360117	1.40787122569563	0.0830443667192281	0.933816261883728	NA
SA150_0747	cds	7.47772734910678	-0.812336130528862	0.728100514744997	-1.11569228983908	0.264553872018832	0.56066855683991
SA150_0748	cds	0.0968063740613619	-0.465079868291158	4.0804728567969	-0.113976954292556	0.909256062186082	NA
SA150_0749	cds	0.329804984211505	1.20856125002957	3.06240819108155	0.394644075714393	0.693105580552141	NA
SA150_0750	cds	0.224149624847507	0.58620110290343	3.59405476673251	0.163102996740467	0.870437340337058	NA
SA150_0751	cds	0.751899629840841	0.630772061357356	2.24299884195997	0.281218184136991	0.778543058294621	NA
SA150_0752	cds	1.99899677567434	1.2900279539643	1.49265721596118	0.864249299953043	0.387450955089929	NA
SA150_0753	cds	0.752336859996092	0.650255959856449	2.22335400440298	0.29246622830585	0.769930177532706	NA
SA150_0754	cds	1.20837957432229	1.64456582158443	1.81488643585341	0.9061535692238	0.364854574673147	NA
SA150_0755	cds	16.1331833209866	-1.79284397541837	0.482907518377412	-3.71260315317184	0.000205138409322922	0.00476552304734789
SA150_0756	cds	2.24158251927824	-0.238674932597054	1.23416611549766	-0.193389633372661	0.846653833562583	NA
SA150_0757	cds	4.87116469271375	-0.047347634486414	0.8313584169225	-0.056952132224371	0.954583326159814	0.977234455933098
SA150_0758	cds	5.97602984302471	0.873422673782535	0.792850987455309	1.10162273567423	0.270625719858812	0.567431436828854
SA150_0759	cds	10.7598864504883	0.36711819712326	0.589140682806974	0.62314181966541	0.533191330364251	0.790291381658741
SA150_0760	cds	4.90503195354456	-1.3790498221854	0.842849466305802	-1.63617570789925	0.101802818956061	0.372798107871736
SA150_0761	cds	15.5455583763767	-0.0919398651753536	0.48802608592453	-0.188391292652277	0.850569924949948	0.918289701052436
SA150_0762	cds	0	NA	NA	NA	NA	NA
SA150_0763	cds	1.23395660468923	0.503106751456832	1.77130974191972	0.284030928950672	0.776386678417901	NA
SA150_0764	cds	1.58589803812285	-0.20421576053057	1.56320772533281	-0.130638914599205	0.89606095711622	NA
SA150_0765	cds	0.47387628006196	-0.0393852545023831	2.57501286481975	-0.015295168051574	0.987796697369793	NA
SA150_0766	cds	0.867083005750955	-0.983440498401705	2.11548044667969	-0.464878084760955	0.642018765330688	NA
SA150_0767	cds	2.26253226254927	1.55813171751422	1.4305903423328	1.08915296811906	0.276086435158547	NA
SA150_0768	cds	5.46560631597698	1.59024703287623	0.917885022794075	1.73251223561254	0.0831824004770055	0.33719577106115
SA150_0769	cds	0.382029752358436	1.33885287931481	3.18780448525787	0.419992156202297	0.674491183798962	NA
SA150_0770	cds	0.224149624847507	0.58620110290343	3.59405476673251	0.163102996740467	0.870437340337058	NA
SA150_0771	cds	0.855142863591167	-0.465505741963939	2.01483783015407	-0.231038813644045	0.817284648695504	NA
SA150_0772	cds	2.17182476482929	-1.38220007674316	1.39424423287779	-0.991361516260485	0.32150908465483	NA
SA150_0773	cds	4.01593769153683	-0.786254175642791	0.911036018516247	-0.863033030157599	0.388119306775145	0.668699786615051
SA150_0774	cds	0.0968063740613619	-0.465079868291158	4.0804728567969	-0.113976954292556	0.909256062186082	NA
SA150_0775	cds	2.73707683312743	1.28531683588705	1.22020294062653	1.05336316861119	0.292174577831838	NA
SA150_0776	cds	4.84734282508898	0.0336337629214469	0.866223304055438	0.0388280513396282	0.969027479958093	0.982034560225987
SA150_0777	cds	0.849143234057454	0.936317923826969	2.02944193532122	0.461367190423592	0.644535186590501	NA
SA150_0778	cds	4.73169791537439	0.252758261947084	0.868065667628991	0.291174125844027	0.770918150228822	0.900647123284737
SA150_0779	cds	1.37033918432149	3.22698783194795	1.7608359103779	1.83264540036294	0.0668553218621023	NA
SA150_0780	cds	0.49721312826855	-0.508550929434136	2.59150189375353	-0.196237915418827	0.844423952741646	NA
SA150_0781	cds	5.62153032553324	-1.04810106371004	0.784990155662188	-1.33517733458187	0.181818313206734	0.471323009342779
SA150_0782	cds	0.504413156786743	0.0672511964624482	2.39625187904788	0.0280651617012689	0.977610180056631	NA
SA150_0783	cds	2.26541134605306	1.63985786638974	1.43903451156086	1.13955423112894	0.254472062572054	NA
SA150_0784	cds	8.9767043612991	0.306548368432036	0.632975105818776	0.484297669235356	0.628174629841367	0.841752962302233
SA150_0785	cds	2.05046603435493	1.76780732566906	1.50060286121514	1.17806474408395	0.238770796001616	NA
SA150_0786	cds	2.92654765213453	4.32167120906686	1.47618737568344	2.92758987121538	0.00341600320195332	NA
SA150_0787	cds	1.02961544103591	0.104999668211209	1.80867710123866	0.0580532965996535	0.953706175526098	NA
SA150_0788	cds	0.290419122184086	0.995671580195601	3.52604995567055	0.282375914327128	0.777655281421845	NA
SA150_0789	cds	1.06789578239187	0.178711253411057	1.77333736284208	0.100776793607191	0.919727649057309	NA
SA150_0790	cds	1.46230290706535	0.627846633289537	1.58557403236922	0.395974341451208	0.692123956983715	NA
SA150_0791	cds	0.962104827897379	1.24080327921973	1.94198979202653	0.638933986323846	0.522865877359796	NA
SA150_0792	cds	5.17902723952844	0.201886004797913	0.841251372927998	0.239982972146891	0.810343457188951	0.910623067892906
SA150_0793	cds	0.830682094622955	-1.43855328875232	2.11101718634855	-0.681450297067738	0.49558660636693	NA
SA150_0794	cds	1.63436335889642	0.0827020438055238	1.43143287819031	0.0577757050753786	0.953927290386199	NA
SA150_0795	cds	9.49516553814372	1.35553157478685	0.675906097984035	2.00550280405796	0.0449093212738823	0.242189554012722
SA150_0796	cds	0.927488468684316	-0.874392391611527	1.98916835610283	-0.439576865843892	0.660243599118064	NA
SA150_0797	cds	4.62290739146753	-1.05672175970215	0.85537355908572	-1.23539212602228	0.216684601832666	0.507393503072346
SA150_0798	cds	3.94586095756397	-0.761494741012935	0.926715881676477	-0.821713273797953	0.411240102747625	0.68955183367473
SA150_0799	cds	5.36188726847135	0.260008157596805	0.844656393744802	0.307827134823491	0.758213872896422	0.896958898310409
SA150_0800	cds	12.6250640634139	-0.416467047888038	0.517282681665012	-0.805105337274249	0.420758896122102	0.698021561432589
SA150_0801	cds	17.7016688198645	-0.512280945336775	0.445277386410476	-1.1504759975943	0.249947874593637	0.548976422743844
SA150_0802	cds	0.292203674099024	-2.38864132792654	3.54415978309543	-0.673965473938176	0.500333264330309	NA
SA150_0803	cds	2.4071546538756	2.04735139551308	1.44156154396862	1.42023169533	0.155540239090465	NA
SA150_0804	cds	1.67505582586605	0.947724395385196	1.53897055766502	0.615817106223993	0.53801523601418	NA
SA150_0805	cds	22.7016596582192	0.341719931764645	0.396352630305721	0.862161382658327	0.388598717056097	0.668699786615051
SA150_0806	cds	0.0776662033833809	-0.465079868291158	4.0804728567969	-0.113976954292556	0.909256062186082	NA
SA150_0807	cds	0.174472577444743	0.302687362968557	3.95709083907654	0.0764923968839682	0.939027362662346	NA
SA150_0808	cds	0.876695159882819	1.03146173684765	1.99286316066157	0.517577803237245	0.604752871962203	NA
SA150_0809	cds	4.61791070607789	1.29283561326299	0.974610542167407	1.3265151127833	0.184669132633542	0.472893295935269
SA150_0810	cds	9.20082896546849	-0.208695455944595	0.626092208473078	-0.333330223759795	0.738885027366541	0.889017044879264
SA150_0811	cds	16.0718946607534	-0.913693954839179	0.457583110362606	-1.99678251698393	0.045848813581447	0.242962341372048
SA150_0812	cds	0	NA	NA	NA	NA	NA
SA150_0813	cds	0.332352704955672	1.15287712058635	3.076590482371	0.374725569487517	0.707864573922257	NA
SA150_0814	cds	9.01447065571483	0.248953844646011	0.632751126391017	0.393446703233787	0.693989580981214	0.865398529820445
SA150_0815	cds	1.21016412623722	0.0887731137724302	1.69599980052955	0.0523426439936563	0.958255674874654	NA
SA150_0816	cds	4.21848356254794	0.192833028163166	0.905243728816327	0.21301780064835	0.831313078404334	0.918289701052436
SA150_0817	cds	0.801404733790288	-1.75725612825417	2.30422722482553	-0.762622761037479	0.445688406318755	NA
SA150_0818	cds	111.567346900142	1.13254033547027	0.200539891977281	5.64745659481343	1.62838930406598e-08	1.22943392456982e-06
SA150_0819	cds	0.928747984576434	-1.10349991286789	2.03281496675224	-0.542843264594275	0.587237721953568	NA
SA150_0820	cds	0.0776662033833809	-0.465079868291158	4.0804728567969	-0.113976954292556	0.909256062186082	NA
SA150_0821	cds	0.0968063740613619	-0.465079868291158	4.0804728567969	-0.113976954292556	0.909256062186082	NA
SA150_0822	cds	1.02241541251772	-0.318813724718806	1.98303331452396	-0.160770735611842	0.872273974965776	NA
SA150_0823	cds	1.745551389904	0.208845970563923	1.4345296635617	0.145584978734697	0.884249026864817	NA
SA150_0824	cds	8.17415030865549	1.52399727224956	0.730387895570188	2.08655877444386	0.0369280371183733	0.222297551741154
SA150_0825	cds	0.40519465711171	-3.014987847878	3.13220947522634	-0.962575418957294	0.335760638169222	NA
SA150_0826	cds	0.938885174731119	-0.853264448837512	1.98348703951881	-0.430184030365287	0.667061777794777	NA
SA150_0827	cds	0.438008064319669	1.6001475477413	2.76641004349398	0.578420235100183	0.562980435644762	NA
SA150_0828	cds	1.41925306289503	1.99452036292782	1.71947694008698	1.15995761061322	0.246066065059635	NA
SA150_0829	cds	0.846921451987265	2.51486619379061	2.06658245261063	1.21692032689704	0.223634530920688	NA
SA150_0830	cds	2.431809096107	1.68565663535961	1.42617496953878	1.1819423782937	0.237228565233668	NA
SA150_0831	cds	0	NA	NA	NA	NA	NA
SA150_0832	cds	0	NA	NA	NA	NA	NA
SA150_0833	cds	0	NA	NA	NA	NA	NA
SA150_0834	cds	0	NA	NA	NA	NA	NA
SA150_0835	cds	0.0776662033833809	-0.465079868291158	4.0804728567969	-0.113976954292556	0.909256062186082	NA
SA150_0836	cds	2.05095472205493	-0.566122146760185	1.25583636817783	-0.45079292263339	0.652138802649391	NA
SA150_0837	cds	52.8762437915873	-0.673717416829468	0.275757486129733	-2.44315186610206	0.0145596091012658	0.11571057759427
SA150_0838	cds	12.9597741067188	0.456186030905352	0.530773778513099	0.859473563640058	0.390079299123489	0.669340615541441
SA150_0839	cds	0	NA	NA	NA	NA	NA
SA150_0840	cds	3.72253690932157	1.41382330986514	1.0660695490323	1.32620175780136	0.184772877219741	0.472893295935269
SA150_0841	cds	2.65543144965445	0.547008662804261	1.25737486068833	0.435040241304657	0.663533218307742	NA
SA150_0842	cds	1.5799168086793	1.11464777294372	1.66880121687821	0.667933221566594	0.504176219971344	NA
SA150_0843	cds	3.74196776479317	-1.55110588453969	1.04191730332612	-1.48870345044475	0.136565476014157	0.406332746367244
SA150_0844	cds	0.775692108292848	1.01510949824081	2.05427216044012	0.494145575152673	0.621203373132008	NA
SA150_0845	cds	0.592234950414974	2.01665222231318	2.33195757895292	0.864789411486074	0.387154383853616	NA
SA150_0846	cds	3.16119192820088	0.0078880476948953	1.03976635031497	0.00758636562195515	0.993947014058885	NA
SA150_0847	cds	0.360341860936288	1.31271272831644	2.96902478229738	0.44213599567892	0.658390798163206	NA
SA150_0848	cds	2.00575957403728	1.49900229159234	1.52814781093074	0.980927552210642	0.326628469377233	NA
SA150_0849	cds	3.51385804892349	2.63830854813306	1.36361896032864	1.93478429450498	0.0530167711589192	0.254143887142755
SA150_0850	cds	3.44235422409984	-0.0504753069008694	0.992775879743326	-0.0508425999571217	0.959450944896898	0.977253926623469
SA150_0851	cds	2.00587676907761	0.272571157073641	1.52354897171299	0.178905412385385	0.858011972885791	NA
SA150_0852	cds	0.886307314014684	2.59350662217973	1.99788976393709	1.29812298405739	0.194245077483332	NA
SA150_0853	cds	0.0776662033833809	-0.465079868291158	4.0804728567969	-0.113976954292556	0.909256062186082	NA
SA150_0854	cds	5.04089715651689	0.211966520592148	0.872315438428603	0.242992971641069	0.808010842127257	0.910519680307581
SA150_0855	cds	1.61218677977427	3.4810268618513	1.69706452982127	2.05120477193517	0.040247009392911	NA
SA150_0856	cds	0	NA	NA	NA	NA	NA
SA150_0857	cds	1.97459512361376	-0.123460746802894	1.39582461966374	-0.088450042407646	0.929518989026627	NA
SA150_0858	cds	1.38830834518776	1.04821747953133	1.6735735139351	0.626334888072314	0.531095307404517	NA
SA150_0859	cds	0.0776662033833809	-0.465079868291158	4.0804728567969	-0.113976954292556	0.909256062186082	NA
SA150_0860	cds	2.492491173387	-0.136436146374822	1.16398766731069	-0.117214426068661	0.906690135373343	NA
SA150_0861	cds	2.42583919430816	1.74444234420957	1.41864761742688	1.22965162227785	0.218827590100489	NA
SA150_0862	cds	1.16347202973388	-0.073032033469941	1.80227549360939	-0.0405221253514804	0.967676868046627	NA
SA150_0863	cds	1.81903224340348	-0.508811579038509	1.40916820072221	-0.361072282767762	0.718045412670842	NA
SA150_0864	cds	1.19876742019042	0.0712173428609509	1.7378673953084	0.0409797335822121	0.967312052546689	NA
SA150_0865	cds	0	NA	NA	NA	NA	NA
SA150_0866	cds	6.76193998818976	0.134338437304755	0.716507516131141	0.187490618423837	0.851275978679609	0.918289701052436
SA150_0867	cds	0.950164685737591	1.40517120461551	1.93194807103801	0.727333837632878	0.467021474241411	NA
SA150_0868	cds	1.80128281525347	2.39349247480903	1.61866124657279	1.47868646381495	0.139224131721669	NA
SA150_0869	cds	0.72856278163425	0.857300765630068	2.1072885149577	0.406826478455551	0.68413543782379	NA
SA150_0870	cds	0.301815828230888	1.03511020641105	2.9526620728027	0.350568463606305	0.725912119147978	NA
SA150_0871	cds	0	NA	NA	NA	NA	NA
SA150_0872	cds	0	NA	NA	NA	NA	NA
SA150_0873	cds	0	NA	NA	NA	NA	NA
SA150_0874	cds	0.368085325567467	1.34694128410555	2.94795185406356	0.456907490618914	0.647737539743956	NA
SA150_0875	cds	0	NA	NA	NA	NA	NA
SA150_0876	cds	1.07101632842179	-1.18122379049932	1.84975069901263	-0.638585400254123	0.523092681503759	NA
SA150_0877	cds	0.329940579342	-1.42685926045254	3.17304521806549	-0.449681351002761	0.652940220155972	NA
SA150_0878	cds	0.0968063740613619	-0.465079868291158	4.0804728567969	-0.113976954292556	0.909256062186082	NA
SA150_0879	cds	1.04697105979895	1.57994208619106	1.88611518231575	0.837669990149396	0.402216072309157	NA
SA150_0880	cds	2.1286756738513	1.67350154762493	1.43715231452769	1.16445663462952	0.244239007588976	NA
SA150_0881	cds	2.88338831113824	0.548407542456103	1.13707782839479	0.48229551993841	0.629596029373406	NA
SA150_0882	cds	2.01108017232751	1.72498443148474	1.50762197651776	1.14417570077417	0.252550778255933	NA
SA150_0883	cds	13.6763430533713	0.569367128235622	0.529558086092765	1.07517408040463	0.28229679763857	0.579956686305089
SA150_0884	cds	0.202597328555855	-2.38863321993365	4.0804728567969	-0.585381475079504	0.558291242052261	NA
SA150_0885	cds	1.45085911196845	-0.41105988033568	1.70905064077501	-0.240519426708898	0.809927604875387	NA
SA150_0886	cds	1.66306093529328	-1.48104849847915	1.49478295159964	-0.990811740857901	0.321777515180428	NA
SA150_0887	cds	1.09243302958294	1.44820336577061	1.8478604161838	0.783719026116396	0.433204996006142	NA
SA150_0888	cds	0.0776662033833809	-0.465079868291158	4.0804728567969	-0.113976954292556	0.909256062186082	NA
SA150_0889	cds	0.0776662033833809	-0.465079868291158	4.0804728567969	-0.113976954292556	0.909256062186082	NA
SA150_0890	cds	16.8224084484429	0.477876702690881	0.490121021022732	0.975017765395369	0.329551447735538	0.622894170145582
SA150_0891	cds	0.348945154889486	1.2797532951547	2.98183067994069	0.429183757402401	0.66778950240477	NA
SA150_0892	cds	1.71024501036486	1.22506178606025	1.5555146962452	0.787560406222703	0.430953881938352	NA
SA150_0893	cds	3.69248872029678	0.0758950148171106	0.973613373323588	0.0779519025689125	0.937866312700371	0.969411305078446
SA150_0894	cds	0	NA	NA	NA	NA	NA
SA150_0895	cds	16.3871276444752	-1.01024201443407	0.456961055094378	-2.21078361749103	0.0270508248372024	0.185777764366633
SA150_0896	cds	19.6492582927766	0.0196325896172077	0.422847044750591	0.0464295301597475	0.962967900222056	0.979179481033876
SA150_0897	cds	173.885441023237	-0.335725002545071	0.161418756160954	-2.07983886463797	0.0375403150291352	0.222297551741154
SA150_0898	cds	112.392490561065	-0.263097267715734	0.186413489164942	-1.41136389267914	0.1581373438727	0.442198868977366
SA150_0899	cds	11.8064500467184	-0.7554864809665	0.537765415051879	-1.40486252894046	0.160062160937209	0.445518641502647
SA150_0900	cds	3.15102867859314	-1.38641988693541	1.07237861562975	-1.29284551811138	0.196064493828389	NA
SA150_0901	cds	0.310664813533523	1.12608228044215	3.42354862489832	0.328922531507961	0.742214243367833	NA
SA150_0902	cds	0.252138780828124	0.818407942809024	3.39897213417746	0.240781009817569	0.809724848643548	NA
SA150_0903	cds	0	NA	NA	NA	NA	NA
SA150_0904	cds	0	NA	NA	NA	NA	NA
SA150_0905	cds	0.0776662033833809	-0.465079868291158	4.0804728567969	-0.113976954292556	0.909256062186082	NA
SA150_0906	cds	1.8434740253641	-0.60608849349232	1.45764512463303	-0.415799760346268	0.67755653424478	NA
SA150_0907	cds	0.853358311676229	1.20624372785471	1.98947322711994	0.606313124203701	0.544306845212631	NA
SA150_0908	cds	1.44696997302365	0.250372766434434	1.61810821187505	0.15473178159346	0.877032773639975	NA
SA150_0909	cds	0.769064905060402	-0.95527955200783	2.09777194646007	-0.455378170930276	0.648837196859112	NA
SA150_0910	cds	2.60558836235742	-0.494853077305573	1.12195422088393	-0.44106351943282	0.659167012693265	NA
SA150_0911	cds	1.20485118730988	1.8048988065298	1.78963032109874	1.00853164212243	0.313199305185264	NA
SA150_0912	cds	0.202597328555855	-2.38863321993365	4.0804728567969	-0.585381475079504	0.558291242052261	NA
SA150_0913	cds	0.441672046462569	-1.4268610468582	2.88417245639389	-0.494721126573069	0.620796986484186	NA
SA150_0914	cds	0.756000842138992	-2.4823164085549	2.42203256403562	-1.02488977456968	0.305415199968433	NA
SA150_0915	cds	0.0776662033833809	-0.465079868291158	4.0804728567969	-0.113976954292556	0.909256062186082	NA
SA150_0916	cds	0	NA	NA	NA	NA	NA
SA150_0917	cds	2.77710537807551	-0.562638697856371	1.09185011591901	-0.515307632112854	0.606338066542547	NA
SA150_0918	cds	0.546890175671315	-0.264572176132473	2.66449550012882	-0.0992954111274279	0.920903721802432	NA
SA150_0919	cds	4.15632660515422	-0.755007664895669	0.899845211764027	-0.839041709646459	0.401445904290027	0.680656728932135
SA150_0920	cds	9.82244455345634	-1.09577515479983	0.606068769058305	-1.80800465350231	0.0706057763229368	0.311283860577035
SA150_0921	cds	94.6332515275754	-0.33498957780374	0.207080700698405	-1.61767647431145	0.10573233856175	0.378055163935789
SA150_0922	cds	0	NA	NA	NA	NA	NA
SA150_0923	cds	2.84590748693433	3.14835907981426	1.47717498063879	2.13133793970216	0.0330613115991315	NA
SA150_0924	cds	1.89741015807135	3.70118128188855	1.61340306978705	2.29402147002055	0.0217892655269627	NA
SA150_0925	cds	3.79804706813034	3.61134503489044	1.40844331259234	2.56406843115575	0.0103453145563765	0.0918907351772263
SA150_0926	cds	16.4394838099104	0.958461224757427	0.490753808816533	1.95303878958939	0.0508149990452795	0.251809727035554
SA150_0927	cds	1.6027102207729	1.13186685712951	1.55369714054986	0.728499028278403	0.466308163283875	NA
SA150_0928	cds	1.36606935828973	-0.553743270689706	1.59463327426812	-0.347254305817653	0.728400275956558	NA
SA150_0929	cds	1.37910403203838	0.550926276793509	1.767896340247	0.311628156160184	0.755323133547861	NA
SA150_0930	cds	46.2222026773843	0.281922841599511	0.287164040625444	0.981748414548987	0.32622380745956	0.622894170145582
SA150_0931	cds	44.8255727084008	0.315231594867286	0.291969181156726	1.07967420951211	0.280287282484847	0.579772324043998
SA150_0932	cds	101.750062445993	0.651357962620626	0.218154764050424	2.98576089069534	0.00282873730670965	0.043809162391093
SA150_0933	cds	71.6376734648683	0.368371545299336	0.2308874311684	1.59545949918192	0.110609519893211	0.378665784623888
SA150_0934	cds	0.202597328555855	-2.38863321993365	4.0804728567969	-0.585381475079504	0.558291242052261	NA
SA150_0935	cds	0	NA	NA	NA	NA	NA
SA150_0936	cds	0.0968063740613619	-0.465079868291158	4.0804728567969	-0.113976954292556	0.909256062186082	NA
SA150_0937	cds	0.127343250786145	-0.465079868291158	4.0804728567969	-0.113976954292556	0.909256062186082	NA
SA150_0938	cds	0.314328795676423	-2.38864264359365	3.44927819898273	-0.692505070857467	0.488620202541567	NA
SA150_0939	cds	1.83709628258277	-1.04483203083214	1.34563001577298	-0.776463083154361	0.437475610019046	NA
SA150_0940	cds	7.30200491887078	0.983413996247014	0.739378514253788	1.33005487350348	0.183500192269608	0.472893295935269
SA150_0941	cds	1.50058324842131	0.67598463419706	1.59329661254024	0.42426791651764	0.671370434678672	NA
SA150_0942	cds	1.33572282510843	1.82746467261348	1.76460587538089	1.03562200381942	0.300378522475064	NA
SA150_0943	cds	1.11998495540831	1.51739937016567	1.84330665159431	0.823194213970442	0.410397558690549	NA
SA150_0944	cds	8.65274937989529	-0.610630831727045	0.627476515117693	-0.973153284649245	0.330477124593184	0.622894170145582
SA150_0945	cds	0.39862220229225	1.44100982488359	2.65794118908245	0.542152637087143	0.587713360036441	NA
SA150_0946	cds	2.8002257844341	2.04866335536132	1.36760377542201	1.49799480827636	0.134134599339733	NA
SA150_0947	cds	0.292203674099024	-2.38864132792654	3.54415978309543	-0.673965473938176	0.500333264330309	NA
SA150_0948	cds	0.466676251543767	-0.639106843580026	2.64243990811334	-0.241862394530795	0.808886789931406	NA
SA150_0949	cds	10.8751488784607	0.674317456008253	0.598636576510505	1.12642207721235	0.259986906358718	0.556851388087466
SA150_0950	cds	1.24535331073603	0.518198340455088	1.68327070336748	0.307852052209072	0.758194911752744	NA
SA150_0951	cds	17.077891283743	0.232855814663139	0.46665064832426	0.498993873681142	0.617783699940853	0.839456423256147
SA150_0952	cds	2.52688237579817	0.338041196890522	1.21733223912554	0.27769017037892	0.781250206852978	NA
SA150_0953	cds	3.44637458968048	1.11890061830625	1.07863176428743	1.03733327290377	0.299580564256946	0.601151697047161
SA150_0954	cds	4.24721748726762	0.395307407133817	0.916412392797588	0.431364100093668	0.666203648947364	0.859801290521812
SA150_0955	cds	1.57274616933387	0.239888932484946	1.5588045857532	0.153892883480988	0.877694195420264	NA
SA150_0956	cds	0.641148828988509	0.335939836895214	2.3135944494248	0.145202560015967	0.88455094475631	NA
SA150_0957	cds	0.850946186062557	-0.00373328061789263	2.08721068146008	-0.00178864579941736	0.99857286789286	NA
SA150_0958	cds	0	NA	NA	NA	NA	NA
SA150_0959	cds	0.0776662033833809	-0.465079868291158	4.0804728567969	-0.113976954292556	0.909256062186082	NA
SA150_0960	cds	0.644133779887928	0.274726248889475	2.32984707046219	0.117916000742047	0.906134214939468	NA
SA150_0961	cds	0.773279982679176	-0.280790342883107	2.18443074808825	-0.12854165467541	0.897720335958215	NA
SA150_0962	cds	0.0968063740613619	-0.465079868291158	4.0804728567969	-0.113976954292556	0.909256062186082	NA
SA150_0963	cds	3.35784437563601	1.59096899333667	1.16582250820386	1.36467513891785	0.172355176852882	NA
SA150_0964	cds	2.03955801600813	-0.57370498780558	1.26519022967516	-0.45345353951467	0.650222191287961	NA
SA150_0965	cds	0	NA	NA	NA	NA	NA
SA150_0966	cds	0.299403702617217	-1.42685857168756	3.27762896965329	-0.435332548283674	0.663321062787154	NA
SA150_0967	cds	0.0776662033833809	-0.465079868291158	4.0804728567969	-0.113976954292556	0.909256062186082	NA
SA150_0968	cds	0	NA	NA	NA	NA	NA
SA150_0969	cds	0.292203674099024	-2.38864132792654	3.54415978309543	-0.673965473938176	0.500333264330309	NA
SA150_0970	cds	0	NA	NA	NA	NA	NA
SA150_0971	cds	0	NA	NA	NA	NA	NA
SA150_0972	cds	0	NA	NA	NA	NA	NA
SA150_0973	cds	0.657333437939833	-0.777604666531292	2.3120427242615	-0.336327983203542	0.736623550211556	NA
SA150_0974	cds	1.04875561171389	0.142287774376066	1.77858043969978	0.0800007529600876	0.936236657116223	NA
SA150_0975	cds	4.73014716662268	-0.340467111787899	0.927047877695104	-0.367259469526422	0.713425483504993	0.872285408981814
SA150_0976	cds	0	NA	NA	NA	NA	NA
SA150_0977	cds	0.329940579342	-1.42685926045254	3.17304521806549	-0.449681351002761	0.652940220155972	NA
SA150_0978	cds	0.506825282400415	1.77985233141917	2.43044830724628	0.732314415456856	0.463976682669059	NA
SA150_0979	cds	3.49894170966964	0.630526652459612	1.03705701300332	0.607996131894047	0.543190039368111	0.795353616395393
SA150_0980	cds	2.54038366887483	0.552197406289845	1.19896334662772	0.460562374857404	0.6451126109771	NA
SA150_0981	cds	24.7391987710832	-0.02482800486869	0.385465786786698	-0.0644103983278517	0.948643450552837	0.972802451840261
SA150_0982	cds	3.18815970109579	1.08973390045	1.10189873774123	0.988960113234937	0.322682657234921	NA
SA150_0983	cds	3.8479861113668	-0.374188647083497	0.93526189328943	-0.400089696552727	0.689090452840474	0.865398529820445
SA150_0984	cds	38.0653739132977	-0.237275535150773	0.342674052686093	-0.692423407289987	0.48867147036121	0.752952979842273
SA150_0985	cds	27.1764640826463	-0.64739878410072	0.372054020995001	-1.7400666235762	0.0818473200592756	0.336241362326839
SA150_0986	cds	2.86574508894596	2.32339697572045	1.41822678245114	1.63824079792435	0.10137147206657	NA
SA150_0987	cds	3.93857641404644	1.98589483143217	1.1433016058478	1.73698245613812	0.0823902675900202	0.336241362326839
SA150_0988	cds	1.60257462564241	2.23111575775706	1.70058672879612	1.31196822836346	0.189530854770059	NA
SA150_0989	cds	0	NA	NA	NA	NA	NA
SA150_0990	cds	2.03186929978994	1.585560456988	1.45363360326567	1.0907566070473	0.275379994924583	NA
SA150_0991	cds	0.301815828230888	1.03511020641105	2.9526620728027	0.350568463606305	0.725912119147978	NA
SA150_0992	cds	0.0776662033833809	-0.465079868291158	4.0804728567969	-0.113976954292556	0.909256062186082	NA
SA150_0993	cds	0.0776662033833809	-0.465079868291158	4.0804728567969	-0.113976954292556	0.909256062186082	NA
SA150_0994	cds	0.0776662033833809	-0.465079868291158	4.0804728567969	-0.113976954292556	0.909256062186082	NA
SA150_0995	cds	0.155332406766762	0.190694617863238	4.05547473765639	0.0470215277369569	0.962496069851027	NA
SA150_0996	cds	0	NA	NA	NA	NA	NA
SA150_0997	cds	1.0272797936451	-0.547809061187751	1.89321914131546	-0.289353223424056	0.772311086903075	NA
SA150_0998	cds	19.7372342337724	-0.673948274154297	0.448723365819411	-1.50192373629486	0.133116805724706	0.4038368428257
SA150_0999	cds	0	NA	NA	NA	NA	NA
SA150_1000	cds	0	NA	NA	NA	NA	NA
SA150_1001	cds	0.202597328555855	-2.38863321993365	4.0804728567969	-0.585381475079504	0.558291242052261	NA
SA150_1002	cds	0	NA	NA	NA	NA	NA
SA150_1003	cds	0	NA	NA	NA	NA	NA
SA150_1004	cds	4.22885181306358	0.311417776571878	0.960960922766981	0.324069136625436	0.745885692494493	0.892559238102576
SA150_1005	cds	4.04699264513437	-2.60255114968802	1.00687360190428	-2.58478437091397	0.00974399148576535	0.0891722857182162
SA150_1006	cds	2.23190050751146	0.694704979318373	1.37327690073668	0.505873927498311	0.612945156493092	NA
SA150_1007	cds	0.252138780828124	0.818407942809024	3.39897213417746	0.240781009817569	0.809724848643548	NA
SA150_1008	cds	0.193612748122724	0.411198695872968	4.04148449848246	0.101744469396671	0.918959503798801	NA
SA150_1009	cds	0	NA	NA	NA	NA	NA
SA150_1010	cds	13.8212543736874	-0.302478501252931	0.493394326030237	-0.61305630262638	0.539839112209002	0.793340203830261
SA150_1011	cds	17.6141788852854	-0.188351043396003	0.452026040550223	-0.416681842414953	0.676911137317754	0.861637270456897
SA150_1012	cds	0.803130168797589	-1.67124155894239	2.22918128503479	-0.749710923091794	0.453428827381856	NA
SA150_1013	cds	1.91829853234144	0.284348084534482	1.39742982541844	0.20347932995443	0.838760400044346	NA
SA150_1014	cds	4.13155084774316	1.62255976853487	1.04952617861895	1.54599265991627	0.122106340526097	0.386468635022375
SA150_1015	cds	8.02434941588149	-1.0487747391671	0.652535943214694	-1.60722907308423	0.108004126617637	0.378055163935789
SA150_1016	cds	10.8202559425125	-1.26323230427939	0.572599690140883	-2.20613515171232	0.0273745381268714	0.185777764366633
SA150_1017	cds	1.93853656432799	-1.04573979288851	1.32080432808783	-0.791744674551802	0.428509567568277	NA
SA150_1018	cds	6.46262479165294	-0.242753622276919	0.750231195052437	-0.323571752118294	0.746262276890399	0.892559238102576
SA150_1019	cds	1.02429484274568	-0.471928468863913	1.91527826455232	-0.246402038595797	0.805371028309365	NA
SA150_1020	cds	2.68694793705647	-1.49946668156227	1.1785324404942	-1.27231684936351	0.203260564314689	NA
SA150_1021	cds	3.5155856171482	-0.695300842772437	0.978284329401841	-0.710734928359293	0.477248510910939	0.744249336830363
SA150_1022	cds	11.9153354489383	-0.102554982194282	0.544018987666816	-0.188513608015997	0.850474049098375	0.918289701052436
SA150_1023	cds	35.3321822059986	-0.0297758027309127	0.327842274361912	-0.0908235607774079	0.927632788627159	0.9660175936738
SA150_1024	cds	1.21679132946967	1.68086427223911	1.80291340189038	0.932304496975121	0.351179184358123	NA
SA150_1025	cds	3.98802298800569	1.9392739099614	1.14751993394168	1.6899696925526	0.0910337530182299	0.35441241927592
SA150_1026	cds	3.02625920800421	-0.244270799423291	1.07483287250932	-0.227263982774376	0.82021847794871	NA
SA150_1027	cds	0.827018112480055	0.935874042865166	2.04217761654667	0.458272598466597	0.646756607905628	NA
SA150_1028	cds	0.332352704955672	1.15287712058635	3.076590482371	0.374725569487517	0.707864573922257	NA
SA150_1029	cds	2.56744361613196	-1.09469415601912	1.15365950052916	-0.948888433300291	0.342677357994322	NA
SA150_1030	cds	7.10535247143566	0.296414908610264	0.70278187887119	0.421773693263643	0.67319020899891	0.861637270456897
SA150_1031	cds	0.585607747182528	-0.0352753634677635	2.41817206691897	-0.0145876151454799	0.988361179885226	NA
SA150_1032	cds	0	NA	NA	NA	NA	NA
SA150_1033	cds	0.987274017281834	-0.829393355025347	1.86503120227501	-0.444707495517305	0.656531151828241	NA
SA150_1034	cds	0.787224409470146	-0.333491309996332	2.34088967408255	-0.142463488855807	0.886713916843136	NA
SA150_1035	cds	0.958598170694847	-2.93859788718351	2.11996520896438	-1.38615382684466	0.165699937128832	NA
SA150_1036	cds	0.796616830885767	-0.772723933622166	2.00052906036971	-0.38625978943758	0.699304277384718	NA
SA150_1037	cds	0.0968063740613619	-0.465079868291158	4.0804728567969	-0.113976954292556	0.909256062186082	NA
SA150_1038	cds	0.594019502329912	0.0655175623896309	2.2930953170373	0.028571669874709	0.977206207021506	NA
SA150_1039	cds	0.504413156786743	0.0672511964624482	2.39625187904788	0.0280651617012689	0.977610180056631	NA
SA150_1040	cds	4.13652580332292	-0.11548979591946	0.914683063477219	-0.126262090696661	0.899524463291586	0.948189835651166
SA150_1041	cds	0.47387628006196	-0.0393852545023831	2.57501286481975	-0.015295168051574	0.987796697369793	NA
SA150_1042	cds	0.202597328555855	-2.38863321993365	4.0804728567969	-0.585381475079504	0.558291242052261	NA
SA150_1043	cds	0.516926124232278	-3.24844548956419	2.68573423351805	-1.20951859235493	0.226463672583507	NA
SA150_1044	cds	0.574879331651931	-0.00646418760161199	2.43067114566719	-0.00265942499590484	0.997878088356373	NA
SA150_1045	cds	0	NA	NA	NA	NA	NA
SA150_1046	cds	2.41577848237633	1.84929634324198	1.42636529040054	1.29650963584698	0.194799962463718	NA
SA150_1047	cds	1.14556198577525	0.370941320881639	1.727727793966	0.214698937053125	0.830002051364171	NA
SA150_1048	cds	1.07329285890496	1.4189643929598	1.86082298686666	0.762546681212872	0.445733793242106	NA
SA150_1049	cds	1.43141293777106	3.27770971059799	1.73630096532216	1.88775435599083	0.0590589354143385	NA
SA150_1050	cds	5.8127559687204	-0.180565050496233	0.788571248956672	-0.228977471262275	0.81888642630599	0.913319884862803
SA150_1051	cds	0.299403702617217	-1.42685857168756	3.27762896965329	-0.435332548283674	0.663321062787154	NA
SA150_1052	cds	1.31118557791736	0.663563906647324	1.68943540415234	0.392772582494956	0.694487456592002	NA
SA150_1053	cds	0.504277561656247	1.81686251926275	2.59937387829294	0.69896159780444	0.484576030414445	NA
SA150_1054	cds	1.6099102492911	1.35233761812291	1.60730856640026	0.841367766210325	0.400141937556433	NA
SA150_1055	cds	0.728427186503755	2.33176735591926	2.13995180137408	1.08963545553783	0.275873758363289	NA
SA150_1056	cds	2.38793034561187	0.47345099407753	1.23582616978944	0.383104845690553	0.701642026891416	NA
SA150_1057	cds	1.03735890566709	0.127710827955649	1.87272277560621	0.0681952660688438	0.945630195330346	NA
SA150_1058	cds	5.15826526596155	-0.697959146838295	0.824015344727853	-0.847022026111431	0.39698284449949	0.675727551169249
SA150_1059	cds	0.951813642522033	1.25965275857037	2.04622194150397	0.615599282277526	0.538159025094726	NA
SA150_1060	cds	0.563482625605129	-0.0360201516738333	2.44449412275909	-0.0147352171308056	0.988243423197097	NA
SA150_1061	cds	0.980701562462374	1.44833866490337	1.89517442022849	0.764224468969324	0.444733487250991	NA
SA150_1062	cds	85.2461466015562	-0.228167240002245	0.23402857227734	-0.974954629607581	0.329582765872122	0.622894170145582
SA150_1063	cds	0.775692108292848	1.01510949824081	2.05427216044012	0.494145575152673	0.621203373132008	NA
SA150_1064	cds	2.66700775851746	3.07133971446158	1.52641938718372	2.01212048290888	0.0442072379884524	NA
SA150_1065	cds	3.45299105218565	2.5249294886948	1.30003603884311	1.94219961082133	0.0521129401977554	0.251809727035554
SA150_1066	cds	2.94204993897414	0.171659099610317	1.11005006581987	0.154640862512388	0.877104453843631	NA
SA150_1067	cds	4.31020582276568	-0.143046999351098	0.952396257650403	-0.150196935573854	0.880609243528585	0.938074044252673
SA150_1068	cds	4.16368391976131	1.40944580395978	1.05089930295373	1.34118064404297	0.179861809171696	0.468260916981485
SA150_1069	cds	8.25213692456738	0.0487748617696567	0.67185474128166	0.0725973320908796	0.942126549803059	0.969411305078446
SA150_1070	cds	24.8413569160273	0.190172785785471	0.384294134000684	0.494862577801233	0.620697127988711	0.839456423256147
SA150_1071	cds	0.320955998908869	1.11606791384077	3.11434426230997	0.358363693875306	0.720071157927944	NA
SA150_1072	cds	2.25478879791809	1.54678109814966	1.44735793784027	1.06869286284342	0.285208088600628	NA
SA150_1073	cds	2.01683034141011	0.588343598384004	1.35937812265808	0.432803491962618	0.665157536266942	NA
SA150_1074	cds	0.379482031614269	1.37934982819988	2.69903613049879	0.511052746798531	0.609314122580524	NA
SA150_1075	cds	11.6818095286366	0.756616034388457	0.583290437264324	1.29715144643386	0.19457908299618	0.481769323971701
SA150_1076	cds	1.05948402724449	0.101815279162599	1.86016795021005	0.0547344551071865	0.956350019289463	NA
SA150_1077	cds	0	NA	NA	NA	NA	NA
SA150_1078	cds	0.590928345472759	0.506685971253519	2.55530798304809	0.198287632886084	0.842820027115099	NA
SA150_1079	cds	8.35657205185214	0.822379524584095	0.672720622097696	1.22246813546421	0.221530646708846	0.512057419394935
SA150_1080	cds	0.389010048160386	-1.42686034984891	3.00019413923344	-0.475589339766351	0.634366971483449	NA
SA150_1081	cds	0.299403702617217	-1.42685857168756	3.27762896965329	-0.435332548283674	0.663321062787154	NA
SA150_1082	cds	0.360341860936288	1.31271272831644	2.96902478229738	0.44213599567892	0.658390798163206	NA
SA150_1083	cds	7.10496632141157	1.64111914153635	0.807672901672861	2.03191061398401	0.0421627058285722	0.235894060987576
SA150_1084	cds	18.3766583595218	-0.205217938477819	0.457199049201494	-0.448859066606188	0.653533326123902	0.856256245073399
SA150_1085	cds	0.127343250786145	-0.465079868291158	4.0804728567969	-0.113976954292556	0.909256062186082	NA
SA150_1086	cds	0.224149624847507	0.58620110290343	3.59405476673251	0.163102996740467	0.870437340337058	NA
SA150_1087	cds	0.0776662033833809	-0.465079868291158	4.0804728567969	-0.113976954292556	0.909256062186082	NA
SA150_1088	cds	2.98975905006854	1.34967649679949	1.19880555875756	1.12585104977181	0.260228571761587	NA
SA150_1089	cds	3.03648053574465	0.975756688334873	1.11467067035389	0.875376659928696	0.381368995046105	NA
SA150_1090	cds	3.9396481990859	-1.65590845195884	1.00040143723976	-1.65524397538623	0.0978750182515749	0.369478193899695
SA150_1091	cds	5.613495589191	0.848219475243158	0.843962803635165	1.00504367205481	0.314875821277363	0.615485424114976
SA150_1092	cds	7.26038324317766	0.169008348908418	0.689368132611503	0.245164145125437	0.806329337357334	0.910323214511832
SA150_1093	cds	6.53624558674216	1.60897192274786	0.851478917866878	1.88962038752369	0.0588087484975644	0.273234493019453
SA150_1094	cds	31.1781116984092	-0.66665318118356	0.383294189770207	-1.73927285874913	0.0819867790418359	0.336241362326839
SA150_1095	cds	0.0776662033833809	-0.465079868291158	4.0804728567969	-0.113976954292556	0.909256062186082	NA
SA150_1096	cds	30.4533182598416	0.12051423058905	0.342628475922117	0.351734426815254	0.725037439465511	0.882908494833001
SA150_1097	cds	2.99744776628673	-0.179057348562444	1.05715781709207	-0.169376176070834	0.865500761494501	NA
SA150_1098	cds	3.35372854482491	-0.120517193671307	1.00494757654594	-0.119923861188393	0.904543462387564	NA
SA150_1099	cds	1.1307133709389	1.50611227919162	1.87566771197991	0.802973932734495	0.421989801383864	NA
SA150_1100	cds	0.523553327464724	0.142295112455942	2.50132953137707	0.0568877913409528	0.954634579662376	NA
SA150_1101	cds	1.55366074706887	3.42377540257765	1.70945077449904	2.00285112250805	0.0451932707002063	NA
SA150_1102	cds	6.48018255027774	0.988711504666438	0.809621834565522	1.22120163075521	0.222009686960741	0.512057419394935
SA150_1103	cds	9.1365648083541	0.342666393157266	0.639435909083218	0.535888567235079	0.592035566350098	0.825914494518056
SA150_1104	cds	2.97285906155091	0.961113327891405	1.14440784857883	0.839834617601545	0.401001120825366	NA
SA150_1105	cds	4.8811846878281	0.482838515913013	0.849289670865757	0.568520414737662	0.569681647686023	0.815373732707009
SA150_1106	cds	3.52561327162545	0.818789456888202	1.06363326745658	0.769804294337403	0.441415991978132	0.716707685899978
SA150_1107	cds	1.18217497025661	-0.0419666931406313	1.8200293048895	-0.0230582513302879	0.981603807435897	NA
SA150_1108	cds	17.7807690343973	0.941391742439975	0.483537906122953	1.94688302720283	0.0515487599226216	0.251809727035554
SA150_1109	cds	1.4571255632685	1.12662672639647	1.67200091485769	0.673819443748545	0.500426111657628	NA
SA150_1110	cds	0.0776662033833809	-0.465079868291158	4.0804728567969	-0.113976954292556	0.909256062186082	NA
SA150_1111	cds	1.73238145958697	0.0440768950212669	1.48687625917706	0.0296439564148142	0.976351008553876	NA
SA150_1112	cds	7.03286361184912	0.151229864299701	0.731926923068025	0.206618802415122	0.836307574916033	0.918289701052436
SA150_1113	cds	30.4461622390091	0.305360474784261	0.341870282195068	0.893205670945172	0.371747041745475	0.658461035818964
SA150_1114	cds	17.0410619983249	0.719673805048882	0.46757635678594	1.53915781797828	0.123765772721973	0.387726140901116
SA150_1115	cds	8.414881681561	0.0672680038414591	0.666321287902498	0.100954306972858	0.919586732542417	0.960952225701765
SA150_1116	cds	0.829565833224222	0.877916932215842	2.14851777337824	0.40861515929442	0.68282210402405	NA
SA150_1117	cds	0.909607813898453	-1.18265488478677	1.95463865101801	-0.605050393417129	0.545145513577892	NA
SA150_1118	cds	1.32499440957783	1.83712902329562	1.75605422048095	1.04616873549181	0.295483134821036	NA
SA150_1119	cds	3.46674821679752	-0.0921573309035908	1.06450556119019	-0.0865728975624635	0.931011009607816	0.966811383723412
SA150_1120	cds	2.89951747146375	-0.668185317976417	1.12937301120956	-0.591642717989859	0.554089862025433	NA
SA150_1121	cds	3.08977553183122	1.56576166215833	1.24871832765956	1.25389499575376	0.209880174189469	NA
SA150_1122	cds	2.87998785989344	-0.660426981055073	1.0897169817927	-0.606053674568421	0.544479111607979	NA
SA150_1123	cds	1.27700644885955	-0.810700257695835	1.691568428829	-0.47925951080622	0.631754022560804	NA
SA150_1124	cds	16.7980367892886	0.677924544581371	0.475365310325024	1.4261127807535	0.15383579015028	0.437199694699214
SA150_1125	cds	17.9373703204464	0.959589047084309	0.483340603137415	1.98532678789143	0.0471081255359596	0.243190665159996
SA150_1126	cds	0.0776662033833809	-0.465079868291158	4.0804728567969	-0.113976954292556	0.909256062186082	NA
SA150_1127	cds	0.594592327615659	-2.28692391026512	2.4661673727778	-0.927319019588363	0.353760922105333	NA
SA150_1128	cds	1.34878688802984	2.01437792376841	1.74408596077435	1.15497628504162	0.248100138016396	NA
SA150_1129	cds	2.23688949468674	0.836182376323605	1.36187025924276	0.61399562157158	0.539218220517048	NA
SA150_1130	cds	0.224149624847507	0.58620110290343	3.59405476673251	0.163102996740467	0.870437340337058	NA
SA150_1131	cds	1.42645309141322	2.11268928402073	1.71674795439038	1.23063451371401	0.218459590682414	NA
SA150_1132	cds	0.584491485783796	1.99486761089392	2.31072451186175	0.863308283031391	0.38796799127355	NA
SA150_1133	cds	1.58674534453782	3.43302386212112	1.68276780383812	2.04010550611377	0.0413398184355109	NA
SA150_1134	cds	1.50715570324077	-1.05733763769038	1.47447561010024	-0.717094016643988	0.473316087421561	NA
SA150_1135	cds	1.94269252503913	0.237644151083171	1.45304870371656	0.1635486480772	0.870086473114968	NA
SA150_1136	cds	0.419546924885169	-1.42686077097879	2.93064365392048	-0.486876242722312	0.626346035734992	NA
SA150_1137	cds	0	NA	NA	NA	NA	NA
SA150_1138	cds	3.7844708431308	-0.494352201943765	0.997097901899365	-0.49579103616814	0.620041849815051	0.839456423256147
SA150_1139	cds	4.54650070397627	-1.18874429389872	0.875067750057756	-1.35845972362741	0.174317854387757	0.459961335400141
SA150_1140	cds	64.2760544422424	-0.720830930794419	0.244649194955481	-2.94638586865405	0.00321511043883919	0.0485481676264718
SA150_1141	cds	0.635284794585293	0.137897120798045	2.36510214487342	0.058304932451628	0.953505738672871	NA
SA150_1142	cds	0.837746528010652	0.915763971249502	2.11575241842734	0.432831347975109	0.665137297659915	NA
SA150_1143	cds	0.594019502329912	0.0655175623896309	2.2930953170373	0.028571669874709	0.977206207021506	NA
SA150_1144	cds	1.69710446922059	0.455595154272393	1.45290521813554	0.313575275651526	0.753843640217273	NA
SA150_1145	cds	0.348945154889486	1.2797532951547	2.98183067994069	0.429183757402401	0.66778950240477	NA
SA150_1146	cds	0.68241412124389	0.39541977718786	2.29530127494073	0.172273584084543	0.863222450704283	NA
SA150_1147	cds	0.965089778796797	1.2074043177394	1.93045107694992	0.625451912330811	0.531674500013814	NA
SA150_1148	cds	9.63179608201417	-0.264709403700259	0.61092756839056	-0.433290978172117	0.664803391531328	0.859801290521812
SA150_1149	cds	0	NA	NA	NA	NA	NA
SA150_1150	cds	0	NA	NA	NA	NA	NA
SA150_1151	cds	0.0968063740613619	-0.465079868291158	4.0804728567969	-0.113976954292556	0.909256062186082	NA
SA150_1152	cds	0.329940579342	-1.42685926045254	3.17304521806549	-0.449681351002761	0.652940220155972	NA
SA150_1153	cds	0	NA	NA	NA	NA	NA
SA150_1154	cds	0	NA	NA	NA	NA	NA
SA150_1155	cds	0	NA	NA	NA	NA	NA
SA150_1156	cds	0	NA	NA	NA	NA	NA
SA150_1157	cds	0	NA	NA	NA	NA	NA
SA150_1158	cds	0	NA	NA	NA	NA	NA
SA150_1159	cds	0.419546924885169	-1.42686077097879	2.93064365392048	-0.486876242722312	0.626346035734992	NA
SA150_1160	cds	0.0968063740613619	-0.465079868291158	4.0804728567969	-0.113976954292556	0.909256062186082	NA
SA150_1161	cds	0	NA	NA	NA	NA	NA
SA150_1162	cds	0	NA	NA	NA	NA	NA
SA150_1163	cds	0	NA	NA	NA	NA	NA
SA150_1164	cds	0.485816422221748	-0.545883800063058	2.76938934783167	-0.197113417978033	0.843738783392611	NA
SA150_1165	cds	0.202597328555855	-2.38863321993365	4.0804728567969	-0.585381475079504	0.558291242052261	NA
SA150_1166	cds	0	NA	NA	NA	NA	NA
SA150_1167	cds	0.0968063740613619	-0.465079868291158	4.0804728567969	-0.113976954292556	0.909256062186082	NA
SA150_1168	cds	1.99174199874316	-1.28485843020609	1.31870909585421	-0.974330452595993	0.329892488951411	NA
SA150_1169	cds	0.193612748122724	0.411198695872968	4.04148449848246	0.101744469396671	0.918959503798801	NA
SA150_1170	cds	0.127343250786145	-0.465079868291158	4.0804728567969	-0.113976954292556	0.909256062186082	NA
SA150_1171	cds	0.789416802367574	-1.498267009934	2.23694480906886	-0.66978273395921	0.502996301782989	NA
SA150_1172	cds	0.0776662033833809	-0.465079868291158	4.0804728567969	-0.113976954292556	0.909256062186082	NA
SA150_1173	cds	0.155332406766762	0.190694617863238	4.05547473765639	0.0470215277369569	0.962496069851027	NA
SA150_1174	cds	0.127343250786145	-0.465079868291158	4.0804728567969	-0.113976954292556	0.909256062186082	NA
SA150_1175	cds	1.63436335889642	0.0827020438055238	1.43143287819031	0.0577757050753786	0.953927290386199	NA
SA150_1176	cds	1.13065862252592	-3.28679192539842	1.99119487165096	-1.65066311298463	0.0988073838483642	NA
SA150_1177	cds	1.04634348610022	-1.0080402306906	1.811113185177	-0.55658599304609	0.57781032599757	NA
SA150_1178	cds	6.55988276602718	0.878107496836478	0.777057102816079	1.13004243015628	0.258458346066873	0.556851388087466
SA150_1179	cds	10.222913693404	1.72147630879441	0.681232636226629	2.52700210948454	0.0115040811745355	0.0981409138436721
SA150_1180	cds	2.66411768593106	4.1914264867777	1.49789933009217	2.79820305849245	0.00513877953781979	NA
SA150_1181	cds	3.93342113862158	1.03266570563786	1.0469274033854	0.986377567631314	0.323947868798245	0.622894170145582
SA150_1182	cds	0.893996030232876	-2.00006250921327	2.02142478197874	-0.989432071400372	0.322451789598975	NA
SA150_1183	cds	1.32301951411941	0.669164319803981	1.65560969474296	0.404179996003147	0.686080362690948	NA
SA150_1184	cds	15.7661686030938	1.42350048757578	0.543200523164867	2.62058011152492	0.00877803031652954	0.0869168903472761
SA150_1185	cds	3.22938486345113	2.30319056692603	1.32014338252872	1.7446518290417	0.0810454931263588	NA
SA150_1186	cds	0.671685705713293	0.420029478175272	2.18020585956038	0.192655879871806	0.847228478802185	NA
SA150_1187	cds	0.629344281959217	-1.08285406335126	2.39803622953043	-0.45155867539303	0.651586946078796	NA
SA150_1188	cds	0.426746953403362	-0.401186583447491	2.70906978276072	-0.148090162165795	0.882271613294249	NA
SA150_1189	cds	14.0476441806953	-0.303846970922997	0.492217167243537	-0.617302668707328	0.537035106912773	0.793078739792947
SA150_1190	cds	0.155332406766762	0.190694617863238	4.05547473765639	0.0470215277369569	0.962496069851027	NA
SA150_1191	cds	0.252138780828124	0.818407942809024	3.39897213417746	0.240781009817569	0.809724848643548	NA
SA150_1192	cds	66.6657856527779	0.0623470324643121	0.248527015552104	0.25086621800776	0.801917543473597	0.908556206119923
SA150_1193	cds	1.70219991070893	0.38796536455818	1.48877665489269	0.260593396116992	0.794406082903859	NA
SA150_1194	cds	0.193612748122724	0.411198695872968	4.04148449848246	0.101744469396671	0.918959503798801	NA
SA150_1195	cds	0.299403702617217	-1.42685857168756	3.27762896965329	-0.435332548283674	0.663321062787154	NA
SA150_1196	cds	1.30035095642903	0.953214449669338	1.75439927503988	0.5433281142046	0.58690391048492	NA
SA150_1197	cds	3.40152616199971	-0.0499440924074166	0.990805193278616	-0.0504075803661762	0.95979759580892	NA
SA150_1198	cds	1.44204647498863	2.0122406092884	1.75155467841825	1.14883116929331	0.250625604123005	NA
SA150_1199	cds	24.9873502437852	-0.362522758474471	0.370432905929728	-0.978646207373495	0.3277548196785	0.622894170145582
SA150_1200	cds	1.41919831448204	-1.22562785654981	1.55973333521355	-0.785793205081432	0.431988648046191	NA
SA150_1201	cds	2.84986981323375	-1.04617165138284	1.13518685833089	-0.92158541451146	0.356744869307574	NA
SA150_1202	cds	2.19905771113074	-0.102610529223121	1.34767469141124	-0.0761389450117751	0.939308556411604	NA
SA150_1203	cds	1.35298356555845	1.8966689095542	1.73641261690859	1.09229159652786	0.274704952837138	NA
SA150_1204	cds	2.01738143688598	1.76761007242693	1.52381122352075	1.15999281613301	0.246051730974425	NA
SA150_1205	cds	3.49641571873534	-0.424619825558446	1.06389761804832	-0.399117187927721	0.689806858165411	0.865398529820445
SA150_1206	cds	0.786953219209155	2.45111052822311	2.10317667956213	1.1654325345284	0.243843954271205	NA
SA150_1207	cds	3.97878456181073	1.73563905991207	1.09762295565184	1.58127073689101	0.11381614755121	0.382967505237484
SA150_1208	cds	9.6758511056058	0.908441998047824	0.649283386712246	1.39914560674018	0.161769323791236	0.448204915458286
SA150_1209	cds	0.846731108443783	-0.569110285956732	2.0163317959088	-0.282250315702741	0.777751579619331	NA
SA150_1210	cds	0.301815828230888	1.03511020641105	2.9526620728027	0.350568463606305	0.725912119147978	NA
SA150_1211	cds	2.12020917029093	-0.472094715583008	1.28455882522121	-0.367515061446649	0.713234859285178	NA
SA150_1212	cds	0.429159079017034	1.52707289008223	2.59862261389149	0.587647041135921	0.556769229263782	NA
SA150_1213	cds	0.612480641764412	2.08837845256148	2.29809939793919	0.90874156898271	0.36348655618172	NA
SA150_1214	cds	1.64510310207173	-1.23138247990149	1.55886878661598	-0.789920543969961	0.429574172705773	NA
SA150_1215	cds	0	NA	NA	NA	NA	NA
SA150_1216	cds	0	NA	NA	NA	NA	NA
SA150_1217	cds	0	NA	NA	NA	NA	NA
SA150_1218	cds	0.0968063740613619	-0.465079868291158	4.0804728567969	-0.113976954292556	0.909256062186082	NA
SA150_1219	cds	0.127343250786145	-0.465079868291158	4.0804728567969	-0.113976954292556	0.909256062186082	NA
SA150_1220	cds	0.193612748122724	0.411198695872968	4.04148449848246	0.101744469396671	0.918959503798801	NA
SA150_1221	cds	0.280263531939236	-1.42685805155375	3.35444699992064	-0.425363122919367	0.670571984467538	NA
SA150_1222	cds	2.26245578432641	1.08075089513031	1.30964829558819	0.825222236207261	0.409245431408779	NA
SA150_1223	cds	5.98787143858966	1.32709340320508	0.853378656561045	1.55510498534498	0.11992106784049	0.386468635022375
SA150_1224	cds	0	NA	NA	NA	NA	NA
SA150_1225	cds	0.890467643220472	-1.23635934828742	2.05704178335287	-0.60103754736193	0.547814978194851	NA
SA150_1226	cds	0	NA	NA	NA	NA	NA
SA150_1227	cds	0.155332406766762	0.190694617863238	4.05547473765639	0.0470215277369569	0.962496069851027	NA
SA150_1228	cds	0.0776662033833809	-0.465079868291158	4.0804728567969	-0.113976954292556	0.909256062186082	NA
SA150_1229	cds	0	NA	NA	NA	NA	NA
SA150_1230	cds	0.0968063740613619	-0.465079868291158	4.0804728567969	-0.113976954292556	0.909256062186082	NA
SA150_1231	cds	1.09292937664583	-0.404484311854773	1.89123948782024	-0.213872602840459	0.830646405665466	NA
SA150_1232	cds	0.127343250786145	-0.465079868291158	4.0804728567969	-0.113976954292556	0.909256062186082	NA
SA150_1233	cds	0.0776662033833809	-0.465079868291158	4.0804728567969	-0.113976954292556	0.909256062186082	NA
SA150_1234	cds	0	NA	NA	NA	NA	NA
SA150_1235	cds	0.224149624847507	0.58620110290343	3.59405476673251	0.163102996740467	0.870437340337058	NA
SA150_1236	cds	0	NA	NA	NA	NA	NA
SA150_1237	cds	0.127343250786145	-0.465079868291158	4.0804728567969	-0.113976954292556	0.909256062186082	NA
SA150_1238	cds	0	NA	NA	NA	NA	NA
SA150_1239	cds	5.70067140903033	0.437335364137117	0.79368918431484	0.551015904940989	0.581622771613442	0.825914494518056
SA150_1240	cds	1.31050654667388	1.97344111683049	1.75003784509913	1.12765625175306	0.259465120295724	NA
SA150_1241	cds	1.99422727285998	2.55817662174103	1.62369151679754	1.57553118635897	0.115133885773924	NA
SA150_1242	cds	1.17190218497143	0.721220875028063	1.80432126916326	0.399718657289079	0.689363748676284	NA
SA150_1243	cds	0.790617201352054	0.748459217018301	2.05824705404492	0.3636391537874	0.71612748506595	NA
SA150_1244	cds	1.99124232196057	2.5725529049245	1.64624363792181	1.56268054476556	0.118127752700936	NA
SA150_1245	cds	2.81152702525044	1.33578741496263	1.24976683979458	1.06882929873719	0.285146594675891	NA
SA150_1246	cds	0.155332406766762	0.190694617863238	4.05547473765639	0.0470215277369569	0.962496069851027	NA
SA150_1247	cds	1.12042218556356	1.52648904573781	1.8516040883697	0.824414384978945	0.409704144038116	NA
SA150_1248	cds	1.43252919916979	1.96064659026745	1.7384914599539	1.12778614990691	0.259410243982316	NA
SA150_1249	cds	0.0776662033833809	-0.465079868291158	4.0804728567969	-0.113976954292556	0.909256062186082	NA
SA150_1250	cds	21.8601418865169	0.196180444712932	0.413458232011889	0.474486730517656	0.635152858262396	0.848744084934706
SA150_1251	cds	0.504277561656247	1.81686251926275	2.59937387829294	0.69896159780444	0.484576030414445	NA
SA150_1252	cds	2.07948731414853	-0.687319363883283	1.3007711661521	-0.528393757309743	0.597226069468106	NA
SA150_1253	cds	1.70980778020961	1.23666707389171	1.55502103329655	0.795273534834479	0.426454404784566	NA
SA150_1254	cds	6.18365250707867	1.44398433390434	0.876057725306781	1.64827532728928	0.099296185325698	0.370533470963892
SA150_1255	cds	0.271278951506105	0.91026159246763	3.30825804380472	0.275148304761852	0.78320230137033	NA
SA150_1256	cds	4.89126379985009	0.603295581862121	0.890329893067746	0.677609037458451	0.498019614406454	0.759489281848277
SA150_1257	cds	0.426746953403362	-0.401186583447491	2.70906978276072	-0.148090162165795	0.882271613294249	NA
SA150_1258	cds	1.08649251695687	0.540054278159075	1.81446618605078	0.297638105527066	0.765979387920485	NA
SA150_1259	cds	12.8192598868407	0.571406863867492	0.540902002696162	1.05639628069276	0.290787204519708	0.59122190409477
SA150_1260	cds	14.8896588177853	-1.13830114995407	0.541978464834045	-2.10027007309713	0.0357050902897651	0.222297551741154
SA150_1261	cds	28.9854713010794	-0.971092939519043	0.360752026108169	-2.69185720173299	0.00710553618370957	0.0809762991501996
SA150_1262	cds	1.16062267396495	-1.29534449143654	1.74778170859746	-0.741136312998731	0.458610793909459	NA
SA150_1263	cds	0.55154248344534	0.331967809163898	2.41939285795458	0.137211204898965	0.890863854451517	NA
SA150_1264	cds	0.532537907897855	-2.07613333696352	2.70342203127314	-0.767964939601309	0.442508014646657	NA
SA150_1265	cds	0.0776662033833809	-0.465079868291158	4.0804728567969	-0.113976954292556	0.909256062186082	NA
SA150_1266	cds	0.292203674099024	-2.38864132792654	3.54415978309543	-0.673965473938176	0.500333264330309	NA
SA150_1267	cds	0.0968063740613619	-0.465079868291158	4.0804728567969	-0.113976954292556	0.909256062186082	NA
SA150_1268	cds	1.50888879761096	0.961098335772478	1.59444758239506	0.602778257739138	0.546656212597923	NA
SA150_1269	cds	2.61799512384522	-0.982739463366489	1.19160151083181	-0.824721565417014	0.409529685380525	NA
SA150_1270	cds	7.7454257558429	0.152763364987549	0.693635338918184	0.220235844998618	0.825687481612409	0.915890748423553
SA150_1271	cds	4.32515488091199	-0.173373564867548	0.911921444515851	-0.190118969029832	0.849215906031714	0.918289701052436
SA150_1272	cds	7.57247185669373	0.15611058308312	0.697659879332505	0.223763165559242	0.822941592845916	0.915389911747575
SA150_1273	cds	3.13686675436316	-0.636040437407008	1.03625535846957	-0.61378735676346	0.539355853094461	NA
SA150_1274	cds	4.66393345647403	0.175827923597454	0.883825724811651	0.198939585781942	0.842310003381483	0.918289701052436
SA150_1275	cds	2.69940978551937	-0.339501624342445	1.16679923811295	-0.290968328785949	0.771075541982588	NA
SA150_1276	cds	2.29769642636996	-0.664899707329847	1.23127094860982	-0.540010879068136	0.589189529856369	NA
SA150_1277	cds	3.408284591868	2.36300889298252	1.29508010849318	1.82460442214024	0.0680607456232094	NA
SA150_1278	cds	0	NA	NA	NA	NA	NA
SA150_1279	cds	0.127343250786145	-0.465079868291158	4.0804728567969	-0.113976954292556	0.909256062186082	NA
SA150_1280	cds	0.0776662033833809	-0.465079868291158	4.0804728567969	-0.113976954292556	0.909256062186082	NA
SA150_1281	cds	0	NA	NA	NA	NA	NA
SA150_1282	cds	4.97930203532633	-0.449171374652737	0.848226172012833	-0.529541989475351	0.59642952425415	0.82898587057077
SA150_1283	cds	3.17021663853405	-1.27601934934527	1.04962850051839	-1.21568664409843	0.224104313839618	NA
SA150_1284	cds	5.74300954191617	-1.00513849645186	0.778529658850278	-1.29107283842756	0.196678421487508	0.481769323971701
SA150_1285	cds	8.26730784864735	-0.990535102518142	0.63950427313955	-1.54891084254255	0.121403154134381	0.386468635022375
SA150_1286	cds	3.6201648450135	-0.835367243280959	0.955148365419769	-0.874594223813419	0.381794731778815	0.666868759664733
SA150_1287	cds	1.42639834300023	-0.868160053411994	1.59059482943921	-0.545808421694719	0.585197633648291	NA
SA150_1288	cds	2.71483122564146	-1.22002221893454	1.15345846284899	-1.05770797842268	0.290188596730538	NA
SA150_1289	cds	0	NA	NA	NA	NA	NA
SA150_1290	cds	0.0776662033833809	-0.465079868291158	4.0804728567969	-0.113976954292556	0.909256062186082	NA
SA150_1291	cds	0.585607747182528	-0.0352753634677635	2.41817206691897	-0.0145876151454799	0.988361179885226	NA
SA150_1292	cds	15.7434696783426	-0.577338870593346	0.46333620317074	-1.2460473985034	0.212746994460041	0.501949940054158
SA150_1293	cds	1.65060271626073	2.34796266696002	1.65279616869586	1.42060025999013	0.155433002872792	NA
SA150_1294	cds	1.7519588604202	0.063398959956411	1.50822531824503	0.0420354698926432	0.966470422210197	NA
SA150_1295	cds	0.69635854803486	0.337882120192302	2.45577781166089	0.137586600297437	0.890567146217535	NA
SA150_1296	cds	0	NA	NA	NA	NA	NA
SA150_1297	cds	0.659745563553505	0.700240267023323	2.17331987925444	0.322198436460049	0.747302368909671	NA
SA150_1298	cds	16.8589173601839	-0.123297930536044	0.464671284983674	-0.265344415548242	0.79074415169373	0.904276871539705
SA150_1299	cds	0.301815828230888	1.03511020641105	2.9526620728027	0.350568463606305	0.725912119147978	NA
SA150_1300	cds	2.61988917258614	1.88786109385953	1.3574545779378	1.39073610604895	0.164305464550366	NA
SA150_1301	cds	0.495428576353612	1.75738702920975	2.46735310765607	0.712255989528481	0.476306271670017	NA
SA150_1302	cds	5.70876796623101	-0.146446153425444	0.783574603994499	-0.186894971683477	0.851742981751537	0.918289701052436
SA150_1303	cds	3.31452228561369	1.2756880432895	1.11576952846548	1.14332575925779	0.252903363821954	NA
SA150_1304	cds	0.855007268460671	1.03847628013411	2.13952425429279	0.485377194509709	0.627408806433417	NA
SA150_1305	cds	0.809757372030035	0.793436046230723	2.06656964979605	0.383938691013404	0.701023888683291	NA
SA150_1306	cds	0.856886698688633	0.956871542671841	2.11389927688123	0.452657112444627	0.650795666448898	NA
SA150_1307	cds	0.68121372225941	-2.41792613177506	2.49424853247674	-0.969400643236665	0.332345331528041	NA
SA150_1308	cds	31.9801412641491	0.127668800498876	0.342780514753091	0.372450576984627	0.709557403092591	0.869315763626622
SA150_1309	cds	0.67875013910099	2.2431923278999	2.34021830843781	0.958539773751844	0.337790645365637	NA
SA150_1310	cds	0.155332406766762	0.190694617863238	4.05547473765639	0.0470215277369569	0.962496069851027	NA
SA150_1311	cds	3.36795287683076	1.33917513816493	1.1177362802678	1.19811368907528	0.230872760324216	NA
SA150_1312	cds	2.70046384864608	1.43315310795753	1.25448464455073	1.14242379464979	0.253277905303467	NA
SA150_1313	cds	3.07821278589016	0.598788289117831	1.08906492213602	0.549818727007942	0.582443712691637	NA
SA150_1314	cds	1.45277489051923	2.00347937138855	1.70800235620678	1.17299567187833	0.240797541340737	NA
SA150_1315	cds	0	NA	NA	NA	NA	NA
SA150_1316	cds	3.61892705893126	-2.12602968186837	1.08831970138331	-1.9534973768885	0.0507606878030543	0.251809727035554
SA150_1317	cds	0.737411766936886	0.933904004982299	2.10308992105952	0.444062802845731	0.656997178691114	NA
SA150_1318	cds	0.726015060890083	0.912290296229132	2.2029685673562	0.414118616918796	0.67878723922427	NA
SA150_1319	cds	0.357929735322617	-0.74901163532336	3.06420907227636	-0.244438815255817	0.806890983093453	NA
SA150_1320	cds	74.8511741100651	-0.612145312600594	0.235100618845456	-2.60375883146011	0.00922076144971271	0.0891722857182162
SA150_1321	cds	3.00496299275163	1.08334665522831	1.16222029898093	0.932135375864815	0.351266567880136	NA
SA150_1322	cds	4.61840162905513	1.08756733525425	0.919033777324423	1.18338124461592	0.236658087004344	0.537374002070013
SA150_1323	cds	29.9891756974465	-0.105881792833394	0.33993403261424	-0.311477471140849	0.755437667094307	0.896958898310409
SA150_1324	cds	0	NA	NA	NA	NA	NA
SA150_1325	cds	0.99853512819814	0.406856022349452	2.01872687862216	0.201540895233506	0.840275655628095	NA
SA150_1326	cds	0.292203674099024	-2.38864132792654	3.54415978309543	-0.673965473938176	0.500333264330309	NA
SA150_1327	cds	3.03778714068686	1.48199659982022	1.18818171960114	1.24728109797692	0.212294445731418	NA
SA150_1328	cds	20.0227599242184	-0.571084661952887	0.423066942882748	-1.34986831649279	0.177058226307521	0.464962023297309
SA150_1329	cds	1.36549653300399	0.4502297761492	1.624433943559	0.277161024573756	0.781656465563023	NA
SA150_1330	cds	0.396210076678579	-0.546750302927659	2.96082623675434	-0.184661394897327	0.853494627757098	NA
SA150_1331	cds	0.836765861742415	1.12400651689481	2.02287264172387	0.555648681835424	0.578451044840322	NA
SA150_1332	cds	1.86692473889131	0.454058105807272	1.38511748712897	0.327811979869253	0.743053828783204	NA
SA150_1333	cds	0	NA	NA	NA	NA	NA
SA150_1334	cds	0	NA	NA	NA	NA	NA
SA150_1335	cds	0.232998610150143	0.712129387067871	3.84100498556511	0.185401838775041	0.852913866289991	NA
SA150_1336	cds	0	NA	NA	NA	NA	NA
SA150_1337	cds	0	NA	NA	NA	NA	NA
SA150_1338	cds	0.71881503237189	0.629435573537157	2.22169467527368	0.283313265563649	0.776936709251122	NA
SA150_1339	cds	0.445751528950848	1.62864209340953	2.72160040383616	0.598413378802382	0.549564140962104	NA
SA150_1340	cds	0	NA	NA	NA	NA	NA
SA150_1341	cds	0.532402312767359	0.267481073348654	2.46401652973736	0.108554902177205	0.913555532133444	NA
SA150_1342	cds	0	NA	NA	NA	NA	NA
SA150_1343	cds	0.299403702617217	-1.42685857168756	3.27762896965329	-0.435332548283674	0.663321062787154	NA
SA150_1344	cds	1.03024301473464	2.82475448313545	1.90241016855049	1.48482936531385	0.137589030918309	NA
SA150_1345	cds	1.24700226752048	0.247991787930586	1.79698650156649	0.138004257524697	0.89023705272807	NA
SA150_1346	cds	0.127343250786145	-0.465079868291158	4.0804728567969	-0.113976954292556	0.909256062186082	NA
SA150_1347	cds	0.646681500632095	0.165071804627193	2.35400763421255	0.0701237337670793	0.944095176384142	NA
SA150_1348	cds	0.0776662033833809	-0.465079868291158	4.0804728567969	-0.113976954292556	0.909256062186082	NA
SA150_1349	cds	7.93591690234471	-0.214151719192794	0.703786705195917	-0.304284973858918	0.760910791874505	0.897636949789455
SA150_1350	cds	0.0776662033833809	-0.465079868291158	4.0804728567969	-0.113976954292556	0.909256062186082	NA
SA150_1351	cds	0	NA	NA	NA	NA	NA
SA150_1352	cds	0.8958353305608	1.06900808970309	1.96700158963091	0.543470882452962	0.586805633505363	NA
SA150_1353	cds	2.14552091395594	-0.0758028091850461	1.29222518258385	-0.0586606809762643	0.953222377415177	NA
SA150_1354	cds	0.202597328555855	-2.38863321993365	4.0804728567969	-0.585381475079504	0.558291242052261	NA
SA150_1355	cds	0.332352704955672	1.15287712058635	3.076590482371	0.374725569487517	0.707864573922257	NA
SA150_1356	cds	0	NA	NA	NA	NA	NA
SA150_1357	cds	0	NA	NA	NA	NA	NA
SA150_1358	cds	2.13757611669868	-0.587323409796881	1.26500578694434	-0.464285156525313	0.642443457231715	NA
SA150_1359	cds	1.92602359688246	-0.142112480873572	1.30603381735973	-0.108812252014167	0.913351405821744	NA
SA150_1360	cds	1.24700226752048	0.247991787930586	1.79698650156649	0.138004257524697	0.89023705272807	NA
SA150_1361	cds	1.00447564082422	1.31195744395219	1.9444114673332	0.674732414405873	0.499845786620457	NA
SA150_1362	cds	0.127343250786145	-0.465079868291158	4.0804728567969	-0.113976954292556	0.909256062186082	NA
SA150_1363	cds	0	NA	NA	NA	NA	NA
SA150_1364	cds	0.320955998908869	1.11606791384077	3.11434426230997	0.358363693875306	0.720071157927944	NA
SA150_1365	cds	0	NA	NA	NA	NA	NA
SA150_1366	cds	1.87705496989593	-1.70091962149568	1.45694693625921	-1.16745475017977	0.243026771835212	NA
SA150_1367	cds	0	NA	NA	NA	NA	NA
SA150_1368	cds	0.202597328555855	-2.38863321993365	4.0804728567969	-0.585381475079504	0.558291242052261	NA
SA150_1369	cds	0	NA	NA	NA	NA	NA
SA150_1370	cds	0.329940579342	-1.42685926045254	3.17304521806549	-0.449681351002761	0.652940220155972	NA
SA150_1371	cds	0.702222582438077	0.499512172924715	2.26027428007397	0.22099626462518	0.825095341476025	NA
SA150_1372	cds	0	NA	NA	NA	NA	NA
SA150_1373	cds	0.0968063740613619	-0.465079868291158	4.0804728567969	-0.113976954292556	0.909256062186082	NA
SA150_1374	cds	0.127343250786145	-0.465079868291158	4.0804728567969	-0.113976954292556	0.909256062186082	NA
SA150_1375	cds	0	NA	NA	NA	NA	NA
SA150_1376	cds	0.0776662033833809	-0.465079868291158	4.0804728567969	-0.113976954292556	0.909256062186082	NA
SA150_1377	cds	0.282675657552907	0.952699367419988	3.25887096814809	0.292340315628199	0.770026437010817	NA
SA150_1378	cds	0	NA	NA	NA	NA	NA
SA150_1379	cds	1.05174056261331	0.0809889260854508	1.79711713080888	0.0450660253007536	0.964054681777929	NA
SA150_1380	cds	1.61888717036134	-1.14218086400425	1.4504631145324	-0.787459434549266	0.431012966089971	NA
SA150_1381	cds	1.19228347145136	-0.234356976694579	1.71880809737234	-0.136348541208793	0.891545751824277	NA
SA150_1382	cds	0.0968063740613619	-0.465079868291158	4.0804728567969	-0.113976954292556	0.909256062186082	NA
SA150_1383	cds	0.282675657552907	0.952699367419988	3.25887096814809	0.292340315628199	0.770026437010817	NA
SA150_1384	cds	0.292203674099024	-2.38864132792654	3.54415978309543	-0.673965473938176	0.500333264330309	NA
SA150_1385	cds	0	NA	NA	NA	NA	NA
SA150_1386	cds	0.299403702617217	-1.42685857168756	3.27762896965329	-0.435332548283674	0.663321062787154	NA
SA150_1387	cds	2.52535603813971	-0.979973739596048	1.18646665056784	-0.825959784985978	0.408826904741745	NA
SA150_1388	cds	0	NA	NA	NA	NA	NA
SA150_1389	cds	0.426746953403362	-0.401186583447491	2.70906978276072	-0.148090162165795	0.882271613294249	NA
SA150_1390	cds	0.389010048160386	-1.42686034984891	3.00019413923344	-0.475589339766351	0.634366971483449	NA
SA150_1391	cds	1.02000328690405	-1.62431994326665	1.97687940709449	-0.821658588499329	0.411271234232179	NA
SA150_1392	cds	0.553954609059012	1.93295090292641	2.3450579720695	0.824265722190481	0.409788590771508	NA
SA150_1393	cds	0.684198673158828	-2.44468616584374	2.36947598461096	-1.03174127179226	0.302193337646847	NA
SA150_1394	cds	0.411135169737785	-1.42686066762455	2.94786477782286	-0.484031926552056	0.628363211167821	NA
SA150_1395	cds	0.224149624847507	0.58620110290343	3.59405476673251	0.163102996740467	0.870437340337058	NA
SA150_1396	cds	0.292203674099024	-2.38864132792654	3.54415978309543	-0.673965473938176	0.500333264330309	NA
SA150_1397	cds	0.824605986866383	-0.541042848982994	2.0326019585536	-0.266182390854332	0.79009874402654	NA
SA150_1398	cds	0.435595938705997	-0.21620036527899	2.83985340446754	-0.0761308189144102	0.939315021335023	NA
SA150_1399	cds	2.15639258397992	0.519923385505635	1.36650628030734	0.380476396631488	0.703591814256547	NA
SA150_1400	cds	6.89681357466272	-0.421458062244685	0.731700079943208	-0.57599838212044	0.564616275152065	0.812810303825773
SA150_1401	cds	1.33200409455254	-0.243422514352104	1.60277270448399	-0.151875879637265	0.879284832840898	NA
SA150_1402	cds	0.488801373121166	-0.638110763103401	2.60806465545496	-0.24466830673417	0.806713269839118	NA
SA150_1403	cds	0.665821671310076	0.232787333746837	2.33622002731164	0.0996427267232673	0.920627971581526	NA
SA150_1404	cds	0.224149624847507	0.58620110290343	3.59405476673251	0.163102996740467	0.870437340337058	NA
SA150_1405	cds	0.504277561656247	1.81686251926275	2.59937387829294	0.69896159780444	0.484576030414445	NA
SA150_1406	cds	1.85707078367122	0.460949344987875	1.47812125437358	0.311848127225004	0.755155946317349	NA
SA150_1407	cds	0.202597328555855	-2.38863321993365	4.0804728567969	-0.585381475079504	0.558291242052261	NA
SA150_1408	cds	1.21977628036909	1.65517329211222	1.79195698735469	0.923667980756397	0.355659207769475	NA
SA150_1409	cds	0.0776662033833809	-0.465079868291158	4.0804728567969	-0.113976954292556	0.909256062186082	NA
SA150_1410	cds	0.0776662033833809	-0.465079868291158	4.0804728567969	-0.113976954292556	0.909256062186082	NA
SA150_1411	cds	1.60029809515923	0.313138357664617	1.47765980877507	0.21191505365785	0.832173306186822	NA
SA150_1412	cds	0.68241412124389	0.39541977718786	2.29530127494073	0.172273584084543	0.863222450704283	NA
SA150_1413	cds	15.7924389835065	0.786608419548785	0.497884418601994	1.57990166022367	0.114129388978058	0.382967505237484
SA150_1414	cds	7.32066077034342	0.71869450753408	0.706945450492356	1.01661946764569	0.309334489478346	0.610581802761179
SA150_1415	cds	6.0519412610795	-1.34268265254686	0.756602517878288	-1.77462091497144	0.075960501451274	0.327715306261211
SA150_1416	cds	0.0776662033833809	-0.465079868291158	4.0804728567969	-0.113976954292556	0.909256062186082	NA
SA150_1417	cds	0.874910607967881	2.58066117362235	2.00371657626346	1.28793722834533	0.197767814925085	NA
SA150_1418	cds	0	NA	NA	NA	NA	NA
SA150_1419	cds	0	NA	NA	NA	NA	NA
SA150_1420	cds	0.155332406766762	0.190694617863238	4.05547473765639	0.0470215277369569	0.962496069851027	NA
SA150_1421	cds	25.209353487159	0.350353491845868	0.383584100413916	0.913368128313477	0.361048962165577	0.650449669654127
SA150_1422	cds	8.02953228582381	0.472042216530425	0.663133492641381	0.711835884883743	0.476566408502086	0.744249336830363
SA150_1423	cds	0	NA	NA	NA	NA	NA
SA150_1424	cds	1.99185586406378	-0.035814597856282	1.31108722471572	-0.0273167163718247	0.978207124106995	NA
SA150_1425	cds	1.84067941800816	1.13670657155816	1.54886705950685	0.73389550418877	0.463012427345824	NA
SA150_1426	cds	14.6347936231135	-0.626940820732476	0.482955708725603	-1.2981331608789	0.194241581015966	0.481769323971701
SA150_1427	cds	11.3620969196584	-0.247056926268708	0.558329723497631	-0.44249287808113	0.658132582811191	0.859801290521812
SA150_1428	cds	13.1699716842639	-0.723414183235937	0.506673683495575	-1.42777137791143	0.153357673684191	0.437199694699214
SA150_1429	cds	12.0407445210835	-0.417271588031421	0.539773154835417	-0.773049908639218	0.439492844370679	0.716707685899978
SA150_1430	cds	6.63635626864044	-0.990232164661911	0.720154902753252	-1.3750266239612	0.169123190772671	0.456028603690594
SA150_1431	cds	0.691398701677021	-1.48718197211879	2.22733798566518	-0.667694791580835	0.504328435364626	NA
SA150_1432	cds	5.1247349328873	0.415054006467947	0.848629609143709	0.489087349764697	0.62477985705654	0.840461099470268
SA150_1433	cds	0.59700445322933	-0.00630608635564465	2.40514923137568	-0.00262191063796809	0.997908020379017	NA
SA150_1434	cds	3.40915576131026	-0.718902670811399	1.02292127704188	-0.702793740775778	0.482184298505395	NA
SA150_1435	cds	1.6027102207729	1.13186685712951	1.55369714054986	0.728499028278403	0.466308163283875	NA
SA150_1436	cds	1.87228546708158	-0.660522746558233	1.36250327534975	-0.484786171533186	0.62782803296024	NA
SA150_1437	cds	1.0686589512211	1.57987584023601	1.99732339935033	0.790996511005629	0.428946027479554	NA
SA150_1438	cds	0.252138780828124	0.818407942809024	3.39897213417746	0.240781009817569	0.809724848643548	NA
SA150_1439	cds	11.4862792461593	0.149476215739231	0.589251815572446	0.253671200985639	0.799749584716415	0.907986370617885
SA150_1440	cds	1.90044656651551	0.447561975165156	1.35915517190154	0.3292942442613	0.741933294169458	NA
SA150_1441	cds	0.493016450739941	0.0370386855463498	2.72804377735556	0.0135770128961249	0.989167443833094	NA
SA150_1442	cds	0.301815828230888	1.03511020641105	2.9526620728027	0.350568463606305	0.725912119147978	NA
SA150_1443	cds	4.96583451673314	-0.720784478954277	0.86287464137591	-0.835329310182229	0.40353231893087	0.680819890039792
SA150_1444	cds	0.905447484692665	2.62040976416228	1.98015966553408	1.32333256240501	0.185724807514033	NA
SA150_1445	cds	5.96981271605199	1.49630183259257	0.868295653354149	1.72326306922358	0.0848409630088479	0.341626277715628
SA150_1446	cds	3.30967963429619	0.214208121323773	1.03339210736139	0.207286391871833	0.835786201069746	NA
SA150_1447	cds	2.80997353369646	2.17126866304152	1.34977356068258	1.60861697568258	0.107700119986859	NA
SA150_1448	cds	2.82087826117502	0.361257149442651	1.16140886554508	0.311050793703993	0.755762007717918	NA
SA150_1449	cds	0	NA	NA	NA	NA	NA
SA150_1450	cds	0	NA	NA	NA	NA	NA
SA150_1451	cds	0	NA	NA	NA	NA	NA
SA150_1452	cds	0	NA	NA	NA	NA	NA
SA150_1453	cds	0	NA	NA	NA	NA	NA
SA150_1454	cds	0	NA	NA	NA	NA	NA
SA150_1455	cds	3.62213974047192	-0.49636679662693	0.953304365057264	-0.520680293535752	0.602589504579918	0.832869704270642
SA150_1456	cds	1.32074298363624	-1.29640938007789	1.60968609532454	-0.805380243914271	0.420600288681947	NA
SA150_1457	cds	4.53038183252052	-0.471680442947712	0.86708916567113	-0.543981474595672	0.586454221029849	0.825914494518056
SA150_1458	cds	2.32518923528769	0.208170798327619	1.22070187443898	0.170533692694862	0.864590439478048	NA
SA150_1459	cds	1.28908984551272	-0.019501394620031	1.64903039527735	-0.011825976450089	0.990564455907224	NA
SA150_1460	cds	2.23731598411471	1.75144163362515	1.4315916761334	1.22342261611609	0.221170115565384	NA
SA150_1461	cds	2.52669969161758	0.223642669092049	1.21500853825112	0.184066746900362	0.853961092857792	NA
SA150_1462	cds	41.3389667071349	0.661345299057951	0.33183093510258	1.99301882102555	0.0462593861883867	0.242962341372048
SA150_1463	cds	1.36894844179353	-0.365989721131584	1.64161160035734	-0.222945379438057	0.823578017408735	NA
SA150_1464	cds	0.679429170344472	0.451941941637312	2.4568187264388	0.183954126030458	0.854049442819957	NA
SA150_1465	cds	0.997294012396188	1.50810768633298	2.00492698980862	0.752200800327865	0.451930312426302	NA
SA150_1466	cds	0.709422610956269	0.812830825662309	2.11934567666076	0.383529140438763	0.70132746808045	NA
SA150_1467	cds	1.9212540940681	0.727385256245357	1.38130003728257	0.526594683712846	0.598475084589296	NA
SA150_1468	cds	1.84178493867962	1.16869996783901	1.48143297202938	0.788898309883054	0.43017144361913	NA
SA150_1469	cds	0.700438030523138	2.25247502727843	2.158831646711	1.04337687967012	0.296773777262612	NA
SA150_1470	cds	8.06523576561817	0.610320768781131	0.695403910564791	0.877649319350882	0.380134055788965	0.666868759664733
SA150_1471	cds	7.32480599032728	1.37007998408847	0.752254046824877	1.8212995860525	0.0685613293423493	0.309037633752082
SA150_1472	cds	1.17144655472601	0.00202945632541707	1.92850388142969	0.00105234754514082	0.99916034829611	NA
SA150_1473	cds	0.643696549732677	0.234355152106516	2.35773470617016	0.0993984401608933	0.920821921203301	NA
SA150_1474	cds	5.12226369036599	0.565645369117098	0.843500566823358	0.670592755197938	0.502479999045615	0.760646414595366
SA150_1475	cds	5.1487100955199	0.580146269293023	0.863057009319208	0.672199244115578	0.501456862150619	0.760646414595366
SA150_1476	cds	8.15804867963909	-0.421298856592203	0.665411033410816	-0.633140773805141	0.526641717898328	0.785632343008802
SA150_1477	cds	3.31432428270732	-0.452371699197568	1.00136378173627	-0.451755603156726	0.651445056585262	NA
SA150_1478	cds	0.861218971347738	-1.3231126496079	2.17647034479272	-0.607916690789515	0.543242729019701	NA
SA150_1479	cds	1.4221538762087	-0.645180242581993	1.6223666883669	-0.397678433123797	0.69086723694877	NA
SA150_1480	cds	4.70780997169192	-0.158772980257621	0.856377532555894	-0.185400683952739	0.852914772004001	0.918289701052436
SA150_1481	cds	20.0516726224832	0.456425146946942	0.43302022130658	1.05405042187116	0.291859832917539	0.59122190409477
SA150_1482	cds	20.1109567497299	-0.171679863321695	0.414910811932204	-0.413775342518062	0.679038643605104	0.861637270456897
SA150_1483	cds	15.3584832477796	1.19853409954741	0.515265894739856	2.32604973816969	0.0200158974313681	0.150130396289393
SA150_1484	cds	10.0557881061041	-0.086667200026167	0.592626015593691	-0.146242651766383	0.883729836241963	0.93974088220096
SA150_1485	cds	3.20903296614396	2.38862409033889	1.3184122532072	1.81174293892389	0.0700259255773811	NA
SA150_1486	cds	1.22862526567172	1.69870130143217	1.79888905587009	0.94430576243099	0.345013422108993	NA
SA150_1487	cds	15.2350440028066	1.66101917618303	0.554742758290374	2.99421515893604	0.00275151836319604	0.0437346602992213
SA150_1488	cds	20.6543653462338	1.37455500112531	0.469201604245798	2.92956159716204	0.00339440529278056	0.0500053852887673
SA150_1489	cds	107.831510934671	1.12918000582996	0.215530607951959	5.23907029521138	1.61387560676177e-07	9.74780866484111e-06
SA150_1490	cds	40.5340743432694	1.46300544613136	0.333977576782086	4.3805499166369	1.18380168942562e-05	0.000397231233562818
SA150_1491	cds	18.1828822366042	0.883237246695875	0.465149926059889	1.89882271760731	0.0575877892039137	0.271742380305968
SA150_1492	cds	0.732091168646654	0.531836269456347	2.25569462784108	0.23577494173729	0.813607313632047	NA
SA150_1493	cds	4.23720823288054	-0.65743085305565	0.922228733562442	-0.712871795390808	0.475925093560683	0.744249336830363
SA150_1494	cds	1.38409326756898	0.741611364307223	1.64591844071018	0.450576010307797	0.652295159929232	NA
SA150_1495	cds	0.174472577444743	0.302687362968557	3.95709083907654	0.0764923968839682	0.939027362662346	NA
SA150_1496	cds	0.301815828230888	1.03511020641105	2.9526620728027	0.350568463606305	0.725912119147978	NA
SA150_1497	cds	1.17190218497143	0.721220875028063	1.80432126916326	0.399718657289079	0.689363748676284	NA
SA150_1498	cds	0.544342454927148	-0.113592070127868	2.46917117775878	-0.04600412930098	0.963306958689773	NA
SA150_1499	cds	0.493016450739941	0.0370386855463498	2.72804377735556	0.0135770128961249	0.989167443833094	NA
SA150_1500	cds	0.379482031614269	1.37934982819988	2.69903613049879	0.511052746798531	0.609314122580524	NA
SA150_1501	cds	1.14632515460448	1.70811780509589	1.85915046215118	0.918762542284752	0.358219788801512	NA
SA150_1502	cds	0.895291894447815	1.27123984908906	2.08242575563917	0.610461067169653	0.541556426092977	NA
SA150_1503	cds	0.329804984211505	1.20856125002957	3.06240819108155	0.394644075714393	0.693105580552141	NA
SA150_1504	cds	0.806228985017631	1.07001537749038	2.01951808646836	0.529836986685065	0.596224958580688	NA
SA150_1505	cds	0.959149266170721	0.272839549446821	1.90229849510368	0.143426255211304	0.885953548671635	NA
SA150_1506	cds	0.864755017723031	1.22108279739105	1.99220414442814	0.612930557747415	0.539922256975106	NA
SA150_1507	cds	1.49168717406858	-0.417912948679798	1.54641451410969	-0.270246395689322	0.786970701467886	NA
SA150_1508	cds	0.0776662033833809	-0.465079868291158	4.0804728567969	-0.113976954292556	0.909256062186082	NA
SA150_1509	cds	0	NA	NA	NA	NA	NA
SA150_1510	cds	0	NA	NA	NA	NA	NA
SA150_1511	cds	0.348945154889486	1.2797532951547	2.98183067994069	0.429183757402401	0.66778950240477	NA
SA150_1512	cds	0.202597328555855	-2.38863321993365	4.0804728567969	-0.585381475079504	0.558291242052261	NA
SA150_1513	cds	1.0654836567782	-0.956416669312186	1.82204099968536	-0.524915009858365	0.599642274557185	NA
SA150_1514	cds	0.0776662033833809	-0.465079868291158	4.0804728567969	-0.113976954292556	0.909256062186082	NA
SA150_1515	cds	0.411135169737785	-1.42686066762455	2.94786477782286	-0.484031926552056	0.628363211167821	NA
SA150_1516	cds	0.934552902072014	1.15422972689319	2.0490343785722	0.563304227085482	0.573227740208904	NA
SA150_1517	cds	2.97975745504435	0.626512712347895	1.121198657945	0.558788318116795	0.576306195965961	NA
SA150_1518	cds	2.45020449804591	1.19663355240558	1.27369358818739	0.939498764462281	0.347474726299325	NA
SA150_1519	cds	5.5382068056069	1.35737582119851	0.907949219617399	1.49499090022953	0.134916817034716	0.4038368428257
SA150_1520	cds	1.90640547923175	1.41832174821334	1.50217015764582	0.94418181655007	0.345076745545553	NA
SA150_1521	cds	0	NA	NA	NA	NA	NA
SA150_1522	cds	3.86171846480441	-0.195726468413939	0.998131952615626	-0.196092779016876	0.844537548052545	0.918289701052436
SA150_1523	cds	4.40599414346104	-0.371590965025398	0.882359067429087	-0.421133503062529	0.67365759823245	0.861637270456897
SA150_1524	cds	3.44145546014011	-0.115359898659262	0.992872344170697	-0.116188047070258	0.907503509648311	0.950371251594761
SA150_1525	cds	5.30270650817169	0.607734374738454	0.838592116663814	0.724707951174421	0.468631216179797	0.739042440137329
SA150_1526	cds	3.31780558066963	-1.05195757879164	1.02861720591541	-1.02269101930436	0.306453958915426	NA
SA150_1527	cds	0.532402312767359	0.267481073348654	2.46401652973736	0.108554902177205	0.913555532133444	NA
SA150_1528	cds	5.19307196871809	0.237239288137995	0.837610637226658	0.283233375501889	0.776997945432976	0.900683860642034
SA150_1529	cds	2.69215829945643	1.28626442358737	1.23933375341637	1.03786766078277	0.299331671222328	NA
SA150_1530	cds	1.34457181041107	1.8654066486357	1.74336786731632	1.07000173836359	0.284618526240611	NA
SA150_1531	cds	2.62892521056401	-0.650307216120285	1.13016770971577	-0.575407712085344	0.565015589594842	NA
SA150_1532	cds	2.61698506840423	-0.489014683820957	1.11719324748904	-0.43771718538404	0.661591310123206	NA
SA150_1533	cds	4.16859597685623	2.00049347312461	1.14251838116926	1.75095079965129	0.0799543852810761	0.33536422715118
SA150_1534	cds	3.68365838343963	0.272375472178893	1.00510039058889	0.270993300499375	0.786396184965253	0.902220423137431
SA150_1535	cds	2.03718223871728	0.453301876617517	1.35081586091177	0.335576365169083	0.737190349332447	NA
SA150_1536	cds	0	NA	NA	NA	NA	NA
SA150_1537	cds	2.73417272894552	-0.808343756578556	1.18101093289285	-0.684450697334819	0.493690611951226	NA
SA150_1538	cds	0.870831125479602	0.915345771923817	2.03689831666106	0.449382163280627	0.653155996074214	NA
SA150_1539	cds	1.82099581121719	1.31969651198774	1.4984161316763	0.880727645738421	0.378465249735943	NA
SA150_1540	cds	2.62811058419004	0.541040996544224	1.18615019640699	0.456131945332987	0.648295099608411	NA
SA150_1541	cds	8.35553769276192	0.966261328779149	0.678112426141711	1.4249279198096	0.154178038031345	0.437199694699214
SA150_1542	cds	1.88448169028043	2.43852253219656	1.6236418884355	1.5018844669906	0.133126948826355	NA
SA150_1543	cds	1.7234262683266	0.227143746076102	1.40324026508431	0.16187088678107	0.871407529412382	NA
SA150_1544	cds	6.10738708715888	0.775424347436691	0.792421618718578	0.978550217610956	0.327802267137008	0.622894170145582
SA150_1545	cds	2.01738143688598	1.76761007242693	1.52381122352075	1.15999281613301	0.246051730974425	NA
SA150_1546	cds	2.68487046507066	1.56227556162037	1.31856544261066	1.18482974840232	0.236084768050514	NA
SA150_1547	cds	3.6560770684415	0.496077586043248	0.982070221756618	0.505134536261491	0.613464345795331	0.838308744028008
SA150_1548	cds	1.33980230759671	3.20069312948002	1.78723462799793	1.79086342628973	0.0733152140243286	NA
SA150_1549	cds	0.8594344194328	0.902239681687296	2.13014569204183	0.423557733660209	0.671888385382322	NA
SA150_1550	cds	1.88552147345631	0.661922547678878	1.38382127555842	0.478329506396531	0.632415698459194	NA
SA150_1551	cds	10.5512952550465	0.416294581773146	0.615571675039051	0.676273127327922	0.498867251066308	0.759489281848277
SA150_1552	cds	10.7409860551252	1.11580010891757	0.6166961754249	1.80931900242253	0.0704014585052896	0.311283860577035
SA150_1553	cds	3.5963723665615	-1.03959603994311	0.97061416146345	-1.07107034001612	0.284137803272331	0.58176011246267
SA150_1554	cds	5.64738183702941	-0.0897078734586065	0.770802884075151	-0.116382379090658	0.90734949993683	0.950371251594761
SA150_1555	cds	0.889208127328354	-1.00395335415752	2.01116994519052	-0.499188721747937	0.617646439150619	NA
SA150_1556	cds	1.26088095681586	-1.84288838310417	1.72291100711776	-1.06963643246271	0.284782989516369	NA
SA150_1557	cds	0.938885174731119	-0.853264448837512	1.98348703951881	-0.430184030365287	0.667061777794777	NA
SA150_1558	cds	0.787632250452636	0.793547056627734	2.08026845625244	0.381463774179075	0.702859146747321	NA
SA150_1559	cds	0	NA	NA	NA	NA	NA
SA150_1560	cds	0	NA	NA	NA	NA	NA
SA150_1561	cds	0.0776662033833809	-0.465079868291158	4.0804728567969	-0.113976954292556	0.909256062186082	NA
SA150_1562	cds	0.0968063740613619	-0.465079868291158	4.0804728567969	-0.113976954292556	0.909256062186082	NA
SA150_1563	cds	1.18329889101823	0.727314448759745	1.76169647951153	0.412848897195621	0.679717323915346	NA
SA150_1564	cds	4.40337217977125	0.389488770890727	0.916856825542728	0.424808716082985	0.670976123272795	0.861637270456897
SA150_1565	cds	0.301815828230888	1.03511020641105	2.9526620728027	0.350568463606305	0.725912119147978	NA
SA150_1566	cds	0	NA	NA	NA	NA	NA
SA150_1567	cds	0.155332406766762	0.190694617863238	4.05547473765639	0.0470215277369569	0.962496069851027	NA
SA150_1568	cds	5.51404224757779	1.96785218203124	0.968553937873104	2.0317424823573	0.0421797327593678	0.235894060987576
SA150_1569	cds	18.0552912423193	1.90140814104078	0.5467171971514	3.47786415160859	0.000505426006891899	0.0098476551020228
SA150_1570	cds	0.945949608118816	1.17297950673927	1.94532136682069	0.602974668733686	0.546525540906375	NA
SA150_1571	cds	0.983113688076046	2.74435944514699	1.92677475795009	1.42432810779955	0.154351514586847	NA
SA150_1572	cds	0.232998610150143	0.712129387067871	3.84100498556511	0.185401838775041	0.852913866289991	NA
SA150_1573	cds	6.18948044151438	0.77859243065571	0.780581603057317	0.997451679114885	0.318545317306175	0.620649585977193
SA150_1574	cds	3.29617243766047	0.232101855286557	1.04074854297029	0.223014345640245	0.823524341450355	NA
SA150_1575	cds	0.702222582438077	0.499512172924715	2.26027428007397	0.22099626462518	0.825095341476025	NA
SA150_1576	cds	4.01780967190575	2.11098162437664	1.1227323639698	1.88021802178441	0.0600783704475598	0.277002562979589
SA150_1577	cds	1.52745614300319	2.12148120018586	1.68135384624215	1.26176961793462	0.207031697655411	NA
SA150_1578	cds	30.8368559277329	0.912129739622802	0.386187807537182	2.36188124487846	0.0181824656391737	0.139015306912163
SA150_1579	cds	0	NA	NA	NA	NA	NA
SA150_1580	cds	7.72131770203061	1.47511263686792	0.758342463088051	1.94518005870475	0.0517533110147716	0.251809727035554
SA150_1581	cds	13.8291216150954	0.859282640039315	0.53663177369623	1.60125188659762	0.109321140813042	0.378055163935789
SA150_1582	cds	0.391994999059804	-1.42686038851889	2.99387508388092	-0.476593160550063	0.633651854632182	NA
SA150_1583	cds	1.00627859282932	0.424091990260831	1.96567104652234	0.215749217556587	0.829183234495376	NA
SA150_1584	cds	2.26053563728097	2.87414808051906	1.56392756709584	1.83777570073545	0.0660954636518432	NA
SA150_1585	cds	0.78100504722019	-1.62970725500048	2.15360779071292	-0.756733543604516	0.449209514322376	NA
SA150_1586	cds	2.32339394264548	1.84908459837421	1.42402801292491	1.29848892127918	0.194119380857607	NA
SA150_1587	cds	3.578432594868	-0.569069501925425	0.982665190190508	-0.579108233003654	0.562516145157915	0.812810303825773
SA150_1588	cds	37.6470394202176	-0.483897897454806	0.310471906210556	-1.55858835461472	0.119093841062057	0.386468635022375
SA150_1589	cds	6.86939500869062	-1.27584642440356	0.696472491484652	-1.8318690831333	0.066970927721791	0.30413864920272
SA150_1590	cds	4.6905098015547	0.0472052426209005	0.928580195877262	0.0508359351518412	0.959456255774366	0.977253926623469
SA150_1591	cds	2.53507439822931	-0.456197882180974	1.23892863004432	-0.368219662632749	0.712709450088779	NA
SA150_1592	cds	5.47155864695675	-1.6432109089332	0.794416063629131	-2.06845126145426	0.0385976091639797	0.226339378010134
SA150_1593	cds	4.74751586883426	0.329071524466332	0.943111742173728	0.348921034222173	0.727148593391289	0.883697686938307
SA150_1594	cds	5.84279753715724	-0.119687552819431	0.760970434756542	-0.15728278964967	0.875021983310699	0.937080279999401
SA150_1595	cds	12.3118579013689	-0.144493160481061	0.547890620205215	-0.263726289796567	0.791990836166397	0.904276871539705
SA150_1596	cds	0.329804984211505	1.20856125002957	3.06240819108155	0.394644075714393	0.693105580552141	NA
SA150_1597	cds	3.80969811064795	-1.18150611405283	0.936062789130602	-1.26220818493404	0.206873884266704	0.495840579750353
SA150_1598	cds	0.669273580099621	-1.45642978809598	2.24745132903543	-0.648036186270186	0.516961545865127	NA
SA150_1599	cds	10.703571797688	0.353898806848026	0.576866196368919	0.613485083847242	0.539555642581003	0.793340203830261
SA150_1600	cds	6.93397871021095	0.541223199813085	0.716802720053537	0.75505182203084	0.450217888932699	0.723222353498271
SA150_1601	cds	7.42398851909307	-0.789801757044109	0.677905330151611	-1.16506202550063	0.243993886869514	0.543809253391832
SA150_1602	cds	44.8450677615054	0.440968121217581	0.322375245250429	1.36787215431205	0.171352097257632	0.45794985284783
SA150_1603	cds	9.99769597383427	0.342091013032267	0.596920413244641	0.573093171957021	0.566581610163186	0.812862927645046
SA150_1604	cds	1.93574195697206	0.52193002060247	1.39426943851824	0.374339425496661	0.708151803460059	NA
SA150_1605	cds	2.42020031670684	1.9224654962017	1.4057332058788	1.3675891614155	0.17144071099287	NA
SA150_1606	cds	3.78094907670634	0.800731794856053	1.00868493377523	0.793837369870425	0.427290114274592	0.703224057280255
SA150_1607	cds	12.3254188982706	-0.260361027038212	0.528119635243729	-0.492996301714959	0.622015200485331	0.839456423256147
SA150_1608	cds	2.85937609996999	-0.291025190510694	1.08848371316839	-0.2673675195962	0.789186205007417	NA
SA150_1609	cds	4.1593299561438	-0.531698445404497	0.890216270734429	-0.597268846777924	0.550327900298168	0.799033778317532
SA150_1610	cds	7.51317603457116	-0.667903251589479	0.720511340349692	-0.926985064891997	0.353934288724156	0.64915889267067
SA150_1611	cds	3.63613195652582	-0.484422652735538	1.02730768883813	-0.471545826044983	0.637251002684635	0.849668003579513
SA150_1612	cds	2.92762049276499	0.214037192973564	1.1350776781226	0.188566119393324	0.850432889182618	NA
SA150_1613	cds	6.55474946876751	-0.13877748499221	0.731937812791978	-0.189602835878697	0.849620364813665	0.918289701052436
SA150_1614	cds	89.2033938425548	-1.03732626779231	0.219122409766902	-4.73400355945244	2.20133862719964e-06	9.5750516184164e-05
SA150_1615	cds	14.4350341316836	1.73886923452422	0.57372891697859	3.03082027603136	0.00243890372523665	0.0398134554065659
SA150_1616	cds	1.61065501803016	2.17443756136211	1.68217843722631	1.29263193085953	0.196138390468878	NA
SA150_1617	cds	4.89093243709046	0.548030282230562	0.861831145990469	0.635890550927736	0.524847761860333	0.785632343008802
SA150_1618	cds	0.127343250786145	-0.465079868291158	4.0804728567969	-0.113976954292556	0.909256062186082	NA
SA150_1619	cds	1.20962069012424	0.406768926733562	1.79024605994291	0.2272139768019	0.820257359983685	NA
SA150_1620	cds	0.39862220229225	1.44100982488359	2.65794118908245	0.542152637087143	0.587713360036441	NA
SA150_1621	cds	0	NA	NA	NA	NA	NA
SA150_1622	cds	14.8003531202685	-0.425410872557804	0.493395575502757	-0.862210554126516	0.388571662920907	0.668699786615051
SA150_1623	cds	2.36413786715986	0.265483543526824	1.24321261627756	0.213546371755572	0.830900823707843	NA
SA150_1624	cds	5.05817962677678	-0.44181572140106	0.867393992731277	-0.509359904614807	0.610499975398672	0.836149626169609
SA150_1625	cds	0.301815828230888	1.03511020641105	2.9526620728027	0.350568463606305	0.725912119147978	NA
SA150_1626	cds	0.506825282400415	1.77985233141917	2.43044830724628	0.732314415456856	0.463976682669059	NA
SA150_1627	cds	1.65060271626073	2.34796266696002	1.65279616869586	1.42060025999013	0.155433002872792	NA
SA150_1628	cds	1.67215501255238	3.51261914738531	1.66869013269063	2.10501583162207	0.0352899299853878	NA
SA150_1629	cds	0.990093983877995	1.32677440839705	2.0092322897304	0.660338983789214	0.509036318423481	NA
SA150_1630	cds	1.4539502688256	-0.771750848729809	1.50843392575749	-0.511623900491536	0.608914254963546	NA
SA150_1631	cds	0.271278951506105	0.91026159246763	3.30825804380472	0.275148304761852	0.78320230137033	NA
SA150_1632	cds	6.52375472652008	-0.967432693070908	0.827667903230315	-1.16886578456782	0.242457710743351	0.54238687884809
SA150_1633	cds	1.6828400073147	-0.841006619712773	1.44251692503216	-0.58301334640772	0.559884315664006	NA
SA150_1634	cds	0.314328795676423	-2.38864264359365	3.44927819898273	-0.692505070857467	0.488620202541567	NA
SA150_1635	cds	0.205009454169526	0.470684851198704	3.71809277615048	0.126593089397309	0.899262466796815	NA
SA150_1636	cds	12.5913214254471	0.641182430212227	0.555062500521214	1.15515357209349	0.248027543358669	0.547951662373471
SA150_1637	cds	4.53928556623615	0.493408961849206	0.894381159706962	0.551676381477969	0.581170094566715	0.825914494518056
SA150_1638	cds	1.03626437407823	-2.03291665918222	1.94283842671805	-1.04636424276224	0.295392895123858	NA
SA150_1639	cds	0.57246720603826	-2.25132917337209	2.49348259526004	-0.902885457332539	0.366586689675189	NA
SA150_1640	cds	6.62519332690539	0.403413437989353	0.743532194240845	0.542563511188971	0.587430367832859	0.825914494518056
SA150_1641	cds	3.41789674599987	3.43728271420799	1.43381282643379	2.39730224952532	0.0165162934190431	NA
SA150_1642	cds	7.1097248739948	-0.335192610429927	0.692832294495784	-0.483800499908663	0.628527460262098	0.841752962302233
SA150_1643	cds	11.0019725561611	-0.534984020206638	0.550384712939701	-0.972018313061776	0.331041438107172	0.622894170145582
SA150_1644	cds	4.65577554708848	0.473296941809824	0.895260020499208	0.528669806505944	0.597034525990538	0.82898587057077
SA150_1645	cds	7.46616129026207	0.281724878884447	0.699105086510619	0.402979300709419	0.686963452063552	0.865398529820445
SA150_1646	cds	1.04455893418528	0.49511202227229	1.9646032113639	0.25201629489782	0.801028468716635	NA
SA150_1647	cds	1.22322818915863	0.539644523386577	1.69277291654932	0.318793216804668	0.749883322330352	NA
SA150_1648	cds	2.78375431111783	-1.31151952764067	1.14914403349515	-1.1413012550321	0.253744580060663	NA
SA150_1649	cds	4.89653118479174	1.05915851490503	0.938588495106717	1.12845887247382	0.259126176602297	0.556851388087466
SA150_1650	cds	0.640605392875524	0.647123402340972	2.32773157868976	0.278006024519901	0.781007734089444	NA
SA150_1651	cds	1.62792649920745	0.861667021828097	1.55454043708883	0.554290516521868	0.579380039508957	NA
SA150_1652	cds	10.2955525571301	0.934059748748928	0.64595928187239	1.44600406706975	0.148176061083158	0.430280485068401
SA150_1653	cds	13.3202074418045	0.091860749874624	0.544380126702389	0.168743760781782	0.865998196186682	0.929063784186068
SA150_1654	cds	4.52006891733531	0.327170783287117	0.906483463999538	0.360923057375577	0.718156966455683	0.876296581291379
SA150_1655	cds	6.37563708007985	-0.0545188656181342	0.736594452569446	-0.0740147654220816	0.94099863637884	0.969411305078446
SA150_1656	cds	2.40838811031466	0.244389774059149	1.19859474844712	0.203896917098775	0.838434054273502	NA
SA150_1657	cds	1.56291651776299	0.427450700289934	1.55508482085789	0.274872916613077	0.783413875361856	NA
SA150_1658	cds	2.68610392150973	0.0813328319029504	1.12650482666277	0.0721992751188613	0.942443322041343	NA
SA150_1659	cds	0.379482031614269	1.37934982819988	2.69903613049879	0.511052746798531	0.609314122580524	NA
SA150_1660	cds	0.537362159125198	1.8529663947879	2.5653215940264	0.722313490481159	0.470101760586871	NA
SA150_1661	cds	1.57529389007803	0.196627789645741	1.46843259671226	0.13390317681995	0.893479138172441	NA
SA150_1662	cds	4.10920056936386	1.50035039206703	1.02544215852544	1.46312532559076	0.143433089161991	0.422602857823624
SA150_1663	cds	0.984229949474778	1.24088575961518	1.93204060557843	0.642266915111588	0.520699892109299	NA
SA150_1664	cds	0.606179377205944	2.00879267249614	2.50443065747248	0.80209554475086	0.422497691960115	NA
SA150_1665	cds	0.0776662033833809	-0.465079868291158	4.0804728567969	-0.113976954292556	0.909256062186082	NA
SA150_1666	cds	3.25642582370066	0.401907952286864	1.07765731236217	0.372945970557097	0.709188656679845	NA
SA150_1667	cds	0	NA	NA	NA	NA	NA
SA150_1668	cds	2.9414223652754	-0.77117813478032	1.08786346557446	-0.708892392459459	0.47839125639924	NA
SA150_1669	cds	0	NA	NA	NA	NA	NA
SA150_1670	cds	12.6211726723759	-1.18909858771839	0.559145599268467	-2.12663497535185	0.0334504241114101	0.214463871147433
SA150_1671	cds	0.396210076678579	-0.546750302927659	2.96082623675434	-0.184661394897327	0.853494627757098	NA
SA150_1672	cds	0.391994999059804	-1.42686038851889	2.99387508388092	-0.476593160550063	0.633651854632182	NA
SA150_1673	cds	0.202597328555855	-2.38863321993365	4.0804728567969	-0.585381475079504	0.558291242052261	NA
SA150_1674	cds	0.0968063740613619	-0.465079868291158	4.0804728567969	-0.113976954292556	0.909256062186082	NA
SA150_1675	cds	0.0776662033833809	-0.465079868291158	4.0804728567969	-0.113976954292556	0.909256062186082	NA
SA150_1676	cds	0	NA	NA	NA	NA	NA
SA150_1677	cds	0	NA	NA	NA	NA	NA
SA150_1678	cds	3.07218376718368	1.42591870045952	1.2364026088337	1.15328024243219	0.24879537696825	NA
SA150_1679	cds	0.629208686828721	0.625458663779726	2.3101782103773	0.270740439404273	0.786590671809319	NA
SA150_1680	cds	0	NA	NA	NA	NA	NA
SA150_1681	cds	0.0968063740613619	-0.465079868291158	4.0804728567969	-0.113976954292556	0.909256062186082	NA
SA150_1682	cds	0.271278951506105	0.91026159246763	3.30825804380472	0.275148304761852	0.78320230137033	NA
SA150_1683	cds	0.0968063740613619	-0.465079868291158	4.0804728567969	-0.113976954292556	0.909256062186082	NA
SA150_1684	cds	11.9593247350343	0.67227335524828	0.572756842100218	1.17375002065999	0.240495168274308	0.539996586013687
SA150_1685	cds	0.602868487632547	0.198081454132864	2.54126229470215	0.0779460878736566	0.937870938082558	NA
SA150_1686	cds	0	NA	NA	NA	NA	NA
SA150_1687	cds	0	NA	NA	NA	NA	NA
SA150_1688	cds	0	NA	NA	NA	NA	NA
SA150_1689	cds	0	NA	NA	NA	NA	NA
SA150_1690	cds	0.387225496245448	1.41054551820978	3.15817825569838	0.446632648320181	0.655140318673044	NA
SA150_1691	cds	3.77988427285236	-0.0059094715907991	0.949264879244869	-0.00622531362953197	0.995032950451473	0.996683088014411
SA150_1692	cds	1.61951474406007	0.802077997223462	1.60859114450923	0.498621417854549	0.61804611371634	NA
SA150_1693	cds	1.58011814130538	2.14800202245962	1.67353816579448	1.2835094331057	0.199313656871207	NA
SA150_1694	cds	7.25091210826195	-0.414176644701675	0.716077976163726	-0.578396010614039	0.562996786735628	0.812810303825773
SA150_1695	cds	0.314328795676423	-2.38864264359365	3.44927819898273	-0.692505070857467	0.488620202541567	NA
SA150_1696	cds	0.292203674099024	-2.38864132792654	3.54415978309543	-0.673965473938176	0.500333264330309	NA
SA150_1697	cds	0.545105623756377	1.87673598216633	2.55425638590171	0.734748474164547	0.462492692593382	NA
SA150_1698	cds	0.292203674099024	-2.38864132792654	3.54415978309543	-0.673965473938176	0.500333264330309	NA
SA150_1699	cds	0.764295402246045	0.995467342871251	2.21763149313186	0.448887628965531	0.653512720691492	NA
SA150_1700	cds	0	NA	NA	NA	NA	NA
SA150_1701	cds	1.00936974968647	0.00275616437043837	1.92720136205672	0.001430138243311	0.998858915164824	NA
SA150_1702	cds	2.47022503259346	0.995312502726489	1.31093873825137	0.759236472067423	0.44771111213531	NA
SA150_1703	cds	0	NA	NA	NA	NA	NA
SA150_1704	cds	0	NA	NA	NA	NA	NA
SA150_1705	cds	0	NA	NA	NA	NA	NA
SA150_1706	cds	0	NA	NA	NA	NA	NA
SA150_1707	cds	0	NA	NA	NA	NA	NA
SA150_1708	cds	0	NA	NA	NA	NA	NA
SA150_1709	cds	0	NA	NA	NA	NA	NA
SA150_1710	cds	0	NA	NA	NA	NA	NA
SA150_1711	cds	0	NA	NA	NA	NA	NA
SA150_1712	cds	0	NA	NA	NA	NA	NA
SA150_1713	cds	2.90548841203753	-1.19884854990981	1.13398085373338	-1.05720351976214	0.290418713808252	NA
SA150_1714	cds	0.0776662033833809	-0.465079868291158	4.0804728567969	-0.113976954292556	0.909256062186082	NA
SA150_1715	cds	0.252138780828124	0.818407942809024	3.39897213417746	0.240781009817569	0.809724848643548	NA
SA150_1716	cds	1.01235470058589	-0.0693742555687596	1.82760644830948	-0.0379590779146847	0.969720309589362	NA
SA150_1717	cds	0.39862220229225	1.44100982488359	2.65794118908245	0.542152637087143	0.587713360036441	NA
SA150_1718	cds	3.46797138436682	-1.15091027374018	1.10666859361174	-1.03997735219362	0.29835042282105	0.600678851279713
SA150_1719	cds	3.29478393040974	0.0882648829915818	1.13504799231083	0.0777631285985399	0.9380164767146	NA
SA150_1720	cds	1.07929248843867	0.192282282948081	1.76991012198094	0.108639574721948	0.913488370418371	NA
SA150_1721	cds	3.72184692784696	-1.43649492407565	0.960957230309776	-1.49485833371854	0.13495141840664	0.4038368428257
SA150_1722	cds	3.55693175612109	-2.99710312146903	1.1303648872565	-2.65144747086338	0.00801475790118539	0.0849283117950171
SA150_1723	cds	2.20302556357563	1.67484909246531	1.44408939263998	1.15979599393322	0.246131875527257	NA
SA150_1724	cds	3.98270133412446	0.316957473362277	0.950529424631469	0.333453615583931	0.738791897175763	0.889017044879264
SA150_1725	cds	2.09454800233824	-1.73073826543937	1.27929230570847	-1.35288726252512	0.176091649225092	NA
SA150_1726	cds	0.174472577444743	0.302687362968557	3.95709083907654	0.0764923968839682	0.939027362662346	NA
SA150_1727	cds	0	NA	NA	NA	NA	NA
SA150_1728	cds	0	NA	NA	NA	NA	NA
SA150_1729	cds	0	NA	NA	NA	NA	NA
SA150_1730	cds	0.426611358272866	1.57331234065908	2.76114838626526	0.569803618119615	0.568810901287504	NA
SA150_1731	cds	0.202597328555855	-2.38863321993365	4.0804728567969	-0.585381475079504	0.558291242052261	NA
SA150_1732	cds	0.202597328555855	-2.38863321993365	4.0804728567969	-0.585381475079504	0.558291242052261	NA
SA150_1733	cds	4.33120702358145	-0.376997146957406	0.900668302664356	-0.41857490248316	0.675526834823096	0.861637270456897
SA150_1734	cds	1.6345537024399	2.22056800563114	1.68777712714151	1.31567608656481	0.188282783796353	NA
SA150_1735	cds	1.12927117086619	1.56420763414469	1.96184167246871	0.797315938434702	0.425267566010927	NA
SA150_1736	cds	1.16580767712469	0.446276052451061	1.84466922939914	0.241927411884257	0.808836409326097	NA
SA150_1737	cds	0.914432065125796	1.30276753517168	1.96334030714735	0.663546472523932	0.506980626231795	NA
SA150_1738	cds	0.68241412124389	0.39541977718786	2.29530127494073	0.172273584084543	0.863222450704283	NA
SA150_1739	cds	0.970545972217524	0.300548045998013	2.0077884158243	0.149691094753439	0.881008334372008	NA
SA150_1740	cds	5.76264605965704	-1.34769786716341	0.774363114820821	-1.74039522462953	0.0817896434772896	0.336241362326839
SA150_1741	cds	0	NA	NA	NA	NA	NA
SA150_1742	cds	5.32606508618815	-0.157577226529946	0.827988806915969	-0.190313232755981	0.849063684909922	0.918289701052436
SA150_1743	cds	11.446854710325	-0.491814454381302	0.55397830412516	-0.88778649040773	0.374655611220154	0.661672482973605
SA150_1744	cds	12.6443290884951	-0.373011106886189	0.542155798333781	-0.688014603980207	0.491443584842753	0.755297519707437
SA150_1745	cds	4.10916788932286	-0.591980926119178	0.944403991419176	-0.626830182313816	0.530770556702363	0.789619251842925
SA150_1746	cds	6.19105600144036	-0.0971498480619258	0.742390473776738	-0.130860849503764	0.895885385857046	0.948189835651166
SA150_1747	cds	0.0776662033833809	-0.465079868291158	4.0804728567969	-0.113976954292556	0.909256062186082	NA
SA150_1748	cds	0.0776662033833809	-0.465079868291158	4.0804728567969	-0.113976954292556	0.909256062186082	NA
SA150_1749	cds	0.271278951506105	0.91026159246763	3.30825804380472	0.275148304761852	0.78320230137033	NA
SA150_1750	cds	0.271278951506105	0.91026159246763	3.30825804380472	0.275148304761852	0.78320230137033	NA
SA150_1751	cds	0.652545535035312	0.360052295523045	2.32291131672272	0.155000448330083	0.87682096386122	NA
SA150_1752	cds	1.36625970183321	1.85978332140658	1.75516359242824	1.05960682493055	0.289323507379057	NA
SA150_1753	cds	0.0776662033833809	-0.465079868291158	4.0804728567969	-0.113976954292556	0.909256062186082	NA
SA150_1754	cds	2.97348334438141	-1.0417489544777	1.10123143189412	-0.945985488886641	0.344155987650322	NA
SA150_1755	cds	7.95150746372545	-0.760895176168376	0.647877527278752	-1.17444292189656	0.240217661632801	0.539996586013687
SA150_1756	cds	0.174472577444743	0.302687362968557	3.95709083907654	0.0764923968839682	0.939027362662346	NA
SA150_1757	cds	0.74094015394929	0.630331597041711	2.20338402149319	0.28607432517122	0.774821195695891	NA
SA150_1758	cds	0.320955998908869	1.11606791384077	3.11434426230997	0.358363693875306	0.720071157927944	NA
SA150_1759	cds	0.282675657552907	0.952699367419988	3.25887096814809	0.292340315628199	0.770026437010817	NA
SA150_1760	cds	0.411135169737785	-1.42686066762455	2.94786477782286	-0.484031926552056	0.628363211167821	NA
SA150_1761	cds	12.3699837524547	0.0147233574365315	0.533045482885511	0.0276212028977906	0.977964270648956	0.989431188395259
SA150_1762	cds	2.03597051208809	0.606764147067118	1.35318995225321	0.448395397894279	0.653867862545622	NA
SA150_1763	cds	1.40024848734754	0.810351213313377	1.61463312373908	0.501879468096636	0.615752308754481	NA
SA150_1764	cds	0.808556973045555	-1.40728866554084	2.21860834324078	-0.634311445653888	0.525877588369771	NA
SA150_1765	cds	0.787632250452636	0.793547056627734	2.08026845625244	0.381463774179075	0.702859146747321	NA
SA150_1766	cds	0.994510394122848	2.75636834341312	1.96391946680867	1.40350375358933	0.160466673450389	NA
SA150_1767	cds	0.542557903012209	1.90931882954867	2.54114025475722	0.751363025308922	0.452434208580226	NA
SA150_1768	cds	0.301815828230888	1.03511020641105	2.9526620728027	0.350568463606305	0.725912119147978	NA
SA150_1769	cds	4.6381660825636	-0.202325924074881	0.853550863966338	-0.237040266276223	0.812625552308405	0.910623067892906
SA150_1770	cds	0.478836126419798	1.66950596957406	2.70436235507956	0.617338119072043	0.537011728806524	NA
SA150_1771	cds	0.936473049117447	-2.91390678727035	2.05489449130194	-1.4180323124153	0.156181331195497	NA
SA150_1772	cds	0.516353298946531	-0.408726700979824	2.56061051352913	-0.159620800906774	0.873179792322889	NA
SA150_1773	cds	0	NA	NA	NA	NA	NA
SA150_1774	cds	1.32737018686868	0.0477079202221847	1.66892171540101	0.0285860743388562	0.977194718614504	NA
SA150_1775	cds	2.00436883150932	-0.914176523841401	1.2728899450825	-0.718189759745609	0.472640291102857	NA
SA150_1776	cds	0.391994999059804	-1.42686038851889	2.99387508388092	-0.476593160550063	0.633651854632182	NA
SA150_1777	cds	0.407606782725381	-0.504806469405644	2.7495205503951	-0.183597998324873	0.854328833534249	NA
SA150_1778	cds	0.817625691064434	1.08957704115161	2.1423160958717	0.508597700988782	0.611034240769325	NA
SA150_1779	cds	2.89235449148121	-0.158372355942483	1.18132169860658	-0.134063698422953	0.893352204917435	NA
SA150_1780	cds	0.292203674099024	-2.38864132792654	3.54415978309543	-0.673965473938176	0.500333264330309	NA
SA150_1781	cds	2.98797120728536	-1.26454254368288	1.05497948460502	-1.19864183345359	0.230667244360511	NA
SA150_1782	cds	2.53488405468583	-1.800704338302	1.2202898903797	-1.47563652907237	0.140041493275809	NA
SA150_1783	cds	2.64327051918741	-2.16432250332844	1.19497395901306	-1.81118800707253	0.0701117540167348	NA
SA150_1784	cds	4.86452983011841	-1.0140771316326	0.835581465801836	-1.21361850775314	0.224893436251081	0.516485306067122
SA150_1785	cds	2.63308117127515	0.321447344156868	1.21044351702889	0.265561622359614	0.790576845447908	NA
SA150_1786	cds	0.613159673007893	0.138714870139706	2.38828224327057	0.0580814392982909	0.953683758725931	NA
SA150_1787	cds	0.616144623907312	0.0651311120036945	2.27217549968737	0.0286646484889287	0.977132051193756	NA
SA150_1788	cds	1.67692451536674	2.25524619188556	1.64461983948283	1.37128723474159	0.170285433442651	NA
SA150_1789	cds	0.205009454169526	0.470684851198704	3.71809277615048	0.126593089397309	0.899262466796815	NA
SA150_1790	cds	0	NA	NA	NA	NA	NA
SA150_1791	cds	1.34359114414283	1.97994891427168	1.75665351892182	1.12711407966604	0.259694251194246	NA
SA150_1792	cds	2.90071787044823	-0.0803363871354893	1.15619727082411	-0.0694832872925113	0.944604935307648	NA
SA150_1793	cds	6.2741410111467	-0.463204236537348	0.769429955575378	-0.602009621773778	0.547167732693785	0.796359784450714
SA150_1794	cds	0.949613590261716	-0.907003853910786	2.06030556430284	-0.440227833009662	0.659772103032979	NA
SA150_1795	cds	4.63602620280193	0.0151353046428848	0.869711571067513	0.01740267135265	0.986115378047698	0.993552479756511
SA150_1796	cds	0.759099658359034	0.919765050966351	2.10734694204515	0.436456395772085	0.662505629229695	NA
SA150_1797	cds	1.21722855962492	1.68766304675559	1.81031253376657	0.932249550990078	0.351207572997271	NA
SA150_1798	cds	2.99509038908605	0.838896749696572	1.13124646009036	0.741568508094658	0.458348809749758	NA
SA150_1799	cds	0	NA	NA	NA	NA	NA
SA150_1800	cds	7.58572402788139	0.0858062487892381	0.741606518471206	0.115703201970399	0.907887768493671	0.950371251594761
SA150_1801	cds	2.16931339240795	0.173423238851438	1.23584648873107	0.140327492478053	0.888401243377366	NA
SA150_1802	cds	0.507941543799147	-0.545711698419523	2.73157455153571	-0.199779170629892	0.841653292357926	NA
SA150_1803	cds	3.67052858302264	-0.513953068261565	0.954279904141877	-0.538576853636806	0.590178862288788	0.825914494518056
SA150_1804	cds	3.21815314170758	1.21058910066502	1.12062085029202	1.08028429093529	0.280015602869207	NA
SA150_1805	cds	2.07434631867451	1.44127527984582	1.4711554901256	0.979689291526057	0.327239513606014	NA
SA150_1806	cds	3.02333999460038	0.547185855266729	1.11675456333259	0.489978615922403	0.624149030816429	NA
SA150_1807	cds	0.9179604521382	1.0687815211639	1.9559936670483	0.546413589762155	0.58478167067981	NA
SA150_1808	cds	0.740502923794039	0.607633815776391	2.23170007010544	0.272273960070128	0.785411376979982	NA
SA150_1809	cds	1.85202137564198	-1.37437981996464	1.35264929214326	-1.01606516038385	0.309598358263963	NA
SA150_1810	cds	0.502001031173072	-2.07300532851007	2.75083521630637	-0.75359124247855	0.451094704535844	NA
SA150_1811	cds	0.0776662033833809	-0.465079868291158	4.0804728567969	-0.113976954292556	0.909256062186082	NA
SA150_1812	cds	0.301815828230888	1.03511020641105	2.9526620728027	0.350568463606305	0.725912119147978	NA
SA150_1813	cds	1.62828725113985	0.383021459199236	1.54523696187419	0.247872312564072	0.804233202874613	NA
SA150_1814	cds	3.52809858459374	-1.24294138093769	0.990158004888971	-1.25529599801303	0.209371327423093	0.499843010923114
SA150_1815	cds	2.26313481556989	0.319377396549289	1.25163789104978	0.255167567898907	0.798593679168602	NA
SA150_1816	cds	2.28342063681936	-0.796970854382363	1.24919520070014	-0.637987444985123	0.523481852882931	NA
SA150_1817	cds	2.14346188091177	-2.8214784196483	1.45130682771972	-1.94409504989471	0.0518839900966263	NA
SA150_1818	cds	1.96138472483458	1.287330386528	1.50654505045297	0.854491796405914	0.392832552917773	NA
SA150_1819	cds	0.205009454169526	0.470684851198704	3.71809277615048	0.126593089397309	0.899262466796815	NA
SA150_1820	cds	2.6936298887019	0.82161605946437	1.21624132364418	0.675537036517218	0.499334629037484	NA
SA150_1821	cds	15.2270859514484	-0.425989565058828	0.511371838703298	-0.833032898602754	0.404826175367892	0.681100306189991
SA150_1822	cds	0.127343250786145	-0.465079868291158	4.0804728567969	-0.113976954292556	0.909256062186082	NA
SA150_1823	cds	5.6184532002716	0.35527544307407	0.811826156083435	0.437625026505745	0.66165812626361	0.859801290521812
SA150_1824	cds	1.90036242892976	-1.45470437869094	1.35818049290651	-1.07106852608217	0.284138618825808	NA
SA150_1825	cds	0	NA	NA	NA	NA	NA
SA150_1826	cds	0	NA	NA	NA	NA	NA
SA150_1827	cds	2.04559399386466	0.487495829747035	1.41319941776434	0.344958980041364	0.730125209171712	NA
SA150_1828	cds	0.314328795676423	-2.38864264359365	3.44927819898273	-0.692505070857467	0.488620202541567	NA
SA150_1829	cds	1.88552147345631	0.661922547678878	1.38382127555842	0.478329506396531	0.632415698459194	NA
SA150_1830	cds	0.560527063878471	-1.3827775395487	2.6303954967462	-0.525691874571411	0.599102310273164	NA
SA150_1831	cds	1.58780685752357	-0.875523176915665	1.45869053369551	-0.600211735588342	0.548365133449602	NA
SA150_1832	cds	2.23977956727313	0.0965257209759595	1.23076095946751	0.0784276753608769	0.937487859572414	NA
SA150_1833	cds	0.562939189492143	0.357961004389938	2.42580415358615	0.14756385170697	0.882686984872374	NA
SA150_1834	cds	2.02282997094382	0.000728783549295827	1.27482949555682	0.000571671389653177	0.999543872249187	NA
SA150_1835	cds	0.516353298946531	-0.408726700979824	2.56061051352913	-0.159620800906774	0.873179792322889	NA
SA150_1836	cds	0.825233560565117	2.51071992093425	2.05907119640947	1.21934585132964	0.222712952665138	NA
SA150_1837	cds	0.391994999059804	-1.42686038851889	2.99387508388092	-0.476593160550063	0.633651854632182	NA
SA150_1838	cds	0	NA	NA	NA	NA	NA
SA150_1839	cds	3.56071289445285	0.395643921973047	1.00100425018919	0.395246995103437	0.692660613094225	0.865398529820445
SA150_1840	cds	0.816384575262481	2.47164401328674	2.0970416382183	1.1786337325122	0.238544053439612	NA
SA150_1841	cds	5.73955759427515	1.76299256293386	0.895893504639103	1.96785952103097	0.0490842034257933	0.249422404290285
SA150_1842	cds	1.15052183213309	1.55741684027312	1.84374934721806	0.844700958198589	0.398277824353864	NA
SA150_1843	cds	0	NA	NA	NA	NA	NA
SA150_1844	cds	10.9850605009345	0.968038037952372	0.617450791451209	1.56779787370127	0.116928311300145	0.385927322542554
SA150_1845	cds	0.174472577444743	0.302687362968557	3.95709083907654	0.0764923968839682	0.939027362662346	NA
SA150_1846	cds	1.19159678084499	-1.13419115824719	1.76479717683571	-0.642675075149883	0.520434957377195	NA
SA150_1847	cds	0.292203674099024	-2.38864132792654	3.54415978309543	-0.673965473938176	0.500333264330309	NA
SA150_1848	cds	0	NA	NA	NA	NA	NA
SA150_1849	cds	0.942285625975916	2.71477631863773	2.00428874313985	1.35448364310267	0.17558212836716	NA
SA150_1850	cds	0.379482031614269	1.37934982819988	2.69903613049879	0.511052746798531	0.609314122580524	NA
SA150_1851	cds	0	NA	NA	NA	NA	NA
SA150_1852	cds	0	NA	NA	NA	NA	NA
SA150_1853	cds	0.61373249829364	-2.28695964080147	2.44506499028533	-0.935336954186477	0.349614676547894	NA
SA150_1854	cds	0.314328795676423	-2.38864264359365	3.44927819898273	-0.692505070857467	0.488620202541567	NA
SA150_1855	cds	1.74377816563377	0.0512703339185996	1.51558501588118	0.0338287416287172	0.973013716551953	NA
SA150_1856	cds	0	NA	NA	NA	NA	NA
SA150_1857	cds	0	NA	NA	NA	NA	NA
SA150_1858	cds	0.57246720603826	-2.25132917337209	2.49348259526004	-0.902885457332539	0.366586689675189	NA
SA150_1859	cds	0	NA	NA	NA	NA	NA
SA150_1860	cds	0.127343250786145	-0.465079868291158	4.0804728567969	-0.113976954292556	0.909256062186082	NA
SA150_1861	cds	0	NA	NA	NA	NA	NA
SA150_1862	cds	0.202597328555855	-2.38863321993365	4.0804728567969	-0.585381475079504	0.558291242052261	NA
SA150_1863	cds	0	NA	NA	NA	NA	NA
SA150_1864	cds	0.407606782725381	-0.504806469405644	2.7495205503951	-0.183597998324873	0.854328833534249	NA
SA150_1865	cds	0	NA	NA	NA	NA	NA
SA150_1866	cds	0.202597328555855	-2.38863321993365	4.0804728567969	-0.585381475079504	0.558291242052261	NA
SA150_1867	cds	0	NA	NA	NA	NA	NA
SA150_1868	cds	0	NA	NA	NA	NA	NA
SA150_1869	cds	0.292203674099024	-2.38864132792654	3.54415978309543	-0.673965473938176	0.500333264330309	NA
SA150_1870	cds	0	NA	NA	NA	NA	NA
SA150_1871	cds	0	NA	NA	NA	NA	NA
SA150_1872	cds	0.0968063740613619	-0.465079868291158	4.0804728567969	-0.113976954292556	0.909256062186082	NA
SA150_1873	cds	0	NA	NA	NA	NA	NA
SA150_1874	cds	0.0776662033833809	-0.465079868291158	4.0804728567969	-0.113976954292556	0.909256062186082	NA
SA150_1875	cds	0	NA	NA	NA	NA	NA
SA150_1876	cds	0	NA	NA	NA	NA	NA
SA150_1877	cds	0	NA	NA	NA	NA	NA
SA150_1878	cds	0	NA	NA	NA	NA	NA
SA150_1879	cds	0	NA	NA	NA	NA	NA
SA150_1880	cds	0.232998610150143	0.712129387067871	3.84100498556511	0.185401838775041	0.852913866289991	NA
SA150_1881	cds	0	NA	NA	NA	NA	NA
SA150_1882	cds	0.0968063740613619	-0.465079868291158	4.0804728567969	-0.113976954292556	0.909256062186082	NA
SA150_1883	cds	0	NA	NA	NA	NA	NA
SA150_1884	cds	0.0968063740613619	-0.465079868291158	4.0804728567969	-0.113976954292556	0.909256062186082	NA
SA150_1885	cds	0	NA	NA	NA	NA	NA
SA150_1886	cds	0	NA	NA	NA	NA	NA
SA150_1887	cds	0	NA	NA	NA	NA	NA
SA150_1888	cds	0	NA	NA	NA	NA	NA
SA150_1889	cds	0.329940579342	-1.42685926045254	3.17304521806549	-0.449681351002761	0.652940220155972	NA
SA150_1890	cds	0	NA	NA	NA	NA	NA
SA150_1891	cds	0.202597328555855	-2.38863321993365	4.0804728567969	-0.585381475079504	0.558291242052261	NA
SA150_1892	cds	1.04454053409512	-0.335236251292346	1.88846881512558	-0.1775174938592	0.859101925334527	NA
SA150_1893	cds	0.93932240488637	-0.829985058755696	2.17075621075263	-0.382348351530423	0.702202994752897	NA
SA150_1894	cds	0	NA	NA	NA	NA	NA
SA150_1895	cds	0.0968063740613619	-0.465079868291158	4.0804728567969	-0.113976954292556	0.909256062186082	NA
SA150_1896	cds	0.224149624847507	0.58620110290343	3.59405476673251	0.163102996740467	0.870437340337058	NA
SA150_1897	cds	0.314328795676423	-2.38864264359365	3.44927819898273	-0.692505070857467	0.488620202541567	NA
SA150_1898	cds	0.377069906000598	-0.643599824927711	2.81829569103165	-0.228364904000587	0.819362571162294	NA
SA150_1899	cds	0	NA	NA	NA	NA	NA
SA150_1900	cds	0.796616830885767	-0.772723933622166	2.00052906036971	-0.38625978943758	0.699304277384718	NA
SA150_1901	cds	0	NA	NA	NA	NA	NA
SA150_1902	cds	0.737411766936886	0.933904004982299	2.10308992105952	0.444062802845731	0.656997178691114	NA
SA150_1903	cds	0.271278951506105	0.91026159246763	3.30825804380472	0.275148304761852	0.78320230137033	NA
SA150_1904	cds	0	NA	NA	NA	NA	NA
SA150_1905	cds	0.488801373121166	-0.638110763103401	2.60806465545496	-0.24466830673417	0.806713269839118	NA
SA150_1906	cds	0	NA	NA	NA	NA	NA
SA150_1907	cds	0.40519465711171	-3.014987847878	3.13220947522634	-0.962575418957294	0.335760638169222	NA
SA150_1908	cds	0	NA	NA	NA	NA	NA
SA150_1909	cds	0.155332406766762	0.190694617863238	4.05547473765639	0.0470215277369569	0.962496069851027	NA
SA150_1910	cds	0	NA	NA	NA	NA	NA
SA150_1911	cds	0.282675657552907	0.952699367419988	3.25887096814809	0.292340315628199	0.770026437010817	NA
SA150_1912	cds	16.370403099783	0.443899976828819	0.476738596594466	0.931118185101383	0.351792432795956	0.647812894538895
SA150_1913	cds	11.5513974377206	0.444706435581261	0.565531272290149	0.786351626109727	0.431661515008918	0.708487921373333
SA150_1914	cds	0.290419122184086	0.995671580195601	3.52604995567055	0.282375914327128	0.777655281421845	NA
SA150_1915	cds	1.70187397203495	-0.515902162261865	1.40319781506045	-0.367661748560832	0.713125465960316	NA
SA150_1916	cds	3.15645181455928	0.244610406117002	1.04922303527147	0.233134803463129	0.815656730138444	NA
SA150_1917	cds	0.282675657552907	0.952699367419988	3.25887096814809	0.292340315628199	0.770026437010817	NA
SA150_1918	cds	49.7521037661511	2.49366313583126	0.36964527666987	6.74609765961746	1.51874415826361e-11	2.29330367897805e-09
SA150_1919	cds	7.1365278720903	3.06844880396532	1.01122056262104	3.03440111622337	0.00241013750035349	0.0398134554065659
SA150_1920	cds	0.635284794585293	0.137897120798045	2.36510214487342	0.058304932451628	0.953505738672871	NA
SA150_1921	cds	2.57974014172949	1.03418487596229	1.25537987760945	0.823802336175431	0.410051879968503	NA
SA150_1922	cds	6.75271947137598	3.59010184937998	1.17541089807747	3.05433772585573	0.00225558003265938	0.0389248668493219
SA150_1923	cds	0.816384575262481	2.47164401328674	2.0970416382183	1.1786337325122	0.238544053439612	NA
SA150_1924	cds	62.5469186034068	-0.673666118042803	0.240783146764822	-2.79781258403765	0.00514499566676726	0.062768583293887
SA150_1925	cds	1.39473754551383	-1.94878615421338	1.62993010669391	-1.1956255953614	0.231842698572764	NA
SA150_1926	cds	1.75875104795591	-0.208042352859158	1.39004807605607	-0.149665580955608	0.881028464674011	NA
SA150_1927	cds	1.14148250328697	-1.35276844421352	1.75524351212907	-0.77070129293493	0.440884005405713	NA
SA150_1928	cds	0.193612748122724	0.411198695872968	4.04148449848246	0.101744469396671	0.918959503798801	NA
SA150_1929	cds	0.0776662033833809	-0.465079868291158	4.0804728567969	-0.113976954292556	0.909256062186082	NA
SA150_1930	cds	0.51933824984595	-0.509369803167756	2.56026893223904	-0.19895167915907	0.842300543338535	NA
SA150_1931	cds	0.193612748122724	0.411198695872968	4.04148449848246	0.101744469396671	0.918959503798801	NA
SA150_1932	cds	0	NA	NA	NA	NA	NA
SA150_1933	cds	0	NA	NA	NA	NA	NA
SA150_1934	cds	0	NA	NA	NA	NA	NA
SA150_1935	cds	0	NA	NA	NA	NA	NA
SA150_1936	cds	0	NA	NA	NA	NA	NA
SA150_1937	cds	0	NA	NA	NA	NA	NA
SA150_1938	cds	0.0776662033833809	-0.465079868291158	4.0804728567969	-0.113976954292556	0.909256062186082	NA
SA150_1939	cds	0	NA	NA	NA	NA	NA
SA150_1940	cds	38.5648042726364	-1.26784405756054	0.302532397707522	-4.19077119398712	2.78007904674906e-05	0.000839583872118215
SA150_1941	cds	12.0544806560983	-0.867991939847786	0.537431598264633	-1.61507425810193	0.106294614762365	0.378055163935789
SA150_1942	cds	102.645371136141	-0.982931000473616	0.203835336980674	-4.82218154630769	1.41996616071065e-06	7.14716300891028e-05
SA150_1943	cds	87.556827653414	-0.552216236646406	0.232749689092823	-2.37257561459589	0.0176645470563099	0.1367870054104
SA150_1944	cds	2.74794084378852	0.710864751947113	1.17125534170344	0.606925515416007	0.543900344187034	NA
SA150_1945	cds	3.97824479397956	0.614649814386764	0.987935001411321	0.622156127183167	0.5338392114516	0.790291381658741
SA150_1946	cds	0.252138780828124	0.818407942809024	3.39897213417746	0.240781009817569	0.809724848643548	NA
SA150_1947	cds	0.0968063740613619	-0.465079868291158	4.0804728567969	-0.113976954292556	0.909256062186082	NA
SA150_1948	cds	0.174472577444743	0.302687362968557	3.95709083907654	0.0764923968839682	0.939027362662346	NA
SA150_1949	cds	0.487685111722434	1.73214198949248	2.64362298747755	0.655215209467227	0.512329203199094	NA
SA150_1950	cds	3.11173461351436	0.593289142088887	1.06880413160481	0.55509622815367	0.578828842572606	NA
SA150_1951	cds	0.485272986108762	-0.00713839276699572	2.55689437875838	-0.00279182152626191	0.997772451601364	NA
SA150_1952	cds	0.379482031614269	1.37934982819988	2.69903613049879	0.511052746798531	0.609314122580524	NA
SA150_1953	cds	2.04326600583674	1.59231868971007	1.46414455220386	1.08754199666507	0.276797348976261	NA
SA150_1954	cds	0.0776662033833809	-0.465079868291158	4.0804728567969	-0.113976954292556	0.909256062186082	NA
SA150_1955	cds	0.0776662033833809	-0.465079868291158	4.0804728567969	-0.113976954292556	0.909256062186082	NA
SA150_1956	cds	0	NA	NA	NA	NA	NA
SA150_1957	cds	4.20178087672385	2.03112086839268	1.13303181469731	1.79264239719102	0.0730301225699886	0.317339525412037
SA150_1958	cds	2.43755593546988	2.98285131978826	1.51793008461639	1.96507820091205	0.0494051872203985	NA
SA150_1959	cds	0.174472577444743	0.302687362968557	3.95709083907654	0.0764923968839682	0.939027362662346	NA
SA150_1960	cds	1.19586660687675	3.0261863903941	1.831276873613	1.65250074087575	0.0984325142270422	NA
SA150_1961	cds	2.06822949410046	3.83053577439234	1.59802238055592	2.39704763900728	0.0165277747210625	NA
SA150_1962	cds	1.49513471436347	3.36391947416904	1.72967833235544	1.94482373470455	0.051796196477436	NA
SA150_1963	cds	2.21471291556459	3.9237627268117	1.57262274555909	2.49504386089542	0.0125941561669437	NA
SA150_1964	cds	0.232998610150143	0.712129387067871	3.84100498556511	0.185401838775041	0.852913866289991	NA
SA150_1965	cds	0.476288405675631	1.70794466574718	2.47472004474888	0.690156718684718	0.490095638046031	NA
SA150_1966	cds	0.410018908339053	1.47150617512983	2.82191507938466	0.521456576025209	0.602048748148138	NA
SA150_1967	cds	1.59684618636969	1.05479390959181	1.54947236062394	0.680743933481374	0.496033531948143	NA
SA150_1968	cds	3.86529394086692	0.0646284299892487	0.93989849557242	0.0687610739815989	0.945179803180203	0.970898981498032
SA150_1969	cds	2.11368817301622	-1.69847109623321	1.28958419135805	-1.31706879443409	0.18781556589644	NA
SA150_1970	cds	0.282675657552907	0.952699367419988	3.25887096814809	0.292340315628199	0.770026437010817	NA
SA150_1971	cds	2.21091004742296	0.305732307690636	1.35459067301387	0.225700880554864	0.821434073173414	NA
SA150_1972	cds	2.77770689232119	-0.922592758674614	1.18407327741916	-0.779168634466208	0.435880383928985	NA
SA150_1973	cds	1.68229657120172	-0.564199390057272	1.49545689413696	-0.377275595350995	0.705968806559405	NA
SA150_1974	cds	4.2651679996884	-0.398911828776892	0.916614096431202	-0.435201499006003	0.663416174618728	0.859801290521812
SA150_1975	cds	0.494801002654879	-3.20862687355447	2.72435248298269	-1.17775761161477	0.238893251835792	NA
SA150_1976	cds	0.329940579342	-1.42685926045254	3.17304521806549	-0.449681351002761	0.652940220155972	NA
SA150_1977	cds	0.794696683840333	2.46347890139992	2.22344129765376	1.10795769782609	0.267880085501131	NA
SA150_1978	cds	0	NA	NA	NA	NA	NA
SA150_1979	cds	0.0968063740613619	-0.465079868291158	4.0804728567969	-0.113976954292556	0.909256062186082	NA
SA150_1980	cds	2.04380944194972	1.41884458310658	1.47249099508554	0.963567578913548	0.335262767855519	NA
SA150_1981	cds	2.07480527863963	-0.493531354131114	1.42897820648121	-0.345373604644686	0.729813518176552	NA
SA150_1982	cds	6.48535883848358	0.0645737915586597	0.753472734808279	0.0857015636738209	0.931703659072001	0.966811383723412
SA150_1983	cds	1.85422142790229	-0.183874215522032	1.38023074705386	-0.133219909724889	0.894019465506471	NA
SA150_1984	cds	3.67839253356239	1.3643518253489	1.0537927568341	1.29470601928202	0.195421662704646	0.481769323971701
SA150_1985	cds	3.14881455588584	0.119535904261484	1.05953812300859	0.112818879911615	0.910174149901581	NA
SA150_1986	cds	2.35107380423845	0.0143400442263634	1.27386615264659	0.0112571043641991	0.991018319925533	NA
SA150_1987	cds	1.67264370025238	0.130048408234497	1.447693696619	0.0898314391630061	0.928421164343005	NA
SA150_1988	cds	2.93421467739432	-2.28165836712383	1.13729852400465	-2.00620885279061	0.0448339697484513	NA
SA150_1989	cds	0.280263531939236	-1.42685805155375	3.35444699992064	-0.425363122919367	0.670571984467538	NA
SA150_1990	cds	0.0776662033833809	-0.465079868291158	4.0804728567969	-0.113976954292556	0.909256062186082	NA
SA150_1991	cds	0.87713239003807	1.03941816473931	2.12502090660253	0.489133147589181	0.624747435263568	NA
SA150_1992	cds	0.310664813533523	1.12608228044215	3.42354862489832	0.328922531507961	0.742214243367833	NA
SA150_1993	cds	2.16460962708917	2.69563276641951	1.56003572287395	1.72793015371053	0.0840007474653489	NA
SA150_1994	cds	0	NA	NA	NA	NA	NA
SA150_1995	cds	0.292203674099024	-2.38864132792654	3.54415978309543	-0.673965473938176	0.500333264330309	NA
SA150_1996	cds	0	NA	NA	NA	NA	NA
SA150_1997	cds	0	NA	NA	NA	NA	NA
SA150_1998	cds	0.652545535035312	0.360052295523045	2.32291131672272	0.155000448330083	0.87682096386122	NA
SA150_1999	cds	0	NA	NA	NA	NA	NA
SA150_2000	cds	0	NA	NA	NA	NA	NA
SA150_2001	cds	0.516926124232278	-3.24844548956419	2.68573423351805	-1.20951859235493	0.226463672583507	NA
SA150_2002	cds	1.64099056212886	1.17087666883685	1.5507011965516	0.755062723521855	0.45021134817853	NA
SA150_2003	cds	5.58202726846549	-0.635298044578087	0.790888041640278	-0.803271779480314	0.421817665435257	0.698021561432589
SA150_2004	cds	0	NA	NA	NA	NA	NA
SA150_2005	cds	12.768897226458	-0.720119105446629	0.523087972163231	-1.37666921009209	0.168614542281837	0.456028603690594
SA150_2006	cds	54.4224421200747	-0.231766622696468	0.273726656068001	-0.84670826738515	0.397157749445502	0.675727551169249
SA150_2007	cds	10.3752762973447	-0.475668122310489	0.579979711686533	-0.82014614084911	0.412132801252612	0.68955183367473
SA150_2008	cds	36.5929919050248	-0.52468830425598	0.339481250641728	-1.5455590058778	0.122211108094824	0.386468635022375
SA150_2009	cds	3.85630936043379	0.397156643267657	0.974871040033801	0.40739403157764	0.683718609848057	0.863945691105076
SA150_2010	cds	7.30770291337974	0.601271369331272	0.717931567541703	0.837505127947094	0.402308695743	0.680656728932135
SA150_2011	cds	6.7227775271604	-0.299561117912282	0.773204300352831	-0.387428158089117	0.698439261207387	0.866236783920455
SA150_2012	cds	16.0722707314116	-0.57331491167828	0.47780175746353	-1.1999012199574	0.230177706130735	0.526618691299106
SA150_2013	cds	4.29490535926113	-1.62569905516478	0.947774019671179	-1.71528130274008	0.0862936648559217	0.345174659423687
SA150_2014	cds	11.3706593959743	-0.494204343265184	0.565352399514062	-0.874152729677928	0.382035084831158	0.666868759664733
SA150_2015	cds	8.5989413924595	-0.291364815989148	0.636751377157244	-0.457580189759364	0.647254078644741	0.853450665419138
SA150_2016	cds	20.6395617593526	-0.455371857821728	0.41412185193362	-1.0996083778132	0.271502790138309	0.567431436828854
SA150_2017	cds	10.1613692225225	0.274701935281276	0.597781399606159	0.459535769199678	0.645849471923811	0.853450665419138
SA150_2018	cds	0	NA	NA	NA	NA	NA
SA150_2019	cds	0.687870314664617	-0.678037824231283	2.28203159059716	-0.29712026206169	0.766374695622422	NA
SA150_2020	cds	0.63416853318656	2.0935296225614	2.26149823977064	0.925726841500315	0.354587955013531	NA
SA150_2021	cds	1.21611229822619	3.06266194502549	1.81493632080675	1.68747625462921	0.0915118120467997	NA
SA150_2022	cds	0.504413156786743	0.0672511964624482	2.39625187904788	0.0280651617012689	0.977610180056631	NA
SA150_2023	cds	7.54927826298053	0.373984014645565	0.692211591140766	0.540274129228663	0.589007997040016	0.825914494518056
SA150_2024	cds	3.05312773409145	3.28173646367358	1.45452535661856	2.25622499376901	0.0240565440307965	NA
SA150_2025	cds	11.4748942462239	0.430978037794064	0.580174929830979	0.742841539050333	0.457577623137218	0.727307590460209
SA150_2026	cds	3.87330114590005	2.70403335582466	1.2735278607583	2.12326203387068	0.0337319002632552	0.214463871147433
SA150_2027	cds	3.92039779251765	0.129830371589497	0.998637476164195	0.130007509920598	0.896560485063578	0.948189835651166
SA150_2028	cds	58.7854545880996	-0.737713110544514	0.256339613734702	-2.87787400392984	0.00400365010425959	0.0525696665863651
SA150_2029	cds	0.202597328555855	-2.38863321993365	4.0804728567969	-0.585381475079504	0.558291242052261	NA
SA150_2030	cds	4.36905745558294	0.274116544598583	0.935832053967286	0.292912113275578	0.769589329690291	0.900647123284737
SA150_2031	cds	2.42257976227951	-1.09344141733036	1.25558920527203	-0.870859205175676	0.383831033657788	NA
SA150_2032	cds	0.329940579342	-1.42685926045254	3.17304521806549	-0.449681351002761	0.652940220155972	NA
SA150_2033	cds	0.631756407572889	0.553323672669654	2.22072250367074	0.249163806713823	0.803234074721434	NA
SA150_2034	cds	1.26546340695497	1.78768922251163	1.95155807608308	0.916031782205351	0.359650225540189	NA
SA150_2035	cds	1.19331888613258	3.04302836871004	1.86148220320738	1.634734064858	0.102104808137196	NA
SA150_2036	cds	2.16919619736761	1.16947746031862	1.43207334200367	0.816632379094746	0.414138545475815	NA
SA150_2037	cds	2.45241862075321	-0.643796580483497	1.25996430852647	-0.510964140910004	0.609376166477459	NA
SA150_2038	cds	3.45982480262598	-1.48381834653811	1.08361491063893	-1.36932256281266	0.170898468168769	0.45794985284783
SA150_2039	cds	19.0837394027122	-0.489721509849031	0.424435041806618	-1.15381969350249	0.248574098493925	0.547951662373471
SA150_2040	cds	19.6422821559655	-0.930728037372222	0.42124342041519	-2.20947792242041	0.0271414163664288	0.185777764366633
SA150_2041	cds	3.59870035458942	-1.80987871895052	1.02603290752408	-1.76395776946174	0.0777390894726979	0.333010000294394
SA150_2042	cds	13.7674140177743	1.39490234419441	0.578344353486973	2.41188893050347	0.015870115297523	0.124487657658492
SA150_2043	cds	0.639364277073571	2.14414490646144	2.40771535310735	0.890530894233093	0.373180887214769	NA
SA150_2044	cds	1.83745266602051	2.44184130169004	1.65292064351246	1.47728888938136	0.139598214992996	NA
SA150_2045	cds	0.411135169737785	-1.42686066762455	2.94786477782286	-0.484031926552056	0.628363211167821	NA
SA150_2046	cds	1.12463726318233	1.71124893023033	1.84565422061854	0.927177426363664	0.353834421145389	NA
SA150_2047	cds	2.55493064868642	-0.382039397546268	1.17784727768824	-0.324353933470981	0.745670091772446	NA
SA150_2048	cds	0.747567357181736	2.36411883604286	2.12670832689998	1.11163284882085	0.266296042845315	NA
SA150_2049	cds	3.96631868341529	3.69050414246862	1.40124690572621	2.63372866508204	0.00844529474094016	0.0856404800201204
SA150_2050	cds	3.37469727510354	1.2241967739159	1.10642386230615	1.10644465979274	0.268534104430418	NA
SA150_2051	cds	0	NA	NA	NA	NA	NA
SA150_2052	cds	0.391994999059804	-1.42686038851889	2.99387508388092	-0.476593160550063	0.633651854632182	NA
SA150_2053	cds	2.83825560974794	-0.315381673784361	1.14327342498336	-0.275858483974601	0.782656762031262	NA
SA150_2054	cds	0.516353298946531	-0.408726700979824	2.56061051352913	-0.159620800906774	0.873179792322889	NA
SA150_2055	cds	38.133614416454	-0.816153725766739	0.304389114744451	-2.68128420575071	0.00733401991627861	0.0820323709154127
SA150_2056	cds	2.0783710527498	0.123767061377933	1.29587745843406	0.0955083064161733	0.923911092856364	NA
SA150_2057	cds	1.10749371777264	-0.36334568147464	1.96016146290695	-0.185365179527503	0.852942617815912	NA
SA150_2058	cds	0.314328795676423	-2.38864264359365	3.44927819898273	-0.692505070857467	0.488620202541567	NA
SA150_2059	cds	0.721935578401804	-1.37901666008154	2.19852498842602	-0.627246298014024	0.530497799095794	NA
SA150_2060	cds	1.20901151651567	-1.18074356237319	1.73503936285604	-0.68052840047938	0.496169945335687	NA
SA150_2061	cds	7.43095594095033	0.63664582021744	0.72222960110734	0.881500591005019	0.378046934276062	0.665715301174173
SA150_2062	cds	5.90438866726674	-0.843710738259784	0.82626929592503	-1.02110866568656	0.307202957921914	0.608362578966676
SA150_2063	cds	1.2178605018183	-1.04469746589757	1.80697862236345	-0.578146001822174	0.563165551539409	NA
SA150_2064	cds	1.73421380076484	-0.872363638364554	1.40550675576871	-0.620675521326424	0.534813138521194	NA
SA150_2065	cds	4.0585369521338	1.68466237173049	1.09936849380562	1.53239098739204	0.125425980153195	0.387726140901116
SA150_2066	cds	2.28427927087905	0.470818308204932	1.27744972235009	0.368561126099571	0.712454875570308	NA
SA150_2067	cds	0.840294248754819	0.854537228270112	2.03311799812131	0.42030872239572	0.674259938786195	NA
SA150_2068	cds	0.687734719534121	0.821719726040239	2.27421929951558	0.361319476189157	0.717860635886362	NA
SA150_2069	cds	2.59364822019764	-0.341625182262048	1.12740277966992	-0.303019638076526	0.761874895738846	NA
SA150_2070	cds	5.40827772994994	0.0449023648897534	0.819806174032509	0.0547719281850307	0.956320164883204	0.977253926623469
SA150_2071	cds	2.13355138262339	0.572287958491811	1.39329539022631	0.410744169905605	0.681260135115356	NA
SA150_2072	cds	0.831254919908701	-3.90551449042065	2.27448261679036	-1.71710017108503	0.0859608709520904	NA
SA150_2073	cds	0.476288405675631	1.70794466574718	2.47472004474888	0.690156718684718	0.490095638046031	NA
SA150_2074	cds	0.351492875633653	1.2264474752746	3.01781463416912	0.406402521012453	0.684446867653026	NA
SA150_2075	cds	0.504413156786743	0.0672511964624482	2.39625187904788	0.0280651617012689	0.977610180056631	NA
SA150_2076	cds	1.08876904744004	2.91087504007421	1.88051066293681	1.54791732769453	0.12164220219505	NA
SA150_2077	cds	0.202597328555855	-2.38863321993365	4.0804728567969	-0.585381475079504	0.558291242052261	NA
SA150_2078	cds	0.877267985168566	-0.493861926615518	1.99922925741681	-0.247026160098134	0.804887978499958	NA
SA150_2079	cds	0.504413156786743	0.0672511964624482	2.39625187904788	0.0280651617012689	0.977610180056631	NA
SA150_2080	cds	1.5196686706863	-2.75287580840678	1.69889257372974	-1.62039427976492	0.105147607869946	NA
SA150_2081	cds	13.8311090679718	-1.49383048333042	0.51133489302975	-2.92143271209052	0.00348425530171536	0.0501069095770495
SA150_2082	cds	2.7179881199942	-0.526195397801092	1.14372790122124	-0.460070439165851	0.645465661454384	NA
SA150_2083	cds	9.30137852003046	-1.53683855540263	0.661332124327752	-2.32385287039373	0.0201333809593391	0.150130396289393
SA150_2084	cds	0.771477030674073	0.702142180587827	2.08724537064557	0.336396568636614	0.736571836703599	NA
SA150_2085	cds	1.66670318762631	-0.321349246754212	1.4462202264618	-0.222199386286	0.824158671849233	NA
SA150_2086	cds	11.2398044710546	0.432132981709206	0.611698684801172	0.706447459257932	0.479909915785792	0.744249336830363
SA150_2087	cds	2.55036024322091	-0.864665229881455	1.1975205167887	-0.722046276251003	0.470266026650224	NA
SA150_2088	cds	0.644133779887928	0.274726248889475	2.32984707046219	0.117916000742047	0.906134214939468	NA
SA150_2089	cds	1.21073695152297	-1.07935555954155	1.68082424031084	-0.642158492039562	0.520770280685257	NA
SA150_2090	cds	0.516926124232278	-3.24844548956419	2.68573423351805	-1.20951859235493	0.226463672583507	NA
SA150_2091	cds	1.02000328690405	-1.62431994326665	1.97687940709449	-0.821658588499329	0.411271234232179	NA
SA150_2092	cds	0.594019502329912	0.0655175623896309	2.2930953170373	0.028571669874709	0.977206207021506	NA
SA150_2093	cds	0.803130168797589	-1.67124155894239	2.22918128503479	-0.749710923091794	0.453428827381856	NA
SA150_2094	cds	1.63449895402691	-0.754339153501444	1.41531955509509	-0.532981509925341	0.594046379769241	NA
SA150_2095	cds	0.280263531939236	-1.42685805155375	3.35444699992064	-0.425363122919367	0.670571984467538	NA
SA150_2096	cds	0.662073551581429	-2.41885194612844	2.51519416703392	-0.961695911127571	0.336202376896522	NA
SA150_2097	cds	0.584407348198048	-3.38921854507226	2.74766175516976	-1.23349190951012	0.217392293351572	NA
SA150_2098	cds	1.6682111251946	1.10677822665107	1.67128653416417	0.662231283521097	0.507823008100598	NA
SA150_2099	cds	0	NA	NA	NA	NA	NA
SA150_2100	cds	0	NA	NA	NA	NA	NA
SA150_2101	cds	0.0968063740613619	-0.465079868291158	4.0804728567969	-0.113976954292556	0.909256062186082	NA
SA150_2102	cds	0.174472577444743	0.302687362968557	3.95709083907654	0.0764923968839682	0.939027362662346	NA
SA150_2103	cds	0.680534691015928	0.512881865631002	2.44316131598948	0.209925501961087	0.833725817999049	NA
SA150_2104	cds	0	NA	NA	NA	NA	NA
SA150_2105	cds	0	NA	NA	NA	NA	NA
SA150_2106	cds	0.697890309778971	2.27846554893507	2.31731917693343	0.983233372258295	0.325492593553125	NA
SA150_2107	cds	0.969169261285076	2.74976803723733	2.09027267521394	1.31550685699697	0.188339614365529	NA
SA150_2108	cds	0	NA	NA	NA	NA	NA
SA150_2109	cds	4.4843610690463	1.65984208862595	1.02021753300031	1.62694918969349	0.103747889570108	0.375231888026018
SA150_2110	cds	3.20557776648617	-0.429983328973984	1.01762761498976	-0.422535043900427	0.672634527391475	NA
SA150_2111	cds	1.17001509538058	-1.60444086655469	1.80693132082079	-0.887936828626046	0.374574732801029	NA
SA150_2112	cds	0.893996030232876	-2.00006250921327	2.02142478197874	-0.989432071400372	0.322451789598975	NA
SA150_2113	cds	0.874147439138652	1.07912121601029	2.0936964071347	0.515414370647512	0.606263492506169	NA
SA150_2114	cds	0.929357158185002	1.08765663184133	2.06897145591219	0.525699196445312	0.599097222211009	NA
SA150_2115	cds	4.57776061963024	-0.214957681654289	0.862832190504457	-0.249130345413531	0.803259957066289	0.908556206119923
SA150_2116	cds	14.5542677919075	-0.259726322515916	0.506713982740324	-0.512569874451279	0.608252230803544	0.836149626169609
SA150_2117	cds	10.1999075297796	-0.181951572773956	0.592695450701649	-0.306989993863723	0.758850988471223	0.896958898310409
SA150_2118	cds	9.91005378302224	0.666341765285207	0.61473629509572	1.08394732928768	0.278388152851325	0.578324771951497
SA150_2119	cds	2.06607015865762	0.634239611746007	1.32707629070633	0.47792249487664	0.63270537006722	NA
SA150_2120	cds	4.95483052563084	-0.224801099126524	0.832012343512503	-0.270189620237462	0.787014377688709	0.902220423137431
SA150_2121	cds	21.1266809660879	0.512387335222749	0.417822534743309	1.22632766932386	0.220075392993976	0.512057419394935
SA150_2122	cds	40.480591537359	0.633862888878627	0.319101595736971	1.98639836762555	0.0469891077522337	0.243190665159996
SA150_2123	cds	29.281829651502	1.05267552191294	0.372230993329974	2.82801685183633	0.00468373409306346	0.0589369873377152
SA150_2124	cds	5.09929455324186	1.47937234162737	0.924444291178677	1.60028284640187	0.109535850478085	0.378055163935789
SA150_2125	cds	19.9583126942743	1.16611646511062	0.453854197535987	2.56936362259415	0.010188548594194	0.0918490052372112
SA150_2126	cds	13.0967582005968	0.682030029737739	0.53175912793773	1.28259204949201	0.199635037052574	0.484255270601424
SA150_2127	cds	8.07089080803241	0.156130027210449	0.679207733808612	0.229870803053081	0.818192164621361	0.913319884862803
SA150_2128	cds	11.5832285361519	0.291127569578882	0.570536217637756	0.510270094305782	0.609862251145805	0.836149626169609
SA150_2129	cds	3.8270977370967	0.934486325797513	0.993816643122787	0.940300539605731	0.347063422889698	0.641059044114305
SA150_2130	cds	12.7338688672716	0.613146603539931	0.573652266861788	1.06884717268564	0.285138539254581	0.581836749019483
SA150_2131	cds	10.9247034141815	0.922437197697766	0.596000299105681	1.54771264222839	0.121691496942133	0.386468635022375
SA150_2132	cds	13.0501252210011	0.504294679230553	0.526352717698239	0.958092667281845	0.338016032700763	0.628189796157726
SA150_2133	cds	5.93242890337852	0.778428964359834	0.803137076164891	0.969235498474255	0.332427703260324	0.623560039656012
SA150_2134	cds	5.80956117974487	0.633405841956823	0.792891725494401	0.798855406848733	0.424374258667541	0.700333476052444
SA150_2135	cds	16.9718607634375	0.618887819410883	0.474786516466004	1.30350757223999	0.192401532900263	0.481769323971701
SA150_2136	cds	12.346544576076	0.784539455782	0.564639520088474	1.38945190315242	0.164695376729272	0.45216367065673
SA150_2137	cds	12.036146922871	1.05332029521664	0.582538974357107	1.80815420355195	0.0705825040149219	0.311283860577035
SA150_2138	cds	5.54369546956478	0.182364497067324	0.79949365669903	0.228099992463074	0.819568505953045	0.913319884862803
SA150_2139	cds	28.6992484013074	0.410731331520666	0.361777093907051	1.1353160231482	0.256242931005881	0.556851388087466
SA150_2140	cds	3.48719191105333	1.75381485834812	1.14568391966499	1.53080167072691	0.125818416583806	0.387726140901116
SA150_2141	cds	8.5984193989496	0.902569445612956	0.693722149415605	1.30105323344985	0.193240233987431	0.481769323971701
SA150_2142	cds	9.29710394809047	0.200694309430794	0.633115309567102	0.316994876601578	0.75124748981861	0.896746015514704
SA150_2143	cds	8.60541624883109	0.444560589652757	0.702402997462291	0.632913856089607	0.526789898871796	0.785632343008802
SA150_2144	cds	2.44367276004393	1.07189466183158	1.30556545528797	0.821019472819268	0.411635176485791	NA
SA150_2145	cds	4.38219137613926	-0.399608306428276	0.923490577233435	-0.432715088036318	0.665221767187884	0.859801290521812
SA150_2146	cds	3.33335824742757	-0.304608090826959	1.04795144608778	-0.290670041979639	0.771303685799404	NA
SA150_2147	cds	0.525202284249166	-0.206392673287858	2.66966756891968	-0.0773102522915908	0.938376735169732	NA
SA150_2148	cds	0.765400922917502	1.03443833165846	2.20642633813933	0.468829760494427	0.639191325719112	NA
SA150_2149	cds	0.0776662033833809	-0.465079868291158	4.0804728567969	-0.113976954292556	0.909256062186082	NA
SA150_2150	cds	0.377069906000598	-0.643599824927711	2.81829569103165	-0.228364904000587	0.819362571162294	NA
SA150_2151	cds	0.127343250786145	-0.465079868291158	4.0804728567969	-0.113976954292556	0.909256062186082	NA
SA150_2152	cds	0.292203674099024	-2.38864132792654	3.54415978309543	-0.673965473938176	0.500333264330309	NA
SA150_2153	cds	0	NA	NA	NA	NA	NA
SA150_2154	cds	0	NA	NA	NA	NA	NA
SA150_2155	cds	5.30496842014192	-0.225329203128645	0.800750746658219	-0.28139743118444	0.778405588170765	0.900683860642034
SA150_2156	cds	6.19593936957534	-0.00983513268753762	0.740551862031323	-0.0132808155536332	0.989403753810227	0.993552479756511
SA150_2157	cds	0	NA	NA	NA	NA	NA
SA150_2158	cds	0.155332406766762	0.190694617863238	4.05547473765639	0.0470215277369569	0.962496069851027	NA
SA150_2159	cds	0	NA	NA	NA	NA	NA
SA150_2160	cds	0.369869877482405	-1.42686004002277	3.0503501911892	-0.467769256180549	0.639949608393734	NA
SA150_2161	cds	1.00206351521054	-0.0192991412377027	1.91151241057735	-0.0100962678196128	0.991944480641289	NA
SA150_2162	cds	4.80759030757011	0.271577567179113	0.883511207213703	0.307384405496764	0.758550796620853	0.896958898310409
SA150_2163	cds	2.20263388740607	-0.303391261580743	1.29667641293169	-0.233976078036924	0.815003550205741	NA
SA150_2164	cds	0.348945154889486	1.2797532951547	2.98183067994069	0.429183757402401	0.66778950240477	NA
SA150_2165	cds	1.78257987473074	2.38033886331222	1.62905030845069	1.46118192358102	0.143965522415935	NA
SA150_2166	cds	0.815757001563748	-0.703373272352752	2.06712823045846	-0.340265911900759	0.733656285557582	NA
SA150_2167	cds	4.26159948277595	0.36180201337957	0.955702387236876	0.37857184225061	0.705005835088186	0.869315763626622
SA150_2168	cds	0.61006851615074	0.571489260027074	2.35737509397346	0.24242610413933	0.808450009354536	NA
SA150_2169	cds	2.15624932948654	-0.0955626368155152	1.25865121537783	-0.075924637141695	0.939479055824829	NA
SA150_2170	cds	0.980701562462374	1.44833866490337	1.89517442022849	0.764224468969324	0.444733487250991	NA
SA150_2171	cds	2.02296556607431	-0.658994982726344	1.26541719503316	-0.520772900283748	0.602524983463003	NA
SA150_2172	cds	3.43225338226798	0.816256817696147	1.0581535778973	0.771397304461385	0.440471472344955	0.716707685899978
SA150_2173	cds	2.180137273169	0.815194656318716	1.32631306016884	0.614632156464583	0.538797673158966	NA
SA150_2174	cds	1.74740909032209	2.44169194052943	1.63537956118519	1.4930429598618	0.135425941960504	NA
SA150_2175	cds	0.155332406766762	0.190694617863238	4.05547473765639	0.0470215277369569	0.962496069851027	NA
SA150_2176	cds	0.252138780828124	0.818407942809024	3.39897213417746	0.240781009817569	0.809724848643548	NA
SA150_2177	cds	0.193612748122724	0.411198695872968	4.04148449848246	0.101744469396671	0.918959503798801	NA
SA150_2178	cds	1.25872491224126	1.72895240847086	1.8226519646286	0.94859163571756	0.342828346722662	NA
SA150_2179	cds	2.35745920638267	1.69018484166649	1.40321650086184	1.2045075301127	0.22839347336855	NA
SA150_2180	cds	0	NA	NA	NA	NA	NA
SA150_2181	cds	0	NA	NA	NA	NA	NA
SA150_2182	cds	0.417762372970231	1.50260015419946	2.82573349872122	0.531755791860579	0.594895144928017	NA
SA150_2183	cds	1.25362947075292	1.78583192256718	1.80318858298304	0.990374461895081	0.321991123200011	NA
SA150_2184	cds	0.0776662033833809	-0.465079868291158	4.0804728567969	-0.113976954292556	0.909256062186082	NA
SA150_2185	cds	0.127343250786145	-0.465079868291158	4.0804728567969	-0.113976954292556	0.909256062186082	NA
SA150_2186	cds	0.426746953403362	-0.401186583447491	2.70906978276072	-0.148090162165795	0.882271613294249	NA
SA150_2187	cds	0.566467576504547	-0.112126817101508	2.44143409966607	-0.0459266203895669	0.963368736556392	NA
SA150_2188	cds	5.16569635484069	-0.602578605169166	0.80196327191162	-0.751379304108047	0.45242441435521	0.723570444264068
SA150_2189	cds	3.19227224103865	-0.0990103347548667	1.05487597121669	-0.0938596929463362	0.925220612804907	NA
SA150_2190	cds	0.800145217898171	-1.55671255730435	2.22877600522061	-0.698460748705997	0.484889096669362	NA
SA150_2191	cds	0.329940579342	-1.42685926045254	3.17304521806549	-0.449681351002761	0.652940220155972	NA
SA150_2192	cds	0.910778823710172	1.3086720921587	2.12327051241104	0.616347321035728	0.537665313331761	NA
SA150_2193	cds	0.671685705713293	0.420029478175272	2.18020585956038	0.192655879871806	0.847228478802185	NA
SA150_2194	cds	0.864890612853527	-0.0562344070280898	2.12608504290778	-0.0264497449035152	0.978898617315548	NA
SA150_2195	cds	0.0776662033833809	-0.465079868291158	4.0804728567969	-0.113976954292556	0.909256062186082	NA
SA150_2196	cds	0.360341860936288	1.31271272831644	2.96902478229738	0.44213599567892	0.658390798163206	NA
SA150_2197	cds	12.2456860024802	-0.9004863621148	0.533676632728169	-1.68732582034085	0.0915407187607594	0.35441241927592
SA150_2198	cds	0.49721312826855	-0.508550929434136	2.59150189375353	-0.196237915418827	0.844423952741646	NA
SA150_2199	cds	0.47387628006196	-0.0393852545023831	2.57501286481975	-0.015295168051574	0.987796697369793	NA
SA150_2200	cds	0.0776662033833809	-0.465079868291158	4.0804728567969	-0.113976954292556	0.909256062186082	NA
SA150_2201	cds	4.55867190649701	-1.30963062134973	0.896898207391716	-1.46017754362369	0.144241285394966	0.422921050381357
SA150_2202	cds	25.0056968008702	-0.587506588606089	0.373250023936702	-1.57402960731148	0.115480604779254	0.385360692191543
SA150_2203	cds	3.64316700074076	0.217807398399355	0.99324168739307	0.219289424884116	0.826424599157014	0.915890748423553
SA150_2204	cds	0.563482625605129	-0.0360201516738333	2.44449412275909	-0.0147352171308056	0.988243423197097	NA
SA150_2205	cds	1.06852335609061	2.87045426987936	1.89786536140827	1.51246465015274	0.130415698939183	NA
SA150_2206	cds	0	NA	NA	NA	NA	NA
SA150_2207	cds	0.389010048160386	-1.42686034984891	3.00019413923344	-0.475589339766351	0.634366971483449	NA
SA150_2208	cds	0	NA	NA	NA	NA	NA
SA150_2209	cds	3.36029663114972	1.03793571421573	1.12612970254406	0.921683987085066	0.356693435460907	NA
SA150_2210	cds	5.15172985967774	0.127549394180743	0.841589472297959	0.151557734951781	0.879535770845129	0.938074044252673
SA150_2211	cds	0.995542517935833	-3.02268267862536	2.0988210249868	-1.44018124587082	0.149816127690822	NA
SA150_2212	cds	0.271278951506105	0.91026159246763	3.30825804380472	0.275148304761852	0.78320230137033	NA
SA150_2213	cds	0	NA	NA	NA	NA	NA
SA150_2214	cds	0.622144253441024	-2.2525427546256	2.44058816698354	-0.922950780921649	0.356032855347769	NA
SA150_2215	cds	0.224149624847507	0.58620110290343	3.59405476673251	0.163102996740467	0.870437340337058	NA
SA150_2216	cds	0.0968063740613619	-0.465079868291158	4.0804728567969	-0.113976954292556	0.909256062186082	NA
SA150_2217	cds	1.28654212476855	0.043176508318356	1.7514644464843	0.0246516613026453	0.980332812041443	NA
SA150_2218	cds	0	NA	NA	NA	NA	NA
SA150_2219	cds	3.53450133123711	-1.31458309367628	1.0767182304074	-1.22091653744813	0.22211762232032	0.512057419394935
SA150_2220	cds	2.48714555441866	-3.56722664594501	1.48296562147057	-2.40546820121669	0.0161517575521412	NA
SA150_2221	cds	3.57595095018153	0.104733558802896	1.06588804436552	0.0982594366796183	0.921726287102424	0.961524486027399
SA150_2222	cds	0.47387628006196	-0.0393852545023831	2.57501286481975	-0.015295168051574	0.987796697369793	NA
SA150_2223	cds	1.87171264179583	0.00375344910704016	1.35705759406969	0.00276587310917579	0.997793155362796	NA
SA150_2224	cds	0.301815828230888	1.03511020641105	2.9526620728027	0.350568463606305	0.725912119147978	NA
SA150_2225	cds	3.10641401522413	0.433346771959226	1.06180675261752	0.408122072016361	0.683184056300008	NA
SA150_2226	cds	5.97427505769612	-1.41899784278786	0.766654697264736	-1.85089564813279	0.0641845669565382	0.293693018498099
SA150_2227	cds	0.314328795676423	-2.38864264359365	3.44927819898273	-0.692505070857467	0.488620202541567	NA
SA150_2228	cds	2.57423685925866	0.64567024306657	1.2125156508106	0.532504667164439	0.594376510204987	NA
SA150_2229	cds	0	NA	NA	NA	NA	NA
SA150_2230	cds	1.23828887734834	-0.953973551251405	1.62458674642808	-0.587209980229661	0.557062690358319	NA
SA150_2231	cds	1.19104235564941	0.754533199572706	1.8332808283912	0.411575350534183	0.680650701770015	NA
SA150_2232	cds	0.410018908339053	1.47150617512983	2.82191507938466	0.521456576025209	0.602048748148138	NA
SA150_2233	cds	0	NA	NA	NA	NA	NA
SA150_2234	cds	0.348945154889486	1.2797532951547	2.98183067994069	0.429183757402401	0.66778950240477	NA
SA150_2235	cds	0.379482031614269	1.37934982819988	2.69903613049879	0.511052746798531	0.609314122580524	NA
SA150_2236	cds	1.35059316975465	-2.48642994829221	1.79978085785822	-1.38151816507879	0.167119696498698	NA
SA150_2237	cds	0.767948643661669	0.991777559855151	2.18167570173401	0.45459440148088	0.649401063219749	NA
SA150_2238	cds	0.697398331210733	-3.72880747796323	2.39347805493321	-1.55790334917747	0.119256161173749	NA
SA150_2239	cds	0.193612748122724	0.411198695872968	4.04148449848246	0.101744469396671	0.918959503798801	NA
SA150_2240	cds	0.332352704955672	1.15287712058635	3.076590482371	0.374725569487517	0.707864573922257	NA
SA150_2241	cds	2.70779947229476	1.01963693792401	1.23376705491184	0.826442020691556	0.408553394877315	NA
SA150_2242	cds	0.663273950565909	0.336834355969141	2.29183508063917	0.146971463529218	0.883154544495748	NA
SA150_2243	cds	0.516353298946531	-0.408726700979824	2.56061051352913	-0.159620800906774	0.873179792322889	NA
SA150_2244	cds	0.676473608617814	-0.70427070376196	2.29279352264543	-0.307167085394315	0.758716197293076	NA
SA150_2245	cds	0.565351315105814	1.95257087948537	2.50913505573319	0.778184847014866	0.436460048590875	NA
SA150_2246	cds	0.582079360170124	0.419467255809374	2.265001149257	0.185195162460282	0.853075963262369	NA
SA150_2247	cds	1.20175237108984	0.00696203575400558	1.7664535472572	0.00394125040243241	0.996855345294868	NA
SA150_2248	cds	0.357929735322617	-0.74901163532336	3.06420907227636	-0.244438815255817	0.806890983093453	NA
SA150_2249	cds	0.127343250786145	-0.465079868291158	4.0804728567969	-0.113976954292556	0.909256062186082	NA
SA150_2250	cds	0.613159673007893	0.138714870139706	2.38828224327057	0.0580814392982909	0.953683758725931	NA
SA150_2251	cds	0.669273580099621	-1.45642978809598	2.24745132903543	-0.648036186270186	0.516961545865127	NA
SA150_2252	cds	0.252138780828124	0.818407942809024	3.39897213417746	0.240781009817569	0.809724848643548	NA
SA150_2253	cds	0.127343250786145	-0.465079868291158	4.0804728567969	-0.113976954292556	0.909256062186082	NA
SA150_2254	cds	0	NA	NA	NA	NA	NA
SA150_2255	cds	0	NA	NA	NA	NA	NA
SA150_2256	cds	0	NA	NA	NA	NA	NA
SA150_2257	cds	0	NA	NA	NA	NA	NA
SA150_2258	cds	1.22156083228403	0.0947825446184969	1.78307956401528	0.0531566546615891	0.95760709132639	NA
SA150_2259	cds	0	NA	NA	NA	NA	NA
SA150_2260	cds	0.292203674099024	-2.38864132792654	3.54415978309543	-0.673965473938176	0.500333264330309	NA
SA150_2261	cds	7.14991825109927	0.76229269189304	0.773202809633186	0.985889707584842	0.324187238073957	0.622894170145582
SA150_2262	cds	23.1756444183676	-0.0803482877969142	0.39046730457843	-0.205774688059126	0.836966914067907	0.918289701052436
SA150_2263	cds	0.730974907247922	2.30230529705262	2.13641334575623	1.07764974489881	0.281190093639811	NA
SA150_2264	cds	8.20793072794976	-0.897276264315947	0.694560465514687	-1.29186198879178	0.196404943399177	0.481769323971701
SA150_2265	cds	0.127343250786145	-0.465079868291158	4.0804728567969	-0.113976954292556	0.909256062186082	NA
SA150_2266	cds	0.563482625605129	-0.0360201516738333	2.44449412275909	-0.0147352171308056	0.988243423197097	NA
SA150_2267	cds	0.523553327464724	0.142295112455942	2.50132953137707	0.0568877913409528	0.954634579662376	NA
SA150_2268	cds	1.86695412806407	-0.0425261883293597	1.38480226878474	-0.0307092133569939	0.97550144343281	NA
SA150_2269	cds	0	NA	NA	NA	NA	NA
SA150_2270	cds	0.601219530848105	0.476186387689481	2.24720744212052	0.211901393153157	0.832183963697803	NA
SA150_2271	cds	0.127343250786145	-0.465079868291158	4.0804728567969	-0.113976954292556	0.909256062186082	NA
SA150_2272	cds	0.389010048160386	-1.42686034984891	3.00019413923344	-0.475589339766351	0.634366971483449	NA
SA150_2273	cds	0.81816912717742	0.85504567106145	2.04592655251773	0.417925887910896	0.676001304213209	NA
SA150_2274	cds	1.92303864598304	-0.107705335280924	1.32654218117508	-0.0811925446543408	0.935288828446416	NA
SA150_2275	cds	0	NA	NA	NA	NA	NA
SA150_2276	cds	0.534950033511527	0.171877769712206	2.48618773984285	0.0691330614167819	0.94488370476885	NA
SA150_2277	cds	1.75568195947074	-2.4193141534762	1.54227594995899	-1.5686649030224	0.116726040651656	NA
SA150_2278	cds	1.23152607898539	-1.3708608458721	1.84887388604719	-0.741457195224352	0.458416276364579	NA
SA150_2279	cds	2.82409910960361	-0.0360752911589167	1.12292318912698	-0.032126232237633	0.97437138390353	NA
SA150_2280	cds	0.202597328555855	-2.38863321993365	4.0804728567969	-0.585381475079504	0.558291242052261	NA
SA150_2281	cds	2.16389791580469	-0.822450521756779	1.32325630324265	-0.621535313862747	0.534247466873641	NA
SA150_2282	cds	1.1390703776733	-3.26956958040609	1.92460249918739	-1.69882850187848	0.0893515016725769	NA
SA150_2283	cds	1.15517413990712	1.7470986177028	1.80847788673053	0.96606026013473	0.334014028400386	NA
SA150_2284	cds	0	NA	NA	NA	NA	NA
SA150_2285	cds	0	NA	NA	NA	NA	NA
SA150_2286	cds	0	NA	NA	NA	NA	NA
SA150_2287	cds	2.34496134815906	-1.15118442048767	1.23315810229058	-0.933525407933785	0.350548758200377	NA
SA150_2288	cds	6.62661075465531	-0.414847884241917	0.75060422619475	-0.552685249782062	0.580478955345108	0.825914494518056
SA150_2289	cds	0.709287015825774	2.29838483838069	2.16750907379982	1.06038072281351	0.28897142852038	NA
SA150_2290	cds	1.98750519131451	0.404432892635369	1.37058533664897	0.295080416972935	0.767932449017226	NA
SA150_2291	cds	0.777476660207786	-0.835205424292901	2.09298949254463	-0.399049028802083	0.689857078501089	NA
SA150_2292	cds	3.39330475039581	0.777017279943313	1.04041055393764	0.746837175961487	0.455161852089581	NA
SA150_2293	cds	10.3732558479006	-0.21417539648142	0.572916037932198	-0.373833829568525	0.708527948955694	0.869315763626622
SA150_2294	cds	1.67388481605433	-0.622748632019843	1.39117794244784	-0.447641249202161	0.654412128477222	NA
SA150_2295	cds	0.978153841718207	1.47871401262656	2.0128188467662	0.734648334102332	0.462553693431445	NA
SA150_2296	cds	3.94670826397894	0.519686288162577	0.963111987282727	0.539590717408463	0.589479319627355	0.825914494518056
SA150_2297	cds	0	NA	NA	NA	NA	NA
SA150_2298	cds	0.252138780828124	0.818407942809024	3.39897213417746	0.240781009817569	0.809724848643548	NA
SA150_2299	cds	0	NA	NA	NA	NA	NA
SA150_2300	cds	1.29150197112639	0.903435625643286	1.7190698511403	0.525537473095705	0.599209610358956	NA
SA150_2301	cds	0.0776662033833809	-0.465079868291158	4.0804728567969	-0.113976954292556	0.909256062186082	NA
SA150_2302	cds	0.391994999059804	-1.42686038851889	2.99387508388092	-0.476593160550063	0.633651854632182	NA
SA150_2303	cds	3.55622662657309	1.09022686054269	1.08056321869709	1.00894315268037	0.313001898151969	0.614241694261436
SA150_2304	cds	3.1815292069951	-2.92547287320811	1.16795225182776	-2.50478807556556	0.0122524782560289	NA
SA150_2305	cds	2.08091877349397	0.0878946502236135	1.29856306736304	0.0676860850525336	0.946035526426097	NA
SA150_2306	cds	0.525202284249166	-0.206392673287858	2.66966756891968	-0.0773102522915908	0.938376735169732	NA
SA150_2307	cds	0.271278951506105	0.91026159246763	3.30825804380472	0.275148304761852	0.78320230137033	NA
SA150_2308	cds	0.732091168646654	0.531836269456347	2.25569462784108	0.23577494173729	0.813607313632047	NA
SA150_2309	cds	14.6590195112921	0.72895104824152	0.509618345477357	1.43038619922271	0.152606206986115	0.437199694699214
SA150_2310	cds	8.49543767032399	1.62296726936693	0.735559030381073	2.20644054703009	0.0273531686692975	0.185777764366633
SA150_2311	cds	6.34460714716042	1.87972406150211	0.885271566276595	2.12333043679255	0.0337261718948871	0.214463871147433
SA150_2312	cds	0.299403702617217	-1.42685857168756	3.27762896965329	-0.435332548283674	0.663321062787154	NA
SA150_2313	cds	0.174472577444743	0.302687362968557	3.95709083907654	0.0764923968839682	0.939027362662346	NA
SA150_2314	cds	4.19813533352259	-0.86069670971743	0.891179984802669	-0.965794479672938	0.334147031368098	0.624844603549013
SA150_2315	cds	0	NA	NA	NA	NA	NA
SA150_2316	cds	14.117223828541	0.914702150207017	0.567914065520067	1.6106347874469	0.107259346946097	0.378055163935789
SA150_2317	cds	3.43778381863433	-0.382977553977219	1.0204578877972	-0.375299714527102	0.707437578436437	0.869315763626622
SA150_2318	cds	8.51847796902937	1.19001325148295	0.695422052363304	1.71121011684752	0.0870423317593294	0.345878739359441
SA150_2319	cds	13.4640440090122	0.359820473925061	0.510090751892396	0.705404817848894	0.480558346628876	0.744249336830363
SA150_2320	cds	0	NA	NA	NA	NA	NA
SA150_2321	cds	0	NA	NA	NA	NA	NA
SA150_2322	cds	0	NA	NA	NA	NA	NA
SA150_2323	cds	0	NA	NA	NA	NA	NA
SA150_2324	cds	0.0968063740613619	-0.465079868291158	4.0804728567969	-0.113976954292556	0.909256062186082	NA
SA150_2325	cds	0	NA	NA	NA	NA	NA
SA150_2326	cds	0.127343250786145	-0.465079868291158	4.0804728567969	-0.113976954292556	0.909256062186082	NA
SA150_2327	cds	0	NA	NA	NA	NA	NA
SA150_2328	cds	0.0776662033833809	-0.465079868291158	4.0804728567969	-0.113976954292556	0.909256062186082	NA
SA150_2329	cds	0.523553327464724	0.142295112455942	2.50132953137707	0.0568877913409528	0.954634579662376	NA
SA150_2330	cds	0.532402312767359	0.267481073348654	2.46401652973736	0.108554902177205	0.913555532133444	NA
SA150_2331	cds	1.43078536407233	0.844986193745899	1.61817696151373	0.522184046518283	0.601542192669235	NA
SA150_2332	cds	0	NA	NA	NA	NA	NA
SA150_2333	cds	3.1386729972365	2.35970730077577	1.33172036312593	1.77192402107366	0.0764071703743203	NA
SA150_2334	cds	0.532402312767359	0.267481073348654	2.46401652973736	0.108554902177205	0.913555532133444	NA
SA150_2335	cds	1.3636278435033	-0.846950601492221	1.68946766591515	-0.50131211066028	0.616151483377842	NA
SA150_2336	cds	2.0151629845355	0.306805587239204	1.45129901011445	0.211400672846189	0.832574631752	NA
SA150_2337	cds	3.78556125458033	1.83658696351726	1.14761568948696	1.60035016978402	0.109520922908774	0.378055163935789
SA150_2338	cds	1.33553248156495	-0.610187243578326	1.65737087318652	-0.36816578199251	0.712749623161606	NA
SA150_2339	cds	1.21611229822619	3.06266194502549	1.81493632080675	1.68747625462921	0.0915118120467997	NA
SA150_2340	cds	0.923824486541417	1.17263006290078	1.95593220570681	0.599524901466116	0.548822909662096	NA
SA150_2341	cds	1.15870252691952	1.58073407751666	1.84250137728906	0.857928301710388	0.390932055316835	NA
SA150_2342	cds	0.832977025196295	2.52306086110485	2.22329072821695	1.13483172896975	0.256445829297488	NA
SA150_2343	cds	2.32018383494416	1.63923303419153	1.46336033767463	1.12018413509579	0.262635303161025	NA
SA150_2344	cds	0.252138780828124	0.818407942809024	3.39897213417746	0.240781009817569	0.809724848643548	NA
SA150_2345	cds	2.1036714687701	1.60557585394632	1.44144699949091	1.11386395373078	0.265337555450412	NA
SA150_2346	cds	1.2950303581388	0.585880982647115	1.65123238357329	0.354814372874192	0.722728660071225	NA
SA150_2347	cds	1.37869619105589	-0.122842208669579	1.54481990993517	-0.0795187891349319	0.936619987365345	NA
SA150_2348	cds	4.60278655452131	-0.980786090915071	0.846579755652652	-1.15852769259638	0.246648757385866	0.547705328900966
SA150_2349	cds	0.933352503087533	-0.630466795141813	2.02561944500722	-0.311246417334607	0.755613298256385	NA
SA150_2350	cds	0.926372207285584	1.12183703740724	1.97265681094303	0.56869346517043	0.569564183346824	NA
SA150_2351	cds	0.821154078076838	0.811023889851105	2.04227499135005	0.397117867714267	0.691280544472583	NA
SA150_2352	cds	3.81888174957845	1.38226624078332	1.0888692253074	1.26945110455581	0.204280219075865	0.491574710445508
SA150_2353	cds	0.711834736569941	2.268884525509	2.17067324137647	1.0452446191626	0.295909926227453	NA
SA150_2354	cds	0.525965453078396	1.82696352698795	2.40520351018999	0.759587918131568	0.447500943242533	NA
SA150_2355	cds	2.45025595559066	-0.735294609229825	1.18938801398701	-0.618212560226671	0.53643523162866	NA
SA150_2356	cds	1.95165537566239	1.52847586832394	1.48249181622843	1.03101808157869	0.30253234062989	NA
SA150_2357	cds	0.299403702617217	-1.42685857168756	3.27762896965329	-0.435332548283674	0.663321062787154	NA
SA150_2358	cds	0.662157689167176	2.18176520011903	2.21895800919117	0.983238615188714	0.32549001375095	NA
SA150_2359	cds	0.678885734231486	0.747874123280185	2.1403312209107	0.349419807538932	0.726774165078186	NA
SA150_2360	cds	0.429159079017034	1.52707289008223	2.59862261389149	0.587647041135921	0.556769229263782	NA
SA150_2361	cds	0.127343250786145	-0.465079868291158	4.0804728567969	-0.113976954292556	0.909256062186082	NA
SA150_2362	cds	0.546890175671315	-0.264572176132473	2.66449550012882	-0.0992954111274279	0.920903721802432	NA
SA150_2363	cds	1.24678477008147	1.84980581275558	1.81723535099186	1.01792308395605	0.308714510430169	NA
SA150_2364	cds	0.0968063740613619	-0.465079868291158	4.0804728567969	-0.113976954292556	0.909256062186082	NA
SA150_2365	cds	0	NA	NA	NA	NA	NA
SA150_2366	cds	0.155332406766762	0.190694617863238	4.05547473765639	0.0470215277369569	0.962496069851027	NA
SA150_2367	cds	0.0776662033833809	-0.465079868291158	4.0804728567969	-0.113976954292556	0.909256062186082	NA
SA150_2368	cds	1.20663573922482	0.458167750729309	1.71422606901361	0.267273820536952	0.78925834197402	NA
SA150_2369	cds	0.55154248344534	0.331967809163898	2.41939285795458	0.137211204898965	0.890863854451517	NA
SA150_2370	cds	1.15342264544676	-1.93015857376712	1.95373213254298	-0.987934088617778	0.323184929246893	NA
SA150_2371	cds	0	NA	NA	NA	NA	NA
SA150_2372	cds	0.127343250786145	-0.465079868291158	4.0804728567969	-0.113976954292556	0.909256062186082	NA
SA150_2373	cds	0.193612748122724	0.411198695872968	4.04148449848246	0.101744469396671	0.918959503798801	NA
SA150_2374	cds	0.657333437939833	-0.777604666531292	2.3120427242615	-0.336327983203542	0.736623550211556	NA
SA150_2375	cds	1.84835739349908	-0.276799879646084	1.32233833468795	-0.209326064581954	0.834193705863993	NA
SA150_2376	cds	0.252138780828124	0.818407942809024	3.39897213417746	0.240781009817569	0.809724848643548	NA
SA150_2377	cds	25.0461228633918	-1.0338626063649	0.416438766814177	-2.48262815269123	0.0130417147386263	0.107730285930113
SA150_2378	cds	113.327124909577	-1.1460841488385	0.196407765379181	-5.83522828960396	5.37169674113568e-09	4.63500690235136e-07
SA150_2379	cds	0	NA	NA	NA	NA	NA
SA150_2380	cds	0.193612748122724	0.411198695872968	4.04148449848246	0.101744469396671	0.918959503798801	NA
SA150_2381	cds	0.0776662033833809	-0.465079868291158	4.0804728567969	-0.113976954292556	0.909256062186082	NA
SA150_2382	cds	0.292203674099024	-2.38864132792654	3.54415978309543	-0.673965473938176	0.500333264330309	NA
SA150_2383	cds	2.5761570063041	-0.480976169417139	1.14344773770938	-0.420636775564975	0.674020335238234	NA
SA150_2384	cds	0.951949237652529	-0.129644553422525	1.85302035411296	-0.0699639122337573	0.944222383088112	NA
SA150_2385	cds	0.369869877482405	-1.42686004002277	3.0503501911892	-0.467769256180549	0.639949608393734	NA
SA150_2386	cds	0.579667234556452	-1.29812414673257	2.46090358898905	-0.527498985551826	0.597847120716676	NA
SA150_2387	cds	0.155332406766762	0.190694617863238	4.05547473765639	0.0470215277369569	0.962496069851027	NA
SA150_2388	cds	0.348945154889486	1.2797532951547	2.98183067994069	0.429183757402401	0.66778950240477	NA
SA150_2389	cds	0	NA	NA	NA	NA	NA
SA150_2390	cds	1.45269075293348	-0.585609872404236	1.54686455571621	-0.378578635240042	0.705000789873757	NA
SA150_2391	cds	0	NA	NA	NA	NA	NA
SA150_2392	cds	0.0968063740613619	-0.465079868291158	4.0804728567969	-0.113976954292556	0.909256062186082	NA
SA150_2393	cds	0	NA	NA	NA	NA	NA
SA150_2394	cds	0.282675657552907	0.952699367419988	3.25887096814809	0.292340315628199	0.770026437010817	NA
SA150_2395	cds	2.87148451730127	2.18986395391022	1.3482930236763	1.62417509803564	0.104338443921448	NA
SA150_2396	cds	0	NA	NA	NA	NA	NA
SA150_2397	cds	0	NA	NA	NA	NA	NA
SA150_2398	cds	0.930473419583735	-0.965698660740312	1.9863241637499	-0.486173746644257	0.626843983491438	NA
SA150_2399	cds	2.87936357706295	1.50463455396815	1.21801240574755	1.23531956396182	0.216711595406122	NA
SA150_2400	cds	0	NA	NA	NA	NA	NA
SA150_2401	cds	3.64552000944679	1.20304964829455	1.09027044355493	1.10344149509538	0.269835485107202	0.567431436828854
SA150_2402	cds	0	NA	NA	NA	NA	NA
SA150_2403	cds	7.39375988116493	-0.892208145169449	0.722284558398723	-1.23525850690681	0.216734310915009	0.507393503072346
SA150_2404	cds	1.79868034609631	-0.333686328701522	1.35429701500842	-0.246390802758616	0.805379725164379	NA
SA150_2405	cds	1.71877396055258	-0.0744966773889703	1.53895931954793	-0.0484071777874244	0.961391738965772	NA
SA150_2406	cds	3.47203246676493	-0.884214032067979	0.988325049149037	-0.894659133479719	0.370969330734914	0.658461035818964
SA150_2407	cds	1.75266728083645	-1.53737951445681	1.41602783049796	-1.08569865743117	0.277612334876067	NA
SA150_2408	cds	1.17121549436506	-0.0620275046280101	1.87359233901055	-0.0331061903576991	0.97358990626581	NA
SA150_2409	cds	1.24236835983661	0.568220166188102	1.68925697120496	0.336372840766071	0.736589727414643	NA
SA150_2410	cds	2.39413130777166	0.448224347438943	1.27835405849976	0.350626138712281	0.725868844149973	NA
SA150_2411	cds	0.914212332409552	-0.69009858645031	2.05619205482228	-0.335619712580767	0.737157656932954	NA
SA150_2412	cds	0.590928345472759	0.506685971253519	2.55530798304809	0.198287632886084	0.842820027115099	NA
SA150_2413	cds	0.495428576353612	1.75738702920975	2.46735310765607	0.712255989528481	0.476306271670017	NA
SA150_2414	cds	8.22753418823604	-0.393291980006405	0.650038019399817	-0.605029195630024	0.545159597992869	0.795353616395393
SA150_2415	cds	0.466676251543767	-0.639106843580026	2.64243990811334	-0.241862394530795	0.808886789931406	NA
SA150_2416	cds	0.193612748122724	0.411198695872968	4.04148449848246	0.101744469396671	0.918959503798801	NA
SA150_2417	cds	0.174472577444743	0.302687362968557	3.95709083907654	0.0764923968839682	0.939027362662346	NA
SA150_2418	cds	1.0236158115022	1.34490463370419	1.90541000855279	0.705834769245118	0.480290897020891	NA
SA150_2419	cds	0.584627080914291	0.348394700135669	2.59198446239452	0.134412341273765	0.893076523264803	NA
SA150_2420	cds	1.9714231200391	3.76152785202054	1.6113208649707	2.3344375001865	0.0195728251185622	NA
SA150_2421	cds	1.50523555619534	0.961095959597	1.68196558046713	0.571412382487683	0.567720137426503	NA
SA150_2422	cds	1.97093114147086	0.76846898350835	1.36679042966226	0.562243462370631	0.573950153045465	NA
SA150_2423	cds	0	NA	NA	NA	NA	NA
SA150_2424	cds	0	NA	NA	NA	NA	NA
SA150_2425	cds	0.280263531939236	-1.42685805155375	3.35444699992064	-0.425363122919367	0.670571984467538	NA
SA150_2426	cds	2.00442357992231	1.3656527013087	1.50149082323919	0.909531167405044	0.363069813623436	NA
SA150_2427	cds	0.0776662033833809	-0.465079868291158	4.0804728567969	-0.113976954292556	0.909256062186082	NA
SA150_2428	cds	0.155332406766762	0.190694617863238	4.05547473765639	0.0470215277369569	0.962496069851027	NA
SA150_2429	cds	7.38187011892348	0.545840001536228	0.701575126464739	0.77802074353282	0.436556784423061	0.714580752822571
SA150_2430	cds	1.38463670368197	0.479063498443136	1.61434490512218	0.296754117985015	0.766654236826643	NA
SA150_2431	cds	2.56807118983069	0.0743393446707263	1.15655551072029	0.0642765037922206	0.948750062016959	NA
SA150_2432	cds	0	NA	NA	NA	NA	NA
SA150_2433	cds	0.252138780828124	0.818407942809024	3.39897213417746	0.240781009817569	0.809724848643548	NA
SA150_2434	cds	6.16900731923435	2.78489406584433	1.04737388550551	2.65893021048564	0.00783891989784957	0.0845483503268061
SA150_2435	cds	1.91780218527855	1.4247052596536	1.48082018203476	0.962105512160127	0.335996605515445	NA
SA150_2436	cds	1.0014906899248	1.34451785741461	1.91475436882068	0.702188165389966	0.482561825066604	NA
SA150_2437	cds	1.69828646811491	0.945318684223963	1.58157580903868	0.597706843277117	0.550035558488896	NA
SA150_2438	cds	5.14368039152715	1.13830094690797	0.882333464457355	1.29010288373006	0.197014938776507	0.481769323971701
SA150_2439	cds	0.815077970320267	1.13412243406277	2.04681448055647	0.554091464974605	0.579516250984023	NA
SA150_2440	cds	0.193612748122724	0.411198695872968	4.04148449848246	0.101744469396671	0.918959503798801	NA
SA150_2441	cds	0.292203674099024	-2.38864132792654	3.54415978309543	-0.673965473938176	0.500333264330309	NA
SA150_2442	cds	21.8454048331314	-0.402521227192078	0.444158143358177	-0.906256551211036	0.364800076949469	0.653825657203202
SA150_2443	cds	0	NA	NA	NA	NA	NA
SA150_2444	cds	1.08572934812764	-0.811009018086879	1.9082694926685	-0.424997109267188	0.670838782038848	NA
SA150_2445	cds	5.00463879966945	0.785130895828244	0.872840698602356	0.899512244428385	0.368379876790716	0.658288300537255
SA150_2446	cds	7.06461291541592	-0.108270061275993	0.718672266517711	-0.150652900244237	0.880249529216015	0.938074044252673
SA150_2447	cds	21.3740153508188	-0.868834818087797	0.429689126125693	-2.02200792447711	0.0431755331992422	0.236472401140227
SA150_2448	cds	0	NA	NA	NA	NA	NA
SA150_2449	cds	0.205009454169526	0.470684851198704	3.71809277615048	0.126593089397309	0.899262466796815	NA
SA150_2450	cds	0.0968063740613619	-0.465079868291158	4.0804728567969	-0.113976954292556	0.909256062186082	NA
SA150_2451	cds	0	NA	NA	NA	NA	NA
SA150_2452	cds	0.368085325567467	1.34694128410555	2.94795185406356	0.456907490618914	0.647737539743956	NA
SA150_2453	cds	0.0968063740613619	-0.465079868291158	4.0804728567969	-0.113976954292556	0.909256062186082	NA
SA150_2454	cds	13.7093862558454	-0.558202035580374	0.502733957935196	-1.1103328644697	0.266855616249832	0.563569203548595
SA150_2455	cds	0.0968063740613619	-0.465079868291158	4.0804728567969	-0.113976954292556	0.909256062186082	NA
SA150_2456	cds	0.155332406766762	0.190694617863238	4.05547473765639	0.0470215277369569	0.962496069851027	NA
SA150_2457	cds	7.79364157731389	2.03831086828437	0.806027161557328	2.52883645303732	0.0114441340200001	0.0981409138436721
SA150_2458	cds	0.989550547765009	1.49580575141842	1.91968835507975	0.779191970123858	0.435866639545902	NA
SA150_2459	cds	2.48345184454089	-1.40919983995141	1.25345566215811	-1.12425184431745	0.260906201134116	NA
SA150_2460	cds	1.77423797721826	-0.167253892695181	1.54335527053333	-0.108370312324384	0.913701949750513	NA
SA150_2461	cds	1.8310201748262	-0.674376440629503	1.36793685947178	-0.492987988414837	0.622021074537278	NA
SA150_2462	cds	1.5268686992045	-2.09794195924308	1.69282166788391	-1.23931657955772	0.21522828110449	NA
SA150_2463	cds	1.54610433511294	-0.939713693733562	1.51326458475172	-0.620984395724651	0.534609890209419	NA
SA150_2464	cds	1.26282612453941	0.108036517674776	1.75215070974497	0.0616593750034783	0.95083409242942	NA
SA150_2465	cds	0.598807405234433	-1.19907132858732	2.57466723723134	-0.465718952433146	0.641416684581985	NA
SA150_2466	cds	0	NA	NA	NA	NA	NA
SA150_2467	cds	0.999078564311126	0.049411839854551	1.88616987811214	0.026196919178885	0.979100273179693	NA
SA150_2468	cds	0	NA	NA	NA	NA	NA
SA150_2469	cds	2.70052933778634	3.08352815136134	1.50893490162814	2.04351304223543	0.041001677631512	NA
SA150_2470	cds	3.21033957108617	3.34787824403173	1.44967715282315	2.3093957420188	0.020921631096374	NA
SA150_2471	cds	0	NA	NA	NA	NA	NA
SA150_2472	cds	0	NA	NA	NA	NA	NA
SA150_2473	cds	4.36670879333615	3.89344705508562	1.42598684110476	2.7303527233598	0.00632665943859793	0.0734865827098683
SA150_2474	cds	2.74470310271828	2.27455085433453	1.42016232226297	1.60161329354952	0.109241149335394	NA
SA150_2475	cds	0.280263531939236	-1.42685805155375	3.35444699992064	-0.425363122919367	0.670571984467538	NA
SA150_2476	cds	0.0776662033833809	-0.465079868291158	4.0804728567969	-0.113976954292556	0.909256062186082	NA
SA150_2477	cds	0	NA	NA	NA	NA	NA
SA150_2478	cds	0.0968063740613619	-0.465079868291158	4.0804728567969	-0.113976954292556	0.909256062186082	NA
SA150_2479	cds	0.8958353305608	1.06900808970309	1.96700158963091	0.543470882452962	0.586805633505363	NA
SA150_2480	cds	0.678885734231486	0.747874123280185	2.1403312209107	0.349419807538932	0.726774165078186	NA
SA150_2481	cds	2.59784489772625	-0.506482878267691	1.128014500402	-0.449003871924689	0.653428863522726	NA
SA150_2482	cds	0	NA	NA	NA	NA	NA
SA150_2483	cds	0	NA	NA	NA	NA	NA
SA150_2484	cds	0.0776662033833809	-0.465079868291158	4.0804728567969	-0.113976954292556	0.909256062186082	NA
SA150_2485	cds	0.0968063740613619	-0.465079868291158	4.0804728567969	-0.113976954292556	0.909256062186082	NA
SA150_2486	cds	0	NA	NA	NA	NA	NA
SA150_2487	cds	0	NA	NA	NA	NA	NA
SA150_2488	cds	0	NA	NA	NA	NA	NA
SA150_2489	cds	0.67225853099904	-1.57558851151102	2.34990863873175	-0.670489263089551	0.502545948683405	NA
SA150_2490	cds	1.22801609206315	-0.0951377049080093	1.78278299485127	-0.0533647141479192	0.957441319164627	NA
SA150_2491	cds	0.282675657552907	0.952699367419988	3.25887096814809	0.292340315628199	0.770026437010817	NA
SA150_2492	cds	0.368085325567467	1.34694128410555	2.94795185406356	0.456907490618914	0.647737539743956	NA
SA150_2493	cds	0.721935578401804	-1.37901666008154	2.19852498842602	-0.627246298014024	0.530497799095794	NA
SA150_2494	cds	0.73513523645371	-2.63639575073238	2.40787732998753	-1.09490451108074	0.273558472541438	NA
SA150_2495	cds	0.0776662033833809	-0.465079868291158	4.0804728567969	-0.113976954292556	0.909256062186082	NA
SA150_2496	cds	0	NA	NA	NA	NA	NA
SA150_2497	cds	0.348945154889486	1.2797532951547	2.98183067994069	0.429183757402401	0.66778950240477	NA
SA150_2498	cds	0.852117195874276	2.55189071428723	2.2507124027876	1.13381465847285	0.256872300915284	NA
SA150_2499	cds	0.771039800518822	0.682255136833722	2.22983069670347	0.305967236814146	0.759629591469937	NA
SA150_2500	cds	0	NA	NA	NA	NA	NA
SA150_2501	cds	2.01196596028273	0.674613803829954	1.39200702704116	0.484633906815764	0.627936057379265	NA
SA150_2502	cds	30.5857540386614	-0.617022548644908	0.343945097952905	-1.79395651316826	0.0728201101237604	0.317339525412037
SA150_2503	cds	0	NA	NA	NA	NA	NA
SA150_2504	cds	2.92269332644815	3.27241665460728	1.47681634019091	2.2158589159328	0.0267011660009874	NA
SA150_2505	cds	1.63257880698148	1.12464963753473	1.57752318397568	0.712921146870489	0.475894552693119	NA
SA150_2506	cds	0	NA	NA	NA	NA	NA
SA150_2507	cds	26.0038450788315	-0.147114191105188	0.370893780204851	-0.396647770755103	0.691627220124809	0.865398529820445
SA150_2508	cds	83.5494827156791	0.105224538641734	0.213824185768932	0.492107748538064	0.622643174865487	0.839456423256147
SA150_2509	cds	9.50330071779593	0.282952976896718	0.658968903052023	0.429387449978622	0.667641285398405	0.859819480555728
SA150_2510	cds	0.946085203249312	-0.321981169541004	1.87766825665093	-0.171479263389849	0.863846934353251	NA
SA150_2511	cds	0.224149624847507	0.58620110290343	3.59405476673251	0.163102996740467	0.870437340337058	NA
SA150_2512	cds	0	NA	NA	NA	NA	NA
SA150_2513	cds	0	NA	NA	NA	NA	NA
SA150_2514	cds	0.202597328555855	-2.38863321993365	4.0804728567969	-0.585381475079504	0.558291242052261	NA
SA150_2515	cds	0	NA	NA	NA	NA	NA
SA150_2516	cds	3.01904019247842	-0.666904476807392	1.16912412787636	-0.570430855805516	0.568385506624217	NA
SA150_2517	cds	7.7474011420103	-1.76961516848401	0.683443005197177	-2.58926516919062	0.0096180998723824	0.0891722857182162
SA150_2518	cds	0	NA	NA	NA	NA	NA
SA150_2519	cds	1.16711428206691	1.61867642870986	1.81343916779389	0.892600346048023	0.372071233795422	NA
SA150_2520	cds	1.92607834529544	2.52198182855928	1.59011539688707	1.58603698416889	0.112730920139817	NA
SA150_2521	cds	0.72856278163425	0.857300765630068	2.1072885149577	0.406826478455551	0.68413543782379	NA
SA150_2522	cds	0	NA	NA	NA	NA	NA
SA150_2523	cds	1.0990054844024	-0.964434825830558	1.72442655542526	-0.559278574547769	0.575971615292704	NA
SA150_2524	cds	0.0968063740613619	-0.465079868291158	4.0804728567969	-0.113976954292556	0.909256062186082	NA
SA150_2525	cds	0.320955998908869	1.11606791384077	3.11434426230997	0.358363693875306	0.720071157927944	NA
SA150_2526	cds	0.513262142089378	0.190441058481922	2.6774485955822	0.071127811303698	0.943296034001726	NA
SA150_2527	cds	0	NA	NA	NA	NA	NA
SA150_2528	cds	0.292203674099024	-2.38864132792654	3.54415978309543	-0.673965473938176	0.500333264330309	NA
SA150_2529	cds	0.631620812442393	2.12732345293093	2.24632671000772	0.947023174969782	0.343626969886779	NA
SA150_2530	cds	0.613159673007893	0.138714870139706	2.38828224327057	0.0580814392982909	0.953683758725931	NA
SA150_2531	cds	1.06494022066521	-0.550001222622524	1.805408989963	-0.304640790912311	0.760639749133862	NA
SA150_2532	cds	20.9544739300437	0.708748987221355	0.434092473472634	1.63271429599213	0.102529099308032	0.373057686638865
SA150_2533	cds	6.57905932387945	-0.71282256488023	0.780329094395859	-0.913489667371824	0.360985065437866	0.650449669654127
SA150_2534	cds	19.5054065201386	-0.531277992881621	0.42436125610337	-1.25194745099964	0.210589012678279	0.500770723061734
SA150_2535	cds	18.6728097414073	-1.1811560412096	0.448896697995955	-2.63124243613894	0.00850733245232984	0.0856404800201204
SA150_2536	cds	15.383498271291	-0.728824979853565	0.487687734283231	-1.49445009299801	0.135058016971509	0.4038368428257
SA150_2537	cds	16.5428800778094	-0.686797557840164	0.485707789335728	-1.41401388431397	0.157357825893587	0.442065706231286
SA150_2538	cds	0	NA	NA	NA	NA	NA
SA150_2539	cds	1.53049255144736	-1.39583836428604	1.49652323153888	-0.932720812393065	0.350964136218128	NA
SA150_2540	cds	6.51697621520171	-0.730983640827005	0.714500750427824	-1.023069101592	0.306275174856529	0.608362578966676
SA150_2541	cds	0	NA	NA	NA	NA	NA
SA150_2542	cds	0.40519465711171	-3.014987847878	3.13220947522634	-0.962575418957294	0.335760638169222	NA
SA150_2543	cds	12.8728308190965	-1.10750192458181	0.543078048272926	-2.03930526763849	0.0414195702486275	0.235894060987576
SA150_2544	cds	5.42278036351371	-1.6481043722379	0.816041157627291	-2.01963388345498	0.0434213778076847	0.236472401140227
SA150_2545	cds	8.50706821838549	-0.639098344395105	0.692736297523112	-0.922570892676203	0.356230870189087	0.650040621130539
SA150_2546	cds	7.92952346342402	0.703124558886007	0.697210040310453	1.00848312306707	0.313222585815434	0.614241694261436
SA150_2547	cds	2.11002419087332	-0.651265910823271	1.24521314378815	-0.523015609072363	0.600963391009318	NA
SA150_2548	cds	2.36813287350028	-0.323807996513285	1.26815692363075	-0.25533748267227	0.798462452161968	NA
SA150_2549	cds	1.85144855035623	-0.567910871520973	1.36030701652788	-0.417487276490375	0.676322028912504	NA
SA150_2550	cds	0.574879331651931	-0.00646418760161199	2.43067114566719	-0.00265942499590484	0.997878088356373	NA
SA150_2551	cds	4.47442192064946	-0.333616509226721	0.885807845533466	-0.37662401717136	0.706453036773586	0.869315763626622
SA150_2552	cds	0.697398331210733	-3.72880747796323	2.39347805493321	-1.55790334917747	0.119256161173749	NA
SA150_2553	cds	0.961696986914889	0.212780305341643	1.94642025281106	0.109318789215402	0.912949644268484	NA
SA150_2554	cds	1.17001509538058	-1.60444086655469	1.80693132082079	-0.887936828626046	0.374574732801029	NA
SA150_2555	cds	0.202597328555855	-2.38863321993365	4.0804728567969	-0.585381475079504	0.558291242052261	NA
SA150_2556	cds	14.9903344976968	-0.597436584490179	0.50828498846487	-1.1753968699618	0.239835975163017	0.539996586013687
SA150_2557	cds	0.837309297855401	0.902854540100136	2.14455707644911	0.420998139902647	0.673756440139335	NA
SA150_2558	cds	0.0968063740613619	-0.465079868291158	4.0804728567969	-0.113976954292556	0.909256062186082	NA
SA150_2559	cds	0.127343250786145	-0.465079868291158	4.0804728567969	-0.113976954292556	0.909256062186082	NA
SA150_2560	cds	0.494801002654879	-3.20862687355447	2.72435248298269	-1.17775761161477	0.238893251835792	NA
SA150_2561	cds	0.202597328555855	-2.38863321993365	4.0804728567969	-0.585381475079504	0.558291242052261	NA
SA150_2562	cds	0	NA	NA	NA	NA	NA
SA150_2563	cds	0	NA	NA	NA	NA	NA
SA150_2564	cds	0	NA	NA	NA	NA	NA
SA150_2565	cds	0	NA	NA	NA	NA	NA
SA150_2566	cds	0.0968063740613619	-0.465079868291158	4.0804728567969	-0.113976954292556	0.909256062186082	NA
SA150_2567	cds	0.687734719534121	0.821719726040239	2.27421929951558	0.361319476189157	0.717860635886362	NA
SA150_2568	cds	0.292203674099024	-2.38864132792654	3.54415978309543	-0.673965473938176	0.500333264330309	NA
SA150_2569	cds	0	NA	NA	NA	NA	NA
SA150_2570	cds	0	NA	NA	NA	NA	NA
SA150_2571	cds	0	NA	NA	NA	NA	NA
SA150_2572	cds	13.1920556203503	-0.906262099132879	0.553951483913114	-1.63599543543243	0.101840542713305	0.372798107871736
SA150_2573	cds	0	NA	NA	NA	NA	NA
SA150_2574	cds	0.669901153798355	2.20081335851535	2.21242615807232	0.994751101855039	0.319857333725311	NA
SA150_2575	cds	0.205009454169526	0.470684851198704	3.71809277615048	0.126593089397309	0.899262466796815	NA
SA150_2576	cds	1.13479285342718	2.96469844955561	1.90571486529591	1.55568836846706	0.119782213790287	NA
SA150_2577	cds	0.45714823499765	1.65664992103871	2.52578135648573	0.655896012845586	0.511891033797924	NA
SA150_2578	cds	1.18446990082995	3.01673588053535	1.87338038832781	1.61031678314307	0.107328717150455	NA
SA150_2579	cds	1.31436087236026	3.1636957634907	3.59603384017087	0.879773635094706	0.378981949961672	NA
SA150_2580	cds	1.44137818447243	1.99461780100598	1.71431457071227	1.16350746536398	0.244623671001614	NA
SA150_2581	cds	0.193612748122724	0.411198695872968	4.04148449848246	0.101744469396671	0.918959503798801	NA
SA150_2582	cds	0.542557903012209	1.90931882954867	2.54114025475722	0.751363025308922	0.452434208580226	NA
SA150_2583	cds	0.193612748122724	0.411198695872968	4.04148449848246	0.101744469396671	0.918959503798801	NA
SA150_2584	cds	0.174472577444743	0.302687362968557	3.95709083907654	0.0764923968839682	0.939027362662346	NA
SA150_2585	cds	0	NA	NA	NA	NA	NA
SA150_2586	cds	0.174472577444743	0.302687362968557	3.95709083907654	0.0764923968839682	0.939027362662346	NA
SA150_2587	cds	0.711834736569941	2.268884525509	2.17067324137647	1.0452446191626	0.295909926227453	NA
SA150_2588	cds	0.252138780828124	0.818407942809024	3.39897213417746	0.240781009817569	0.809724848643548	NA
SA150_2589	cds	0.155332406766762	0.190694617863238	4.05547473765639	0.0470215277369569	0.962496069851027	NA
SA150_2590	cds	19.6130773238687	0.797159336361659	0.454875927125211	1.75247642010792	0.0796919209934751	0.33536422715118
SA150_2591	cds	0.702222582438077	0.499512172924715	2.26027428007397	0.22099626462518	0.825095341476025	NA
SA150_2592	cds	0.886307314014684	2.59350662217973	1.99788976393709	1.29812298405739	0.194245077483332	NA
SA150_2593	cds	0	NA	NA	NA	NA	NA
SA150_2594	cds	0.0776662033833809	-0.465079868291158	4.0804728567969	-0.113976954292556	0.909256062186082	NA
SA150_2595	cds	0.794204705272095	-2.77557048729493	2.2220036214801	-1.24912959657828	0.211617677103237	NA
SA150_2596	cds	0	NA	NA	NA	NA	NA
SA150_2597	cds	5.60615667467407	-0.582372176978706	0.766597256869018	-0.759684660700803	0.447443099890699	0.722608642604231
SA150_2598	cds	0.615028362508579	2.05703333157734	2.4390124410487	0.843387797846935	0.399011594013141	NA
SA150_2599	cds	0.684198673158828	-2.44468616584374	2.36947598461096	-1.03174127179226	0.302193337646847	NA
SA150_2600	cds	0.622144253441024	-2.2525427546256	2.44058816698354	-0.922950780921649	0.356032855347769	NA
SA150_2601	cds	0.0968063740613619	-0.465079868291158	4.0804728567969	-0.113976954292556	0.909256062186082	NA
SA150_2602	cds	5.67769569016972	-2.46153522974622	0.85270640609876	-2.88673242295441	0.00389265121200548	0.0522480296011403
SA150_2603	cds	0	NA	NA	NA	NA	NA
SA150_2604	cds	0.252138780828124	0.818407942809024	3.39897213417746	0.240781009817569	0.809724848643548	NA
SA150_2605	cds	0	NA	NA	NA	NA	NA
SA150_2606	cds	0	NA	NA	NA	NA	NA
SA150_2607	cds	0	NA	NA	NA	NA	NA
SA150_2608	cds	0	NA	NA	NA	NA	NA
SA150_2609	cds	0	NA	NA	NA	NA	NA
SA150_2610	cds	11.4200181252145	0.813897590181849	0.575339450018074	1.4146389408136	0.157174385257138	0.442065706231286
SA150_2611	cds	0.834218140998248	1.17107535214731	2.00643479022558	0.583659811847485	0.559449210571909	NA
SA150_2612	cds	0	NA	NA	NA	NA	NA
SA150_2613	cds	0	NA	NA	NA	NA	NA
SA150_2614	cds	1.99248343776252	1.5382999954903	1.47178307262841	1.04519478726108	0.295932952178936	NA
SA150_2615	cds	0.737547362067381	-0.514064421379906	2.23913808364526	-0.229581384522307	0.818417073525294	NA
SA150_2616	cds	5.02939791279418	-0.61629241807711	0.805998898594224	-0.764631836534778	0.444490805885147	0.719765272800613
SA150_2617	cds	1.94861567634998	-0.644031785522835	1.38592770666128	-0.464693636202944	0.642150866267664	NA
SA150_2618	cds	0.193612748122724	0.411198695872968	4.04148449848246	0.101744469396671	0.918959503798801	NA
SA150_2619	cds	3.215149790718	0.986546478726769	1.11966930054117	0.881105231919766	0.378260865731828	NA