"tag"	"moltype"	"baseMean"	"log2FoldChange"	"lfcSE"	"stat"	"pvalue"	"padj"
SA150_0001	cds	5.65738931306933	0.57577972372802	0.728127248563069	0.790767994006953	0.429079390098698	0.996816357781912
SA150_0002	cds	3.0642105984338	0.658188671425998	0.962962741058778	0.683503777832899	0.494288563831551	0.996816357781912
SA150_0003	cds	1.87645524719972	-1.27004189490814	1.23041325125895	-1.03220758847374	0.301974880905893	0.996816357781912
SA150_0004	cds	4.38141357646688	1.44347734301979	0.854930841135476	1.68841416587877	0.0913317530555115	0.996816357781912
SA150_0005	cds	15.2387505797631	0.760374721129596	0.477973208908467	1.59083125781473	0.111647556326137	0.996816357781912
SA150_0006	cds	19.8759933483465	0.272520807304138	0.404111727013628	0.674369955353826	0.500076139064604	0.996816357781912
SA150_0007	cds	2.68504095171463	-0.949855228335256	1.007486573509	-0.942796909964748	0.345784792575675	0.996816357781912
SA150_0008	cds	0.812467978686019	1.10199077437077	2.30622481837108	0.477833195442378	0.632768932345289	0.996816357781912
SA150_0009	cds	23.0478645592632	-0.0296536867055666	0.366323553827501	-0.0809494404488397	0.935482161152918	0.996816357781912
SA150_0010	cds	0	NA	NA	NA	NA	NA
SA150_0011	cds	0.0627357352587352	-0.301063623054013	4.07215242169882	-0.0739323070152701	0.941064248904088	0.996816357781912
SA150_0012	cds	0.371145578537517	-1.09697584897012	4.06663990652567	-0.269749934635181	0.787352641714099	0.996816357781912
SA150_0013	cds	2.34352513070364	0.986245294992269	1.15283676123502	0.855494314681393	0.392277550504212	0.996816357781912
SA150_0014	cds	12.9803919760078	-0.105412239051199	0.478063811413307	-0.220498260973922	0.825483126595083	0.996816357781912
SA150_0015	cds	2.38624144592566	1.99658538229278	1.26243422931706	1.58153615921273	0.113755497987409	0.996816357781912
SA150_0016	cds	10.9152786368129	0.591598817996137	0.536868124915556	1.10194438920953	0.270485848920538	0.996816357781912
SA150_0017	cds	0.503535003603707	0.337868375445245	3.38907633949828	0.099693350517818	0.920587779761134	0.996816357781912
SA150_0018	cds	4.0945431050546	0.653392948326598	0.86879214686608	0.752070504646625	0.452008660467358	0.996816357781912
SA150_0019	cds	13.6284955660802	0.657121713331222	0.49467252781948	1.3283974273401	0.184046848912914	0.996816357781912
SA150_0020	cds	10.8198483460401	-0.182483872824576	0.511902274509114	-0.356481855837754	0.721479737748629	0.996816357781912
SA150_0021	cds	3.51419290750121	0.173238470415463	0.841706193541163	0.205818219878633	0.836932908485123	0.996816357781912
SA150_0022	cds	0.477507034386616	1.8145781869245	3.19739751134504	0.56751723252614	0.570362822084384	0.996816357781912
SA150_0023	cds	6.08851102279445	-0.183265880723454	0.661128338570373	-0.277201671796052	0.781625256004874	0.996816357781912
SA150_0024	cds	1.47969448214394	-0.654999845296024	1.43119970349968	-0.457657896165271	0.647198241532011	0.996816357781912
SA150_0025	cds	2.59514251969975	-0.438024932859998	0.960702588965711	-0.455942284210532	0.648431481998865	0.996816357781912
SA150_0026	cds	4.98005584945208	-0.0949862562988491	0.726732048710991	-0.130703271539114	0.896010044235319	0.996816357781912
SA150_0027	cds	4.30988649845292	-0.0134069098228736	0.811245391142289	-0.0165263309588677	0.986814495887234	0.996816357781912
SA150_0028	cds	0.994501314983372	1.34006436125374	1.9127497603573	0.700595754357027	0.483555328753088	0.996816357781912
SA150_0029	cds	0	NA	NA	NA	NA	NA
SA150_0030	cds	0.186625305372418	-0.135206404479941	4.06664026283441	-0.0332476923802705	0.973477066105979	0.996816357781912
SA150_0031	cds	0	NA	NA	NA	NA	NA
SA150_0032	cds	0	NA	NA	NA	NA	NA
SA150_0033	cds	0.102674523237992	-0.135206406046156	4.06664026288408	-0.0332476927650018	0.973477065799177	0.996816357781912
SA150_0034	cds	4.74870885502055	-0.0360926328233708	0.75604486121077	-0.0477387449807809	0.961924455260206	0.996816357781912
SA150_0035	cds	0	NA	NA	NA	NA	NA
SA150_0036	cds	0	NA	NA	NA	NA	NA
SA150_0037	cds	0.667363361696646	0.851256046755607	2.38778408733757	0.356504614998408	0.721462696570392	0.996816357781912
SA150_0038	cds	0	NA	NA	NA	NA	NA
SA150_0039	cds	0.292530850548023	-1.09697584897012	4.06663990652567	-0.269749934635181	0.787352641714099	0.996816357781912
SA150_0040	cds	0.26808478173472	1.02175530007769	4.01550283770304	0.254452640522141	0.799145887562061	0.996816357781912
SA150_0041	cds	2.01428651411397	0.672336060397506	1.20983222347567	0.555726692802069	0.578397706059642	0.996816357781912
SA150_0042	cds	0	NA	NA	NA	NA	NA
SA150_0043	cds	0.290430187245081	-2.16919618901566	4.0804728567969	-0.531604121665066	0.595000209512941	0.996816357781912
SA150_0044	cds	1.06499282012475	1.73890664640052	1.94317831061216	0.894877550301961	0.370852548761654	0.996816357781912
SA150_0045	cds	0.39355625225219	1.57059618033873	3.9824958822371	0.394374840999577	0.693304315761686	0.996816357781912
SA150_0046	cds	0.517445822365873	1.92429746087516	2.98508562198086	0.644637274959712	0.519162273304473	0.996816357781912
SA150_0047	cds	0	NA	NA	NA	NA	NA
SA150_0048	cds	1.34804914214762	-1.43439611487179	1.48598085442327	-0.965285730702428	0.334401716883839	0.996816357781912
SA150_0049	cds	5.51567576576	0.989488770815756	0.754040026516936	1.31224966317293	0.189435910076879	0.996816357781912
SA150_0050	cds	0.482387177858053	-1.72709683558463	3.53603493854699	-0.488427536944619	0.625247040925183	0.996816357781912
SA150_0051	cds	0.480738056324228	0.217015144541809	3.23232050596044	0.0671391169723515	0.946470953292476	0.996816357781912
SA150_0052	cds	17.149452198514	-0.440087267554425	0.42867209991333	-1.0266291359839	0.304595129113148	0.996816357781912
SA150_0053	cds	0.772006058903231	-0.39907488908692	2.31964767137168	-0.172041165566723	0.863405166015832	0.996816357781912
SA150_0054	cds	0.64172166604436	0.335270431018535	2.876657700719	0.116548601154297	0.907217770359033	0.996816357781912
SA150_0055	cds	0.0627357352587352	-0.301063623054013	4.07215242169882	-0.0739323070152701	0.941064248904088	0.996816357781912
SA150_0056	cds	0.0627357352587352	-0.301063623054013	4.07215242169882	-0.0739323070152701	0.941064248904088	0.996816357781912
SA150_0057	cds	0	NA	NA	NA	NA	NA
SA150_0058	cds	0	NA	NA	NA	NA	NA
SA150_0059	cds	0.391974351848402	1.50597132677456	3.98588053638483	0.377826508603911	0.705559479865781	0.996816357781912
SA150_0060	cds	0	NA	NA	NA	NA	NA
SA150_0061	cds	0	NA	NA	NA	NA	NA
SA150_0062	cds	0.12547147051747	0.242031776194219	4.05376117389553	0.0597054848106984	0.952390203283409	0.996816357781912
SA150_0063	cds	0	NA	NA	NA	NA	NA
SA150_0064	cds	0.12547147051747	0.242031776194219	4.05376117389553	0.0597054848106984	0.952390203283409	0.996816357781912
SA150_0065	cds	0	NA	NA	NA	NA	NA
SA150_0066	cds	0.18985632731003	-2.16919618901566	4.0804728567969	-0.531604121665066	0.595000209512941	0.996816357781912
SA150_0067	cds	40.6162581473912	-0.336368794992842	0.290599039176185	-1.15750140105903	0.247067567216398	0.996816357781912
SA150_0068	cds	0	NA	NA	NA	NA	NA
SA150_0069	cds	0	NA	NA	NA	NA	NA
SA150_0070	cds	0	NA	NA	NA	NA	NA
SA150_0071	cds	0	NA	NA	NA	NA	NA
SA150_0072	cds	0	NA	NA	NA	NA	NA
SA150_0073	cds	3.79378324395533	0.276244191293492	0.824938093846995	0.334866571629953	0.73772573965196	0.996816357781912
SA150_0074	cds	31.5794529822418	-0.300296294736694	0.301737328432233	-0.995224211392651	0.319627228807087	0.996816357781912
SA150_0075	cds	0.0627357352587352	-0.301063623054013	4.07215242169882	-0.0739323070152701	0.941064248904088	0.996816357781912
SA150_0076	cds	0.518576181000544	-0.0830014162372824	3.06561252583924	-0.0270749860061196	0.978399925720597	0.996816357781912
SA150_0077	cds	0.683242354427405	0.621199741899228	2.37338635773922	0.261735616653226	0.793525279339071	0.996816357781912
SA150_0078	cds	3.32847700749712	-0.113340097483391	0.865129442596978	-0.13100940957825	0.895767863797026	0.996816357781912
SA150_0079	cds	16.7826093436584	-0.796102018915176	0.422272928901586	-1.88527836957485	0.059392264902589	0.996816357781912
SA150_0080	cds	0.12547147051747	0.242031776194219	4.05376117389553	0.0597054848106984	0.952390203283409	0.996816357781912
SA150_0081	cds	0	NA	NA	NA	NA	NA
SA150_0082	cds	0.580860374490162	-3.26431924156828	3.28036637966917	-0.995108126275057	0.31968367876189	0.996816357781912
SA150_0083	cds	0.186625305372418	-0.135206404479941	4.06664026283441	-0.0332476923802705	0.973477066105979	0.996816357781912
SA150_0084	cds	0	NA	NA	NA	NA	NA
SA150_0085	cds	2.07300420688776	-1.14574143598723	1.21896584235701	-0.939929074445436	0.347253942627571	0.996816357781912
SA150_0086	cds	0.352035563869145	1.35183514028399	3.99456111569365	0.338418940437026	0.7350475028746	0.996816357781912
SA150_0087	cds	1.99636971030593	-0.671272722083659	1.21654701033515	-0.551785271247946	0.58109547958752	0.996816357781912
SA150_0088	cds	28.7482698939634	-0.502608653336316	0.325430433093634	-1.54444268951239	0.122481124979802	0.996816357781912
SA150_0089	cds	3.03910754177802	-1.90373962826793	0.932471626536796	-2.04160595785464	0.0411906338471597	0.996816357781912
SA150_0090	cds	2.78416540058024	-0.433413739353224	0.994855614134903	-0.43565491634694	0.663087120325494	0.996816357781912
SA150_0091	cds	1.41204772537537	-0.938976736644957	1.44792224211785	-0.648499421675804	0.516661984757264	0.996816357781912
SA150_0092	cds	2.66162608686953	1.0716776894827	1.04332946524572	1.02717092268673	0.304339987381876	0.996816357781912
SA150_0093	cds	3.06828380460971	0.642509044264606	0.938272865210429	0.684778456340106	0.493483731999037	0.996816357781912
SA150_0094	cds	3.80724252094838	0.108487776394636	0.805750407014354	0.134641913240391	0.892895001342285	0.996816357781912
SA150_0095	cds	2.61958663558733	0.929147045677705	1.0310332695009	0.901180469304818	0.367492373493894	0.996816357781912
SA150_0096	cds	1.82653085010688	1.42772966150817	1.38139566249214	1.03354143948335	0.301350588220953	0.996816357781912
SA150_0097	cds	1.16269105364859	-1.09063247051192	1.73997627893467	-0.626808815565967	0.530784564206278	0.996816357781912
SA150_0098	cds	1.66215285107639	-0.355998639144264	1.31682054041181	-0.270347118851087	0.786893218800917	0.996816357781912
SA150_0099	cds	1.97945319177686	-0.639748470272574	1.172257786014	-0.545740431759381	0.585244375197288	0.996816357781912
SA150_0100	cds	3.82726194098509	-0.416630764331754	0.81375222525301	-0.511987250421609	0.608659932619272	0.996816357781912
SA150_0101	cds	1.31192977611381	1.03597921543823	1.60500355216891	0.645468487616908	0.51862363317317	0.996816357781912
SA150_0102	cds	3.01961125354485	-0.751263119338936	0.886223851597012	-0.847712593139001	0.396598051316757	0.996816357781912
SA150_0103	cds	2.52179662472515	0.279191183252183	1.01088627072158	0.276184563326688	0.782406312991546	0.996816357781912
SA150_0104	cds	5.74401359517192	0.0518558390615432	0.691769025924422	0.0749612039831465	0.940245579744078	0.996816357781912
SA150_0105	cds	0.47915615592044	0.0363384638125871	3.30276575489513	0.0110024344774463	0.991221504510919	0.996816357781912
SA150_0106	cds	0.186625305372418	-0.135206404479941	4.06664026283441	-0.0332476923802705	0.973477066105979	0.996816357781912
SA150_0107	cds	5.71044312080384	-0.341386906871003	0.670204249139724	-0.509377413391825	0.610487705086122	0.996816357781912
SA150_0108	cds	0.205349046475984	0.710836152680787	4.02855838759022	0.176449261569718	0.859941006580695	0.996816357781912
SA150_0109	cds	0.0627357352587352	-0.301063623054013	4.07215242169882	-0.0739323070152701	0.941064248904088	0.996816357781912
SA150_0110	cds	0	NA	NA	NA	NA	NA
SA150_0111	cds	0	NA	NA	NA	NA	NA
SA150_0112	cds	0	NA	NA	NA	NA	NA
SA150_0113	cds	0.582961037793104	-1.98680597514261	2.84751193355042	-0.697734029393639	0.485343542611096	0.996816357781912
SA150_0114	cds	0.252592062568766	-1.26283750952411	4.07215218538409	-0.310115499626151	0.756473125924892	0.996816357781912
SA150_0115	cds	1.51999108162826	0.412413504148213	1.40773754924108	0.292961926298371	0.769551253884943	0.996816357781912
SA150_0116	cds	1.02217840573429	-1.10188962636959	1.7869544645588	-0.616629941178524	0.53747884092529	0.996816357781912
SA150_0117	cds	0.749209111623753	-0.53927580390297	2.22465829730312	-0.242408375505	0.808463745169869	0.996816357781912
SA150_0118	cds	28.8286491325448	0.351958329194411	0.359594547806276	0.978764364870242	0.327696420893694	0.996816357781912
SA150_0119	cds	1.98847949816321	0.642170339922134	1.21291185498117	0.529445183740994	0.596496661109262	0.996816357781912
SA150_0120	cds	7.23335143826701	0.0685729058372889	0.632405192344475	0.108431914644902	0.91365308614836	0.996816357781912
SA150_0121	cds	0.0627357352587352	-0.301063623054013	4.07215242169882	-0.0739323070152701	0.941064248904088	0.996816357781912
SA150_0122	cds	0.165410258496727	0.495107692232776	4.03924898767954	0.12257419479288	0.902444289894505	0.996816357781912
SA150_0123	cds	0.268471055299524	-2.16919618901566	4.0804728567969	-0.531604121665066	0.595000209512941	0.996816357781912
SA150_0124	cds	0.102674523237992	-0.135206406046156	4.06664026288408	-0.0332476927650018	0.973477065799177	0.996816357781912
SA150_0125	cds	0.786209420966147	-1.32891946519872	2.47201138910903	-0.537586303628519	0.590862688001012	0.996816357781912
SA150_0126	cds	2.22286658252757	0.35836121252878	1.08531451375368	0.330191117862551	0.741255557757794	0.996816357781912
SA150_0127	cds	4.86712656202464	-0.556187066757418	0.715953178518083	-0.776848379818137	0.43724822943959	0.996816357781912
SA150_0128	cds	4.11206594676314	1.25748713033512	0.864321165624547	1.45488411061468	0.145701347396313	0.996816357781912
SA150_0129	cds	9.1408842948609	-0.266057919668239	0.627990387692089	-0.423665592471919	0.671809711731087	0.996816357781912
SA150_0130	cds	7.1192521357069	-0.533596470537909	0.607674990161951	-0.878095164646649	0.379892076816876	0.996816357781912
SA150_0131	cds	9.96560694401467	0.0241383574673375	0.546490171278089	0.0441697924976117	0.9647690606389	0.996816357781912
SA150_0132	cds	4.68254102065522	-1.20606554541485	0.759791648636057	-1.58736351943315	0.112430336613915	0.996816357781912
SA150_0133	cds	0	NA	NA	NA	NA	NA
SA150_0134	cds	6.11091928053047	-0.866134928968978	0.647915429192953	-1.33680244356558	0.181287131371806	0.996816357781912
SA150_0135	cds	0.996988251851118	0.0265360276235488	1.85301657841072	0.0143204480373878	0.988574326128977	0.996816357781912
SA150_0136	cds	1.14487039608326	1.85086084607568	1.76234183118973	1.05022806207022	0.29361327051241	0.996816357781912
SA150_0137	cds	1.61177254331005	1.06123687584453	1.46182608987307	0.72596657235518	0.467859263197661	0.996816357781912
SA150_0138	cds	0.496617049054987	-0.0864055991438961	3.16671226494467	-0.0272855857794222	0.978231953470998	0.996816357781912
SA150_0139	cds	0.102674523237992	-0.135206406046156	4.06664026288408	-0.0332476927650018	0.973477065799177	0.996816357781912
SA150_0140	cds	0.0627357352587352	-0.301063623054013	4.07215242169882	-0.0739323070152701	0.941064248904088	0.996816357781912
SA150_0141	cds	0.501953103199919	0.204611074406968	3.14877016596566	0.0649812668509637	0.948188915613746	0.996816357781912
SA150_0142	cds	0.39355625225219	1.57059618033873	3.9824958822371	0.394374840999577	0.693304315761686	0.996816357781912
SA150_0143	cds	0	NA	NA	NA	NA	NA
SA150_0144	cds	0.205349046475984	0.710836152680787	4.02855838759022	0.176449261569718	0.859941006580695	0.996816357781912
SA150_0145	cds	0.249361040631153	0.719053425397083	4.02817913586526	0.178505821400773	0.85832574980268	0.996816357781912
SA150_0146	cds	0.12547147051747	0.242031776194219	4.05376117389553	0.0597054848106984	0.952390203283409	0.996816357781912
SA150_0147	cds	0.686929287038512	2.32453278264845	2.61325455241714	0.889516400343916	0.373725613112302	0.996816357781912
SA150_0148	cds	5.72502069899249	-1.16474320340275	0.680722044074069	-1.71104081841077	0.0870735779203772	0.996816357781912
SA150_0149	cds	2.37113500032451	0.578006689567604	1.0561194782988	0.547292897673526	0.58417752248506	0.996816357781912
SA150_0150	cds	7.96633053053797	0.675280835075574	0.624858738176581	1.080693593317	0.279833433897206	0.996816357781912
SA150_0151	cds	6.69097603735542	-0.562969813934748	0.66886802265125	-0.841675479870089	0.399969626898296	0.996816357781912
SA150_0152	cds	7.78730531621014	0.370284329595631	0.598757184281602	0.618421522640941	0.536297514048977	0.996816357781912
SA150_0153	cds	0	NA	NA	NA	NA	NA
SA150_0154	cds	5.29635636792651	1.39397067347056	0.787852045348627	1.76933052557314	0.0768387321365663	0.996816357781912
SA150_0155	cds	0.519027722769661	1.98228545377189	3.21837027467828	0.615928337820002	0.537941817692371	0.996816357781912
SA150_0156	cds	0.605757985072582	-1.53854849028545	2.76012390110056	-0.557420081639078	0.577240448136594	0.996816357781912
SA150_0157	cds	0.813207694851508	0.103065362447961	2.20870330135077	0.0466632898972575	0.96278158887447	0.996816357781912
SA150_0158	cds	593.841628769492	-0.260041120264783	0.0928083240758617	-2.8019159149154	0.00508001122591253	0.996816357781912
SA150_0159	cds	205.269806573594	-0.125232779271138	0.119120467035021	-1.05131202377103	0.293115306574327	0.996816357781912
SA150_0160	cds	0.543022249813847	-2.12019026620281	2.99443424112232	-0.708043688883335	0.478918127079905	0.996816357781912
SA150_0161	cds	2.68969382008963	0.0430801795026459	0.953222398319276	0.0451942585262421	0.963952470608481	0.996816357781912
SA150_0162	cds	0	NA	NA	NA	NA	NA
SA150_0163	cds	0	NA	NA	NA	NA	NA
SA150_0164	cds	0.415901657762552	-0.718912034073828	4.01277757396185	-0.179155714669737	0.857815435632338	0.996816357781912
SA150_0165	cds	0.102674523237992	-0.135206406046156	4.06664026288408	-0.0332476927650018	0.973477065799177	0.996816357781912
SA150_0166	cds	0.205349046475984	0.710836152680787	4.02855838759022	0.176449261569718	0.859941006580695	0.996816357781912
SA150_0167	cds	0	NA	NA	NA	NA	NA
SA150_0168	cds	0.0627357352587352	-0.301063623054013	4.07215242169882	-0.0739323070152701	0.941064248904088	0.996816357781912
SA150_0169	cds	0.379712654620061	-2.77932101736673	4.06325641966939	-0.684013197865783	0.493966831897797	0.996816357781912
SA150_0170	cds	1.72566113346473	-2.42937480891151	1.35554287555548	-1.79217850849313	0.0731043761282821	0.996816357781912
SA150_0171	cds	0	NA	NA	NA	NA	NA
SA150_0172	cds	0.315327797827501	-0.719742103087498	4.05376075286438	-0.177549230693728	0.859076998932134	0.996816357781912
SA150_0173	cds	10.5193871575745	-0.628198615729226	0.52742111930016	-1.19107595949663	0.233623766554566	0.996816357781912
SA150_0174	cds	136.982284036161	-0.0520585901319626	0.159105107983211	-0.32719622136491	0.743519478659613	0.996816357781912
SA150_0175	cds	0	NA	NA	NA	NA	NA
SA150_0176	cds	1.18804020600013	0.910564268569581	1.68878404403289	0.539183367930877	0.589760335438688	0.996816357781912
SA150_0177	cds	0.871449560203611	1.22304082083276	2.05070733642629	0.596399495485356	0.550908377429718	0.996816357781912
SA150_0178	cds	0	NA	NA	NA	NA	NA
SA150_0179	cds	0	NA	NA	NA	NA	NA
SA150_0180	cds	0.0627357352587352	-0.301063623054013	4.07215242169882	-0.0739323070152701	0.941064248904088	0.996816357781912
SA150_0181	cds	0	NA	NA	NA	NA	NA
SA150_0182	cds	0.268471055299524	-2.16919618901566	4.0804728567969	-0.531604121665066	0.595000209512941	0.996816357781912
SA150_0183	cds	0	NA	NA	NA	NA	NA
SA150_0184	cds	0	NA	NA	NA	NA	NA
SA150_0185	cds	1.47591818817315	-1.35133203371115	1.44579187440271	-0.934665671896531	0.349960623230326	0.996816357781912
SA150_0186	cds	1.54233648713862	-0.533731841819894	1.36547704065206	-0.390875734948293	0.695889090673451	0.996816357781912
SA150_0187	cds	2.53774088566022	1.46775002932189	1.11582349054389	1.31539624480075	0.188376766923076	0.996816357781912
SA150_0188	cds	0.543473791582963	0.50592122308413	2.933200492493	0.172480955317901	0.863059432436148	0.996816357781912
SA150_0189	cds	0.787047236300068	-1.04492463296302	2.18438020973803	-0.478362067329082	0.632392527158285	0.996816357781912
SA150_0190	cds	2.15841645753069	-0.748211578794355	1.11859730103445	-0.668883769076169	0.503569624692242	0.996816357781912
SA150_0191	cds	8.34668129625154	-0.345808670974039	0.58301443066266	-0.593139127930316	0.553088046428854	0.996816357781912
SA150_0192	cds	14.3009420606922	0.636985534853567	0.469122290920157	1.3578240624724	0.17451951771437	0.996816357781912
SA150_0193	cds	1.12365534920757	1.87167834083128	1.78089903578197	1.05097386388861	0.293270593837463	0.996816357781912
SA150_0194	cds	3.31013321812826	0.528982788445496	0.895190420372056	0.590916498219051	0.554576371087838	0.996816357781912
SA150_0195	cds	1.14600075471793	0.528981460795705	1.6877879502063	0.313417014697283	0.753963859088658	0.996816357781912
SA150_0196	cds	13.5095430790563	1.30928605544907	0.539943542208716	2.42485732877412	0.0153144038943731	0.996816357781912
SA150_0197	cds	66.5012213547854	0.620078361409341	0.215747581899078	2.87409182504488	0.00405191138828334	0.996816357781912
SA150_0198	cds	0.315327797827501	-0.719742103087498	4.05376075286438	-0.177549230693728	0.859076998932134	0.996816357781912
SA150_0199	cds	0.165410258496727	0.495107692232776	4.03924898767954	0.12257419479288	0.902444289894505	0.996816357781912
SA150_0200	cds	2.20759918553232	-0.232759271664095	1.09358764579811	-0.212840070531545	0.831451707984109	0.996816357781912
SA150_0201	cds	4.69208850591938	0.720203946173471	0.781995354184279	0.920982384767153	0.357059623866128	0.996816357781912
SA150_0202	cds	0.0627357352587352	-0.301063623054013	4.07215242169882	-0.0739323070152701	0.941064248904088	0.996816357781912
SA150_0203	cds	5.74763525957872	-0.277406957556526	0.706709983710058	-0.392532954041779	0.694664467287826	0.996816357781912
SA150_0204	cds	1.21151597014516	-1.6309500739696	1.71443517117797	-0.951304605381491	0.341449769797533	0.996816357781912
SA150_0205	cds	2.93575420167448	-0.771334682598605	0.900869149949743	-0.856211673628336	0.391880706682737	0.996816357781912
SA150_0206	cds	1.03850894023416	0.297950516203598	1.75533206874876	0.169740256848371	0.865214413049923	0.996816357781912
SA150_0207	cds	0	NA	NA	NA	NA	NA
SA150_0208	cds	0	NA	NA	NA	NA	NA
SA150_0209	cds	0	NA	NA	NA	NA	NA
SA150_0210	cds	0.370759304972712	1.4731093493904	3.98765792177652	0.369417181284729	0.711816793465547	0.996816357781912
SA150_0211	cds	0.312096775889888	1.18045741743722	4.00530474138199	0.294723496377434	0.768205112506805	0.996816357781912
SA150_0212	cds	0	NA	NA	NA	NA	NA
SA150_0213	cds	0.102674523237992	-0.135206406046156	4.06664026288408	-0.0332476927650018	0.973477065799177	0.996816357781912
SA150_0214	cds	0	NA	NA	NA	NA	NA
SA150_0215	cds	0.71091944517832	-2.59228621861244	2.46073177821417	-1.05346151155643	0.292129525232588	0.996816357781912
SA150_0216	cds	0	NA	NA	NA	NA	NA
SA150_0217	cds	0	NA	NA	NA	NA	NA
SA150_0218	cds	0	NA	NA	NA	NA	NA
SA150_0219	cds	0.186625305372418	-0.135206404479941	4.06664026283441	-0.0332476923802705	0.973477066105979	0.996816357781912
SA150_0220	cds	39.9401116072311	-0.258747048572598	0.272161924216912	-0.950709947091561	0.341751637292937	0.996816357781912
SA150_0221	cds	2.78839760522452	0.85813746878008	1.04696106699245	0.81964601725373	0.412417932363405	0.996816357781912
SA150_0222	cds	0.561457816521041	2.01594314278359	3.0496154428595	0.661048312666375	0.508581330959576	0.996816357781912
SA150_0223	cds	0	NA	NA	NA	NA	NA
SA150_0224	cds	0.772817365103134	-2.51760269895411	2.33944056130591	-1.07615587273085	0.281857551081725	0.996816357781912
SA150_0225	cds	6.38766291568607	-0.0306984942406862	0.641768626415069	-0.0478342084314227	0.961848373364763	0.996816357781912
SA150_0226	cds	0.748822838058948	1.15212119897324	2.32139796834473	0.496304905356127	0.619679305911794	0.996816357781912
SA150_0227	cds	1.06506004125478	0.523233224961429	1.93792501463732	0.269996630937422	0.787162845510255	0.996816357781912
SA150_0228	cds	1.01367659785606	2.92735279001629	1.90742620331986	1.53471352386858	0.124854212409122	0.996816357781912
SA150_0229	cds	0.835553100361869	-1.83098983793963	2.10050880241633	-0.87168872410025	0.383378213337191	0.996816357781912
SA150_0230	cds	7.65438748678438	0.629030772378779	0.615762466450972	1.02154776663196	0.306994990318294	0.996816357781912
SA150_0231	cds	1.72835019677552	0.713364882441975	1.3379037570134	0.533195963239101	0.593897935602105	0.996816357781912
SA150_0232	cds	0	NA	NA	NA	NA	NA
SA150_0233	cds	0.290430187245081	-2.16919618901566	4.0804728567969	-0.531604121665066	0.595000209512941	0.996816357781912
SA150_0234	cds	0.165410258496727	0.495107692232776	4.03924898767954	0.12257419479288	0.902444289894505	0.996816357781912
SA150_0235	cds	0.558966510748918	2.08428356631936	3.02264965015146	0.68955512797023	0.490473993981124	0.996816357781912
SA150_0236	cds	0.186625305372418	-0.135206404479941	4.06664026283441	-0.0332476923802705	0.973477066105979	0.996816357781912
SA150_0237	cds	0.395205373786015	-0.250937961131806	4.02855808378427	-0.0622897711570501	0.950332074093901	0.996816357781912
SA150_0238	cds	0.0627357352587352	-0.301063623054013	4.07215242169882	-0.0739323070152701	0.941064248904088	0.996816357781912
SA150_0239	cds	0	NA	NA	NA	NA	NA
SA150_0240	cds	0.0627357352587352	-0.301063623054013	4.07215242169882	-0.0739323070152701	0.941064248904088	0.996816357781912
SA150_0241	cds	0	NA	NA	NA	NA	NA
SA150_0242	cds	0	NA	NA	NA	NA	NA
SA150_0243	cds	0.268471055299524	-2.16919618901566	4.0804728567969	-0.531604121665066	0.595000209512941	0.996816357781912
SA150_0244	cds	0.18985632731003	-2.16919618901566	4.0804728567969	-0.531604121665066	0.595000209512941	0.996816357781912
SA150_0245	cds	0	NA	NA	NA	NA	NA
SA150_0246	cds	0	NA	NA	NA	NA	NA
SA150_0247	cds	0	NA	NA	NA	NA	NA
SA150_0248	cds	0	NA	NA	NA	NA	NA
SA150_0249	cds	0.205349046475984	0.710836152680787	4.02855838759022	0.176449261569718	0.859941006580695	0.996816357781912
SA150_0250	cds	0.58341257956222	0.643393579060307	2.76277805737145	0.232879212770512	0.815855200508519	0.996816357781912
SA150_0251	cds	1.48960173183888	3.43109278579895	1.59508920240811	2.15103505222092	0.0314734331106957	0.996816357781912
SA150_0252	cds	1.05972398710985	0.229406589036001	1.76855525369669	0.12971412035699	0.896792610528537	0.996816357781912
SA150_0253	cds	0.312096775889888	1.18045741743722	4.00530474138199	0.294723496377434	0.768205112506805	0.996816357781912
SA150_0254	cds	1.09717146931699	0.499914070282034	1.7892631747128	0.279396612721477	0.779940470281146	0.996816357781912
SA150_0255	cds	1.7876527836536	-2.33413579023635	1.34278731829289	-1.73827661196845	0.0821620853786259	0.996816357781912
SA150_0256	cds	0.102674523237992	-0.135206406046156	4.06664026288408	-0.0332476927650018	0.973477065799177	0.996816357781912
SA150_0257	cds	0	NA	NA	NA	NA	NA
SA150_0258	cds	0	NA	NA	NA	NA	NA
SA150_0259	cds	0.290430187245081	-2.16919618901566	4.0804728567969	-0.531604121665066	0.595000209512941	0.996816357781912
SA150_0260	cds	1.39866003841674	-0.978829925069727	1.48171723578016	-0.660605074593971	0.508865613816735	0.996816357781912
SA150_0261	cds	0.993757229913505	1.31235552970103	1.97499660189778	0.664484955791812	0.506379974539379	0.996816357781912
SA150_0262	cds	1.38559472352318	-0.402692696766502	1.51031604952902	-0.266628098729454	0.789755518922693	0.996816357781912
SA150_0263	cds	1.02052928420046	0.192190087401286	1.7858815078364	0.107616371275452	0.914300010013752	0.996816357781912
SA150_0264	cds	0.165410258496727	0.495107692232776	4.03924898767954	0.12257419479288	0.902444289894505	0.996816357781912
SA150_0265	cds	0	NA	NA	NA	NA	NA
SA150_0266	cds	16.007896913172	-0.45194197208197	0.429735288106569	-1.0516752628653	0.292948564111004	0.996816357781912
SA150_0267	cds	0	NA	NA	NA	NA	NA
SA150_0268	cds	0.249361040631153	0.719053425397083	4.02817913586526	0.178505821400773	0.85832574980268	0.996816357781912
SA150_0269	cds	0.503535003603707	0.337868375445245	3.38907633949828	0.099693350517818	0.920587779761134	0.996816357781912
SA150_0270	cds	0	NA	NA	NA	NA	NA
SA150_0271	cds	0.623351367541477	0.76683045747393	2.64235566847324	0.290207130941236	0.771657781156389	0.996816357781912
SA150_0272	cds	0.0627357352587352	-0.301063623054013	4.07215242169882	-0.0739323070152701	0.941064248904088	0.996816357781912
SA150_0273	cds	0.312096775889888	1.18045741743722	4.00530474138199	0.294723496377434	0.768205112506805	0.996816357781912
SA150_0274	cds	0.268471055299524	-2.16919618901566	4.0804728567969	-0.531604121665066	0.595000209512941	0.996816357781912
SA150_0275	cds	3.44447831839382	-0.836493106884341	0.892226501176698	-0.937534477827263	0.348483697348032	0.996816357781912
SA150_0276	cds	0.228145993755463	0.856440859300288	4.02212210253819	0.21293258570142	0.83137954545077	0.996816357781912
SA150_0277	cds	0.315327797827501	-0.719742103087498	4.05376075286438	-0.177549230693728	0.859076998932134	0.996816357781912
SA150_0278	cds	1.92168937732789	0.430015511661825	1.25787783631309	0.341857928685846	0.732457812172174	0.996816357781912
SA150_0279	cds	0.435986346003571	1.63296355431605	3.81452512183168	0.428090916211326	0.668584929983329	0.996816357781912
SA150_0280	cds	0.290881729014198	1.15269743363012	4.00716145268523	0.287659343712664	0.773607514118331	0.996816357781912
SA150_0281	cds	0.102674523237992	-0.135206406046156	4.06664026288408	-0.0332476927650018	0.973477065799177	0.996816357781912
SA150_0282	cds	1.00225708486601	1.6214175398648	2.00061540731232	0.810459388615351	0.417676196870065	0.996816357781912
SA150_0283	cds	0	NA	NA	NA	NA	NA
SA150_0284	cds	0.433881313796252	-0.464460529050823	3.55443649572873	-0.130670650498033	0.896035850741005	0.996816357781912
SA150_0285	cds	0	NA	NA	NA	NA	NA
SA150_0286	cds	0.684372713062076	-1.68858142867978	2.54683845552852	-0.663010810526406	0.507323630442443	0.996816357781912
SA150_0287	cds	0.415901657762552	-0.718912034073828	4.01277757396185	-0.179155714669737	0.857815435632338	0.996816357781912
SA150_0288	cds	0	NA	NA	NA	NA	NA
SA150_0289	cds	0.290430187245081	-2.16919618901566	4.0804728567969	-0.531604121665066	0.595000209512941	0.996816357781912
SA150_0290	cds	0.415901657762552	-0.718912034073828	4.01277757396185	-0.179155714669737	0.857815435632338	0.996816357781912
SA150_0291	cds	0.0627357352587352	-0.301063623054013	4.07215242169882	-0.0739323070152701	0.941064248904088	0.996816357781912
SA150_0292	cds	0	NA	NA	NA	NA	NA
SA150_0293	cds	0	NA	NA	NA	NA	NA
SA150_0294	cds	0	NA	NA	NA	NA	NA
SA150_0295	cds	0	NA	NA	NA	NA	NA
SA150_0296	cds	0.771168243569309	-0.57077746556613	2.18689005698859	-0.260999616209379	0.794092803221843	0.996816357781912
SA150_0297	cds	0.435986346003571	1.63296355431605	3.81452512183168	0.428090916211326	0.668584929983329	0.996816357781912
SA150_0298	cds	0.205349046475984	0.710836152680787	4.02855838759022	0.176449261569718	0.859941006580695	0.996816357781912
SA150_0299	cds	0	NA	NA	NA	NA	NA
SA150_0300	cds	0.747173716525123	2.52144805661622	2.43090679641869	1.03724587891684	0.299621281444262	0.996816357781912
SA150_0301	cds	1.10192349235845	-3.17965402684324	1.86637983194572	-1.70364787082403	0.0884468924325647	0.996816357781912
SA150_0302	cds	0.517445822365873	1.92429746087516	2.98508562198086	0.644637274959712	0.519162273304473	0.996816357781912
SA150_0303	cds	0.374832511148624	1.46141795044219	3.9882996301906	0.366426318469044	0.714046984017143	0.996816357781912
SA150_0304	cds	0.645696773051839	-1.31873440417573	2.49246277864078	-0.529088905750835	0.596743777177608	0.996816357781912
SA150_0305	cds	0.18985632731003	-2.16919618901566	4.0804728567969	-0.531604121665066	0.595000209512941	0.996816357781912
SA150_0306	cds	0.0627357352587352	-0.301063623054013	4.07215242169882	-0.0739323070152701	0.941064248904088	0.996816357781912
SA150_0307	cds	0.45794110904475	0.0686434563526512	3.38107081220439	0.0203022829645786	0.983802234620916	0.996816357781912
SA150_0308	cds	0.433881313796252	-0.464460529050823	3.55443649572873	-0.130670650498033	0.896035850741005	0.996816357781912
SA150_0309	cds	3.86464657096656	0.338763671009862	0.814118826586081	0.416110842726032	0.677328896164312	0.996816357781912
SA150_0310	cds	0.666911819927529	-1.9949332386412	2.6403144698454	-0.755566528693838	0.449909130308742	0.996816357781912
SA150_0311	cds	4.75766462064655	0.632386840251308	0.760189581135373	0.831880436070715	0.405476435732128	0.996816357781912
SA150_0312	cds	7.97739133459526	0.379655331700777	0.599293822672718	0.633504497022176	0.526404245108107	0.996816357781912
SA150_0313	cds	6.66208930317676	0.909228059415409	0.702764515768264	1.29378766146358	0.195738775751276	0.996816357781912
SA150_0314	cds	0	NA	NA	NA	NA	NA
SA150_0315	cds	0	NA	NA	NA	NA	NA
SA150_0316	cds	0	NA	NA	NA	NA	NA
SA150_0317	cds	0.308023569713977	1.20038618394068	4.00399246920255	0.299797313100281	0.764331764949394	0.996816357781912
SA150_0318	cds	0	NA	NA	NA	NA	NA
SA150_0319	cds	0	NA	NA	NA	NA	NA
SA150_0320	cds	1.68165350821394	-2.03169516680957	1.37454930283094	-1.478080969977	0.139386107020041	0.996816357781912
SA150_0321	cds	0.414771299127881	1.60132495571841	3.61442288548402	0.443037521190321	0.657738595437997	0.996816357781912
SA150_0322	cds	16.4666575206551	0.185741501889718	0.459052263517392	0.404619509914868	0.685757215334641	0.996816357781912
SA150_0323	cds	0.188207205776206	0.669288743296893	4.03050631753905	0.166055748476173	0.868113078181307	0.996816357781912
SA150_0324	cds	0.393104710483073	-1.09697584897012	4.06663990652567	-0.269749934635181	0.787352641714099	0.996816357781912
SA150_0325	cds	0	NA	NA	NA	NA	NA
SA150_0326	cds	2.07979736063682	-1.0578260906778	1.09279659894098	-0.967999069271388	0.333044834527126	0.996816357781912
SA150_0327	cds	0.623737641106282	-1.27860560084841	2.54666084141556	-0.502071410552533	0.615617289878114	0.996816357781912
SA150_0328	cds	23.3734489161355	0.223251001273568	0.391852157901412	0.569732734072978	0.568858984646768	0.996816357781912
SA150_0329	cds	10.7604340433527	-0.361528265699101	0.5118684600657	-0.706291350032971	0.480006971549915	0.996816357781912
SA150_0330	cds	1.47523500240322	0.364386129802642	1.43238161326933	0.254391795054497	0.799192889115232	0.996816357781912
SA150_0331	cds	2.67631382166568	0.705180770152836	1.01414673517018	0.695343923810496	0.486839793831997	0.996816357781912
SA150_0332	cds	0.18985632731003	-2.16919618901566	4.0804728567969	-0.531604121665066	0.595000209512941	0.996816357781912
SA150_0333	cds	17.3618626284405	-0.21712137196927	0.44503137206092	-0.487878800462516	0.62563569131934	0.996816357781912
SA150_0334	cds	1.91477142277917	0.252292367086843	1.22046157085156	0.206718812875696	0.836229464186048	0.996816357781912
SA150_0335	cds	9.46183437452795	-0.764828759607692	0.549092600140294	-1.39289576915128	0.163651312024153	0.996816357781912
SA150_0336	cds	2.87247756328695	-1.42203965600247	1.00076598781339	-1.42095122468095	0.155330939653319	0.996816357781912
SA150_0337	cds	3.62514965205568	0.957616629511098	0.891198689930178	1.07452652290829	0.282586763921842	0.996816357781912
SA150_0338	cds	21.5890273062659	0.254374436545842	0.373248585939741	0.681514803077939	0.495545803276878	0.996816357781912
SA150_0339	cds	43.6117218880683	0.167660693831512	0.278076027682099	0.60293113084593	0.546554505207892	0.996816357781912
SA150_0340	cds	0	NA	NA	NA	NA	NA
SA150_0341	cds	0.0627357352587352	-0.301063623054013	4.07215242169882	-0.0739323070152701	0.941064248904088	0.996816357781912
SA150_0342	cds	0.0627357352587352	-0.301063623054013	4.07215242169882	-0.0739323070152701	0.941064248904088	0.996816357781912
SA150_0343	cds	0	NA	NA	NA	NA	NA
SA150_0344	cds	0	NA	NA	NA	NA	NA
SA150_0345	cds	1.21287254837824	-1.2617646943168	1.63509653407853	-0.771675964090938	0.44030637003727	0.996816357781912
SA150_0346	cds	2.64944803711467	1.13558186919612	1.11851438102159	1.01525906905099	0.309982349962847	0.996816357781912
SA150_0347	cds	0	NA	NA	NA	NA	NA
SA150_0348	cds	0	NA	NA	NA	NA	NA
SA150_0349	cds	0	NA	NA	NA	NA	NA
SA150_0350	cds	0.165410258496727	0.495107692232776	4.03924898767954	0.12257419479288	0.902444289894505	0.996816357781912
SA150_0351	cds	0	NA	NA	NA	NA	NA
SA150_0352	cds	0	NA	NA	NA	NA	NA
SA150_0353	cds	0.102674523237992	-0.135206406046156	4.06664026288408	-0.0332476927650018	0.973477065799177	0.996816357781912
SA150_0354	cds	0	NA	NA	NA	NA	NA
SA150_0355	cds	0	NA	NA	NA	NA	NA
SA150_0356	cds	0.186625305372418	-0.135206404479941	4.06664026283441	-0.0332476923802705	0.973477066105979	0.996816357781912
SA150_0357	cds	0.566270738862442	0.603423333085796	3.08749076395502	0.195441340304714	0.84504745567648	0.996816357781912
SA150_0358	cds	1.8195191652941	1.18055862164959	1.44309953678661	0.818071513125406	0.413316353955596	0.996816357781912
SA150_0359	cds	0	NA	NA	NA	NA	NA
SA150_0360	cds	0.28929982861041	1.03663867269986	4.01494059495814	0.258195270436042	0.796256207858309	0.996816357781912
SA150_0361	cds	0.682404539093483	0.496986219483735	2.55385140459444	0.194602637643539	0.845704037996426	0.996816357781912
SA150_0362	cds	0	NA	NA	NA	NA	NA
SA150_0363	cds	0	NA	NA	NA	NA	NA
SA150_0364	cds	0.33120679055826	-1.26283750952411	4.07215218538409	-0.310115499626151	0.756473125924892	0.996816357781912
SA150_0365	cds	0.165410258496727	0.495107692232776	4.03924898767954	0.12257419479288	0.902444289894505	0.996816357781912
SA150_0366	cds	0.0627357352587352	-0.301063623054013	4.07215242169882	-0.0739323070152701	0.941064248904088	0.996816357781912
SA150_0367	cds	0	NA	NA	NA	NA	NA
SA150_0368	cds	0.18985632731003	-2.16919618901566	4.0804728567969	-0.531604121665066	0.595000209512941	0.996816357781912
SA150_0369	cds	0.496617049054987	-0.0864055991438961	3.16671226494467	-0.0272855857794222	0.978231953470998	0.996816357781912
SA150_0370	cds	2.20400598318527	-0.880787718239515	1.07364016638651	-0.820375155303595	0.412002274265544	0.996816357781912
SA150_0371	cds	1.51233341091405	0.789696541443712	1.4823171078389	0.532744672018947	0.594210338224919	0.996816357781912
SA150_0372	cds	1.50178610342384	0.463879279184966	1.41677047807889	0.327420204163186	0.743350087165703	0.996816357781912
SA150_0373	cds	0.290430187245081	-2.16919618901566	4.0804728567969	-0.531604121665066	0.595000209512941	0.996816357781912
SA150_0374	cds	1.41124078807984	0.729376037480122	1.52501058654829	0.47827604864763	0.632453741321348	0.996816357781912
SA150_0375	cds	1.17096558643039	-0.215441410494983	1.67644495518407	-0.128510876440514	0.897744691439488	0.996816357781912
SA150_0376	cds	0	NA	NA	NA	NA	NA
SA150_0377	cds	0.0627357352587352	-0.301063623054013	4.07215242169882	-0.0739323070152701	0.941064248904088	0.996816357781912
SA150_0378	cds	0.0627357352587352	-0.301063623054013	4.07215242169882	-0.0739323070152701	0.941064248904088	0.996816357781912
SA150_0379	cds	0.315327797827501	-0.719742103087498	4.05376075286438	-0.177549230693728	0.859076998932134	0.996816357781912
SA150_0380	cds	0	NA	NA	NA	NA	NA
SA150_0381	cds	0.228145993755463	0.856440859300288	4.02212210253819	0.21293258570142	0.83137954545077	0.996816357781912
SA150_0382	cds	0.12547147051747	0.242031776194219	4.05376117389553	0.0597054848106984	0.952390203283409	0.996816357781912
SA150_0383	cds	3.32194532651321	-0.803028462949851	0.878468176011055	-0.914123567453792	0.360651920141521	0.996816357781912
SA150_0384	cds	0.0627357352587352	-0.301063623054013	4.07215242169882	-0.0739323070152701	0.941064248904088	0.996816357781912
SA150_0385	cds	0.748757569854636	-3.66109356753255	2.37566982962716	-1.54107844527668	0.123297695138831	0.996816357781912
SA150_0386	cds	1.2257458413421	-0.846656321542155	1.72256956295774	-0.491507768248502	0.62306735915434	0.996816357781912
SA150_0387	cds	1.37127112206219	-1.19533528434079	1.60586931947905	-0.74435402049313	0.456662327882198	0.996816357781912
SA150_0388	cds	0.691809430509949	-0.477303611997454	2.5045299418196	-0.190576125295065	0.848857696602161	0.996816357781912
SA150_0389	cds	0	NA	NA	NA	NA	NA
SA150_0390	cds	1.93146609061421	-0.182389830418432	1.16358453066151	-0.156748242703726	0.875443264811282	0.996816357781912
SA150_0391	cds	1.77665635037293	0.116907440301742	1.2675086496603	0.0922340374821694	0.92651209529499	0.996816357781912
SA150_0392	cds	66.4969630869822	-0.114416606731319	0.201802616910078	-0.566972859337607	0.570732621296324	0.996816357781912
SA150_0393	cds	31.8153228627444	0.759990041610523	0.333176050629831	2.28104643228062	0.022545699436885	0.996816357781912
SA150_0394	cds	11.7556214293616	0.30840739576794	0.557791798775815	0.552907727300405	0.580326595866059	0.996816357781912
SA150_0395	cds	0.642465751114226	0.344646446719348	2.50227598563242	0.137733187185682	0.890451289773907	0.996816357781912
SA150_0396	cds	5.42227696423444	0.622061773467617	0.716069705073465	0.868716787011393	0.385002057208586	0.996816357781912
SA150_0397	cds	4.76377759082547	0.214077749166938	0.752313872020628	0.28455908780726	0.775981959047645	0.996816357781912
SA150_0398	cds	6.89774165771276	0.685043003958204	0.648258861713735	1.05674298404071	0.290628901908326	0.996816357781912
SA150_0399	cds	0.768775036965618	0.948965251183012	2.33431956158562	0.406527566662043	0.684355006282525	0.996816357781912
SA150_0400	cds	0.0627357352587352	-0.301063623054013	4.07215242169882	-0.0739323070152701	0.941064248904088	0.996816357781912
SA150_0401	cds	3.21189498512728	-0.256303768264554	0.884635147586438	-0.289728221814192	0.772024164025629	0.996816357781912
SA150_0402	cds	0.639230360272236	0.535285155446403	2.63515855291372	0.203132048678639	0.839031822663258	0.996816357781912
SA150_0403	cds	0.26808478173472	1.02175530007769	4.01550283770304	0.254452640522141	0.799145887562061	0.996816357781912
SA150_0404	cds	1.01571636185906	1.30838578261826	1.95700975995377	0.668563749344388	0.503773803387515	0.996816357781912
SA150_0405	cds	0.5821497315932	0.359923010370918	3.02586905239008	0.118948640585296	0.905316045664076	0.996816357781912
SA150_0406	cds	0.371145578537517	-1.09697584897012	4.06663990652567	-0.269749934635181	0.787352641714099	0.996816357781912
SA150_0407	cds	1.10153721879365	-1.04864496783205	1.73117846094274	-0.605740535415968	0.544687062230984	0.996816357781912
SA150_0408	cds	4.38299547687067	1.47690201056124	0.854883927416656	1.72760530780388	0.0840590105634278	0.996816357781912
SA150_0409	cds	3.55720703235605	1.08660943552535	0.906382494233585	1.19884203682041	0.230589373546844	0.996816357781912
SA150_0410	cds	1.36722879392468	0.70518496871801	1.52600815511826	0.462110878210451	0.644001809603542	0.996816357781912
SA150_0411	cds	1.56235153827095	-2.8658985171738	1.48342583929547	-1.93194593302683	0.0533661795647074	0.996816357781912
SA150_0412	cds	5.41004372906584	-0.384472041185547	0.757893519670174	-0.507290313490034	0.611951134141469	0.996816357781912
SA150_0413	cds	3.19165898072861	0.99344425215514	0.974107351962261	1.01985089236205	0.307799182493598	0.996816357781912
SA150_0414	cds	12.7986005744978	0.482430238747778	0.519072355260252	0.929408460802922	0.352677444715628	0.996816357781912
SA150_0415	cds	11.3140697725128	-0.574283513698625	0.513830743186354	-1.11765113573663	0.263716019929285	0.996816357781912
SA150_0416	cds	13.1124058182436	-0.157039222100133	0.47859528338535	-0.328125302425284	0.742816923569425	0.996816357781912
SA150_0417	cds	7.30549643384659	0.124200192868882	0.637435494147413	0.194843547322389	0.845515429731765	0.996816357781912
SA150_0418	cds	4.1298822354241	0.189154994156381	0.78005261716523	0.242490044894388	0.808400469740124	0.996816357781912
SA150_0419	cds	29.664650552032	0.502501829769967	0.323346684612891	1.55406519900323	0.120168865329788	0.996816357781912
SA150_0420	cds	1.24919404085508	0.925025398209012	1.65069742966897	0.560384587497973	0.575217142057622	0.996816357781912
SA150_0421	cds	3.84281992835536	0.799140600903334	0.853044929391642	0.936809508349401	0.348856553437786	0.996816357781912
SA150_0422	cds	2.10139672815159	0.436439163763909	1.13585018407214	0.384240078387124	0.700800515752596	0.996816357781912
SA150_0423	cds	1.83991084853082	0.324574861486556	1.24746018228776	0.260188554388411	0.794718332578834	0.996816357781912
SA150_0424	cds	1.68097469134839	0.304928726350582	1.28260048991259	0.237742561887967	0.812080770315858	0.996816357781912
SA150_0425	cds	1.04384499437909	0.53988888703441	1.83613099893877	0.294036148480936	0.768730281158882	0.996816357781912
SA150_0426	cds	3.58731784920947	-0.108082575997811	0.882746904191731	-0.122438918204731	0.902551418089567	0.996816357781912
SA150_0427	cds	1.12359008100326	-0.989343898006331	1.67706876240369	-0.589924468325516	0.555241289063749	0.996816357781912
SA150_0428	cds	0.64172166604436	0.335270431018535	2.876657700719	0.116548601154297	0.907217770359033	0.996816357781912
SA150_0429	cds	15.7758695426731	-0.44339375430476	0.440481966562425	-1.00661045845999	0.314122006615764	0.996816357781912
SA150_0430	cds	2.94326055623104	0.800926436728593	0.999551054987619	0.801286170158176	0.422965995354174	0.996816357781912
SA150_0431	cds	15.4291845470175	0.0082575332469116	0.455217728039812	0.0181397444305803	0.985527371690131	0.996816357781912
SA150_0432	cds	0.12547147051747	0.242031776194219	4.05376117389553	0.0597054848106984	0.952390203283409	0.996816357781912
SA150_0433	cds	0.186625305372418	-0.135206404479941	4.06664026283441	-0.0332476923802705	0.973477066105979	0.996816357781912
SA150_0434	cds	0.583798853127025	-1.49724383667143	2.83155860351702	-0.528770209739516	0.596964865685966	0.996816357781912
SA150_0435	cds	6.79312898176771	0.80527534569156	0.687724093751313	1.17092792445157	0.241627749596458	0.996816357781912
SA150_0436	cds	0	NA	NA	NA	NA	NA
SA150_0437	cds	2.63230182751051	0.697126952932144	1.01578913540773	0.686291011226775	0.492529616111792	0.996816357781912
SA150_0438	cds	0.935448143431366	1.51684386076496	1.94364424300839	0.780412293155654	0.435148234296797	0.996816357781912
SA150_0439	cds	2.55656030995357	-0.349762269058129	0.988005352410886	-0.35400847597096	0.723332531142814	0.996816357781912
SA150_0440	cds	3.14153264968994	-0.26142728245854	0.910663256545482	-0.287073493499935	0.774056047474826	0.996816357781912
SA150_0441	cds	3.32246213648664	0.808406673652609	0.901955230163044	0.896282483451507	0.370101912010401	0.996816357781912
SA150_0442	cds	5.41377379587559	-0.947259600361511	0.70210818402387	-1.34916473260951	0.177284059885141	0.996816357781912
SA150_0443	cds	24.0865672756316	0.116649009168229	0.361640243092488	0.322555388666731	0.747031983846281	0.996816357781912
SA150_0444	cds	2.81261308553504	-0.545093475193395	0.945247399542218	-0.57666752160057	0.564164076613471	0.996816357781912
SA150_0445	cds	1.22710241957517	-0.485332640344218	1.63116616167663	-0.297537217082384	0.766056398656217	0.996816357781912
SA150_0446	cds	3.81057164205443	0.0695273173529589	0.814108469978086	0.0854030143610107	0.931940996806741	0.996816357781912
SA150_0447	cds	2.83097464622917	-1.33177724674363	0.950952880215418	-1.40046607403086	0.16137379583018	0.996816357781912
SA150_0448	cds	4.48079180956295	0.970525134607234	0.814071899098648	1.19218601659364	0.2331883151543	0.996816357781912
SA150_0449	cds	1.54075458673483	-0.726012008389684	1.33879635808214	-0.542287110363608	0.587620733752762	0.996816357781912
SA150_0450	cds	2.85467904595126	0.16575298690435	0.990619935762979	0.167322482538863	0.867116314995717	0.996816357781912
SA150_0451	cds	0.543473791582963	0.50592122308413	2.933200492493	0.172480955317901	0.863059432436148	0.996816357781912
SA150_0452	cds	0.708432508310574	-0.910277018001611	2.32259683543839	-0.391922095179208	0.695115776787867	0.996816357781912
SA150_0453	cds	0	NA	NA	NA	NA	NA
SA150_0454	cds	1.30659372196888	0.863922740410448	1.56666382552778	0.551441047104925	0.581331369005886	0.996816357781912
SA150_0455	cds	5.64606263291565	-0.00944769397846522	0.699327472920048	-0.0135096851536753	0.989221158672822	0.996816357781912
SA150_0456	cds	10.2545780849539	-0.256002793414028	0.583519918432932	-0.438721602000382	0.660863272544777	0.996816357781912
SA150_0457	cds	10.3067371963913	0.159472803838757	0.548701364641135	0.290636791003893	0.771329118939593	0.996816357781912
SA150_0458	cds	11.5500411732596	-0.0817011504570236	0.501026665351794	-0.163067469472224	0.870465312526204	0.996816357781912
SA150_0459	cds	11.2996658587074	0.662970742018203	0.537616075601211	1.23316763040765	0.217513229421862	0.996816357781912
SA150_0460	cds	0.893927455048321	1.34952938093214	2.00696254090782	0.672423801353912	0.501313934596367	0.996816357781912
SA150_0461	cds	49.9132155341662	-0.125473098044741	0.240955624898721	-0.520731143327656	0.602554076048959	0.996816357781912
SA150_0462	cds	63.9984169735604	0.106771381041003	0.214452301218255	0.497879390589231	0.618569054318206	0.996816357781912
SA150_0463	cds	6.10558653979188	0.375995403568092	0.676475731873664	0.555815066013797	0.578337285049114	0.996816357781912
SA150_0464	cds	12.459765044562	0.598598307660273	0.503300295379295	1.18934622760187	0.234303451365268	0.996816357781912
SA150_0465	cds	17.376681409573	0.262459858544846	0.425867099505888	0.616295221794228	0.537699691890673	0.996816357781912
SA150_0466	cds	111.599696625451	0.724136774655857	0.164220308096048	4.40954461145165	1.03588218225458e-05	0.0221471610566028
SA150_0467	cds	144.642193634152	0.589053762139625	0.147219006433218	4.00120729253009	6.30201182860316e-05	0.0673685064477678
SA150_0468	cds	1.30119239961964	-2.29572055162706	1.73958321957558	-1.31969573274405	0.186936625339646	0.996816357781912
SA150_0469	cds	8.86127799511625	0.447879691946439	0.604777493558256	0.740569377526441	0.458954581041597	0.996816357781912
SA150_0470	cds	5.96460262585747	1.00111374487218	0.743963888830312	1.34564830350323	0.17841596586687	0.996816357781912
SA150_0471	cds	0.825855665644654	1.0471509776478	2.13308006133833	0.490910302255977	0.623489890165721	0.996816357781912
SA150_0472	cds	12.7176784953608	0.10408521724277	0.508264892156534	0.204785376383452	0.837739812840992	0.996816357781912
SA150_0473	cds	3.14530894366072	-0.0165716059445732	0.891986479297564	-0.0185783151753861	0.985177501834316	0.996816357781912
SA150_0474	cds	0.993620371674779	-1.75050225920355	2.09817535068623	-0.834297409237525	0.404113411411295	0.996816357781912
SA150_0475	cds	0	NA	NA	NA	NA	NA
SA150_0476	cds	0	NA	NA	NA	NA	NA
SA150_0477	cds	0.0627357352587352	-0.301063623054013	4.07215242169882	-0.0739323070152701	0.941064248904088	0.996816357781912
SA150_0478	cds	0.0627357352587352	-0.301063623054013	4.07215242169882	-0.0739323070152701	0.941064248904088	0.996816357781912
SA150_0479	cds	0.376481632682448	-1.09697584741616	4.06663990647638	-0.269749934256328	0.78735264200558	0.996816357781912
SA150_0480	cds	3.32614906909775	1.31182305274853	0.96017531721446	1.3662328423045	0.171865892283359	0.996816357781912
SA150_0481	cds	1.98042349644513	0.292009939528108	1.15642706025249	0.252510469155185	0.800646523023642	0.996816357781912
SA150_0482	cds	1.89272292947394	0.705142278201256	1.24670045027174	0.565606820826574	0.571661090057044	0.996816357781912
SA150_0483	cds	0.312096775889888	1.18045741743722	4.00530474138199	0.294723496377434	0.768205112506805	0.996816357781912
SA150_0484	cds	4.31612322015744	-0.520306309331319	0.810619876003247	-0.641862264587792	0.52096261740019	0.996816357781912
SA150_0485	cds	4.38111771975979	0.0122407452485429	0.762340898172575	0.0160567867707025	0.987189088227654	0.996816357781912
SA150_0486	cds	2.41265568870756	0.68713897181473	1.04768522054861	0.655863954494763	0.511911662369331	0.996816357781912
SA150_0487	cds	0.580567831189413	0.19615880774851	2.83223537846602	0.0692593593173575	0.944783174587372	0.996816357781912
SA150_0488	cds	1.03753863556589	-1.76454459529601	1.93704770091271	-0.910945349701291	0.36232416941807	0.996816357781912
SA150_0489	cds	1.51617602858718	-1.22573479337063	1.52047070280075	-0.806154825024117	0.420153582816634	0.996816357781912
SA150_0490	cds	3.02380821124635	-0.669495731389072	0.934285161247447	-0.716586069391457	0.473629542615269	0.996816357781912
SA150_0491	cds	0	NA	NA	NA	NA	NA
SA150_0492	cds	2.06760530051717	-0.147569128108007	1.11915992321628	-0.131857051925089	0.895097359536546	0.996816357781912
SA150_0493	cds	0	NA	NA	NA	NA	NA
SA150_0494	cds	0.26808478173472	1.02175530007769	4.01550283770304	0.254452640522141	0.799145887562061	0.996816357781912
SA150_0495	cds	0.186625305372418	-0.135206404479941	4.06664026283441	-0.0332476923802705	0.973477066105979	0.996816357781912
SA150_0496	cds	0	NA	NA	NA	NA	NA
SA150_0497	cds	2.1363592264167	-1.11164476405122	1.11543934220747	-0.99659813132578	0.318959613370288	0.996816357781912
SA150_0498	cds	4.6342594232661	0.484460990375492	0.760381449569886	0.637128891886473	0.524040890603188	0.996816357781912
SA150_0499	cds	0.186625305372418	-0.135206404479941	4.06664026283441	-0.0332476923802705	0.973477066105979	0.996816357781912
SA150_0500	cds	0.355266585806758	-0.466666417899605	4.03924863968417	-0.115532976433977	0.908022684055862	0.996816357781912
SA150_0501	cds	0	NA	NA	NA	NA	NA
SA150_0502	cds	1.33553366068882	-0.494264768729851	1.622042379017	-0.304717543218191	0.760581287109937	0.996816357781912
SA150_0503	cds	0.165410258496727	0.495107692232776	4.03924898767954	0.12257419479288	0.902444289894505	0.996816357781912
SA150_0504	cds	0.249361040631153	0.719053425397083	4.02817913586526	0.178505821400773	0.85832574980268	0.996816357781912
SA150_0505	cds	0.517445822365873	1.92429746087516	2.98508562198086	0.644637274959712	0.519162273304473	0.996816357781912
SA150_0506	cds	13.4451559426326	-0.473146629703302	0.467679906879933	-1.01168902649643	0.311686763959653	0.996816357781912
SA150_0507	cds	5.91300695150236	-0.887557261718421	0.661782642185408	-1.341161289434	0.179868091680847	0.996816357781912
SA150_0508	cds	1.20466328380076	0.695784926516134	1.67577513076333	0.415201845249487	0.677994148112808	0.996816357781912
SA150_0509	cds	0.768775036965618	0.948965251183012	2.33431956158562	0.406527566662043	0.684355006282525	0.996816357781912
SA150_0510	cds	0.33120679055826	-1.26283750952411	4.07215218538409	-0.310115499626151	0.756473125924892	0.996816357781912
SA150_0511	cds	0.455096360671942	-1.10203636496267	3.74822413559127	-0.294015599146883	0.768745983527594	0.996816357781912
SA150_0512	cds	0.186625305372418	-0.135206404479941	4.06664026283441	-0.0332476923802705	0.973477066105979	0.996816357781912
SA150_0513	cds	0	NA	NA	NA	NA	NA
SA150_0514	cds	0.996601978286313	1.55667525396797	1.89703233655871	0.820584459193692	0.411883002777687	0.996816357781912
SA150_0515	cds	0.268471055299524	-2.16919618901566	4.0804728567969	-0.531604121665066	0.595000209512941	0.996816357781912
SA150_0516	cds	0	NA	NA	NA	NA	NA
SA150_0517	cds	0.188207205776206	0.669288743296893	4.03050631753905	0.166055748476173	0.868113078181307	0.996816357781912
SA150_0518	cds	0.292530850548023	-1.09697584897012	4.06663990652567	-0.269749934635181	0.787352641714099	0.996816357781912
SA150_0519	cds	0.292530850548023	-1.09697584897012	4.06663990652567	-0.269749934635181	0.787352641714099	0.996816357781912
SA150_0520	cds	0.888883944204139	-0.797986666821251	2.27696186365162	-0.350461147180349	0.72599264353274	0.996816357781912
SA150_0521	cds	0.371145578537517	-1.09697584897012	4.06663990652567	-0.269749934635181	0.787352641714099	0.996816357781912
SA150_0522	cds	0	NA	NA	NA	NA	NA
SA150_0523	cds	0.370759304972712	1.4731093493904	3.98765792177652	0.369417181284729	0.711816793465547	0.996816357781912
SA150_0524	cds	0.102674523237992	-0.135206406046156	4.06664026288408	-0.0332476927650018	0.973477065799177	0.996816357781912
SA150_0525	cds	0.252592062568766	-1.26283750952411	4.07215218538409	-0.310115499626151	0.756473125924892	0.996816357781912
SA150_0526	cds	0.415901657762552	-0.718912034073828	4.01277757396185	-0.179155714669737	0.857815435632338	0.996816357781912
SA150_0527	cds	0.18985632731003	-2.16919618901566	4.0804728567969	-0.531604121665066	0.595000209512941	0.996816357781912
SA150_0528	cds	0.26808478173472	1.02175530007769	4.01550283770304	0.254452640522141	0.799145887562061	0.996816357781912
SA150_0529	cds	2.19887205548338	1.86540996734867	1.28978190916589	1.44629875337222	0.148093425274143	0.996816357781912
SA150_0530	cds	2.08551968834656	-1.98310257636356	1.19285750599379	-1.66248069563967	0.0964164308328103	0.996816357781912
SA150_0531	cds	0.455096360671942	-1.10203636496267	3.74822413559127	-0.294015599146883	0.768745983527594	0.996816357781912
SA150_0532	cds	2.49479398193541	-0.403401451927183	1.00633972301525	-0.40086010986279	0.688523120262129	0.996816357781912
SA150_0533	cds	1.01729826226285	1.41867412054835	1.8945754386162	0.748808462113575	0.453972658655951	0.996816357781912
SA150_0534	cds	77.4931191496372	-0.275902862965766	0.190606082727082	-1.447502928649	0.147756116793136	0.996816357781912
SA150_0535	cds	0.545122913116788	-1.10025481999554	2.97288045715777	-0.370097229219719	0.71131004653731	0.996816357781912
SA150_0536	cds	0.64653458838576	-1.04911769388116	2.62002690727265	-0.400422488398506	0.688845363357503	0.996816357781912
SA150_0537	cds	3.14197982255468	0.0320909481400278	0.88654498167263	0.0361977663891147	0.971124666987236	0.996816357781912
SA150_0538	cds	0.0627357352587352	-0.301063623054013	4.07215242169882	-0.0739323070152701	0.941064248904088	0.996816357781912
SA150_0539	cds	0.853988667069064	1.27437454351081	2.06500368305335	0.61712942885724	0.537149359065535	0.996816357781912
SA150_0540	cds	0.870998018434494	-0.832499686031724	2.07316566581912	-0.401559653315403	0.688008128009344	0.996816357781912
SA150_0541	cds	0.188207205776206	0.669288743296893	4.03050631753905	0.166055748476173	0.868113078181307	0.996816357781912
SA150_0542	cds	0.353165922503816	-1.26283750952411	4.07215218538409	-0.310115499626151	0.756473125924892	0.996816357781912
SA150_0543	cds	37.4667339912179	-0.258368693188123	0.289298707854621	-0.893086232925587	0.371810994933189	0.996816357781912
SA150_0544	cds	1.02301622106821	-0.874107210251299	1.81703955371391	-0.481061190145632	0.630473010089457	0.996816357781912
SA150_0545	cds	0.520676844303485	0.382350333705544	3.02214066537535	0.126516392200446	0.899323174206235	0.996816357781912
SA150_0546	cds	11.671955936368	-0.673587177330069	0.493135717237012	-1.36592656703941	0.171962013111611	0.996816357781912
SA150_0547	cds	0.18985632731003	-2.16919618901566	4.0804728567969	-0.531604121665066	0.595000209512941	0.996816357781912
SA150_0548	cds	0	NA	NA	NA	NA	NA
SA150_0549	cds	0	NA	NA	NA	NA	NA
SA150_0550	cds	0.165410258496727	0.495107692232776	4.03924898767954	0.12257419479288	0.902444289894505	0.996816357781912
SA150_0551	cds	0.18985632731003	-2.16919618901566	4.0804728567969	-0.531604121665066	0.595000209512941	0.996816357781912
SA150_0552	cds	0.18985632731003	-2.16919618901566	4.0804728567969	-0.531604121665066	0.595000209512941	0.996816357781912
SA150_0553	cds	0.252592062568766	-1.26283750952411	4.07215218538409	-0.310115499626151	0.756473125924892	0.996816357781912
SA150_0554	cds	0.496617049054987	-0.0864055991438961	3.16671226494467	-0.0272855857794222	0.978231953470998	0.996816357781912
SA150_0555	cds	0	NA	NA	NA	NA	NA
SA150_0556	cds	0	NA	NA	NA	NA	NA
SA150_0557	cds	0	NA	NA	NA	NA	NA
SA150_0558	cds	5.05712548318236	1.2173359784654	0.801702738047492	1.51843809518496	0.12890399422793	0.996816357781912
SA150_0559	cds	0.564688838458654	0.494856013467067	2.86903181235876	0.17248188442366	0.863058702062463	0.996816357781912
SA150_0560	cds	0.102674523237992	-0.135206406046156	4.06664026288408	-0.0332476927650018	0.973477065799177	0.996816357781912
SA150_0561	cds	0.0627357352587352	-0.301063623054013	4.07215242169882	-0.0739323070152701	0.941064248904088	0.996816357781912
SA150_0562	cds	4.02868037513286	2.78139552490167	1.18896606569783	2.33933970459386	0.0193178593726794	0.996816357781912
SA150_0563	cds	0.480286514555111	-3.03234992746566	3.52557178098479	-0.86010159935494	0.389733039678143	0.996816357781912
SA150_0564	cds	0.268471055299524	-2.16919618901566	4.0804728567969	-0.531604121665066	0.595000209512941	0.996816357781912
SA150_0565	cds	1.66916453588916	-0.0456737715599246	1.27279436007467	-0.035884643264168	0.971374340881316	0.996816357781912
SA150_0566	cds	1.04061397244148	1.59639703590069	1.88267900199875	0.847939045480334	0.396471918072027	0.996816357781912
SA150_0567	cds	1.12320380743845	0.44435073366961	1.68344606321263	0.263953056400052	0.791816091777921	0.996816357781912
SA150_0568	cds	1.35542300736983	0.880996827411634	1.62383888490128	0.542539555865602	0.58744686548594	0.996816357781912
SA150_0569	cds	2.49231231139974	1.25271680453018	1.14809090620755	1.09113032579296	0.275215540525498	0.996816357781912
SA150_0570	cds	0	NA	NA	NA	NA	NA
SA150_0571	cds	9.4078599607629	-0.154982710277598	0.579123637914901	-0.267615928846565	0.78899496861434	0.996816357781912
SA150_0572	cds	3.88743914934166	0.1493710366168	0.796334763266948	0.187573170865992	0.851211259454791	0.996816357781912
SA150_0573	cds	0.567919860396266	-0.893480769219948	3.08461305790396	-0.289657325715622	0.772078406437016	0.996816357781912
SA150_0574	cds	0.683986439497271	0.659448024148628	2.48012442072111	0.265893121586573	0.790321522654109	0.996816357781912
SA150_0575	cds	0.249361040631153	0.719053425397083	4.02817913586526	0.178505821400773	0.85832574980268	0.996816357781912
SA150_0576	cds	0.496230775490182	1.90544284210319	3.3434629170562	0.569900994679153	0.568744850210191	0.996816357781912
SA150_0577	cds	1.92091878312401	-0.31137274365309	1.15999628246924	-0.268425639253157	0.788371706155281	0.996816357781912
SA150_0578	cds	0.941170471141102	0.310789279264081	2.04737536860111	0.15179887578526	0.87934556885281	0.996816357781912
SA150_0579	cds	1.09629489491277	-1.23337767056835	1.84380274301744	-0.668931465276968	0.503539197347748	0.996816357781912
SA150_0580	cds	1.98449233371667	-0.125761020414648	1.15376941561165	-0.109000133573464	0.913202384390859	0.996816357781912
SA150_0581	cds	1.45321497115773	-1.53126586416262	1.49742542466498	-1.02259908169064	0.306497443975521	0.996816357781912
SA150_0582	cds	0.188207205776206	0.669288743296893	4.03050631753905	0.166055748476173	0.868113078181307	0.996816357781912
SA150_0583	cds	0.165410258496727	0.495107692232776	4.03924898767954	0.12257419479288	0.902444289894505	0.996816357781912
SA150_0584	cds	0.661189492217793	0.53701246837106	2.57847932638549	0.208267121972176	0.835020401625528	0.996816357781912
SA150_0585	cds	0.165410258496727	0.495107692232776	4.03924898767954	0.12257419479288	0.902444289894505	0.996816357781912
SA150_0586	cds	0.0627357352587352	-0.301063623054013	4.07215242169882	-0.0739323070152701	0.941064248904088	0.996816357781912
SA150_0587	cds	0.874294308576418	1.45752599968418	2.11392448810743	0.68948820446708	0.490516093604986	0.996816357781912
SA150_0588	cds	0.497879897024007	0.242983776192873	3.44458869352064	0.0705407228009345	0.943763289150763	0.996816357781912
SA150_0589	cds	0.869481386235018	2.65380141051659	2.06747217463874	1.28359715940569	0.199282944183311	0.996816357781912
SA150_0590	cds	2.69759608967141	0.0546552551416823	1.05848130924992	0.0516355410946399	0.958819099403784	0.996816357781912
SA150_0591	cds	3.69231398901674	-0.138549815218163	0.819103558336706	-0.169148105643084	0.865680147203054	0.996816357781912
SA150_0592	cds	5.24934257985589	-0.384999292626145	0.741054898055751	-0.519528706491567	0.603392099854341	0.996816357781912
SA150_0593	cds	0.28929982861041	1.03663867269986	4.01494059495814	0.258195270436042	0.796256207858309	0.996816357781912
SA150_0594	cds	0.371145578537517	-1.09697584897012	4.06663990652567	-0.269749934635181	0.787352641714099	0.996816357781912
SA150_0595	cds	6.94053241954658	-0.534774506289249	0.664518091411165	-0.8047553756642	0.420960857336103	0.996816357781912
SA150_0596	cds	3.94664890338338	-0.551870941018292	0.807990396575855	-0.683016708313663	0.494596284738242	0.996816357781912
SA150_0597	cds	0.895057813682992	-0.256299526402005	1.93112875028408	-0.132720061448157	0.894414776481785	0.996816357781912
SA150_0598	cds	0	NA	NA	NA	NA	NA
SA150_0599	cds	1.59544200881018	0.0966975560925081	1.35955581276807	0.0711243739936142	0.943298769649899	0.996816357781912
SA150_0600	cds	5.35184167828207	-1.69263932902984	0.723161813586701	-2.34060938676334	0.0192522977569482	0.996816357781912
SA150_0601	cds	1.12275226566934	-1.22250141646413	1.71337147618829	-0.713506343168386	0.47553248939247	0.996816357781912
SA150_0602	cds	0.0627357352587352	-0.301063623054013	4.07215242169882	-0.0739323070152701	0.941064248904088	0.996816357781912
SA150_0603	cds	0.102674523237992	-0.135206406046156	4.06664026288408	-0.0332476927650018	0.973477065799177	0.996816357781912
SA150_0604	cds	0	NA	NA	NA	NA	NA
SA150_0605	cds	0.102674523237992	-0.135206406046156	4.06664026288408	-0.0332476927650018	0.973477065799177	0.996816357781912
SA150_0606	cds	1.39106763590684	2.03671199054304	1.71689144909169	1.18627883645209	0.235512201542974	0.996816357781912
SA150_0607	cds	0.252592062568766	-1.26283750952411	4.07215218538409	-0.310115499626151	0.756473125924892	0.996816357781912
SA150_0608	cds	1.51436685308695	2.26823004420958	1.57783264098672	1.43756060388706	0.150558765743644	0.996816357781912
SA150_0609	cds	0.188207205776206	0.669288743296893	4.03050631753905	0.166055748476173	0.868113078181307	0.996816357781912
SA150_0610	cds	5.60573078648856	-0.935126880854662	0.679709310761504	-1.37577471140862	0.168891393063222	0.996816357781912
SA150_0611	cds	0.0627357352587352	-0.301063623054013	4.07215242169882	-0.0739323070152701	0.941064248904088	0.996816357781912
SA150_0612	cds	4.84597873627898	-0.891516330305388	0.723967057974341	-1.23143217703834	0.218161268598483	0.996816357781912
SA150_0613	cds	3.71970727427566	0.151060051676739	0.839085226248836	0.180029449871331	0.857129448256139	0.996816357781912
SA150_0614	cds	10.7706767718259	0.437997683273333	0.537058865074585	0.815548744759117	0.414758274623934	0.996816357781912
SA150_0615	cds	1.41288554070929	-0.79205066350989	1.43518758620166	-0.551879539040687	0.581030887705581	0.996816357781912
SA150_0616	cds	0.439150146811147	1.74417033325343	3.97409118846876	0.438885332655256	0.66074462501843	0.996816357781912
SA150_0617	cds	0.520676844303485	0.382350333705544	3.02214066537535	0.126516392200446	0.899323174206235	0.996816357781912
SA150_0618	cds	4.2061348273455	0.433760155314098	0.79779415611633	0.543699338969399	0.58664838739629	0.996816357781912
SA150_0619	cds	4.14837733472664	0.0568890968052391	0.800546589177057	0.0710628182973333	0.943347760026996	0.996816357781912
SA150_0620	cds	0	NA	NA	NA	NA	NA
SA150_0621	cds	0.683242354427405	0.621199741899228	2.37338635773922	0.261735616653226	0.793525279339071	0.996816357781912
SA150_0622	cds	0.18985632731003	-2.16919618901566	4.0804728567969	-0.531604121665066	0.595000209512941	0.996816357781912
SA150_0623	cds	0	NA	NA	NA	NA	NA
SA150_0624	cds	0.102674523237992	-0.135206406046156	4.06664026288408	-0.0332476927650018	0.973477065799177	0.996816357781912
SA150_0625	cds	0.102674523237992	-0.135206406046156	4.06664026288408	-0.0332476927650018	0.973477065799177	0.996816357781912
SA150_0626	cds	0.12547147051747	0.242031776194219	4.05376117389553	0.0597054848106984	0.952390203283409	0.996816357781912
SA150_0627	cds	0.808327551380071	2.59766570730949	2.16198470658286	1.20151900214653	0.229549939945059	0.996816357781912
SA150_0628	cds	6.01696451001329	0.157648972107654	0.692771917542747	0.227562590393145	0.819986305445864	0.996816357781912
SA150_0629	cds	0.414771299127881	1.60132495571841	3.61442288548402	0.443037521190321	0.657738595437997	0.996816357781912
SA150_0630	cds	7.55601481152333	0.677751421722529	0.642465758312527	1.05492224753375	0.291460886382079	0.996816357781912
SA150_0631	cds	1.05807486557603	1.55704188336629	1.85597560479204	0.838934455467026	0.401506091488033	0.996816357781912
SA150_0632	cds	1.74251479976814	-0.73581619927674	1.30373376138955	-0.564391458646043	0.572487750476896	0.996816357781912
SA150_0633	cds	9.60965521951226	0.750584021691213	0.577544125738125	1.29961329055496	0.193733542195087	0.996816357781912
SA150_0634	cds	14.486950503997	0.569831863339306	0.471379428604036	1.20886027000973	0.22671653203664	0.996816357781912
SA150_0635	cds	3.1683389016456	0.55240955897094	0.932713128944564	0.592260944794498	0.553675864275199	0.996816357781912
SA150_0636	cds	2.46491133760613	0.028230193910172	1.03658463234405	0.0272338533963546	0.978273214607471	0.996816357781912
SA150_0637	cds	0.415901657762552	-0.718912034073828	4.01277757396185	-0.179155714669737	0.857815435632338	0.996816357781912
SA150_0638	cds	0.788310084269088	-0.609303882791426	2.32091987504342	-0.262526892609779	0.792915254910537	0.996816357781912
SA150_0639	cds	0.458327382609555	-2.97884172919623	3.66629349974809	-0.812494070483148	0.416508187597167	0.996816357781912
SA150_0640	cds	0	NA	NA	NA	NA	NA
SA150_0641	cds	0	NA	NA	NA	NA	NA
SA150_0642	cds	0.0627357352587352	-0.301063623054013	4.07215242169882	-0.0739323070152701	0.941064248904088	0.996816357781912
SA150_0643	cds	0	NA	NA	NA	NA	NA
SA150_0644	cds	0.536942110599049	-3.1747113479386	3.49460326025044	-0.908461164690576	0.363634622887522	0.996816357781912
SA150_0645	cds	0.576494625013501	0.246675266427852	3.07401553218389	0.0802452895391211	0.936042170431669	0.996816357781912
SA150_0646	cds	0.644499193287131	2.30718020783932	2.71319796220807	0.850354541016121	0.395128001859677	0.996816357781912
SA150_0647	cds	8.6288732875825	-0.192375029576824	0.563205134535181	-0.341571867478788	0.732673111634528	0.996816357781912
SA150_0648	cds	1.38896260369952	0.833398159552021	1.57716180627776	0.528416397249001	0.597210359141294	0.996816357781912
SA150_0649	cds	1.46672745891602	-1.07034343167039	1.44567405484788	-0.740376731588377	0.459071433542182	0.996816357781912
SA150_0650	cds	1.30898692857257	-0.0513387059965388	1.55693349784765	-0.032974244608078	0.973695126294507	0.996816357781912
SA150_0651	cds	2.42326584842342	-0.156487401116602	1.02666557289181	-0.152422955681491	0.878853352596549	0.996816357781912
SA150_0652	cds	0.455840445741809	-0.463659568272984	3.41665159537767	-0.135705838107772	0.892053832278582	0.996816357781912
SA150_0653	cds	0.45794110904475	0.0686434563526512	3.38107081220439	0.0203022829645786	0.983802234620916	0.996816357781912
SA150_0654	cds	1.97140924749785	0.350366869457251	1.2953333230668	0.270483946655314	0.786787965524886	0.996816357781912
SA150_0655	cds	9.04893555995491	0.215737513570575	0.56518716462289	0.381709860156717	0.702676585563041	0.996816357781912
SA150_0656	cds	0.26808478173472	1.02175530007769	4.01550283770304	0.254452640522141	0.799145887562061	0.996816357781912
SA150_0657	cds	0	NA	NA	NA	NA	NA
SA150_0658	cds	1.47161770690081	2.3191679607067	1.605387596224	1.44461559698204	0.148565889327571	0.996816357781912
SA150_0659	cds	16.9285039008775	0.431293928893182	0.445684660024421	0.967710957046511	0.333188744376546	0.996816357781912
SA150_0660	cds	7.57201618907509	-0.0714730555686067	0.598122143772245	-0.119495752352253	0.904882605057533	0.996816357781912
SA150_0661	cds	0.393104710483073	-1.09697584897012	4.06663990652567	-0.269749934635181	0.787352641714099	0.996816357781912
SA150_0662	cds	0.268471055299524	-2.16919618901566	4.0804728567969	-0.531604121665066	0.595000209512941	0.996816357781912
SA150_0663	cds	0	NA	NA	NA	NA	NA
SA150_0664	cds	0	NA	NA	NA	NA	NA
SA150_0665	cds	0.205349046475984	0.710836152680787	4.02855838759022	0.176449261569718	0.859941006580695	0.996816357781912
SA150_0666	cds	1.48057105654815	0.508391611044771	1.43045615459052	0.355405238680875	0.722286024816678	0.996816357781912
SA150_0667	cds	0	NA	NA	NA	NA	NA
SA150_0668	cds	0.811107031548566	-0.434017746902968	2.10860240813163	-0.205831950693606	0.836922182500794	0.996816357781912
SA150_0669	cds	0.957793548941727	-0.0135258113945436	1.85003774016736	-0.00731110025534941	0.994166637951481	0.997432319070984
SA150_0670	cds	1.83254135221299	-0.882013429916798	1.19674980713814	-0.737007371679472	0.461117866479954	0.996816357781912
SA150_0671	cds	8.72653608166636	-0.679328978712214	0.587689399276344	-1.15593199324118	0.247708975091017	0.996816357781912
SA150_0672	cds	0	NA	NA	NA	NA	NA
SA150_0673	cds	0.102674523237992	-0.135206406046156	4.06664026288408	-0.0332476927650018	0.973477065799177	0.996816357781912
SA150_0674	cds	1.3933239842718	-1.17223200909961	1.4322274563933	-0.818467767718665	0.413090139614913	0.996816357781912
SA150_0675	cds	0.52106311786829	-2.0727756302792	3.08555246993118	-0.671768070865255	0.50173135840274	0.996816357781912
SA150_0676	cds	1.24596301891747	1.92606205673494	1.71043507067059	1.12606557814545	0.260137762653206	0.996816357781912
SA150_0677	cds	1.55844606837216	1.08026893071261	1.49603385716556	0.722088558048631	0.470240032418746	0.996816357781912
SA150_0678	cds	0.102674523237992	-0.135206406046156	4.06664026288408	-0.0332476927650018	0.973477065799177	0.996816357781912
SA150_0679	cds	0	NA	NA	NA	NA	NA
SA150_0680	cds	87.2140504691001	-0.370440596500042	0.174814445222355	-2.11905026514748	0.0340862192114874	0.996816357781912
SA150_0681	cds	12.4840037550271	0.291985902394384	0.50999028855237	0.572532279434574	0.566961423811882	0.996816357781912
SA150_0682	cds	1.70218973822408	0.243432730115582	1.29743771993394	0.187625753726335	0.851170036218469	0.996816357781912
SA150_0683	cds	0	NA	NA	NA	NA	NA
SA150_0684	cds	0.477507034386616	1.8145781869245	3.19739751134504	0.56751723252614	0.570362822084384	0.996816357781912
SA150_0685	cds	0.290430187245081	-2.16919618901566	4.0804728567969	-0.531604121665066	0.595000209512941	0.996816357781912
SA150_0686	cds	2.93746859141261	-0.105503953195224	0.908731766847649	-0.116100214655435	0.907573118694947	0.996816357781912
SA150_0687	cds	5.96484330337479	-0.0550066833626406	0.657749578402151	-0.0836286105971614	0.933351718643888	0.996816357781912
SA150_0688	cds	2.91731863496728	-1.74944984353179	0.939661574557337	-1.86178714858691	0.0626330986863096	0.996816357781912
SA150_0689	cds	0.621250704238536	0.397649792649362	2.66214036613746	0.149372211062754	0.881259938068309	0.996816357781912
SA150_0690	cds	3.44951746033362	-0.466626619567538	0.841883326049978	-0.554265187501572	0.579397371386949	0.996816357781912
SA150_0691	cds	1.22587833067645	0.658698629103555	1.61034151264281	0.409042817273295	0.682508239377347	0.996816357781912
SA150_0692	cds	10.642803356896	0.341802657197404	0.531628305926153	0.642935399389518	0.520266018447181	0.996816357781912
SA150_0693	cds	2.40865407256606	0.464205129007645	1.08845203540909	0.426481933889878	0.669756709555747	0.996816357781912
SA150_0694	cds	4.31026071457866	-0.980290204911348	0.755376539057667	-1.29775039893913	0.194373118971901	0.996816357781912
SA150_0695	cds	4.53563296377459	1.38683737766342	0.863764939395812	1.60557266729706	0.108367834962342	0.996816357781912
SA150_0696	cds	7.71690227500075	-0.0855495886339105	0.601867598408868	-0.142140212997135	0.886969255248454	0.996816357781912
SA150_0697	cds	1.80118169775534	0.0466387110152743	1.40093200148206	0.0332912025465438	0.973442369223617	0.996816357781912
SA150_0698	cds	1.74409670017193	-0.514328919384512	1.24250908293314	-0.413943790390937	0.678915272723244	0.996816357781912
SA150_0699	cds	3.85803998031792	-0.19932781233166	0.824583181360499	-0.241731600689193	0.808988141779552	0.996816357781912
SA150_0700	cds	53.8402832887498	0.256747653263972	0.237133281134117	1.08271454785279	0.278935144711635	0.996816357781912
SA150_0701	cds	37.9761383201855	0.300980000687487	0.28325157079863	1.06258899055307	0.287968381886249	0.996816357781912
SA150_0702	cds	39.1728322927784	-0.0400022162353961	0.319723194159839	-0.125115152626049	0.900432387497798	0.996816357781912
SA150_0703	cds	44.771266788335	0.218893653953473	0.252626931928252	0.866469985138561	0.386232479293263	0.996816357781912
SA150_0704	cds	90.0888173027679	-0.156953954430176	0.174010134678156	-0.901981684690223	0.367066597134825	0.996816357781912
SA150_0705	cds	0.45667826107573	-0.282975234215448	3.68506850217617	-0.0767896808562284	0.938790859983047	0.996816357781912
SA150_0706	cds	2.03016113794035	0.0430564214809637	1.15588384455688	0.0372497822196571	0.970285845659884	0.996816357781912
SA150_0707	cds	1.61627078212106	1.13527193311785	1.48628812078645	0.763830321483788	0.444968364934365	0.996816357781912
SA150_0708	cds	6.26857181621883	-0.0543555808433807	0.658269416781362	-0.0825734561832672	0.934190708075092	0.996816357781912
SA150_0709	cds	1.90391712029327	1.5894316326349	1.36999260677016	1.16017533582322	0.245977426648315	0.996816357781912
SA150_0710	cds	0	NA	NA	NA	NA	NA
SA150_0711	cds	0.47915615592044	0.0363384638125871	3.30276575489513	0.0110024344774463	0.991221504510919	0.996816357781912
SA150_0712	cds	0	NA	NA	NA	NA	NA
SA150_0713	cds	0.18985632731003	-2.16919618901566	4.0804728567969	-0.531604121665066	0.595000209512941	0.996816357781912
SA150_0714	cds	1.53888451193467	0.94173867356339	1.59640163383822	0.589913373678508	0.55524872756379	0.996816357781912
SA150_0715	cds	1.45854665639829	-1.8763304567275	1.46696361418612	-1.27905725716891	0.200876893795972	0.996816357781912
SA150_0716	cds	0.18985632731003	-2.16919618901566	4.0804728567969	-0.531604121665066	0.595000209512941	0.996816357781912
SA150_0717	cds	0.480738056324228	0.217015144541809	3.23232050596044	0.0671391169723515	0.946470953292476	0.996816357781912
SA150_0718	cds	53.6761641928943	-0.436314195402202	0.225948887388369	-1.9310305106847	0.0534792793971923	0.996816357781912
SA150_0719	cds	0.353617464272933	1.42937713051187	3.99008385832357	0.358232353320119	0.720169437237045	0.996816357781912
SA150_0720	cds	0	NA	NA	NA	NA	NA
SA150_0721	cds	0.391974351848402	1.50597132677456	3.98588053638483	0.377826508603911	0.705559479865781	0.996816357781912
SA150_0722	cds	0.754545165768684	-0.180204063887759	2.35096634757623	-0.0766510605621997	0.93890113794844	0.996816357781912
SA150_0723	cds	2.02984450148423	3.8862299707654	1.44219383408336	2.69466550121222	0.00704593253689995	0.996816357781912
SA150_0724	cds	0	NA	NA	NA	NA	NA
SA150_0725	cds	0	NA	NA	NA	NA	NA
SA150_0726	cds	60.5489111293357	0.158244866237446	0.219224843386365	0.72183819950804	0.470393960754022	0.996816357781912
SA150_0727	cds	0.376481632682448	-1.09697584741616	4.06663990647638	-0.269749934256328	0.78735264200558	0.996816357781912
SA150_0728	cds	0	NA	NA	NA	NA	NA
SA150_0729	cds	0	NA	NA	NA	NA	NA
SA150_0730	cds	3.03345485117698	0.100871025095089	0.902230626722951	0.111801818855861	0.910980545328979	0.996816357781912
SA150_0731	cds	36.7004539526764	0.125094811152258	0.295707170191888	0.423036110592387	0.672268914892519	0.996816357781912
SA150_0732	cds	0	NA	NA	NA	NA	NA
SA150_0733	cds	0.18985632731003	-2.16919618901566	4.0804728567969	-0.531604121665066	0.595000209512941	0.996816357781912
SA150_0734	cds	0	NA	NA	NA	NA	NA
SA150_0735	cds	0.102674523237992	-0.135206406046156	4.06664026288408	-0.0332476927650018	0.973477065799177	0.996816357781912
SA150_0736	cds	0.723181142406662	0.739453301591286	2.3023772646132	0.321169476851794	0.748081961766895	0.996816357781912
SA150_0737	cds	2.00089445825096	0.216194942209362	1.19627477235326	0.180723481933898	0.856584626356111	0.996816357781912
SA150_0738	cds	2.01089212480361	-1.12079713458239	1.23010545362002	-0.911139066397965	0.362222104765624	0.996816357781912
SA150_0739	cds	0.623737641106282	-1.27860560084841	2.54666084141556	-0.502071410552533	0.615617289878114	0.996816357781912
SA150_0740	cds	0	NA	NA	NA	NA	NA
SA150_0741	cds	0.559875916117254	1.97301612722872	3.39839930544007	0.580572189992612	0.561528819860012	0.996816357781912
SA150_0742	cds	0.0627357352587352	-0.301063623054013	4.07215242169882	-0.0739323070152701	0.941064248904088	0.996816357781912
SA150_0743	cds	0.353165922503816	-1.26283750952411	4.07215218538409	-0.310115499626151	0.756473125924892	0.996816357781912
SA150_0744	cds	1.74936553318682	0.49659029305075	1.33253152309212	0.372666825846206	0.70939642978915	0.996816357781912
SA150_0745	cds	0.97900422691304	-0.91753377555346	1.83841258267318	-0.499090239155839	0.617715813579463	0.996816357781912
SA150_0746	cds	1.45282869759293	-0.18404534311944	1.39957554763915	-0.131500827825903	0.895379131751307	0.996816357781912
SA150_0747	cds	8.40702491483148	-0.218205116612969	0.585103550654854	-0.372934186382482	0.709197427444508	0.996816357781912
SA150_0748	cds	0	NA	NA	NA	NA	NA
SA150_0749	cds	0.165410258496727	0.495107692232776	4.03924898767954	0.12257419479288	0.902444289894505	0.996816357781912
SA150_0750	cds	0	NA	NA	NA	NA	NA
SA150_0751	cds	0.268471055299524	-2.16919618901566	4.0804728567969	-0.531604121665066	0.595000209512941	0.996816357781912
SA150_0752	cds	0.74627063298689	-1.5120478265777	2.40854425901141	-0.62778494558299	0.530144829399041	0.996816357781912
SA150_0753	cds	0.642465751114226	0.344646446719348	2.50227598563242	0.137733187185682	0.890451289773907	0.996816357781912
SA150_0754	cds	0.745140274352219	0.737539192255285	2.26559437997209	0.325538939703924	0.744773216488878	0.996816357781912
SA150_0755	cds	18.9640347088692	-0.754536742136451	0.432949419926507	-1.7427826609966	0.0813715861679512	0.996816357781912
SA150_0756	cds	1.87489985592995	-0.516416754264765	1.1708277244941	-0.44106980340588	0.659162463539724	0.996816357781912
SA150_0757	cds	4.06022085708195	-0.368531145403107	0.767826883273091	-0.479966452635955	0.631251247582829	0.996816357781912
SA150_0758	cds	7.29329128873657	1.40747919941425	0.704939268444833	1.99659639123139	0.0458690452028773	0.996816357781912
SA150_0759	cds	9.77260610577329	0.380199267267729	0.575880937801293	0.660204640075996	0.509122515025229	0.996816357781912
SA150_0760	cds	5.40407304152806	-0.651873430826354	0.70024715803018	-0.93091906671938	0.351895430875055	0.996816357781912
SA150_0761	cds	13.9807327309659	-0.203784370542751	0.484317345786614	-0.42076620281227	0.673925813229731	0.996816357781912
SA150_0762	cds	0	NA	NA	NA	NA	NA
SA150_0763	cds	0.913781554786559	-0.0644323498235753	1.96172329444065	-0.0328447697012982	0.973798376396653	0.996816357781912
SA150_0764	cds	1.13623368289203	-1.10844691415527	1.78950292400488	-0.619416095546007	0.535642280470995	0.996816357781912
SA150_0765	cds	0.58341257956222	0.643393579060307	2.76277805737145	0.232879212770512	0.815855200508519	0.996816357781912
SA150_0766	cds	0.702352369095776	-1.44154526904244	2.49966393613403	-0.576695630242173	0.564145084859437	0.996816357781912
SA150_0767	cds	0.706331845007633	-1.74192797221018	2.65261815343876	-0.656682519476847	0.511385076645822	0.996816357781912
SA150_0768	cds	3.52894591050167	0.79586215130896	0.899790141698704	0.884497522729534	0.376427699131948	0.996816357781912
SA150_0769	cds	0	NA	NA	NA	NA	NA
SA150_0770	cds	0	NA	NA	NA	NA	NA
SA150_0771	cds	0.811944846882488	-0.256394218880107	2.11157396760596	-0.121423271366998	0.903355785365819	0.996816357781912
SA150_0772	cds	2.40579726675419	-0.78364410319222	1.05643014082699	-0.74178506737679	0.458217569350777	0.996816357781912
SA150_0773	cds	4.69622019541658	-0.020786972918309	0.728891514412089	-0.0285186101186476	0.977248525337138	0.996816357781912
SA150_0774	cds	0	NA	NA	NA	NA	NA
SA150_0775	cds	2.09416409007248	0.744666270355607	1.19719314616528	0.622010134906672	0.533935203816444	0.996816357781912
SA150_0776	cds	4.54180441727479	0.129336552920629	0.7587948487201	0.170449961723894	0.864656283184398	0.996816357781912
SA150_0777	cds	0.290430187245081	-2.16919618901566	4.0804728567969	-0.531604121665066	0.595000209512941	0.996816357781912
SA150_0778	cds	4.62734146871738	0.397536227751305	0.760520512500939	0.52271598361499	0.601171913633243	0.996816357781912
SA150_0779	cds	0.580181557624608	2.09911751712648	2.72230547674165	0.771080811856183	0.440659033261384	0.996816357781912
SA150_0780	cds	0.433881313796252	-0.464460529050823	3.55443649572873	-0.130670650498033	0.896035850741005	0.996816357781912
SA150_0781	cds	5.70917590393044	-0.528572801219831	0.687769531717362	-0.768531865463688	0.442171266814116	0.996816357781912
SA150_0782	cds	0.252592062568766	-1.26283750952411	4.07215218538409	-0.310115499626151	0.756473125924892	0.996816357781912
SA150_0783	cds	1.29967576742016	0.563367638249048	1.66266093506187	0.338834952075231	0.734734069200152	0.996816357781912
SA150_0784	cds	6.96244751986581	-0.16769223603322	0.622039756353131	-0.269584434629	0.787479976494366	0.996816357781912
SA150_0785	cds	0.796065854151729	0.105649124391893	2.2509342477224	0.0469356777075091	0.96256449271811	0.996816357781912
SA150_0786	cds	0.312096775889888	1.18045741743722	4.00530474138199	0.294723496377434	0.768205112506805	0.996816357781912
SA150_0787	cds	0.458327382609555	-2.97884172919623	3.66629349974809	-0.812494070483148	0.416508187597167	0.996816357781912
SA150_0788	cds	0	NA	NA	NA	NA	NA
SA150_0789	cds	1.59838485635142	1.12064307678147	1.47134108417835	0.76164737655462	0.446270490706796	0.996816357781912
SA150_0790	cds	1.11786775329352	0.220054657007149	1.73818756442698	0.12660006406138	0.899256946235926	0.996816357781912
SA150_0791	cds	0.808713824944875	1.04899138799119	2.13538882374527	0.491241396567468	0.623255723253138	0.996816357781912
SA150_0792	cds	4.61026684914764	0.0628586681590814	0.753939749099776	0.0833735961449657	0.933554482624666	0.996816357781912
SA150_0793	cds	1.61817173495962	1.14926017308564	1.42988596489113	0.803742537030316	0.421545682324096	0.996816357781912
SA150_0794	cds	1.59544200881018	0.0966975560925081	1.35955581276807	0.0711243739936142	0.943298769649899	0.996816357781912
SA150_0795	cds	6.54022067646676	0.631426015161139	0.683334115990063	0.924037012620517	0.355467045547456	0.996816357781912
SA150_0796	cds	1.03482637652743	-0.371847942866411	1.91566120271563	-0.194109450219737	0.846090182157288	0.996816357781912
SA150_0797	cds	4.57550074794057	-0.872676062408602	0.737817175807099	-1.1827808988778	0.236895992605609	0.996816357781912
SA150_0798	cds	4.21370052822417	-0.194240700279172	0.773003733403834	-0.251280416750195	0.801597314703112	0.996816357781912
SA150_0799	cds	3.03054046569548	-1.58350450155336	0.922968870731629	-1.71566403999967	0.0862235500373501	0.996816357781912
SA150_0800	cds	13.1767578440721	-0.0560251736913021	0.468724374852883	-0.119526904716416	0.904857925943335	0.996816357781912
SA150_0801	cds	19.4930174270458	-0.00073275534754972	0.399028907288782	-0.00183634652569022	0.998534808282347	0.999250077438992
SA150_0802	cds	0.371145578537517	-1.09697584897012	4.06663990652567	-0.269749934635181	0.787352641714099	0.996816357781912
SA150_0803	cds	0.897158476985934	0.244490904022589	1.98605561699744	0.12310375496544	0.902024937867167	0.996816357781912
SA150_0804	cds	1.24175732340721	0.416534608832942	1.60307589605857	0.259834615352313	0.794991348555005	0.996816357781912
SA150_0805	cds	18.9239812183797	-0.00795355553016252	0.415397288732273	-0.0191468643294122	0.984723945942525	0.996816357781912
SA150_0806	cds	0	NA	NA	NA	NA	NA
SA150_0807	cds	0.102674523237992	-0.135206406046156	4.06664026288408	-0.0332476927650018	0.973477065799177	0.996816357781912
SA150_0808	cds	0.867376354027699	1.24615524543941	2.13703322373267	0.583123945664635	0.55980986493921	0.996816357781912
SA150_0809	cds	3.85420505117948	1.00261945056802	0.882982913976284	1.13549133816529	0.25616950909958	0.996816357781912
SA150_0810	cds	7.45754115183829	-0.618216395365534	0.597922257696828	-1.03394109753813	0.301163700603284	0.996816357781912
SA150_0811	cds	15.073735710865	-0.853131332452485	0.439573634994531	-1.94081551879948	0.0522806579767797	0.996816357781912
SA150_0812	cds	0	NA	NA	NA	NA	NA
SA150_0813	cds	0.102674523237992	-0.135206406046156	4.06664026288408	-0.0332476927650018	0.973477065799177	0.996816357781912
SA150_0814	cds	9.3241951450422	0.44245661518924	0.607215763460906	0.728664573309824	0.466206868372418	0.996816357781912
SA150_0815	cds	0.969599335496574	-0.333863514065965	2.05194393827225	-0.162705962789159	0.870749951930015	0.996816357781912
SA150_0816	cds	2.95897618158905	-0.691043283186191	0.891554782776444	-0.775099070226702	0.438281120966277	0.996816357781912
SA150_0817	cds	0.734979240426819	-1.6696070016898	2.39759225306628	-0.696368200036738	0.486198272577014	0.996816357781912
SA150_0818	cds	62.9717348352837	-0.070318146230965	0.20692503778497	-0.339824252220445	0.733988883021837	0.996816357781912
SA150_0819	cds	0.632304717188826	-2.44356769727983	2.85129294163107	-0.857003383132566	0.391443014909532	0.996816357781912
SA150_0820	cds	0	NA	NA	NA	NA	NA
SA150_0821	cds	0	NA	NA	NA	NA	NA
SA150_0822	cds	1.01286724458188	-0.322287770449709	2.01448815324028	-0.1599849420466	0.872892935934291	0.996816357781912
SA150_0823	cds	1.16269105364859	-1.09063247051192	1.73997627893467	-0.626808815565967	0.530784564206278	0.996816357781912
SA150_0824	cds	4.75889307844965	0.535171090487468	0.752803332171032	0.71090425296614	0.477143570358272	0.996816357781912
SA150_0825	cds	0.379712654620061	-2.77932101736673	4.06325641966939	-0.684013197865783	0.493966831897797	0.996816357781912
SA150_0826	cds	0.808262283175759	-1.338677656113	2.20419135151425	-0.607332777707049	0.543630089940352	0.996816357781912
SA150_0827	cds	0.165410258496727	0.495107692232776	4.03924898767954	0.12257419479288	0.902444289894505	0.996816357781912
SA150_0828	cds	0.873031460607399	1.31031917993601	2.16293965255449	0.605804779799794	0.544644395362746	0.996816357781912
SA150_0829	cds	0.39355625225219	1.57059618033873	3.9824958822371	0.394374840999577	0.693304315761686	0.996816357781912
SA150_0830	cds	2.25866931210525	1.73185638811812	1.28248449905577	1.35039167287652	0.176890380489267	0.996816357781912
SA150_0831	cds	0	NA	NA	NA	NA	NA
SA150_0832	cds	0	NA	NA	NA	NA	NA
SA150_0833	cds	0.102674523237992	-0.135206406046156	4.06664026288408	-0.0332476927650018	0.973477065799177	0.996816357781912
SA150_0834	cds	0	NA	NA	NA	NA	NA
SA150_0835	cds	0	NA	NA	NA	NA	NA
SA150_0836	cds	1.50330273562332	-1.64205726663159	1.40579759504512	-1.16806094449101	0.242782182642637	0.996816357781912
SA150_0837	cds	62.2618185068097	0.103900271618727	0.216864646773961	0.479101933691491	0.631866114174912	0.996816357781912
SA150_0838	cds	7.1478298940174	-1.14897626169596	0.616967965469159	-1.86229484511769	0.0625615416941319	0.996816357781912
SA150_0839	cds	0	NA	NA	NA	NA	NA
SA150_0840	cds	2.94808116710713	1.12007223732815	0.987483427102414	1.13426940299626	0.256681559481643	0.996816357781912
SA150_0841	cds	1.7448407852418	-0.435186474854956	1.22604970425097	-0.354950107932879	0.722626968661544	0.996816357781912
SA150_0842	cds	0.958631364275649	0.128531283813072	1.93497018493444	0.0664254595826893	0.947039101145792	0.996816357781912
SA150_0843	cds	3.31938875253677	-2.02710877331241	0.935989738968019	-2.16573824361302	0.0303311948623723	0.996816357781912
SA150_0844	cds	0.18985632731003	-2.16919618901566	4.0804728567969	-0.531604121665066	0.595000209512941	0.996816357781912
SA150_0845	cds	0.374832511148624	1.46141795044219	3.9882996301906	0.366426318469044	0.714046984017143	0.996816357781912
SA150_0846	cds	2.14127024792654	-1.02841750349777	1.09173365385789	-0.942004031719289	0.346190575762325	0.996816357781912
SA150_0847	cds	0	NA	NA	NA	NA	NA
SA150_0848	cds	0.999314237324772	0.244185580497229	1.8529752034002	0.131780274257933	0.895158089327809	0.996816357781912
SA150_0849	cds	2.18141116234883	1.92113290221139	1.32041317560016	1.45494829778428	0.145683575445683	0.996816357781912
SA150_0850	cds	2.04308959459518	-1.61395276216911	1.13501080503003	-1.42197127553019	0.155034589885116	0.996816357781912
SA150_0851	cds	1.76033350440775	0.288082713202616	1.27983334454124	0.225093926823637	0.821906205453536	0.996816357781912
SA150_0852	cds	0.165410258496727	0.495107692232776	4.03924898767954	0.12257419479288	0.902444289894505	0.996816357781912
SA150_0853	cds	0	NA	NA	NA	NA	NA
SA150_0854	cds	5.51648270305553	0.542956987640375	0.732633901733256	0.741102734061111	0.458631152003759	0.996816357781912
SA150_0855	cds	0.228145993755463	0.856440859300288	4.02212210253819	0.21293258570142	0.83137954545077	0.996816357781912
SA150_0856	cds	0.0627357352587352	-0.301063623054013	4.07215242169882	-0.0739323070152701	0.941064248904088	0.996816357781912
SA150_0857	cds	1.80967718380347	-0.0597935345767521	1.18756920985425	-0.0503495157003021	0.9598438659553	0.996816357781912
SA150_0858	cds	1.17089836530035	0.921460146334292	1.74108468447362	0.529244875077905	0.596635590393666	0.996816357781912
SA150_0859	cds	0	NA	NA	NA	NA	NA
SA150_0860	cds	2.01457468851034	-0.621364652401732	1.11950775547882	-0.555033807814908	0.578871536266447	0.996816357781912
SA150_0861	cds	2.29462862417265	1.80576744071004	1.28945585335716	1.40041044135682	0.161390445088697	0.996816357781912
SA150_0862	cds	0.769067580266368	-1.28270474837741	2.48395832156273	-0.516395439183706	0.605578250545467	0.996816357781912
SA150_0863	cds	1.47277652759522	-1.04601813132606	1.41438048949632	-0.739559219809776	0.459567493917113	0.996816357781912
SA150_0864	cds	0.870998018434494	-0.832499686031724	2.07316566581912	-0.401559653315403	0.688008128009344	0.996816357781912
SA150_0865	cds	0	NA	NA	NA	NA	NA
SA150_0866	cds	5.02720076637643	-0.46869669572157	0.70929657335977	-0.660790864252262	0.50874644240308	0.996816357781912
SA150_0867	cds	0.541891891179176	0.359888328670138	2.78570350535446	0.129191182040152	0.897206373450599	0.996816357781912
SA150_0868	cds	0.33120679055826	-1.26283750952411	4.07215218538409	-0.310115499626151	0.756473125924892	0.996816357781912
SA150_0869	cds	0.252592062568766	-1.26283750952411	4.07215218538409	-0.310115499626151	0.756473125924892	0.996816357781912
SA150_0870	cds	0	NA	NA	NA	NA	NA
SA150_0871	cds	0	NA	NA	NA	NA	NA
SA150_0872	cds	0	NA	NA	NA	NA	NA
SA150_0873	cds	0	NA	NA	NA	NA	NA
SA150_0874	cds	0	NA	NA	NA	NA	NA
SA150_0875	cds	0.435986346003571	1.63296355431605	3.81452512183168	0.428090916211326	0.668584929983329	0.996816357781912
SA150_0876	cds	1.02217840573429	-1.10188962636959	1.7869544645588	-0.616629941178524	0.53747884092529	0.996816357781912
SA150_0877	cds	0.355266585806758	-0.466666417899605	4.03924863968417	-0.115532976433977	0.908022684055862	0.996816357781912
SA150_0878	cds	0.0627357352587352	-0.301063623054013	4.07215242169882	-0.0739323070152701	0.941064248904088	0.996816357781912
SA150_0879	cds	0.45794110904475	0.0686434563526512	3.38107081220439	0.0203022829645786	0.983802234620916	0.996816357781912
SA150_0880	cds	0.935834416996171	0.0137968876376312	1.87186936350414	0.00737064664160293	0.994119128089378	0.997432319070984
SA150_0881	cds	3.01447295693858	0.80234466390015	0.960119663072436	0.835671525914387	0.403339718159271	0.996816357781912
SA150_0882	cds	1.47892193501433	1.35616949929742	1.52643522811306	0.888455320160479	0.374295879396424	0.996816357781912
SA150_0883	cds	10.9407341630887	0.112284290641936	0.528773984976262	0.212348364012228	0.831835266625503	0.996816357781912
SA150_0884	cds	0.541891891179176	0.359888328670138	2.78570350535446	0.129191182040152	0.897206373450599	0.996816357781912
SA150_0885	cds	1.73474501952071	0.304798701494969	1.3340513544537	0.228475988182468	0.819276221144905	0.996816357781912
SA150_0886	cds	2.35231316005251	0.110024154565713	1.03860757868661	0.10593428819848	0.915634489072322	0.996816357781912
SA150_0887	cds	0.910550532848946	1.22058330195981	1.99872165475218	0.610681982184834	0.541410136534686	0.996816357781912
SA150_0888	cds	0	NA	NA	NA	NA	NA
SA150_0889	cds	0	NA	NA	NA	NA	NA
SA150_0890	cds	12.854223461202	0.0524193913631875	0.525032173463279	0.0998403412450184	0.920471080356311	0.996816357781912
SA150_0891	cds	0	NA	NA	NA	NA	NA
SA150_0892	cds	1.06204997258351	0.412901565460997	1.79538455717337	0.229979456942118	0.818107732884133	0.996816357781912
SA150_0893	cds	2.63756824454676	-0.869965334881313	0.963055412771648	-0.903338814510762	0.366346102338858	0.996816357781912
SA150_0894	cds	0.0627357352587352	-0.301063623054013	4.07215242169882	-0.0739323070152701	0.941064248904088	0.996816357781912
SA150_0895	cds	18.2515650981024	-0.424289255853212	0.453066894932159	-0.936482582592454	0.34902477616216	0.996816357781912
SA150_0896	cds	21.2026872874721	0.446771563226041	0.381473409799969	1.17117353857065	0.241529029313823	0.996816357781912
SA150_0897	cds	187.593231679612	0.130935870520377	0.133885826931692	0.977966626648089	0.328090830360615	0.996816357781912
SA150_0898	cds	127.196194208745	0.301611520415975	0.151922654747731	1.98529653735188	0.0471114890674783	0.996816357781912
SA150_0899	cds	13.48549110869	-0.043860772097063	0.465548271296428	-0.0942131564035722	0.924939833962026	0.996816357781912
SA150_0900	cds	3.75168621300351	-0.256168942295584	0.821585201239142	-0.311798389149685	0.7551937483365	0.996816357781912
SA150_0901	cds	0.12547147051747	0.242031776194219	4.05376117389553	0.0597054848106984	0.952390203283409	0.996816357781912
SA150_0902	cds	0.0627357352587352	-0.301063623054013	4.07215242169882	-0.0739323070152701	0.941064248904088	0.996816357781912
SA150_0903	cds	0	NA	NA	NA	NA	NA
SA150_0904	cds	0	NA	NA	NA	NA	NA
SA150_0905	cds	0.26808478173472	1.02175530007769	4.01550283770304	0.254452640522141	0.799145887562061	0.996816357781912
SA150_0906	cds	2.14321432873976	0.235697103908737	1.15264288916407	0.204484065380971	0.837975242909748	0.996816357781912
SA150_0907	cds	0.708884050079691	1.05792340467937	2.40947194736468	0.439068570952426	0.660611851376195	0.996816357781912
SA150_0908	cds	0.963125234182281	-0.556087986865038	1.93557003228729	-0.287299336933782	0.773883130318356	0.996816357781912
SA150_0909	cds	0.708432508310574	-0.910277018001611	2.32259683543839	-0.391922095179208	0.695115776787867	0.996816357781912
SA150_0910	cds	3.16028289992752	0.323900283762937	0.884253335931532	0.366298062558869	0.71414267514494	0.996816357781912
SA150_0911	cds	1.4984878603562	2.34508426494077	1.58251584350876	1.48187095539041	0.138374634605839	0.996816357781912
SA150_0912	cds	0.252592062568766	-1.26283750952411	4.07215218538409	-0.310115499626151	0.756473125924892	0.996816357781912
SA150_0913	cds	0.910550532848946	1.22058330195981	1.99872165475218	0.610681982184834	0.541410136534686	0.996816357781912
SA150_0914	cds	0.643596109748897	-2.33557014143605	2.84392983334507	-0.821247456266851	0.411505330166565	0.996816357781912
SA150_0915	cds	0.0627357352587352	-0.301063623054013	4.07215242169882	-0.0739323070152701	0.941064248904088	0.996816357781912
SA150_0916	cds	0.0627357352587352	-0.301063623054013	4.07215242169882	-0.0739323070152701	0.941064248904088	0.996816357781912
SA150_0917	cds	2.45912374169208	-0.725807666042288	0.995057059807521	-0.729413111427685	0.465748999907756	0.996816357781912
SA150_0918	cds	1.01564477182465	1.59844153475392	1.95490240708465	0.817657970526353	0.413552515907577	0.996816357781912
SA150_0919	cds	4.36255493005031	-0.399500970286211	0.758551073314264	-0.526663245680624	0.598427463410765	0.996816357781912
SA150_0920	cds	10.7486017476639	-0.486614922675076	0.523426049404393	-0.929672726890064	0.352540559560498	0.996816357781912
SA150_0921	cds	108.98133262075	0.300251093307408	0.162517163885622	1.84750389514994	0.0646741441167462	0.996816357781912
SA150_0922	cds	0.0627357352587352	-0.301063623054013	4.07215242169882	-0.0739323070152701	0.941064248904088	0.996816357781912
SA150_0923	cds	0.581311916259279	0.241034075718848	2.8049471265098	0.0859317715620428	0.931520654862107	0.996816357781912
SA150_0924	cds	0.0627357352587352	-0.301063623054013	4.07215242169882	-0.0739323070152701	0.941064248904088	0.996816357781912
SA150_0925	cds	1.18196443568971	1.71043003415463	1.77607302023753	0.96304037878233	0.335527260013071	0.996816357781912
SA150_0926	cds	11.4323951097334	0.285401662846574	0.511008214483351	0.558506996086407	0.576498228551019	0.996816357781912
SA150_0927	cds	0.770424158499443	-0.654503876834028	2.2198939970656	-0.294835644269137	0.768119435918079	0.996816357781912
SA150_0928	cds	0.896188172317663	-2.14442314265203	2.12908754562035	-1.0072028964066	0.313837281486802	0.996816357781912
SA150_0929	cds	0.765088104354511	-1.0298057665733	2.3349174221798	-0.441045904575036	0.659179764675846	0.996816357781912
SA150_0930	cds	39.1985416569287	0.0511578175084335	0.269203744193932	0.190033826095598	0.849282624083118	0.996816357781912
SA150_0931	cds	36.223671816694	-0.0355663532095442	0.279043266163214	-0.127458202803364	0.898577752639285	0.996816357781912
SA150_0932	cds	82.7006915031611	0.323781816450495	0.193497132178842	1.67331584093575	0.0942651356060766	0.996816357781912
SA150_0933	cds	67.5893465168715	0.416330781165957	0.202187331083775	2.05913386825138	0.0394814161795731	0.996816357781912
SA150_0934	cds	0.252592062568766	-1.26283750952411	4.07215218538409	-0.310115499626151	0.756473125924892	0.996816357781912
SA150_0935	cds	0	NA	NA	NA	NA	NA
SA150_0936	cds	0	NA	NA	NA	NA	NA
SA150_0937	cds	0.102674523237992	-0.135206406046156	4.06664026288408	-0.0332476927650018	0.973477065799177	0.996816357781912
SA150_0938	cds	0.290430187245081	-2.16919618901566	4.0804728567969	-0.531604121665066	0.595000209512941	0.996816357781912
SA150_0939	cds	1.85126509331655	-0.718742061626549	1.18318690781337	-0.607462825087245	0.543543806176053	0.996816357781912
SA150_0940	cds	6.40744497783576	0.779244223647348	0.704522316213731	1.10606038405595	0.268700384193083	0.996816357781912
SA150_0941	cds	1.20181853542795	0.346566676627275	1.62669648382883	0.213049379569288	0.831288447379237	0.996816357781912
SA150_0942	cds	1.18270852075958	1.738508783746	1.74473110890362	0.996433648069969	0.319039490970428	0.996816357781912
SA150_0943	cds	1.1778912295138	1.73383442894502	1.76511360034337	0.982279230417654	0.325962303801823	0.996816357781912
SA150_0944	cds	8.58158714351504	-0.364228749004061	0.560156706867071	-0.650226525075767	0.515545909708333	0.996816357781912
SA150_0945	cds	0.26808478173472	1.02175530007769	4.01550283770304	0.254452640522141	0.799145887562061	0.996816357781912
SA150_0946	cds	1.69572332544448	1.12571554850895	1.43492088380019	0.784514018311345	0.432738559654021	0.996816357781912
SA150_0947	cds	0.517832095930677	-0.27549160862005	3.11011024930404	-0.0885793706771963	0.929416203441853	0.996816357781912
SA150_0948	cds	0.33120679055826	-1.26283750952411	4.07215218538409	-0.310115499626151	0.756473125924892	0.996816357781912
SA150_0949	cds	5.79260023463102	-0.80499845008144	0.719624820612979	-1.11863630467295	0.263295328716444	0.996816357781912
SA150_0950	cds	1.34727659501801	0.93008507492342	1.60320754613676	0.58014015538078	0.561820106472073	0.996816357781912
SA150_0951	cds	14.8108607332536	0.0881995623294984	0.475015281099208	0.185677315738981	0.852697818380439	0.996816357781912
SA150_0952	cds	1.65930810270358	-0.716948086366538	1.27945011161713	-0.560356421760258	0.575236349683104	0.996816357781912
SA150_0953	cds	1.83037346778001	-0.216031327705754	1.21680810767458	-0.177539355912584	0.859084754661221	0.996816357781912
SA150_0954	cds	3.49230536559006	-0.0352339372138024	0.856469016740854	-0.041138601076171	0.96718540142891	0.996816357781912
SA150_0955	cds	1.30898692857257	-0.0513387059965388	1.55693349784765	-0.032974244608078	0.973695126294507	0.996816357781912
SA150_0956	cds	0.928530188882646	1.30065185404233	2.01119064609422	0.646707390255728	0.517821339196007	0.996816357781912
SA150_0957	cds	0.545122913116788	-1.10025481999554	2.97288045715777	-0.370097229219719	0.71131004653731	0.996816357781912
SA150_0958	cds	0	NA	NA	NA	NA	NA
SA150_0959	cds	0	NA	NA	NA	NA	NA
SA150_0960	cds	0.353165922503816	-1.26283750952411	4.07215218538409	-0.310115499626151	0.756473125924892	0.996816357781912
SA150_0961	cds	0.691809430509949	-0.477303611997454	2.5045299418196	-0.190576125295065	0.848857696602161	0.996816357781912
SA150_0962	cds	0.102674523237992	-0.135206406046156	4.06664026288408	-0.0332476927650018	0.973477065799177	0.996816357781912
SA150_0963	cds	2.0529624541242	0.584251382158595	1.23116262795873	0.474552564292247	0.635105923565978	0.996816357781912
SA150_0964	cds	1.91400082857529	-0.569531974494194	1.14788292072014	-0.496158592669791	0.619782522718051	0.996816357781912
SA150_0965	cds	0.102674523237992	-0.135206406046156	4.06664026288408	-0.0332476927650018	0.973477065799177	0.996816357781912
SA150_0966	cds	0.315327797827501	-0.719742103087498	4.05376075286438	-0.177549230693728	0.859076998932134	0.996816357781912
SA150_0967	cds	0	NA	NA	NA	NA	NA
SA150_0968	cds	0	NA	NA	NA	NA	NA
SA150_0969	cds	0.268471055299524	-2.16919618901566	4.0804728567969	-0.531604121665066	0.595000209512941	0.996816357781912
SA150_0970	cds	0	NA	NA	NA	NA	NA
SA150_0971	cds	0	NA	NA	NA	NA	NA
SA150_0972	cds	0	NA	NA	NA	NA	NA
SA150_0973	cds	0.482387177858053	-1.72709683558463	3.53603493854699	-0.488427536944619	0.625247040925183	0.996816357781912
SA150_0974	cds	1.42799198631044	1.1045805652052	1.57094341553177	0.703131986985858	0.481973499665472	0.996816357781912
SA150_0975	cds	5.4549822167069	0.378052779842671	0.748447667715584	0.505115849978618	0.613477469533121	0.996816357781912
SA150_0976	cds	0.0627357352587352	-0.301063623054013	4.07215242169882	-0.0739323070152701	0.941064248904088	0.996816357781912
SA150_0977	cds	0.18985632731003	-2.16919618901566	4.0804728567969	-0.531604121665066	0.595000209512941	0.996816357781912
SA150_0978	cds	0.249361040631153	0.719053425397083	4.02817913586526	0.178505821400773	0.85832574980268	0.996816357781912
SA150_0979	cds	2.03452688741701	-0.859004610012754	1.13662647177378	-0.755749255665516	0.449799546207484	0.996816357781912
SA150_0980	cds	1.58069337471409	-0.659936859205715	1.32865340785554	-0.496696019672173	0.619403429723047	0.996816357781912
SA150_0981	cds	19.3227212956927	-0.597439423329672	0.389827581718647	-1.53257350517816	0.125380973723661	0.996816357781912
SA150_0982	cds	1.34931199011664	-1.17997171799845	1.56489664841852	-0.754025333999482	0.450834009685946	0.996816357781912
SA150_0983	cds	3.48214433166466	-0.574840477340014	0.841435502942182	-0.68316641659404	0.494501691101535	0.996816357781912
SA150_0984	cds	45.8659057836002	0.485203671520198	0.269871218488062	1.79790818094099	0.0721915594901381	0.996816357781912
SA150_0985	cds	29.4523996850723	-0.141765831008394	0.324489787972774	-0.436888420723701	0.662192269887566	0.996816357781912
SA150_0986	cds	0.773268906872251	-0.00558968523450013	2.27188932209453	-0.00246036863686071	0.99803691183133	0.999250077438992
SA150_0987	cds	1.06159843081439	-1.16803093081785	1.78215293394954	-0.655404431666426	0.512207398961304	0.996816357781912
SA150_0988	cds	0.785916877665397	0.951940404775998	2.1640377222165	0.439890855414931	0.660016159342157	0.996816357781912
SA150_0989	cds	0	NA	NA	NA	NA	NA
SA150_0990	cds	0.52106311786829	-2.0727756302792	3.08555246993118	-0.671768070865255	0.50173135840274	0.996816357781912
SA150_0991	cds	0	NA	NA	NA	NA	NA
SA150_0992	cds	0	NA	NA	NA	NA	NA
SA150_0993	cds	0.12547147051747	0.242031776194219	4.05376117389553	0.0597054848106984	0.952390203283409	0.996816357781912
SA150_0994	cds	0	NA	NA	NA	NA	NA
SA150_0995	cds	0	NA	NA	NA	NA	NA
SA150_0996	cds	0	NA	NA	NA	NA	NA
SA150_0997	cds	0.643596109748897	-2.33557014143605	2.84392983334507	-0.821247456266851	0.411505330166565	0.996816357781912
SA150_0998	cds	21.4179863786884	-0.157584159799396	0.399231878000287	-0.39471837917533	0.693050737278752	0.996816357781912
SA150_0999	cds	0	NA	NA	NA	NA	NA
SA150_1000	cds	0	NA	NA	NA	NA	NA
SA150_1001	cds	0.315327797827501	-0.719742103087498	4.05376075286438	-0.177549230693728	0.859076998932134	0.996816357781912
SA150_1002	cds	0	NA	NA	NA	NA	NA
SA150_1003	cds	0	NA	NA	NA	NA	NA
SA150_1004	cds	3.9645700760958	0.30458496867304	0.828903149209248	0.36745543669801	0.713279326700304	0.996816357781912
SA150_1005	cds	4.95647625052965	-1.01413088703099	0.723889434791925	-1.40094721415915	0.161229858548631	0.996816357781912
SA150_1006	cds	2.89557368690383	1.37921759656461	1.08928963899308	1.2661624118995	0.205454941693755	0.996816357781912
SA150_1007	cds	0.188207205776206	0.669288743296893	4.03050631753905	0.166055748476173	0.868113078181307	0.996816357781912
SA150_1008	cds	0	NA	NA	NA	NA	NA
SA150_1009	cds	0	NA	NA	NA	NA	NA
SA150_1010	cds	13.808479896862	-0.0264070197579192	0.467402273372796	-0.0564974140313118	0.954945555540689	0.996816357781912
SA150_1011	cds	16.9941598397441	-0.0942740049958153	0.440786471879304	-0.213876811132328	0.830643123858136	0.996816357781912
SA150_1012	cds	1.43161801962161	0.582865295151752	1.56904001686541	0.371478922708539	0.710280851898079	0.996816357781912
SA150_1013	cds	1.3583306079683	-0.407287554582236	1.54621968369801	-0.263408595089249	0.792235666542138	0.996816357781912
SA150_1014	cds	2.49095136426228	0.661073843080362	1.03695753755588	0.637512934848344	0.523790787287162	0.996816357781912
SA150_1015	cds	9.77795465173205	-0.185913033303963	0.565905765032169	-0.328522953452143	0.742516292124604	0.996816357781912
SA150_1016	cds	12.8643632585494	-0.213833038533612	0.484553609581968	-0.441299031325118	0.658996527304462	0.996816357781912
SA150_1017	cds	2.05858668266551	-0.612543934070946	1.10478058542925	-0.55444849606309	0.579271944407296	0.996816357781912
SA150_1018	cds	7.9584766614869	0.473206391196456	0.609934461367039	0.775831537926	0.437848459900732	0.996816357781912
SA150_1019	cds	1.18060348855226	0.386126345089191	1.68779211178007	0.228776010027654	0.819043013552983	0.996816357781912
SA150_1020	cds	4.18372852253521	0.252025182781304	0.804226025237415	0.313376059556023	0.753994970581779	0.996816357781912
SA150_1021	cds	4.00563922270973	-0.0611053709928665	0.80293626731853	-0.0761023925310196	0.939337636698723	0.996816357781912
SA150_1022	cds	12.4059551005425	0.242218956005532	0.498833120312377	0.485571118160419	0.627271278012066	0.996816357781912
SA150_1023	cds	31.4280643608888	-0.139301709970465	0.304996860621471	-0.456731619094768	0.647863961090143	0.996816357781912
SA150_1024	cds	0.33120679055826	-1.26283750952411	4.07215218538409	-0.310115499626151	0.756473125924892	0.996816357781912
SA150_1025	cds	2.23302324754859	0.891435336236426	1.16432179404983	0.765626256239498	0.443898717006095	0.996816357781912
SA150_1026	cds	2.27333625165358	-0.844555895580073	1.06509674658572	-0.792938198607204	0.427813830544091	0.996816357781912
SA150_1027	cds	0.393942525816995	-0.719742103087498	4.05376075286438	-0.177549230693728	0.859076998932134	0.996816357781912
SA150_1028	cds	0.540242769645351	2.00225668666101	2.89483030753623	0.691666341010889	0.489146889297065	0.996816357781912
SA150_1029	cds	2.02278395308782	-2.32705935355359	1.26829904397213	-1.83478759572788	0.066537167253525	0.996816357781912
SA150_1030	cds	5.7720484974279	-0.0457670666289188	0.667788719422661	-0.0685352496946742	0.945359560832137	0.996816357781912
SA150_1031	cds	0.290430187245081	-2.16919618901566	4.0804728567969	-0.531604121665066	0.595000209512941	0.996816357781912
SA150_1032	cds	0.102674523237992	-0.135206406046156	4.06664026288408	-0.0332476927650018	0.973477065799177	0.996816357781912
SA150_1033	cds	0.569568981930091	-3.33697026455073	3.30805743669751	-1.00874012268726	0.313099284071796	0.996816357781912
SA150_1034	cds	0.733330118892994	-0.124119277618375	2.3734797322214	-0.0522942226695185	0.958294256662053	0.996816357781912
SA150_1035	cds	0.976065748276177	-1.79581379662253	2.02394877519083	-0.887282236900097	0.374926966553377	0.996816357781912
SA150_1036	cds	0.561001905847547	-1.93822981025804	2.92447709796668	-0.662761151935724	0.507483537711864	0.996816357781912
SA150_1037	cds	0	NA	NA	NA	NA	NA
SA150_1038	cds	0.808713824944875	1.04899138799119	2.13538882374527	0.491241396567468	0.623255723253138	0.996816357781912
SA150_1039	cds	0.315327797827501	-0.719742103087498	4.05376075286438	-0.177549230693728	0.859076998932134	0.996816357781912
SA150_1040	cds	2.54827371973271	-1.56845822875969	1.00664257962455	-1.55810836984928	0.119207560940374	0.996816357781912
SA150_1041	cds	0.45794110904475	0.0686434563526512	3.38107081220439	0.0203022829645786	0.983802234620916	0.996816357781912
SA150_1042	cds	0.252592062568766	-1.26283750952411	4.07215218538409	-0.310115499626151	0.756473125924892	0.996816357781912
SA150_1043	cds	0.480286514555111	-3.03234992746566	3.52557178098479	-0.86010159935494	0.389733039678143	0.996816357781912
SA150_1044	cds	0.706039301706883	0.739184784827639	2.4622221492074	0.300210435953387	0.764016645272792	0.996816357781912
SA150_1045	cds	0.12547147051747	0.242031776194219	4.05376117389553	0.0597054848106984	0.952390203283409	0.996816357781912
SA150_1046	cds	1.06046807217972	0.27361753937601	1.73712850839028	0.157511397720114	0.874841825935206	0.996816357781912
SA150_1047	cds	1.01729389335847	0.351512624410103	1.83069943639637	0.192010013998822	0.847734361340511	0.996816357781912
SA150_1048	cds	1.26258609671809	1.84397635990407	1.70108033401894	1.08400310263274	0.278363423185187	0.996816357781912
SA150_1049	cds	0.538660869241563	1.93326300886509	2.9395526285892	0.657672528146889	0.510748578709375	0.996816357781912
SA150_1050	cds	5.19135254580852	-0.256221524104278	0.725065991919845	-0.353376833225689	0.723805951332155	0.996816357781912
SA150_1051	cds	0.376481632682448	-1.09697584741616	4.06663990647638	-0.269749934256328	0.78735264200558	0.996816357781912
SA150_1052	cds	1.11996841659646	0.579986376375852	1.7421764008093	0.33290909927745	0.739202900629392	0.996816357781912
SA150_1053	cds	0	NA	NA	NA	NA	NA
SA150_1054	cds	0.64779743635478	-0.569624751221418	2.61247921057377	-0.218039917376534	0.82739800998862	0.996816357781912
SA150_1055	cds	0.747173716525123	2.52144805661622	2.43090679641869	1.03724587891684	0.299621281444262	0.996816357781912
SA150_1056	cds	1.33300796475078	-0.952038739198848	1.50951844162928	-0.630690366506075	0.528242999177766	0.996816357781912
SA150_1057	cds	0.894313728613126	-0.314575412961162	2.06051318198891	-0.152668478760964	0.878659719618816	0.996816357781912
SA150_1058	cds	4.67442111743742	-0.731812096525731	0.725663247940583	-1.0084734187691	0.313227242311803	0.996816357781912
SA150_1059	cds	0.433881313796252	-0.464460529050823	3.55443649572873	-0.130670650498033	0.896035850741005	0.996816357781912
SA150_1060	cds	1.07272540050368	1.66343874777615	1.92184339965528	0.865543336191973	0.386740640973791	0.996816357781912
SA150_1061	cds	0.604627626437911	0.625806730430842	2.55626979951421	0.244812472670048	0.806601635948189	0.996816357781912
SA150_1062	cds	88.6738777201859	0.0933877650392756	0.189331359541797	0.49325037999666	0.621835684233032	0.996816357781912
SA150_1063	cds	0.18985632731003	-2.16919618901566	4.0804728567969	-0.531604121665066	0.595000209512941	0.996816357781912
SA150_1064	cds	1.49156990580748	2.2244768878765	1.58011461185648	1.40779464425239	0.159191886730717	0.996816357781912
SA150_1065	cds	1.64306934554204	1.40930824582723	1.43776718068784	0.980206159075773	0.326984364902472	0.996816357781912
SA150_1066	cds	1.92256790465783	-0.970312400937491	1.17598883406618	-0.825103413254763	0.4093128820706	0.996816357781912
SA150_1067	cds	3.0339977072315	-1.25982510024866	0.921809958299489	-1.36668636404484	0.171723633767214	0.996816357781912
SA150_1068	cds	2.58873368658977	0.621199455962647	1.03161146843819	0.602164162543785	0.547064868225596	0.996816357781912
SA150_1069	cds	7.11612253256804	-0.161709456123126	0.615545155746575	-0.262709331092037	0.792774624177216	0.996816357781912
SA150_1070	cds	22.6304101187067	0.181786827116053	0.376776301306065	0.482479461913881	0.629465384838933	0.996816357781912
SA150_1071	cds	0.454710087107138	1.72793707055623	3.34784808890711	0.516133655013095	0.605761063676997	0.996816357781912
SA150_1072	cds	2.46650966435336	1.83529041784626	1.26386344331359	1.45212714835276	0.146466254516632	0.996816357781912
SA150_1073	cds	2.59521215680844	1.28156912884218	1.10078798119457	1.1642288530907	0.244331280318407	0.996816357781912
SA150_1074	cds	0	NA	NA	NA	NA	NA
SA150_1075	cds	7.9553141650103	0.03040671132508	0.63497481467625	0.0478864840341474	0.961806711211711	0.996816357781912
SA150_1076	cds	1.10040686015898	0.350483648831261	1.71489357153176	0.204376326700091	0.83805942830625	0.996816357781912
SA150_1077	cds	0	NA	NA	NA	NA	NA
SA150_1078	cds	0.355266585806758	-0.466666417899605	4.03924863968417	-0.115532976433977	0.908022684055862	0.996816357781912
SA150_1079	cds	6.07977620421082	0.233961763137321	0.670208566002403	0.349087992910676	0.727023250516724	0.996816357781912
SA150_1080	cds	0.576494625013501	0.246675266427852	3.07401553218389	0.0802452895391211	0.936042170431669	0.996816357781912
SA150_1081	cds	0.18985632731003	-2.16919618901566	4.0804728567969	-0.531604121665066	0.595000209512941	0.996816357781912
SA150_1082	cds	0.0627357352587352	-0.301063623054013	4.07215242169882	-0.0739323070152701	0.941064248904088	0.996816357781912
SA150_1083	cds	5.32989264462589	1.16982250360468	0.794259286061751	1.47284712200863	0.140792262924013	0.996816357781912
SA150_1084	cds	15.6762452201053	-0.452741172787864	0.463240256983224	-0.9773355531237	0.32840305726965	0.996816357781912
SA150_1085	cds	0	NA	NA	NA	NA	NA
SA150_1086	cds	0.12547147051747	0.242031776194219	4.05376117389553	0.0597054848106984	0.952390203283409	0.996816357781912
SA150_1087	cds	0	NA	NA	NA	NA	NA
SA150_1088	cds	2.50767254123134	1.06075901166951	1.12759664953962	0.940725579579014	0.346845506935307	0.996816357781912
SA150_1089	cds	1.88548155358607	0.052316704010094	1.24696002671179	0.0419553978390567	0.96653425415313	0.996816357781912
SA150_1090	cds	3.13162103109062	-2.3996822579249	0.967867532819069	-2.4793498867923	0.0131622120656182	0.996816357781912
SA150_1091	cds	2.83990390272115	-0.733968060533743	0.947837463529433	-0.77436067762155	0.438717530507824	0.996816357781912
SA150_1092	cds	5.69873106451304	-0.285803656995861	0.684656948072016	-0.41744067273498	0.676356110309336	0.996816357781912
SA150_1093	cds	4.28808636497573	0.835725828100992	0.831452612984527	1.00513945719784	0.31482970289084	0.996816357781912
SA150_1094	cds	29.7277810213393	-0.563754480228701	0.386034040207007	-1.46037504860036	0.144187026388251	0.996816357781912
SA150_1095	cds	0.102674523237992	-0.135206406046156	4.06664026288408	-0.0332476927650018	0.973477065799177	0.996816357781912
SA150_1096	cds	25.52536648049	-0.149363936923373	0.354013833950842	-0.421915537188056	0.673086668841035	0.996816357781912
SA150_1097	cds	2.74182903709291	-0.298168987115329	0.940923368767492	-0.316889767023109	0.751327246924496	0.996816357781912
SA150_1098	cds	4.13732332177635	0.546085612357995	0.806304235279909	0.67726992922023	0.498234706410239	0.996816357781912
SA150_1099	cds	0.598453756959058	0.247580255721003	2.99142604822307	0.0827632880538922	0.934039760830086	0.996816357781912
SA150_1100	cds	0.604627626437911	0.625806730430842	2.55626979951421	0.244812472670048	0.806601635948189	0.996816357781912
SA150_1101	cds	1.0551972862391	3.01950540121784	1.96819267244035	1.53415132750899	0.124992428510708	0.996816357781912
SA150_1102	cds	4.2524152273047	0.158780664150659	0.781320426330318	0.203220930619227	0.838962353894377	0.996816357781912
SA150_1103	cds	7.22370807731586	-0.102896578326353	0.623976616058255	-0.164904542379112	0.869019117049689	0.996816357781912
SA150_1104	cds	2.36547989374481	0.508909076803179	1.06813896184816	0.476444634060193	0.633757642605814	0.996816357781912
SA150_1105	cds	3.63898751407885	-0.172480367425245	0.815380969829093	-0.21153347184617	0.832471016328725	0.996816357781912
SA150_1106	cds	3.08542564530949	0.631518748896718	0.959468945069576	0.658196132497986	0.510412109651063	0.996816357781912
SA150_1107	cds	1.13908280016921	0.169567332245105	1.67527095171998	0.101217854981018	0.919377523283029	0.996816357781912
SA150_1108	cds	13.0981898125205	0.463165792172127	0.514736851178637	0.899810827827028	0.368220931113184	0.996816357781912
SA150_1109	cds	0.981109259120359	0.374539279748517	1.91048685223384	0.196043892848875	0.844575810990282	0.996816357781912
SA150_1110	cds	0.0627357352587352	-0.301063623054013	4.07215242169882	-0.0739323070152701	0.941064248904088	0.996816357781912
SA150_1111	cds	1.19896941815076	-0.838178231302429	1.71193219803566	-0.489609478847461	0.624410267698664	0.996816357781912
SA150_1112	cds	6.64065767816308	0.178412478381058	0.662679895918428	0.26922874751435	0.787753659395146	0.996816357781912
SA150_1113	cds	25.9838924774151	0.0889532510187065	0.335078956249679	0.265469524002052	0.790647784174389	0.996816357781912
SA150_1114	cds	11.865869962661	-0.0710387152701655	0.504582708325147	-0.140787058490298	0.888038167058348	0.996816357781912
SA150_1115	cds	8.36357809052961	0.255842428095852	0.588718365628094	0.434575245198776	0.663870766666196	0.996816357781912
SA150_1116	cds	0.393942525816995	-0.719742103087498	4.05376075286438	-0.177549230693728	0.859076998932134	0.996816357781912
SA150_1117	cds	0.569568981930091	-3.33697026455073	3.30805743669751	-1.00874012268726	0.313099284071796	0.996816357781912
SA150_1118	cds	0.559352784313722	0.23592398676611	2.88217637698943	0.0818561933439147	0.93476107012979	0.996816357781912
SA150_1119	cds	3.06188371553245	-0.0821668066454593	0.975997829693433	-0.0841874890964341	0.932907365129223	0.996816357781912
SA150_1120	cds	3.28770372381426	0.0670839690609525	0.922660385784423	0.0727071088068005	0.942039191514436	0.996816357781912
SA150_1121	cds	1.41039860384155	-0.033000457172167	1.43173391943639	-0.0230492947915614	0.981610951821076	0.996816357781912
SA150_1122	cds	2.5010350725443	-0.92189778632453	0.981620596547249	-0.939158967901868	0.347649132379484	0.996816357781912
SA150_1123	cds	0.833452437058928	-2.76618589033704	2.24925002620726	-1.22982587889593	0.218762315109277	0.996816357781912
SA150_1124	cds	11.6103871733913	-0.058623840767085	0.508823259504882	-0.115214545860443	0.908275069526093	0.996816357781912
SA150_1125	cds	12.6335833806729	0.288148092005305	0.504877467553567	0.57072876197378	0.568183518975407	0.996816357781912
SA150_1126	cds	0.102674523237992	-0.135206406046156	4.06664026288408	-0.0332476927650018	0.973477065799177	0.996816357781912
SA150_1127	cds	0.582961037793104	-1.98680597514261	2.84751193355042	-0.697734029393639	0.485343542611096	0.996816357781912
SA150_1128	cds	1.08213466082453	1.74015905326515	1.80800205860214	0.962476256587096	0.335810424440197	0.996816357781912
SA150_1129	cds	1.22784650464504	-0.414332409938248	1.56894486586831	-0.264083473518963	0.791715598207911	0.996816357781912
SA150_1130	cds	0.186625305372418	-0.135206404479941	4.06664026283441	-0.0332476923802705	0.973477066105979	0.996816357781912
SA150_1131	cds	1.18480918406252	1.90165890578977	1.72877058823138	1.10000651256756	0.271329284348889	0.996816357781912
SA150_1132	cds	0.186625305372418	-0.135206404479941	4.06664026283441	-0.0332476923802705	0.973477066105979	0.996816357781912
SA150_1133	cds	0.705653028142079	2.39945709036528	2.36499928515408	1.01456990089913	0.31031089312973	0.996816357781912
SA150_1134	cds	1.22949562617886	-1.47492152287186	1.56256570164607	-0.943910084112379	0.345215598454811	0.996816357781912
SA150_1135	cds	1.8849671595913	0.422770587034315	1.27815894582991	0.330765268602654	0.740821797191072	0.996816357781912
SA150_1136	cds	0.268471055299524	-2.16919618901566	4.0804728567969	-0.531604121665066	0.595000209512941	0.996816357781912
SA150_1137	cds	0	NA	NA	NA	NA	NA
SA150_1138	cds	4.53284337909275	0.283604555886199	0.752231180677429	0.377017814697333	0.706160365945391	0.996816357781912
SA150_1139	cds	4.08337319988784	-1.3597943666303	0.802386197719472	-1.69468813209286	0.0901345982094158	0.996816357781912
SA150_1140	cds	70.7091588668768	-0.141523585083576	0.195510964451405	-0.723865208688857	0.46914849112697	0.996816357781912
SA150_1141	cds	0.663680797989917	0.32598674537727	2.8124692417465	0.11590766595365	0.907725720097029	0.996816357781912
SA150_1142	cds	0.518576181000544	-0.0830014162372824	3.06561252583924	-0.0270749860061196	0.978399925720597	0.996816357781912
SA150_1143	cds	0.33120679055826	-1.26283750952411	4.07215218538409	-0.310115499626151	0.756473125924892	0.996816357781912
SA150_1144	cds	2.34313448823445	1.23275794847684	1.1532583404196	1.06893477833277	0.285099059415072	0.996816357781912
SA150_1145	cds	0.12547147051747	0.242031776194219	4.05376117389553	0.0597054848106984	0.952390203283409	0.996816357781912
SA150_1146	cds	0.518576181000544	-0.0830014162372824	3.06561252583924	-0.0270749860061196	0.978399925720597	0.996816357781912
SA150_1147	cds	0.767937221631697	0.850878462133457	2.20564381319116	0.385773286259849	0.69966458122946	0.996816357781912
SA150_1148	cds	9.07125008742688	-0.21203742108527	0.547430748268736	-0.387331953413	0.698510472752661	0.996816357781912
SA150_1149	cds	0	NA	NA	NA	NA	NA
SA150_1150	cds	0	NA	NA	NA	NA	NA
SA150_1151	cds	0	NA	NA	NA	NA	NA
SA150_1152	cds	0.18985632731003	-2.16919618901566	4.0804728567969	-0.531604121665066	0.595000209512941	0.996816357781912
SA150_1153	cds	0	NA	NA	NA	NA	NA
SA150_1154	cds	0	NA	NA	NA	NA	NA
SA150_1155	cds	0	NA	NA	NA	NA	NA
SA150_1156	cds	0	NA	NA	NA	NA	NA
SA150_1157	cds	0	NA	NA	NA	NA	NA
SA150_1158	cds	0	NA	NA	NA	NA	NA
SA150_1159	cds	0.268471055299524	-2.16919618901566	4.0804728567969	-0.531604121665066	0.595000209512941	0.996816357781912
SA150_1160	cds	0	NA	NA	NA	NA	NA
SA150_1161	cds	0	NA	NA	NA	NA	NA
SA150_1162	cds	0	NA	NA	NA	NA	NA
SA150_1163	cds	0	NA	NA	NA	NA	NA
SA150_1164	cds	0.268471055299524	-2.16919618901566	4.0804728567969	-0.531604121665066	0.595000209512941	0.996816357781912
SA150_1165	cds	0.18985632731003	-2.16919618901566	4.0804728567969	-0.531604121665066	0.595000209512941	0.996816357781912
SA150_1166	cds	0.102674523237992	-0.135206406046156	4.06664026288408	-0.0332476927650018	0.973477065799177	0.996816357781912
SA150_1167	cds	0.186625305372418	-0.135206404479941	4.06664026283441	-0.0332476923802705	0.973477066105979	0.996816357781912
SA150_1168	cds	2.07679166086992	-0.558143292626951	1.13101735562376	-0.493487823022074	0.621667941775529	0.996816357781912
SA150_1169	cds	0	NA	NA	NA	NA	NA
SA150_1170	cds	0	NA	NA	NA	NA	NA
SA150_1171	cds	0.599677845857784	-2.25480519141819	2.98862338853755	-0.754462807212906	0.450571370266599	0.996816357781912
SA150_1172	cds	0.0627357352587352	-0.301063623054013	4.07215242169882	-0.0739323070152701	0.941064248904088	0.996816357781912
SA150_1173	cds	0.26808478173472	1.02175530007769	4.01550283770304	0.254452640522141	0.799145887562061	0.996816357781912
SA150_1174	cds	0	NA	NA	NA	NA	NA
SA150_1175	cds	1.26620339222051	-0.545274964783448	1.50081993889372	-0.363318044125518	0.716367315701318	0.996816357781912
SA150_1176	cds	1.12598328760695	-2.30810191166883	1.77979942855329	-1.29683259508908	0.194688792883047	0.996816357781912
SA150_1177	cds	0.773655180437056	-1.99094633417743	2.31213472637141	-0.861085779937208	0.389190800448949	0.996816357781912
SA150_1178	cds	2.99480300432211	-1.21129111048267	0.898904928284299	-1.34751859998655	0.177813267100201	0.996816357781912
SA150_1179	cds	4.2840983031015	-0.0164192001526725	0.780622501992643	-0.021033470225058	0.983218956197952	0.996816357781912
SA150_1180	cds	0.953432168369444	2.7538618196309	1.98014595634455	1.39073678422911	0.164305258823849	0.996816357781912
SA150_1181	cds	2.19880241837469	-0.194153459524879	1.07940647511233	-0.179870571468152	0.857254178928659	0.996816357781912
SA150_1182	cds	0.898288835620605	-1.40623892711297	1.97677646181562	-0.711379842018845	0.476848887039651	0.996816357781912
SA150_1183	cds	0.605757985072582	-1.53854849028545	2.76012390110056	-0.557420081639078	0.577240448136594	0.996816357781912
SA150_1184	cds	7.75224230279794	-0.0526551124350515	0.5930677995942	-0.0887843050509236	0.929253331182085	0.996816357781912
SA150_1185	cds	1.40393219106194	0.849203342801656	1.61106265268186	0.527107584170006	0.598118880316426	0.996816357781912
SA150_1186	cds	0.433881313796252	-0.464460529050823	3.55443649572873	-0.130670650498033	0.896035850741005	0.996816357781912
SA150_1187	cds	0.379712654620061	-2.77932101736673	4.06325641966939	-0.684013197865783	0.493966831897797	0.996816357781912
SA150_1188	cds	0.564688838458654	0.494856013467067	2.86903181235876	0.17248188442366	0.863058702062463	0.996816357781912
SA150_1189	cds	11.7872024714603	-0.576837119894983	0.499875017447173	-1.15396269019574	0.248515465491923	0.996816357781912
SA150_1190	cds	0	NA	NA	NA	NA	NA
SA150_1191	cds	0	NA	NA	NA	NA	NA
SA150_1192	cds	61.6638165873275	0.0714434835881419	0.216432051870666	0.330096596001569	0.741326975212617	0.996816357781912
SA150_1193	cds	0.916268491654305	-1.24639538822796	1.95647773835816	-0.637060858803289	0.524085202704694	0.996816357781912
SA150_1194	cds	0.12547147051747	0.242031776194219	4.05376117389553	0.0597054848106984	0.952390203283409	0.996816357781912
SA150_1195	cds	0.252592062568766	-1.26283750952411	4.07215218538409	-0.310115499626151	0.756473125924892	0.996816357781912
SA150_1196	cds	1.00232430599605	0.361872225004913	2.03669604667066	0.177676107142476	0.858977350403117	0.996816357781912
SA150_1197	cds	2.81147835799599	-0.303351727116723	0.917307892288157	-0.330697827487382	0.740872743474909	0.996816357781912
SA150_1198	cds	1.6978283576518	2.30953923303151	1.55669812192552	1.48361406781604	0.137911335127758	0.996816357781912
SA150_1199	cds	25.0533389291501	-0.0967734438507669	0.342319801813431	-0.282698936310759	0.77740763170227	0.996816357781912
SA150_1200	cds	2.07459816473062	0.110954752467599	1.17162185653169	0.094701845863523	0.924551651782513	0.996816357781912
SA150_1201	cds	3.67433870188742	0.0616576066684786	0.838549060183573	0.073528919888099	0.941385231612278	0.996816357781912
SA150_1202	cds	2.02482508379542	-0.06765581095562	1.20942285279807	-0.0559405759524838	0.955389146485434	0.996816357781912
SA150_1203	cds	1.15916748841023	1.6459945904197	1.79135663249913	0.918853655691873	0.358172123226064	0.996816357781912
SA150_1204	cds	1.76663986322095	1.56425402411169	1.41646978365501	1.10433278716002	0.269448805132416	0.996816357781912
SA150_1205	cds	2.40670909432514	-1.68932529350311	1.0979814908193	-1.53857356214862	0.123908436949812	0.996816357781912
SA150_1206	cds	0.0627357352587352	-0.301063623054013	4.07215242169882	-0.0739323070152701	0.941064248904088	0.996816357781912
SA150_1207	cds	2.71097413516963	1.14935267497322	1.04741510581936	1.09732298931674	0.272500224728177	0.996816357781912
SA150_1208	cds	10.1734210983353	1.13957738001376	0.596737535252675	1.9096794029074	0.056174504543716	0.996816357781912
SA150_1209	cds	0.855119025703735	-0.372455442588346	2.07095140546907	-0.179847504680577	0.857272288268639	0.996816357781912
SA150_1210	cds	0.352035563869145	1.35183514028399	3.99456111569365	0.338418940437026	0.7350475028746	0.996816357781912
SA150_1211	cds	2.64410429443505	0.256488358294639	0.995218569574588	0.257720631563654	0.79662252216729	0.996816357781912
SA150_1212	cds	0.0627357352587352	-0.301063623054013	4.07215242169882	-0.0739323070152701	0.941064248904088	0.996816357781912
SA150_1213	cds	0	NA	NA	NA	NA	NA
SA150_1214	cds	1.82354924349534	-0.508893873926191	2.50569347541092	-0.203095022962749	0.839060761768075	0.996816357781912
SA150_1215	cds	0	NA	NA	NA	NA	NA
SA150_1216	cds	0	NA	NA	NA	NA	NA
SA150_1217	cds	0	NA	NA	NA	NA	NA
SA150_1218	cds	0	NA	NA	NA	NA	NA
SA150_1219	cds	0	NA	NA	NA	NA	NA
SA150_1220	cds	0.102674523237992	-0.135206406046156	4.06664026288408	-0.0332476927650018	0.973477065799177	0.996816357781912
SA150_1221	cds	0.252592062568766	-1.26283750952411	4.07215218538409	-0.310115499626151	0.756473125924892	0.996816357781912
SA150_1222	cds	1.35225483765788	-0.0834987378555942	1.47547368510647	-0.0565911399833397	0.954870892504495	0.996816357781912
SA150_1223	cds	2.34412466900008	-0.82183291872351	1.10833419785907	-0.741502806925036	0.458388630486862	0.996816357781912
SA150_1224	cds	0	NA	NA	NA	NA	NA
SA150_1225	cds	1.35509958603068	0.27757492667585	1.5115602596449	0.183634707848868	0.854300033188406	0.996816357781912
SA150_1226	cds	0	NA	NA	NA	NA	NA
SA150_1227	cds	0	NA	NA	NA	NA	NA
SA150_1228	cds	0	NA	NA	NA	NA	NA
SA150_1229	cds	0	NA	NA	NA	NA	NA
SA150_1230	cds	0	NA	NA	NA	NA	NA
SA150_1231	cds	1.66877826232436	0.795742445068982	1.34816496427953	0.590241154571344	0.555028984618844	0.996816357781912
SA150_1232	cds	0	NA	NA	NA	NA	NA
SA150_1233	cds	0	NA	NA	NA	NA	NA
SA150_1234	cds	0	NA	NA	NA	NA	NA
SA150_1235	cds	0	NA	NA	NA	NA	NA
SA150_1236	cds	0.0627357352587352	-0.301063623054013	4.07215242169882	-0.0739323070152701	0.941064248904088	0.996816357781912
SA150_1237	cds	0	NA	NA	NA	NA	NA
SA150_1238	cds	0	NA	NA	NA	NA	NA
SA150_1239	cds	4.52622233674916	0.0272728379287582	0.749961261531496	0.036365662238426	0.970990793623366	0.996816357781912
SA150_1240	cds	1.53933605370379	2.24649177930995	1.61912028465373	1.3874767678489	0.165296430485873	0.996816357781912
SA150_1241	cds	0.455840445741809	-0.463659568272984	3.41665159537767	-0.135705838107772	0.892053832278582	0.996816357781912
SA150_1242	cds	0.731748218489206	-0.345447310701567	2.29679984112833	-0.150403750695081	0.880446082305761	0.996816357781912
SA150_1243	cds	0.415901657762552	-0.718912034073828	4.01277757396185	-0.179155714669737	0.857815435632338	0.996816357781912
SA150_1244	cds	0.496617049054987	-0.0864055991438961	3.16671226494467	-0.0272855857794222	0.978231953470998	0.996816357781912
SA150_1245	cds	1.35248015982859	-0.188821111345697	1.51114872406091	-0.124952037042574	0.900561521545839	0.996816357781912
SA150_1246	cds	0.102674523237992	-0.135206406046156	4.06664026288408	-0.0332476927650018	0.973477065799177	0.996816357781912
SA150_1247	cds	0.661189492217793	0.53701246837106	2.57847932638549	0.208267121972176	0.835020401625528	0.996816357781912
SA150_1248	cds	0.746722174756007	0.881127006841735	2.33847688999828	0.376795259602665	0.706325763841775	0.996816357781912
SA150_1249	cds	0	NA	NA	NA	NA	NA
SA150_1250	cds	18.47379542312	-0.0239136879147243	0.428996831368101	-0.0557432739968308	0.955546325411123	0.996816357781912
SA150_1251	cds	0	NA	NA	NA	NA	NA
SA150_1252	cds	1.62185625159207	-1.61172389801875	1.31648969970102	-1.22425864659995	0.220854671684449	0.996816357781912
SA150_1253	cds	1.35060571612405	0.887832009215336	1.54142949374397	0.575979642804736	0.564628941525704	0.996816357781912
SA150_1254	cds	5.16403853289473	1.17626826461692	0.807497342635656	1.45668375920297	0.14520369488654	0.996816357781912
SA150_1255	cds	0.250942941034941	0.982481625855208	4.01701252449302	0.244580174909762	0.806781516044633	0.996816357781912
SA150_1256	cds	3.53359636289802	-0.149880553971669	0.855737307448205	-0.175147855150327	0.860963456422389	0.996816357781912
SA150_1257	cds	0.252592062568766	-1.26283750952411	4.07215218538409	-0.310115499626151	0.756473125924892	0.996816357781912
SA150_1258	cds	0.710533171613516	-0.258314884273129	2.41623136995702	-0.106908174227422	0.914861828264598	0.996816357781912
SA150_1259	cds	9.92912430764653	0.132914022906661	0.554768551831758	0.239584638436695	0.810652274731799	0.996816357781912
SA150_1260	cds	17.3752314947998	-0.220992062588465	0.425798991468128	-0.519005603621789	0.603756833586461	0.996816357781912
SA150_1261	cds	33.2689696072433	-0.173923711263866	0.288857536525925	-0.602108961239639	0.547101609876241	0.996816357781912
SA150_1262	cds	1.22626460424125	-0.627894355780459	1.53129207898766	-0.410042188813228	0.68177499964621	0.996816357781912
SA150_1263	cds	0.541891891179176	0.359888328670138	2.78570350535446	0.129191182040152	0.897206373450599	0.996816357781912
SA150_1264	cds	0.607858648375523	-0.720635879008448	2.72182049739859	-0.264762455752392	0.79119246096792	0.996816357781912
SA150_1265	cds	0	NA	NA	NA	NA	NA
SA150_1266	cds	0.683242354427405	0.621199741899228	2.37338635773922	0.261735616653226	0.793525279339071	0.996816357781912
SA150_1267	cds	0	NA	NA	NA	NA	NA
SA150_1268	cds	0.605757985072582	-1.53854849028545	2.76012390110056	-0.557420081639078	0.577240448136594	0.996816357781912
SA150_1269	cds	1.81892307675157	-2.69312461563404	1.4090383391601	-1.9113210342022	0.0559633375793729	0.996816357781912
SA150_1270	cds	6.12055808008003	-0.395625881209486	0.668827427490073	-0.591521616710848	0.554170975664972	0.996816357781912
SA150_1271	cds	3.84672976715852	-0.315201395702058	0.80552242614432	-0.391300583908989	0.695575067310977	0.996816357781912
SA150_1272	cds	6.95365949051693	0.0930824213961464	0.654812959825116	0.142151159349391	0.886960609114989	0.996816357781912
SA150_1273	cds	3.05023888037169	-0.500680659901373	0.893616979779958	-0.560285526383641	0.575284698128668	0.996816357781912
SA150_1274	cds	4.22766455775158	0.205177178662139	0.780977871361875	0.262718299949203	0.792767710804335	0.996816357781912
SA150_1275	cds	1.91522491747402	-1.34323441561848	1.18897800363852	-1.12973865917443	0.258586362212703	0.996816357781912
SA150_1276	cds	2.12432811769114	-0.986114133685636	1.15360950313719	-0.854807567902258	0.392657687883121	0.996816357781912
SA150_1277	cds	2.13810886309761	1.62811159844447	1.31125041545687	1.24164810874603	0.214366423399518	0.996816357781912
SA150_1278	cds	0.12547147051747	0.242031776194219	4.05376117389553	0.0597054848106984	0.952390203283409	0.996816357781912
SA150_1279	cds	0	NA	NA	NA	NA	NA
SA150_1280	cds	0	NA	NA	NA	NA	NA
SA150_1281	cds	0	NA	NA	NA	NA	NA
SA150_1282	cds	4.69013236766709	-0.411505493800659	0.734702226361971	-0.560098335128659	0.575412365981913	0.996816357781912
SA150_1283	cds	3.78150272612766	-0.282727405450154	0.833832150093404	-0.339069926025859	0.734557053412042	0.996816357781912
SA150_1284	cds	7.01629712660723	-0.0120505812418552	0.619792018462116	-0.0194429435728394	0.984487752856929	0.996816357781912
SA150_1285	cds	9.64813972381394	-0.177190472233331	0.539514623603771	-0.328425707999831	0.742589807838111	0.996816357781912
SA150_1286	cds	4.05239786606927	-0.138980206025642	0.775105718089457	-0.179304839045971	0.857698347420511	0.996816357781912
SA150_1287	cds	1.69112366783472	-0.0575615675394491	1.2655464340476	-0.0454835681969802	0.963721872022748	0.996816357781912
SA150_1288	cds	2.8735372293149	-0.848208014625643	0.934016602000372	-0.908129483789738	0.36380981476451	0.996816357781912
SA150_1289	cds	0	NA	NA	NA	NA	NA
SA150_1290	cds	0	NA	NA	NA	NA	NA
SA150_1291	cds	0.518576181000544	-0.0830014162372824	3.06561252583924	-0.0270749860061196	0.978399925720597	0.996816357781912
SA150_1292	cds	14.607327184108	-0.530901526902901	0.447584763905154	-1.1861474512019	0.235564074193421	0.996816357781912
SA150_1293	cds	1.01939892556579	1.62065510929036	1.86168655118377	0.870530599396473	0.384010504477894	0.996816357781912
SA150_1294	cds	1.13946907373402	-1.41942382050963	1.75902044514697	-0.806939921833048	0.419701097035723	0.996816357781912
SA150_1295	cds	0.290430187245081	-2.16919618901566	4.0804728567969	-0.531604121665066	0.595000209512941	0.996816357781912
SA150_1296	cds	0	NA	NA	NA	NA	NA
SA150_1297	cds	0.831191719789586	1.19522020570144	2.11695372944052	0.564594392914444	0.572349679947084	0.996816357781912
SA150_1298	cds	14.0008561845011	-0.478557113208956	0.46354704459275	-1.03238089594422	0.301893717843328	0.996816357781912
SA150_1299	cds	0	NA	NA	NA	NA	NA
SA150_1300	cds	1.09914401218996	0.0849499653555521	1.71935056719113	0.0494081701408535	0.960594017284904	0.996816357781912
SA150_1301	cds	0.188207205776206	0.669288743296893	4.03050631753905	0.166055748476173	0.868113078181307	0.996816357781912
SA150_1302	cds	5.15193252072841	-0.240163709254869	0.713325729783908	-0.336681685837441	0.736356870745971	0.996816357781912
SA150_1303	cds	1.46539738981697	-0.303299921899549	1.53015132305115	-0.198215638760985	0.842876352274224	0.996816357781912
SA150_1304	cds	0.723181142406662	0.739453301591286	2.3023772646132	0.321169476851794	0.748081961766895	0.996816357781912
SA150_1305	cds	0.851888003766123	1.01586277280222	2.19573904074701	0.462651869803534	0.64361392258442	0.996816357781912
SA150_1306	cds	0.581311916259279	0.241034075718848	2.8049471265098	0.0859317715620428	0.931520654862107	0.996816357781912
SA150_1307	cds	0.536942110599049	-3.1747113479386	3.49460326025044	-0.908461164690576	0.363634622887522	0.996816357781912
SA150_1308	cds	25.168421586942	-0.353714360009386	0.355326275500254	-0.995463562359415	0.319510857631093	0.996816357781912
SA150_1309	cds	0.102674523237992	-0.135206406046156	4.06664026288408	-0.0332476927650018	0.973477065799177	0.996816357781912
SA150_1310	cds	0	NA	NA	NA	NA	NA
SA150_1311	cds	1.60801070103422	-0.0503023152189709	1.34855223350405	-0.0373009765356041	0.970245026873358	0.996816357781912
SA150_1312	cds	2.26483881267973	1.24442170769747	1.15081625406289	1.08133831383083	0.27954665032848	0.996816357781912
SA150_1313	cds	1.89611490280564	-0.593932266062115	1.17920109953294	-0.503673433053412	0.614490880395167	0.996816357781912
SA150_1314	cds	0.99608321538716	1.45187188449411	1.89675203180232	0.765451603662983	0.444002674535412	0.996816357781912
SA150_1315	cds	0	NA	NA	NA	NA	NA
SA150_1316	cds	3.75883581155305	-1.43793078828333	0.917192180806714	-1.56775299481795	0.116938788653671	0.996816357781912
SA150_1317	cds	0.355266585806758	-0.466666417899605	4.03924863968417	-0.115532976433977	0.908022684055862	0.996816357781912
SA150_1318	cds	0.606209526841699	0.747261075374508	2.7077829647109	0.2759678619421	0.782572750498591	0.996816357781912
SA150_1319	cds	0.252592062568766	-1.26283750952411	4.07215218538409	-0.310115499626151	0.756473125924892	0.996816357781912
SA150_1320	cds	85.7052182149494	0.0618471752072612	0.185725802735498	0.333002600049823	0.739132320507514	0.996816357781912
SA150_1321	cds	2.14508966987199	0.46974473382342	1.11808041628097	0.420135016214587	0.674386823726546	0.996816357781912
SA150_1322	cds	3.16561895407246	0.379482907675779	0.895401202859912	0.423813265454312	0.671702002925042	0.996816357781912
SA150_1323	cds	24.871136959148	-0.38874199862581	0.361809583697522	-1.07443809158688	0.282626377769861	0.996816357781912
SA150_1324	cds	0.0627357352587352	-0.301063623054013	4.07215242169882	-0.0739323070152701	0.941064248904088	0.996816357781912
SA150_1325	cds	0.81728090102742	0.0617876462055865	2.22986733473656	0.0277091131131738	0.977894155282305	0.996816357781912
SA150_1326	cds	0.33120679055826	-1.26283750952411	4.07215218538409	-0.310115499626151	0.756473125924892	0.996816357781912
SA150_1327	cds	2.59039486556266	1.27603941552764	1.10100617708338	1.15897570975299	0.246466086257119	0.996816357781912
SA150_1328	cds	18.0935359841398	-0.622691489647616	0.408583692076763	-1.52402433509418	0.127502632304762	0.996816357781912
SA150_1329	cds	0.745526547917023	-2.15895146423402	2.46979817745873	-0.87414084435654	0.382041556580741	0.996816357781912
SA150_1330	cds	0.292530850548023	-1.09697584897012	4.06663990652567	-0.269749934635181	0.787352641714099	0.996816357781912
SA150_1331	cds	0.355266585806758	-0.466666417899605	4.03924863968417	-0.115532976433977	0.908022684055862	0.996816357781912
SA150_1332	cds	0.892208696405806	-1.91210744919106	2.03153903071241	-0.941211278879805	0.346596597886579	0.996816357781912
SA150_1333	cds	0	NA	NA	NA	NA	NA
SA150_1334	cds	0	NA	NA	NA	NA	NA
SA150_1335	cds	0.102674523237992	-0.135206406046156	4.06664026288408	-0.0332476927650018	0.973477065799177	0.996816357781912
SA150_1336	cds	0	NA	NA	NA	NA	NA
SA150_1337	cds	0	NA	NA	NA	NA	NA
SA150_1338	cds	0.763119930385919	0.857259534056573	2.37500453789082	0.360950693095467	0.718136306856389	0.996816357781912
SA150_1339	cds	0.249361040631153	0.719053425397083	4.02817913586526	0.178505821400773	0.85832574980268	0.996816357781912
SA150_1340	cds	0	NA	NA	NA	NA	NA
SA150_1341	cds	0.18985632731003	-2.16919618901566	4.0804728567969	-0.531604121665066	0.595000209512941	0.996816357781912
SA150_1342	cds	0	NA	NA	NA	NA	NA
SA150_1343	cds	0.18985632731003	-2.16919618901566	4.0804728567969	-0.531604121665066	0.595000209512941	0.996816357781912
SA150_1344	cds	0.580181557624608	2.09911751712648	2.72230547674165	0.771080811856183	0.440659033261384	0.996816357781912
SA150_1345	cds	0.969599335496574	-0.333863514065965	2.05194393827225	-0.162705962789159	0.870749951930015	0.996816357781912
SA150_1346	cds	0.12547147051747	0.242031776194219	4.05376117389553	0.0597054848106984	0.952390203283409	0.996816357781912
SA150_1347	cds	0.290430187245081	-2.16919618901566	4.0804728567969	-0.531604121665066	0.595000209512941	0.996816357781912
SA150_1348	cds	0.249361040631153	0.719053425397083	4.02817913586526	0.178505821400773	0.85832574980268	0.996816357781912
SA150_1349	cds	7.3001888417614	-0.348342465316625	0.656541216956773	-0.530572119952006	0.59571531990513	0.996816357781912
SA150_1350	cds	0	NA	NA	NA	NA	NA
SA150_1351	cds	0.102674523237992	-0.135206406046156	4.06664026288408	-0.0332476927650018	0.973477065799177	0.996816357781912
SA150_1352	cds	1.42725227014495	2.06316946194287	1.625439792984	1.26929922033918	0.204334364339076	0.996816357781912
SA150_1353	cds	1.34804914214762	-1.43439611487179	1.48598085442327	-0.965285730702428	0.334401716883839	0.996816357781912
SA150_1354	cds	0.252592062568766	-1.26283750952411	4.07215218538409	-0.310115499626151	0.756473125924892	0.996816357781912
SA150_1355	cds	0.330820516993455	1.32067834307279	3.9964254751697	0.330464899515413	0.741048710373118	0.996816357781912
SA150_1356	cds	0.188207205776206	0.669288743296893	4.03050631753905	0.166055748476173	0.868113078181307	0.996816357781912
SA150_1357	cds	0.0627357352587352	-0.301063623054013	4.07215242169882	-0.0739323070152701	0.941064248904088	0.996816357781912
SA150_1358	cds	2.53211424114027	0.115828234517894	1.00547509954395	0.115197516647036	0.908288567002531	0.996816357781912
SA150_1359	cds	1.56280744894444	-0.693927009337747	1.35306191424924	-0.512856804282143	0.608051491141517	0.996816357781912
SA150_1360	cds	1.30449305866594	0.568200160580704	1.56086832434618	0.364028247429978	0.715836916027449	0.996816357781912
SA150_1361	cds	0.726416533248652	0.580117266481013	2.46327572452912	0.235506427763749	0.813815690505945	0.996816357781912
SA150_1362	cds	0	NA	NA	NA	NA	NA
SA150_1363	cds	0	NA	NA	NA	NA	NA
SA150_1364	cds	0.0627357352587352	-0.301063623054013	4.07215242169882	-0.0739323070152701	0.941064248904088	0.996816357781912
SA150_1365	cds	0	NA	NA	NA	NA	NA
SA150_1366	cds	2.04186550569645	-0.879431409708482	1.15520253175171	-0.761278984019314	0.446490450462107	0.996816357781912
SA150_1367	cds	0	NA	NA	NA	NA	NA
SA150_1368	cds	0.18985632731003	-2.16919618901566	4.0804728567969	-0.531604121665066	0.595000209512941	0.996816357781912
SA150_1369	cds	0	NA	NA	NA	NA	NA
SA150_1370	cds	0.18985632731003	-2.16919618901566	4.0804728567969	-0.531604121665066	0.595000209512941	0.996816357781912
SA150_1371	cds	0.643303566448148	0.493394727494543	2.62347508354121	0.188069149423196	0.85082244473255	0.996816357781912
SA150_1372	cds	0.205349046475984	0.710836152680787	4.02855838759022	0.176449261569718	0.859941006580695	0.996816357781912
SA150_1373	cds	0	NA	NA	NA	NA	NA
SA150_1374	cds	0.102674523237992	-0.135206406046156	4.06664026288408	-0.0332476927650018	0.973477065799177	0.996816357781912
SA150_1375	cds	0	NA	NA	NA	NA	NA
SA150_1376	cds	0	NA	NA	NA	NA	NA
SA150_1377	cds	0.496230775490182	1.90544284210319	3.3434629170562	0.569900994679153	0.568744850210191	0.996816357781912
SA150_1378	cds	0	NA	NA	NA	NA	NA
SA150_1379	cds	0.873842766807302	-0.169537926459607	2.00364235442053	-0.0846148645668049	0.932567581235429	0.996816357781912
SA150_1380	cds	1.53383663218611	-1.15696240066659	1.42509721066652	-0.811848056404155	0.416878823067912	0.996816357781912
SA150_1381	cds	0.734979240426819	-1.6696070016898	2.39759225306628	-0.696368200036738	0.486198272577014	0.996816357781912
SA150_1382	cds	0.102674523237992	-0.135206406046156	4.06664026288408	-0.0332476927650018	0.973477065799177	0.996816357781912
SA150_1383	cds	0.580181557624608	2.09911751712648	2.72230547674165	0.771080811856183	0.440659033261384	0.996816357781912
SA150_1384	cds	0.268471055299524	-2.16919618901566	4.0804728567969	-0.531604121665066	0.595000209512941	0.996816357781912
SA150_1385	cds	0.0627357352587352	-0.301063623054013	4.07215242169882	-0.0739323070152701	0.941064248904088	0.996816357781912
SA150_1386	cds	0.252592062568766	-1.26283750952411	4.07215218538409	-0.310115499626151	0.756473125924892	0.996816357781912
SA150_1387	cds	3.08694664641334	-0.110149443992107	0.922622924793202	-0.119387282748037	0.90496853613044	0.996816357781912
SA150_1388	cds	0.205349046475984	0.710836152680787	4.02855838759022	0.176449261569718	0.859941006580695	0.996816357781912
SA150_1389	cds	0.252592062568766	-1.26283750952411	4.07215218538409	-0.310115499626151	0.756473125924892	0.996816357781912
SA150_1390	cds	0.517832095930677	-0.27549160862005	3.11011024930404	-0.0885793706771963	0.929416203441853	0.996816357781912
SA150_1391	cds	0.892208696405806	-1.91210744919106	2.03153903071241	-0.941211278879805	0.346596597886579	0.996816357781912
SA150_1392	cds	0.374832511148624	1.46141795044219	3.9882996301906	0.366426318469044	0.714046984017143	0.996816357781912
SA150_1393	cds	0.745526547917023	-2.15895146423402	2.46979817745873	-0.87414084435654	0.382041556580741	0.996816357781912
SA150_1394	cds	0.621250704238536	0.397649792649362	2.66214036613746	0.149372211062754	0.881259938068309	0.996816357781912
SA150_1395	cds	0.165410258496727	0.495107692232776	4.03924898767954	0.12257419479288	0.902444289894505	0.996816357781912
SA150_1396	cds	0.371145578537517	-1.09697584897012	4.06663990652567	-0.269749934635181	0.787352641714099	0.996816357781912
SA150_1397	cds	0.891822422841002	-0.035360349873441	1.9884789681205	-0.0177826119563454	0.985812276216605	0.996816357781912
SA150_1398	cds	0.520676844303485	0.382350333705544	3.02214066537535	0.126516392200446	0.899323174206235	0.996816357781912
SA150_1399	cds	2.9375382285213	1.26624299282933	1.01702185087038	1.24504993845084	0.213113394238386	0.996816357781912
SA150_1400	cds	8.33495392526497	0.317307206172456	0.594874574487237	0.533401862814467	0.593755428286999	0.996816357781912
SA150_1401	cds	1.95597742763183	0.892032906422973	1.21320238252658	0.735271311094241	0.46217427666198	0.996816357781912
SA150_1402	cds	0.415901657762552	-0.718912034073828	4.01277757396185	-0.179155714669737	0.857815435632338	0.996816357781912
SA150_1403	cds	0.726416533248652	0.580117266481013	2.46327572452912	0.235506427763749	0.813815690505945	0.996816357781912
SA150_1404	cds	0	NA	NA	NA	NA	NA
SA150_1405	cds	0.391974351848402	1.50597132677456	3.98588053638483	0.377826508603911	0.705559479865781	0.996816357781912
SA150_1406	cds	1.42754044454132	-0.0649570043797004	1.48790516161697	-0.0436566832721442	0.965178068013965	0.996816357781912
SA150_1407	cds	0.376481632682448	-1.09697584741616	4.06663990647638	-0.269749934256328	0.78735264200558	0.996816357781912
SA150_1408	cds	0.602526963134969	0.193918010098644	2.76191313638435	0.0702114804205989	0.944025336823152	0.996816357781912
SA150_1409	cds	0.102674523237992	-0.135206406046156	4.06664026288408	-0.0332476927650018	0.973477065799177	0.996816357781912
SA150_1410	cds	0	NA	NA	NA	NA	NA
SA150_1411	cds	1.16562953228546	-0.441280515917332	1.59858114423217	-0.27604511507565	0.782513415084202	0.996816357781912
SA150_1412	cds	0.455840445741809	-0.463659568272984	3.41665159537767	-0.135705838107772	0.892053832278582	0.996816357781912
SA150_1413	cds	9.18673263542441	-0.468711542742652	0.547194040022199	-0.856572821450388	0.391681011491744	0.996816357781912
SA150_1414	cds	5.01312989364787	-0.00590961544765074	0.70869701332278	-0.00833870516815508	0.993346752993815	0.997432319070984
SA150_1415	cds	8.68957694737291	0.260115845444182	0.576557666732831	0.451153215806107	0.651879125699733	0.996816357781912
SA150_1416	cds	0.290881729014198	1.15269743363012	4.00716145268523	0.287659343712664	0.773607514118331	0.996816357781912
SA150_1417	cds	0.416353199531668	1.66152135223152	3.93246868507856	0.422513562164153	0.672650203665372	0.996816357781912
SA150_1418	cds	0	NA	NA	NA	NA	NA
SA150_1419	cds	0	NA	NA	NA	NA	NA
SA150_1420	cds	0	NA	NA	NA	NA	NA
SA150_1421	cds	19.1632996696281	-0.199038937124812	0.396345946594998	-0.502184868634971	0.615537485707722	0.996816357781912
SA150_1422	cds	5.20450722206175	-0.544637557775077	0.698889373550002	-0.77929008279035	0.43580885526194	0.996816357781912
SA150_1423	cds	0	NA	NA	NA	NA	NA
SA150_1424	cds	2.36631770907874	0.56727193342661	1.06547563482867	0.53241192466858	0.594440727946475	0.996816357781912
SA150_1425	cds	0.975254442076274	-0.165756714254961	1.90178222805088	-0.0871586198514662	0.930545430710924	0.996816357781912
SA150_1426	cds	18.9800843169087	0.351970622223027	0.407593678347927	0.863533074530612	0.387844442708876	0.996816357781912
SA150_1427	cds	12.572718617642	0.245166611854093	0.489559162718757	0.500790569402409	0.61651852336588	0.996816357781912
SA150_1428	cds	14.1918901748277	-0.228862723838785	0.457427887017068	-0.500325254175518	0.616846074642376	0.996816357781912
SA150_1429	cds	11.1220466100438	-0.422650853050511	0.506728093286067	-0.834078194302736	0.404236921974984	0.996816357781912
SA150_1430	cds	7.23392427493223	-0.400804403037564	0.608971794315806	-0.658165791550127	0.510431603632479	0.996816357781912
SA150_1431	cds	1.53390190039042	1.15829054681879	1.4739506116082	0.785840812912316	0.431960752927294	0.996816357781912
SA150_1432	cds	4.36960537393338	0.116588511740874	0.774315750649018	0.150569727715278	0.880315142874025	0.996816357781912
SA150_1433	cds	0.290430187245081	-2.16919618901566	4.0804728567969	-0.531604121665066	0.595000209512941	0.996816357781912
SA150_1434	cds	3.18133894833485	-0.81955534415988	0.884403297361269	-0.926676038641114	0.354094762002486	0.996816357781912
SA150_1435	cds	0.458327382609555	-2.97884172919623	3.66629349974809	-0.812494070483148	0.416508187597167	0.996816357781912
SA150_1436	cds	1.46462679561308	-1.49435122406327	1.42589378248303	-1.04801019712774	0.294633908785411	0.996816357781912
SA150_1437	cds	0.690160308976124	0.94472384884208	2.49282409796529	0.378977341246496	0.704704690068071	0.996816357781912
SA150_1438	cds	0.538660869241563	1.93326300886509	2.9395526285892	0.657672528146889	0.510748578709375	0.996816357781912
SA150_1439	cds	15.3948205532736	1.02096265562624	0.478767060023908	2.13248308180445	0.0329671538419714	0.996816357781912
SA150_1440	cds	1.47155243869649	-0.0384705757085357	1.38806095867441	-0.0277153358922183	0.977889192129116	0.996816357781912
SA150_1441	cds	0.501953103199919	0.204611074406968	3.14877016596566	0.0649812668509637	0.948188915613746	0.996816357781912
SA150_1442	cds	0	NA	NA	NA	NA	NA
SA150_1443	cds	4.52156509946978	-0.76317218102591	0.763019845989621	-1.0001996475414	0.317213899787178	0.996816357781912
SA150_1444	cds	0.391974351848402	1.50597132677456	3.98588053638483	0.377826508603911	0.705559479865781	0.996816357781912
SA150_1445	cds	4.44195054925424	1.10287758193976	0.832197845839697	1.3252588761834	0.185085303636719	0.996816357781912
SA150_1446	cds	2.74551160079964	-0.0352183447418182	0.931115426832682	-0.0378238226184462	0.969828150257354	0.996816357781912
SA150_1447	cds	0.931761210820259	0.0629279614244947	1.97601559058407	0.031845883061021	0.974594955784116	0.996816357781912
SA150_1448	cds	2.03465500784698	-0.332524949774271	1.1529555967864	-0.288410889977991	0.773032232735365	0.996816357781912
SA150_1449	cds	0	NA	NA	NA	NA	NA
SA150_1450	cds	0	NA	NA	NA	NA	NA
SA150_1451	cds	0	NA	NA	NA	NA	NA
SA150_1452	cds	0	NA	NA	NA	NA	NA
SA150_1453	cds	0	NA	NA	NA	NA	NA
SA150_1454	cds	0.0627357352587352	-0.301063623054013	4.07215242169882	-0.0739323070152701	0.941064248904088	0.996816357781912
SA150_1455	cds	3.66951704173726	-0.180774257868051	0.836034260099829	-0.216228289312528	0.828809803417438	0.996816357781912
SA150_1456	cds	1.81094003177249	0.076948526227415	1.22164787379138	0.0629874842646806	0.949776470640773	0.996816357781912
SA150_1457	cds	4.17990910058975	-0.541899146543879	0.768728702596117	-0.704928988229269	0.480854429181735	0.996816357781912
SA150_1458	cds	2.25905121676568	0.40752782624289	1.08081406070282	0.377056369879095	0.706131714019265	0.996816357781912
SA150_1459	cds	1.23370132168912	-0.0427701475288032	1.61303216619912	-0.0265153717483422	0.978846273027716	0.996816357781912
SA150_1460	cds	1.10040686015898	0.350483648831261	1.71489357153176	0.204376326700091	0.83805942830625	0.996816357781912
SA150_1461	cds	2.2526487054858	-0.074861032328589	1.09869753353257	-0.0681361612671446	0.945677244703035	0.996816357781912
SA150_1462	cds	26.4345745693703	-0.35383056462816	0.353795825622867	-1.00009818941541	0.317262992267818	0.996816357781912
SA150_1463	cds	0.976159478540232	-1.81258428802461	1.95142749964274	-0.928850438131292	0.352966601043965	0.996816357781912
SA150_1464	cds	0.536555837034244	0.0766532646763588	2.99417266643707	0.0256008163909841	0.979575734898736	0.996816357781912
SA150_1465	cds	0.688578408572337	0.832093760792542	2.50512985321064	0.332155939831267	0.7397715116843	0.996816357781912
SA150_1466	cds	0.541891891179176	0.359888328670138	2.78570350535446	0.129191182040152	0.897206373450599	0.996816357781912
SA150_1467	cds	0.853532756395569	-1.62502932179918	2.17538570776917	-0.747007446079814	0.455059066179224	0.996816357781912
SA150_1468	cds	0.910936806413751	-0.687853178349417	1.95228738132505	-0.352331928654151	0.724589345785974	0.996816357781912
SA150_1469	cds	0.0627357352587352	-0.301063623054013	4.07215242169882	-0.0739323070152701	0.941064248904088	0.996816357781912
SA150_1470	cds	5.5429930983041	-0.0875915696233796	0.701563474423987	-0.124851952555392	0.900640756939915	0.996816357781912
SA150_1471	cds	3.9698080310723	0.110209707248732	0.788467227483246	0.139777156750721	0.888836062360389	0.996816357781912
SA150_1472	cds	1.98411374868655	1.5899112970652	1.3571930646153	1.17147024879314	0.241409809717469	0.996816357781912
SA150_1473	cds	0.393942525816995	-0.719742103087498	4.05376075286438	-0.177549230693728	0.859076998932134	0.996816357781912
SA150_1474	cds	5.88465345986454	1.05466608055068	0.724670311676992	1.45537365551796	0.14556584561099	0.996816357781912
SA150_1475	cds	5.6264019218117	0.977546461285581	0.722043474300574	1.35386094616049	0.175780745161233	0.996816357781912
SA150_1476	cds	9.05547688239924	0.0965411461512407	0.55390859924445	0.174290751728581	0.861636967060046	0.996816357781912
SA150_1477	cds	2.89122781352453	-0.572040646816918	0.933891454441602	-0.612534405466807	0.540184241852072	0.996816357781912
SA150_1478	cds	0.787047236300068	-1.04492463296302	2.18438020973803	-0.478362067329082	0.632392527158285	0.996816357781912
SA150_1479	cds	1.80111010772093	0.41276124107016	1.26386525201468	0.326586430327277	0.743980708275548	0.996816357781912
SA150_1480	cds	4.20878950671434	-0.223019394815669	0.779289995064103	-0.286182802587275	0.774738114709333	0.996816357781912
SA150_1481	cds	18.1361507035647	0.397910239037104	0.417067579434911	0.954066579752464	0.340049941653765	0.996816357781912
SA150_1482	cds	20.1841504628928	0.0723632254453914	0.387474436733195	0.18675612785062	0.851851846530319	0.996816357781912
SA150_1483	cds	11.272371721891	0.656592670055635	0.524763814287659	1.25121559867257	0.2108558286718	0.996816357781912
SA150_1484	cds	8.54644682618224	-0.384803567849022	0.574206384173253	-0.670148536232429	0.502763106875085	0.996816357781912
SA150_1485	cds	3.00727119689786	2.29995712379548	1.22402369827782	1.87901355752464	0.0602426420534578	0.996816357781912
SA150_1486	cds	0.82659975071452	1.07785661503994	2.21409293275578	0.48681633868836	0.626388490656366	0.996816357781912
SA150_1487	cds	9.41576620552513	0.81436409183334	0.574917992896213	1.41648739802157	0.156632851244981	0.996816357781912
SA150_1488	cds	10.6545626958459	-0.000812569712064956	0.532602723681333	-0.00152565819875741	0.998782701350387	0.999250077438992
SA150_1489	cds	59.6588497422698	-0.151954609799288	0.216952434097243	-0.70040518527291	0.483674298944285	0.996816357781912
SA150_1490	cds	24.2428356684548	0.50947243286442	0.361412229427624	1.40967126007684	0.158636774746423	0.996816357781912
SA150_1491	cds	10.9077442139205	-0.26485334450319	0.513505444780877	-0.515775143564852	0.606011464960648	0.996816357781912
SA150_1492	cds	0.539791227876234	-0.280142908596379	3.0186597422753	-0.0928037382527994	0.926059481133991	0.996816357781912
SA150_1493	cds	3.87223897347646	-0.558781973080837	0.798593483424127	-0.699707654368715	0.484109895272321	0.996816357781912
SA150_1494	cds	2.69833822181555	2.20359086415713	1.22977859913006	1.79185982396826	0.073155422985192	0.996816357781912
SA150_1495	cds	0.165410258496727	0.495107692232776	4.03924898767954	0.12257419479288	0.902444289894505	0.996816357781912
SA150_1496	cds	0.0627357352587352	-0.301063623054013	4.07215242169882	-0.0739323070152701	0.941064248904088	0.996816357781912
SA150_1497	cds	0.566337959992479	-1.74871632887129	3.15302964310904	-0.554614617307236	0.579158288681379	0.996816357781912
SA150_1498	cds	0.33120679055826	-1.26283750952411	4.07215218538409	-0.310115499626151	0.756473125924892	0.996816357781912
SA150_1499	cds	0.604627626437911	0.625806730430842	2.55626979951421	0.244812472670048	0.806601635948189	0.996816357781912
SA150_1500	cds	0.477507034386616	1.8145781869245	3.19739751134504	0.56751723252614	0.570362822084384	0.996816357781912
SA150_1501	cds	0.418002321065493	-0.0985733956008899	3.6394025012545	-0.0270850491438942	0.978391899441818	0.996816357781912
SA150_1502	cds	0.252592062568766	-1.26283750952411	4.07215218538409	-0.310115499626151	0.756473125924892	0.996816357781912
SA150_1503	cds	0	NA	NA	NA	NA	NA
SA150_1504	cds	0.501953103199919	0.204611074406968	3.14877016596566	0.0649812668509637	0.948188915613746	0.996816357781912
SA150_1505	cds	0.880016636286155	0.266329529907692	2.13152095260756	0.124948117250212	0.900564624768284	0.996816357781912
SA150_1506	cds	0.418002321065493	-0.0985733956008899	3.6394025012545	-0.0270850491438942	0.978391899441818	0.996816357781912
SA150_1507	cds	0.759425309240121	-3.76502324583721	2.65815574435697	-1.41640430732098	0.156657163535624	0.996816357781912
SA150_1508	cds	0	NA	NA	NA	NA	NA
SA150_1509	cds	0	NA	NA	NA	NA	NA
SA150_1510	cds	0	NA	NA	NA	NA	NA
SA150_1511	cds	0	NA	NA	NA	NA	NA
SA150_1512	cds	0.439217367941183	-0.257817177678968	3.53020776619981	-0.0730317292221309	0.941780868650339	0.996816357781912
SA150_1513	cds	0.899126650954526	-1.18679935048062	2.07024269775109	-0.573265806839864	0.566464733391835	0.996816357781912
SA150_1514	cds	0.26808478173472	1.02175530007769	4.01550283770304	0.254452640522141	0.799145887562061	0.996816357781912
SA150_1515	cds	0.807876009610954	0.951199361515465	2.13372629103748	0.445792586195751	0.655747077638482	0.996816357781912
SA150_1516	cds	0.745140274352219	0.737539192255285	2.26559437997209	0.325538939703924	0.744773216488878	0.996816357781912
SA150_1517	cds	2.6486246734757	0.529602584903416	1.00100064932194	0.529073168196405	0.596754693892964	0.996816357781912
SA150_1518	cds	1.84515649204201	0.813835560415904	1.3226154109288	0.61532290769574	0.538341492141596	0.996816357781912
SA150_1519	cds	2.81681773177123	0.0160545461423405	0.991865772236551	0.0161862084484872	0.987085838087555	0.996816357781912
SA150_1520	cds	0.832322078424257	-0.552568461178683	2.04351119294344	-0.270401484996405	0.786851397778276	0.996816357781912
SA150_1521	cds	0	NA	NA	NA	NA	NA
SA150_1522	cds	3.93979289740866	-0.0363510004439406	0.814333750406303	-0.0446389461640312	0.964395099036065	0.996816357781912
SA150_1523	cds	3.71663193740007	-0.731503314335385	0.819031119628249	-0.893132503521244	0.371786218494422	0.996816357781912
SA150_1524	cds	2.99118570881969	-0.322061296004076	0.888400339787123	-0.362518204440633	0.716964822197153	0.996816357781912
SA150_1525	cds	5.20396858306523	0.733634320796437	0.744795316092351	0.985014681141563	0.324616859638847	0.996816357781912
SA150_1526	cds	4.1604084434522	-0.021801751895618	0.771629844945234	-0.0282541584393556	0.977459442254354	0.996816357781912
SA150_1527	cds	0.480738056324228	0.217015144541809	3.23232050596044	0.0671391169723515	0.946470953292476	0.996816357781912
SA150_1528	cds	3.24206338165032	-1.0839959816853	0.86722017085929	-1.24996629242516	0.211311860908549	0.996816357781912
SA150_1529	cds	2.15366443448923	0.914507783706567	1.18440219014177	0.772126049173467	0.440039775291541	0.996816357781912
SA150_1530	cds	0.663680797989917	0.32598674537727	2.8124692417465	0.11590766595365	0.907725720097029	0.996816357781912
SA150_1531	cds	3.99597617815843	0.762789790336909	0.85688778156709	0.890186330982461	0.373365843054358	0.996816357781912
SA150_1532	cds	2.14411499629934	-0.725066897350808	1.07735612517711	-0.673005778132662	0.500943614930908	0.996816357781912
SA150_1533	cds	2.79215507859597	1.28545813647241	1.12913808561331	1.13844192561638	0.254935995750552	0.996816357781912
SA150_1534	cds	3.49808859259973	0.268852460262889	0.846956294277633	0.317433688230858	0.750914548444697	0.996816357781912
SA150_1535	cds	1.09545707957885	-1.45600168742802	1.7913790169294	-0.812782595792459	0.416342715774376	0.996816357781912
SA150_1536	cds	0	NA	NA	NA	NA	NA
SA150_1537	cds	3.05925749822336	-0.183513613957309	0.880580305105364	-0.208400770370797	0.834916054864795	0.996816357781912
SA150_1538	cds	0.579730015855491	-0.0016479532160991	2.87847346868142	-0.000572509433916721	0.999543203586718	0.999543203586718
SA150_1539	cds	2.18089239944968	1.82989290443506	1.29164778733472	1.41671198787945	0.156567150702044	0.996816357781912
SA150_1540	cds	2.30306321092085	0.420389379733507	1.06421244254649	0.395023928425027	0.692825228744129	0.996816357781912
SA150_1541	cds	5.38835304726567	0.0583361259780676	0.700524356003926	0.0832749432308683	0.933632923483624	0.996816357781912
SA150_1542	cds	0.581311916259279	0.241034075718848	2.8049471265098	0.0859317715620428	0.931520654862107	0.996816357781912
SA150_1543	cds	1.72249537973143	0.472274680673229	1.26659078998604	0.372870768054799	0.709244629310158	0.996816357781912
SA150_1544	cds	5.11376902178723	0.58218341159612	0.730703443166798	0.796743763890031	0.425599861447833	0.996816357781912
SA150_1545	cds	1.24670273508295	1.05346813169271	1.73062229013129	0.608722156012908	0.54270861870598	0.996816357781912
SA150_1546	cds	1.48057105654815	0.508391611044771	1.43045615459052	0.355405238680875	0.722286024816678	0.996816357781912
SA150_1547	cds	2.14411499629934	-0.725066897350808	1.07735612517711	-0.673005778132662	0.500943614930908	0.996816357781912
SA150_1548	cds	0.829542598255761	2.59170170107594	2.12558763689329	1.21928715433437	0.222735222449941	0.996816357781912
SA150_1549	cds	0.602526963134969	0.193918010098644	2.76191313638435	0.0702114804205989	0.944025336823152	0.996816357781912
SA150_1550	cds	0.813593968416312	-1.80360921602113	2.13016645578528	-0.846698722122271	0.397163071185096	0.996816357781912
SA150_1551	cds	7.69833948529127	-0.309221775029413	0.595691320737988	-0.519097331561463	0.603692869072989	0.996816357781912
SA150_1552	cds	6.68469969357979	0.171464244391781	0.631490971051762	0.271522875625923	0.78598890810586	0.996816357781912
SA150_1553	cds	4.65094972219677	0.102043811048743	0.741341943696719	0.13764742696184	0.890519070958574	0.996816357781912
SA150_1554	cds	4.78162038862044	-0.293793825405886	0.725119351330294	-0.40516616315217	0.685355375254714	0.996816357781912
SA150_1555	cds	0.621636977803341	-2.28749472408142	2.72929735197959	-0.838125872368681	0.401960013623699	0.996816357781912
SA150_1556	cds	1.14480075897457	-1.8243122539229	1.70835073247255	-1.0678792236548	0.285574995496685	0.996816357781912
SA150_1557	cds	1.12035905906565	0.00503267785364027	1.78042478563998	0.00282667254142457	0.997744644624163	0.999250077438992
SA150_1558	cds	1.11515549425506	1.61597515559367	1.83840162348418	0.879010948941092	0.379395339299213	0.996816357781912
SA150_1559	cds	0.186625305372418	-0.135206404479941	4.06664026283441	-0.0332476923802705	0.973477066105979	0.996816357781912
SA150_1560	cds	0	NA	NA	NA	NA	NA
SA150_1561	cds	0.0627357352587352	-0.301063623054013	4.07215242169882	-0.0739323070152701	0.941064248904088	0.996816357781912
SA150_1562	cds	0	NA	NA	NA	NA	NA
SA150_1563	cds	1.10408942386571	0.826626978015324	1.82942304722244	0.451851188422694	0.651376190475634	0.996816357781912
SA150_1564	cds	4.6373038821033	0.625431366062216	0.77937074204454	0.802482480188451	0.422273918843444	0.996816357781912
SA150_1565	cds	0.26808478173472	1.02175530007769	4.01550283770304	0.254452640522141	0.799145887562061	0.996816357781912
SA150_1566	cds	0	NA	NA	NA	NA	NA
SA150_1567	cds	0	NA	NA	NA	NA	NA
SA150_1568	cds	2.54790387251135	0.338800460706076	1.06799161239462	0.317231387188919	0.751068035398315	0.996816357781912
SA150_1569	cds	6.91231923590141	0.00748118774570184	0.632315957934538	0.0118314074661964	0.990560122886466	0.996816357781912
SA150_1570	cds	0.415901657762552	-0.718912034073828	4.01277757396185	-0.179155714669737	0.857815435632338	0.996816357781912
SA150_1571	cds	0.290881729014198	1.15269743363012	4.00716145268523	0.287659343712664	0.773607514118331	0.996816357781912
SA150_1572	cds	0.12547147051747	0.242031776194219	4.05376117389553	0.0597054848106984	0.952390203283409	0.996816357781912
SA150_1573	cds	5.19530008818394	0.540024377696467	0.725123448926324	0.744734401426502	0.456432298094913	0.996816357781912
SA150_1574	cds	2.02029701622008	-1.45637628738196	1.1585636319979	-1.25705334360487	0.208734320143744	0.996816357781912
SA150_1575	cds	0.473820101775509	-0.252710072411082	3.59283458561027	-0.070337241080682	0.943925241798508	0.996816357781912
SA150_1576	cds	1.76935212225941	0.721386432552686	1.27369402902058	0.566373411601374	0.571139965365735	0.996816357781912
SA150_1577	cds	0.892664607079301	1.19432842519498	2.13103767424293	0.560444538184563	0.57517625969492	0.996816357781912
SA150_1578	cds	22.8551833751765	0.376959958418267	0.396041223349136	0.95182000305547	0.341188275618833	0.996816357781912
SA150_1579	cds	0	NA	NA	NA	NA	NA
SA150_1580	cds	3.84666254602849	0.0917778387481411	0.803795020928359	0.114180650985049	0.909094589864433	0.996816357781912
SA150_1581	cds	7.94747430632402	-0.454690366240147	0.590168422837224	-0.770441705529129	0.441037922159785	0.996816357781912
SA150_1582	cds	0.478637393021287	-0.278210666722155	3.54375873888597	-0.0785072255820706	0.937424582781351	0.996816357781912
SA150_1583	cds	0.710533171613516	-0.258314884273129	2.41623136995702	-0.106908174227422	0.914861828264598	0.996816357781912
SA150_1584	cds	0.663290155520734	0.879170616133433	2.56798855507419	0.342357684731983	0.732081729183313	0.996816357781912
SA150_1585	cds	0.808262283175759	-1.338677656113	2.20419135151425	-0.607332777707049	0.543630089940352	0.996816357781912
SA150_1586	cds	1.2894518812691	0.876540655152943	1.58141620273939	0.55427575209775	0.579390142325616	0.996816357781912
SA150_1587	cds	2.50006476787603	-1.85924073519271	1.06669876637348	-1.74298573674523	0.0813361063140052	0.996816357781912
SA150_1588	cds	35.4261199440494	-0.439864798390586	0.285719097471344	-1.53950086740247	0.12368206629402	0.996816357781912
SA150_1589	cds	8.53512260265804	-0.13581680815638	0.581142383231005	-0.233706595965816	0.815212766709864	0.996816357781912
SA150_1590	cds	4.69417711178326	0.22473440579229	0.767315326475701	0.292884030903567	0.769610795384786	0.996816357781912
SA150_1591	cds	2.65014899420987	0.0524409219962838	1.00437418795401	0.052212534556578	0.958359345425781	0.996816357781912
SA150_1592	cds	6.0274872612952	-0.870156887934751	0.656460015676322	-1.32552915205089	0.184995707054698	0.996816357781912
SA150_1593	cds	5.16468014989179	0.717482574944437	0.752134402153474	0.953928676696847	0.340119746528973	0.996816357781912
SA150_1594	cds	3.80846856277283	-1.85012592284046	0.888349054313302	-2.08265648942533	0.0372825461572825	0.996816357781912
SA150_1595	cds	9.07500861629637	-0.907941609118564	0.566740002884132	-1.60204256713495	0.109146196837525	0.996816357781912
SA150_1596	cds	0.374832511148624	1.46141795044219	3.9882996301906	0.366426318469044	0.714046984017143	0.996816357781912
SA150_1597	cds	3.97048684793786	-0.71653693958846	0.782642576027241	-0.915535343381984	0.359910656849583	0.996816357781912
SA150_1598	cds	1.34653250994814	0.916368113319227	1.55850367874862	0.587979435541025	0.55654609611483	0.996816357781912
SA150_1599	cds	8.56824153525701	-0.0743239749978462	0.579252786683186	-0.128310086211975	0.897903583442297	0.996816357781912
SA150_1600	cds	4.83989227523408	-0.0982196750624958	0.75855034594095	-0.129483396307279	0.896975162175953	0.996816357781912
SA150_1601	cds	9.05382339196104	0.142730042229875	0.559368740470357	0.255162707358044	0.798597433100302	0.996816357781912
SA150_1602	cds	46.0015545218893	0.678125475941827	0.261637813684471	2.59184812161605	0.00954619049038341	0.996816357781912
SA150_1603	cds	7.28184415496484	-0.304849029179626	0.617514129092579	-0.49367134259356	0.621538307196424	0.996816357781912
SA150_1604	cds	1.97585803650408	0.941049073479816	1.28182321875236	0.734148874597366	0.462858008785073	0.996816357781912
SA150_1605	cds	1.82653085010688	1.42772966150817	1.38139566249214	1.03354143948335	0.301350588220953	0.996816357781912
SA150_1606	cds	3.04894757034293	0.519244769521206	0.933386462475952	0.556302014648711	0.578004410151864	0.996816357781912
SA150_1607	cds	13.1881322761617	0.20249494768771	0.484854626254392	0.417640539499493	0.676209952118471	0.996816357781912
SA150_1608	cds	2.12005520105085	-0.942265984568756	1.1037437369145	-0.853699960466225	0.393271256063629	0.996816357781912
SA150_1609	cds	4.72118939603341	-0.0567941222408537	0.756756605251517	-0.0750493908434107	0.940175414455431	0.996816357781912
SA150_1610	cds	8.11730774212066	-0.137577329807267	0.600248115700417	-0.229200769163151	0.81871287478761	0.996816357781912
SA150_1611	cds	3.02869709252655	-0.98843162630416	0.924952045071535	-1.06863013230888	0.285236365304263	0.996816357781912
SA150_1612	cds	2.53085139317125	0.0174391212604581	1.03318950605256	0.0168789182993994	0.986533211132165	0.996816357781912
SA150_1613	cds	6.56006603839624	0.131315935711603	0.635126651478653	0.206755511528108	0.836200802003989	0.996816357781912
SA150_1614	cds	97.2415518765163	-0.426465489312119	0.184435695266203	-2.31227197477465	0.0207627000831874	0.996816357781912
SA150_1615	cds	9.2382576171728	0.985264783015253	0.591552236315522	1.66555837765396	0.0958014071127871	0.996816357781912
SA150_1616	cds	0.558514968979801	0.0788024793581477	2.9097652366517	0.0270820746517773	0.978394271872882	0.996816357781912
SA150_1617	cds	3.04450886412727	-0.534864216432516	0.881261426649388	-0.60693024823077	0.543897203165635	0.996816357781912
SA150_1618	cds	0	NA	NA	NA	NA	NA
SA150_1619	cds	1.49396311241117	1.11482165050091	1.47944264775052	0.753541647725233	0.451124494230058	0.996816357781912
SA150_1620	cds	0.26808478173472	1.02175530007769	4.01550283770304	0.254452640522141	0.799145887562061	0.996816357781912
SA150_1621	cds	0	NA	NA	NA	NA	NA
SA150_1622	cds	15.8430792717411	-0.0367931422651459	0.446401822426201	-0.0824215771906453	0.934311478306802	0.996816357781912
SA150_1623	cds	1.41004079233648	-1.30804777112345	1.47184428687537	-0.88871342083363	0.374157116420303	0.996816357781912
SA150_1624	cds	4.54251430467595	-0.541995491047743	0.768840180442831	-0.704952088658488	0.480840052763175	0.996816357781912
SA150_1625	cds	0.0627357352587352	-0.301063623054013	4.07215242169882	-0.0739323070152701	0.941064248904088	0.996816357781912
SA150_1626	cds	0.12547147051747	0.242031776194219	4.05376117389553	0.0597054848106984	0.952390203283409	0.996816357781912
SA150_1627	cds	0.418002321065493	-0.0985733956008899	3.6394025012545	-0.0270850491438942	0.978391899441818	0.996816357781912
SA150_1628	cds	0.477507034386616	1.8145781869245	3.19739751134504	0.56751723252614	0.570362822084384	0.996816357781912
SA150_1629	cds	0.74597808968614	0.850944263006604	2.24005719052255	0.379876132898241	0.704037364826121	0.996816357781912
SA150_1630	cds	1.08898297826456	-1.53391298684109	1.8317039643563	-0.837424068894308	0.402354241301297	0.996816357781912
SA150_1631	cds	0.374832511148624	1.46141795044219	3.9882996301906	0.366426318469044	0.714046984017143	0.996816357781912
SA150_1632	cds	6.7873450992079	-0.548379182609068	0.696177817596243	-0.78769987889374	0.430872276435073	0.996816357781912
SA150_1633	cds	1.61538983881247	-0.691683290450617	1.32941741084766	-0.520290530879678	0.602861094719549	0.996816357781912
SA150_1634	cds	0.290430187245081	-2.16919618901566	4.0804728567969	-0.531604121665066	0.595000209512941	0.996816357781912
SA150_1635	cds	0.165410258496727	0.495107692232776	4.03924898767954	0.12257419479288	0.902444289894505	0.996816357781912
SA150_1636	cds	7.85945031801369	-0.463643344945877	0.598622447705547	-0.774517138010727	0.438625037439042	0.996816357781912
SA150_1637	cds	3.96198504005962	0.361927792329998	0.808987058715991	0.447383908593597	0.654597892174931	0.996816357781912
SA150_1638	cds	0.833452437058928	-2.76618589033704	2.24925002620726	-1.22982587889593	0.218762315109277	0.996816357781912
SA150_1639	cds	0.64653458838576	-1.04911769388116	2.62002690727265	-0.400422488398506	0.688845363357503	0.996816357781912
SA150_1640	cds	4.76257759508211	-0.353784562485944	0.723143238517057	-0.48923165376122	0.624677701951193	0.996816357781912
SA150_1641	cds	2.0465348004149	2.66595660464453	1.47329946830059	1.80951440084318	0.0703711249386926	0.996816357781912
SA150_1642	cds	7.2480991749354	-0.0405182242475531	0.611150981551592	-0.0662982233043058	0.947140397712397	0.996816357781912
SA150_1643	cds	14.3521601837924	0.481447842108648	0.463811218708312	1.03802543511012	0.299258213661677	0.996816357781912
SA150_1644	cds	3.33901994608295	-0.269862417192327	0.865438849022077	-0.3118214735764	0.755176203597153	0.996816357781912
SA150_1645	cds	6.70442657031575	0.130669913932525	0.641092831954062	0.203823701372922	0.838491270604595	0.996816357781912
SA150_1646	cds	0.731748218489206	-0.345447310701567	2.29679984112833	-0.150403750695081	0.880446082305761	0.996816357781912
SA150_1647	cds	1.14683857005185	0.621798517026012	1.77198538049332	0.350904992711004	0.725659625736621	0.996816357781912
SA150_1648	cds	2.77151306088271	-0.9473599770517	0.953605034987721	-0.993451106373299	0.320490166502246	0.996816357781912
SA150_1649	cds	5.02112830947236	1.24481689533582	0.814451832269415	1.52841070032002	0.126410599765511	0.996816357781912
SA150_1650	cds	0.355266585806758	-0.466666417899605	4.03924863968417	-0.115532976433977	0.908022684055862	0.996816357781912
SA150_1651	cds	0.809844183579546	-0.873708756503836	2.26248278909119	-0.386172553761081	0.699368879074167	0.996816357781912
SA150_1652	cds	8.84648539799141	0.797761037963314	0.604177467048952	1.32040845856087	0.186698681020469	0.996816357781912
SA150_1653	cds	12.1475820127228	0.0977363972415787	0.522961203038802	0.186890340380235	0.851746613021798	0.996816357781912
SA150_1654	cds	4.00809332861336	0.239463618779427	0.796284560392231	0.300726185952259	0.763623299055495	0.996816357781912
SA150_1655	cds	5.03712442069205	-0.56452446587812	0.697331010381683	-0.809550209977222	0.418198734157358	0.996816357781912
SA150_1656	cds	1.96733167241756	-0.106692477094329	1.18442113766217	-0.0900798488829071	0.928223762371326	0.996816357781912
SA150_1657	cds	1.72835019677552	0.713364882441975	1.3379037570134	0.533195963239101	0.593897935602105	0.996816357781912
SA150_1658	cds	2.01457468851034	-0.621364652401732	1.11950775547882	-0.555033807814908	0.578871536266447	0.996816357781912
SA150_1659	cds	0	NA	NA	NA	NA	NA
SA150_1660	cds	0.290881729014198	1.15269743363012	4.00716145268523	0.287659343712664	0.773607514118331	0.996816357781912
SA150_1661	cds	0.96102457087934	-1.06094929692962	1.87518975804988	-0.565782365424692	0.571541735731924	0.996816357781912
SA150_1662	cds	1.97382459433118	0.072039048581256	1.15769371282951	0.0622263451748268	0.95038258272356	0.996816357781912
SA150_1663	cds	0.518576181000544	-0.0830014162372824	3.06561252583924	-0.0270749860061196	0.978399925720597	0.996816357781912
SA150_1664	cds	0.186625305372418	-0.135206404479941	4.06664026283441	-0.0332476923802705	0.973477066105979	0.996816357781912
SA150_1665	cds	0.12547147051747	0.242031776194219	4.05376117389553	0.0597054848106984	0.952390203283409	0.996816357781912
SA150_1666	cds	2.67502446456264	-0.0507997916306876	1.00936068809536	-0.0503286805498097	0.959860468950666	0.996816357781912
SA150_1667	cds	0	NA	NA	NA	NA	NA
SA150_1668	cds	3.48010456766166	0.0145974573329001	0.841027495038108	0.0173566945421192	0.986152056695099	0.996816357781912
SA150_1669	cds	0	NA	NA	NA	NA	NA
SA150_1670	cds	15.8998519800501	-0.121765723455655	0.459562194134135	-0.264960270905388	0.791040067482025	0.996816357781912
SA150_1671	cds	0.18985632731003	-2.16919618901566	4.0804728567969	-0.531604121665066	0.595000209512941	0.996816357781912
SA150_1672	cds	0.393104710483073	-1.09697584897012	4.06663990652567	-0.269749934635181	0.787352641714099	0.996816357781912
SA150_1673	cds	0.355266585806758	-0.466666417899605	4.03924863968417	-0.115532976433977	0.908022684055862	0.996816357781912
SA150_1674	cds	0.806745650976283	2.53621899230016	2.17695022733259	1.16503306343746	0.244005609574565	0.996816357781912
SA150_1675	cds	0.249361040631153	0.719053425397083	4.02817913586526	0.178505821400773	0.85832574980268	0.996816357781912
SA150_1676	cds	0	NA	NA	NA	NA	NA
SA150_1677	cds	0	NA	NA	NA	NA	NA
SA150_1678	cds	1.79878412224727	0.254570314028081	1.33218113971426	0.191092867508006	0.848452835575862	0.996816357781912
SA150_1679	cds	0.18985632731003	-2.16919618901566	4.0804728567969	-0.531604121665066	0.595000209512941	0.996816357781912
SA150_1680	cds	0.102674523237992	-0.135206406046156	4.06664026288408	-0.0332476927650018	0.973477065799177	0.996816357781912
SA150_1681	cds	0.186625305372418	-0.135206404479941	4.06664026283441	-0.0332476923802705	0.973477066105979	0.996816357781912
SA150_1682	cds	0.102674523237992	-0.135206406046156	4.06664026288408	-0.0332476927650018	0.973477065799177	0.996816357781912
SA150_1683	cds	0.12547147051747	0.242031776194219	4.05376117389553	0.0597054848106984	0.952390203283409	0.996816357781912
SA150_1684	cds	7.42820725101886	-0.358058761788071	0.596801823596466	-0.599962579923644	0.548531174360272	0.996816357781912
SA150_1685	cds	0.268471055299524	-2.16919618901566	4.0804728567969	-0.531604121665066	0.595000209512941	0.996816357781912
SA150_1686	cds	0	NA	NA	NA	NA	NA
SA150_1687	cds	0	NA	NA	NA	NA	NA
SA150_1688	cds	0	NA	NA	NA	NA	NA
SA150_1689	cds	0	NA	NA	NA	NA	NA
SA150_1690	cds	0	NA	NA	NA	NA	NA
SA150_1691	cds	2.59869259407213	-0.795304659294386	0.991360104159003	-0.802235893857221	0.422416517013363	0.996816357781912
SA150_1692	cds	1.49435375488035	0.718201536914299	1.5314246601861	0.468976081936035	0.639086732415731	0.996816357781912
SA150_1693	cds	1.14435163318411	1.76484320666484	1.81354296550336	0.973146619757642	0.330480436592144	0.996816357781912
SA150_1694	cds	8.98830817653381	0.425996683060499	0.574193762194356	0.741904059411056	0.458145466143941	0.996816357781912
SA150_1695	cds	0.72799843365244	0.739837595203655	2.41694597029078	0.30610431689321	0.759525221188739	0.996816357781912
SA150_1696	cds	0.33120679055826	-1.26283750952411	4.07215218538409	-0.310115499626151	0.756473125924892	0.996816357781912
SA150_1697	cds	0.0627357352587352	-0.301063623054013	4.07215242169882	-0.0739323070152701	0.941064248904088	0.996816357781912
SA150_1698	cds	0.45667826107573	-0.282975234215448	3.68506850217617	-0.0767896808562284	0.938790859983047	0.996816357781912
SA150_1699	cds	0.814049879089807	1.19940576294457	2.24133396817955	0.535130319699187	0.592559745410923	0.996816357781912
SA150_1700	cds	0	NA	NA	NA	NA	NA
SA150_1701	cds	0.726412164344274	-0.726954090151824	2.29356777163181	-0.316953394245951	0.751278966295996	0.996816357781912
SA150_1702	cds	2.15922581080487	0.944907647953066	1.16664146963959	0.809938333706736	0.417975618577707	0.996816357781912
SA150_1703	cds	0	NA	NA	NA	NA	NA
SA150_1704	cds	0	NA	NA	NA	NA	NA
SA150_1705	cds	0	NA	NA	NA	NA	NA
SA150_1706	cds	0	NA	NA	NA	NA	NA
SA150_1707	cds	0	NA	NA	NA	NA	NA
SA150_1708	cds	0	NA	NA	NA	NA	NA
SA150_1709	cds	0	NA	NA	NA	NA	NA
SA150_1710	cds	0	NA	NA	NA	NA	NA
SA150_1711	cds	0	NA	NA	NA	NA	NA
SA150_1712	cds	0	NA	NA	NA	NA	NA
SA150_1713	cds	2.71420274112859	-1.21882861046231	0.969794585000524	-1.25679048874216	0.2088295110414	0.996816357781912
SA150_1714	cds	0.0627357352587352	-0.301063623054013	4.07215242169882	-0.0739323070152701	0.941064248904088	0.996816357781912
SA150_1715	cds	0.0627357352587352	-0.301063623054013	4.07215242169882	-0.0739323070152701	0.941064248904088	0.996816357781912
SA150_1716	cds	0.976517290045294	0.144631763303218	1.87737106126266	0.0770395188716412	0.938592106856107	0.996816357781912
SA150_1717	cds	0.414771299127881	1.60132495571841	3.61442288548402	0.443037521190321	0.657738595437997	0.996816357781912
SA150_1718	cds	4.66204249421735	0.0328953081682329	0.77034892988272	0.0427018288624624	0.965939221679762	0.996816357781912
SA150_1719	cds	3.11145029489626	0.0557079437973622	0.915527592720887	0.060847913531259	0.951480331506801	0.996816357781912
SA150_1720	cds	2.78245432424845	2.13521055629695	1.28658571619768	1.65959448283576	0.0969960589929413	0.996816357781912
SA150_1721	cds	4.45814617844112	-0.251798083339697	0.764502277670839	-0.329362110086623	0.741882003301596	0.996816357781912
SA150_1722	cds	4.56893623599254	-0.745848475231186	0.75140258544452	-0.992608342956328	0.320900857419058	0.996816357781912
SA150_1723	cds	2.84253343343659	2.33260515525715	1.2210529710404	1.91032265641158	0.0560916823864754	0.996816357781912
SA150_1724	cds	3.66547139396943	0.281980979296483	0.844895149245219	0.333746713480825	0.73857069639892	0.996816357781912
SA150_1725	cds	2.80298287194786	-0.326727372267134	0.950789195872668	-0.343638078435727	0.73111848426843	0.996816357781912
SA150_1726	cds	0.102674523237992	-0.135206406046156	4.06664026288408	-0.0332476927650018	0.973477065799177	0.996816357781912
SA150_1727	cds	0	NA	NA	NA	NA	NA
SA150_1728	cds	0	NA	NA	NA	NA	NA
SA150_1729	cds	0.165410258496727	0.495107692232776	4.03924898767954	0.12257419479288	0.902444289894505	0.996816357781912
SA150_1730	cds	0.330820516993455	1.32067834307279	3.9964254751697	0.330464899515413	0.741048710373118	0.996816357781912
SA150_1731	cds	0.18985632731003	-2.16919618901566	4.0804728567969	-0.531604121665066	0.595000209512941	0.996816357781912
SA150_1732	cds	1.01939892556579	1.62065510929036	1.86168655118377	0.870530599396473	0.384010504477894	0.996816357781912
SA150_1733	cds	3.19678853952613	-1.18007739577079	0.892489361693015	-1.32223133005444	0.186091131370912	0.996816357781912
SA150_1734	cds	0.932603395058558	1.26799046756217	1.98009379560022	0.640368890796815	0.521932802743859	0.996816357781912
SA150_1735	cds	0.851888003766123	1.01586277280222	2.19573904074701	0.462651869803534	0.64361392258442	0.996816357781912
SA150_1736	cds	1.72294692150055	1.48307052947709	1.40274286223012	1.05726471287779	0.290390793024392	0.996816357781912
SA150_1737	cds	0.480738056324228	0.217015144541809	3.23232050596044	0.0671391169723515	0.946470953292476	0.996816357781912
SA150_1738	cds	0.541373128280022	0.0528712577684761	3.20778164284259	0.0164821872730789	0.986849712655895	0.996816357781912
SA150_1739	cds	0.878434735882367	0.111703076927033	2.14583923795029	0.0520556595999859	0.958484343545817	0.996816357781912
SA150_1740	cds	6.96212409852666	-0.282860225934712	0.607125791071156	-0.465900526867191	0.641286704013763	0.996816357781912
SA150_1741	cds	0	NA	NA	NA	NA	NA
SA150_1742	cds	4.77221549720397	-0.156956034871012	0.734839773568372	-0.213592187734798	0.830865092100732	0.996816357781912
SA150_1743	cds	15.0798395650101	0.501129702101887	0.457865181901668	1.09449183277166	0.273739327428677	0.996816357781912
SA150_1744	cds	15.286998684414	0.359512938880758	0.454919927879451	0.790277402347662	0.429365781011652	0.996816357781912
SA150_1745	cds	3.64917264115961	-0.836836877518281	0.856923644713553	-0.9765594434006	0.328787305718263	0.996816357781912
SA150_1746	cds	5.19277634517163	-0.521117314714939	0.709267321851746	-0.734726243067865	0.462506234393603	0.996816357781912
SA150_1747	cds	0	NA	NA	NA	NA	NA
SA150_1748	cds	0	NA	NA	NA	NA	NA
SA150_1749	cds	0.0627357352587352	-0.301063623054013	4.07215242169882	-0.0739323070152701	0.941064248904088	0.996816357781912
SA150_1750	cds	0	NA	NA	NA	NA	NA
SA150_1751	cds	0.911388348182868	1.30286993898186	1.98134341933025	0.657568963699518	0.510815143130882	0.996816357781912
SA150_1752	cds	1.266659302894	1.82266999894757	1.72326920443328	1.05768152431353	0.29020066115573	0.996816357781912
SA150_1753	cds	0	NA	NA	NA	NA	NA
SA150_1754	cds	3.61211736062346	-0.194261757350206	0.842479814675772	-0.230583278039685	0.81763855975911	0.996816357781912
SA150_1755	cds	8.22548274237436	-0.391708090501388	0.568838128073061	-0.688610821198465	0.491068209475287	0.996816357781912
SA150_1756	cds	0.249361040631153	0.719053425397083	4.02817913586526	0.178505821400773	0.85832574980268	0.996816357781912
SA150_1757	cds	0.602526963134969	0.193918010098644	2.76191313638435	0.0702114804205989	0.944025336823152	0.996816357781912
SA150_1758	cds	0.28929982861041	1.03663867269986	4.01494059495814	0.258195270436042	0.796256207858309	0.996816357781912
SA150_1759	cds	0	NA	NA	NA	NA	NA
SA150_1760	cds	0.290430187245081	-2.16919618901566	4.0804728567969	-0.531604121665066	0.595000209512941	0.996816357781912
SA150_1761	cds	10.5670876435426	-0.16333386396471	0.529592474476031	-0.308414246494552	0.75776714284678	0.996816357781912
SA150_1762	cds	1.4576459888387	-0.157291533601728	1.4789799954281	-0.106351359780359	0.915303583399996	0.996816357781912
SA150_1763	cds	0.561001905847547	-1.93822981025804	2.92447709796668	-0.662761151935724	0.507483537711864	0.996816357781912
SA150_1764	cds	1.42107403176172	0.83390018460343	1.68061566362528	0.496187321498963	0.619762255271817	0.996816357781912
SA150_1765	cds	1.16074938881402	1.73885252063076	1.75720805349821	0.989554149361592	0.322392090304252	0.996816357781912
SA150_1766	cds	0.312096775889888	1.18045741743722	4.00530474138199	0.294723496377434	0.768205112506805	0.996816357781912
SA150_1767	cds	0.12547147051747	0.242031776194219	4.05376117389553	0.0597054848106984	0.952390203283409	0.996816357781912
SA150_1768	cds	0.28929982861041	1.03663867269986	4.01494059495814	0.258195270436042	0.796256207858309	0.996816357781912
SA150_1769	cds	5.97590410120812	0.679859717012046	0.70102265859173	0.96981133017555	0.332140544207346	0.996816357781912
SA150_1770	cds	0.312096775889888	1.18045741743722	4.00530474138199	0.294723496377434	0.768205112506805	0.996816357781912
SA150_1771	cds	1.18474391585821	-1.0493607135075	1.67681489556424	-0.62580593498032	0.531442238544056	0.996816357781912
SA150_1772	cds	0.744396189282352	0.71028885573476	2.43231064540718	0.292022261661341	0.770269603115033	0.996816357781912
SA150_1773	cds	0.228145993755463	0.856440859300288	4.02212210253819	0.21293258570142	0.83137954545077	0.996816357781912
SA150_1774	cds	0.877592551644068	-0.967247057654001	2.25879715923505	-0.428213331905181	0.668495810845149	0.996816357781912
SA150_1775	cds	2.69668668430307	0.2473362093802	0.971881022444316	0.254492271860748	0.799115273767316	0.996816357781912
SA150_1776	cds	0.477055492617499	-1.10468084218833	3.60771537512022	-0.306199554933438	0.759452711253714	0.996816357781912
SA150_1777	cds	0.646148314820956	0.865175358325845	2.56492646806974	0.337310004437258	0.735883218736268	0.996816357781912
SA150_1778	cds	0.58341257956222	0.643393579060307	2.76277805737145	0.232879212770512	0.815855200508519	0.996816357781912
SA150_1779	cds	2.94844093153792	0.0229740458074883	0.927774425559304	0.0247625340541571	0.98024437538163	0.996816357781912
SA150_1780	cds	0.393942525816995	-0.719742103087498	4.05376075286438	-0.177549230693728	0.859076998932134	0.996816357781912
SA150_1781	cds	2.49766719236797	-1.52458715675394	1.0255607399868	-1.48658884579918	0.13712343557467	0.996816357781912
SA150_1782	cds	3.25274317847487	-0.459277130257226	0.899490143104991	-0.510597179722088	0.609633151110423	0.996816357781912
SA150_1783	cds	2.83831763341298	-1.09350418807878	0.933242794017135	-1.17172529494902	0.241307364057528	0.996816357781912
SA150_1784	cds	4.5921238257412	-0.918467832334368	0.738022440321779	-1.24449851678482	0.213316144910101	0.996816357781912
SA150_1785	cds	2.17707297750422	0.156428137775284	1.12067211172704	0.139584215702679	0.888988512561171	0.996816357781912
SA150_1786	cds	0.704457401303095	0.586292948301703	2.50815440861119	0.233754726698164	0.81517539871688	0.996816357781912
SA150_1787	cds	0.290430187245081	-2.16919618901566	4.0804728567969	-0.531604121665066	0.595000209512941	0.996816357781912
SA150_1788	cds	1.59657041451912	2.40868574325294	1.60790519228176	1.49802721877824	0.134126178810745	0.996816357781912
SA150_1789	cds	0.249361040631153	0.719053425397083	4.02817913586526	0.178505821400773	0.85832574980268	0.996816357781912
SA150_1790	cds	0	NA	NA	NA	NA	NA
SA150_1791	cds	0.355266585806758	-0.466666417899605	4.03924863968417	-0.115532976433977	0.908022684055862	0.996816357781912
SA150_1792	cds	1.74228858016974	-2.19421492259028	1.43745545136943	-1.52645768639293	0.126895920661652	0.996816357781912
SA150_1793	cds	6.35365732589231	-0.142023226883212	0.66832220834637	-0.212507118736365	0.831711424661444	0.996816357781912
SA150_1794	cds	0.580860374490162	-3.26431924156828	3.28036637966917	-0.995108126275057	0.31968367876189	0.996816357781912
SA150_1795	cds	3.69554501095435	-0.411021608976794	0.816103918687091	-0.503638813103638	0.614515212678507	0.996816357781912
SA150_1796	cds	0.18985632731003	-2.16919618901566	4.0804728567969	-0.531604121665066	0.595000209512941	0.996816357781912
SA150_1797	cds	0.665262698393705	0.493058051026168	2.56759365729918	0.192031184383283	0.84771777837594	0.996816357781912
SA150_1798	cds	2.20287999345498	0.16702225104815	1.15699135580745	0.14435911747291	0.885216898127637	0.996816357781912
SA150_1799	cds	0	NA	NA	NA	NA	NA
SA150_1800	cds	5.92516598816068	-0.372138607782038	0.712226256427588	-0.522500545892011	0.601321866470449	0.996816357781912
SA150_1801	cds	2.36547989374481	0.508909076803179	1.06813896184816	0.476444634060193	0.633757642605814	0.996816357781912
SA150_1802	cds	0.290430187245081	-2.16919618901566	4.0804728567969	-0.531604121665066	0.595000209512941	0.996816357781912
SA150_1803	cds	3.252344847471	-0.660076454909257	0.850999887380695	-0.775648110766402	0.437956785353521	0.996816357781912
SA150_1804	cds	2.37239784829353	0.674415484848102	1.06842338099051	0.631224940269341	0.527893456877488	0.996816357781912
SA150_1805	cds	1.77718280180678	1.29337985811868	1.40284296722665	0.921970518678672	0.356543953651503	0.996816357781912
SA150_1806	cds	2.12018769038519	-0.154388795341685	1.09303097904541	-0.141248325346203	0.887673770623177	0.996816357781912
SA150_1807	cds	0.415901657762552	-0.718912034073828	4.01277757396185	-0.179155714669737	0.857815435632338	0.996816357781912
SA150_1808	cds	0.683242354427405	0.621199741899228	2.37338635773922	0.261735616653226	0.793525279339071	0.996816357781912
SA150_1809	cds	2.07889232417286	-0.342033354776979	1.10704236775963	-0.308961395460562	0.757350893010177	0.996816357781912
SA150_1810	cds	0.379712654620061	-2.77932101736673	4.06325641966939	-0.684013197865783	0.493966831897797	0.996816357781912
SA150_1811	cds	0.186625305372418	-0.135206404479941	4.06664026283441	-0.0332476923802705	0.973477066105979	0.996816357781912
SA150_1812	cds	0.28929982861041	1.03663867269986	4.01494059495814	0.258195270436042	0.796256207858309	0.996816357781912
SA150_1813	cds	1.99675403094501	0.980697962985714	1.20462035783898	0.814113721890795	0.415579805657359	0.996816357781912
SA150_1814	cds	3.9871364348725	-0.324689671297546	0.79702318651412	-0.407377949338734	0.683730419798857	0.996816357781912
SA150_1815	cds	3.07038883681703	1.11216343158656	0.985593319133358	1.12842022160266	0.259142491685932	0.996816357781912
SA150_1816	cds	2.56180263383445	-0.295249661194926	0.993100176321163	-0.297300985574938	0.766236729263307	0.996816357781912
SA150_1817	cds	2.61832574054404	-1.01909929770006	0.975480165120427	-1.0447155504943	0.296154455540325	0.996816357781912
SA150_1818	cds	1.94741035154928	1.49708559238123	1.32735494327124	1.12787133537296	0.259374261196798	0.996816357781912
SA150_1819	cds	0	NA	NA	NA	NA	NA
SA150_1820	cds	2.60212574245278	0.963393255379214	1.03570906241051	0.93017748935885	0.352279194990565	0.996816357781912
SA150_1821	cds	12.9798554480073	-0.678852927387303	0.511803296286057	-1.32639420713672	0.184709156587604	0.996816357781912
SA150_1822	cds	0	NA	NA	NA	NA	NA
SA150_1823	cds	4.24963770006193	-0.370708543575347	0.80327986181373	-0.461493635279643	0.644444486720262	0.996816357781912
SA150_1824	cds	2.34587957823703	-0.393432342926813	1.10805328497834	-0.355066266451712	0.722539947698838	0.996816357781912
SA150_1825	cds	0.0627357352587352	-0.301063623054013	4.07215242169882	-0.0739323070152701	0.941064248904088	0.996816357781912
SA150_1826	cds	0	NA	NA	NA	NA	NA
SA150_1827	cds	2.97787097860006	1.51710373899862	1.08075010257253	1.40375072404568	0.160393092022414	0.996816357781912
SA150_1828	cds	0.477055492617499	-1.10468084218833	3.60771537512022	-0.306199554933438	0.759452711253714	0.996816357781912
SA150_1829	cds	1.04173996217178	-0.654353324201637	1.75398808605046	-0.373066002788581	0.709099320887635	0.996816357781912
SA150_1830	cds	0.545122913116788	-1.10025481999554	2.97288045715777	-0.370097229219719	0.71131004653731	0.996816357781912
SA150_1831	cds	1.29139354610368	-1.39240620712959	1.55492212556304	-0.895482921130467	0.3705289915252	0.996816357781912
SA150_1832	cds	2.28433946981728	0.342819022003931	1.08150658944383	0.316982832421047	0.751256628803164	0.996816357781912
SA150_1833	cds	0.418002321065493	-0.0985733956008899	3.6394025012545	-0.0270850491438942	0.978391899441818	0.996816357781912
SA150_1834	cds	1.51879545478927	-0.713806676143653	1.31923437437142	-0.541076468299093	0.588454877005469	0.996816357781912
SA150_1835	cds	0.580567831189413	0.19615880774851	2.83223537846602	0.0692593593173575	0.944783174587372	0.996816357781912
SA150_1836	cds	0.517445822365873	1.92429746087516	2.98508562198086	0.644637274959712	0.519162273304473	0.996816357781912
SA150_1837	cds	0.415901657762552	-0.718912034073828	4.01277757396185	-0.179155714669737	0.857815435632338	0.996816357781912
SA150_1838	cds	0	NA	NA	NA	NA	NA
SA150_1839	cds	3.27851736346151	0.319483734916396	0.894644040701045	0.357107095539414	0.721011632770471	0.996816357781912
SA150_1840	cds	0.28929982861041	1.03663867269986	4.01494059495814	0.258195270436042	0.796256207858309	0.996816357781912
SA150_1841	cds	2.74228057886203	0.345005301914889	0.956943156259801	0.360528522157301	0.718451931101217	0.996816357781912
SA150_1842	cds	0.33120679055826	-1.26283750952411	4.07215218538409	-0.310115499626151	0.756473125924892	0.996816357781912
SA150_1843	cds	0	NA	NA	NA	NA	NA
SA150_1844	cds	11.1660170509249	1.14492262685863	0.554793613063449	2.06369107340047	0.0390470162613079	0.996816357781912
SA150_1845	cds	0.249361040631153	0.719053425397083	4.02817913586526	0.178505821400773	0.85832574980268	0.996816357781912
SA150_1846	cds	1.57338914660056	0.069529772221135	1.47928936233641	0.0470021444021734	0.962511518433597	0.996816357781912
SA150_1847	cds	0.268471055299524	-2.16919618901566	4.0804728567969	-0.531604121665066	0.595000209512941	0.996816357781912
SA150_1848	cds	0	NA	NA	NA	NA	NA
SA150_1849	cds	0.517445822365873	1.92429746087516	2.98508562198086	0.644637274959712	0.519162273304473	0.996816357781912
SA150_1850	cds	0.249361040631153	0.719053425397083	4.02817913586526	0.178505821400773	0.85832574980268	0.996816357781912
SA150_1851	cds	0.205349046475984	0.710836152680787	4.02855838759022	0.176449261569718	0.859941006580695	0.996816357781912
SA150_1852	cds	0	NA	NA	NA	NA	NA
SA150_1853	cds	0.851045819527823	-0.310571326686911	2.07662344042278	-0.149555918825457	0.88111498860664	0.996816357781912
SA150_1854	cds	0.290430187245081	-2.16919618901566	4.0804728567969	-0.531604121665066	0.595000209512941	0.996816357781912
SA150_1855	cds	1.6536795052579	0.18320677631936	1.36062131227397	0.134649350753717	0.892889120614738	0.996816357781912
SA150_1856	cds	0	NA	NA	NA	NA	NA
SA150_1857	cds	0.249361040631153	0.719053425397083	4.02817913586526	0.178505821400773	0.85832574980268	0.996816357781912
SA150_1858	cds	0.935834416996171	0.0137968876376312	1.87186936350414	0.00737064664160293	0.994119128089378	0.997432319070984
SA150_1859	cds	0	NA	NA	NA	NA	NA
SA150_1860	cds	0.0627357352587352	-0.301063623054013	4.07215242169882	-0.0739323070152701	0.941064248904088	0.996816357781912
SA150_1861	cds	0.102674523237992	-0.135206406046156	4.06664026288408	-0.0332476927650018	0.973477065799177	0.996816357781912
SA150_1862	cds	0.47915615592044	0.0363384638125871	3.30276575489513	0.0110024344774463	0.991221504510919	0.996816357781912
SA150_1863	cds	0	NA	NA	NA	NA	NA
SA150_1864	cds	0.47915615592044	0.0363384638125871	3.30276575489513	0.0110024344774463	0.991221504510919	0.996816357781912
SA150_1865	cds	0.28929982861041	1.03663867269986	4.01494059495814	0.258195270436042	0.796256207858309	0.996816357781912
SA150_1866	cds	0.581830679158433	0.513455973449798	2.83488970301758	0.181120264715503	0.856273178708009	0.996816357781912
SA150_1867	cds	0.0627357352587352	-0.301063623054013	4.07215242169882	-0.0739323070152701	0.941064248904088	0.996816357781912
SA150_1868	cds	0.205349046475984	0.710836152680787	4.02855838759022	0.176449261569718	0.859941006580695	0.996816357781912
SA150_1869	cds	0.268471055299524	-2.16919618901566	4.0804728567969	-0.531604121665066	0.595000209512941	0.996816357781912
SA150_1870	cds	0	NA	NA	NA	NA	NA
SA150_1871	cds	0.0627357352587352	-0.301063623054013	4.07215242169882	-0.0739323070152701	0.941064248904088	0.996816357781912
SA150_1872	cds	0	NA	NA	NA	NA	NA
SA150_1873	cds	0	NA	NA	NA	NA	NA
SA150_1874	cds	0	NA	NA	NA	NA	NA
SA150_1875	cds	0	NA	NA	NA	NA	NA
SA150_1876	cds	0.0627357352587352	-0.301063623054013	4.07215242169882	-0.0739323070152701	0.941064248904088	0.996816357781912
SA150_1877	cds	0	NA	NA	NA	NA	NA
SA150_1878	cds	0	NA	NA	NA	NA	NA
SA150_1879	cds	0	NA	NA	NA	NA	NA
SA150_1880	cds	0	NA	NA	NA	NA	NA
SA150_1881	cds	0	NA	NA	NA	NA	NA
SA150_1882	cds	0.0627357352587352	-0.301063623054013	4.07215242169882	-0.0739323070152701	0.941064248904088	0.996816357781912
SA150_1883	cds	0.186625305372418	-0.135206404479941	4.06664026283441	-0.0332476923802705	0.973477066105979	0.996816357781912
SA150_1884	cds	0.186625305372418	-0.135206404479941	4.06664026283441	-0.0332476923802705	0.973477066105979	0.996816357781912
SA150_1885	cds	0.0627357352587352	-0.301063623054013	4.07215242169882	-0.0739323070152701	0.941064248904088	0.996816357781912
SA150_1886	cds	0	NA	NA	NA	NA	NA
SA150_1887	cds	0.102674523237992	-0.135206406046156	4.06664026288408	-0.0332476927650018	0.973477065799177	0.996816357781912
SA150_1888	cds	0	NA	NA	NA	NA	NA
SA150_1889	cds	0.564688838458654	0.494856013467067	2.86903181235876	0.17248188442366	0.863058702062463	0.996816357781912
SA150_1890	cds	0	NA	NA	NA	NA	NA
SA150_1891	cds	0.252592062568766	-1.26283750952411	4.07215218538409	-0.310115499626151	0.756473125924892	0.996816357781912
SA150_1892	cds	1.05762332380691	-0.223198112834408	1.85088385510913	-0.12059001553139	0.904015777578223	0.996816357781912
SA150_1893	cds	1.17818377281455	0.110247580709209	1.83288619351352	0.0601497142044987	0.952036395400458	0.996816357781912
SA150_1894	cds	0.0627357352587352	-0.301063623054013	4.07215242169882	-0.0739323070152701	0.941064248904088	0.996816357781912
SA150_1895	cds	0.165410258496727	0.495107692232776	4.03924898767954	0.12257419479288	0.902444289894505	0.996816357781912
SA150_1896	cds	0.102674523237992	-0.135206406046156	4.06664026288408	-0.0332476927650018	0.973477065799177	0.996816357781912
SA150_1897	cds	0.495779233721066	-0.253452842103172	3.46359558220715	-0.0731762228261248	0.941665887087268	0.996816357781912
SA150_1898	cds	0.811558573317683	1.31271848937595	2.20742781160475	0.5946824093068	0.55205578237951	0.996816357781912
SA150_1899	cds	0	NA	NA	NA	NA	NA
SA150_1900	cds	0.663676429085539	-1.08491325306571	2.59749416020984	-0.4176768786183	0.676183379426714	0.996816357781912
SA150_1901	cds	0	NA	NA	NA	NA	NA
SA150_1902	cds	1.00067518446223	1.5434780431599	2.00910779917393	0.768240531341586	0.442344297813457	0.996816357781912
SA150_1903	cds	0.352035563869145	1.35183514028399	3.99456111569365	0.338418940437026	0.7350475028746	0.996816357781912
SA150_1904	cds	0	NA	NA	NA	NA	NA
SA150_1905	cds	0.393104710483073	-1.09697584897012	4.06663990652567	-0.269749934635181	0.787352641714099	0.996816357781912
SA150_1906	cds	0	NA	NA	NA	NA	NA
SA150_1907	cds	0.482387177858053	-1.72709683558463	3.53603493854699	-0.488427536944619	0.625247040925183	0.996816357781912
SA150_1908	cds	0.102674523237992	-0.135206406046156	4.06664026288408	-0.0332476927650018	0.973477065799177	0.996816357781912
SA150_1909	cds	0.28929982861041	1.03663867269986	4.01494059495814	0.258195270436042	0.796256207858309	0.996816357781912
SA150_1910	cds	0.12547147051747	0.242031776194219	4.05376117389553	0.0597054848106984	0.952390203283409	0.996816357781912
SA150_1911	cds	0.0627357352587352	-0.301063623054013	4.07215242169882	-0.0739323070152701	0.941064248904088	0.996816357781912
SA150_1912	cds	20.9002913220794	1.14052373551289	0.424748331275797	2.68517531802221	0.0072491769656601	0.996816357781912
SA150_1913	cds	9.60538320652362	0.224402285149339	0.602081671153126	0.372710706704551	0.709363766937876	0.996816357781912
SA150_1914	cds	0.102674523237992	-0.135206406046156	4.06664026288408	-0.0332476927650018	0.973477065799177	0.996816357781912
SA150_1915	cds	1.41612093155128	-0.998466067719141	1.3916496116659	-0.717469440115683	0.473084486262038	0.996816357781912
SA150_1916	cds	2.64251802512688	-0.164500345504069	0.967559191455571	-0.170015795371236	0.864997714585976	0.996816357781912
SA150_1917	cds	0.312096775889888	1.18045741743722	4.00530474138199	0.294723496377434	0.768205112506805	0.996816357781912
SA150_1918	cds	13.8548516048827	-0.026089020855158	0.473501346201776	-0.0550980922534496	0.956060315999016	0.996816357781912
SA150_1919	cds	1.29184508787279	-0.0292065706036203	1.53470848349775	-0.0190306960036186	0.984816617970553	0.996816357781912
SA150_1920	cds	1.28380114359378	1.81432462857058	1.71144704410748	1.06011146229578	0.289093893748506	0.996816357781912
SA150_1921	cds	2.07168619522777	0.666093403829125	1.19184310739531	0.558876751223424	0.576245837081328	0.996816357781912
SA150_1922	cds	2.42136294265914	2.0213892032761	1.27700873752637	1.5829094538473	0.113442103658208	0.996816357781912
SA150_1923	cds	0.188207205776206	0.669288743296893	4.03050631753905	0.166055748476173	0.868113078181307	0.996816357781912
SA150_1924	cds	63.5481586420257	-0.409785808377907	0.2297290092086	-1.78377911344149	0.0744595647875093	0.996816357781912
SA150_1925	cds	1.14186228033771	-3.10873194513809	1.83604065609649	-1.69317162711821	0.0904228035503535	0.996816357781912
SA150_1926	cds	2.13859674795837	0.376780270052416	1.24342877818067	0.303017170475743	0.7618767762524	0.996816357781912
SA150_1927	cds	1.14073192170304	-1.07801030030594	1.70024342177891	-0.634032919344018	0.526059338710606	0.996816357781912
SA150_1928	cds	0	NA	NA	NA	NA	NA
SA150_1929	cds	0	NA	NA	NA	NA	NA
SA150_1930	cds	0.290430187245081	-2.16919618901566	4.0804728567969	-0.531604121665066	0.595000209512941	0.996816357781912
SA150_1931	cds	0	NA	NA	NA	NA	NA
SA150_1932	cds	0.0627357352587352	-0.301063623054013	4.07215242169882	-0.0739323070152701	0.941064248904088	0.996816357781912
SA150_1933	cds	0	NA	NA	NA	NA	NA
SA150_1934	cds	0	NA	NA	NA	NA	NA
SA150_1935	cds	0	NA	NA	NA	NA	NA
SA150_1936	cds	0.102674523237992	-0.135206406046156	4.06664026288408	-0.0332476927650018	0.973477065799177	0.996816357781912
SA150_1937	cds	0	NA	NA	NA	NA	NA
SA150_1938	cds	0.0627357352587352	-0.301063623054013	4.07215242169882	-0.0739323070152701	0.941064248904088	0.996816357781912
SA150_1939	cds	0	NA	NA	NA	NA	NA
SA150_1940	cds	46.3346071468909	-0.239094840043197	0.243975913042726	-0.979993627491114	0.327089264256551	0.996816357781912
SA150_1941	cds	13.7272840324638	-0.198127020150043	0.472042259073967	-0.419723057293049	0.674687779127129	0.996816357781912
SA150_1942	cds	126.102134135115	-0.0302629277843393	0.159677125448767	-0.189525755171796	0.849680771170834	0.996816357781912
SA150_1943	cds	108.234786247815	0.312956670335713	0.171751330658594	1.82214990204534	0.0684322436801095	0.996816357781912
SA150_1944	cds	1.72488858633513	-0.219020843191712	1.28134482564956	-0.170930446517925	0.864278456098254	0.996816357781912
SA150_1945	cds	3.35796990678492	0.338361290061155	0.893383523662775	0.378741359224883	0.704879937183189	0.996816357781912
SA150_1946	cds	0	NA	NA	NA	NA	NA
SA150_1947	cds	0.12547147051747	0.242031776194219	4.05376117389553	0.0597054848106984	0.952390203283409	0.996816357781912
SA150_1948	cds	0.165410258496727	0.495107692232776	4.03924898767954	0.12257419479288	0.902444289894505	0.996816357781912
SA150_1949	cds	0.0627357352587352	-0.301063623054013	4.07215242169882	-0.0739323070152701	0.941064248904088	0.996816357781912
SA150_1950	cds	1.83254135221299	-0.882013429916798	1.19674980713814	-0.737007371679472	0.461117866479954	0.996816357781912
SA150_1951	cds	0.418002321065493	-0.0985733956008899	3.6394025012545	-0.0270850491438942	0.978391899441818	0.996816357781912
SA150_1952	cds	0.0627357352587352	-0.301063623054013	4.07215242169882	-0.0739323070152701	0.941064248904088	0.996816357781912
SA150_1953	cds	1.24793119288606	0.707700415659692	1.61638520200032	0.437829061280626	0.661510202562485	0.996816357781912
SA150_1954	cds	0	NA	NA	NA	NA	NA
SA150_1955	cds	0.0627357352587352	-0.301063623054013	4.07215242169882	-0.0739323070152701	0.941064248904088	0.996816357781912
SA150_1956	cds	0	NA	NA	NA	NA	NA
SA150_1957	cds	1.32444088866823	-0.418607571611817	1.60077933149345	-0.261502359117342	0.793705130485633	0.996816357781912
SA150_1958	cds	0.252592062568766	-1.26283750952411	4.07215218538409	-0.310115499626151	0.756473125924892	0.996816357781912
SA150_1959	cds	0	NA	NA	NA	NA	NA
SA150_1960	cds	0	NA	NA	NA	NA	NA
SA150_1961	cds	0	NA	NA	NA	NA	NA
SA150_1962	cds	0	NA	NA	NA	NA	NA
SA150_1963	cds	0	NA	NA	NA	NA	NA
SA150_1964	cds	0	NA	NA	NA	NA	NA
SA150_1965	cds	0	NA	NA	NA	NA	NA
SA150_1966	cds	0.205349046475984	0.710836152680787	4.02855838759022	0.176449261569718	0.859941006580695	0.996816357781912
SA150_1967	cds	1.30982911281087	0.743676532721266	1.56414095743663	0.475453653448233	0.634463659941514	0.996816357781912
SA150_1968	cds	4.43309288279667	0.592633839507745	0.801674393390443	0.739245065570046	0.45975820029484	0.996816357781912
SA150_1969	cds	1.93508338611663	-1.69104419732721	1.20761176316243	-1.40032107082064	0.161417193834256	0.996816357781912
SA150_1970	cds	0.454710087107138	1.72793707055623	3.34784808890711	0.516133655013095	0.605761063676997	0.996816357781912
SA150_1971	cds	2.11695666844758	0.326207135900865	1.1174585008552	0.291918792197846	0.770348714894561	0.996816357781912
SA150_1972	cds	1.76139859483811	-3.83463987646031	1.60195558103091	-2.3937242217369	0.0166782837056889	0.996816357781912
SA150_1973	cds	1.24747528221256	-1.36215462703633	1.57953697684066	-0.862375903197196	0.388480696297813	0.996816357781912
SA150_1974	cds	3.81982522353722	-0.599790861790999	0.809103352494684	-0.74130314741829	0.458509653765045	0.996816357781912
SA150_1975	cds	0.561001905847547	-1.93822981025804	2.92447709796668	-0.662761151935724	0.507483537711864	0.996816357781912
SA150_1976	cds	0.541891891179176	0.359888328670138	2.78570350535446	0.129191182040152	0.897206373450599	0.996816357781912
SA150_1977	cds	0.102674523237992	-0.135206406046156	4.06664026288408	-0.0332476927650018	0.973477065799177	0.996816357781912
SA150_1978	cds	0	NA	NA	NA	NA	NA
SA150_1979	cds	0.249361040631153	0.719053425397083	4.02817913586526	0.178505821400773	0.85832574980268	0.996816357781912
SA150_1980	cds	0.805026892333768	-0.878198946450133	2.26857372974389	-0.387115011928344	0.69867106448079	0.996816357781912
SA150_1981	cds	2.01406029451556	-0.314537316077349	1.23496173922096	-0.254693976410772	0.798959468986366	0.996816357781912
SA150_1982	cds	4.8043908267659	-0.614368288484607	0.719604825747771	-0.853757877243516	0.393239158208172	0.996816357781912
SA150_1983	cds	1.51805136971941	-0.812731332354367	1.37804477317738	-0.58977135443897	0.555343949865662	0.996816357781912
SA150_1984	cds	2.09490380623797	0.305906610046922	1.12950507540703	0.270832435114719	0.786519912228159	0.996816357781912
SA150_1985	cds	2.44732127476754	-0.310383797637224	1.05416292290807	-0.294436268713552	0.768424556083538	0.996816357781912
SA150_1986	cds	1.80149638128573	-0.481530937456807	1.24451321224974	-0.386923122002322	0.698813122942152	0.996816357781912
SA150_1987	cds	1.94905947308311	0.703569007353455	1.20320733125918	0.584744614726671	0.558719450308913	0.996816357781912
SA150_1988	cds	3.44499271238859	-1.03958746902884	0.870089311006123	-1.19480547097713	0.232163042307679	0.996816357781912
SA150_1989	cds	0.18985632731003	-2.16919618901566	4.0804728567969	-0.531604121665066	0.595000209512941	0.996816357781912
SA150_1990	cds	0	NA	NA	NA	NA	NA
SA150_1991	cds	0.705201486372962	0.619970950887714	2.33141499710788	0.265920461031944	0.790300466645138	0.996816357781912
SA150_1992	cds	0.353617464272933	1.42937713051187	3.99008385832357	0.358232353320119	0.720169437237045	0.996816357781912
SA150_1993	cds	1.369333826132	1.97329242759201	1.64908353513157	1.19659943571905	0.231462720527355	0.996816357781912
SA150_1994	cds	0	NA	NA	NA	NA	NA
SA150_1995	cds	0.268471055299524	-2.16919618901566	4.0804728567969	-0.531604121665066	0.595000209512941	0.996816357781912
SA150_1996	cds	0	NA	NA	NA	NA	NA
SA150_1997	cds	0	NA	NA	NA	NA	NA
SA150_1998	cds	0.970050877265691	1.4698719559485	2.01565888937122	0.729226539122908	0.465863099741531	0.996816357781912
SA150_1999	cds	0.186625305372418	-0.135206404479941	4.06664026283441	-0.0332476923802705	0.973477066105979	0.996816357781912
SA150_2000	cds	0	NA	NA	NA	NA	NA
SA150_2001	cds	0.645696773051839	-1.31873440417573	2.49246277864078	-0.529088905750835	0.596743777177608	0.996816357781912
SA150_2002	cds	1.22513424560658	0.627076082799192	1.61917009749181	0.387282400885843	0.698547153003436	0.996816357781912
SA150_2003	cds	5.1259630348326	-0.710815798068383	0.715272833323093	-0.993768762006516	0.320335457464306	0.996816357781912
SA150_2004	cds	0.0627357352587352	-0.301063623054013	4.07215242169882	-0.0739323070152701	0.941064248904088	0.996816357781912
SA150_2005	cds	13.7566028329936	-0.140826748577981	0.469661109101505	-0.299847583393465	0.764293417952884	0.996816357781912
SA150_2006	cds	56.2721036865398	0.118632795966723	0.224501630788485	0.528427323890996	0.597202776983393	0.996816357781912
SA150_2007	cds	11.3037589409807	0.0424612870562159	0.503767555783301	0.0842874587074062	0.932827883420163	0.996816357781912
SA150_2008	cds	34.4692863127342	-0.415579423117729	0.312411254999274	-1.33023191856098	0.183441870689349	0.996816357781912
SA150_2009	cds	4.14214393265244	0.785873276878389	0.830888377241288	0.945822926886572	0.344238909677103	0.996816357781912
SA150_2010	cds	7.55382131538402	0.899758572058002	0.633361726313376	1.42060774226957	0.155430826437683	0.996816357781912
SA150_2011	cds	5.72347736516179	-0.509974760419767	0.686150958640919	-0.743239886205056	0.457336459000419	0.996816357781912
SA150_2012	cds	17.8003074899029	-0.0528153112658941	0.421064226948971	-0.125432909959114	0.900180835469613	0.996816357781912
SA150_2013	cds	4.95000983775005	-0.735684306912332	0.71946931023986	-1.0225374403629	0.306526601653496	0.996816357781912
SA150_2014	cds	12.3180843344408	0.0214542555158527	0.518567179723522	0.0413721815701703	0.966999189693781	0.996816357781912
SA150_2015	cds	9.03026021938205	0.0386531789436634	0.560555897047317	0.0689550839573107	0.945025372162819	0.996816357781912
SA150_2016	cds	21.4592134744966	-0.0739785185993955	0.376779336733984	-0.196344415382912	0.84434059944302	0.996816357781912
SA150_2017	cds	9.77563831467421	0.445555476823998	0.560739127814481	0.794586028908988	0.426854347933544	0.996816357781912
SA150_2018	cds	0	NA	NA	NA	NA	NA
SA150_2019	cds	0.607858648375523	-0.720635879008448	2.72182049739859	-0.264762455752392	0.79119246096792	0.996816357781912
SA150_2020	cds	0.477507034386616	1.8145781869245	3.19739751134504	0.56751723252614	0.570362822084384	0.996816357781912
SA150_2021	cds	0.990879650576577	2.88125429382043	1.95032968000079	1.47731653953975	0.139590806489595	0.996816357781912
SA150_2022	cds	0.355266585806758	-0.466666417899605	4.03924863968417	-0.115532976433977	0.908022684055862	0.996816357781912
SA150_2023	cds	7.18853250681631	0.385586060393211	0.63203161357915	0.61007400913012	0.541812782851961	0.996816357781912
SA150_2024	cds	2.09296651030777	2.76178249312178	1.43168327850604	1.92904571463857	0.0537251872728967	0.996816357781912
SA150_2025	cds	9.87739530267902	0.2456085992517	0.554091505574102	0.443263606788595	0.657575076123401	0.996816357781912
SA150_2026	cds	2.36428231398011	2.00536345909056	1.26664139313033	1.58321326775417	0.113372863405321	0.996816357781912
SA150_2027	cds	2.84249225838764	-0.587947543429356	0.94575181292534	-0.621672129404388	0.53415748154331	0.996816357781912
SA150_2028	cds	66.2225476069515	-0.102508956033709	0.224124389194634	-0.457375283439985	0.647401326698072	0.996816357781912
SA150_2029	cds	0.18985632731003	-2.16919618901566	4.0804728567969	-0.531604121665066	0.595000209512941	0.996816357781912
SA150_2030	cds	3.04208914838956	-0.725331156953477	0.912047778040315	-0.795277587882479	0.426452047651144	0.996816357781912
SA150_2031	cds	2.11239316143226	-1.36413263159129	1.16433503018301	-1.17159803340872	0.241358478007896	0.996816357781912
SA150_2032	cds	0.564688838458654	0.494856013467067	2.86903181235876	0.17248188442366	0.863058702062463	0.996816357781912
SA150_2033	cds	0.895509355452109	1.44780988890131	1.99190439557392	0.726847077660146	0.467319639981994	0.996816357781912
SA150_2034	cds	0.477055492617499	-1.10468084218833	3.60771537512022	-0.306199554933438	0.759452711253714	0.996816357781912
SA150_2035	cds	0.433495040231447	1.70292674078089	3.77853408459148	0.450684498976804	0.652216955947138	0.996816357781912
SA150_2036	cds	1.00555532793366	-0.735783308570073	1.97352534332167	-0.372826886191218	0.709277290960844	0.996816357781912
SA150_2037	cds	2.73724143692223	-0.0153362226601923	1.00165536684144	-0.0153108775411972	0.987784164478143	0.996816357781912
SA150_2038	cds	4.06416926245821	-0.42495515703201	0.800597749202254	-0.530797341680578	0.595559222394307	0.996816357781912
SA150_2039	cds	21.6292842899031	0.138492362197598	0.381481799825091	0.363037928050817	0.716576551866193	0.996816357781912
SA150_2040	cds	18.5376290859972	-0.766351079322073	0.419737115494149	-1.82578821608345	0.0678821690041278	0.996816357781912
SA150_2041	cds	4.18970795410571	-0.723426152691439	0.784264235462763	-0.922426549598522	0.356306126491403	0.996816357781912
SA150_2042	cds	14.1584245019937	1.63916802661952	0.545249986478966	3.00626880745967	0.002644750840923	0.996816357781912
SA150_2043	cds	0.353617464272933	1.42937713051187	3.99008385832357	0.358232353320119	0.720169437237045	0.996816357781912
SA150_2044	cds	1.39213077341147	2.02719595542206	1.6591569368448	1.22182290921627	0.221774603187772	0.996816357781912
SA150_2045	cds	0.393104710483073	-1.09697584897012	4.06663990652567	-0.269749934635181	0.787352641714099	0.996816357781912
SA150_2046	cds	1.06341091972096	1.66677971313391	1.94516472589715	0.856883579546277	0.391509228530923	0.996816357781912
SA150_2047	cds	2.02323549485694	-0.996441542823059	1.14107425864832	-0.873248638527183	0.382527569032879	0.996816357781912
SA150_2048	cds	0	NA	NA	NA	NA	NA
SA150_2049	cds	0.559352784313722	0.23592398676611	2.88217637698943	0.0818561933439147	0.93476107012979	0.996816357781912
SA150_2050	cds	1.9116076219716	0.0485563381238339	1.17109301842177	0.0414624093560657	0.966927260056724	0.996816357781912
SA150_2051	cds	0	NA	NA	NA	NA	NA
SA150_2052	cds	0.290430187245081	-2.16919618901566	4.0804728567969	-0.531604121665066	0.595000209512941	0.996816357781912
SA150_2053	cds	1.89556963077247	-1.79180978065561	1.25524921733042	-1.42745341396532	0.153449244084117	0.996816357781912
SA150_2054	cds	0.268471055299524	-2.16919618901566	4.0804728567969	-0.531604121665066	0.595000209512941	0.996816357781912
SA150_2055	cds	42.8042037298818	-0.205023127700723	0.272468488088867	-0.752465465415044	0.451771190414239	0.996816357781912
SA150_2056	cds	2.28802203352401	0.59231790323566	1.08626754236817	0.545278101511112	0.58556226281596	0.996816357781912
SA150_2057	cds	2.11447410048421	1.53315005280694	1.31666150350868	1.16442232777472	0.244252903493765	0.996816357781912
SA150_2058	cds	0.663680797989917	0.32598674537727	2.8124692417465	0.11590766595365	0.907725720097029	0.996816357781912
SA150_2059	cds	0.605757985072582	-1.53854849028545	2.76012390110056	-0.557420081639078	0.577240448136594	0.996816357781912
SA150_2060	cds	0.987571302995584	-1.66816287137626	1.96205146948676	-0.850213614331238	0.395206333916583	0.996816357781912
SA150_2061	cds	6.06580148394892	0.434733489017091	0.686097911543774	0.63363185006482	0.526321109972404	0.996816357781912
SA150_2062	cds	5.73868386285709	-0.783879516860883	0.766142946269655	-1.02315047169407	0.306236706355987	0.996816357781912
SA150_2063	cds	2.04367799460302	0.477359966093156	1.17729573771746	0.40547158271265	0.685130902713425	0.996816357781912
SA150_2064	cds	1.81342696864024	-0.50711505796514	1.20911272372102	-0.419410901908717	0.674915858001503	0.996816357781912
SA150_2065	cds	2.60461704822491	0.885858042809063	1.0443700089017	0.848222407057307	0.396314120672841	0.996816357781912
SA150_2066	cds	1.16886055422307	-1.29208953601058	1.64659575468997	-0.784703551148084	0.432627400225402	0.996816357781912
SA150_2067	cds	0.290430187245081	-2.16919618901566	4.0804728567969	-0.531604121665066	0.595000209512941	0.996816357781912
SA150_2068	cds	1.12207344880378	1.79482951018922	1.77405037599006	1.01171282083101	0.311675383625661	0.996816357781912
SA150_2069	cds	3.53479635864138	0.599010088721084	0.867332714873743	0.69063472234906	0.489795121169058	0.996816357781912
SA150_2070	cds	5.66352442347789	0.325265604661617	0.713420291134406	0.45592424087688	0.64844445729649	0.996816357781912
SA150_2071	cds	1.76200913507559	0.424252811205753	1.3305847105347	0.318846900799925	0.749842611243911	0.996816357781912
SA150_2072	cds	1.61898304115952	0.225147731089953	1.33219218901538	0.169005443018217	0.865792360078942	0.996816357781912
SA150_2073	cds	0.745591816121336	2.47288223482461	2.27652584396735	1.08625265176654	0.277367228684846	0.996816357781912
SA150_2074	cds	0	NA	NA	NA	NA	NA
SA150_2075	cds	0.45794110904475	0.0686434563526512	3.38107081220439	0.0203022829645786	0.983802234620916	0.996816357781912
SA150_2076	cds	1.59385815548066	3.57653201257936	1.55407993377234	2.30138227439676	0.021370032943544	0.996816357781912
SA150_2077	cds	0.644566414417168	0.746448617112414	2.46106155000688	0.303303514335238	0.761658568207479	0.996816357781912
SA150_2078	cds	1.1647244958215	0.632241059646566	1.7044398457549	0.370937737240322	0.71068390683381	0.996816357781912
SA150_2079	cds	0.18985632731003	-2.16919618901566	4.0804728567969	-0.531604121665066	0.595000209512941	0.996816357781912
SA150_2080	cds	1.64539728394142	-1.27976721881749	1.29995624158692	-0.984469459722138	0.32488474045364	0.996816357781912
SA150_2081	cds	16.9048644581532	-0.352952348452893	0.420702066963501	-0.838960338370559	0.401491566435268	0.996816357781912
SA150_2082	cds	4.08400016646877	0.772690789045162	0.837656898607475	0.922443055539431	0.356297520264187	0.996816357781912
SA150_2083	cds	9.76309657218292	-0.95164686912842	0.605490175130365	-1.5716966322757	0.116020923590363	0.996816357781912
SA150_2084	cds	0.290430187245081	-2.16919618901566	4.0804728567969	-0.531604121665066	0.595000209512941	0.996816357781912
SA150_2085	cds	1.27560828363697	-0.996941807563502	1.57421675630345	-0.633293860944858	0.526541761521293	0.996816357781912
SA150_2086	cds	9.18343860941477	0.101905195219069	0.583413185693736	0.17467070974389	0.861338384153122	0.996816357781912
SA150_2087	cds	2.15556734025351	-1.52381397475558	1.15254453099303	-1.32213023772944	0.186124786377973	0.996816357781912
SA150_2088	cds	0.393104710483073	-1.09697584897012	4.06663990652567	-0.269749934635181	0.787352641714099	0.996816357781912
SA150_2089	cds	0.896188172317663	-2.14442314265203	2.12908754562035	-1.0072028964066	0.313837281486802	0.996816357781912
SA150_2090	cds	0.582961037793104	-1.98680597514261	2.84751193355042	-0.697734029393639	0.485343542611096	0.996816357781912
SA150_2091	cds	0.994883219643799	-1.34593297846332	1.87639908936173	-0.717295689437344	0.473191666422712	0.996816357781912
SA150_2092	cds	0.891082706675513	1.08313800284128	2.19664717078787	0.493086926860806	0.621951167691681	0.996816357781912
SA150_2093	cds	0.995631673618043	-0.410073896017368	1.89578010865615	-0.216308787155729	0.828747060042214	0.996816357781912
SA150_2094	cds	1.16675989092013	-1.83414987619663	1.64404077810605	-1.11563526928426	0.264578288726214	0.996816357781912
SA150_2095	cds	0.252592062568766	-1.26283750952411	4.07215218538409	-0.310115499626151	0.756473125924892	0.996816357781912
SA150_2096	cds	0.599677845857784	-2.25480519141819	2.98862338853755	-0.754462807212906	0.450571370266599	0.996816357781912
SA150_2097	cds	0.786303151230202	-1.29987057812968	2.34687556865219	-0.553872815198379	0.579665890892017	0.996816357781912
SA150_2098	cds	0.936578502066037	0.0525416755004972	1.92089772954134	0.0273526667726567	0.97817845055145	0.996816357781912
SA150_2099	cds	0.28929982861041	1.03663867269986	4.01494059495814	0.258195270436042	0.796256207858309	0.996816357781912
SA150_2100	cds	0	NA	NA	NA	NA	NA
SA150_2101	cds	0	NA	NA	NA	NA	NA
SA150_2102	cds	0.601396604500298	2.10278486280654	2.67897852060812	0.784920389107567	0.432500246845124	0.996816357781912
SA150_2103	cds	0.268471055299524	-2.16919618901566	4.0804728567969	-0.531604121665066	0.595000209512941	0.996816357781912
SA150_2104	cds	0.165410258496727	0.495107692232776	4.03924898767954	0.12257419479288	0.902444289894505	0.996816357781912
SA150_2105	cds	0	NA	NA	NA	NA	NA
SA150_2106	cds	0.12547147051747	0.242031776194219	4.05376117389553	0.0597054848106984	0.952390203283409	0.996816357781912
SA150_2107	cds	0.536169563469439	2.01175288425096	3.14689641820167	0.639281570443492	0.522639775416338	0.996816357781912
SA150_2108	cds	0	NA	NA	NA	NA	NA
SA150_2109	cds	3.83583912158098	1.47223473131682	0.929460381070449	1.58396717202864	0.113201189789136	0.996816357781912
SA150_2110	cds	2.58288519137579	-1.09056633939408	1.01942095069465	-1.06979000053997	0.284713844261597	0.996816357781912
SA150_2111	cds	0.890108033102865	-2.84306301890583	2.17459715589795	-1.3073975615184	0.1910777250873	0.996816357781912
SA150_2112	cds	1.16637361735532	-0.370309934192477	1.63614825048681	-0.226330305999042	0.820944529089302	0.996816357781912
SA150_2113	cds	0.683242354427405	0.621199741899228	2.37338635773922	0.261735616653226	0.793525279339071	0.996816357781912
SA150_2114	cds	0.353165922503816	-1.26283750952411	4.07215218538409	-0.310115499626151	0.756473125924892	0.996816357781912
SA150_2115	cds	4.76829360096174	0.191807360721258	0.742287213272961	0.25840046452575	0.79609785812927	0.996816357781912
SA150_2116	cds	17.1740331664164	0.355675401266217	0.447410963467451	0.794963535336103	0.426634713881398	0.996816357781912
SA150_2117	cds	9.89994262041244	0.00355709649789373	0.559202343791854	0.00636101857830866	0.994924675712177	0.99772465134739
SA150_2118	cds	9.72979395551511	0.845835035708184	0.592758857557548	1.42694626140794	0.153595384926503	0.996816357781912
SA150_2119	cds	1.71842217355552	0.488887059985899	1.31971713448812	0.37044836897986	0.711048439899985	0.996816357781912
SA150_2120	cds	7.16330952196902	0.866917078664178	0.657373612442379	1.31875856020942	0.18724984224625	0.996816357781912
SA150_2121	cds	21.5140124136601	0.726784351231794	0.388269069058351	1.87185745440508	0.061226327034663	0.996816357781912
SA150_2122	cds	45.3303520421991	1.02406040201259	0.280892776989764	3.64573419433246	0.000266629465675048	0.190017932537751
SA150_2123	cds	24.1725618725024	0.845512074918159	0.408151717049645	2.07156319476004	0.0383061953015668	0.996816357781912
SA150_2124	cds	4.42131797428022	1.31113294196664	0.871501137242357	1.50445350664187	0.132464636044986	0.996816357781912
SA150_2125	cds	18.6384629787503	1.19098028579416	0.438483194816476	2.71613667267826	0.00660486458159688	0.996816357781912
SA150_2126	cds	13.6604468995252	0.97994506616011	0.493448012960727	1.98591349123155	0.0470429304348838	0.996816357781912
SA150_2127	cds	9.24857433616023	0.718527832647557	0.581437267869897	1.23577877159456	0.216540807880163	0.996816357781912
SA150_2128	cds	9.2904350430003	-0.0503314885562997	0.561219924629708	-0.089682290929903	0.928539689017617	0.996816357781912
SA150_2129	cds	6.73274092465814	2.15136992945482	0.808058597645057	2.66239346468759	0.00775871256640118	0.996816357781912
SA150_2130	cds	12.7699985774096	0.78196806210377	0.523558147801471	1.49356487982742	0.135289384618225	0.996816357781912
SA150_2131	cds	10.7303197767454	1.00242598957657	0.560094102076277	1.78974566213171	0.0734948081169045	0.996816357781912
SA150_2132	cds	13.0685224075714	0.707678835509292	0.489640118202376	1.44530402881897	0.148372506739294	0.996816357781912
SA150_2133	cds	5.6589755823775	0.798763552562052	0.73697408034916	1.08384212397757	0.278434804512386	0.996816357781912
SA150_2134	cds	5.91151924441556	0.876211521308498	0.717387484094036	1.2213922611363	0.22193753590565	0.996816357781912
SA150_2135	cds	18.0285656625206	0.925439049298663	0.44288997275532	2.08954617676552	0.0366585857759732	0.996816357781912
SA150_2136	cds	11.3816451472429	0.724782048773111	0.536049045254789	1.35208159624389	0.176349213993826	0.996816357781912
SA150_2137	cds	9.22415391970408	0.69701624352557	0.624984439876972	1.11525375521793	0.264741696399264	0.996816357781912
SA150_2138	cds	6.0027510651598	0.575815833693026	0.676506950844794	0.851160262247078	0.394680333639965	0.996816357781912
SA150_2139	cds	26.8608062059696	0.420750497842412	0.340597369017096	1.23533102753149	0.216707330720332	0.996816357781912
SA150_2140	cds	2.89750902990831	1.6235384693527	1.09349359847585	1.48472608492235	0.137616398898903	0.996816357781912
SA150_2141	cds	7.09021741122488	0.647613291155147	0.633365408004243	1.02249551833877	0.306546432725416	0.996816357781912
SA150_2142	cds	9.2937839100801	0.386850418828651	0.564327133845206	0.685507386810793	0.493023800954398	0.996816357781912
SA150_2143	cds	5.75677778080235	-0.424814900436722	0.764444984663892	-0.555716773553696	0.578404488062565	0.996816357781912
SA150_2144	cds	1.68023060627852	0.262744235909362	1.32625814638058	0.198109422834764	0.842959452591061	0.996816357781912
SA150_2145	cds	4.01064416698083	-0.600505691763775	0.819555401903115	-0.732721290555004	0.463728435798744	0.996816357781912
SA150_2146	cds	3.47432570955636	-0.0601484715386278	0.879131582852065	-0.0684180533515757	0.945452851006994	0.996816357781912
SA150_2147	cds	0.62050661916867	0.347899381171611	2.55440874046208	0.136195658768642	0.89166660699165	0.996816357781912
SA150_2148	cds	0.93793944920349	1.40925203118471	2.08523404719431	0.67582439155013	0.499152146418226	0.996816357781912
SA150_2149	cds	0	NA	NA	NA	NA	NA
SA150_2150	cds	0.292530850548023	-1.09697584897012	4.06663990652567	-0.269749934635181	0.787352641714099	0.996816357781912
SA150_2151	cds	0	NA	NA	NA	NA	NA
SA150_2152	cds	0.517832095930677	-0.27549160862005	3.11011024930404	-0.0885793706771963	0.929416203441853	0.996816357781912
SA150_2153	cds	0	NA	NA	NA	NA	NA
SA150_2154	cds	0	NA	NA	NA	NA	NA
SA150_2155	cds	5.46739280789026	0.058265090225749	0.69029447725194	0.0844061370122822	0.932733528070746	0.996816357781912
SA150_2156	cds	4.7768703185047	-0.663861595394196	0.727344749490959	-0.912719306572032	0.361390187219557	0.996816357781912
SA150_2157	cds	0	NA	NA	NA	NA	NA
SA150_2158	cds	0	NA	NA	NA	NA	NA
SA150_2159	cds	0	NA	NA	NA	NA	NA
SA150_2160	cds	0.371145578537517	-1.09697584897012	4.06663990652567	-0.269749934635181	0.787352641714099	0.996816357781912
SA150_2161	cds	1.16314259541771	0.512917130576522	1.65674016469247	0.30959419075334	0.756869574500463	0.996816357781912
SA150_2162	cds	3.03015419213068	-0.941654602526221	0.892584527619471	-1.05497526944324	0.291436635441083	0.996816357781912
SA150_2163	cds	1.85533829949247	-0.76186706722296	1.18054395776645	-0.64535256159744	0.518698737900118	0.996816357781912
SA150_2164	cds	0.475925133982828	1.75491958989013	3.54285323373017	0.495340753374201	0.620359608321091	0.996816357781912
SA150_2165	cds	1.09875773862515	1.64826713198967	1.80436976420198	0.913486340045523	0.360986814618641	0.996816357781912
SA150_2166	cds	0.583798853127025	-1.49724383667143	2.83155860351702	-0.528770209739516	0.596964865685966	0.996816357781912
SA150_2167	cds	2.75695957584943	-0.767593673819558	0.968649261366362	-0.792437164239202	0.428105816720729	0.996816357781912
SA150_2168	cds	1.45380337116557	2.11905568860461	1.66141608188084	1.27545153301133	0.20214946855946	0.996816357781912
SA150_2169	cds	1.57943052674507	-0.847677965393205	1.31544760858566	-0.64440268077617	0.519314346626744	0.996816357781912
SA150_2170	cds	0.684505202396425	0.864963372303275	2.53501799113628	0.341206009317342	0.732948499675202	0.996816357781912
SA150_2171	cds	1.93837967625856	-0.340000471011783	1.15457180448393	-0.294481876043869	0.768389710582606	0.996816357781912
SA150_2172	cds	2.49343830113003	0.18180483540671	1.01233397882066	0.179589778877626	0.857474629490636	0.996816357781912
SA150_2173	cds	2.44861936967934	1.20984226585013	1.12291025266302	1.07741670626032	0.281294143893592	0.996816357781912
SA150_2174	cds	0.667363361696646	0.851256046755607	2.38778408733757	0.356504614998408	0.721462696570392	0.996816357781912
SA150_2175	cds	0.0627357352587352	-0.301063623054013	4.07215242169882	-0.0739323070152701	0.941064248904088	0.996816357781912
SA150_2176	cds	0	NA	NA	NA	NA	NA
SA150_2177	cds	0.102674523237992	-0.135206406046156	4.06664026288408	-0.0332476927650018	0.973477065799177	0.996816357781912
SA150_2178	cds	0.576494625013501	0.246675266427852	3.07401553218389	0.0802452895391211	0.936042170431669	0.996816357781912
SA150_2179	cds	1.47239462293479	0.736515372164076	1.50916307509906	0.48802901708666	0.625529287917205	0.996816357781912
SA150_2180	cds	0	NA	NA	NA	NA	NA
SA150_2181	cds	0.165410258496727	0.495107692232776	4.03924898767954	0.12257419479288	0.902444289894505	0.996816357781912
SA150_2182	cds	0.165410258496727	0.495107692232776	4.03924898767954	0.12257419479288	0.902444289894505	0.996816357781912
SA150_2183	cds	0.74597808968614	0.850944263006604	2.24005719052255	0.379876132898241	0.704037364826121	0.996816357781912
SA150_2184	cds	0.0627357352587352	-0.301063623054013	4.07215242169882	-0.0739323070152701	0.941064248904088	0.996816357781912
SA150_2185	cds	0.205349046475984	0.710836152680787	4.02855838759022	0.176449261569718	0.859941006580695	0.996816357781912
SA150_2186	cds	0.418002321065493	-0.0985733956008899	3.6394025012545	-0.0270850491438942	0.978391899441818	0.996816357781912
SA150_2187	cds	0.353165922503816	-1.26283750952411	4.07215218538409	-0.310115499626151	0.756473125924892	0.996816357781912
SA150_2188	cds	6.9378413970861	0.486246995843463	0.635808593248513	0.764769462078359	0.444408835202859	0.996816357781912
SA150_2189	cds	2.36091638672949	-1.02559639099737	1.06519766263627	-0.962822607457763	0.335636553374846	0.996816357781912
SA150_2190	cds	0.950875594393008	-0.549724194748107	1.98644333168074	-0.27673791946684	0.781981352996348	0.996816357781912
SA150_2191	cds	0.18985632731003	-2.16919618901566	4.0804728567969	-0.531604121665066	0.595000209512941	0.996816357781912
SA150_2192	cds	0.708884050079691	1.05792340467937	2.40947194736468	0.439068570952426	0.660611851376195	0.996816357781912
SA150_2193	cds	0.536555837034244	0.0766532646763588	2.99417266643707	0.0256008163909841	0.979575734898736	0.996816357781912
SA150_2194	cds	0.857219689006677	0.152824901797226	2.047248970651	0.0746489088469927	0.940494059017418	0.996816357781912
SA150_2195	cds	0.165410258496727	0.495107692232776	4.03924898767954	0.12257419479288	0.902444289894505	0.996816357781912
SA150_2196	cds	0.641335392479555	2.19042455296271	2.56812858163051	0.852926356036274	0.393700144846567	0.996816357781912
SA150_2197	cds	15.1342861015721	0.0787269426502453	0.447067019415988	0.176096511778229	0.86021812130197	0.996816357781912
SA150_2198	cds	0.5821497315932	0.359923010370918	3.02586905239008	0.118948640585296	0.905316045664076	0.996816357781912
SA150_2199	cds	0.18985632731003	-2.16919618901566	4.0804728567969	-0.531604121665066	0.595000209512941	0.996816357781912
SA150_2200	cds	0	NA	NA	NA	NA	NA
SA150_2201	cds	6.21812381804556	-0.0454809117703877	0.705681456857325	-0.0644496342201366	0.948612209751327	0.996816357781912
SA150_2202	cds	30.5095273053601	0.226105149471244	0.313331231623788	0.721617019470069	0.470529972370389	0.996816357781912
SA150_2203	cds	2.91383382879921	-0.210470207590376	0.917314697897263	-0.229441660613126	0.818525659176687	0.996816357781912
SA150_2204	cds	0.869867659799823	1.0990335171159	2.06509028169229	0.532196353282565	0.594590008420139	0.996816357781912
SA150_2205	cds	0.57859965722082	2.0413558071884	3.004443927783	0.679445466867054	0.496855649612508	0.996816357781912
SA150_2206	cds	0	NA	NA	NA	NA	NA
SA150_2207	cds	0.268471055299524	-2.16919618901566	4.0804728567969	-0.531604121665066	0.595000209512941	0.996816357781912
SA150_2208	cds	0	NA	NA	NA	NA	NA
SA150_2209	cds	2.20278626319092	0.132746120312933	1.12392188394826	0.118109738949654	0.905980706901616	0.996816357781912
SA150_2210	cds	4.16454887075815	-0.424806538161166	0.781663284416958	-0.543464873725045	0.586809769562887	0.996816357781912
SA150_2211	cds	1.01399760321655	-2.74622942887959	2.06029688647526	-1.33292898072463	0.182555111012067	0.996816357781912
SA150_2212	cds	0.312096775889888	1.18045741743722	4.00530474138199	0.294723496377434	0.768205112506805	0.996816357781912
SA150_2213	cds	0.0627357352587352	-0.301063623054013	4.07215242169882	-0.0739323070152701	0.941064248904088	0.996816357781912
SA150_2214	cds	0.623737641106282	-1.27860560084841	2.54666084141556	-0.502071410552533	0.615617289878114	0.996816357781912
SA150_2215	cds	0.0627357352587352	-0.301063623054013	4.07215242169882	-0.0739323070152701	0.941064248904088	0.996816357781912
SA150_2216	cds	0	NA	NA	NA	NA	NA
SA150_2217	cds	0.984340281057972	-0.654496940221725	1.85899120138042	-0.352071026337145	0.724784996652464	0.996816357781912
SA150_2218	cds	0	NA	NA	NA	NA	NA
SA150_2219	cds	4.01047884668236	-0.41011398770988	0.824743078936779	-0.497262721184129	0.619003796525153	0.996816357781912
SA150_2220	cds	2.31036502305572	-4.22268048815951	1.43271862662374	-2.94732015742018	0.00320541143533705	0.996816357781912
SA150_2221	cds	3.966580328765	0.615424291832825	0.893400060862613	0.688856335244267	0.490913679849009	0.996816357781912
SA150_2222	cds	0.18985632731003	-2.16919618901566	4.0804728567969	-0.531604121665066	0.595000209512941	0.996816357781912
SA150_2223	cds	1.522478018496	-0.245246372405159	1.3696509489007	-0.179057571275366	0.857892496736622	0.996816357781912
SA150_2224	cds	0.435986346003571	1.63296355431605	3.81452512183168	0.428090916211326	0.668584929983329	0.996816357781912
SA150_2225	cds	3.07791838710126	0.658317968444644	0.929508194032141	0.708243319070601	0.47879416922517	0.996816357781912
SA150_2226	cds	8.11030479511664	0.00212138116895846	0.595264419227676	0.00356376275892794	0.997156534735149	0.999250077438992
SA150_2227	cds	0.353165922503816	-1.26283750952411	4.07215218538409	-0.310115499626151	0.756473125924892	0.996816357781912
SA150_2228	cds	2.30432605888987	0.519682742196006	1.06617091473054	0.487429111989375	0.625954267142999	0.996816357781912
SA150_2229	cds	0	NA	NA	NA	NA	NA
SA150_2230	cds	1.03963929886883	-1.13652784613055	1.73829503161655	-0.653817577257657	0.513229340718633	0.996816357781912
SA150_2231	cds	0.919955424265412	0.346103027229138	1.96336060188382	0.176280927149631	0.860073245319924	0.996816357781912
SA150_2232	cds	0.0627357352587352	-0.301063623054013	4.07215242169882	-0.0739323070152701	0.941064248904088	0.996816357781912
SA150_2233	cds	0	NA	NA	NA	NA	NA
SA150_2234	cds	0	NA	NA	NA	NA	NA
SA150_2235	cds	0.102674523237992	-0.135206406046156	4.06664026288408	-0.0332476927650018	0.973477065799177	0.996816357781912
SA150_2236	cds	1.57859271141115	-1.00792371660986	1.36486700277687	-0.738477605919998	0.460224270605661	0.996816357781912
SA150_2237	cds	0.503535003603707	0.337868375445245	3.38907633949828	0.099693350517818	0.920587779761134	0.996816357781912
SA150_2238	cds	0.876329703675048	-1.38236261881989	2.00262617647167	-0.690274917536238	0.490021318194427	0.996816357781912
SA150_2239	cds	0.102674523237992	-0.135206406046156	4.06664026288408	-0.0332476927650018	0.973477065799177	0.996816357781912
SA150_2240	cds	0.435986346003571	1.63296355431605	3.81452512183168	0.428090916211326	0.668584929983329	0.996816357781912
SA150_2241	cds	2.00373920662376	0.443751499868316	1.18823581374303	0.373454069247808	0.7088105239722	0.996816357781912
SA150_2242	cds	0.455840445741809	-0.463659568272984	3.41665159537767	-0.135705838107772	0.892053832278582	0.996816357781912
SA150_2243	cds	0.371145578537517	-1.09697584897012	4.06663990652567	-0.269749934635181	0.787352641714099	0.996816357781912
SA150_2244	cds	1.2320522001553	0.941078776980212	1.68170006406154	0.55959965578367	0.575752539721327	0.996816357781912
SA150_2245	cds	0.477507034386616	1.8145781869245	3.19739751134504	0.56751723252614	0.570362822084384	0.996816357781912
SA150_2246	cds	0.18985632731003	-2.16919618901566	4.0804728567969	-0.531604121665066	0.595000209512941	0.996816357781912
SA150_2247	cds	1.16104193211477	0.140468469022045	1.7093331783223	0.0821773489238147	0.934505685452714	0.996816357781912
SA150_2248	cds	0.292530850548023	-1.09697584897012	4.06663990652567	-0.269749934635181	0.787352641714099	0.996816357781912
SA150_2249	cds	0.0627357352587352	-0.301063623054013	4.07215242169882	-0.0739323070152701	0.941064248904088	0.996816357781912
SA150_2250	cds	0.33120679055826	-1.26283750952411	4.07215218538409	-0.310115499626151	0.756473125924892	0.996816357781912
SA150_2251	cds	0.52106311786829	-2.0727756302792	3.08555246993118	-0.671768070865255	0.50173135840274	0.996816357781912
SA150_2252	cds	0.186625305372418	-0.135206404479941	4.06664026283441	-0.0332476923802705	0.973477066105979	0.996816357781912
SA150_2253	cds	0.102674523237992	-0.135206406046156	4.06664026288408	-0.0332476927650018	0.973477065799177	0.996816357781912
SA150_2254	cds	0	NA	NA	NA	NA	NA
SA150_2255	cds	1.0804855392907	3.00750284724096	1.84288418713139	1.63195433996447	0.102689105353366	0.996816357781912
SA150_2256	cds	0.228145993755463	0.856440859300288	4.02212210253819	0.21293258570142	0.83137954545077	0.996816357781912
SA150_2257	cds	0	NA	NA	NA	NA	NA
SA150_2258	cds	0.866924812258582	-0.755673919517329	2.19293393338727	-0.344594931936729	0.73039891641562	0.996816357781912
SA150_2259	cds	0.188207205776206	0.669288743296893	4.03050631753905	0.166055748476173	0.868113078181307	0.996816357781912
SA150_2260	cds	0.268471055299524	-2.16919618901566	4.0804728567969	-0.531604121665066	0.595000209512941	0.996816357781912
SA150_2261	cds	5.59348009120126	0.335687204754158	0.737703109200997	0.455043771087992	0.649077749161433	0.996816357781912
SA150_2262	cds	20.4415273794672	-0.218616442317311	0.379893454561592	-0.575467778379075	0.564974976392454	0.996816357781912
SA150_2263	cds	1.2842526853629	3.21043086369719	1.6897314560055	1.89996514078432	0.0574376944151786	0.996816357781912
SA150_2264	cds	9.30674851732936	-0.166347365093311	0.578279088193002	-0.287659312760402	0.773607537813727	0.996816357781912
SA150_2265	cds	0	NA	NA	NA	NA	NA
SA150_2266	cds	0.45667826107573	-0.282975234215448	3.68506850217617	-0.0767896808562284	0.938790859983047	0.996816357781912
SA150_2267	cds	0.58341257956222	0.643393579060307	2.76277805737145	0.232879212770512	0.815855200508519	0.996816357781912
SA150_2268	cds	1.06534821565116	-2.04802937064693	1.90651580453259	-1.07422627485064	0.282721278867973	0.996816357781912
SA150_2269	cds	0	NA	NA	NA	NA	NA
SA150_2270	cds	0.497879897024007	0.242983776192873	3.44458869352064	0.0705407228009345	0.943763289150763	0.996816357781912
SA150_2271	cds	0	NA	NA	NA	NA	NA
SA150_2272	cds	0.393942525816995	-0.719742103087498	4.05376075286438	-0.177549230693728	0.859076998932134	0.996816357781912
SA150_2273	cds	0.371145578537517	-1.09697584897012	4.06663990652567	-0.269749934635181	0.787352641714099	0.996816357781912
SA150_2274	cds	2.30516387422379	0.576526016494688	1.07221816846984	0.537694690733926	0.5907878452602	0.996816357781912
SA150_2275	cds	0.454710087107138	1.72793707055623	3.34784808890711	0.516133655013095	0.605761063676997	0.996816357781912
SA150_2276	cds	0.543473791582963	0.50592122308413	2.933200492493	0.172480955317901	0.863059432436148	0.996816357781912
SA150_2277	cds	1.56318935360487	-2.48586722109106	1.50900090652036	-1.64735966052086	0.0994841417159587	0.996816357781912
SA150_2278	cds	1.41237114671452	-0.406698564102652	1.51887588033958	-0.267762869479318	0.788881853220092	0.996816357781912
SA150_2279	cds	3.75145561827676	0.812112147626677	0.878461669193412	0.924470783537253	0.355241256179324	0.996816357781912
SA150_2280	cds	0.18985632731003	-2.16919618901566	4.0804728567969	-0.531604121665066	0.595000209512941	0.996816357781912
SA150_2281	cds	2.40454210731986	-0.255523150501107	1.03635949380664	-0.246558411466419	0.805249993795037	0.996816357781912
SA150_2282	cds	1.14396294364065	-2.14640458789344	1.76160166818591	-1.21843923439502	0.223057103201056	0.996816357781912
SA150_2283	cds	1.18480918406252	1.90165890578977	1.72877058823138	1.10000651256756	0.271329284348889	0.996816357781912
SA150_2284	cds	0	NA	NA	NA	NA	NA
SA150_2285	cds	0	NA	NA	NA	NA	NA
SA150_2286	cds	0	NA	NA	NA	NA	NA
SA150_2287	cds	3.01327296119522	-0.0303344829840259	0.940321575915128	-0.0322596904729152	0.974264954803312	0.996816357781912
SA150_2288	cds	7.75111631306765	0.243647265263878	0.600809414034865	0.405531703685554	0.685086719205156	0.996816357781912
SA150_2289	cds	1.38692720860089	3.32481097567289	1.63705137128712	2.03097534627688	0.0422574955781549	0.996816357781912
SA150_2290	cds	1.26086733807558	-0.745489019056577	1.59668475486797	-0.466898062866656	0.640572811291879	0.996816357781912
SA150_2291	cds	0.833159893758178	-0.339553964274774	2.10150424450193	-0.161576625487735	0.871639265572273	0.996816357781912
SA150_2292	cds	3.88992850218806	1.29777539149773	0.886844204317711	1.46336344667908	0.143367955213076	0.996816357781912
SA150_2293	cds	9.43728930289455	-0.199343669537776	0.548601773998688	-0.363366797166523	0.716330901189736	0.996816357781912
SA150_2294	cds	2.05903822443463	0.246334964796747	1.1150655475682	0.220915232592352	0.825158436535465	0.996816357781912
SA150_2295	cds	0.728517196551594	0.925146656399395	2.30159386310742	0.401959125468965	0.687714108125302	0.996816357781912
SA150_2296	cds	3.96725387307452	0.800480919328545	0.836989680945304	0.956380870101617	0.338879845952535	0.996816357781912
SA150_2297	cds	0.186625305372418	-0.135206404479941	4.06664026283441	-0.0332476923802705	0.973477066105979	0.996816357781912
SA150_2298	cds	0	NA	NA	NA	NA	NA
SA150_2299	cds	0	NA	NA	NA	NA	NA
SA150_2300	cds	0.771687006468463	-0.189175752922796	2.34857492764681	-0.0805491665162003	0.935800494011369	0.996816357781912
SA150_2301	cds	0	NA	NA	NA	NA	NA
SA150_2302	cds	0.290430187245081	-2.16919618901566	4.0804728567969	-0.531604121665066	0.595000209512941	0.996816357781912
SA150_2303	cds	1.53415568462088	-1.092290523735	1.41782868207908	-0.770396690052346	0.441064616248283	0.996816357781912
SA150_2304	cds	3.53698743880203	-1.46956302161327	0.834741172591961	-1.76050142231528	0.0783228265628755	0.996816357781912
SA150_2305	cds	1.84887188671286	-0.0681291783051324	1.19511825575548	-0.0570062234235268	0.954540237630127	0.996816357781912
SA150_2306	cds	0.393942525816995	-0.719742103087498	4.05376075286438	-0.177549230693728	0.859076998932134	0.996816357781912
SA150_2307	cds	0	NA	NA	NA	NA	NA
SA150_2308	cds	0.290430187245081	-2.16919618901566	4.0804728567969	-0.531604121665066	0.595000209512941	0.996816357781912
SA150_2309	cds	9.3255893706979	-0.293006917065528	0.547800640067084	-0.534878741707285	0.592733709130617	0.996816357781912
SA150_2310	cds	3.75905134041697	0.0773093233556488	0.849153814144884	0.0910427793738416	0.927458599157324	0.996816357781912
SA150_2311	cds	2.23903811855907	-0.569155594160162	1.09192923264002	-0.521238535563411	0.60220061249372	0.996816357781912
SA150_2312	cds	0.439217367941183	-0.257817177678968	3.53020776619981	-0.0730317292221309	0.941780868650339	0.996816357781912
SA150_2313	cds	0.102674523237992	-0.135206406046156	4.06664026288408	-0.0332476927650018	0.973477065799177	0.996816357781912
SA150_2314	cds	3.73942451577517	-0.864055067675478	0.807833760058421	-1.06959514493798	0.284801581491988	0.996816357781912
SA150_2315	cds	0	NA	NA	NA	NA	NA
SA150_2316	cds	9.82165900229678	0.254084656727702	0.583692710784218	0.43530551612736	0.663340681511802	0.996816357781912
SA150_2317	cds	3.97961125349264	0.185266721109122	0.833108808102948	0.222379981230769	0.824018094348464	0.996816357781912
SA150_2318	cds	4.7999578561592	0.0618247313931997	0.729955429371138	0.0846965840728962	0.932502611725797	0.996816357781912
SA150_2319	cds	10.7604804909577	-0.061341936997482	0.518283980802285	-0.118355842105185	0.9057857126795	0.996816357781912
SA150_2320	cds	0	NA	NA	NA	NA	NA
SA150_2321	cds	0.186625305372418	-0.135206404479941	4.06664026283441	-0.0332476923802705	0.973477066105979	0.996816357781912
SA150_2322	cds	0.102674523237992	-0.135206406046156	4.06664026288408	-0.0332476927650018	0.973477065799177	0.996816357781912
SA150_2323	cds	0.0627357352587352	-0.301063623054013	4.07215242169882	-0.0739323070152701	0.941064248904088	0.996816357781912
SA150_2324	cds	0	NA	NA	NA	NA	NA
SA150_2325	cds	0	NA	NA	NA	NA	NA
SA150_2326	cds	0	NA	NA	NA	NA	NA
SA150_2327	cds	0.102674523237992	-0.135206406046156	4.06664026288408	-0.0332476927650018	0.973477065799177	0.996816357781912
SA150_2328	cds	0.0627357352587352	-0.301063623054013	4.07215242169882	-0.0739323070152701	0.941064248904088	0.996816357781912
SA150_2329	cds	1.55715038943902	2.43329917000163	1.56868509426926	1.55117121906174	0.120860657420967	0.996816357781912
SA150_2330	cds	0.355266585806758	-0.466666417899605	4.03924863968417	-0.115532976433977	0.908022684055862	0.996816357781912
SA150_2331	cds	0.707688423240708	-1.14522003534821	2.37402409759107	-0.482396129218007	0.629524570335028	0.996816357781912
SA150_2332	cds	0	NA	NA	NA	NA	NA
SA150_2333	cds	2.19819956044793	1.68717159877683	1.37088806653983	1.23071433763029	0.218429723746723	0.996816357781912
SA150_2334	cds	0.18985632731003	-2.16919618901566	4.0804728567969	-0.531604121665066	0.595000209512941	0.996816357781912
SA150_2335	cds	1.32360307333431	-0.527060888375666	1.53656055097811	-0.343013419184921	0.731588364882804	0.996816357781912
SA150_2336	cds	1.40746012520468	-0.499094258332644	1.57057304496703	-0.317778443945675	0.750653003032318	0.996816357781912
SA150_2337	cds	1.42876890234443	-0.516443051134202	1.46795766445693	-0.351810589391391	0.72498031646117	0.996816357781912
SA150_2338	cds	1.22700868931112	-0.552209667331113	1.59870234935775	-0.345411181482877	0.729785272269902	0.996816357781912
SA150_2339	cds	0.57859965722082	2.0413558071884	3.004443927783	0.679445466867054	0.496855649612508	0.996816357781912
SA150_2340	cds	0.62050661916867	0.347899381171611	2.55440874046208	0.136195658768642	0.89166660699165	0.996816357781912
SA150_2341	cds	0.790734168911175	0.950156144835519	2.29694482826117	0.41366084772476	0.6791225042695	0.996816357781912
SA150_2342	cds	0.312096775889888	1.18045741743722	4.00530474138199	0.294723496377434	0.768205112506805	0.996816357781912
SA150_2343	cds	1.49037427896849	0.810611986942418	1.52185440728409	0.532647527294704	0.594277595685401	0.996816357781912
SA150_2344	cds	0	NA	NA	NA	NA	NA
SA150_2345	cds	0.91785476096247	-0.115639598921741	1.98281230291258	-0.0583210013130724	0.953492939356337	0.996816357781912
SA150_2346	cds	0.480286514555111	-3.03234992746566	3.52557178098479	-0.86010159935494	0.389733039678143	0.996816357781912
SA150_2347	cds	1.6203396193926	0.430294726127985	1.3322426713693	0.322985245387553	0.746706416204975	0.996816357781912
SA150_2348	cds	5.35164528122403	-0.14849978252008	0.702865838932664	-0.211277564357921	0.832670688824525	0.996816357781912
SA150_2349	cds	0.639616633837041	-2.11767545519992	2.85293439381697	-0.7422797593206	0.457917852611968	0.996816357781912
SA150_2350	cds	0.683242354427405	0.621199741899228	2.37338635773922	0.261735616653226	0.793525279339071	0.996816357781912
SA150_2351	cds	0.933347480128424	1.30340044838328	1.95982429634185	0.665059847873184	0.506012214813851	0.996816357781912
SA150_2352	cds	2.42446147526241	0.594704241720105	1.05352447729823	0.564490198884819	0.57242056853608	0.996816357781912
SA150_2353	cds	0	NA	NA	NA	NA	NA
SA150_2354	cds	0	NA	NA	NA	NA	NA
SA150_2355	cds	3.03639332981384	0.272021152749761	0.899056669212561	0.302562855117921	0.762223025651232	0.996816357781912
SA150_2356	cds	1.63832364433067	1.16570918015187	1.46500938034277	0.795700830174292	0.426205944216715	0.996816357781912
SA150_2357	cds	0.292530850548023	-1.09697584897012	4.06663990652567	-0.269749934635181	0.787352641714099	0.996816357781912
SA150_2358	cds	0.165410258496727	0.495107692232776	4.03924898767954	0.12257419479288	0.902444289894505	0.996816357781912
SA150_2359	cds	0.355266585806758	-0.466666417899605	4.03924863968417	-0.115532976433977	0.908022684055862	0.996816357781912
SA150_2360	cds	0.165410258496727	0.495107692232776	4.03924898767954	0.12257419479288	0.902444289894505	0.996816357781912
SA150_2361	cds	0.0627357352587352	-0.301063623054013	4.07215242169882	-0.0739323070152701	0.941064248904088	0.996816357781912
SA150_2362	cds	0.433881313796252	-0.464460529050823	3.55443649572873	-0.130670650498033	0.896035850741005	0.996816357781912
SA150_2363	cds	0.891436149276197	1.46444899587274	2.1057878065555	0.695439963757878	0.486779622989392	0.996816357781912
SA150_2364	cds	0.186625305372418	-0.135206404479941	4.06664026283441	-0.0332476923802705	0.973477066105979	0.996816357781912
SA150_2365	cds	0	NA	NA	NA	NA	NA
SA150_2366	cds	0.0627357352587352	-0.301063623054013	4.07215242169882	-0.0739323070152701	0.941064248904088	0.996816357781912
SA150_2367	cds	0.249361040631153	0.719053425397083	4.02817913586526	0.178505821400773	0.85832574980268	0.996816357781912
SA150_2368	cds	1.49571033311342	0.973459770253691	1.52889270421514	0.63670901664314	0.524314399292817	0.996816357781912
SA150_2369	cds	0.604627626437911	0.625806730430842	2.55626979951421	0.244812472670048	0.806601635948189	0.996816357781912
SA150_2370	cds	1.28208238495127	-0.867868970536986	1.57004368946846	-0.552767401543332	0.580422693098461	0.996816357781912
SA150_2371	cds	0.0627357352587352	-0.301063623054013	4.07215242169882	-0.0739323070152701	0.941064248904088	0.996816357781912
SA150_2372	cds	0.0627357352587352	-0.301063623054013	4.07215242169882	-0.0739323070152701	0.941064248904088	0.996816357781912
SA150_2373	cds	0	NA	NA	NA	NA	NA
SA150_2374	cds	0.897158476985934	0.244490904022589	1.98605561699744	0.12310375496544	0.902024937867167	0.996816357781912
SA150_2375	cds	1.9750874423002	0.197644886771613	1.13840626015743	0.173615425080568	0.862167708667184	0.996816357781912
SA150_2376	cds	0.249361040631153	0.719053425397083	4.02817913586526	0.178505821400773	0.85832574980268	0.996816357781912
SA150_2377	cds	33.8017895309524	0.208124602140268	0.355531069253377	0.585390758049174	0.558285001605989	0.996816357781912
SA150_2378	cds	130.597484644828	-0.334997977408069	0.15113837458465	-2.21649847914993	0.0266573819256532	0.996816357781912
SA150_2379	cds	0	NA	NA	NA	NA	NA
SA150_2380	cds	0	NA	NA	NA	NA	NA
SA150_2381	cds	0	NA	NA	NA	NA	NA
SA150_2382	cds	0.33120679055826	-1.26283750952411	4.07215218538409	-0.310115499626151	0.756473125924892	0.996816357781912
SA150_2383	cds	3.56781719207192	0.511070120496502	0.881115255962389	0.580026412025168	0.56189680672323	0.996816357781912
SA150_2384	cds	0.811944846882488	-0.256394218880107	2.11157396760596	-0.121423271366998	0.903355785365819	0.996816357781912
SA150_2385	cds	0.268471055299524	-2.16919618901566	4.0804728567969	-0.531604121665066	0.595000209512941	0.996816357781912
SA150_2386	cds	0.505184125137531	-1.32808453026248	3.39960681201717	-0.390658274235678	0.696049845023274	0.996816357781912
SA150_2387	cds	0	NA	NA	NA	NA	NA
SA150_2388	cds	0.28929982861041	1.03663867269986	4.01494059495814	0.258195270436042	0.796256207858309	0.996816357781912
SA150_2389	cds	0	NA	NA	NA	NA	NA
SA150_2390	cds	1.5542403728619	-0.146413968235635	1.38272135621733	-0.105888267059226	0.915671003259973	0.996816357781912
SA150_2391	cds	0	NA	NA	NA	NA	NA
SA150_2392	cds	0	NA	NA	NA	NA	NA
SA150_2393	cds	0	NA	NA	NA	NA	NA
SA150_2394	cds	0.102674523237992	-0.135206406046156	4.06664026288408	-0.0332476927650018	0.973477065799177	0.996816357781912
SA150_2395	cds	1.70496726546685	1.43368806847535	1.40943490988242	1.0172077180882	0.309054625190327	0.996816357781912
SA150_2396	cds	0	NA	NA	NA	NA	NA
SA150_2397	cds	0	NA	NA	NA	NA	NA
SA150_2398	cds	1.38918792587023	0.679217062671197	1.55004269189277	0.43819248735775	0.661246754080173	0.996816357781912
SA150_2399	cds	1.7905671691351	0.683104884106957	1.26100330765386	0.541715378509116	0.588014593966494	0.996816357781912
SA150_2400	cds	0	NA	NA	NA	NA	NA
SA150_2401	cds	1.45312124089368	-1.56734129012269	1.54656974551843	-1.01343071960669	0.310854472348766	0.996816357781912
SA150_2402	cds	0	NA	NA	NA	NA	NA
SA150_2403	cds	9.61954643658769	0.14497386894886	0.564650940484242	0.256749539502282	0.797372126072573	0.996816357781912
SA150_2404	cds	2.31739469341373	0.531238238887276	1.16553781102847	0.455788078139233	0.648542377901602	0.996816357781912
SA150_2405	cds	1.13946907373402	-1.41942382050963	1.75902044514697	-0.806939921833048	0.419701097035723	0.996816357781912
SA150_2406	cds	2.5852740290751	-1.92343185129834	1.02166492457671	-1.88264450019681	0.059748561431499	0.996816357781912
SA150_2407	cds	2.05858668266551	-0.612543934070946	1.10478058542925	-0.55444849606309	0.579271944407296	0.996816357781912
SA150_2408	cds	1.72091784823202	1.01148830171198	1.44608655464997	0.699465947221134	0.484260886940789	0.996816357781912
SA150_2409	cds	0.52106311786829	-2.0727756302792	3.08555246993118	-0.671768070865255	0.50173135840274	0.996816357781912
SA150_2410	cds	2.03300588631316	0.279652787014169	1.14792973471287	0.243614899551425	0.807529087739154	0.996816357781912
SA150_2411	cds	0.536942110599049	-3.1747113479386	3.49460326025044	-0.908461164690576	0.363634622887522	0.996816357781912
SA150_2412	cds	0.791252931810329	1.10921884086239	2.16560568756196	0.512197971788277	0.608512462444781	0.996816357781912
SA150_2413	cds	0.249361040631153	0.719053425397083	4.02817913586526	0.178505821400773	0.85832574980268	0.996816357781912
SA150_2414	cds	7.33042055978699	-0.511045362499977	0.60283577144346	-0.847735630014631	0.396585218742745	0.996816357781912
SA150_2415	cds	0.268471055299524	-2.16919618901566	4.0804728567969	-0.531604121665066	0.595000209512941	0.996816357781912
SA150_2416	cds	0	NA	NA	NA	NA	NA
SA150_2417	cds	0	NA	NA	NA	NA	NA
SA150_2418	cds	0.642465751114226	0.344646446719348	2.50227598563242	0.137733187185682	0.890451289773907	0.996816357781912
SA150_2419	cds	0.480738056324228	0.217015144541809	3.23232050596044	0.0671391169723515	0.946470953292476	0.996816357781912
SA150_2420	cds	0.228145993755463	0.856440859300288	4.02212210253819	0.21293258570142	0.83137954545077	0.996816357781912
SA150_2421	cds	0.731229455590052	-0.742165042802775	2.41108851417817	-0.307813271241826	0.758224422596031	0.996816357781912
SA150_2422	cds	0.876329703675048	-1.38236261881989	2.00262617647167	-0.690274917536238	0.490021318194427	0.996816357781912
SA150_2423	cds	0.12547147051747	0.242031776194219	4.05376117389553	0.0597054848106984	0.952390203283409	0.996816357781912
SA150_2424	cds	0	NA	NA	NA	NA	NA
SA150_2425	cds	0.252592062568766	-1.26283750952411	4.07215218538409	-0.310115499626151	0.756473125924892	0.996816357781912
SA150_2426	cds	1.49195617937228	0.918648161373857	1.50139500609044	0.611863072440857	0.540628355420453	0.996816357781912
SA150_2427	cds	0.188207205776206	0.669288743296893	4.03050631753905	0.166055748476173	0.868113078181307	0.996816357781912
SA150_2428	cds	0	NA	NA	NA	NA	NA
SA150_2429	cds	4.69119550517172	-0.383924713621044	0.748513151556376	-0.512916456875544	0.608009761156987	0.996816357781912
SA150_2430	cds	0.621636977803341	-2.28749472408142	2.72929735197959	-0.838125872368681	0.401960013623699	0.996816357781912
SA150_2431	cds	2.80062405551009	0.443845129119457	0.993192829470273	0.446887166267788	0.654956530696397	0.996816357781912
SA150_2432	cds	0	NA	NA	NA	NA	NA
SA150_2433	cds	0	NA	NA	NA	NA	NA
SA150_2434	cds	3.46320537290373	1.82048347979931	1.05276217590179	1.72924476341477	0.0837652979337607	0.996816357781912
SA150_2435	cds	1.08168311905541	0.202685896606746	1.75092192417185	0.115759528628103	0.907843126289666	0.996816357781912
SA150_2436	cds	0.848652612924132	1.13790237403643	2.06206441807206	0.551826782938393	0.581067035543585	0.996816357781912
SA150_2437	cds	1.60019207892592	1.0743499138299	1.47592871168833	0.727914502456515	0.466665924958644	0.996816357781912
SA150_2438	cds	3.77837417226286	0.486363695573825	0.871696825986192	0.557950517972322	0.576878173666003	0.996816357781912
SA150_2439	cds	0.541891891179176	0.359888328670138	2.78570350535446	0.129191182040152	0.897206373450599	0.996816357781912
SA150_2440	cds	0	NA	NA	NA	NA	NA
SA150_2441	cds	0.33120679055826	-1.26283750952411	4.07215218538409	-0.310115499626151	0.756473125924892	0.996816357781912
SA150_2442	cds	22.8248647369219	-0.00321012412906075	0.362282917866953	-0.0088608211172674	0.992930180148101	0.997432319070984
SA150_2443	cds	0	NA	NA	NA	NA	NA
SA150_2444	cds	1.72459604303438	0.680136424554033	1.2885560666116	0.527828351576916	0.597618477258019	0.996816357781912
SA150_2445	cds	3.96974080994227	0.496384423056864	0.806619547045748	0.615388537105103	0.538298159715572	0.996816357781912
SA150_2446	cds	5.16905793508475	-0.83577496066442	0.708009458642335	-1.18045733776931	0.237818368757735	0.996816357781912
SA150_2447	cds	24.7744248355125	-0.119459279634401	0.365619924967915	-0.326730770060971	0.743871525260792	0.996816357781912
SA150_2448	cds	0.102674523237992	-0.135206406046156	4.06664026288408	-0.0332476927650018	0.973477065799177	0.996816357781912
SA150_2449	cds	0.312096775889888	1.18045741743722	4.00530474138199	0.294723496377434	0.768205112506805	0.996816357781912
SA150_2450	cds	0.102674523237992	-0.135206406046156	4.06664026288408	-0.0332476927650018	0.973477065799177	0.996816357781912
SA150_2451	cds	0	NA	NA	NA	NA	NA
SA150_2452	cds	0.102674523237992	-0.135206406046156	4.06664026288408	-0.0332476927650018	0.973477065799177	0.996816357781912
SA150_2453	cds	0	NA	NA	NA	NA	NA
SA150_2454	cds	13.4027523580152	-0.3337654231473	0.470906966739465	-0.708771470208381	0.478466304937395	0.996816357781912
SA150_2455	cds	0	NA	NA	NA	NA	NA
SA150_2456	cds	0	NA	NA	NA	NA	NA
SA150_2457	cds	3.7591881986557	0.765301489974848	0.843225101869201	0.907588600337422	0.364095619390257	0.996816357781912
SA150_2458	cds	1.02098082596958	1.70380931978224	1.87048883895126	0.910889861677829	0.362353408037221	0.996816357781912
SA150_2459	cds	2.82975492623482	-0.575459845794601	0.917317943720132	-0.627328670210959	0.530443813794165	0.996816357781912
SA150_2460	cds	2.06188297280743	0.456395433620987	1.14076451804238	0.400078566963309	0.689098649955498	0.996816357781912
SA150_2461	cds	2.29251590343064	0.243778332509654	1.06051227364724	0.229868468821459	0.818193978507152	0.996816357781912
SA150_2462	cds	2.0011870015517	-0.649967330795055	1.1728705621804	-0.55416799752118	0.579463877791705	0.996816357781912
SA150_2463	cds	1.72498231659918	-0.174550223622459	1.23690223067797	-0.141118852641073	0.887776050437138	0.996816357781912
SA150_2464	cds	0.87174210350436	-0.744779651061844	2.13607942867356	-0.348666646504025	0.727339586935213	0.996816357781912
SA150_2465	cds	0.669012483230471	-0.689678787542521	2.60475669000729	-0.264776664242138	0.791181514718895	0.996816357781912
SA150_2466	cds	0	NA	NA	NA	NA	NA
SA150_2467	cds	1.09717146931699	0.499914070282034	1.7892631747128	0.279396612721477	0.779940470281146	0.996816357781912
SA150_2468	cds	0	NA	NA	NA	NA	NA
SA150_2469	cds	0.848652612924132	1.13790237403643	2.06206441807206	0.551826782938393	0.581067035543585	0.996816357781912
SA150_2470	cds	0.353165922503816	-1.26283750952411	4.07215218538409	-0.310115499626151	0.756473125924892	0.996816357781912
SA150_2471	cds	0	NA	NA	NA	NA	NA
SA150_2472	cds	0	NA	NA	NA	NA	NA
SA150_2473	cds	0.47915615592044	0.0363384638125871	3.30276575489513	0.0110024344774463	0.991221504510919	0.996816357781912
SA150_2474	cds	0.379712654620061	-2.77932101736673	4.06325641966939	-0.684013197865783	0.493966831897797	0.996816357781912
SA150_2475	cds	0.18985632731003	-2.16919618901566	4.0804728567969	-0.531604121665066	0.595000209512941	0.996816357781912
SA150_2476	cds	0.186625305372418	-0.135206404479941	4.06664026283441	-0.0332476923802705	0.973477066105979	0.996816357781912
SA150_2477	cds	0	NA	NA	NA	NA	NA
SA150_2478	cds	0	NA	NA	NA	NA	NA
SA150_2479	cds	0.433881313796252	-0.464460529050823	3.55443649572873	-0.130670650498033	0.896035850741005	0.996816357781912
SA150_2480	cds	0.18985632731003	-2.16919618901566	4.0804728567969	-0.531604121665066	0.595000209512941	0.996816357781912
SA150_2481	cds	1.85323326728515	-1.4205424499444	1.19268902114074	-1.19104177599097	0.233637185147414	0.996816357781912
SA150_2482	cds	0	NA	NA	NA	NA	NA
SA150_2483	cds	0.186625305372418	-0.135206404479941	4.06664026283441	-0.0332476923802705	0.973477066105979	0.996816357781912
SA150_2484	cds	0.102674523237992	-0.135206406046156	4.06664026288408	-0.0332476927650018	0.973477065799177	0.996816357781912
SA150_2485	cds	0.102674523237992	-0.135206406046156	4.06664026288408	-0.0332476927650018	0.973477065799177	0.996816357781912
SA150_2486	cds	0	NA	NA	NA	NA	NA
SA150_2487	cds	0	NA	NA	NA	NA	NA
SA150_2488	cds	0	NA	NA	NA	NA	NA
SA150_2489	cds	1.16314259541771	0.512917130576522	1.65674016469247	0.30959419075334	0.756869574500463	0.996816357781912
SA150_2490	cds	0.818930022561244	-1.55088285849238	2.25677578546977	-0.687211759572095	0.491949294963509	0.996816357781912
SA150_2491	cds	0	NA	NA	NA	NA	NA
SA150_2492	cds	0.26808478173472	1.02175530007769	4.01550283770304	0.254452640522141	0.799145887562061	0.996816357781912
SA150_2493	cds	0.833903978828045	-0.286058452528437	2.07923819998711	-0.137578490300058	0.890573556104995	0.996816357781912
SA150_2494	cds	0.632304717188826	-2.44356769727983	2.85129294163107	-0.857003383132566	0.391443014909532	0.996816357781912
SA150_2495	cds	0.370759304972712	1.4731093493904	3.98765792177652	0.369417181284729	0.711816793465547	0.996816357781912
SA150_2496	cds	0.102674523237992	-0.135206406046156	4.06664026288408	-0.0332476927650018	0.973477065799177	0.996816357781912
SA150_2497	cds	0	NA	NA	NA	NA	NA
SA150_2498	cds	0.806745650976283	2.53621899230016	2.17695022733259	1.16503306343746	0.244005609574565	0.996816357781912
SA150_2499	cds	0.473820101775509	-0.252710072411082	3.59283458561027	-0.070337241080682	0.943925241798508	0.996816357781912
SA150_2500	cds	0.12547147051747	0.242031776194219	4.05376117389553	0.0597054848106984	0.952390203283409	0.996816357781912
SA150_2501	cds	2.13494069338566	0.844677146506129	1.19315815807505	0.707933932135928	0.478986286617546	0.996816357781912
SA150_2502	cds	27.8534369331743	-0.648636094511885	0.32030169106771	-2.02507858247544	0.0428592957468067	0.996816357781912
SA150_2503	cds	0	NA	NA	NA	NA	NA
SA150_2504	cds	1.02098082596958	1.70380931978224	1.87048883895126	0.910889861677829	0.362353408037221	0.996816357781912
SA150_2505	cds	0.645696773051839	-1.31873440417573	2.49246277864078	-0.529088905750835	0.596743777177608	0.996816357781912
SA150_2506	cds	0	NA	NA	NA	NA	NA
SA150_2507	cds	22.8713490020299	-0.298917056984868	0.359485916404153	-0.831512566541857	0.405684132141805	0.996816357781912
SA150_2508	cds	81.618856144823	0.251836868054043	0.200361235286503	1.25691413158805	0.208784730803785	0.996816357781912
SA150_2509	cds	7.34886396687525	-0.199152925232622	0.649384984752007	-0.30667928872528	0.759087495812716	0.996816357781912
SA150_2510	cds	0.936578502066037	0.0525416755004972	1.92089772954134	0.0273526667726567	0.97817845055145	0.996816357781912
SA150_2511	cds	0	NA	NA	NA	NA	NA
SA150_2512	cds	0.228145993755463	0.856440859300288	4.02212210253819	0.21293258570142	0.83137954545077	0.996816357781912
SA150_2513	cds	0.186625305372418	-0.135206404479941	4.06664026283441	-0.0332476923802705	0.973477066105979	0.996816357781912
SA150_2514	cds	0.644566414417168	0.746448617112414	2.46106155000688	0.303303514335238	0.761658568207479	0.996816357781912
SA150_2515	cds	0.0627357352587352	-0.301063623054013	4.07215242169882	-0.0739323070152701	0.941064248904088	0.996816357781912
SA150_2516	cds	2.62356806442491	-0.96417613637244	0.989448637471877	-0.974457995956202	0.329829185301879	0.996816357781912
SA150_2517	cds	9.6047049758792	-0.488971394030941	0.549210513814279	-0.890316885295993	0.373295756987024	0.996816357781912
SA150_2518	cds	0	NA	NA	NA	NA	NA
SA150_2519	cds	1.22032132326518	1.70302385228684	1.8810360489301	0.905364813851114	0.365272150025069	0.996816357781912
SA150_2520	cds	1.76214599331432	2.44520554936829	1.50778764424992	1.62171746047482	0.10486385847261	0.996816357781912
SA150_2521	cds	0.252592062568766	-1.26283750952411	4.07215218538409	-0.310115499626151	0.756473125924892	0.996816357781912
SA150_2522	cds	0	NA	NA	NA	NA	NA
SA150_2523	cds	0.875491888341126	-1.6552115224268	2.14461616439483	-0.771798492386104	0.44023378480734	0.996816357781912
SA150_2524	cds	0	NA	NA	NA	NA	NA
SA150_2525	cds	0.391974351848402	1.50597132677456	3.98588053638483	0.377826508603911	0.705559479865781	0.996816357781912
SA150_2526	cds	0.376481632682448	-1.09697584741616	4.06663990647638	-0.269749934256328	0.78735264200558	0.996816357781912
SA150_2527	cds	0	NA	NA	NA	NA	NA
SA150_2528	cds	0.268471055299524	-2.16919618901566	4.0804728567969	-0.531604121665066	0.595000209512941	0.996816357781912
SA150_2529	cds	0.519027722769661	1.98228545377189	3.21837027467828	0.615928337820002	0.537941817692371	0.996816357781912
SA150_2530	cds	0.517832095930677	-0.27549160862005	3.11011024930404	-0.0885793706771963	0.929416203441853	0.996816357781912
SA150_2531	cds	0.632304717188826	-2.44356769727983	2.85129294163107	-0.857003383132566	0.391443014909532	0.996816357781912
SA150_2532	cds	16.6537152861026	0.351117612427204	0.456965616191113	0.768367684540098	0.442268773420249	0.996816357781912
SA150_2533	cds	6.91640977207242	-0.239365397209394	0.663348416443018	-0.360844152599187	0.718215954331151	0.996816357781912
SA150_2534	cds	18.7941662966855	-0.380481514814735	0.398640868807018	-0.95444683319443	0.339857509489375	0.996816357781912
SA150_2535	cds	18.0543200040016	-0.958812282572372	0.414975490481768	-2.31052749997171	0.020858967859188	0.996816357781912
SA150_2536	cds	15.9957609421178	-0.339969698409478	0.458895517079023	-0.740843363590615	0.458788419089688	0.996816357781912
SA150_2537	cds	15.611029919083	-0.671655199994743	0.468846081640391	-1.43257078665298	0.151980535288574	0.996816357781912
SA150_2538	cds	0.249361040631153	0.719053425397083	4.02817913586526	0.178505821400773	0.85832574980268	0.996816357781912
SA150_2539	cds	1.84835312381371	-0.152906858470248	1.18897429798159	-0.128604006604536	0.897670995826891	0.996816357781912
SA150_2540	cds	6.30258372784269	-0.584621174897716	0.634558644510237	-0.921303617806573	0.356891932820616	0.996816357781912
SA150_2541	cds	0.0627357352587352	-0.301063623054013	4.07215242169882	-0.0739323070152701	0.941064248904088	0.996816357781912
SA150_2542	cds	1.20767335247203	0.775589817284775	1.74143782973272	0.445373245052231	0.656050043868678	0.996816357781912
SA150_2543	cds	17.7352916367784	0.277045303761315	0.486600770215999	0.569348263954321	0.569119819255725	0.996816357781912
SA150_2544	cds	6.59744493276875	-0.423045359543602	0.624467153550707	-0.677450138310998	0.498120395944421	0.996816357781912
SA150_2545	cds	10.1372055516319	0.233573552557821	0.579855766704889	0.402813192468768	0.687085655306157	0.996816357781912
SA150_2546	cds	5.11994484419181	-0.260495128225214	0.700282823740636	-0.371985602665151	0.709903568827683	0.996816357781912
SA150_2547	cds	1.68617388725459	-1.07065122612301	1.27451143075771	-0.840048351301566	0.400881277095159	0.996816357781912
SA150_2548	cds	2.66072737223567	0.177902706281386	0.986705072833112	0.180299778707509	0.856917229389909	0.996816357781912
SA150_2549	cds	2.53120920467631	0.679124953359384	1.02741254265775	0.661005122248746	0.508609028653094	0.996816357781912
SA150_2550	cds	1.57302938216978	2.36215150457417	1.56565660051183	1.5087289919143	0.131368053432213	0.996816357781912
SA150_2551	cds	3.54193721938216	-0.894547015999722	0.825533651561329	-1.08359848724261	0.278542861864278	0.996816357781912
SA150_2552	cds	0.773655180437056	-1.99094633417743	2.31213472637141	-0.861085779937208	0.389190800448949	0.996816357781912
SA150_2553	cds	1.43423744582371	1.11649491541662	1.69432652306882	0.658960891076876	0.50992088281632	0.996816357781912
SA150_2554	cds	0.9528437683616	-2.21390209202724	2.06275755324105	-1.07327305070279	0.283148622976029	0.996816357781912
SA150_2555	cds	0.18985632731003	-2.16919618901566	4.0804728567969	-0.531604121665066	0.595000209512941	0.996816357781912
SA150_2556	cds	15.7388229999457	-0.19643342282642	0.451933043824897	-0.434651604945551	0.663815331181029	0.996816357781912
SA150_2557	cds	0.33120679055826	-1.26283750952411	4.07215218538409	-0.310115499626151	0.756473125924892	0.996816357781912
SA150_2558	cds	0	NA	NA	NA	NA	NA
SA150_2559	cds	0	NA	NA	NA	NA	NA
SA150_2560	cds	0.850301734457957	-0.371106582200336	2.10933761973346	-0.175935127088489	0.860344908332538	0.996816357781912
SA150_2561	cds	0.315327797827501	-0.719742103087498	4.05376075286438	-0.177549230693728	0.859076998932134	0.996816357781912
SA150_2562	cds	0	NA	NA	NA	NA	NA
SA150_2563	cds	0	NA	NA	NA	NA	NA
SA150_2564	cds	0	NA	NA	NA	NA	NA
SA150_2565	cds	0	NA	NA	NA	NA	NA
SA150_2566	cds	0	NA	NA	NA	NA	NA
SA150_2567	cds	0.667363361696646	0.851256046755607	2.38778408733757	0.356504614998408	0.721462696570392	0.996816357781912
SA150_2568	cds	0.473820101775509	-0.252710072411082	3.59283458561027	-0.070337241080682	0.943925241798508	0.996816357781912
SA150_2569	cds	0.102674523237992	-0.135206406046156	4.06664026288408	-0.0332476927650018	0.973477065799177	0.996816357781912
SA150_2570	cds	0	NA	NA	NA	NA	NA
SA150_2571	cds	0.186625305372418	-0.135206404479941	4.06664026283441	-0.0332476923802705	0.973477066105979	0.996816357781912
SA150_2572	cds	13.785681582878	-0.439511185533658	0.456306422173836	-0.96319307416239	0.335450640124142	0.996816357781912
SA150_2573	cds	0	NA	NA	NA	NA	NA
SA150_2574	cds	0.0627357352587352	-0.301063623054013	4.07215242169882	-0.0739323070152701	0.941064248904088	0.996816357781912
SA150_2575	cds	0	NA	NA	NA	NA	NA
SA150_2576	cds	0	NA	NA	NA	NA	NA
SA150_2577	cds	0	NA	NA	NA	NA	NA
SA150_2578	cds	0	NA	NA	NA	NA	NA
SA150_2579	cds	0	NA	NA	NA	NA	NA
SA150_2580	cds	0.290430187245081	-2.16919618901566	4.0804728567969	-0.531604121665066	0.595000209512941	0.996816357781912
SA150_2581	cds	0.0627357352587352	-0.301063623054013	4.07215242169882	-0.0739323070152701	0.941064248904088	0.996816357781912
SA150_2582	cds	0.165410258496727	0.495107692232776	4.03924898767954	0.12257419479288	0.902444289894505	0.996816357781912
SA150_2583	cds	0.0627357352587352	-0.301063623054013	4.07215242169882	-0.0739323070152701	0.941064248904088	0.996816357781912
SA150_2584	cds	0.370759304972712	1.4731093493904	3.98765792177652	0.369417181284729	0.711816793465547	0.996816357781912
SA150_2585	cds	0.0627357352587352	-0.301063623054013	4.07215242169882	-0.0739323070152701	0.941064248904088	0.996816357781912
SA150_2586	cds	0	NA	NA	NA	NA	NA
SA150_2587	cds	0	NA	NA	NA	NA	NA
SA150_2588	cds	0	NA	NA	NA	NA	NA
SA150_2589	cds	0	NA	NA	NA	NA	NA
SA150_2590	cds	13.5731588446971	0.0742053290157281	0.467726414928285	0.158651140169421	0.873943734984134	0.996816357781912
SA150_2591	cds	0.907315142006956	1.32516774949524	2.10489087217455	0.629566010767208	0.528978567422484	0.996816357781912
SA150_2592	cds	0.370759304972712	1.4731093493904	3.98765792177652	0.369417181284729	0.711816793465547	0.996816357781912
SA150_2593	cds	0	NA	NA	NA	NA	NA
SA150_2594	cds	0.312096775889888	1.18045741743722	4.00530474138199	0.294723496377434	0.768205112506805	0.996816357781912
SA150_2595	cds	0.648183709919585	-3.50050983574819	2.76410468517403	-1.26641724335697	0.205363740675622	0.996816357781912
SA150_2596	cds	0	NA	NA	NA	NA	NA
SA150_2597	cds	6.4977553357726	0.114899717158854	0.64941305167371	0.17692856166461	0.859564503565203	0.996816357781912
SA150_2598	cds	0	NA	NA	NA	NA	NA
SA150_2599	cds	0.558901242544605	-3.21476584819174	3.12764135441382	-1.0278562929394	0.304017431709646	0.996816357781912
SA150_2600	cds	0.458327382609555	-2.97884172919623	3.66629349974809	-0.812494070483148	0.416508187597167	0.996816357781912
SA150_2601	cds	0.205349046475984	0.710836152680787	4.02855838759022	0.176449261569718	0.859941006580695	0.996816357781912
SA150_2602	cds	6.29433765712064	-1.35993760018242	0.665003523858793	-2.04500811107159	0.0408540584558964	0.996816357781912
SA150_2603	cds	0.0627357352587352	-0.301063623054013	4.07215242169882	-0.0739323070152701	0.941064248904088	0.996816357781912
SA150_2604	cds	0	NA	NA	NA	NA	NA
SA150_2605	cds	0	NA	NA	NA	NA	NA
SA150_2606	cds	0.205349046475984	0.710836152680787	4.02855838759022	0.176449261569718	0.859941006580695	0.996816357781912
SA150_2607	cds	0	NA	NA	NA	NA	NA
SA150_2608	cds	0	NA	NA	NA	NA	NA
SA150_2609	cds	0	NA	NA	NA	NA	NA
SA150_2610	cds	9.44900467259169	0.561351252924435	0.557448834801086	1.00700049561453	0.313934536019013	0.996816357781912
SA150_2611	cds	0.252592062568766	-1.26283750952411	4.07215218538409	-0.310115499626151	0.756473125924892	0.996816357781912
SA150_2612	cds	0.26808478173472	1.02175530007769	4.01550283770304	0.254452640522141	0.799145887562061	0.996816357781912
SA150_2613	cds	0.0627357352587352	-0.301063623054013	4.07215242169882	-0.0739323070152701	0.941064248904088	0.996816357781912
SA150_2614	cds	1.74258006797245	1.37657514237458	1.39229211326286	0.988711441558449	0.322804343241204	0.996816357781912
SA150_2615	cds	0.919955424265412	0.346103027229138	1.96336060188382	0.176280927149631	0.860073245319924	0.996816357781912
SA150_2616	cds	4.29079288840523	-1.10859930023074	0.792033507560269	-1.39968737389104	0.161606956386056	0.996816357781912
SA150_2617	cds	1.64268065599858	-1.0094843589194	1.3207245376404	-0.764341337008053	0.444663857642003	0.996816357781912
SA150_2618	cds	0	NA	NA	NA	NA	NA
SA150_2619	cds	2.49534362287296	0.625201934315431	1.07318626323536	0.582566098480074	0.560185432937073	0.996816357781912