"tag"	"moltype"	"baseMean"	"log2FoldChange"	"lfcSE"	"stat"	"pvalue"	"padj"
SA150_0001	cds	2.73561075423195	-1.02669221392817	1.00828247289328	-1.01825851537622	0.308555117608159	0.692571316297275
SA150_0002	cds	1.79125033839721	-0.294668406162553	1.3174847854416	-0.223659817114157	0.823022015143601	NA
SA150_0003	cds	1.57103730370407	-1.17518155173751	1.47125847244187	-0.798759411585264	0.424429929750772	NA
SA150_0004	cds	2.72930451689846	0.909634124742432	1.03600723131065	0.87801908833364	0.379933359926304	0.741236588805086
SA150_0005	cds	10.6789791968072	0.373963250034267	0.511420699640852	0.731224313558065	0.464642151551731	0.790071801399808
SA150_0006	cds	13.5882847309564	-0.239990163637294	0.456496297784127	-0.525722037182398	0.599081350021711	0.849677707550248
SA150_0007	cds	3.20737524223135	0.28642420363393	0.950083130554111	0.301472781089041	0.763054002645815	0.911284037902589
SA150_0008	cds	0.784974425935451	1.55286546153158	2.28847378774696	0.67855942674371	0.497417058055991	NA
SA150_0009	cds	13.8901899207928	-1.25792013807204	0.475759141888858	-2.64402725521543	0.00819260590303215	0.109552288238221
SA150_0010	cds	0	NA	NA	NA	NA	NA
SA150_0011	cds	0.103101939536904	0.321649911630934	4.0804728567969	0.0788266269423059	0.93717052470321	NA
SA150_0012	cds	0.361202809238057	-0.640122760582696	4.0804728567969	-0.156874652288505	0.875343637031472	NA
SA150_0013	cds	1.84826398446375	1.053573910385	1.30517249511824	0.807229630049437	0.419534197842887	NA
SA150_0014	cds	10.5144265007759	-0.155556132674743	0.517229659079836	-0.300748671202423	0.763606151653194	0.911284037902589
SA150_0015	cds	1.26805608674456	1.16543586511115	1.68156535127696	0.6930660555215	0.488268098645769	NA
SA150_0016	cds	7.99720380046974	0.306332292878385	0.59444906730417	0.515321344968382	0.606328485677464	0.854499560084066
SA150_0017	cds	0.659525354698481	1.23159839297182	2.74433207257726	0.448778923395811	0.653591144379466	NA
SA150_0018	cds	2.72710588396165	0.114259754146355	1.08148433480427	0.10565086378901	0.915859367079271	0.97867874846138
SA150_0019	cds	8.77254252014566	0.115175019098055	0.619832354409961	0.185816403868904	0.852588740136495	0.953771450541799
SA150_0020	cds	8.31456802854254	-0.385094896699643	0.573336469592196	-0.671673471205406	0.501791593676911	0.814391631177268
SA150_0021	cds	2.9162587889509	0.0816091631526868	0.99266627153808	0.0822120842549007	0.934478064130527	0.985917223623951
SA150_0022	cds	0.440353260747497	1.97249350669786	3.98574496343327	0.49488703486908	0.620679863057303	NA
SA150_0023	cds	5.35177574720546	-0.0225689376373904	0.752818420538225	-0.0299792579746585	0.976083595472992	0.995117703286521
SA150_0024	cds	1.36929676923714	-0.286257989586957	1.57805328857775	-0.181399444276659	0.856054055045385	NA
SA150_0025	cds	1.4731531496675	-2.27872021794731	1.60259885494757	-1.421890581609	0.155058017796631	NA
SA150_0026	cds	3.94023887504925	-0.225090717677599	0.904272700922439	-0.248919067719269	0.803423385527441	0.921997183009566
SA150_0027	cds	2.91268520433222	-0.599255416960059	1.02184431907768	-0.586444926856323	0.557576560711109	0.828440626379554
SA150_0028	cds	0.392780930679524	-0.640122760582697	4.0804728567969	-0.156874652288505	0.875343637031472	NA
SA150_0029	cds	0	NA	NA	NA	NA	NA
SA150_0030	cds	0	NA	NA	NA	NA	NA
SA150_0031	cds	0	NA	NA	NA	NA	NA
SA150_0032	cds	0.276500561288574	1.30526492173593	4.03134036313062	0.323779389523514	0.746105061147206	NA
SA150_0033	cds	0.103101939536904	0.321649911630934	4.0804728567969	0.0788266269423059	0.93717052470321	NA
SA150_0034	cds	6.53579667124872	1.1666462646447	0.749044969207872	1.5575116483039	0.1193490571936	0.485828040113806
SA150_0035	cds	0	NA	NA	NA	NA	NA
SA150_0036	cds	0	NA	NA	NA	NA	NA
SA150_0037	cds	0.151218495521463	-1.60190344001155	4.0804728567969	-0.392577893844641	0.694631269519754	NA
SA150_0038	cds	0	NA	NA	NA	NA	NA
SA150_0039	cds	0.151218495521463	-1.60190344001155	4.0804728567969	-0.392577893844641	0.694631269519754	NA
SA150_0040	cds	0.254153429588509	1.19351136930369	4.04117880081232	0.295337432004687	0.76773612448575	NA
SA150_0041	cds	1.50380982474565	0.562230797037652	1.42664949316387	0.39409175114961	0.693513300878282	NA
SA150_0042	cds	0	NA	NA	NA	NA	NA
SA150_0043	cds	0.241729440627919	-1.60190344001155	4.0804728567969	-0.392577893844641	0.694631269519754	NA
SA150_0044	cds	1.10708145395348	2.1624812418588	1.9096734974646	1.13238270559331	0.257473572548775	NA
SA150_0045	cds	0.103101939536904	0.321649911630934	4.0804728567969	0.0788266269423059	0.93717052470321	NA
SA150_0046	cds	0.103101939536904	0.321649911630934	4.0804728567969	0.0788266269423059	0.93717052470321	NA
SA150_0047	cds	0	NA	NA	NA	NA	NA
SA150_0048	cds	1.19610836246234	-1.15906757020094	1.70023535599805	-0.681710073909479	0.495422296211619	NA
SA150_0049	cds	1.9765762342839	-1.25229233508074	1.30118627917957	-0.962423563112224	0.335836882090801	NA
SA150_0050	cds	0.302436991042926	-2.1969456258055	4.06249827642477	-0.540786845019645	0.588654511098969	NA
SA150_0051	cds	1.12222574714604	2.14170073067566	1.90631571345138	1.12347640821683	0.261235214688404	NA
SA150_0052	cds	16.8819511172938	0.11598762269663	0.443222666747303	0.26169154106633	0.793559262586912	0.920933998178641
SA150_0053	cds	0.525222514166838	-1.44710654554773	3.33086354979689	-0.434453865765822	0.663958889232658	NA
SA150_0054	cds	0.22295252859377	-1.60190344001155	4.0804728567969	-0.392577893844641	0.694631269519754	NA
SA150_0055	cds	0	NA	NA	NA	NA	NA
SA150_0056	cds	0.103101939536904	0.321649911630934	4.0804728567969	0.0788266269423059	0.93717052470321	NA
SA150_0057	cds	0	NA	NA	NA	NA	NA
SA150_0058	cds	0.103101939536904	0.321649911630934	4.0804728567969	0.0788266269423059	0.93717052470321	NA
SA150_0059	cds	0	NA	NA	NA	NA	NA
SA150_0060	cds	0	NA	NA	NA	NA	NA
SA150_0061	cds	0	NA	NA	NA	NA	NA
SA150_0062	cds	0	NA	NA	NA	NA	NA
SA150_0063	cds	0	NA	NA	NA	NA	NA
SA150_0064	cds	0.138250280644287	0.321649911630935	4.0804728567969	0.0788266269423059	0.93717052470321	NA
SA150_0065	cds	0	NA	NA	NA	NA	NA
SA150_0066	cds	0.151218495521463	-1.60190344001155	4.0804728567969	-0.392577893844641	0.694631269519754	NA
SA150_0067	cds	38.8604472061978	0.132126088216751	0.304851640092131	0.433411111637189	0.664716129502616	0.893018164635524
SA150_0068	cds	0	NA	NA	NA	NA	NA
SA150_0069	cds	0	NA	NA	NA	NA	NA
SA150_0070	cds	0	NA	NA	NA	NA	NA
SA150_0071	cds	0	NA	NA	NA	NA	NA
SA150_0072	cds	0.289301770695892	1.36217917813024	4.02660529886201	0.338294686721645	0.735141127322709	NA
SA150_0073	cds	2.24710109294565	-0.723356151208943	1.13175565374285	-0.639145162488669	0.522728502203983	NA
SA150_0074	cds	21.2611279545557	-1.0120993437971	0.370416870974135	-2.73232518037164	0.00628890365324437	0.0940285822506946
SA150_0075	cds	0.138250280644287	0.321649911630935	4.0804728567969	0.0788266269423059	0.93717052470321	NA
SA150_0076	cds	1.3158386317894	2.29408289448024	1.76251611067902	1.30159541837971	0.193054726861231	NA
SA150_0077	cds	0.532258347204483	0.559443867572522	3.54137205396612	0.157973762442152	0.874477473619738	NA
SA150_0078	cds	3.11686429712489	0.329302826047491	0.949488730330964	0.346821205484667	0.728725645129894	0.911284037902589
SA150_0079	cds	12.9172101479206	-1.03151828540456	0.468678146676152	-2.20090971324363	0.0277424161665692	0.205887134394244
SA150_0080	cds	0	NA	NA	NA	NA	NA
SA150_0081	cds	0	NA	NA	NA	NA	NA
SA150_0082	cds	0.586560820792743	-1.75458903750126	3.29496037836151	-0.532506869892551	0.594374985007207	NA
SA150_0083	cds	0	NA	NA	NA	NA	NA
SA150_0084	cds	0	NA	NA	NA	NA	NA
SA150_0085	cds	2.2580877310487	-0.00547456037815703	1.22245755474733	-0.00447832348607685	0.996426826775741	NA
SA150_0086	cds	0.289301770695892	1.36217917813024	4.02660529886201	0.338294686721645	0.735141127322709	NA
SA150_0087	cds	1.80624681578858	-0.0963808897762884	1.24733802746728	-0.0772692627450715	0.938409342556974	NA
SA150_0088	cds	21.7888041026405	-0.887210100475605	0.377665944677817	-2.34919275348609	0.0188141643483407	0.187286252108506
SA150_0089	cds	2.85168090864603	-1.18506752562873	0.996350597832672	-1.18940815432496	0.234279093583054	0.61440786050751
SA150_0090	cds	1.83281400175383	-1.05617043652927	1.38559788829809	-0.762248878588109	0.445911478610412	NA
SA150_0091	cds	0.87022089980152	-2.47609154105054	2.19694063002535	-1.12706347509353	0.259715644670538	NA
SA150_0092	cds	2.72332892555191	1.48036624498217	1.14083127846063	1.29762066743094	0.194417716648767	NA
SA150_0093	cds	1.77844912898989	-0.305871431769501	1.34177180433111	-0.22796084310475	0.819676681742868	NA
SA150_0094	cds	3.45967077972829	0.36651870091409	0.900693985167985	0.406929220078817	0.684059974166533	0.902924830417464
SA150_0095	cds	1.50397683021551	-0.0549808592331415	1.39590017199881	-0.0393873862443999	0.968581536425555	NA
SA150_0096	cds	1.17177965398814	1.03031438507669	1.75632923863953	0.586629410027237	0.557452626116179	NA
SA150_0097	cds	1.16533136765439	-0.231402049125576	1.71607638369011	-0.134843676729581	0.892735472138529	NA
SA150_0098	cds	1.41965180271275	-0.304649110662492	1.48890262974869	-0.20461318596362	0.83787435245785	NA
SA150_0099	cds	1.02762531292668	-3.83525587557438	2.17908352049833	-1.76003160938838	0.0784024472661836	NA
SA150_0100	cds	2.27126279594998	-1.48439012244378	1.16102269119675	-1.27851947571645	0.201066322186626	NA
SA150_0101	cds	0.543789211224117	-0.436328898624348	3.2305271106628	-0.13506430488826	0.892561032093677	NA
SA150_0102	cds	1.84231660325927	-2.55075741146921	1.47401380907295	-1.73048406722421	0.0835438254435459	NA
SA150_0103	cds	1.93046875114487	0.00976006697338315	1.33689431205787	0.00730055239621713	0.994175053700833	NA
SA150_0104	cds	3.1021983544402	-1.60270406074703	1.00920997396556	-1.58807790459046	0.112268723967115	0.472850962410828
SA150_0105	cds	0.28946877616575	-0.640122760582697	4.0804728567969	-0.156874652288505	0.875343637031472	NA
SA150_0106	cds	0	NA	NA	NA	NA	NA
SA150_0107	cds	6.80042393989492	0.643124728050736	0.643989132070265	0.998657735082034	0.317960521444808	0.692571316297275
SA150_0108	cds	0.151051490051605	0.321649911630935	4.0804728567969	0.0788266269423059	0.93717052470321	NA
SA150_0109	cds	0	NA	NA	NA	NA	NA
SA150_0110	cds	0.206203879073809	0.958951957307996	4.06166755077143	0.236098091564846	0.813356554786801	NA
SA150_0111	cds	0.30210298010321	1.41747296522065	4.02217469169097	0.352414570194793	0.724527376575212	NA
SA150_0112	cds	0.254153429588509	1.19351136930369	4.04117880081232	0.295337432004687	0.76773612448575	NA
SA150_0113	cds	0.392947936149382	-2.46197674549938	4.04298124473817	-0.608950820314483	0.542557037316139	NA
SA150_0114	cds	0.254320435058367	-0.640122760582697	4.0804728567969	-0.156874652288505	0.875343637031472	NA
SA150_0115	cds	1.45442292337341	0.675607975607705	1.51026814593102	0.447343061182835	0.654627380223227	NA
SA150_0116	cds	0.750370310744654	-1.31368721450939	2.52994005180293	-0.519256262049848	0.603582049512208	NA
SA150_0117	cds	1.0430752956366	0.78120798309798	1.87648265457846	0.416315056892159	0.677179476137314	NA
SA150_0118	cds	18.220061643823	-0.412677183701474	0.439570728608839	-0.938818617444165	0.347823878558439	0.7272681097131
SA150_0119	cds	1.8356729900333	0.826853346720329	1.33505780764346	0.619338984414333	0.535693067552874	NA
SA150_0120	cds	4.34585839208491	-0.746186902754233	0.817620236594112	-0.912632624973372	0.361435789674785	0.729212558115795
SA150_0121	cds	0.276500561288574	1.30526492173593	4.03134036313062	0.323779389523514	0.746105061147206	NA
SA150_0122	cds	0.30210298010321	1.41747296522065	4.02217469169097	0.352414570194793	0.724527376575212	NA
SA150_0123	cds	0.22295252859377	-1.60190344001155	4.0804728567969	-0.392577893844641	0.694631269519754	NA
SA150_0124	cds	0.103101939536904	0.321649911630934	4.0804728567969	0.0788266269423059	0.93717052470321	NA
SA150_0125	cds	0.737612310844348	-0.854837944175032	2.59803459828875	-0.329032548195505	0.74213108660001	NA
SA150_0126	cds	1.58707472183759	0.0408813169377383	1.37475573004231	0.0297371496945717	0.976276683841727	NA
SA150_0127	cds	4.17926061943194	-0.474848698768349	0.819955470490675	-0.57911522742106	0.562511425974559	0.830682730149795
SA150_0128	cds	2.18008382896409	0.246327566014297	1.14182434884907	0.215731575756454	0.829196986818739	NA
SA150_0129	cds	6.11890006420291	-0.89128708919496	0.707271099765743	-1.26017744750233	0.207605356573707	0.605954720963865
SA150_0130	cds	4.35530883983717	-1.98250737438284	0.858794963974334	-2.30847578007233	0.0209726884168468	0.194504771607854
SA150_0131	cds	6.58355591052588	-0.63580675444391	0.658081052630716	-0.966152652324872	0.333967801113095	0.715341724324183
SA150_0132	cds	3.73928457913117	-1.31494794124086	0.897922145638509	-1.4644342470313	0.143075336504499	0.523905230180053
SA150_0133	cds	0	NA	NA	NA	NA	NA
SA150_0134	cds	5.08606721119838	-0.824212375909124	0.73673170576646	-1.118741557419	0.263250410620191	0.649652300886737
SA150_0135	cds	0.374171024115233	-2.40364212621462	4.04847845625977	-0.593714935668758	0.552702791743908	NA
SA150_0136	cds	0.440520266217355	0.398559987405025	3.85587448615569	0.103364357122109	0.917673799479124	NA
SA150_0137	cds	0.700058486776049	-0.774758246493165	2.68723350844248	-0.288310727020598	0.773108896648397	NA
SA150_0138	cds	0.876712506922579	1.6376676654957	2.3016161542614	0.711529445282869	0.476756210841678	NA
SA150_0139	cds	0.103101939536904	0.321649911630934	4.0804728567969	0.0788266269423059	0.93717052470321	NA
SA150_0140	cds	0	NA	NA	NA	NA	NA
SA150_0141	cds	0.254320435058367	-0.640122760582697	4.0804728567969	-0.156874652288505	0.875343637031472	NA
SA150_0142	cds	0.344454159718096	1.64824969422059	4.00535992387194	0.411511006638136	0.680697872181812	NA
SA150_0143	cds	0	NA	NA	NA	NA	NA
SA150_0144	cds	1.02615964064678	3.20660457871609	2.00135451935249	1.60221717227468	0.10910759400444	NA
SA150_0145	cds	0.276500561288574	1.30526492173593	4.03134036313062	0.323779389523514	0.746105061147206	NA
SA150_0146	cds	0.151051490051605	0.321649911630935	4.0804728567969	0.0788266269423059	0.93717052470321	NA
SA150_0147	cds	0.508306859177018	2.19378735869357	3.61430472999101	0.606973546112428	0.543868468132188	NA
SA150_0148	cds	4.23689560163785	-1.77605500254711	0.86793915010676	-2.04628976850352	0.0407278697489303	0.257346429732252
SA150_0149	cds	1.57193042864503	0.105562466752347	1.38367914152202	0.0762911455297575	0.939187470158338	NA
SA150_0150	cds	4.10273481010646	-0.482005453388176	0.808511727171481	-0.596163836824528	0.551065781648537	0.828035614532023
SA150_0151	cds	4.50044860293484	-1.61852141231713	0.905822643854691	-1.78679725363188	0.0739702634077974	0.38317929242778
SA150_0152	cds	4.1914277076756	-0.955004323234866	0.813172538070721	-1.17441782466074	0.240227709124388	0.618817053799299
SA150_0153	cds	0	NA	NA	NA	NA	NA
SA150_0154	cds	1.83040851879291	-0.970668740665288	1.26368817096857	-0.768123626512472	0.442413741556442	NA
SA150_0155	cds	0.138250280644287	0.321649911630935	4.0804728567969	0.0788266269423059	0.93717052470321	NA
SA150_0156	cds	0.8533052448117	0.267027130952442	2.18896728939097	0.121987720989077	0.902908742871115	NA
SA150_0157	cds	0.40553893057983	-1.2351620523854	4.06249812634057	-0.304040030043783	0.761097394263214	NA
SA150_0158	cds	388.974092053416	-1.08884282384725	0.0964554540530564	-11.2885563033929	1.49471580571299e-29	8.59461588284971e-27
SA150_0159	cds	147.02112079861	-0.571690452769933	0.154040886408897	-3.71129033399873	0.000206205426846943	0.00697459531982306
SA150_0160	cds	0.695050916252592	-0.437151062172053	2.69967060540261	-0.16192755564224	0.871362902912851	NA
SA150_0161	cds	1.86716458118045	-0.516611567257901	1.24701923603024	-0.414277143713102	0.678671150782143	NA
SA150_0162	cds	0	NA	NA	NA	NA	NA
SA150_0163	cds	0.241352220181192	1.13137310152433	4.0469751237205	0.279560181848667	0.779814959676233	NA
SA150_0164	cds	0.241729440627919	-1.60190344001155	4.0804728567969	-0.392577893844641	0.694631269519754	NA
SA150_0165	cds	0	NA	NA	NA	NA	NA
SA150_0166	cds	0.151051490051605	0.321649911630935	4.0804728567969	0.0788266269423059	0.93717052470321	NA
SA150_0167	cds	0	NA	NA	NA	NA	NA
SA150_0168	cds	0.103101939536904	0.321649911630934	4.0804728567969	0.0788266269423059	0.93717052470321	NA
SA150_0169	cds	0.508640870116735	-0.597432891465362	3.69612144131561	-0.16163778732679	0.871591098595704	NA
SA150_0170	cds	1.91350641041499	-0.874408734394997	1.23634837877965	-0.707251086670322	0.479410456327162	NA
SA150_0171	cds	0.289301770695892	1.36217917813024	4.02660529886201	0.338294686721645	0.735141127322709	NA
SA150_0172	cds	0.961628334801691	1.88941836879059	2.17383175687779	0.869164949317101	0.384756915857974	NA
SA150_0173	cds	10.8622416675716	0.124480697396142	0.512661605895595	0.242812599899461	0.808150574324907	0.921997183009566
SA150_0174	cds	91.6644411291498	-0.718001950741596	0.192890730742985	-3.72232480003557	0.000197396872421619	0.00697459531982306
SA150_0175	cds	0	NA	NA	NA	NA	NA
SA150_0176	cds	1.08724441150852	1.15168168309629	1.87635652537786	0.613786168843558	0.53935663818624	NA
SA150_0177	cds	1.29706171975525	2.29435007661117	1.77062533556827	1.29578518420715	0.195049503809943	NA
SA150_0178	cds	0.103101939536904	0.321649911630934	4.0804728567969	0.0788266269423059	0.93717052470321	NA
SA150_0179	cds	0	NA	NA	NA	NA	NA
SA150_0180	cds	0	NA	NA	NA	NA	NA
SA150_0181	cds	0	NA	NA	NA	NA	NA
SA150_0182	cds	0.22295252859377	-1.60190344001155	4.0804728567969	-0.392577893844641	0.694631269519754	NA
SA150_0183	cds	0	NA	NA	NA	NA	NA
SA150_0184	cds	0.151051490051605	0.321649911630935	4.0804728567969	0.0788266269423059	0.93717052470321	NA
SA150_0185	cds	1.23366218653063	-1.20290038106054	1.75626955572741	-0.684917857362916	0.49339575679667	NA
SA150_0186	cds	1.09520169090948	-1.22146838470677	1.94251706658757	-0.628807028631428	0.529475397978882	NA
SA150_0187	cds	1.44487700108066	0.660952271893509	1.50512953939717	0.439133147408849	0.660565062113002	NA
SA150_0188	cds	0.888076365472355	1.77922127760041	2.12653838464187	0.836674894020334	0.402775334909405	NA
SA150_0189	cds	1.3653925386315	1.07898600150985	1.62537327440997	0.663838896884488	0.506793427518174	NA
SA150_0190	cds	1.72713957378615	-0.694004447889683	1.31317202062951	-0.528494696039129	0.597156027424148	NA
SA150_0191	cds	7.00621304453564	-0.406724673632488	0.651047324858992	-0.624723669236456	0.532152435699218	0.821531326561068
SA150_0192	cds	12.9982403978296	0.885070648455207	0.490197161649233	1.80554013303025	0.0709902012465846	0.381489399222301
SA150_0193	cds	1.09428024454616	2.14815963691783	1.91796041392917	1.12002292712448	0.2627039920852	NA
SA150_0194	cds	2.96505825489954	0.632893498924882	0.97479518782554	0.649257922924986	0.516171677959288	0.818725814391988
SA150_0195	cds	0.496049875686287	-1.49988248764648	3.4860267625292	-0.430255586035225	0.667009731174913	NA
SA150_0196	cds	5.29178826114278	-0.476208548507144	0.732860617285168	-0.649794159046539	0.515825192383023	0.818725814391988
SA150_0197	cds	34.8424578034754	-0.668217867056075	0.294843599941014	-2.26634686047029	0.0234301544149115	0.20046994844556
SA150_0198	cds	0.508473864646876	0.735739994451405	3.37702884041297	0.217866067842474	0.827533466016612	NA
SA150_0199	cds	0	NA	NA	NA	NA	NA
SA150_0200	cds	1.79728844019971	-0.315130264262771	1.38990914299269	-0.226727240303095	0.820635843951891	NA
SA150_0201	cds	2.55361526390254	-0.460812832884764	1.06786234357741	-0.431528310419684	0.666084272274253	NA
SA150_0202	cds	0.151051490051605	0.321649911630935	4.0804728567969	0.0788266269423059	0.93717052470321	NA
SA150_0203	cds	3.62368364347126	-1.30746812130786	0.948989227891068	-1.37774811650227	0.168281069895061	0.569185971703882
SA150_0204	cds	0.992099751372573	-1.78651001705834	2.11576577612026	-0.844379863414895	0.398457171044035	NA
SA150_0205	cds	1.96301710775008	-1.67460569857219	1.28721320179805	-1.30095441550243	0.193274058386714	NA
SA150_0206	cds	0.628324453703742	-0.582916680141486	2.71760387383433	-0.214496559176241	0.83015984990738	NA
SA150_0207	cds	0	NA	NA	NA	NA	NA
SA150_0208	cds	0	NA	NA	NA	NA	NA
SA150_0209	cds	0	NA	NA	NA	NA	NA
SA150_0210	cds	0.138250280644287	0.321649911630935	4.0804728567969	0.0788266269423059	0.93717052470321	NA
SA150_0211	cds	0.138250280644287	0.321649911630935	4.0804728567969	0.0788266269423059	0.93717052470321	NA
SA150_0212	cds	0	NA	NA	NA	NA	NA
SA150_0213	cds	0	NA	NA	NA	NA	NA
SA150_0214	cds	0.103101939536904	0.321649911630934	4.0804728567969	0.0788266269423059	0.93717052470321	NA
SA150_0215	cds	0.6284914591736	-1.95504365076538	2.87019846779452	-0.681152774869834	0.495774826385658	NA
SA150_0216	cds	0.138250280644287	0.321649911630935	4.0804728567969	0.0788266269423059	0.93717052470321	NA
SA150_0217	cds	0	NA	NA	NA	NA	NA
SA150_0218	cds	0	NA	NA	NA	NA	NA
SA150_0219	cds	0.103101939536904	0.321649911630934	4.0804728567969	0.0788266269423059	0.93717052470321	NA
SA150_0220	cds	28.545065016703	-0.720689858807748	0.331821038853521	-2.17192333945374	0.0298614457116436	0.21197939857031
SA150_0221	cds	1.73578312810395	0.340370004304152	1.35409423361729	0.251363602217622	0.801533005681071	NA
SA150_0222	cds	0	NA	NA	NA	NA	NA
SA150_0223	cds	0	NA	NA	NA	NA	NA
SA150_0224	cds	0.647268371207749	-1.99275697450264	2.81212037800925	-0.708631461898278	0.478553206980387	NA
SA150_0225	cds	3.56343726491158	-1.6069307754098	0.905244342234977	-1.77513484529758	0.0758756246651065	0.389540037343181
SA150_0226	cds	0.302269985573068	-0.640122760582697	4.0804728567969	-0.156874652288505	0.875343637031472	NA
SA150_0227	cds	0.682039491868405	0.184970145770799	2.69778353983123	0.0685637461419051	0.945336877314819	NA
SA150_0228	cds	0.392403710232796	1.8179200861932	3.99456142094427	0.455098794240963	0.64903816544744	NA
SA150_0229	cds	0.888620591388941	-0.6443304482262	2.09724472031985	-0.307227116598932	0.758670506897116	NA
SA150_0230	cds	4.00938900783918	-0.697614743947669	0.816787538162625	-0.854095724228314	0.393051952839798	0.750846753763735
SA150_0231	cds	0.94916113633409	-0.0108308966448953	2.00174897132306	-0.00541071672825018	0.995682893724158	NA
SA150_0232	cds	0	NA	NA	NA	NA	NA
SA150_0233	cds	0.241729440627919	-1.60190344001155	4.0804728567969	-0.392577893844641	0.694631269519754	NA
SA150_0234	cds	0.392403710232796	1.8179200861932	3.99456142094427	0.455098794240963	0.64903816544744	NA
SA150_0235	cds	0	NA	NA	NA	NA	NA
SA150_0236	cds	0	NA	NA	NA	NA	NA
SA150_0237	cds	0.151218495521463	-1.60190344001155	4.0804728567969	-0.392577893844641	0.694631269519754	NA
SA150_0238	cds	0	NA	NA	NA	NA	NA
SA150_0239	cds	0	NA	NA	NA	NA	NA
SA150_0240	cds	0	NA	NA	NA	NA	NA
SA150_0241	cds	0	NA	NA	NA	NA	NA
SA150_0242	cds	0	NA	NA	NA	NA	NA
SA150_0243	cds	0.361202809238057	-0.640122760582696	4.0804728567969	-0.156874652288505	0.875343637031472	NA
SA150_0244	cds	0.151218495521463	-1.60190344001155	4.0804728567969	-0.392577893844641	0.694631269519754	NA
SA150_0245	cds	0	NA	NA	NA	NA	NA
SA150_0246	cds	0	NA	NA	NA	NA	NA
SA150_0247	cds	0	NA	NA	NA	NA	NA
SA150_0248	cds	0	NA	NA	NA	NA	NA
SA150_0249	cds	0.103101939536904	0.321649911630934	4.0804728567969	0.0788266269423059	0.93717052470321	NA
SA150_0250	cds	0.784974425935451	1.55286546153158	2.28847378774696	0.67855942674371	0.497417058055991	NA
SA150_0251	cds	0.508306859177018	2.19378735869357	3.61430472999101	0.606973546112428	0.543868468132188	NA
SA150_0252	cds	1.75038319537993	1.79506074082314	1.48897549940964	1.20556768162731	0.227984226744156	NA
SA150_0253	cds	0.379602500825479	1.77529780316834	3.99715893449282	0.444139908435639	0.656941434599756	NA
SA150_0254	cds	0.615523244296424	-0.631609058985011	2.75611824450243	-0.229166168848114	0.818739766251351	NA
SA150_0255	cds	1.70852966722186	-1.25754289115947	1.33841586005477	-0.939575604781019	0.347435294480583	NA
SA150_0256	cds	0.405204919640114	1.85957518852604	3.99209409839203	0.465814467969344	0.64134830814684	NA
SA150_0257	cds	0	NA	NA	NA	NA	NA
SA150_0258	cds	0	NA	NA	NA	NA	NA
SA150_0259	cds	0.392780930679524	-0.640122760582697	4.0804728567969	-0.156874652288505	0.875343637031472	NA
SA150_0260	cds	1.34194206701361	-0.190909496840757	1.54089266517214	-0.123895389442605	0.901398103514111	NA
SA150_0261	cds	0.464304748774962	0.171968025059749	3.68386869608135	0.0466813665868919	0.962767181463326	NA
SA150_0262	cds	1.19951157665839	-0.293563310097618	1.77478150111786	-0.165408141741795	0.868622745762833	NA
SA150_0263	cds	0.750203305274796	-0.111047608463267	2.37988760916595	-0.0466608624859325	0.962783523561098	NA
SA150_0264	cds	0.30210298010321	1.41747296522065	4.02217469169097	0.352414570194793	0.724527376575212	NA
SA150_0265	cds	0.103101939536904	0.321649911630934	4.0804728567969	0.0788266269423059	0.93717052470321	NA
SA150_0266	cds	11.8408231105391	-0.870220931777876	0.486106741592974	-1.79018486541898	0.073424197309148	0.38317929242778
SA150_0267	cds	0.138250280644287	0.321649911630935	4.0804728567969	0.0788266269423059	0.93717052470321	NA
SA150_0268	cds	0.138250280644287	0.321649911630935	4.0804728567969	0.0788266269423059	0.93717052470321	NA
SA150_0269	cds	0.440520266217355	0.398559987405025	3.85587448615569	0.103364357122109	0.917673799479124	NA
SA150_0270	cds	0.309305818610713	1.51146917165636	4.01500989729278	0.376454656481794	0.706578919207683	NA
SA150_0271	cds	0.405371925109972	0.23173839359955	4.04117809699178	0.0573442664583515	0.954270958810326	NA
SA150_0272	cds	0.482704440362383	2.12679510619564	3.78549108915869	0.561828057735122	0.574233173625274	NA
SA150_0273	cds	0.440353260747497	1.97249350669786	3.98574496343327	0.49488703486908	0.620679863057303	NA
SA150_0274	cds	1.11086188859627	2.03867868165775	1.8884085195713	1.07957502867047	0.280331466313534	NA
SA150_0275	cds	2.66087485852896	-1.07493840195249	1.13690932799809	-0.945491760407388	0.344407875413013	NA
SA150_0276	cds	0.138250280644287	0.321649911630935	4.0804728567969	0.0788266269423059	0.93717052470321	NA
SA150_0277	cds	0.392570715702655	0.169600117563319	4.04697439092247	0.0419078801051322	0.966572134502951	NA
SA150_0278	cds	1.08181293479827	-0.849225258859852	1.86172006768531	-0.456150886269223	0.648281480120933	NA
SA150_0279	cds	0.138250280644287	0.321649911630935	4.0804728567969	0.0788266269423059	0.93717052470321	NA
SA150_0280	cds	0.103101939536904	0.321649911630934	4.0804728567969	0.0788266269423059	0.93717052470321	NA
SA150_0281	cds	0.138250280644287	0.321649911630935	4.0804728567969	0.0788266269423059	0.93717052470321	NA
SA150_0282	cds	0.611575804183781	1.11012373484001	2.91229412840508	0.381185308177637	0.703065750023929	NA
SA150_0283	cds	0	NA	NA	NA	NA	NA
SA150_0284	cds	0.22295252859377	-1.60190344001155	4.0804728567969	-0.392577893844641	0.694631269519754	NA
SA150_0285	cds	0	NA	NA	NA	NA	NA
SA150_0286	cds	0.464681969221689	-2.68116687349096	3.97911595393668	-0.673809686505465	0.500432315727468	NA
SA150_0287	cds	0.379979721272206	-0.640122760582697	4.0804728567969	-0.156874652288505	0.875343637031472	NA
SA150_0288	cds	0	NA	NA	NA	NA	NA
SA150_0289	cds	0.344831380164824	-0.640122760582697	4.0804728567969	-0.156874652288505	0.875343637031472	NA
SA150_0290	cds	0.241729440627919	-1.60190344001155	4.0804728567969	-0.392577893844641	0.694631269519754	NA
SA150_0291	cds	0.309305818610713	1.51146917165636	4.01500989729278	0.376454656481794	0.706578919207683	NA
SA150_0292	cds	0	NA	NA	NA	NA	NA
SA150_0293	cds	0.103101939536904	0.321649911630934	4.0804728567969	0.0788266269423059	0.93717052470321	NA
SA150_0294	cds	0.241352220181192	1.13137310152433	4.0469751237205	0.279560181848667	0.779814959676233	NA
SA150_0295	cds	0	NA	NA	NA	NA	NA
SA150_0296	cds	0.392947936149382	-2.46197674549938	4.04298124473817	-0.608950820314483	0.542557037316139	NA
SA150_0297	cds	0.254153429588509	1.19351136930369	4.04117880081232	0.295337432004687	0.76773612448575	NA
SA150_0298	cds	0.565802331984467	2.3373335716347	3.32000366553018	0.704015358748543	0.481423208896905	NA
SA150_0299	cds	0.103101939536904	0.321649911630934	4.0804728567969	0.0788266269423059	0.93717052470321	NA
SA150_0300	cds	1.45371169198696	3.7004529833267	1.70758869655037	2.16706340982595	0.0302300194445089	NA
SA150_0301	cds	1.35313555514077	-0.722152927552912	1.5170379472366	-0.476028255501694	0.634054248086812	NA
SA150_0302	cds	0.206203879073809	0.958951957307996	4.06166755077143	0.236098091564846	0.813356554786801	NA
SA150_0303	cds	0.138250280644287	0.321649911630935	4.0804728567969	0.0788266269423059	0.93717052470321	NA
SA150_0304	cds	0.543999426200987	-1.49972047577664	3.24071770562981	-0.462774179056483	0.643526241194697	NA
SA150_0305	cds	0.392570715702655	0.169600117563319	4.04697439092247	0.0419078801051322	0.966572134502951	NA
SA150_0306	cds	0	NA	NA	NA	NA	NA
SA150_0307	cds	0.440520266217355	0.398559987405025	3.85587448615569	0.103364357122109	0.917673799479124	NA
SA150_0308	cds	0.464304748774962	0.171968025059749	3.68386869608135	0.0466813665868919	0.962767181463326	NA
SA150_0309	cds	1.64314855722311	-2.47374746901012	1.5460234956889	-1.60007107001167	0.109582818005474	NA
SA150_0310	cds	0.634300156330574	-0.676479762324671	2.70108354986146	-0.250447551820219	0.802241259968652	NA
SA150_0311	cds	4.22234128347069	0.745916488294429	0.837640092888377	0.890497595121476	0.373198759148884	0.741236588805086
SA150_0312	cds	8.66943081101162	1.0557872494047	0.602346730288615	1.75278987386355	0.0796380819445079	0.395962652297281
SA150_0313	cds	5.65558192312932	1.00420784225437	0.732112684909499	1.37165748245231	0.170170090164747	0.572209367513037
SA150_0314	cds	0	NA	NA	NA	NA	NA
SA150_0315	cds	0	NA	NA	NA	NA	NA
SA150_0316	cds	0	NA	NA	NA	NA	NA
SA150_0317	cds	0	NA	NA	NA	NA	NA
SA150_0318	cds	0	NA	NA	NA	NA	NA
SA150_0319	cds	0	NA	NA	NA	NA	NA
SA150_0320	cds	1.34071156618018	-2.08611439033103	1.70268917072181	-1.22518802973692	0.220504383531359	NA
SA150_0321	cds	0.138250280644287	0.321649911630935	4.0804728567969	0.0788266269423059	0.93717052470321	NA
SA150_0322	cds	8.14708678926546	-1.81506502729265	0.6148299236568	-2.95214165325146	0.00315578124141411	0.0518449775375175
SA150_0323	cds	0.206203879073809	0.958951957307996	4.06166755077143	0.236098091564846	0.813356554786801	NA
SA150_0324	cds	0.344831380164824	-0.640122760582697	4.0804728567969	-0.156874652288505	0.875343637031472	NA
SA150_0325	cds	0	NA	NA	NA	NA	NA
SA150_0326	cds	1.56884203572003	-1.51608598294965	1.46650470021084	-1.03380915365064	0.301225391507293	NA
SA150_0327	cds	0.663472794811125	-0.442806582162563	2.62085124217948	-0.168955252032667	0.8658318390009	NA
SA150_0328	cds	20.4204983962593	0.411964486001002	0.410981001814839	1.00239301617793	0.316153813796623	0.692571316297275
SA150_0329	cds	11.5253438605612	0.392331912653001	0.499691573704295	0.785148145974487	0.43236671393934	0.771287839147726
SA150_0330	cds	2.30120823964169	1.6399769018416	1.22392135236618	1.33993650708933	0.180265987994239	NA
SA150_0331	cds	2.48596735499038	1.03126002253649	1.12175376689041	0.919328334769245	0.357923861517492	NA
SA150_0332	cds	0.151218495521463	-1.60190344001155	4.0804728567969	-0.392577893844641	0.694631269519754	NA
SA150_0333	cds	13.5013750171042	-0.362124597582846	0.456389258460048	-0.793455566427506	0.427512447487534	0.771287839147726
SA150_0334	cds	1.43725036766666	-0.100815311003528	1.52849725310164	-0.0659571424148476	0.947411946513362	NA
SA150_0335	cds	5.51764033664094	-3.23319853888426	0.939382232118461	-3.44183488716075	0.00057778280069311	0.0151011413817517
SA150_0336	cds	2.92026862823921	-0.359116424456801	1.03179777570337	-0.348049233011762	0.727803209587274	0.911284037902589
SA150_0337	cds	2.17826589270706	0.140437490366097	1.16462828442098	0.120585677202507	0.904019213987657	NA
SA150_0338	cds	18.2289099216376	0.338987086829742	0.394032483410196	0.860302389021185	0.389622376314292	0.749273800604408
SA150_0339	cds	29.6066196537516	-0.39220602327677	0.320398454865361	-1.22411958397735	0.220907119228375	0.612339604970576
SA150_0340	cds	0	NA	NA	NA	NA	NA
SA150_0341	cds	0	NA	NA	NA	NA	NA
SA150_0342	cds	0	NA	NA	NA	NA	NA
SA150_0343	cds	0.138250280644287	0.321649911630935	4.0804728567969	0.0788266269423059	0.93717052470321	NA
SA150_0344	cds	0.138250280644287	0.321649911630935	4.0804728567969	0.0788266269423059	0.93717052470321	NA
SA150_0345	cds	0.930761444746668	-1.48047584282948	2.08816116087272	-0.708985432049094	0.478333517185662	NA
SA150_0346	cds	2.0346740305996	1.04182723853487	1.28428498503243	0.81121188106747	0.417244003807682	NA
SA150_0347	cds	0.138250280644287	0.321649911630935	4.0804728567969	0.0788266269423059	0.93717052470321	NA
SA150_0348	cds	0	NA	NA	NA	NA	NA
SA150_0349	cds	0	NA	NA	NA	NA	NA
SA150_0350	cds	0	NA	NA	NA	NA	NA
SA150_0351	cds	0	NA	NA	NA	NA	NA
SA150_0352	cds	0	NA	NA	NA	NA	NA
SA150_0353	cds	0	NA	NA	NA	NA	NA
SA150_0354	cds	0	NA	NA	NA	NA	NA
SA150_0355	cds	0	NA	NA	NA	NA	NA
SA150_0356	cds	0	NA	NA	NA	NA	NA
SA150_0357	cds	0.392570715702655	0.169600117563319	4.04697439092247	0.0419078801051322	0.966572134502951	NA
SA150_0358	cds	0.863061382081317	-0.253229441222214	2.30682740341264	-0.109773900226604	0.912588690527839	NA
SA150_0359	cds	0	NA	NA	NA	NA	NA
SA150_0360	cds	0	NA	NA	NA	NA	NA
SA150_0361	cds	0.634133150860716	0.851754975818826	2.68024623874481	0.317789822258165	0.750644371479686	NA
SA150_0362	cds	0	NA	NA	NA	NA	NA
SA150_0363	cds	0	NA	NA	NA	NA	NA
SA150_0364	cds	0.464304748774962	0.171968025059749	3.68386869608135	0.0466813665868919	0.962767181463326	NA
SA150_0365	cds	0.241352220181192	1.13137310152433	4.0469751237205	0.279560181848667	0.779814959676233	NA
SA150_0366	cds	0	NA	NA	NA	NA	NA
SA150_0367	cds	0	NA	NA	NA	NA	NA
SA150_0368	cds	0.151218495521463	-1.60190344001155	4.0804728567969	-0.392577893844641	0.694631269519754	NA
SA150_0369	cds	0.374004018645375	-0.640122760582696	4.0804728567969	-0.156874652288505	0.875343637031472	NA
SA150_0370	cds	1.41922789652596	-2.35536497392675	1.6916642290483	-1.39233598103084	0.163820680644931	NA
SA150_0371	cds	1.15359028865788	0.715464998092756	1.83056748401983	0.390843279113444	0.69591308226238	NA
SA150_0372	cds	1.27361124813736	0.64097075147238	1.68637253887382	0.380088466039911	0.70387974722774	NA
SA150_0373	cds	0.241729440627919	-1.60190344001155	4.0804728567969	-0.392577893844641	0.694631269519754	NA
SA150_0374	cds	2.31079737144145	2.14815957808189	1.34147002813629	1.60134742709558	0.10929998999522	NA
SA150_0375	cds	1.32876363715957	0.760574681520712	1.63112967249513	0.466287073520811	0.641010030130497	NA
SA150_0376	cds	0	NA	NA	NA	NA	NA
SA150_0377	cds	1.99156852137155	4.17316490401217	1.54782951309763	2.69613989699713	0.0070148198738864	NA
SA150_0378	cds	0	NA	NA	NA	NA	NA
SA150_0379	cds	0.392570715702655	0.169600117563319	4.04697439092247	0.0419078801051322	0.966572134502951	NA
SA150_0380	cds	0.656103062114053	2.56017400484728	2.94859350781714	0.868269565831946	0.385246778928377	NA
SA150_0381	cds	0	NA	NA	NA	NA	NA
SA150_0382	cds	0.241352220181192	1.13137310152433	4.0469751237205	0.279560181848667	0.779814959676233	NA
SA150_0383	cds	4.55595673216722	0.807379056225953	0.808737777478019	0.998319948331951	0.318124237481469	0.692571316297275
SA150_0384	cds	0.254153429588509	1.19351136930369	4.04117880081232	0.295337432004687	0.76773612448575	NA
SA150_0385	cds	0.719002404280056	-2.13601737633696	2.47950628611951	-0.861468828812643	0.388979881919744	NA
SA150_0386	cds	0.706411409849608	-3.27098599232957	2.80883137393005	-1.164536263262	0.244206756352257	NA
SA150_0387	cds	1.45245706003489	-0.170069094167663	1.55145087510748	-0.109619387179037	0.912711234572375	NA
SA150_0388	cds	0.991345310479118	1.03036321473911	2.09274680294201	0.492349678083664	0.622472166813628	NA
SA150_0389	cds	0	NA	NA	NA	NA	NA
SA150_0390	cds	9.05731475635341	3.37348275312629	0.88258168341929	3.82228955857862	0.000132218301637966	0.00543039453155933
SA150_0391	cds	4.34127064872482	2.28083431384654	1.01090622351201	2.25622739359804	0.0240563938134672	0.20046994844556
SA150_0392	cds	51.6487525873305	-0.286919244817637	0.255725824978788	-1.12197993629089	0.26187097076638	0.649033655994261
SA150_0393	cds	21.7497861565025	0.251236039848957	0.391580983307963	0.641594077747564	0.52113677924777	0.818725814391988
SA150_0394	cds	9.9431534346326	0.311977355396356	0.567288084162536	0.549945193819672	0.582356965028759	0.841544153544584
SA150_0395	cds	0.495882870216428	0.231507035555429	3.48829326550402	0.0663668498990091	0.947085761943189	NA
SA150_0396	cds	6.89806944625198	1.54208638235052	0.698692443608069	2.20710327764122	0.0273068448552469	0.205887134394244
SA150_0397	cds	4.75011720767993	0.706195281368504	0.797894204988364	0.885073831785509	0.376116812017783	0.741236588805086
SA150_0398	cds	3.66641551976592	-0.579976779761025	0.869618916937303	-0.66693211068089	0.504815498978758	0.814391631177268
SA150_0399	cds	0.22295252859377	-1.60190344001155	4.0804728567969	-0.392577893844641	0.694631269519754	NA
SA150_0400	cds	0.598607589306605	2.44044896582364	2.90069979393763	0.841331106005557	0.400162469174415	NA
SA150_0401	cds	3.09610233208357	0.0985794354684378	0.961520541826463	0.102524523585508	0.91834034840285	0.97867874846138
SA150_0402	cds	0.891856800115141	1.61595707342815	2.15938358325216	0.748341835124273	0.454253996564159	NA
SA150_0403	cds	0.138250280644287	0.321649911630935	4.0804728567969	0.0788266269423059	0.93717052470321	NA
SA150_0404	cds	0.495882870216428	0.231507035555429	3.48829326550402	0.0663668498990091	0.947085761943189	NA
SA150_0405	cds	0.567406688311866	0.697230359495809	3.09403582245014	0.22534656982209	0.821709673705943	NA
SA150_0406	cds	0.326054468130674	-0.640122760582696	4.0804728567969	-0.156874652288505	0.875343637031472	NA
SA150_0407	cds	0.979131536495397	-0.78896862242627	1.99102086983971	-0.39626336136285	0.69191075304714	NA
SA150_0408	cds	3.10656393393869	1.21056446438359	0.996988192223685	1.21422146603717	0.224663165498697	0.612426251618483
SA150_0409	cds	2.90612554251484	1.17327024572406	1.0578458809303	1.10911264757419	0.267381589454226	0.65141113029319
SA150_0410	cds	0.567783908758594	-1.70305459031219	3.13577945181551	-0.543104072362674	0.587058148908864	NA
SA150_0411	cds	1.83019830381604	-0.682355756007933	1.28147159578328	-0.532478252544377	0.594394800173064	NA
SA150_0412	cds	4.82799930558176	-0.135420533399229	0.820287623981288	-0.165089085145478	0.86887386392553	0.968221844490659
SA150_0413	cds	3.61543915015094	1.69083867365614	0.999691467124455	1.69136051397911	0.0907679689096548	0.417532656984412
SA150_0414	cds	8.04693732076844	-0.157430745113943	0.638700024389549	-0.246486204951082	0.805305881941287	0.921997183009566
SA150_0415	cds	8.71231309767794	-0.832576701176698	0.57162226066474	-1.45651553214267	0.145250159080848	0.52527573252508
SA150_0416	cds	8.41859130316247	-0.986345441850371	0.567090953618792	-1.73930731138661	0.0819807219535624	0.400765042489907
SA150_0417	cds	5.9643285164585	0.210713212853272	0.691119938074298	0.304886606860732	0.760452516613703	0.911284037902589
SA150_0418	cds	3.50489666105826	0.296404007535509	0.892311820463231	0.33217536822681	0.739756842084374	0.911284037902589
SA150_0419	cds	21.2161334146827	0.135749313908939	0.371707549238351	0.365204619026697	0.714958670597257	0.911284037902589
SA150_0420	cds	0.611742809653639	-0.0431511451860588	3.15506732320667	-0.0136767747770915	0.989087852758612	NA
SA150_0421	cds	4.04493293371099	1.37260459030891	0.886924942261049	1.54759949225208	0.12171875374563	0.485828040113806
SA150_0422	cds	2.58165624104291	1.23183321474605	1.12434440215956	1.0956013232067	0.27325328239818	NA
SA150_0423	cds	2.38069270209085	1.31349937531977	1.19015115998182	1.10364079747637	0.269748986328837	NA
SA150_0424	cds	1.66206415330476	0.841558056804363	1.38574826569998	0.607295046030071	0.543655125408199	NA
SA150_0425	cds	0.611742809653639	-0.0431511451860588	3.15506732320667	-0.0136767747770915	0.989087852758612	NA
SA150_0426	cds	3.44237442805869	0.469919275842701	0.915659450941612	0.513203107726855	0.607809252303275	0.854499560084066
SA150_0427	cds	1.12420732392017	-0.25441024591743	1.74290823572227	-0.14596881275967	0.883946008497403	NA
SA150_0428	cds	0.22295252859377	-1.60190344001155	4.0804728567969	-0.392577893844641	0.694631269519754	NA
SA150_0429	cds	22.631728155334	1.04401488156506	0.378906132498805	2.75533909857835	0.00586313345440969	0.0911162631428533
SA150_0430	cds	5.53197839550107	2.36259835878462	0.908628214516561	2.60018159357031	0.00931744405210322	0.121762052953622
SA150_0431	cds	15.9956303239558	0.651704920350725	0.42512233005652	1.53298209544552	0.125280266490415	0.485828040113806
SA150_0432	cds	0.289301770695892	1.36217917813024	4.02660529886201	0.338294686721645	0.735141127322709	NA
SA150_0433	cds	0	NA	NA	NA	NA	NA
SA150_0434	cds	1.06307934355142	0.88098526750062	1.91596517305347	0.459812777335925	0.645650611079645	NA
SA150_0435	cds	4.63919760942081	0.370074082862127	0.822710644537606	0.44982289377102	0.652838148805672	0.885001727160297
SA150_0436	cds	0.103101939536904	0.321649911630934	4.0804728567969	0.0788266269423059	0.93717052470321	NA
SA150_0437	cds	1.84266550228364	0.310693424623417	1.27384174919411	0.243902686358	0.807306188590583	NA
SA150_0438	cds	0.936025915987056	1.85162593541045	2.05737792802211	0.899993098103535	0.368123923690618	NA
SA150_0439	cds	1.90732049281129	-0.568610255773216	1.2468385424941	-0.456041609554194	0.648360057203657	NA
SA150_0440	cds	8.27668732303817	2.35904170784707	0.716794796743104	3.29109770127495	0.000997972461393948	0.0220705448192892
SA150_0441	cds	8.65194586235532	2.94982302944279	0.779171609788046	3.78584511086744	0.000153187072800092	0.00587217112400351
SA150_0442	cds	12.5413638131842	1.76320130363537	0.560718970684664	3.14453656077022	0.00166350123737019	0.031883773716262
SA150_0443	cds	52.2892137298291	2.19508040908791	0.30697476815688	7.15068675600763	8.63448218219712e-13	2.48241362738167e-10
SA150_0444	cds	4.40043265447476	1.12257913451671	0.841036973925195	1.33475598495691	0.181956223526054	0.579242961838668
SA150_0445	cds	2.16114002274037	1.42039704769162	1.27820957890734	1.11123955815276	0.266465248079843	NA
SA150_0446	cds	4.66045617800741	1.07039795275721	0.802977895252829	1.33303539124222	0.182520189874207	0.579242961838668
SA150_0447	cds	3.48628675449397	0.0431184205127962	0.903562073379927	0.0477204851588164	0.961939007904483	0.993833397667436
SA150_0448	cds	4.07053209885316	1.27401767230178	0.922439478048231	1.38113957893199	0.167236048207219	0.569185971703882
SA150_0449	cds	1.6035085500865	0.0983520086773187	1.45387051639277	0.0676483961730938	0.946065529033623	NA
SA150_0450	cds	2.5538776326326	0.295819470358774	1.0617109002896	0.278625255027602	0.78053242922143	NA
SA150_0451	cds	0.669071276991229	1.25829955327145	2.73813066857284	0.459546933867586	0.645841456451912	NA
SA150_0452	cds	0.702253754760095	-0.268256207834261	2.65256826578262	-0.101130746112999	0.91944667128893	NA
SA150_0453	cds	0.254153429588509	1.19351136930369	4.04117880081232	0.295337432004687	0.76773612448575	NA
SA150_0454	cds	0.869676673884934	0.38082153216944	2.05649303197037	0.185180074159827	0.853087797313436	NA
SA150_0455	cds	4.13439609688948	-0.365609946684873	0.86653985771669	-0.421919365196017	0.673083874640497	0.897965726028505
SA150_0456	cds	9.45878055098964	0.0336541599424175	0.589732631527465	0.0570668098444036	0.954491975226964	0.99115840808921
SA150_0457	cds	9.35766146593627	0.437382853491212	0.55815615232756	0.783620948487779	0.433262560077766	0.771287839147726
SA150_0458	cds	10.3334943945298	0.134500793486146	0.528762654934814	0.254368935156224	0.799210547984595	0.920933998178641
SA150_0459	cds	7.20804905354306	0.0131189348399731	0.60813714924845	0.0215723292947746	0.982789106417867	0.995117703286521
SA150_0460	cds	0.302269985573068	-0.640122760582697	4.0804728567969	-0.156874652288505	0.875343637031472	NA
SA150_0461	cds	53.0553263500249	0.595774241028578	0.260574667080071	2.28638588587548	0.0222316933059967	0.196664979245355
SA150_0462	cds	62.2777968926166	0.532062132624219	0.242587249610296	2.19328152439566	0.0282871019428613	0.205887134394244
SA150_0463	cds	3.42570288876152	-0.662761172069628	0.91761919817324	-0.722261667355071	0.470133615622472	0.790071801399808
SA150_0464	cds	6.87721294330141	-0.534719012537848	0.653300657991377	-0.81848840345865	0.413078361066071	0.766193734235455
SA150_0465	cds	14.7020241596574	0.290842137981509	0.45300455450741	0.642029169657613	0.520854243563447	0.818725814391988
SA150_0466	cds	77.2284201140921	0.336484092522389	0.218089365627377	1.54287253555178	0.122861705714244	0.485828040113806
SA150_0467	cds	109.860198517098	0.39858367994685	0.17660983671105	2.25686002189657	0.0240168227944769	0.20046994844556
SA150_0468	cds	1.56669008852328	-0.41214435243608	1.5367268390885	-0.268196234979887	0.788548272924091	NA
SA150_0469	cds	5.7238227354782	-0.194947271163114	0.696816044447312	-0.279768631501214	0.77965501946062	0.920933998178641
SA150_0470	cds	5.55423652306227	1.3374340177496	0.77885280133902	1.71718457640552	0.0859454527291024	0.405070781305196
SA150_0471	cds	0.326054468130674	-0.640122760582696	4.0804728567969	-0.156874652288505	0.875343637031472	NA
SA150_0472	cds	7.94951890925298	-0.765437592344384	0.590339985117986	-1.29660468821437	0.194767238541204	0.5925458315407
SA150_0473	cds	3.83778011220247	1.03991752463748	0.904279295131254	1.14999594731021	0.250145540469817	0.629488195399128
SA150_0474	cds	0.875061464855119	-1.55030783560036	2.46606727782731	-0.628655937143059	0.529574330948334	NA
SA150_0475	cds	0.138250280644287	0.321649911630935	4.0804728567969	0.0788266269423059	0.93717052470321	NA
SA150_0476	cds	0	NA	NA	NA	NA	NA
SA150_0477	cds	0.138250280644287	0.321649911630935	4.0804728567969	0.0788266269423059	0.93717052470321	NA
SA150_0478	cds	0.440353260747497	1.97249350669786	3.98574496343327	0.49488703486908	0.620679863057303	NA
SA150_0479	cds	0.28946877616575	-0.640122760582697	4.0804728567969	-0.156874652288505	0.875343637031472	NA
SA150_0480	cds	2.99283686330985	1.49927103157928	1.055263690722	1.42075487365011	0.155388033764882	0.548147971869984
SA150_0481	cds	2.57430558673421	1.32578089778173	1.11928758817146	1.18448637489816	0.236220586637482	NA
SA150_0482	cds	1.66083701742409	0.750907597306333	1.39522688027406	0.538197484525839	0.590440716501769	NA
SA150_0483	cds	0.241352220181192	1.13137310152433	4.0469751237205	0.279560181848667	0.779814959676233	NA
SA150_0484	cds	3.10257905111997	-0.818469760983664	0.971300934222138	-0.842653118252308	0.399422474083786	0.752359070522891
SA150_0485	cds	5.20956878341454	0.901301227839489	0.758376478749063	1.18846147407707	0.234651649468771	0.61440786050751
SA150_0486	cds	2.80429394836562	1.41312572548116	1.07636484658963	1.31286870800224	0.189227192810584	0.588138572249113
SA150_0487	cds	0.635360286741387	0.976137137985744	3.06825002842344	0.318141327774162	0.750377735863439	NA
SA150_0488	cds	1.23706540072669	-0.330619764697706	1.67144831601171	-0.197804360165086	0.843198134659324	NA
SA150_0489	cds	1.20229428006604	-1.82312349275654	1.86468075955929	-0.977713468329792	0.328216058617234	NA
SA150_0490	cds	2.92299787671736	-0.206485718081211	0.992397946766772	-0.208067457972822	0.835176295858881	0.941620333566386
SA150_0491	cds	0	NA	NA	NA	NA	NA
SA150_0492	cds	1.657013261994	-0.181788200894513	1.44244144856158	-0.126028131731651	0.899709656210623	NA
SA150_0493	cds	0	NA	NA	NA	NA	NA
SA150_0494	cds	0	NA	NA	NA	NA	NA
SA150_0495	cds	0	NA	NA	NA	NA	NA
SA150_0496	cds	0.206203879073809	0.958951957307996	4.06166755077143	0.236098091564846	0.813356554786801	NA
SA150_0497	cds	1.48595435907481	-2.25669073693873	1.59514979694446	-1.41472026091936	0.157150531475827	NA
SA150_0498	cds	3.72624483332463	0.428555239508026	0.85557277039837	0.500898642798652	0.616442457731459	0.859362150373203
SA150_0499	cds	0	NA	NA	NA	NA	NA
SA150_0500	cds	0.151218495521463	-1.60190344001155	4.0804728567969	-0.392577893844641	0.694631269519754	NA
SA150_0501	cds	0	NA	NA	NA	NA	NA
SA150_0502	cds	1.21628278079977	-0.112418811460378	1.79192960689007	-0.0627361761467199	0.949976589720454	NA
SA150_0503	cds	0.103101939536904	0.321649911630934	4.0804728567969	0.0788266269423059	0.93717052470321	NA
SA150_0504	cds	0	NA	NA	NA	NA	NA
SA150_0505	cds	0.392403710232796	1.8179200861932	3.99456142094427	0.455098794240963	0.64903816544744	NA
SA150_0506	cds	10.9142941405369	-0.457553207377051	0.500048489084593	-0.915017678014915	0.360182349678857	0.729212558115795
SA150_0507	cds	4.264463883791	-1.42500921276105	0.82115591880269	-1.73536983675259	0.0826753191691626	0.400765042489907
SA150_0508	cds	1.62531145586998	1.66401322775415	1.50587666786272	1.1050129557528	0.269153975322852	NA
SA150_0509	cds	0.718458178363471	1.20378011944011	2.44179741413837	0.49298934975934	0.622020112630224	NA
SA150_0510	cds	0.753606519470854	1.28410789955368	2.37717717217972	0.540181823459226	0.589071646584022	NA
SA150_0511	cds	0.361202809238057	-0.640122760582696	4.0804728567969	-0.156874652288505	0.875343637031472	NA
SA150_0512	cds	3.09288459895536	4.82271426353294	1.42708292785952	3.37942117404946	0.000726386342539044	0.0167109003296113
SA150_0513	cds	1.05176205946142	3.23482723335638	2.0080553687842	1.61092531791837	0.107196000999028	NA
SA150_0514	cds	0.59157175626896	0.997921181722653	3.00596440845236	0.331980371729165	0.739904080388059	NA
SA150_0515	cds	0.22295252859377	-1.60190344001155	4.0804728567969	-0.392577893844641	0.694631269519754	NA
SA150_0516	cds	0.103101939536904	0.321649911630934	4.0804728567969	0.0788266269423059	0.93717052470321	NA
SA150_0517	cds	0	NA	NA	NA	NA	NA
SA150_0518	cds	0.254320435058367	-0.640122760582697	4.0804728567969	-0.156874652288505	0.875343637031472	NA
SA150_0519	cds	0.151218495521463	-1.60190344001155	4.0804728567969	-0.392577893844641	0.694631269519754	NA
SA150_0520	cds	0.72481110143703	-0.903914065880257	2.6286563245339	-0.343869245075442	0.730944621867015	NA
SA150_0521	cds	0.22295252859377	-1.60190344001155	4.0804728567969	-0.392577893844641	0.694631269519754	NA
SA150_0522	cds	0	NA	NA	NA	NA	NA
SA150_0523	cds	0	NA	NA	NA	NA	NA
SA150_0524	cds	0	NA	NA	NA	NA	NA
SA150_0525	cds	0.151218495521463	-1.60190344001155	4.0804728567969	-0.392577893844641	0.694631269519754	NA
SA150_0526	cds	0.241729440627919	-1.60190344001155	4.0804728567969	-0.392577893844641	0.694631269519754	NA
SA150_0527	cds	0.151218495521463	-1.60190344001155	4.0804728567969	-0.392577893844641	0.694631269519754	NA
SA150_0528	cds	0.103101939536904	0.321649911630934	4.0804728567969	0.0788266269423059	0.93717052470321	NA
SA150_0529	cds	1.14383415138826	1.05137320247817	1.88010721750974	0.559209173118729	0.576018973458017	NA
SA150_0530	cds	2.64077514856613	0.0336322313380149	1.01653518603462	0.0330851620288818	0.973606675258459	NA
SA150_0531	cds	0.628157448233884	0.889846327199535	2.87444805282444	0.309571197964482	0.756887061689606	NA
SA150_0532	cds	3.19979518327712	0.680358374726263	0.953666563422121	0.713413262896495	0.475590068423764	0.790359217756255
SA150_0533	cds	1.52204251086321	2.56344868641155	1.65511814985653	1.54880102464816	0.121429559171317	NA
SA150_0534	cds	51.9679393835339	-1.01160328731312	0.258596155335348	-3.91190381775502	9.15713831471051e-05	0.00405027271612196
SA150_0535	cds	0.302436991042926	-2.1969456258055	4.06249827642477	-0.540786845019645	0.588654511098969	NA
SA150_0536	cds	0.628324453703742	-0.582916680141486	2.71760387383433	-0.214496559176241	0.83015984990738	NA
SA150_0537	cds	2.38284128433483	-0.103759690733186	1.10579111117232	-0.0938329940301142	0.925241821856509	NA
SA150_0538	cds	0	NA	NA	NA	NA	NA
SA150_0539	cds	0.598774594776463	1.07691910877827	2.95757158335715	0.364122753558465	0.715766346541119	NA
SA150_0540	cds	0.567783908758594	-1.70305459031219	3.13577945181551	-0.543104072362674	0.587058148908864	NA
SA150_0541	cds	0.633755930413988	2.51398187518136	2.76308210508309	0.909846967832237	0.362903220908431	NA
SA150_0542	cds	0.702086749290237	1.11498084369451	2.64716777293181	0.421197649463541	0.673610760627132	NA
SA150_0543	cds	26.1600636428093	-0.750919734512545	0.338842768756146	-2.21613032283111	0.0266825780839614	0.204566431977038
SA150_0544	cds	0.676441009688301	-1.95895120154326	2.7285883674034	-0.717935774023495	0.472796888729946	NA
SA150_0545	cds	0.254320435058367	-0.640122760582697	4.0804728567969	-0.156874652288505	0.875343637031472	NA
SA150_0546	cds	11.2802794829941	-0.114829050239429	0.492183290272029	-0.233305462637636	0.815524217070439	0.926732064852772
SA150_0547	cds	0.151218495521463	-1.60190344001155	4.0804728567969	-0.392577893844641	0.694631269519754	NA
SA150_0548	cds	0	NA	NA	NA	NA	NA
SA150_0549	cds	0	NA	NA	NA	NA	NA
SA150_0550	cds	0	NA	NA	NA	NA	NA
SA150_0551	cds	0.357422374595272	-0.00282260137309728	4.06166714053036	-0.00069493665419582	0.999445520817511	NA
SA150_0552	cds	0.302269985573068	-0.640122760582697	4.0804728567969	-0.156874652288505	0.875343637031472	NA
SA150_0553	cds	0.151218495521463	-1.60190344001155	4.0804728567969	-0.392577893844641	0.694631269519754	NA
SA150_0554	cds	0.512254299289662	0.391945767756543	3.39458317436425	0.11546211938965	0.908078843967846	NA
SA150_0555	cds	0.151051490051605	0.321649911630935	4.0804728567969	0.0788266269423059	0.93717052470321	NA
SA150_0556	cds	0	NA	NA	NA	NA	NA
SA150_0557	cds	0.151051490051605	0.321649911630935	4.0804728567969	0.0788266269423059	0.93717052470321	NA
SA150_0558	cds	6.31289404512417	2.04068628886143	0.802348086080127	2.54339272974553	0.0109781759926232	0.129951423479639
SA150_0559	cds	0.357422374595272	-0.00282260137309728	4.06166714053036	-0.00069493665419582	0.999445520817511	NA
SA150_0560	cds	0	NA	NA	NA	NA	NA
SA150_0561	cds	0.103101939536904	0.321649911630934	4.0804728567969	0.0788266269423059	0.93717052470321	NA
SA150_0562	cds	1.69704548894228	1.57215253840257	1.47325100742194	1.06713148708699	0.285912465133954	NA
SA150_0563	cds	0.392947936149382	-2.46197674549938	4.04298124473817	-0.608950820314483	0.542557037316139	NA
SA150_0564	cds	0.361202809238057	-0.640122760582696	4.0804728567969	-0.156874652288505	0.875343637031472	NA
SA150_0565	cds	1.43906830392369	0.0737926662420196	1.54303215797811	0.0478231551173325	0.961857182551784	NA
SA150_0566	cds	0.948827125394373	1.86942518882998	2.06377621216685	0.905827471897833	0.365027177838481	NA
SA150_0567	cds	0.702253754760095	-0.268256207834261	2.65256826578262	-0.101130746112999	0.91944667128893	NA
SA150_0568	cds	0.750203305274796	-0.111047608463267	2.37988760916595	-0.0466608624859325	0.962783523561098	NA
SA150_0569	cds	0.917793229869492	-0.499370454551574	1.97025425323211	-0.25345482885388	0.799916763082326	NA
SA150_0570	cds	0.508306859177018	2.19378735869357	3.61430472999101	0.606973546112428	0.543868468132188	NA
SA150_0571	cds	7.22420679140638	-0.374318758728111	0.630745205204098	-0.593454782754929	0.55287683550032	0.828035614532023
SA150_0572	cds	2.19034098264328	-1.2572355619742	1.20230795624529	-1.0456851386898	0.295706426428775	NA
SA150_0573	cds	0.83309098192001	0.619070302444212	2.2195006417068	0.278923236520511	0.78030373576602	NA
SA150_0574	cds	0.702086749290237	1.11498084369451	2.64716777293181	0.421197649463541	0.673610760627132	NA
SA150_0575	cds	0.151051490051605	0.321649911630935	4.0804728567969	0.0788266269423059	0.93717052470321	NA
SA150_0576	cds	0.103101939536904	0.321649911630934	4.0804728567969	0.0788266269423059	0.93717052470321	NA
SA150_0577	cds	1.64421205258668	-0.206023914059431	1.37890097580962	-0.149411681965388	0.881228794323115	NA
SA150_0578	cds	0.855438113620075	0.697614213263232	2.49787748081217	0.27928279854479	0.780027806076056	NA
SA150_0579	cds	1.07406250542142	-0.706431163916561	2.00745502364876	-0.351903856173349	0.724910367146465	NA
SA150_0580	cds	2.08579244921485	0.475257336923903	1.2190209703374	0.389868056816415	0.696634115533468	NA
SA150_0581	cds	2.00326291462799	0.514338078369298	1.21671355863723	0.422727333576671	0.67249421054554	NA
SA150_0582	cds	0.151051490051605	0.321649911630935	4.0804728567969	0.0788266269423059	0.93717052470321	NA
SA150_0583	cds	0.103101939536904	0.321649911630934	4.0804728567969	0.0788266269423059	0.93717052470321	NA
SA150_0584	cds	0.965786101171494	1.75996919844344	2.15245823184475	0.817655447341743	0.413553957068865	NA
SA150_0585	cds	0.206203879073809	0.958951957307996	4.06166755077143	0.236098091564846	0.813356554786801	NA
SA150_0586	cds	0	NA	NA	NA	NA	NA
SA150_0587	cds	0.151218495521463	-1.60190344001155	4.0804728567969	-0.392577893844641	0.694631269519754	NA
SA150_0588	cds	0.508473864646876	0.735739994451405	3.37702884041297	0.217866067842474	0.827533466016612	NA
SA150_0589	cds	0.508306859177018	2.19378735869357	3.61430472999101	0.606973546112428	0.543868468132188	NA
SA150_0590	cds	1.33452564857648	-1.44307407583012	1.58763025535554	-0.908948460110417	0.363377332083503	NA
SA150_0591	cds	2.49388131360403	-0.839821004426515	1.04890493108695	-0.800664559328777	0.42332586508057	NA
SA150_0592	cds	4.43649907699269	-0.149985856026865	0.826304673015463	-0.1815139874249	0.855964155132765	0.955688134371534
SA150_0593	cds	0.289301770695892	1.36217917813024	4.02660529886201	0.338294686721645	0.735141127322709	NA
SA150_0594	cds	0.326054468130674	-0.640122760582696	4.0804728567969	-0.156874652288505	0.875343637031472	NA
SA150_0595	cds	4.69685313523202	-1.2642237118891	0.796943014270817	-1.58634141870963	0.112661881478754	0.472850962410828
SA150_0596	cds	3.33176965107063	-0.364897941735451	0.949318588581886	-0.384378801936813	0.700697709633519	0.909378306825425
SA150_0597	cds	0.936403136433783	0.443180288623373	1.98470804564067	0.223297471684463	0.823303994897147	NA
SA150_0598	cds	0	NA	NA	NA	NA	NA
SA150_0599	cds	1.37510546639411	0.335871140318236	1.5695801267059	0.213987890521482	0.830556500432336	NA
SA150_0600	cds	5.38493409385569	-0.67302036491246	0.726233115808593	-0.92672772731262	0.354067917552502	0.729212558115795
SA150_0601	cds	2.76540838212246	1.84552837925311	1.20583305517491	1.53050073667571	0.125892831264273	0.485828040113806
SA150_0602	cds	0.138250280644287	0.321649911630935	4.0804728567969	0.0788266269423059	0.93717052470321	NA
SA150_0603	cds	0	NA	NA	NA	NA	NA
SA150_0604	cds	0.103101939536904	0.321649911630934	4.0804728567969	0.0788266269423059	0.93717052470321	NA
SA150_0605	cds	0.151051490051605	0.321649911630935	4.0804728567969	0.0788266269423059	0.93717052470321	NA
SA150_0606	cds	0.460524314132176	0.549695836688243	4.01500935495015	0.136910225628869	0.891101756068951	NA
SA150_0607	cds	0.151218495521463	-1.60190344001155	4.0804728567969	-0.392577893844641	0.694631269519754	NA
SA150_0608	cds	0.326054468130674	-0.640122760582696	4.0804728567969	-0.156874652288505	0.875343637031472	NA
SA150_0609	cds	0.405204919640114	1.85957518852604	3.99209409839203	0.465814467969344	0.64134830814684	NA
SA150_0610	cds	4.69706671516165	-0.94382079426511	0.771934057995284	-1.22267023263129	0.221454274448161	0.612339604970576
SA150_0611	cds	0.254153429588509	1.19351136930369	4.04117880081232	0.295337432004687	0.76773612448575	NA
SA150_0612	cds	3.63037405371758	-1.2046119992155	0.913466208537151	-1.31872639398955	0.187260599546494	0.585189373582793
SA150_0613	cds	3.63993811776746	0.659478317389333	0.927912627516166	0.710711653051455	0.477262936994097	0.790853569946992
SA150_0614	cds	7.70200938120827	0.122598253097886	0.602293182393916	0.203552450337556	0.838703254212432	0.943746323233167
SA150_0615	cds	0.886592328874753	-2.45083925579836	2.28041695968944	-1.0747329541577	0.282494305270275	NA
SA150_0616	cds	0.460357308662318	2.06194941904233	3.97190343894526	0.51913382355284	0.603667423011451	NA
SA150_0617	cds	0.254320435058367	-0.640122760582697	4.0804728567969	-0.156874652288505	0.875343637031472	NA
SA150_0618	cds	3.65883893704474	0.617671988571235	0.926917591924229	0.666372063657765	0.505173314263022	0.814391631177268
SA150_0619	cds	3.12563153612525	-0.0183056374942176	0.956685869966179	-0.0191344286237495	0.984733866382662	0.995117703286521
SA150_0620	cds	0.103101939536904	0.321649911630934	4.0804728567969	0.0788266269423059	0.93717052470321	NA
SA150_0621	cds	0.22295252859377	-1.60190344001155	4.0804728567969	-0.392577893844641	0.694631269519754	NA
SA150_0622	cds	0.151218495521463	-1.60190344001155	4.0804728567969	-0.392577893844641	0.694631269519754	NA
SA150_0623	cds	0	NA	NA	NA	NA	NA
SA150_0624	cds	0	NA	NA	NA	NA	NA
SA150_0625	cds	0	NA	NA	NA	NA	NA
SA150_0626	cds	2.12981880201584	4.26810275856367	1.52504302474514	2.79867694832869	0.00513124460160667	NA
SA150_0627	cds	6.58611436282857	5.89970375463791	1.29010369154699	4.5730461770584	4.80684148986781e-06	0.000276393385667399
SA150_0628	cds	23.8286339257206	3.09371840270822	0.506367271863832	6.10963341157672	9.98602494028646e-10	1.43549108516618e-07
SA150_0629	cds	0.887909360002497	3.00004671760834	2.17622236237685	1.37855706727125	0.168031361342098	NA
SA150_0630	cds	7.05238221277967	0.903149500041995	0.648341360996274	1.39301539956385	0.163615133954925	0.566739168819772
SA150_0631	cds	0.628157448233884	0.889846327199535	2.87444805282444	0.309571197964482	0.756887061689606	NA
SA150_0632	cds	1.18330715305502	-1.1831170013783	1.70893302726501	-0.692313263599199	0.488740622396066	NA
SA150_0633	cds	8.03416083480016	0.801822167890554	0.624650434646182	1.28363341065267	0.19927025375126	0.599897360769501
SA150_0634	cds	11.1671116376468	0.401680098690994	0.499157535045123	0.804716087586824	0.42098353385426	0.771287839147726
SA150_0635	cds	3.38128965719696	1.07001257979774	0.98766199896337	1.08337931490814	0.278640093184501	0.664805201581278
SA150_0636	cds	2.54487941248948	0.651696359490844	1.12493417376469	0.579319550147441	0.56237357640839	NA
SA150_0637	cds	0.750036299804937	1.23144612719044	2.52098054051464	0.488479029250678	0.62521057611314	NA
SA150_0638	cds	0.392947936149382	-2.46197674549938	4.04298124473817	-0.608950820314483	0.542557037316139	NA
SA150_0639	cds	0.477272963652137	-1.44477379889455	3.59985132544324	-0.401342630092275	0.688167881429581	NA
SA150_0640	cds	0	NA	NA	NA	NA	NA
SA150_0641	cds	0	NA	NA	NA	NA	NA
SA150_0642	cds	0	NA	NA	NA	NA	NA
SA150_0643	cds	0	NA	NA	NA	NA	NA
SA150_0644	cds	0.44590505718754	-2.62972358875155	4.02831238866145	-0.652810242858391	0.513878619385197	NA
SA150_0645	cds	0.602555029419249	0.815150069032322	2.96013690800725	0.275375799959563	0.783027534454634	NA
SA150_0646	cds	0.357255369125413	1.69393139597556	4.00232996068906	0.423236317998109	0.672122851550675	NA
SA150_0647	cds	7.44424577611931	-0.00106852888338053	0.611198679444973	-0.00174825129588117	0.998605097993172	0.999238502240488
SA150_0648	cds	3.30880129451148	2.92664746499577	1.26233395902061	2.31844152181918	0.0204253376474983	0.194504771607854
SA150_0649	cds	1.58090799390255	0.111152013744856	3.84116985366487	0.0289370212667908	0.976914819274519	NA
SA150_0650	cds	1.28102430162174	0.39938129222436	1.59356163868965	0.250621803718093	0.802106522693135	NA
SA150_0651	cds	2.49317008221759	0.476392575204516	1.08292540079552	0.43991264297112	0.660000378591844	NA
SA150_0652	cds	1.5092413014559	2.55345819989897	1.66539897678821	1.53324112449223	0.125216455001466	NA
SA150_0653	cds	0.460524314132176	0.549695836688243	4.01500935495015	0.136910225628869	0.891101756068951	NA
SA150_0654	cds	1.57074650227137	0.305615350403261	1.55636248940887	0.196365147890026	0.844324373134501	NA
SA150_0655	cds	6.96596147085678	0.0247641247166128	0.626911923029114	0.0395017606252525	0.968490349838008	0.995117703286521
SA150_0656	cds	0	NA	NA	NA	NA	NA
SA150_0657	cds	0.151051490051605	0.321649911630935	4.0804728567969	0.0788266269423059	0.93717052470321	NA
SA150_0658	cds	1.70568904326009	2.86669591623838	1.60639483150969	1.78455250229127	0.0743339315500201	NA
SA150_0659	cds	13.8129033009826	0.437943845932875	0.472652494434642	0.926566242830723	0.354151788592451	0.729212558115795
SA150_0660	cds	6.92361040252219	0.19680381063476	0.623634135305636	0.315575751058445	0.752324545652832	0.911284037902589
SA150_0661	cds	0.344831380164824	-0.640122760582697	4.0804728567969	-0.156874652288505	0.875343637031472	NA
SA150_0662	cds	0.326054468130674	-0.640122760582696	4.0804728567969	-0.156874652288505	0.875343637031472	NA
SA150_0663	cds	0	NA	NA	NA	NA	NA
SA150_0664	cds	0.103101939536904	0.321649911630934	4.0804728567969	0.0788266269423059	0.93717052470321	NA
SA150_0665	cds	0.241352220181192	1.13137310152433	4.0469751237205	0.279560181848667	0.779814959676233	NA
SA150_0666	cds	0.707808916152898	-0.935881700646561	2.63886562197269	-0.354653034566777	0.722849539560729	NA
SA150_0667	cds	0	NA	NA	NA	NA	NA
SA150_0668	cds	0.772550436974861	-0.0422712190202236	2.33952625756503	-0.0180682815093596	0.985584381508231	NA
SA150_0669	cds	0.634300156330574	-0.676479762324671	2.70108354986146	-0.250447551820219	0.802241259968652	NA
SA150_0670	cds	2.74210572630577	0.915487023792772	1.03571170469731	0.883920708475843	0.376739017494259	0.741236588805086
SA150_0671	cds	7.86127057275622	-0.347075069799534	0.616464639450803	-0.563008885811743	0.573428833219269	0.834738174939442
SA150_0672	cds	0.241352220181192	1.13137310152433	4.0469751237205	0.279560181848667	0.779814959676233	NA
SA150_0673	cds	0	NA	NA	NA	NA	NA
SA150_0674	cds	1.04361952155319	-1.52997927904818	1.95289091451077	-0.783443287937803	0.433366844507116	NA
SA150_0675	cds	0.972778613421838	0.663903749526625	1.93037184671903	0.343925317111848	0.730902451692517	NA
SA150_0676	cds	0.460524314132176	0.549695836688243	4.01500935495015	0.136910225628869	0.891101756068951	NA
SA150_0677	cds	1.3875294553547	1.39346971201447	1.62414471533445	0.857971398027498	0.390908257181783	NA
SA150_0678	cds	0	NA	NA	NA	NA	NA
SA150_0679	cds	0.138250280644287	0.321649911630935	4.0804728567969	0.0788266269423059	0.93717052470321	NA
SA150_0680	cds	56.4311082345326	-1.29220680451777	0.248586141902926	-5.19822543053258	2.01200037183867e-07	1.44612526725905e-05
SA150_0681	cds	13.3932382600064	0.939388748044898	0.489429042285749	1.91935636605815	0.0549392490699136	0.322347634848983
SA150_0682	cds	2.30862129312606	1.52278078224775	1.21060753449593	1.2578649470258	0.208440602551463	NA
SA150_0683	cds	0	NA	NA	NA	NA	NA
SA150_0684	cds	0.691251403221436	2.63014079435337	3.09656281197385	0.849374275303924	0.395673062769693	NA
SA150_0685	cds	0.241729440627919	-1.60190344001155	4.0804728567969	-0.392577893844641	0.694631269519754	NA
SA150_0686	cds	3.29992328281788	0.703214639608255	0.951141616341251	0.739337473543957	0.45970209971607	0.790071801399808
SA150_0687	cds	5.89331723790453	0.425177876418918	0.680842891970636	0.624487501350393	0.532307476065569	0.821531326561068
SA150_0688	cds	3.56112167719773	-0.27867795673488	0.883888386271558	-0.315286365409106	0.752544236318835	0.911284037902589
SA150_0689	cds	0.750036299804937	1.23144612719044	2.52098054051464	0.488479029250678	0.62521057611314	NA
SA150_0690	cds	2.35563103295975	-1.07396733625385	1.09754852984108	-0.978514668876962	0.327819839903052	NA
SA150_0691	cds	1.1498098540151	1.00595917634577	1.87186191789423	0.537410995292556	0.590983749974336	NA
SA150_0692	cds	16.2370683603607	1.70530346903475	0.477082291109525	3.57444302757248	0.00035097422239202	0.0100905088937706
SA150_0693	cds	2.24681040279323	0.918490068367249	1.19647819135126	0.767661353969136	0.442688401521863	NA
SA150_0694	cds	4.0056517827034	-0.485717509867897	0.819191350235292	-0.592923142716763	0.553232589225163	0.828035614532023
SA150_0695	cds	2.7514812781759	0.605245185080075	1.08992390542808	0.555309579013553	0.578682927967511	0.840259301973027
SA150_0696	cds	13.4836802530692	1.65853436486201	0.517934334219106	3.20220973062657	0.0013637766633984	0.0290433919057067
SA150_0697	cds	1.35296854967091	-0.0247241348329846	1.57264530112145	-0.0157213675679785	0.987456680249006	NA
SA150_0698	cds	2.8967706455303	1.31666590877464	1.07700161854334	1.22252918296951	0.221507574945633	0.612339604970576
SA150_0699	cds	20.6235288104121	3.43714652546946	0.584450455512695	5.88098870152185	4.07823007503701e-09	4.68996458629256e-07
SA150_0700	cds	78.317557128525	1.52433549787586	0.242671718639187	6.2814715551683	3.35383170082255e-10	6.42817742657656e-08
SA150_0701	cds	39.1848523446217	0.852570783911963	0.322230389288299	2.64584226768621	0.0081487803459696	0.109552288238221
SA150_0702	cds	39.879808664445	0.524821436575894	0.304158237025832	1.72548815941263	0.0844395358264593	0.404606109168451
SA150_0703	cds	43.6012695650908	0.661786359548852	0.289443527500905	2.28640925317213	0.0222303275075636	0.196664979245355
SA150_0704	cds	72.8174280704113	-0.200523802707957	0.228984800853301	-0.875707915812378	0.381188840938752	0.741236588805086
SA150_0705	cds	0.374004018645375	-0.640122760582696	4.0804728567969	-0.156874652288505	0.875343637031472	NA
SA150_0706	cds	1.31558173107247	-0.693555875115936	1.59464721260174	-0.434927468367356	0.66361507577762	NA
SA150_0707	cds	1.11700459669296	0.905495089224929	1.86452208969768	0.48564460256502	0.627219167101037	NA
SA150_0708	cds	6.36279109465968	0.477063888338251	0.683551230258906	0.697919727476104	0.485227396426144	0.79944341818061
SA150_0709	cds	1.7319836150728	1.82116350568525	1.49593467741589	1.21740844248037	0.22344885248979	NA
SA150_0710	cds	0	NA	NA	NA	NA	NA
SA150_0711	cds	0.151218495521463	-1.60190344001155	4.0804728567969	-0.392577893844641	0.694631269519754	NA
SA150_0712	cds	0	NA	NA	NA	NA	NA
SA150_0713	cds	0.151218495521463	-1.60190344001155	4.0804728567969	-0.392577893844641	0.694631269519754	NA
SA150_0714	cds	1.7412146048142	1.79475746945499	1.47403712632913	1.21757955576368	0.223383787368027	NA
SA150_0715	cds	1.51096934246585	-0.590330259369694	1.48192090056909	-0.398354769909104	0.690368693283507	NA
SA150_0716	cds	0.151218495521463	-1.60190344001155	4.0804728567969	-0.392577893844641	0.694631269519754	NA
SA150_0717	cds	0.453321475624673	0.455699964008547	4.02217408778324	0.113296927000914	0.909795153453202	NA
SA150_0718	cds	42.3388044260776	-0.55306020953642	0.280715853331216	-1.97017803937088	0.0488179694774187	0.301831531715223
SA150_0719	cds	0.206203879073809	0.958951957307996	4.06166755077143	0.236098091564846	0.813356554786801	NA
SA150_0720	cds	0.206203879073809	0.958951957307996	4.06166755077143	0.236098091564846	0.813356554786801	NA
SA150_0721	cds	0	NA	NA	NA	NA	NA
SA150_0722	cds	0.646891150761022	0.0764278364293567	2.79695696349836	0.0273253530271567	0.978200235624444	NA
SA150_0723	cds	0	NA	NA	NA	NA	NA
SA150_0724	cds	0	NA	NA	NA	NA	NA
SA150_0725	cds	0	NA	NA	NA	NA	NA
SA150_0726	cds	38.3535009476512	-0.670096437209381	0.295706088544811	-2.26608941502344	0.0234459092006512	0.20046994844556
SA150_0727	cds	0.357422374595272	-0.00282260137309728	4.06166714053036	-0.00069493665419582	0.999445520817511	NA
SA150_0728	cds	0	NA	NA	NA	NA	NA
SA150_0729	cds	0	NA	NA	NA	NA	NA
SA150_0730	cds	2.66914119240003	0.221400727622564	1.02472424209112	0.216058836639561	0.828941885464561	NA
SA150_0731	cds	36.4551914760106	0.606817800870724	0.320874715494362	1.89113623345429	0.0586061608242451	0.336985424739409
SA150_0732	cds	0	NA	NA	NA	NA	NA
SA150_0733	cds	0.151218495521463	-1.60190344001155	4.0804728567969	-0.392577893844641	0.694631269519754	NA
SA150_0734	cds	0	NA	NA	NA	NA	NA
SA150_0735	cds	0	NA	NA	NA	NA	NA
SA150_0736	cds	0.326054468130674	-0.640122760582696	4.0804728567969	-0.156874652288505	0.875343637031472	NA
SA150_0737	cds	1.06901172539096	-0.882667416488212	1.79913864056467	-0.490605557896963	0.623705454678812	NA
SA150_0738	cds	1.09935934599899	-3.91002052305671	2.01956398945295	-1.93607161915966	0.0528589299404011	NA
SA150_0739	cds	0.718625183833329	-0.105939109944571	2.44421049478465	-0.0433428749981311	0.965428214010857	NA
SA150_0740	cds	0.405204919640114	1.85957518852604	3.99209409839203	0.465814467969344	0.64134830814684	NA
SA150_0741	cds	1.4385673987944	3.71320651189814	1.71758431055834	2.16187728839412	0.0306276360395557	NA
SA150_0742	cds	0	NA	NA	NA	NA	NA
SA150_0743	cds	0.379979721272206	-0.640122760582697	4.0804728567969	-0.156874652288505	0.875343637031472	NA
SA150_0744	cds	1.50380982474565	0.562230797037652	1.42664949316387	0.39409175114961	0.693513300878282	NA
SA150_0745	cds	1.58435441760562	0.947878972946445	1.4505100887291	0.653479751924342	0.51344703884307	NA
SA150_0746	cds	1.00830417497595	-0.642182682888068	1.8146446862712	-0.353888939111076	0.723422116651884	NA
SA150_0747	cds	5.38223186562359	-0.997430342557032	0.735532868526816	-1.35606494996582	0.175078503621835	0.575257940471742
SA150_0748	cds	0	NA	NA	NA	NA	NA
SA150_0749	cds	0.344454159718096	1.64824969422059	4.00535992387194	0.411511006638136	0.680697872181812	NA
SA150_0750	cds	0	NA	NA	NA	NA	NA
SA150_0751	cds	0.22295252859377	-1.60190344001155	4.0804728567969	-0.392577893844641	0.694631269519754	NA
SA150_0752	cds	0.483458881255838	-2.73242124498841	4.02010938683921	-0.679688282595904	0.496701856862696	NA
SA150_0753	cds	1.02653686109351	1.85066425555473	1.97153356361824	0.938692746451811	0.347888518663809	NA
SA150_0754	cds	0.634133150860716	0.851754975818826	2.68024623874481	0.317789822258165	0.750644371479686	NA
SA150_0755	cds	13.6604526273201	-1.23080616630982	0.45977472180035	-2.67697658864395	0.00742898257381958	0.104186950730397
SA150_0756	cds	1.20886636236264	-1.44708461182875	1.82241524320189	-0.794047688761806	0.427167669368082	NA
SA150_0757	cds	4.67774916472425	0.593389360530703	0.826282868911681	0.718143123688709	0.472669042924407	0.790071801399808
SA150_0758	cds	5.5655347287639	1.31038580528036	0.755757294175859	1.73387119830489	0.082940939228346	0.400765042489907
SA150_0759	cds	8.07932798069503	0.31573647037419	0.601793860704653	0.524658842488834	0.599820373455502	0.849677707550248
SA150_0760	cds	4.93468182148735	-0.231361263208283	0.747781386439936	-0.309396927235319	0.757019607517758	0.911284037902589
SA150_0761	cds	9.48373953984938	-0.800380789408672	0.547755103207462	-1.46120188515255	0.143960045858171	0.523905230180053
SA150_0762	cds	0	NA	NA	NA	NA	NA
SA150_0763	cds	0.785351646382179	-0.0108807508098206	2.20732991958603	-0.00492937223079964	0.996066945930625	NA
SA150_0764	cds	1.97151778771667	1.04478610485101	1.34847160271502	0.774792811911972	0.438462097423394	NA
SA150_0765	cds	0.440520266217355	0.398559987405025	3.85587448615569	0.103364357122109	0.917673799479124	NA
SA150_0766	cds	0.687257277368732	-0.82467797960723	2.72154073424635	-0.303018789772257	0.7618755422159	NA
SA150_0767	cds	1.66787285046173	1.49758189410386	1.535577242072	0.975256635142057	0.329432975245979	NA
SA150_0768	cds	3.88385032967296	1.47622382526052	0.977794343541895	1.50974878818909	0.131107537024456	0.499250554894453
SA150_0769	cds	0.103101939536904	0.321649911630934	4.0804728567969	0.0788266269423059	0.93717052470321	NA
SA150_0770	cds	0	NA	NA	NA	NA	NA
SA150_0771	cds	0.477272963652137	-1.44477379889455	3.59985132544324	-0.401342630092275	0.688167881429581	NA
SA150_0772	cds	1.43834218445259	-2.16545194476886	1.69498642100149	-1.27756300459882	0.201403551973538	NA
SA150_0773	cds	2.11461282371827	-2.99763356010374	1.44045581579881	-2.08103124526689	0.0374310462236439	NA
SA150_0774	cds	0	NA	NA	NA	NA	NA
SA150_0775	cds	2.20551935358916	1.42660953922353	1.22524003830067	1.16435106152925	0.244281771480618	NA
SA150_0776	cds	4.88862649210151	0.778492853600008	0.776053495045084	1.00314328660395	0.315791731916536	0.692571316297275
SA150_0777	cds	0.656480282560781	0.925374645049192	3.01178576998554	0.307251151217716	0.758652214126289	NA
SA150_0778	cds	3.33527847394937	0.06849136814965	0.926032787885835	0.0739621415630629	0.941040509373991	0.987405643959936
SA150_0779	cds	0.392403710232796	1.8179200861932	3.99456142094427	0.455098794240963	0.64903816544744	NA
SA150_0780	cds	0.361202809238057	-0.640122760582696	4.0804728567969	-0.156874652288505	0.875343637031472	NA
SA150_0781	cds	4.27057479423228	-1.04343104583302	0.82452727686607	-1.26549002696305	0.205695721210971	0.603444080083204
SA150_0782	cds	0.749826084828068	1.48476893405629	2.36608763675571	0.627520684775713	0.530317981627215	NA
SA150_0783	cds	1.52001424834902	1.34482182138353	1.5838072818033	0.849106982165368	0.39582176558367	NA
SA150_0784	cds	6.68303686563338	0.274510193093605	0.650479138250583	0.422012293633091	0.673016044220315	0.897965726028505
SA150_0785	cds	1.1223927526159	1.20126205210691	1.87135627121555	0.641920552801323	0.520924768714291	NA
SA150_0786	cds	0.839959809487797	2.9321502722816	2.27238308742698	1.29034153110234	0.196932103086329	NA
SA150_0787	cds	0.821727123370233	0.276009570535095	2.23698530934582	0.123384614723201	0.901802539650976	NA
SA150_0788	cds	0.447556099255	2.02566133756673	3.98291942667312	0.508587074094726	0.611041691137883	NA
SA150_0789	cds	0.580374903189042	-0.788751479007746	3.07448496082144	-0.256547515781963	0.797528095425168	NA
SA150_0790	cds	0.741182530510264	-0.717731374877165	2.58728602268189	-0.277407046837902	0.781467571288725	NA
SA150_0791	cds	0.477105958182279	0.231557759555344	3.59935882799482	0.0643330578086164	0.948705031639411	NA
SA150_0792	cds	3.35058977261179	-0.240201413806675	0.893726301285764	-0.268763953193621	0.78811133416431	0.920933998178641
SA150_0793	cds	1.20153983917258	0.800503587886727	1.71818680277352	0.465900207471355	0.641286932644516	NA
SA150_0794	cds	1.89621353497845	1.09032735899353	1.28904012968764	0.845844387527129	0.39763955977688	NA
SA150_0795	cds	6.42353261154771	1.12065255418543	0.693831692906576	1.61516483845071	0.10627500278717	0.467095188288151
SA150_0796	cds	0.464681969221689	-2.68116687349096	3.97911595393668	-0.673809686505465	0.500432315727468	NA
SA150_0797	cds	3.92073595482429	-0.581597490737138	0.841750855610703	-0.690937807619074	0.489604625397359	0.803303580237738
SA150_0798	cds	4.74376091965361	0.619605389653977	0.781182333549638	0.793163597080509	0.427682513627584	0.771287839147726
SA150_0799	cds	4.47771848398711	0.499489840548373	0.810914156796917	0.615958959850129	0.537921606529952	0.824813130012593
SA150_0800	cds	9.88943234134917	-0.322531585783216	0.522259019876426	-0.617570158691623	0.536858720536818	0.824813130012593
SA150_0801	cds	16.2448848683385	0.0552903879271165	0.428859348550821	0.128924292111041	0.897417554752991	0.978068481284673
SA150_0802	cds	0.635360286741387	0.976137137985744	3.06825002842344	0.318141327774162	0.750377735863439	NA
SA150_0803	cds	0.543789211224117	-0.436328898624348	3.2305271106628	-0.13506430488826	0.892561032093677	NA
SA150_0804	cds	0.844284470047168	-0.208477689646534	2.21771161445873	-0.0940057707626769	0.925104572633572	NA
SA150_0805	cds	18.0113521306487	0.47016941896912	0.409304463044737	1.14870337711839	0.250678312839197	0.629488195399128
SA150_0806	cds	0.440353260747497	1.97249350669786	3.98574496343327	0.49488703486908	0.620679863057303	NA
SA150_0807	cds	0.392403710232796	1.8179200861932	3.99456142094427	0.455098794240963	0.64903816544744	NA
SA150_0808	cds	0.718458178363471	1.20378011944011	2.44179741413837	0.49298934975934	0.622020112630224	NA
SA150_0809	cds	4.11793731217098	1.5977826720154	0.909280077795286	1.7571952922245	0.0788845274373703	0.395962652297281
SA150_0810	cds	7.1975541888156	-0.0697288893442727	0.644859029303637	-0.108130438089036	0.913892223598511	0.97867874846138
SA150_0811	cds	13.3092185617068	-0.540698816336772	0.462277911663908	-1.16964017248974	0.242145803660595	0.618817053799299
SA150_0812	cds	0	NA	NA	NA	NA	NA
SA150_0813	cds	0	NA	NA	NA	NA	NA
SA150_0814	cds	6.97977413315478	0.319478748197968	0.63245887810351	0.50513758168113	0.61346220694997	0.859362150373203
SA150_0815	cds	0.96018761899139	0.20240311229347	1.94810670473003	0.103897343919628	0.917250814946371	NA
SA150_0816	cds	3.5699755577727	0.482601639555184	0.885087478491929	0.545258690561833	0.585575611090629	0.842284828173019
SA150_0817	cds	0.453655486564389	-2.71468862416652	4.02148585569861	-0.675046169892578	0.499646432081054	NA
SA150_0818	cds	80.2131932378126	1.02929763332915	0.214596466744827	4.79643327284165	1.61515726611268e-06	0.000103190603112755
SA150_0819	cds	0.453655486564389	-2.71468862416652	4.02148585569861	-0.675046169892578	0.499646432081054	NA
SA150_0820	cds	0	NA	NA	NA	NA	NA
SA150_0821	cds	0.241352220181192	1.13137310152433	4.0469751237205	0.279560181848667	0.779814959676233	NA
SA150_0822	cds	0.748008037290749	-0.583376967181253	2.74047627755097	-0.212874299245016	0.831425009162665	NA
SA150_0823	cds	0.943983195388014	-0.901306688632889	2.15618153327066	-0.418010577831875	0.675939383390048	NA
SA150_0824	cds	4.93898163685742	1.07591063358874	0.797493308221783	1.34911556309828	0.177299850137637	0.575974089430176
SA150_0825	cds	0.453488481094531	-1.2351620523854	4.06249812634057	-0.304040030043783	0.761097394263214	NA
SA150_0826	cds	0.567783908758594	-1.70305459031219	3.13577945181551	-0.543104072362674	0.587058148908864	NA
SA150_0827	cds	0.241352220181192	1.13137310152433	4.0469751237205	0.279560181848667	0.779814959676233	NA
SA150_0828	cds	1.42251079099222	2.45760127453904	1.72075948079543	1.42820731308886	0.153232196313783	NA
SA150_0829	cds	0.681705480928688	2.6060287767261	2.62760329303314	0.991789279468388	0.321300328352867	NA
SA150_0830	cds	1.76377195149113	1.59054467430152	1.47722948436901	1.07670791243441	0.281610776372967	NA
SA150_0831	cds	0.138250280644287	0.321649911630935	4.0804728567969	0.0788266269423059	0.93717052470321	NA
SA150_0832	cds	0	NA	NA	NA	NA	NA
SA150_0833	cds	0	NA	NA	NA	NA	NA
SA150_0834	cds	0	NA	NA	NA	NA	NA
SA150_0835	cds	0.138250280644287	0.321649911630935	4.0804728567969	0.0788266269423059	0.93717052470321	NA
SA150_0836	cds	1.27559282491149	-1.35306787752341	1.62902099825628	-0.83060186392425	0.406198581436596	NA
SA150_0837	cds	39.6361365388304	-0.719897796150379	0.289115462151828	-2.49000102171059	0.0127742728073395	0.141253978158081
SA150_0838	cds	7.96595957868769	-0.0926625593890954	0.581106091535837	-0.159458936567318	0.873307308181111	0.969025341959135
SA150_0839	cds	0	NA	NA	NA	NA	NA
SA150_0840	cds	2.66800941977956	1.2760364953304	1.1219448230468	1.13734336049177	0.255394774929977	NA
SA150_0841	cds	1.80303473818102	0.173917695956055	1.3290184876992	0.130861758181515	0.895884667018464	NA
SA150_0842	cds	1.58418741213576	1.661938479482	1.54580225997552	1.07513006191899	0.282316502045899	NA
SA150_0843	cds	2.99392183890998	-1.38928641046718	1.01927944127006	-1.36300837063492	0.172879872540302	0.575257940471742
SA150_0844	cds	0.254320435058367	-0.640122760582697	4.0804728567969	-0.156874652288505	0.875343637031472	NA
SA150_0845	cds	0.769663127273031	2.81720430035797	2.62175191406346	1.07455029793097	0.282576114263493	NA
SA150_0846	cds	2.57643497930953	0.148155097165654	1.05536058569105	0.140383390449096	0.888357080396307	NA
SA150_0847	cds	0.138250280644287	0.321649911630935	4.0804728567969	0.0788266269423059	0.93717052470321	NA
SA150_0848	cds	0.702253754760095	-0.268256207834261	2.65256826578262	-0.101130746112999	0.91944667128893	NA
SA150_0849	cds	0.762794299705244	0.475278098813547	2.48700919275947	0.191104279066295	0.848443895214209	NA
SA150_0850	cds	2.58562275954392	-0.0586148190688	1.02775335754389	-0.057031989862701	0.954519712378885	NA
SA150_0851	cds	1.26987065804883	-0.174499926697754	1.71058994719834	-0.102011546942361	0.918747509765458	NA
SA150_0852	cds	0.804811468380414	2.87817583466414	2.36213793978347	1.21846221856459	0.223048373743258	NA
SA150_0853	cds	0	NA	NA	NA	NA	NA
SA150_0854	cds	2.78732008450385	-0.692158480321851	1.03981401631681	-0.665656039888353	0.505630977965713	0.814391631177268
SA150_0855	cds	0.819955761572976	2.87079371872043	2.32144390621995	1.23664143295842	0.216220230662788	NA
SA150_0856	cds	0.103101939536904	0.321649911630934	4.0804728567969	0.0788266269423059	0.93717052470321	NA
SA150_0857	cds	1.93638863627795	0.666643821989728	1.34609548937872	0.495242594043171	0.620428887451429	NA
SA150_0858	cds	1.23829590156012	1.38250355323006	1.76104270175512	0.785048285230229	0.432425258940036	NA
SA150_0859	cds	0.138250280644287	0.321649911630935	4.0804728567969	0.0788266269423059	0.93717052470321	NA
SA150_0860	cds	2.26681433942776	0.343461176284571	1.1346331816204	0.302706797093722	0.762113317353995	NA
SA150_0861	cds	1.87401433035987	1.7797902064806	1.49691633927714	1.1889710598924	0.234451055313456	NA
SA150_0862	cds	0.634510371307443	-1.74813044984637	3.10471859360121	-0.563056005606835	0.573396747884322	NA
SA150_0863	cds	1.26763218055777	-0.785564159126056	1.6964075885967	-0.463075126760009	0.643310518117645	NA
SA150_0864	cds	0.753983739917581	-0.670507402221741	2.42022661507617	-0.277043231425103	0.781746910927489	NA
SA150_0865	cds	0.103101939536904	0.321649911630934	4.0804728567969	0.0788266269423059	0.93717052470321	NA
SA150_0866	cds	3.92094616980116	-0.709484646437962	0.838943084353962	-0.84568865238851	0.397726455157972	0.752278656959981
SA150_0867	cds	0.357422374595272	-0.00282260137309728	4.06166714053036	-0.00069493665419582	0.999445520817511	NA
SA150_0868	cds	0.512254299289662	0.391945767756543	3.39458317436425	0.11546211938965	0.908078843967846	NA
SA150_0869	cds	0.405371925109972	0.23173839359955	4.04117809699178	0.0573442664583515	0.954270958810326	NA
SA150_0870	cds	0	NA	NA	NA	NA	NA
SA150_0871	cds	0	NA	NA	NA	NA	NA
SA150_0872	cds	0	NA	NA	NA	NA	NA
SA150_0873	cds	0	NA	NA	NA	NA	NA
SA150_0874	cds	0	NA	NA	NA	NA	NA
SA150_0875	cds	0	NA	NA	NA	NA	NA
SA150_0876	cds	0.785518651852037	-1.17319151875236	2.31852523904999	-0.50600765477674	0.612851275955704	NA
SA150_0877	cds	0.392570715702655	0.169600117563319	4.04697439092247	0.0419078801051322	0.966572134502951	NA
SA150_0878	cds	0.138250280644287	0.321649911630935	4.0804728567969	0.0788266269423059	0.93717052470321	NA
SA150_0879	cds	0.405371925109972	0.23173839359955	4.04117809699178	0.0573442664583515	0.954270958810326	NA
SA150_0880	cds	0.821727123370233	0.276009570535095	2.23698530934582	0.123384614723201	0.901802539650976	NA
SA150_0881	cds	2.8181678961705	1.07690140753752	1.07384103407621	1.00284993156733	0.315933273160729	0.692571316297275
SA150_0882	cds	1.43169857122661	1.65845316531668	1.63650354615201	1.01341250938092	0.310863166758459	NA
SA150_0883	cds	8.95718109320397	0.186072157223533	0.546461259957774	0.340503839627919	0.733477131754213	0.911284037902589
SA150_0884	cds	0.151218495521463	-1.60190344001155	4.0804728567969	-0.392577893844641	0.694631269519754	NA
SA150_0885	cds	0.984476482911331	-0.781576693204329	2.08248026622606	-0.375310491955215	0.707429564070731	NA
SA150_0886	cds	1.28156852753832	-1.39324358629449	1.68267050662419	-0.827995487416988	0.40767305549787	NA
SA150_0887	cds	1.06168520220089	1.90121594042647	1.96380450785254	0.96812892160304	0.332979987401126	NA
SA150_0888	cds	0.151051490051605	0.321649911630935	4.0804728567969	0.0788266269423059	0.93717052470321	NA
SA150_0889	cds	0	NA	NA	NA	NA	NA
SA150_0890	cds	11.5576333246694	0.238518496593012	0.490847159022264	0.485932315607419	0.627015155464495	0.86875593829418
SA150_0891	cds	0	NA	NA	NA	NA	NA
SA150_0892	cds	0.8533052448117	0.267027130952442	2.18896728939097	0.121987720989077	0.902908742871115	NA
SA150_0893	cds	2.76045873215313	0.0248082569554532	0.997123928305479	0.0248798130816222	0.980150829077304	0.995117703286521
SA150_0894	cds	0.206203879073809	0.958951957307996	4.06166755077143	0.236098091564846	0.813356554786801	NA
SA150_0895	cds	16.4332972574144	-0.0635001139010221	0.418863477575403	-0.151600980511821	0.879501660010445	0.972525874050011
SA150_0896	cds	15.6440414917069	0.141870100395644	0.422410777450486	0.335858145599216	0.736977840456267	0.911284037902589
SA150_0897	cds	136.86794767165	-0.21976451361933	0.165170385398024	-1.33053218402165	0.183342989660239	0.579242961838668
SA150_0898	cds	80.4647500313974	-0.445562087992847	0.204205565223857	-2.18192921189198	0.029114757520415	0.209262319677983
SA150_0899	cds	8.29191509604483	-1.09855384558875	0.586145462581957	-1.8742000334689	0.0609028595335988	0.343324943449209
SA150_0900	cds	2.68893154910494	-0.81429994935628	1.09238433956663	-0.745433562036721	0.456009660925418	NA
SA150_0901	cds	0	NA	NA	NA	NA	NA
SA150_0902	cds	0	NA	NA	NA	NA	NA
SA150_0903	cds	0.103101939536904	0.321649911630934	4.0804728567969	0.0788266269423059	0.93717052470321	NA
SA150_0904	cds	0	NA	NA	NA	NA	NA
SA150_0905	cds	0.138250280644287	0.321649911630935	4.0804728567969	0.0788266269423059	0.93717052470321	NA
SA150_0906	cds	1.23366218653063	-1.20290038106054	1.75626955572741	-0.684917857362916	0.49339575679667	NA
SA150_0907	cds	0.543622205754259	0.853351516662668	2.97940780743867	0.2864164867032	0.774559148829281	NA
SA150_0908	cds	1.2033145659226	0.548882951920427	1.72390836739651	0.318394505358405	0.75018570567942	NA
SA150_0909	cds	0.531198216793669	-1.49976121473774	3.30077975605864	-0.454365733425533	0.649565611494676	NA
SA150_0910	cds	2.67575648420365	0.394972760472838	1.01505918376017	0.389113035763794	0.697192530759044	NA
SA150_0911	cds	0.604372965676277	1.03792015592721	3.20675967821631	0.323666336139206	0.746190659884823	NA
SA150_0912	cds	0.151218495521463	-1.60190344001155	4.0804728567969	-0.392577893844641	0.694631269519754	NA
SA150_0913	cds	1.14244001003773	2.0534812133118	1.88612826976837	1.08872829394789	0.276273720813633	NA
SA150_0914	cds	0.634510371307443	-1.74813044984637	3.10471859360121	-0.563056005606835	0.573396747884322	NA
SA150_0915	cds	0.151051490051605	0.321649911630935	4.0804728567969	0.0788266269423059	0.93717052470321	NA
SA150_0916	cds	0	NA	NA	NA	NA	NA
SA150_0917	cds	2.33723481760537	-0.1965195177345	1.10126587758057	-0.178448748603965	0.858370567772299	NA
SA150_0918	cds	0.718458178363471	1.20378011944011	2.44179741413837	0.49298934975934	0.622020112630224	NA
SA150_0919	cds	3.19250244952254	-0.743990021752892	0.931105563958013	-0.799039389895044	0.424267572257096	0.771287839147726
SA150_0920	cds	7.8533400382804	-0.863065248330702	0.596114106354353	-1.4478188640912	0.147667715595953	0.527384698556973
SA150_0921	cds	74.1387260720536	-0.233250646238045	0.216353091906418	-1.07810174646793	0.280988352328727	0.664890134111186
SA150_0922	cds	0	NA	NA	NA	NA	NA
SA150_0923	cds	3.30180878226114	3.83792941996162	1.40701588758014	2.72770865904171	0.00637759079613407	0.0940285822506946
SA150_0924	cds	0.585806379899288	2.41139357652529	3.18760665483157	0.756490319428292	0.449355274316444	NA
SA150_0925	cds	2.25526776197252	3.21024978690577	1.49523626382146	2.14698497125876	0.031794478096362	NA
SA150_0926	cds	8.68765385449707	0.060017253751184	0.568368354825858	0.105595699059587	0.915903137326422	0.97867874846138
SA150_0927	cds	1.61933575324314	1.69138198401255	1.51133967276384	1.11912762861538	0.263085694561313	NA
SA150_0928	cds	0.785728866828906	-2.16717330969395	2.48571403022439	-0.871851421097831	0.383289438195251	NA
SA150_0929	cds	0.687257277368732	-0.82467797960723	2.72154073424635	-0.303018789772257	0.7618755422159	NA
SA150_0930	cds	30.382483586713	-0.120607904835916	0.31446640625515	-0.383531920856619	0.701325406934658	0.909378306825425
SA150_0931	cds	35.3586707122531	0.423844018282166	0.297707566228957	1.42369246321473	0.154535516397173	0.548147971869984
SA150_0932	cds	69.9420315720518	0.427048628774227	0.237623288068903	1.79716656664728	0.0723091805008015	0.38276259534709
SA150_0933	cds	52.2258953874223	0.263175075250909	0.25040832875871	1.050983713503	0.293266069990427	0.683295451930287
SA150_0934	cds	0.151218495521463	-1.60190344001155	4.0804728567969	-0.392577893844641	0.694631269519754	NA
SA150_0935	cds	0	NA	NA	NA	NA	NA
SA150_0936	cds	0.254153429588509	1.19351136930369	4.04117880081232	0.295337432004687	0.76773612448575	NA
SA150_0937	cds	0.103101939536904	0.321649911630934	4.0804728567969	0.0788266269423059	0.93717052470321	NA
SA150_0938	cds	0.241729440627919	-1.60190344001155	4.0804728567969	-0.392577893844641	0.694631269519754	NA
SA150_0939	cds	1.26279161550417	-1.37526796431882	1.63682298102582	-0.8402056790875	0.400793074764831	NA
SA150_0940	cds	4.07128642846632	0.216839548744839	0.827287064107694	0.262109197825692	0.793237255780202	0.920933998178641
SA150_0941	cds	1.59394354940538	1.43378136764113	1.50676342842378	0.951563689822898	0.3413183036723	NA
SA150_0942	cds	0.621331941453398	0.81530300502154	2.89736656724777	0.281394496035757	0.778407839171556	NA
SA150_0943	cds	0.985412817359297	1.81637598147033	2.13253381374075	0.851745454054098	0.394355386563525	NA
SA150_0944	cds	6.56886164641883	-0.616673290700213	0.639186067436941	-0.964778993342265	0.334655519727314	0.715341724324183
SA150_0945	cds	0.138250280644287	0.321649911630935	4.0804728567969	0.0788266269423059	0.93717052470321	NA
SA150_0946	cds	1.29866607608265	1.03615698776498	1.71260905967256	0.605016645166577	0.54516793696425	NA
SA150_0947	cds	0.22295252859377	-1.60190344001155	4.0804728567969	-0.392577893844641	0.694631269519754	NA
SA150_0948	cds	0.477105958182279	0.231557759555344	3.59935882799482	0.0643330578086164	0.948705031639411	NA
SA150_0949	cds	7.78147813022182	0.548435520120672	0.600509353714293	0.913283892629596	0.361093251552572	0.729212558115795
SA150_0950	cds	1.2936585055592	1.19276676552169	1.67114846183515	0.713740755391574	0.475387500002919	NA
SA150_0951	cds	12.28536133494	0.0668139547753607	0.475561044406668	0.140495012283272	0.888268893027693	0.977913151673883
SA150_0952	cds	1.55933943421458	-0.183990555481251	1.39627703683728	-0.131772241916983	0.895164442804461	NA
SA150_0953	cds	2.5079995541391	1.0203999411432	1.11885996582544	0.91199968924654	0.361768881145434	NA
SA150_0954	cds	2.46635960591065	-0.413041520740354	1.12103037880309	-0.368448106804522	0.71253913237868	NA
SA150_0955	cds	1.23307475110704	0.336024996753997	1.7006042028133	0.197591536112937	0.84336465745055	NA
SA150_0956	cds	1.10365905008876	1.98796490268954	2.03874051601545	0.975094617030937	0.329513328534795	NA
SA150_0957	cds	0.694840701275722	0.20791478287467	2.5077911069554	0.0829075365559813	0.93392506137023	NA
SA150_0958	cds	0	NA	NA	NA	NA	NA
SA150_0959	cds	0.151051490051605	0.321649911630935	4.0804728567969	0.0788266269423059	0.93717052470321	NA
SA150_0960	cds	0.621331941453398	0.81530300502154	2.89736656724777	0.281394496035757	0.778407839171556	NA
SA150_0961	cds	0.797942640812627	0.545500804581122	2.27114116058467	0.240187978646247	0.810184532599304	NA
SA150_0962	cds	0.254153429588509	1.19351136930369	4.04117880081232	0.295337432004687	0.76773612448575	NA
SA150_0963	cds	2.54655110944254	1.55740573730946	1.18525499560377	1.31398369387688	0.18885169167042	NA
SA150_0964	cds	1.75109442676637	-0.238088006055708	1.29688886689753	-0.183583969399993	0.854339839936033	NA
SA150_0965	cds	0	NA	NA	NA	NA	NA
SA150_0966	cds	0.151218495521463	-1.60190344001155	4.0804728567969	-0.392577893844641	0.694631269519754	NA
SA150_0967	cds	0	NA	NA	NA	NA	NA
SA150_0968	cds	0	NA	NA	NA	NA	NA
SA150_0969	cds	0.464304748774962	0.171968025059749	3.68386869608135	0.0466813665868919	0.962767181463326	NA
SA150_0970	cds	0	NA	NA	NA	NA	NA
SA150_0971	cds	0	NA	NA	NA	NA	NA
SA150_0972	cds	0	NA	NA	NA	NA	NA
SA150_0973	cds	0.797942640812627	0.545500804581122	2.27114116058467	0.240187978646247	0.810184532599304	NA
SA150_0974	cds	1.33003398254725	1.33102407304074	1.6555753662126	0.803964651929848	0.421417389779679	NA
SA150_0975	cds	3.65589599735667	-0.257247850453017	0.932301732605292	-0.275927676047695	0.782603616370677	0.920933998178641
SA150_0976	cds	0.103101939536904	0.321649911630934	4.0804728567969	0.0788266269423059	0.93717052470321	NA
SA150_0977	cds	0.302269985573068	-0.640122760582697	4.0804728567969	-0.156874652288505	0.875343637031472	NA
SA150_0978	cds	0.495505649769701	2.16142335651213	3.39276277040725	0.637068814644146	0.524080020714436	NA
SA150_0979	cds	2.80285323255532	0.789845627333983	1.09813473294006	0.719261128567813	0.471980041549194	0.790071801399808
SA150_0980	cds	1.88955503366782	0.511218878548609	1.33973822294055	0.381581169959121	0.702772053451471	NA
SA150_0981	cds	20.7390805013618	0.243362011263383	0.374276367408323	0.650220084555546	0.515550069324452	0.818725814391988
SA150_0982	cds	2.74193872083591	1.32232227702761	1.0785302625626	1.22604095863361	0.220183262079696	0.612339604970576
SA150_0983	cds	3.22568840352446	-0.0527834919980053	0.923912926233087	-0.057130375059488	0.954441340132081	0.99115840808921
SA150_0984	cds	28.7516056688789	-0.237424374362214	0.331839360395961	-0.715479845666626	0.474312590160062	0.790359217756255
SA150_0985	cds	17.7808176887556	-1.26080282954443	0.422623106465026	-2.98327945220564	0.00285177482360477	0.0496900158658408
SA150_0986	cds	1.94234851418888	2.14008854950543	1.48407417062086	1.44203611374095	0.149292185983963	NA
SA150_0987	cds	1.61288746690939	0.70259675301798	1.42679702743809	0.492429364167895	0.622415845113655	NA
SA150_0988	cds	0.773610567385675	1.38642551764236	2.47883593098874	0.559305075543807	0.575953532021045	NA
SA150_0989	cds	0	NA	NA	NA	NA	NA
SA150_0990	cds	0.51242130475952	-1.44648635370863	3.39649203193041	-0.425876563262984	0.670197793468545	NA
SA150_0991	cds	0.103101939536904	0.321649911630934	4.0804728567969	0.0788266269423059	0.93717052470321	NA
SA150_0992	cds	0.103101939536904	0.321649911630934	4.0804728567969	0.0788266269423059	0.93717052470321	NA
SA150_0993	cds	0	NA	NA	NA	NA	NA
SA150_0994	cds	0.103101939536904	0.321649911630934	4.0804728567969	0.0788266269423059	0.93717052470321	NA
SA150_0995	cds	0	NA	NA	NA	NA	NA
SA150_0996	cds	0	NA	NA	NA	NA	NA
SA150_0997	cds	0.923812142003335	-0.0894660077109957	2.22122651280785	-0.0402777506909467	0.967871691758694	NA
SA150_0998	cds	14.7293385649682	-0.753741700807013	0.48144743522923	-1.56557423646496	0.117448325375041	0.482377050647491
SA150_0999	cds	0	NA	NA	NA	NA	NA
SA150_1000	cds	0	NA	NA	NA	NA	NA
SA150_1001	cds	0.254320435058367	-0.640122760582697	4.0804728567969	-0.156874652288505	0.875343637031472	NA
SA150_1002	cds	0	NA	NA	NA	NA	NA
SA150_1003	cds	0	NA	NA	NA	NA	NA
SA150_1004	cds	2.2631351461264	-0.723497734359526	1.16160741945763	-0.622841867433439	0.533388442436513	NA
SA150_1005	cds	3.16602598415532	-2.36106071260687	1.06017356339234	-2.22705111137836	0.0259438580501418	0.204352306559336
SA150_1006	cds	1.64909582714729	0.546338756174329	1.50701753757607	0.362529793152293	0.716956163811301	NA
SA150_1007	cds	0.138250280644287	0.321649911630935	4.0804728567969	0.0788266269423059	0.93717052470321	NA
SA150_1008	cds	0.151051490051605	0.321649911630935	4.0804728567969	0.0788266269423059	0.93717052470321	NA
SA150_1009	cds	0	NA	NA	NA	NA	NA
SA150_1010	cds	9.73005869993273	-0.534454401631648	0.528992742024634	-1.01032463996786	0.312339779820143	0.692571316297275
SA150_1011	cds	12.259870291609	-0.477224737366841	0.478536600620839	-0.997258593695244	0.318639006484811	0.692571316297275
SA150_1012	cds	0.483458881255838	-2.73242124498841	4.02010938683921	-0.679688282595904	0.496701856862696	NA
SA150_1013	cds	1.10037963185555	-0.416613899742455	1.82471431288535	-0.228317329896799	0.819399553017391	NA
SA150_1014	cds	3.31819917844245	1.7051889317345	1.03010633558541	1.65535233871311	0.0978530479333083	0.439574238762908
SA150_1015	cds	5.78065101175718	-1.32338848903992	0.702011913872874	-1.88513679452962	0.0594113715205893	0.338233055686523
SA150_1016	cds	8.24290541511932	-1.2838764220619	0.599400843699073	-2.14193295781623	0.0321988772900929	0.220408981450041
SA150_1017	cds	1.57230764909176	-0.750003773285206	1.42315823085072	-0.526999568303009	0.598193888261621	NA
SA150_1018	cds	3.97804029104324	-0.898395569813362	0.863722864618762	-1.04014332214061	0.298273319016525	0.683295451930287
SA150_1019	cds	0.567783908758594	-1.70305459031219	3.13577945181551	-0.543104072362674	0.587058148908864	NA
SA150_1020	cds	2.47229209903047	-0.599083562071775	1.0846888946996	-0.552309113700005	0.580736587567574	NA
SA150_1021	cds	3.62458024464526	0.28750864570412	0.882748621603996	0.325697076911548	0.744653556037321	0.911284037902589
SA150_1022	cds	8.55239323856483	-0.244388496144823	0.559365769064429	-0.436902845437926	0.66218180827354	0.891820170264915
SA150_1023	cds	24.6489313582123	-0.295585977765341	0.351497954171181	-0.840932284975375	0.400385870573921	0.752359070522891
SA150_1024	cds	0.731259387770788	1.23147410176832	2.56014278652552	0.481017741764162	0.630503889287787	NA
SA150_1025	cds	3.37370970952302	2.12221046219864	1.09322064491338	1.94124623613085	0.0522284173613162	0.31561432027764
SA150_1026	cds	2.58541254456705	0.105731344414204	1.04733862731949	0.100952396537506	0.919588249101499	NA
SA150_1027	cds	0.477105958182279	0.231557759555344	3.59935882799482	0.0643330578086164	0.948705031639411	NA
SA150_1028	cds	1.01895680213928	3.17274041514343	2.18731569533309	1.4505178296452	0.146914170863224	NA
SA150_1029	cds	2.95567933807665	0.309344457195003	0.994019667517371	0.311205569973893	0.755644348915875	0.911284037902589
SA150_1030	cds	5.97054503558247	0.551036626769636	0.698286035110273	0.789127376265826	0.430037562818584	0.771287839147726
SA150_1031	cds	0.392780930679524	-0.640122760582697	4.0804728567969	-0.156874652288505	0.875343637031472	NA
SA150_1032	cds	0	NA	NA	NA	NA	NA
SA150_1033	cds	0.556757426101293	-1.77017107430101	3.41127617787477	-0.518917549327194	0.603818239227004	NA
SA150_1034	cds	0.302436991042926	-2.1969456258055	4.06249827642477	-0.540786845019645	0.588654511098969	NA
SA150_1035	cds	0.876029596958493	-1.32805586546034	2.18502449429382	-0.607799074531455	0.543320743177384	NA
SA150_1036	cds	0.51242130475952	-1.44648635370863	3.39649203193041	-0.425876563262984	0.670197793468545	NA
SA150_1037	cds	0	NA	NA	NA	NA	NA
SA150_1038	cds	0.580207897719183	0.738734557217962	3.04285956149772	0.242776422075277	0.808178601663147	NA
SA150_1039	cds	0.427719056810037	0.343491918140605	4.03133971229929	0.0852054013440342	0.932098096548323	NA
SA150_1040	cds	3.35076014303441	0.0255140317646199	0.913574045542628	0.0279277108288093	0.977719807014301	0.995117703286521
SA150_1041	cds	0.151218495521463	-1.60190344001155	4.0804728567969	-0.392577893844641	0.694631269519754	NA
SA150_1042	cds	0.460524314132176	0.549695836688243	4.01500935495015	0.136910225628869	0.891101756068951	NA
SA150_1043	cds	0.392947936149382	-2.46197674549938	4.04298124473817	-0.608950820314483	0.542557037316139	NA
SA150_1044	cds	0.464304748774962	0.171968025059749	3.68386869608135	0.0466813665868919	0.962767181463326	NA
SA150_1045	cds	0.138250280644287	0.321649911630935	4.0804728567969	0.0788266269423059	0.93717052470321	NA
SA150_1046	cds	0.991555525455987	0.63415625238921	1.91083691531492	0.331873561425673	0.739984734943565	NA
SA150_1047	cds	1.49388668200617	1.54088747599643	1.64346024836073	0.937587311608782	0.34845653452551	NA
SA150_1048	cds	0.908290628364046	1.66005539388105	2.2599119835343	0.734566392840164	0.4626036117147	NA
SA150_1049	cds	0.978210090132084	3.14918741430766	2.07508031672521	1.51762193922091	0.129109732859847	NA
SA150_1050	cds	5.53529848363949	0.441827069155962	0.732846089332508	0.602892033657964	0.546580515908226	0.828035614532023
SA150_1051	cds	0.151218495521463	-1.60190344001155	4.0804728567969	-0.392577893844641	0.694631269519754	NA
SA150_1052	cds	0.889680721799755	0.499800011394596	2.27451936407274	0.21973873658286	0.82607463446236	NA
SA150_1053	cds	0	NA	NA	NA	NA	NA
SA150_1054	cds	1.74334747362257	1.97868268188701	1.53409417864964	1.28980522149475	0.197118294568388	NA
SA150_1055	cds	0.955862958432019	3.1197026593528	2.11167839850668	1.47735690319083	0.13957999211308	NA
SA150_1056	cds	1.82245123939195	0.452880015116286	1.29413724261544	0.349947440041998	0.726378143245312	NA
SA150_1057	cds	0.676274004218443	-0.388967801103451	2.75061454878517	-0.141411235272947	0.887545078997455	NA
SA150_1058	cds	4.27456892008499	-0.423932433358458	0.789112745070753	-0.53722669670029	0.591111032611295	0.843396634619093
SA150_1059	cds	0.67050862784877	1.08229335616536	2.72720405652579	0.396850889677872	0.691477420994655	NA
SA150_1060	cds	0.856708459007758	1.5530903199069	2.18167837342957	0.711878679654079	0.476539905602141	NA
SA150_1061	cds	0.440520266217355	0.398559987405025	3.85587448615569	0.103364357122109	0.917673799479124	NA
SA150_1062	cds	80.4398754888219	0.3898497719497	0.402973316809505	0.967433216264269	0.333327511757988	0.715341724324183
SA150_1063	cds	0.681872486398547	1.28557453294849	2.5247598886218	0.509186849308768	0.610621260040121	NA
SA150_1064	cds	1.79977020803246	2.88444613157552	1.57557088437357	1.83073079109502	0.0671407348495706	NA
SA150_1065	cds	2.46884148502369	2.44100946006497	1.34220363837871	1.8186580562496	0.0689636145722016	NA
SA150_1066	cds	1.4125727601681	-1.37877659989996	1.70320361897907	-0.8095195339747	0.418216371457135	NA
SA150_1067	cds	3.79195995426309	0.267046685205374	0.878865827845839	0.303853758724382	0.761239308244155	0.911284037902589
SA150_1068	cds	2.29776181593862	0.849009345175505	1.20506655044144	0.704533160317576	0.4811008067651	NA
SA150_1069	cds	7.87085393775504	0.642746198973783	0.607019643276285	1.0588556829968	0.28966550981253	0.679827216906958
SA150_1070	cds	19.2115196794915	0.236088540910613	0.39429524872008	0.598760805961976	0.549332402267415	0.828035614532023
SA150_1071	cds	0.241352220181192	1.13137310152433	4.0469751237205	0.279560181848667	0.779814959676233	NA
SA150_1072	cds	1.43211900118035	1.1052431979514	1.65291173090317	0.668664380128444	0.503709594317467	NA
SA150_1073	cds	2.51919640721901	1.61714838694852	1.20614714265754	1.34075547647147	0.17999985619299	NA
SA150_1074	cds	0.151051490051605	0.321649911630935	4.0804728567969	0.0788266269423059	0.93717052470321	NA
SA150_1075	cds	6.69792762306177	0.0298018216798078	0.648257311713878	0.0459722106350286	0.963332399184107	0.993833397667436
SA150_1076	cds	0.888453585919083	0.347936094467907	2.03241234636646	0.17119365324165	0.864071497807858	NA
SA150_1077	cds	0	NA	NA	NA	NA	NA
SA150_1078	cds	0.405371925109972	0.23173839359955	4.04117809699178	0.0573442664583515	0.954270958810326	NA
SA150_1079	cds	6.41735930193076	0.845436745591362	0.675729032534996	1.25114758266299	0.210880638108019	0.609328476945282
SA150_1080	cds	0.464304748774962	0.171968025059749	3.68386869608135	0.0466813665868919	0.962767181463326	NA
SA150_1081	cds	0.302269985573068	-0.640122760582697	4.0804728567969	-0.156874652288505	0.875343637031472	NA
SA150_1082	cds	0.681705480928688	2.6060287767261	2.62760329303314	0.991789279468388	0.321300328352867	NA
SA150_1083	cds	8.82787376303076	2.49124645902834	0.708757760672824	3.51494769759332	0.000439840604371968	0.0120432546435182
SA150_1084	cds	15.3286328095537	0.0551504589090857	0.445709263203074	0.123736398280684	0.901523991445003	0.978068481284673
SA150_1085	cds	0.103101939536904	0.321649911630934	4.0804728567969	0.0788266269423059	0.93717052470321	NA
SA150_1086	cds	0	NA	NA	NA	NA	NA
SA150_1087	cds	0	NA	NA	NA	NA	NA
SA150_1088	cds	1.89999396962123	0.912750276277773	1.3285130888248	0.687046506320229	0.492053422304327	NA
SA150_1089	cds	1.81888101972603	0.416928828660283	1.28416364774189	0.324669546123208	0.745431185720487	NA
SA150_1090	cds	2.97330622445292	-1.5756139955313	1.02379124760266	-1.53899928254007	0.123804471398845	0.485828040113806
SA150_1091	cds	3.45050218916256	0.384417836438285	0.916832652186766	0.419288989677013	0.67500494227651	0.898444078261559
SA150_1092	cds	4.19286516981343	-0.619310255039478	0.828610443125739	-0.747408218394249	0.454817186032079	0.790071801399808
SA150_1093	cds	3.92288371171732	1.11669533176005	0.901670869913098	1.23847333769103	0.215540602300498	0.612339604970576
SA150_1094	cds	31.0160224322827	0.186794110333219	0.356152646268497	0.524477670713131	0.599946346548523	0.849677707550248
SA150_1095	cds	0	NA	NA	NA	NA	NA
SA150_1096	cds	24.9452316569934	0.31204734456735	0.354790833726977	0.879524821116097	0.37911678105141	0.741236588805086
SA150_1097	cds	2.75346621990279	0.341669227219667	0.999797253436986	0.341738513528734	0.732547685550458	0.911284037902589
SA150_1098	cds	2.13844399201594	-0.644620915702273	1.17748945904832	-0.547453661473346	0.584067097535698	NA
SA150_1099	cds	0.483081660809111	0.172904343583096	3.56499026518454	0.048500649573063	0.961317246768225	NA
SA150_1100	cds	0.598774594776463	1.07691910877827	2.95757158335715	0.364122753558465	0.715766346541119	NA
SA150_1101	cds	0.784807420465593	2.81572512780201	2.35974599589049	1.19323229394418	0.23277841038404	NA
SA150_1102	cds	3.49342161453238	0.0764005828785519	0.923837244555992	0.0826991803250701	0.934090736647388	0.985917223623951
SA150_1103	cds	7.97123546177969	0.680586637377192	0.611202632836622	1.11352046083073	0.265484965760595	0.65141113029319
SA150_1104	cds	3.18137977825409	1.59834894164221	1.15585174913201	1.38283213469418	0.166716343254134	0.569185971703882
SA150_1105	cds	3.97101945737054	0.693778462321746	0.86998356413884	0.797461573895926	0.425183011122449	0.771287839147726
SA150_1106	cds	1.96950871487114	0.0943554682373189	1.30442204329925	0.0723350764593546	0.942335250820675	NA
SA150_1107	cds	1.2143410485799	0.817050948466346	1.71196002987757	0.477260528404262	0.633176614401511	NA
SA150_1108	cds	11.745871939086	0.631373838706223	0.509635800762496	1.23887261797854	0.215392675594237	0.612339604970576
SA150_1109	cds	0.83309098192001	0.619070302444212	2.2195006417068	0.278923236520511	0.78030373576602	NA
SA150_1110	cds	0.254153429588509	1.19351136930369	4.04117880081232	0.295337432004687	0.76773612448575	NA
SA150_1111	cds	0.958159356477202	-1.23171429293596	2.1983511152272	-0.560290066679663	0.575281601730195	NA
SA150_1112	cds	5.25442657605148	0.0893994968072076	0.735543690404383	0.12154206197875	0.903261700988963	0.978108244950384
SA150_1113	cds	20.9647402451607	0.0368924617625643	0.38842971119047	0.0949784753836037	0.924331923774446	0.980610435738573
SA150_1114	cds	12.467175331313	0.660082929241874	0.486266321961553	1.35745146112353	0.174637806336047	0.575257940471742
SA150_1115	cds	6.02431241500784	-0.176597083219701	0.736724862809835	-0.239705610784151	0.810558484966327	0.922913126446807
SA150_1116	cds	0.615356238826566	0.852073899389914	2.7317303522587	0.311917279348375	0.755103390173688	NA
SA150_1117	cds	0.556757426101293	-1.77017107430101	3.41127617787477	-0.518917549327194	0.603818239227004	NA
SA150_1118	cds	1.15881143911097	2.09689671850875	1.86088586877303	1.1268271492068	0.259815569431072	NA
SA150_1119	cds	2.38057478420923	-0.535347766075068	2.83478073251172	-0.188849797070805	0.85021054157607	NA
SA150_1120	cds	2.39460312949722	-0.373890629437843	1.19676762612108	-0.312417065165511	0.754723582840141	NA
SA150_1121	cds	2.08241336613743	1.26865061046296	1.25263380496435	1.01278650267551	0.311162149073849	NA
SA150_1122	cds	2.47335222944129	-0.154422800070953	1.0744952427087	-0.143716597275635	0.885724264530188	NA
SA150_1123	cds	1.18533541556921	-0.094537082250372	1.76636266595655	-0.0535207656232796	0.957316985784641	NA
SA150_1124	cds	9.71861773116017	-0.0318154388403995	0.534364117060783	-0.0595388758799845	0.952522901908205	0.99115840808921
SA150_1125	cds	13.4336387631552	0.939794524270907	0.48950258886665	1.919896943644	0.0548709180657554	0.322347634848983
SA150_1126	cds	0	NA	NA	NA	NA	NA
SA150_1127	cds	0.599151815223191	-0.836201807694435	3.00216949488392	-0.278532510945645	0.780603611895213	NA
SA150_1128	cds	1.07427619663134	2.08346948554624	1.91938264250998	1.08548938570252	0.27770496227683	NA
SA150_1129	cds	1.45586027423095	0.509264379002123	1.45985923019755	0.348844853303568	0.727205788021254	NA
SA150_1130	cds	0	NA	NA	NA	NA	NA
SA150_1131	cds	1.19017934557556	2.25735275631481	1.82519354644727	1.23677445644531	0.216170827666138	NA
SA150_1132	cds	0.103101939536904	0.321649911630934	4.0804728567969	0.0788266269423059	0.93717052470321	NA
SA150_1133	cds	0.392403710232796	1.8179200861932	3.99456142094427	0.455098794240963	0.64903816544744	NA
SA150_1134	cds	2.3367338011958	0.995728346614519	1.13542647424597	0.876964179715624	0.380506094436851	NA
SA150_1135	cds	1.61309768188625	0.433886653346333	1.475347553769	0.294091146345756	0.768688256090944	NA
SA150_1136	cds	0.326054468130674	-0.640122760582696	4.0804728567969	-0.156874652288505	0.875343637031472	NA
SA150_1137	cds	0	NA	NA	NA	NA	NA
SA150_1138	cds	3.73900283322493	0.289721647083842	0.857119449600636	0.33801781912525	0.73534975959079	0.911284037902589
SA150_1139	cds	3.25594949383818	-1.47074391451069	0.951773254278802	-1.54526711892649	0.122281665346433	0.485828040113806
SA150_1140	cds	47.1001142464612	-0.868375269280461	0.293398137216471	-2.95971636875039	0.0030792238971773	0.0518449775375175
SA150_1141	cds	0.379979721272206	-0.640122760582697	4.0804728567969	-0.156874652288505	0.875343637031472	NA
SA150_1142	cds	0.646934360268033	0.889142628907871	2.81782699165648	0.315541951844666	0.752350203706209	NA
SA150_1143	cds	0.464304748774962	0.171968025059749	3.68386869608135	0.0466813665868919	0.962767181463326	NA
SA150_1144	cds	1.15914545005068	0.193322398041765	1.68495354724931	0.114734556544519	0.908655522625522	NA
SA150_1145	cds	0	NA	NA	NA	NA	NA
SA150_1146	cds	0.551035259238632	0.561996022567566	3.44315743132887	0.163221122988462	0.870344335484605	NA
SA150_1147	cds	0.656480282560781	0.925374645049192	3.01178576998554	0.307251151217716	0.758652214126289	NA
SA150_1148	cds	6.80879570541114	-0.498626048991228	0.623836718614348	-0.799289355873063	0.424122649394373	0.771287839147726
SA150_1149	cds	0	NA	NA	NA	NA	NA
SA150_1150	cds	0	NA	NA	NA	NA	NA
SA150_1151	cds	0	NA	NA	NA	NA	NA
SA150_1152	cds	0.151218495521463	-1.60190344001155	4.0804728567969	-0.392577893844641	0.694631269519754	NA
SA150_1153	cds	0	NA	NA	NA	NA	NA
SA150_1154	cds	0	NA	NA	NA	NA	NA
SA150_1155	cds	0	NA	NA	NA	NA	NA
SA150_1156	cds	0	NA	NA	NA	NA	NA
SA150_1157	cds	0	NA	NA	NA	NA	NA
SA150_1158	cds	0	NA	NA	NA	NA	NA
SA150_1159	cds	0.22295252859377	-1.60190344001155	4.0804728567969	-0.392577893844641	0.694631269519754	NA
SA150_1160	cds	0	NA	NA	NA	NA	NA
SA150_1161	cds	0	NA	NA	NA	NA	NA
SA150_1162	cds	0	NA	NA	NA	NA	NA
SA150_1163	cds	0	NA	NA	NA	NA	NA
SA150_1164	cds	0.22295252859377	-1.60190344001155	4.0804728567969	-0.392577893844641	0.694631269519754	NA
SA150_1165	cds	0.151218495521463	-1.60190344001155	4.0804728567969	-0.392577893844641	0.694631269519754	NA
SA150_1166	cds	0.289301770695892	1.36217917813024	4.02660529886201	0.338294686721645	0.735141127322709	NA
SA150_1167	cds	0.103101939536904	0.321649911630934	4.0804728567969	0.0788266269423059	0.93717052470321	NA
SA150_1168	cds	1.47896184682447	-1.46856246544253	1.5427391683205	-0.951918830868393	0.341138148606742	NA
SA150_1169	cds	0	NA	NA	NA	NA	NA
SA150_1170	cds	0	NA	NA	NA	NA	NA
SA150_1171	cds	0.44590505718754	-2.62972358875155	4.02831238866145	-0.652810242858391	0.513878619385197	NA
SA150_1172	cds	0	NA	NA	NA	NA	NA
SA150_1173	cds	0	NA	NA	NA	NA	NA
SA150_1174	cds	0	NA	NA	NA	NA	NA
SA150_1175	cds	1.22010642494957	-0.0777427577363434	1.79254471539916	-0.0433700521211442	0.965406550175224	NA
SA150_1176	cds	0.992099751372573	-1.78651001705834	2.11576577612026	-0.844379863414895	0.398457171044035	NA
SA150_1177	cds	0.80189008092527	-1.00371711371746	2.41299741027572	-0.415962781163022	0.677437238228802	NA
SA150_1178	cds	5.92940527841264	1.23534385748938	0.727039001108502	1.69914386381732	0.089292080380072	0.417422326980011
SA150_1179	cds	4.9777624855261	0.796433674049437	0.761809823687488	1.04544946689497	0.295815284321206	0.683295451930287
SA150_1180	cds	0.784807420465593	2.81572512780201	2.35974599589049	1.19323229394418	0.23277841038404	NA
SA150_1181	cds	2.56091346567024	0.716164606670073	1.08405021588563	0.660637852541723	0.508844587932677	NA
SA150_1182	cds	0.682416712315132	-1.99456054144767	2.71304468428338	-0.735174231741235	0.462233390267022	NA
SA150_1183	cds	1.1977594045298	1.07618008222753	1.74902442456003	0.615303061018281	0.538354596439015	NA
SA150_1184	cds	8.50165521784155	0.724221841652188	0.593762142168634	1.21971710592236	0.222572134676261	0.612339604970576
SA150_1185	cds	2.49262596758129	2.34119599033122	1.36671955497013	1.71300394570149	0.0867118136994306	NA
SA150_1186	cds	0.924662057437279	1.72381901506734	2.1069003173715	0.818177775594965	0.413255683500578	NA
SA150_1187	cds	0.543789211224117	-0.436328898624348	3.2305271106628	-0.13506430488826	0.892561032093677	NA
SA150_1188	cds	0.900877574879673	1.79793509827803	2.11232336300471	0.851164707907471	0.394677864429901	NA
SA150_1189	cds	9.74879240245987	-0.580215591346543	0.537107593336561	-1.0802595207083	0.280026629985528	0.664890134111186
SA150_1190	cds	0	NA	NA	NA	NA	NA
SA150_1191	cds	0.138250280644287	0.321649911630935	4.0804728567969	0.0788266269423059	0.93717052470321	NA
SA150_1192	cds	49.8653257910837	0.0191725646245417	0.257879320174019	0.0743470419093857	0.94073424654562	0.987405643959936
SA150_1193	cds	1.05604351051378	-0.0768457286608317	1.79799423830404	-0.0427396968375808	0.965909034965977	NA
SA150_1194	cds	0.508306859177018	2.19378735869357	3.61430472999101	0.606973546112428	0.543868468132188	NA
SA150_1195	cds	0.427719056810037	0.343491918140605	4.03133971229929	0.0852054013440342	0.932098096548323	NA
SA150_1196	cds	0.543789211224117	-0.436328898624348	3.2305271106628	-0.13506430488826	0.892561032093677	NA
SA150_1197	cds	2.37941888047011	-0.337053687034694	1.08460851923136	-0.310760685591477	0.755982559191958	NA
SA150_1198	cds	0.477105958182279	0.231557759555344	3.59935882799482	0.0643330578086164	0.948705031639411	NA
SA150_1199	cds	19.8011657209787	-0.220760679325104	0.401569898338351	-0.549744092469545	0.582494909757816	0.841544153544584
SA150_1200	cds	2.06977916219997	0.732120694711187	1.20248943929506	0.608837525542328	0.542632137695898	NA
SA150_1201	cds	2.24196636150658	-0.929312347150017	1.15116489250428	-0.80727995893652	0.419505207646887	NA
SA150_1202	cds	1.97872051494388	0.329731564131067	1.33220476474728	0.247508170557863	0.804514968985503	NA
SA150_1203	cds	0.67050862784877	1.08229335616536	2.72720405652579	0.396850889677872	0.691477420994655	NA
SA150_1204	cds	1.93675014328906	2.16935491699812	1.49812323878721	1.44804837201131	0.147603522843911	NA
SA150_1205	cds	3.3865824498597	0.244695054717737	0.976095273125209	0.250687675122415	0.802055590297885	0.921997183009566
SA150_1206	cds	0.289301770695892	1.36217917813024	4.02660529886201	0.338294686721645	0.735141127322709	NA
SA150_1207	cds	2.33274315157615	1.28907538044034	1.20389643138085	1.07075272161227	0.284280630195377	NA
SA150_1208	cds	6.37961434127396	0.599065442873183	0.676684840312185	0.885294611590244	0.375997755426162	0.741236588805086
SA150_1209	cds	0.772550436974861	-0.0422712190202236	2.33952625756503	-0.0180682815093596	0.985584381508231	NA
SA150_1210	cds	0.668904271521371	2.58317416691417	2.68188626439608	0.963193033652329	0.335450660449892	NA
SA150_1211	cds	1.66676939926362	-0.456333493962173	1.43144988879143	-0.318791106510514	0.749884922679422	NA
SA150_1212	cds	0.151051490051605	0.321649911630935	4.0804728567969	0.0788266269423059	0.93717052470321	NA
SA150_1213	cds	0	NA	NA	NA	NA	NA
SA150_1214	cds	0.994912053911984	-2.6754583265406	3.94306041176321	-0.678523290832417	0.497439961484206	NA
SA150_1215	cds	0	NA	NA	NA	NA	NA
SA150_1216	cds	0	NA	NA	NA	NA	NA
SA150_1217	cds	0	NA	NA	NA	NA	NA
SA150_1218	cds	0	NA	NA	NA	NA	NA
SA150_1219	cds	0	NA	NA	NA	NA	NA
SA150_1220	cds	0.276500561288574	1.30526492173593	4.03134036313062	0.323779389523514	0.746105061147206	NA
SA150_1221	cds	0.151218495521463	-1.60190344001155	4.0804728567969	-0.392577893844641	0.694631269519754	NA
SA150_1222	cds	1.4205017181467	0.736414728524117	1.59065077286414	0.462964430085505	0.643389863383846	NA
SA150_1223	cds	3.60837929727494	0.883482715084554	0.940153524909261	0.939721749349207	0.347360305951675	0.7272681097131
SA150_1224	cds	0	NA	NA	NA	NA	NA
SA150_1225	cds	0.453655486564389	-2.71468862416652	4.02148585569861	-0.675046169892578	0.499646432081054	NA
SA150_1226	cds	0	NA	NA	NA	NA	NA
SA150_1227	cds	0	NA	NA	NA	NA	NA
SA150_1228	cds	0	NA	NA	NA	NA	NA
SA150_1229	cds	0	NA	NA	NA	NA	NA
SA150_1230	cds	0.254153429588509	1.19351136930369	4.04117880081232	0.295337432004687	0.76773612448575	NA
SA150_1231	cds	0.798109646282485	-0.470096967418192	2.38576637469814	-0.197042330885257	0.843794411832929	NA
SA150_1232	cds	0	NA	NA	NA	NA	NA
SA150_1233	cds	0	NA	NA	NA	NA	NA
SA150_1234	cds	0	NA	NA	NA	NA	NA
SA150_1235	cds	0	NA	NA	NA	NA	NA
SA150_1236	cds	0	NA	NA	NA	NA	NA
SA150_1237	cds	0	NA	NA	NA	NA	NA
SA150_1238	cds	0	NA	NA	NA	NA	NA
SA150_1239	cds	2.8502867672955	-0.960748096150426	1.02147442421319	-0.940550319593618	0.346935351334248	0.7272681097131
SA150_1240	cds	0.543622205754259	0.853351516662668	2.97940780743867	0.2864164867032	0.774559148829281	NA
SA150_1241	cds	1.07448641160821	1.91755169907754	1.95489386403825	0.980898111325817	0.326642988956084	NA
SA150_1242	cds	0.901044580349531	0.815718537051488	2.10765253355776	0.387027047420638	0.69873618437308	NA
SA150_1243	cds	1.14964284854524	2.10628966766678	1.90880260934465	1.10346122608766	0.269826920855108	NA
SA150_1244	cds	0.67050862784877	1.08229335616536	2.72720405652579	0.396850889677872	0.691477420994655	NA
SA150_1245	cds	1.53213265907255	0.551948758742604	1.54760383784927	0.356647318418166	0.721355848927082	NA
SA150_1246	cds	0.241352220181192	1.13137310152433	4.0469751237205	0.279560181848667	0.779814959676233	NA
SA150_1247	cds	0.241729440627919	-1.60190344001155	4.0804728567969	-0.392577893844641	0.694631269519754	NA
SA150_1248	cds	0.73723509039762	1.20405720127336	2.4064950461545	0.500336455376216	0.616838188838676	NA
SA150_1249	cds	0	NA	NA	NA	NA	NA
SA150_1250	cds	15.9955913047526	0.114174546388639	0.423364575491117	0.269683750125273	0.787403563024401	0.920933998178641
SA150_1251	cds	0.379602500825479	1.77529780316834	3.99715893449282	0.444139908435639	0.656941434599756	NA
SA150_1252	cds	1.61102620986506	-0.652217198820665	1.38884207068985	-0.469612213357493	0.638632097226607	NA
SA150_1253	cds	0.834528332777551	0.303272528247876	2.21838413095939	0.136708753013266	0.891261010592112	NA
SA150_1254	cds	4.05959192392959	1.13827196207361	0.891482166656702	1.27683088304777	0.201661959835844	0.601604199490971
SA150_1255	cds	0.414750841932862	1.89363128182532	3.99012786791631	0.474579097339603	0.635087007846222	NA
SA150_1256	cds	2.50626209305761	-0.429664878874781	1.07926352815276	-0.39810932887743	0.690549598094027	NA
SA150_1257	cds	0.59157175626896	0.997921181722653	3.00596440845236	0.331980371729165	0.739904080388059	NA
SA150_1258	cds	1.12004966883066	1.2568699808248	1.96453133287353	0.639781081519517	0.522314933629255	NA
SA150_1259	cds	8.4284090142568	0.182194130970368	0.575293331975547	0.316697797182382	0.751472920418646	0.911284037902589
SA150_1260	cds	11.2117373747561	-1.13761872689726	0.513166143557796	-2.21686239666965	0.0266324960640571	0.204566431977038
SA150_1261	cds	23.2761594442516	-0.739823549976489	0.355433097753901	-2.0814706189482	0.0373908506768095	0.246914972166139
SA150_1262	cds	0.719002404280056	-2.13601737633696	2.47950628611951	-0.861468828812643	0.388979881919744	NA
SA150_1263	cds	0.59157175626896	0.997921181722653	3.00596440845236	0.331980371729165	0.739904080388059	NA
SA150_1264	cds	0.302436991042926	-2.1969456258055	4.06249827642477	-0.540786845019645	0.588654511098969	NA
SA150_1265	cds	0.151051490051605	0.321649911630935	4.0804728567969	0.0788266269423059	0.93717052470321	NA
SA150_1266	cds	0.374004018645375	-0.640122760582696	4.0804728567969	-0.156874652288505	0.875343637031472	NA
SA150_1267	cds	0.392403710232796	1.8179200861932	3.99456142094427	0.455098794240963	0.64903816544744	NA
SA150_1268	cds	0.531198216793669	-1.49976121473774	3.30077975605864	-0.454365733425533	0.649565611494676	NA
SA150_1269	cds	1.94867394119104	-1.06412861201173	2.40478816971974	-0.442504094710242	0.658124467897124	NA
SA150_1270	cds	4.89814480704257	-0.388521568864842	0.753846651872529	-0.515385414128679	0.606283722887019	0.854499560084066
SA150_1271	cds	2.10943824772496	-2.1466862068334	1.30435129231927	-1.64578838498054	0.0998073344456879	NA
SA150_1272	cds	6.2324263399264	0.384442065080634	0.6778172504857	0.567176572749006	0.570594222971473	0.834738174939442
SA150_1273	cds	2.48091309872686	-0.47092385693091	1.05218966016522	-0.44756556233119	0.654466761524062	NA
SA150_1274	cds	3.14221318017536	-0.12995431824736	0.938805516007838	-0.138425175429279	0.889904401426183	0.977913151673883
SA150_1275	cds	1.75626900275969	-0.854190886148499	1.32054866201642	-0.646845444411102	0.517731977260131	NA
SA150_1276	cds	1.32727960056197	-2.02996614459227	1.78792716754173	-1.13537406972977	0.25621861948669	NA
SA150_1277	cds	2.37875096987097	2.21690448598601	1.32403225521604	1.67435836797215	0.0940601896551491	NA
SA150_1278	cds	0.495505649769701	2.16142335651213	3.39276277040725	0.637068814644146	0.524080020714436	NA
SA150_1279	cds	0	NA	NA	NA	NA	NA
SA150_1280	cds	0	NA	NA	NA	NA	NA
SA150_1281	cds	0	NA	NA	NA	NA	NA
SA150_1282	cds	3.87614966267111	-0.383929494899638	0.852414919277671	-0.450402129546227	0.652420509729507	0.885001727160297
SA150_1283	cds	2.75274010043169	-0.740090805600204	1.02935490282094	-0.718985068776564	0.472150119541058	0.790071801399808
SA150_1284	cds	4.22139810783691	-1.15359579771751	0.822399122485425	-1.40272012235513	0.160700314430016	0.563430980471094
SA150_1285	cds	6.96981354770923	-0.566247281680468	0.614543660549013	-0.921410988398449	0.356835893963162	0.729212558115795
SA150_1286	cds	3.53178203324732	-0.0497289100742404	0.88047233564795	-0.0564798098257617	0.954959579272038	0.99115840808921
SA150_1287	cds	1.14294102644731	-0.629231387641257	1.77989467889618	-0.353521697155407	0.723697365565027	NA
SA150_1288	cds	1.86530332413612	-1.85318367998273	1.40841855084926	-1.31579045083245	0.188244385222683	NA
SA150_1289	cds	0	NA	NA	NA	NA	NA
SA150_1290	cds	0.289301770695892	1.36217917813024	4.02660529886201	0.338294686721645	0.735141127322709	NA
SA150_1291	cds	1.00093444227888	1.81565530390836	2.12545585731484	0.854242772278572	0.392970488489846	NA
SA150_1292	cds	13.6211084288235	-0.168154332963402	0.466848436830378	-0.360190416626582	0.718704740853206	0.911284037902589
SA150_1293	cds	0.611575804183781	1.11012373484001	2.91229412840508	0.381185308177637	0.703065750023929	NA
SA150_1294	cds	1.38934402665897	0.163824253736866	1.55589914254483	0.10529233499603	0.91614384495494	NA
SA150_1295	cds	0.483081660809111	0.172904343583096	3.56499026518454	0.048500649573063	0.961317246768225	NA
SA150_1296	cds	0	NA	NA	NA	NA	NA
SA150_1297	cds	0.151218495521463	-1.60190344001155	4.0804728567969	-0.392577893844641	0.694631269519754	NA
SA150_1298	cds	11.5276877696974	-0.465459563486747	0.494999548684908	-0.940323207815761	0.347051798808157	0.7272681097131
SA150_1299	cds	0.681705480928688	2.6060287767261	2.62760329303314	0.991789279468388	0.321300328352867	NA
SA150_1300	cds	1.85764290128663	1.74044765594094	1.45623423698404	1.1951701256149	0.232020568035334	NA
SA150_1301	cds	1.26751186082798	3.51470795077886	1.80392632212917	1.94836557771964	0.0513712355522955	NA
SA150_1302	cds	4.05182660646808	-0.411081897554759	0.826175261000027	-0.497572266999587	0.618785554932058	0.859424381850081
SA150_1303	cds	2.44288081287041	1.25076072406128	1.1831258807158	1.05716622757383	0.290435730123343	NA
SA150_1304	cds	0.361202809238057	-0.640122760582696	4.0804728567969	-0.156874652288505	0.875343637031472	NA
SA150_1305	cds	0.908290628364046	1.66005539388105	2.2599119835343	0.734566392840164	0.4626036117147	NA
SA150_1306	cds	1.23274074016732	2.20534689704548	1.80460340583257	1.22206734727292	0.221682159874225	NA
SA150_1307	cds	0.44590505718754	-2.62972358875155	4.02831238866145	-0.652810242858391	0.513878619385197	NA
SA150_1308	cds	28.2251289295954	0.506510971772586	0.334315394779365	1.51506924204572	0.12975486993894	0.497393668099271
SA150_1309	cds	0.254153429588509	1.19351136930369	4.04117880081232	0.295337432004687	0.76773612448575	NA
SA150_1310	cds	0.392403710232796	1.8179200861932	3.99456142094427	0.455098794240963	0.64903816544744	NA
SA150_1311	cds	1.61246692567536	0.330306358483208	1.38434437339751	0.23860129374641	0.811414761836288	NA
SA150_1312	cds	1.36534932912449	0.614387057833137	1.54282902610694	0.398221090890049	0.690467220572481	NA
SA150_1313	cds	2.00647499223555	0.247392472103818	1.22257555941761	0.202353523426942	0.839640359672842	NA
SA150_1314	cds	1.25508787186739	2.23138384619619	1.81086708010083	1.23221846082262	0.217867489056613	NA
SA150_1315	cds	0	NA	NA	NA	NA	NA
SA150_1316	cds	3.64309467666907	-0.711255481257362	0.964262189596317	-0.737616271727013	0.460747664626118	0.790071801399808
SA150_1317	cds	0.598774594776463	1.07691910877827	2.95757158335715	0.364122753558465	0.715766346541119	NA
SA150_1318	cds	1.2348736089757	2.30991564655179	1.8714593709837	1.2342857570761	0.217096441361702	NA
SA150_1319	cds	0.254320435058367	-0.640122760582697	4.0804728567969	-0.156874652288505	0.875343637031472	NA
SA150_1320	cds	63.2606092168036	-0.2454082742386	0.25136859994011	-0.976288503405236	0.328921515503383	0.711014554189643
SA150_1321	cds	1.86662035526387	0.671981504132141	1.28822350530176	0.521634251639224	0.601925010531163	NA
SA150_1322	cds	3.27292672265271	0.944139782373192	0.947803991520215	0.9961340011439	0.319185041423961	0.692571316297275
SA150_1323	cds	23.4642489546876	0.000338859089358075	0.353976836182607	0.000957291705899271	0.999236191844338	0.999238502240488
SA150_1324	cds	0	NA	NA	NA	NA	NA
SA150_1325	cds	0.646891150761022	0.0764278364293567	2.79695696349836	0.0273253530271567	0.978200235624444	NA
SA150_1326	cds	0.361202809238057	-0.640122760582696	4.0804728567969	-0.156874652288505	0.875343637031472	NA
SA150_1327	cds	1.81311564335636	1.02415395479222	1.32328429905447	0.773948542670694	0.438961221698233	NA
SA150_1328	cds	18.6996480686617	0.0835859656682539	0.390198601454194	0.214213903783215	0.830380254083434	0.939898909641682
SA150_1329	cds	0.857085679454486	-0.169316860059669	2.1019870052695	-0.0805508595605995	0.935799147532657	NA
SA150_1330	cds	0.151218495521463	-1.60190344001155	4.0804728567969	-0.392577893844641	0.694631269519754	NA
SA150_1331	cds	0.556423415161577	0.892653946622031	3.14577839848217	0.283762501215195	0.77659239341637	NA
SA150_1332	cds	1.11497633417877	-0.207522856713728	1.83810544524842	-0.112900409087076	0.910109512001022	NA
SA150_1333	cds	0.138250280644287	0.321649911630935	4.0804728567969	0.0788266269423059	0.93717052470321	NA
SA150_1334	cds	0	NA	NA	NA	NA	NA
SA150_1335	cds	0	NA	NA	NA	NA	NA
SA150_1336	cds	0	NA	NA	NA	NA	NA
SA150_1337	cds	0	NA	NA	NA	NA	NA
SA150_1338	cds	0.374004018645375	-0.640122760582696	4.0804728567969	-0.156874652288505	0.875343637031472	NA
SA150_1339	cds	0.103101939536904	0.321649911630934	4.0804728567969	0.0788266269423059	0.93717052470321	NA
SA150_1340	cds	0	NA	NA	NA	NA	NA
SA150_1341	cds	0.151218495521463	-1.60190344001155	4.0804728567969	-0.392577893844641	0.694631269519754	NA
SA150_1342	cds	0	NA	NA	NA	NA	NA
SA150_1343	cds	0.151218495521463	-1.60190344001155	4.0804728567969	-0.392577893844641	0.694631269519754	NA
SA150_1344	cds	0.379602500825479	1.77529780316834	3.99715893449282	0.444139908435639	0.656941434599756	NA
SA150_1345	cds	0.995335960098773	0.275473310676069	1.91809729868823	0.143618006690517	0.885802120787499	NA
SA150_1346	cds	0	NA	NA	NA	NA	NA
SA150_1347	cds	0.392780930679524	-0.640122760582697	4.0804728567969	-0.156874652288505	0.875343637031472	NA
SA150_1348	cds	0	NA	NA	NA	NA	NA
SA150_1349	cds	4.9359270333679	-0.864257268226395	0.795064598248696	-1.08702773350758	0.277024553267559	0.663704658870193
SA150_1350	cds	0	NA	NA	NA	NA	NA
SA150_1351	cds	0	NA	NA	NA	NA	NA
SA150_1352	cds	0.879055590707823	1.5961223831284	2.31081006795359	0.690719849832533	0.489741612641816	NA
SA150_1353	cds	1.1153535546255	-1.62441705965531	1.89692873903663	-0.85634058160787	0.391809420461609	NA
SA150_1354	cds	0.151218495521463	-1.60190344001155	4.0804728567969	-0.392577893844641	0.694631269519754	NA
SA150_1355	cds	0.138250280644287	0.321649911630935	4.0804728567969	0.0788266269423059	0.93717052470321	NA
SA150_1356	cds	0.103101939536904	0.321649911630934	4.0804728567969	0.0788266269423059	0.93717052470321	NA
SA150_1357	cds	0.138250280644287	0.321649911630935	4.0804728567969	0.0788266269423059	0.93717052470321	NA
SA150_1358	cds	1.65300005775292	-0.562411618695657	1.3778990044062	-0.408166067975371	0.683151757966156	NA
SA150_1359	cds	1.11157311998271	-1.10009051423326	1.75420483831802	-0.627116337957466	0.530582978322842	NA
SA150_1360	cds	1.02093837891341	0.315886247928396	1.99257876776636	0.158531373031992	0.874038101130473	NA
SA150_1361	cds	0.241729440627919	-1.60190344001155	4.0804728567969	-0.392577893844641	0.694631269519754	NA
SA150_1362	cds	0	NA	NA	NA	NA	NA
SA150_1363	cds	0	NA	NA	NA	NA	NA
SA150_1364	cds	0.517852781469766	2.2207307845613	3.57571173068937	0.621059792236988	0.534560283036177	NA
SA150_1365	cds	0	NA	NA	NA	NA	NA
SA150_1366	cds	1.37763463403758	-2.04325629240695	1.70163460902535	-1.20076089283191	0.229843965786934	NA
SA150_1367	cds	0	NA	NA	NA	NA	NA
SA150_1368	cds	0.151218495521463	-1.60190344001155	4.0804728567969	-0.392577893844641	0.694631269519754	NA
SA150_1369	cds	0.289301770695892	1.36217917813024	4.02660529886201	0.338294686721645	0.735141127322709	NA
SA150_1370	cds	0.151218495521463	-1.60190344001155	4.0804728567969	-0.392577893844641	0.694631269519754	NA
SA150_1371	cds	0.429156407667579	-0.00282260137309705	4.06166714053036	-0.000694936654195765	0.999445520817511	NA
SA150_1372	cds	0.151051490051605	0.321649911630935	4.0804728567969	0.0788266269423059	0.93717052470321	NA
SA150_1373	cds	0	NA	NA	NA	NA	NA
SA150_1374	cds	0	NA	NA	NA	NA	NA
SA150_1375	cds	0	NA	NA	NA	NA	NA
SA150_1376	cds	0.138250280644287	0.321649911630935	4.0804728567969	0.0788266269423059	0.93717052470321	NA
SA150_1377	cds	0.151051490051605	0.321649911630935	4.0804728567969	0.0788266269423059	0.93717052470321	NA
SA150_1378	cds	0	NA	NA	NA	NA	NA
SA150_1379	cds	0.634300156330574	-0.676479762324671	2.70108354986146	-0.250447551820219	0.802241259968652	NA
SA150_1380	cds	1.49138583578506	-0.376466262617061	1.42286821840719	-0.264582663205797	0.791330977063375	NA
SA150_1381	cds	0.659859365638198	-1.1248969972865	2.97661418834346	-0.377911588841994	0.705496273126682	NA
SA150_1382	cds	0.151051490051605	0.321649911630935	4.0804728567969	0.0788266269423059	0.93717052470321	NA
SA150_1383	cds	0.151051490051605	0.321649911630935	4.0804728567969	0.0788266269423059	0.93717052470321	NA
SA150_1384	cds	0.22295252859377	-1.60190344001155	4.0804728567969	-0.392577893844641	0.694631269519754	NA
SA150_1385	cds	0	NA	NA	NA	NA	NA
SA150_1386	cds	0.151218495521463	-1.60190344001155	4.0804728567969	-0.392577893844641	0.694631269519754	NA
SA150_1387	cds	1.96289331178723	-0.955192157492611	1.27836102832462	-0.747200623555034	0.454942467755596	NA
SA150_1388	cds	0	NA	NA	NA	NA	NA
SA150_1389	cds	0.151218495521463	-1.60190344001155	4.0804728567969	-0.392577893844641	0.694631269519754	NA
SA150_1390	cds	0.22295252859377	-1.60190344001155	4.0804728567969	-0.392577893844641	0.694631269519754	NA
SA150_1391	cds	0.597123552709003	-3.06704849617494	3.17967713023925	-0.964578594161908	0.334755925262678	NA
SA150_1392	cds	0.151051490051605	0.321649911630935	4.0804728567969	0.0788266269423059	0.93717052470321	NA
SA150_1393	cds	0.602932249865976	-1.69888996277522	3.0012996563456	-0.566051430147365	0.57135881925597	NA
SA150_1394	cds	0.621331941453398	0.81530300502154	2.89736656724777	0.281394496035757	0.778407839171556	NA
SA150_1395	cds	0	NA	NA	NA	NA	NA
SA150_1396	cds	0.532258347204483	0.559443867572522	3.54137205396612	0.157973762442152	0.874477473619738	NA
SA150_1397	cds	0.615523244296424	-0.631609058985011	2.75611824450243	-0.229166168848114	0.818739766251351	NA
SA150_1398	cds	0.302269985573068	-0.640122760582697	4.0804728567969	-0.156874652288505	0.875343637031472	NA
SA150_1399	cds	1.78768348368405	0.874704517659542	2.47943558997876	0.352783722712892	0.724250587584318	NA
SA150_1400	cds	6.64172505026343	0.310358252380902	0.648017223576157	0.478935190438542	0.631984735286452	0.872859689067743
SA150_1401	cds	1.57987199461038	0.868587271691441	1.53533583951589	0.565731124966976	0.571576573347476	NA
SA150_1402	cds	0.543832420731129	0.446652528720322	3.50215660769768	0.127536423624971	0.898515846662054	NA
SA150_1403	cds	0.241729440627919	-1.60190344001155	4.0804728567969	-0.392577893844641	0.694631269519754	NA
SA150_1404	cds	0.151051490051605	0.321649911630935	4.0804728567969	0.0788266269423059	0.93717052470321	NA
SA150_1405	cds	0.405204919640114	1.85957518852604	3.99209409839203	0.465814467969344	0.64134830814684	NA
SA150_1406	cds	2.41172323266297	1.61267776545411	1.19817638594194	1.34594353917792	0.178320725939978	NA
SA150_1407	cds	0.357422374595272	-0.00282260137309728	4.06166714053036	-0.00069493665419582	0.999445520817511	NA
SA150_1408	cds	0.724433880990302	1.17394008660775	2.57536671564679	0.455834145667648	0.648509248038258	NA
SA150_1409	cds	0	NA	NA	NA	NA	NA
SA150_1410	cds	0.254153429588509	1.19351136930369	4.04117880081232	0.295337432004687	0.76773612448575	NA
SA150_1411	cds	0.985746828299014	-0.211690868015972	1.95585349805149	-0.108234521771118	0.913809661383256	NA
SA150_1412	cds	0.483081660809111	0.172904343583096	3.56499026518454	0.048500649573063	0.961317246768225	NA
SA150_1413	cds	11.8450176055443	0.748241380146269	0.501084155092551	1.49324494207578	0.13537308185716	0.507425734057261
SA150_1414	cds	4.25739984061129	0.0812735207787599	0.804577058526202	0.10101396742238	0.919539372491627	0.97867874846138
SA150_1415	cds	4.63792031156703	-1.23757571658025	0.783159273684049	-1.58023502774676	0.114053052857903	0.475221053574596
SA150_1416	cds	0.392403710232796	1.8179200861932	3.99456142094427	0.455098794240963	0.64903816544744	NA
SA150_1417	cds	0.591404750799102	2.39373457458133	3.20461016294873	0.746965918743367	0.455084133524533	NA
SA150_1418	cds	0	NA	NA	NA	NA	NA
SA150_1419	cds	0	NA	NA	NA	NA	NA
SA150_1420	cds	0	NA	NA	NA	NA	NA
SA150_1421	cds	17.5979334409588	0.141356408902635	0.414668256320102	0.340890354513936	0.733186126370398	0.911284037902589
SA150_1422	cds	5.51612022003997	0.23727731794276	0.696517992756181	0.340662151459768	0.733357934828262	0.911284037902589
SA150_1423	cds	0	NA	NA	NA	NA	NA
SA150_1424	cds	1.38209797864445	-0.271623851838358	1.50508005486387	-0.180471364935419	0.856782532755697	NA
SA150_1425	cds	1.50364281927579	1.29247851338678	1.54555962013632	0.836252769901415	0.403012717267279	NA
SA150_1426	cds	11.3751956751158	-0.5141245570886	0.493410408672024	-1.04198157974074	0.297420219172328	0.683295451930287
SA150_1427	cds	8.34092836448368	-0.310185311299642	0.569711853705101	-0.544459991980792	0.586124972432609	0.842284828173019
SA150_1428	cds	10.2916079022872	-0.607699502116788	0.511189785712575	-1.1887942973463	0.234520622633713	0.61440786050751
SA150_1429	cds	10.2310422895922	-0.0694405816278876	0.522117506106676	-0.132997995308933	0.894194965927609	0.978068481284673
SA150_1430	cds	5.12254729448063	-0.962064820618128	0.757890367951762	-1.26939840021738	0.204299006483181	0.603444080083204
SA150_1431	cds	0.634300156330574	-0.676479762324671	2.70108354986146	-0.250447551820219	0.802241259968652	NA
SA150_1432	cds	2.26384974246561	-1.35063066914647	1.16235252688442	-1.16198024085405	0.245243491159978	NA
SA150_1433	cds	0.344831380164824	-0.640122760582697	4.0804728567969	-0.156874652288505	0.875343637031472	NA
SA150_1434	cds	2.88869050679775	-0.354495973931981	0.981685266803896	-0.361109599908864	0.718017517095639	0.911284037902589
SA150_1435	cds	0.663472794811125	-0.442806582162563	2.62085124217948	-0.168955252032667	0.8658318390009	NA
SA150_1436	cds	1.13590519340966	-1.69675905022224	1.87792552598457	-0.903528402348469	0.366245521180716	NA
SA150_1437	cds	0.820122767042834	1.61737338447738	2.25629580469249	0.716826836762132	0.473480950395113	NA
SA150_1438	cds	0.550658038791905	2.32921718645403	3.38070233213548	0.688974348410834	0.490839410177982	NA
SA150_1439	cds	9.3203370465135	0.341753874642239	0.557218866734114	0.613320716588932	0.539664297870761	0.825284498073638
SA150_1440	cds	1.8866676126857	1.07699292066495	1.36891762334349	0.786747794242335	0.431429519707255	NA
SA150_1441	cds	0.28946877616575	-0.640122760582697	4.0804728567969	-0.156874652288505	0.875343637031472	NA
SA150_1442	cds	0	NA	NA	NA	NA	NA
SA150_1443	cds	3.59888235129014	-0.989329967621221	0.906420561146421	-1.09146902666235	0.275066553610505	0.663704658870193
SA150_1444	cds	0.646557139821305	2.53840948963421	2.72432579839879	0.931756947398197	0.351462148737335	NA
SA150_1445	cds	2.63021241664987	0.328602976460418	1.06168882154725	0.30950968851827	0.756933843373857	NA
SA150_1446	cds	3.25761531271	0.842049389456927	0.995215545539988	0.846097504435629	0.397498352805418	0.752278656959981
SA150_1447	cds	1.28208443203255	1.27815416014728	1.70472767243007	0.749770289306847	0.453393065647343	NA
SA150_1448	cds	2.68258210226443	0.940888399216248	1.07418333546278	0.875910441126784	0.381078722921303	NA
SA150_1449	cds	0	NA	NA	NA	NA	NA
SA150_1450	cds	0	NA	NA	NA	NA	NA
SA150_1451	cds	0	NA	NA	NA	NA	NA
SA150_1452	cds	0	NA	NA	NA	NA	NA
SA150_1453	cds	0	NA	NA	NA	NA	NA
SA150_1454	cds	0	NA	NA	NA	NA	NA
SA150_1455	cds	2.72568761149248	-0.496681577930328	1.04019197512996	-0.477490299680762	0.633013026680433	0.872859689067743
SA150_1456	cds	1.17808936755469	-0.560766382580217	1.73544162116848	-0.323126042236242	0.746599788408345	NA
SA150_1457	cds	3.26286153091298	-0.66288127002024	0.912874431621527	-0.726147263038984	0.467748497630207	0.790071801399808
SA150_1458	cds	1.09300642292543	-1.69622210000488	1.85378435289575	-0.915005079935678	0.360188963291829	NA
SA150_1459	cds	0.591905767208676	-1.77652094806399	3.24818852380919	-0.546926674681013	0.584429108893135	NA
SA150_1460	cds	1.07465341707807	0.769848372513876	1.83386340211403	0.419795919165197	0.674634546307333	NA
SA150_1461	cds	2.01101334400484	0.341009924076286	1.22244358483282	0.278957596331876	0.780277366679036	NA
SA150_1462	cds	30.114630678134	0.575678759078702	0.36091880228316	1.59503676571289	0.110704014450727	0.471517098586428
SA150_1463	cds	1.07982799307139	-0.277746989095342	1.84640524441666	-0.150425801667982	0.880428686083551	NA
SA150_1464	cds	0.882310877822393	1.596956718468	2.27821477129025	0.700968468202662	0.483322693493857	NA
SA150_1465	cds	0.495672655239559	0.69197800296333	3.44852217071679	0.200659287865184	0.840964995745997	NA
SA150_1466	cds	0.681872486398547	1.28557453294849	2.5247598886218	0.509186849308768	0.610621260040121	NA
SA150_1467	cds	2.19810630010479	1.54932914474487	1.24349657187311	1.24594565018468	0.212784349105446	NA
SA150_1468	cds	1.94074079290872	1.80342175946425	1.44384893236109	1.24903770681546	0.211651282722452	NA
SA150_1469	cds	0.508306859177018	2.19378735869357	3.61430472999101	0.606973546112428	0.543868468132188	NA
SA150_1470	cds	4.28177175859249	-0.374676648797015	0.795907900212836	-0.470753775275785	0.63781657776337	0.873967039788998
SA150_1471	cds	4.50727181914743	0.945178306358939	0.801534247081571	1.179211380924	0.238314015360883	0.618817053799299
SA150_1472	cds	1.26586081876052	0.935454445924718	1.74717502063278	0.53540969558157	0.592366587165335	NA
SA150_1473	cds	0.22295252859377	-1.60190344001155	4.0804728567969	-0.392577893844641	0.694631269519754	NA
SA150_1474	cds	3.566930485635	0.374681591470306	0.922582612837119	0.406122537165629	0.684652567064373	0.902924830417464
SA150_1475	cds	3.40270045444906	0.240267573805409	0.916350304754096	0.26220057172337	0.793166812636685	0.920933998178641
SA150_1476	cds	5.82463404377086	-0.695835758296513	0.682280260024794	-1.01986793267509	0.307791099729306	0.692571316297275
SA150_1477	cds	2.65074150081261	-0.292254470028943	1.01807700241479	-0.287065191862442	0.774062403842077	NA
SA150_1478	cds	0.567783908758594	-1.70305459031219	3.13577945181551	-0.543104072362674	0.587058148908864	NA
SA150_1479	cds	1.78174773689176	0.807405790521286	1.3571480821164	0.594928292027041	0.551891404714071	NA
SA150_1480	cds	3.58858198810394	-0.166788288150033	0.885730830784346	-0.188305840051132	0.850636907551376	0.953442927567332
SA150_1481	cds	12.8318061999365	0.0108807300354702	0.464039916050694	0.0234478320918442	0.981293050988007	0.995117703286521
SA150_1482	cds	16.255549955265	0.0132199922055641	0.411658932968018	0.0321139446926351	0.974381182889862	0.995117703286521
SA150_1483	cds	7.90961076658537	0.332987947846855	0.591156740760342	0.563281994244991	0.573242877019731	0.834738174939442
SA150_1484	cds	6.2834459190484	-0.773461144857873	0.698993326758775	-1.10653580692166	0.268494674573019	0.65141113029319
SA150_1485	cds	1.59016311476259	1.63349868886727	1.52704582332883	1.06971163793001	0.2847491262341	NA
SA150_1486	cds	0.447933319701728	-0.00282260137309705	4.06166714053036	-0.000694936654195765	0.999445520817511	NA
SA150_1487	cds	8.24629878349101	0.969256327139034	0.601732971947135	1.6107748325684	0.107228808441802	0.467095188288151
SA150_1488	cds	14.6122576983397	1.21713738023732	0.48129772679566	2.52886584015402	0.011443175896929	0.131596522814684
SA150_1489	cds	76.5684661164243	0.989795392853904	0.224882005584439	4.40139881482093	1.07555223409861e-05	0.000562220486006089
SA150_1490	cds	22.7283632567119	0.849617461834786	0.377784955014033	2.24894467224939	0.024516016366578	0.201381563011176
SA150_1491	cds	11.0538729754408	0.369012864171847	0.507791917648493	0.7267009405756	0.467409177123958	0.790071801399808
SA150_1492	cds	0.447933319701728	-0.00282260137309705	4.06166714053036	-0.000694936654195765	0.999445520817511	NA
SA150_1493	cds	2.73077018917835	-1.33619179288113	1.0405509041617	-1.28411958274892	0.199100117108852	0.599897360769501
SA150_1494	cds	1.22010653622986	1.10475680470142	1.78376790385119	0.619338873805401	0.535693140404084	NA
SA150_1495	cds	0	NA	NA	NA	NA	NA
SA150_1496	cds	0	NA	NA	NA	NA	NA
SA150_1497	cds	1.09444725001602	1.22535496907455	1.98456930895896	0.617441257175005	0.53694371623733	NA
SA150_1498	cds	0.326054468130674	-0.640122760582696	4.0804728567969	-0.156874652288505	0.875343637031472	NA
SA150_1499	cds	0.254320435058367	-0.640122760582697	4.0804728567969	-0.156874652288505	0.875343637031472	NA
SA150_1500	cds	0.978210090132084	3.14918741430766	2.07508031672521	1.51762193922091	0.129109732859847	NA
SA150_1501	cds	0.427719056810037	0.343491918140605	4.03133971229929	0.0852054013440342	0.932098096548323	NA
SA150_1502	cds	0.151218495521463	-1.60190344001155	4.0804728567969	-0.392577893844641	0.694631269519754	NA
SA150_1503	cds	0.151051490051605	0.321649911630935	4.0804728567969	0.0788266269423059	0.93717052470321	NA
SA150_1504	cds	0.440520266217355	0.398559987405025	3.85587448615569	0.103364357122109	0.917673799479124	NA
SA150_1505	cds	1.05209607040114	1.10597283083541	1.92040398984068	0.575906338815283	0.564678490844688	NA
SA150_1506	cds	0.543622205754259	0.853351516662668	2.97940780743867	0.2864164867032	0.774559148829281	NA
SA150_1507	cds	0.811077861159661	-1.52676077554295	2.56610772756114	-0.594971426625958	0.551862570824577	NA
SA150_1508	cds	0	NA	NA	NA	NA	NA
SA150_1509	cds	0	NA	NA	NA	NA	NA
SA150_1510	cds	0	NA	NA	NA	NA	NA
SA150_1511	cds	0.206203879073809	0.958951957307996	4.06166755077143	0.236098091564846	0.813356554786801	NA
SA150_1512	cds	0.302269985573068	-0.640122760582697	4.0804728567969	-0.156874652288505	0.875343637031472	NA
SA150_1513	cds	0.663639800280983	-1.95791474402917	2.76393200787254	-0.7083802128462	0.478709176885359	NA
SA150_1514	cds	0	NA	NA	NA	NA	NA
SA150_1515	cds	0.750036299804937	1.23144612719044	2.52098054051464	0.488479029250678	0.62521057611314	NA
SA150_1516	cds	0.344831380164824	-0.640122760582697	4.0804728567969	-0.156874652288505	0.875343637031472	NA
SA150_1517	cds	2.52614570996235	0.876241184420796	1.11665234809769	0.7847036599292	0.432627336430931	NA
SA150_1518	cds	1.29382551102906	0.414282167412198	1.58794505072004	0.260892004559192	0.794175790822246	NA
SA150_1519	cds	3.58381770792217	0.98653909296925	0.940746506307963	1.04867686072097	0.29432686752645	0.683295451930287
SA150_1520	cds	1.12980580610027	0.924283055807599	1.77444030796865	0.520887094176587	0.602445426401259	NA
SA150_1521	cds	0.151051490051605	0.321649911630935	4.0804728567969	0.0788266269423059	0.93717052470321	NA
SA150_1522	cds	3.0589050735764	-0.0338739994237567	0.986576465867142	-0.0343348950595365	0.972610099031567	0.995117703286521
SA150_1523	cds	3.39678378604514	-0.277384539909897	0.943728832070174	-0.293923985877833	0.768815989156194	0.913366102819859
SA150_1524	cds	2.22980474127605	-0.648376207869054	1.15860166894034	-0.559619604606699	0.575738929823305	NA
SA150_1525	cds	3.38536089327245	0.179745905302955	0.905815840232935	0.198435374299408	0.84270444299912	0.946396591258777
SA150_1526	cds	3.88525696772995	0.321145638872847	0.84273390767977	0.381075967095036	0.703146879841688	0.909378306825425
SA150_1527	cds	0.151218495521463	-1.60190344001155	4.0804728567969	-0.392577893844641	0.694631269519754	NA
SA150_1528	cds	3.33058572469697	-0.306454934435935	0.918227198472762	-0.333746304776906	0.738571004832421	0.911284037902589
SA150_1529	cds	2.56634494238049	1.74435088294068	1.18372291741443	1.47361418561601	0.140585499734904	NA
SA150_1530	cds	1.12963880063042	2.0387032994695	1.87645877911933	1.08646314118678	0.277274139566158	NA
SA150_1531	cds	2.22638244869162	-0.237992764790018	1.13152187582019	-0.210329795539752	0.833410281891668	NA
SA150_1532	cds	1.68474518466425	-1.13957344693001	1.34118127540546	-0.849678912036332	0.39550362580718	NA
SA150_1533	cds	2.03947138614619	1.13955715637612	1.31840885518853	0.864342765820675	0.387399623767033	NA
SA150_1534	cds	2.87348717938227	0.303727296987327	1.01117193335868	0.300371565870579	0.763893750033127	0.911284037902589
SA150_1535	cds	2.17649453090981	1.2164079328125	1.27261585100599	0.955832769056692	0.339156729823408	NA
SA150_1536	cds	0.241352220181192	1.13137310152433	4.0469751237205	0.279560181848667	0.779814959676233	NA
SA150_1537	cds	2.97477118266215	0.322417833824791	0.978659658276516	0.329448374721596	0.741816808843774	0.911284037902589
SA150_1538	cds	0.646934360268033	0.889142628907871	2.81782699165648	0.315541951844666	0.752350203706209	NA
SA150_1539	cds	1.6932650542995	1.75749740986921	1.49783313488264	1.17335994840769	0.240651491368672	NA
SA150_1540	cds	1.42465937323621	-0.432879882462837	1.50059998675944	-0.288471202373956	0.772986071186181	NA
SA150_1541	cds	5.927983752271	0.830169402200536	0.697862696281868	1.18958844859251	0.234208188233762	0.61440786050751
SA150_1542	cds	0.965786101171494	1.75996919844344	2.15245823184475	0.817655447341743	0.413553957068865	NA
SA150_1543	cds	1.20170684464244	-0.00352505437873334	1.66796404570621	-0.00211338750844648	0.998313761991255	NA
SA150_1544	cds	3.3158220169039	-0.124944528959608	0.913232673761908	-0.136815657771989	0.891176506916721	0.977913151673883
SA150_1545	cds	2.87586434092083	2.77284712417637	1.30753814495547	2.12066250982742	0.0339502135964288	0.226992707185425
SA150_1546	cds	1.77397665262932	1.37542060336447	1.48905089107247	0.923689453201857	0.355648024845521	NA
SA150_1547	cds	2.06434768548973	-0.352532859571868	1.16011462126748	-0.303877610978395	0.76122113554919	NA
SA150_1548	cds	0.832756970980293	2.88909807617622	2.30138329614444	1.2553745745076	0.209342814771325	NA
SA150_1549	cds	0.495882870216428	0.231507035555429	3.48829326550402	0.0663668498990091	0.947085761943189	NA
SA150_1550	cds	0.663639800280983	-1.95791474402917	2.76393200787254	-0.7083802128462	0.478709176885359	NA
SA150_1551	cds	6.53390455318023	-0.175437207007886	0.68439949366932	-0.256337429572459	0.797690297874566	0.920933998178641
SA150_1552	cds	5.78685529367858	0.297911291103577	0.682067975161617	0.436776541272131	0.662273413396728	0.891820170264915
SA150_1553	cds	2.61016168299498	-1.2533547626051	1.07836698617629	-1.16227108087691	0.245125369632408	NA
SA150_1554	cds	4.32214125015296	-0.081056675003895	0.786417691630164	-0.103070767438958	0.917906805633818	0.97867874846138
SA150_1555	cds	0.844284470047168	-0.208477689646534	2.21771161445873	-0.0940057707626769	0.925104572633572	NA
SA150_1556	cds	1.34694963753707	-0.323019140273503	1.53542264374891	-0.210377996956469	0.833372664267083	NA
SA150_1557	cds	0.753983739917581	-0.670507402221741	2.42022661507617	-0.277043231425103	0.781746910927489	NA
SA150_1558	cds	0.904658009522458	1.63590734290656	2.12651380984105	0.76929072143145	0.44172074416894	NA
SA150_1559	cds	0	NA	NA	NA	NA	NA
SA150_1560	cds	0	NA	NA	NA	NA	NA
SA150_1561	cds	0	NA	NA	NA	NA	NA
SA150_1562	cds	0	NA	NA	NA	NA	NA
SA150_1563	cds	1.00414651988644	1.04104948586326	1.98684529162702	0.523971086350033	0.600298650362351	NA
SA150_1564	cds	2.24710109294565	-0.723356151208943	1.13175565374285	-0.639145162488669	0.522728502203983	NA
SA150_1565	cds	0.392403710232796	1.8179200861932	3.99456142094427	0.455098794240963	0.64903816544744	NA
SA150_1566	cds	0	NA	NA	NA	NA	NA
SA150_1567	cds	0	NA	NA	NA	NA	NA
SA150_1568	cds	3.17151566973752	1.41392274133801	1.0471078543395	1.35031242051936	0.176915789922146	0.575974089430176
SA150_1569	cds	10.1425781938782	1.33358999170448	0.568049426652646	2.3476654127845	0.0188914828213797	0.187286252108506
SA150_1570	cds	0.495882870216428	0.231507035555429	3.48829326550402	0.0663668498990091	0.947085761943189	NA
SA150_1571	cds	0.495505649769701	2.16142335651213	3.39276277040725	0.637068814644146	0.524080020714436	NA
SA150_1572	cds	0.151051490051605	0.321649911630935	4.0804728567969	0.0788266269423059	0.93717052470321	NA
SA150_1573	cds	4.3423589892777	0.607435659369864	0.808470147374617	0.751339627495732	0.452448286207289	0.790071801399808
SA150_1574	cds	1.74587327631328	-0.936398419649179	1.32321355367926	-0.707669912423041	0.479150265988935	NA
SA150_1575	cds	0.429156407667579	-0.00282260137309705	4.06166714053036	-0.000694936654195765	0.999445520817511	NA
SA150_1576	cds	3.83210451979958	2.50571706066079	1.07771808667346	2.32502088593044	0.020070843422703	0.194504771607854
SA150_1577	cds	1.64151587947335	2.70914185246969	1.61209022464012	1.68051503015253	0.0928571524672562	NA
SA150_1578	cds	19.8468892380808	0.523491195979968	0.440879266765563	1.18737993696205	0.235077790107221	0.61440786050751
SA150_1579	cds	0	NA	NA	NA	NA	NA
SA150_1580	cds	5.58015387442825	1.35261319575923	0.753293998772055	1.79559799754693	0.072558474596231	0.38276259534709
SA150_1581	cds	10.0346096584332	0.755528673760666	0.54791961765259	1.37890422138473	0.167924286465662	0.569185971703882
SA150_1582	cds	0.495882870216428	0.231507035555429	3.48829326550402	0.0663668498990091	0.947085761943189	NA
SA150_1583	cds	0.996943681378932	0.97110420621391	2.01132237527122	0.482818775425278	0.629224418307486	NA
SA150_1584	cds	0.769830132742889	1.55800309724883	2.67913539175201	0.581532050244754	0.560881923858547	NA
SA150_1585	cds	0.670885848295498	-1.01892183041276	2.77210142105134	-0.367562969621196	0.713199130655051	NA
SA150_1586	cds	1.29488564143987	1.29039657955553	1.75319434923039	0.736025974600015	0.461714890514733	NA
SA150_1587	cds	2.54423634707965	-0.847084176477237	1.06880384153101	-0.792553454208985	0.428038036457413	NA
SA150_1588	cds	27.1485254186075	-0.681185406066183	0.330022325329717	-2.06405856144922	0.0390121642854235	0.252044881619309
SA150_1589	cds	5.56329696534351	-0.969045272089898	0.693675414414727	-1.39697220335754	0.162421930119586	0.566015817083406
SA150_1590	cds	5.36543360195224	0.970894117638959	0.803403313992737	1.20847661533014	0.226863985382151	0.612426251618483
SA150_1591	cds	1.71934593490229	-0.835012316357979	1.43742658319143	-0.580907801568587	0.561302594054418	NA
SA150_1592	cds	4.61269847815188	-1.14538107866553	0.778746046017322	-1.47080179029256	0.141344728154105	0.520982171080835
SA150_1593	cds	3.43843634226033	0.157030141517253	0.995411894316865	0.157753933234865	0.874650699959637	0.969025341959135
SA150_1594	cds	3.79704242066868	-0.669035667853128	0.858080375184502	-0.779688811446449	0.435574066113356	0.773009530911049
SA150_1595	cds	8.64744242416029	-0.41663003981035	0.56643282428793	-0.735533009292144	0.462014944291494	0.790071801399808
SA150_1596	cds	0.392403710232796	1.8179200861932	3.99456142094427	0.455098794240963	0.64903816544744	NA
SA150_1597	cds	3.53215925369405	-0.446138789005428	0.892711470784469	-0.499756980397467	0.617246205398492	0.859362150373203
SA150_1598	cds	0.683476842725946	-0.225013791452347	2.70294103360934	-0.0832477618469828	0.933654536046147	NA
SA150_1599	cds	8.66501603264459	0.497957552126336	0.567935453310087	0.876785467827548	0.3806031738042	0.741236588805086
SA150_1600	cds	5.39369714255233	0.60752427335809	0.715375161920274	0.849238701169495	0.395748482317785	0.752278656959981
SA150_1601	cds	6.34931233202112	-0.381151394031053	0.657765492747438	-0.579463955214512	0.562276161081201	0.830682730149795
SA150_1602	cds	31.1876034347768	0.205050006810049	0.318849875744429	0.643092635150985	0.520163993080235	0.818725814391988
SA150_1603	cds	6.24029720031334	-0.183740192861841	0.659288747194588	-0.278694568417395	0.780479231206814	0.920933998178641
SA150_1604	cds	2.33779393160661	1.56045041733548	1.21859078374269	1.28053686122821	0.200356389442189	NA
SA150_1605	cds	1.70243364486523	1.75720150422712	1.48565296289639	1.18278060092939	0.236896110718853	NA
SA150_1606	cds	2.00961583770155	-0.206823515466948	1.22735692500084	-0.168511303642831	0.866181051807156	NA
SA150_1607	cds	8.43746357845682	-0.622622831270333	0.571563024925548	-1.08933364146751	0.276006782624132	0.663704658870193
SA150_1608	cds	2.98884273745715	0.572116597436523	0.972521666850293	0.58828159509231	0.556343297166344	0.828440626379554
SA150_1609	cds	3.26244110095924	-0.368028450422101	0.920762665650035	-0.399699579654744	0.689377801756853	0.905005105046097
SA150_1610	cds	5.31696677377063	-0.941873662987074	0.749466612218823	-1.25672531321792	0.208853118729833	0.606517895301282
SA150_1611	cds	2.12779472980537	-1.40550713444689	1.2646838189294	-1.11135061065041	0.266417462529177	NA
SA150_1612	cds	1.93093796989904	-0.198378722512505	1.26850054673991	-0.156388361851593	0.875726910202589	NA
SA150_1613	cds	4.49731123370189	-0.435817645465623	0.769433475460296	-0.566413678849761	0.571112598136981	0.834738174939442
SA150_1614	cds	71.1018794210163	-0.827812477616628	0.227907414959734	-3.63223143820434	0.000280980941466971	0.00850337059702675
SA150_1615	cds	8.20501098795941	1.15283576597127	0.630219718277705	1.82926006999875	0.067360657373928	0.365399792358572
SA150_1616	cds	1.87929787998863	2.92420941916259	1.54932141362506	1.88741302704944	0.0591047943107744	NA
SA150_1617	cds	4.53143688710453	0.999899722849261	0.808569416768338	1.23662817577942	0.216225154632438	0.612339604970576
SA150_1618	cds	0.138250280644287	0.321649911630935	4.0804728567969	0.0788266269423059	0.93717052470321	NA
SA150_1619	cds	0.737402095867478	-0.14594446945576	2.40437969210775	-0.0606994269394369	0.951598588077305	NA
SA150_1620	cds	0.103101939536904	0.321649911630934	4.0804728567969	0.0788266269423059	0.93717052470321	NA
SA150_1621	cds	0	NA	NA	NA	NA	NA
SA150_1622	cds	10.2923519864779	-0.807745503299545	0.541664939456238	-1.49122722270047	0.135901848773597	0.507425734057261
SA150_1623	cds	1.17733145042819	-1.14667992369179	1.79217700094067	-0.639825152922913	0.522286278118964	NA
SA150_1624	cds	4.57669445480961	0.0888171856847094	0.812053365094621	0.109373582454597	0.912906186172329	0.97867874846138
SA150_1625	cds	0	NA	NA	NA	NA	NA
SA150_1626	cds	0.103101939536904	0.321649911630934	4.0804728567969	0.0788266269423059	0.93717052470321	NA
SA150_1627	cds	1.15503100446818	2.21788978767886	1.86856089001168	1.18695077026095	0.235247039493587	NA
SA150_1628	cds	0.978210090132084	3.14918741430766	2.07508031672521	1.51762193922091	0.129109732859847	NA
SA150_1629	cds	0.477105958182279	0.231557759555344	3.59935882799482	0.0643330578086164	0.948705031639411	NA
SA150_1630	cds	1.03386338428357	-0.960610264075656	1.90585289674108	-0.504031694008627	0.61423910520508	NA
SA150_1631	cds	0.103101939536904	0.321649911630934	4.0804728567969	0.0788266269423059	0.93717052470321	NA
SA150_1632	cds	7.06549476722499	0.210913393305064	0.687481904752304	0.306791192389355	0.759002312653547	0.911284037902589
SA150_1633	cds	1.06142830148396	-1.71258426533198	1.9667208021357	-0.87078158906554	0.383873419719533	NA
SA150_1634	cds	0.241729440627919	-1.60190344001155	4.0804728567969	-0.392577893844641	0.694631269519754	NA
SA150_1635	cds	0	NA	NA	NA	NA	NA
SA150_1636	cds	11.607479786479	1.08251843157011	0.521158381299215	2.07713906254651	0.0377887261749918	0.246914972166139
SA150_1637	cds	3.16859428228238	0.242737135345529	0.941415294317719	0.257842778644732	0.796528247845964	0.920933998178641
SA150_1638	cds	0.737779316314206	-2.16933266409947	2.58284579012224	-0.839900187768003	0.400964352349898	NA
SA150_1639	cds	0.615523244296424	-0.631609058985011	2.75611824450243	-0.229166168848114	0.818739766251351	NA
SA150_1640	cds	6.16447621772993	0.885494702576604	0.681822561227464	1.29871722194478	0.194040991580297	0.5925458315407
SA150_1641	cds	3.11166139970922	3.73800769059323	1.39022662792908	2.68877578338538	0.00717145704640972	0.10308969504214
SA150_1642	cds	5.39702396059627	-0.357485718771977	0.755732603928482	-0.473032018089042	0.636190336341294	0.873967039788998
SA150_1643	cds	9.09314063132372	-0.277265125989303	0.552334229052104	-0.501987947524338	0.615675999023035	0.859362150373203
SA150_1644	cds	3.00943422079557	0.0243128093827896	0.994412788474723	0.0244494134272768	0.980494133874389	0.995117703286521
SA150_1645	cds	6.82341066077177	0.718454793752807	0.648070176553353	1.10860647464721	0.26759998377735	0.65141113029319
SA150_1646	cds	1.22549469215281	1.36944158097861	1.76741180395219	0.774828807817362	0.438440824225945	NA
SA150_1647	cds	0.78657878226285	0.183050572563543	2.45336526925266	0.0746120338694219	0.940523399170789	NA
SA150_1648	cds	1.82573495920917	-2.04306752128026	1.42970760363588	-1.4290107404371	0.153001146446792	NA
SA150_1649	cds	2.79901028745657	0.405761761526231	1.03967660375247	0.390276899626028	0.696331803071157	0.909378306825425
SA150_1650	cds	0.820122767042834	1.61737338447738	2.25629580469249	0.716826836762132	0.473480950395113	NA
SA150_1651	cds	1.12404031845031	0.591710565597648	1.86807880892875	0.316748181484359	0.75143468617368	NA
SA150_1652	cds	7.25207540634405	0.761202492564044	0.656833500169438	1.15889718226565	0.246498097607049	0.627152239486962
SA150_1653	cds	10.3471853639253	0.159075518399294	0.534283637626524	0.297736084724518	0.765904600101126	0.911791190596579
SA150_1654	cds	3.51262790076645	0.340874254402192	0.890357758962761	0.382850883221706	0.701830331162622	0.909378306825425
SA150_1655	cds	5.15705016833	0.0729281667372128	0.733575626285624	0.0994146535463237	0.92080904855236	0.97867874846138
SA150_1656	cds	1.80629002529559	0.172772804450685	1.30451121139565	0.13244256004963	0.894634253102464	NA
SA150_1657	cds	1.64041253955553	1.16269569551303	1.5076756177705	0.771184253302702	0.44059772640574	NA
SA150_1658	cds	1.85440658128014	-0.297331410913888	1.28109271436313	-0.232092031732224	0.816466533679491	NA
SA150_1659	cds	0	NA	NA	NA	NA	NA
SA150_1660	cds	0.736857869950892	2.73762121230035	2.47404525859275	1.1065364316971	0.26849440431156	NA
SA150_1661	cds	0.936570141903642	-0.526575823762452	1.95012597313088	-0.270021440162169	0.787143759191987	NA
SA150_1662	cds	2.09122056097234	0.680449030896321	1.22459430953534	0.555652615399225	0.578448355272122	NA
SA150_1663	cds	0.78518464091232	1.3093944290501	2.32537869605702	0.563088683692833	0.573374496858432	NA
SA150_1664	cds	0.309305818610713	1.51146917165636	4.01500989729278	0.376454656481794	0.706578919207683	NA
SA150_1665	cds	0	NA	NA	NA	NA	NA
SA150_1666	cds	2.91752924561887	0.845511273654453	1.02927291488733	0.821464610041748	0.411381674413145	0.765516060801159
SA150_1667	cds	0	NA	NA	NA	NA	NA
SA150_1668	cds	1.85469738271285	-1.53766027051694	1.33089048009497	-1.15536198771759	0.247942221331091	NA
SA150_1669	cds	0	NA	NA	NA	NA	NA
SA150_1670	cds	7.87871945709388	-2.20224521279788	0.690696005166494	-3.18844353568691	0.00143040943001036	0.0293744793662842
SA150_1671	cds	0.254320435058367	-0.640122760582697	4.0804728567969	-0.156874652288505	0.875343637031472	NA
SA150_1672	cds	0.241729440627919	-1.60190344001155	4.0804728567969	-0.392577893844641	0.694631269519754	NA
SA150_1673	cds	0.254320435058367	-0.640122760582697	4.0804728567969	-0.156874652288505	0.875343637031472	NA
SA150_1674	cds	0.138250280644287	0.321649911630935	4.0804728567969	0.0788266269423059	0.93717052470321	NA
SA150_1675	cds	0.151051490051605	0.321649911630935	4.0804728567969	0.0788266269423059	0.93717052470321	NA
SA150_1676	cds	0	NA	NA	NA	NA	NA
SA150_1677	cds	0.103101939536904	0.321649911630934	4.0804728567969	0.0788266269423059	0.93717052470321	NA
SA150_1678	cds	1.64706767591339	0.645795489165415	1.46836968216414	0.439804428686935	0.660078759803813	NA
SA150_1679	cds	0.659525354698481	1.23159839297182	2.74433207257726	0.448778923395811	0.653591144379466	NA
SA150_1680	cds	0.151051490051605	0.321649911630935	4.0804728567969	0.0788266269423059	0.93717052470321	NA
SA150_1681	cds	0.103101939536904	0.321649911630934	4.0804728567969	0.0788266269423059	0.93717052470321	NA
SA150_1682	cds	0.103101939536904	0.321649911630934	4.0804728567969	0.0788266269423059	0.93717052470321	NA
SA150_1683	cds	0	NA	NA	NA	NA	NA
SA150_1684	cds	11.4127111093768	1.19893373246475	0.523495280618987	2.29024745179577	0.0220069760998552	0.196664979245355
SA150_1685	cds	0.22295252859377	-1.60190344001155	4.0804728567969	-0.392577893844641	0.694631269519754	NA
SA150_1686	cds	0	NA	NA	NA	NA	NA
SA150_1687	cds	0	NA	NA	NA	NA	NA
SA150_1688	cds	0	NA	NA	NA	NA	NA
SA150_1689	cds	0	NA	NA	NA	NA	NA
SA150_1690	cds	0.103101939536904	0.321649911630934	4.0804728567969	0.0788266269423059	0.93717052470321	NA
SA150_1691	cds	3.82197692888417	0.730197096658363	0.871165903420824	0.838183741800596	0.401927516674765	0.752795837420162
SA150_1692	cds	1.22031675120673	0.766041317086125	1.76235616952225	0.434668842957998	0.663802817020274	NA
SA150_1693	cds	1.25274478808214	2.26486397877629	1.84658361200586	1.22651580142427	0.220004632709511	NA
SA150_1694	cds	5.98357128229406	-0.147314756529881	0.684132586649256	-0.215330711333894	0.829509487008321	0.939898909641682
SA150_1695	cds	0.379979721272206	-0.640122760582697	4.0804728567969	-0.156874652288505	0.875343637031472	NA
SA150_1696	cds	0.22295252859377	-1.60190344001155	4.0804728567969	-0.392577893844641	0.694631269519754	NA
SA150_1697	cds	0.585806379899288	2.41139357652529	3.18760665483157	0.756490319428292	0.449355274316444	NA
SA150_1698	cds	0.22295252859377	-1.60190344001155	4.0804728567969	-0.392577893844641	0.694631269519754	NA
SA150_1699	cds	0.681872486398547	1.28557453294849	2.5247598886218	0.509186849308768	0.610621260040121	NA
SA150_1700	cds	0	NA	NA	NA	NA	NA
SA150_1701	cds	0.580374903189042	-0.788751479007746	3.07448496082144	-0.256547515781963	0.797528095425168	NA
SA150_1702	cds	1.79908729806837	0.932292482538921	1.35097078928555	0.690090777634029	0.490137102412741	NA
SA150_1703	cds	0	NA	NA	NA	NA	NA
SA150_1704	cds	0	NA	NA	NA	NA	NA
SA150_1705	cds	0.151051490051605	0.321649911630935	4.0804728567969	0.0788266269423059	0.93717052470321	NA
SA150_1706	cds	0.103101939536904	0.321649911630934	4.0804728567969	0.0788266269423059	0.93717052470321	NA
SA150_1707	cds	0	NA	NA	NA	NA	NA
SA150_1708	cds	0	NA	NA	NA	NA	NA
SA150_1709	cds	0	NA	NA	NA	NA	NA
SA150_1710	cds	0	NA	NA	NA	NA	NA
SA150_1711	cds	0	NA	NA	NA	NA	NA
SA150_1712	cds	0	NA	NA	NA	NA	NA
SA150_1713	cds	2.55294129818463	-0.63448005245924	1.10677938370535	-0.573266959793816	0.566463952861148	NA
SA150_1714	cds	0	NA	NA	NA	NA	NA
SA150_1715	cds	0.151051490051605	0.321649911630935	4.0804728567969	0.0788266269423059	0.93717052470321	NA
SA150_1716	cds	0.840504035404382	0.239683040557568	2.20663090233305	0.1086194525347	0.913504331151257	NA
SA150_1717	cds	0.254153429588509	1.19351136930369	4.04117880081232	0.295337432004687	0.76773612448575	NA
SA150_1718	cds	2.14097315965941	-2.30729181704831	1.35125298590041	-1.70752023575426	0.087725399883499	NA
SA150_1719	cds	2.01134735494456	-0.496311025939786	1.29034596696478	-0.38463407384241	0.70050854545296	NA
SA150_1720	cds	1.02072816393654	0.742023815458391	1.87518624042108	0.395706730064192	0.692321390057438	NA
SA150_1721	cds	2.72675698493728	-1.65102175913984	1.10182615859741	-1.49844124343675	0.134018647584263	0.506978436585207
SA150_1722	cds	3.07357330682899	-1.86407039670511	1.01399113783093	-1.83834979139228	0.0660108785057278	0.364519816333168
SA150_1723	cds	1.55735785744045	1.56278272986847	1.5344840537419	1.01844181831513	0.308468037341001	NA
SA150_1724	cds	1.96504537026427	-0.926869711936594	1.25890145247156	-0.736252794145957	0.461576868555233	NA
SA150_1725	cds	2.00146405675934	-0.565255041957943	1.24815978248925	-0.452870738096234	0.650641822887427	NA
SA150_1726	cds	0.103101939536904	0.321649911630934	4.0804728567969	0.0788266269423059	0.93717052470321	NA
SA150_1727	cds	0	NA	NA	NA	NA	NA
SA150_1728	cds	0	NA	NA	NA	NA	NA
SA150_1729	cds	0	NA	NA	NA	NA	NA
SA150_1730	cds	0	NA	NA	NA	NA	NA
SA150_1731	cds	0.151218495521463	-1.60190344001155	4.0804728567969	-0.392577893844641	0.694631269519754	NA
SA150_1732	cds	0.254320435058367	-0.640122760582697	4.0804728567969	-0.156874652288505	0.875343637031472	NA
SA150_1733	cds	3.41672543478429	-0.23340115581211	0.956570830016243	-0.243997776733529	0.80723254180113	0.921997183009566
SA150_1734	cds	0.982157530244728	1.81557318191061	2.14453057922102	0.846606338702852	0.397214579637196	NA
SA150_1735	cds	0.901087789856542	1.59666027353167	2.25343900234919	0.708543817634811	0.478607611464914	NA
SA150_1736	cds	1.84788676401702	1.93898773860691	1.44457983525458	1.34225031478803	0.179514847389242	NA
SA150_1737	cds	0.543622205754259	0.853351516662668	2.97940780743867	0.2864164867032	0.774559148829281	NA
SA150_1738	cds	0.392780930679524	-0.640122760582697	4.0804728567969	-0.156874652288505	0.875343637031472	NA
SA150_1739	cds	0.40553893057983	-1.2351620523854	4.06249812634057	-0.304040030043783	0.761097394263214	NA
SA150_1740	cds	4.46847249488076	-1.27833646387588	0.793606702397119	-1.61079343207991	0.107224753115293	0.467095188288151
SA150_1741	cds	0	NA	NA	NA	NA	NA
SA150_1742	cds	4.39968398038224	0.10182463444465	0.801550650942843	0.127034560230069	0.898913045020661	0.978068481284673
SA150_1743	cds	8.92588471766874	-0.44126306887737	0.553048960905374	-0.79787342544681	0.424943946262464	0.771287839147726
SA150_1744	cds	9.62877806160562	-0.3628600780298	0.527069119874649	-0.688448752444648	0.491170231902584	0.803303580237738
SA150_1745	cds	3.76314534656061	0.00949228357433634	0.89737082214312	0.0105778830112469	0.991560227849588	0.999238502240488
SA150_1746	cds	5.24557617170957	0.185203038816091	0.723177938098947	0.256096085152906	0.797876644808355	0.920933998178641
SA150_1747	cds	0	NA	NA	NA	NA	NA
SA150_1748	cds	0	NA	NA	NA	NA	NA
SA150_1749	cds	0	NA	NA	NA	NA	NA
SA150_1750	cds	0.206203879073809	0.958951957307996	4.06166755077143	0.236098091564846	0.813356554786801	NA
SA150_1751	cds	0.718458178363471	1.20378011944011	2.44179741413837	0.49298934975934	0.622020112630224	NA
SA150_1752	cds	0.379979721272206	-0.640122760582697	4.0804728567969	-0.156874652288505	0.875343637031472	NA
SA150_1753	cds	0.103101939536904	0.321649911630934	4.0804728567969	0.0788266269423059	0.93717052470321	NA
SA150_1754	cds	1.93944284016934	-1.98920672402107	1.33150415555928	-1.493954574393	0.13518749267607	NA
SA150_1755	cds	5.15610699269622	-1.54976306797928	0.756424087574408	-2.04880184731932	0.0404814950676502	0.257346429732252
SA150_1756	cds	0	NA	NA	NA	NA	NA
SA150_1757	cds	0.984185681478626	1.73913139624032	2.18680894163622	0.79528273509759	0.426449054193288	NA
SA150_1758	cds	0.276500561288574	1.30526492173593	4.03134036313062	0.323779389523514	0.746105061147206	NA
SA150_1759	cds	0.254153429588509	1.19351136930369	4.04117880081232	0.295337432004687	0.76773612448575	NA
SA150_1760	cds	0.495882870216428	0.231507035555429	3.48829326550402	0.0663668498990091	0.947085761943189	NA
SA150_1761	cds	8.78330977646508	-0.186474218581956	0.555338939984385	-0.335784518527008	0.737033365460757	0.911284037902589
SA150_1762	cds	1.130183026547	-0.297804960871962	1.73807492082716	-0.171341843382812	0.863954980653201	NA
SA150_1763	cds	1.03027408622929	0.766966859080518	1.98730926802239	0.385932311302378	0.699546799973002	NA
SA150_1764	cds	1.44411919523444	1.29180539121888	1.72092952490673	0.750643981942773	0.452866944292403	NA
SA150_1765	cds	0.753606519470854	1.28410789955368	2.37717717217972	0.540181823459226	0.589071646584022	NA
SA150_1766	cds	0.97100725162458	3.1095426385839	2.10159787123321	1.47960876871237	0.138977685028714	NA
SA150_1767	cds	0.653759978328809	2.58133039324997	2.94484534058454	0.876558900284244	0.380726271054106	NA
SA150_1768	cds	0.103101939536904	0.321649911630934	4.0804728567969	0.0788266269423059	0.93717052470321	NA
SA150_1769	cds	3.98255021010988	0.17424376420922	0.828166980467401	0.210396898595113	0.833357913046551	0.941416110023118
SA150_1770	cds	0.151051490051605	0.321649911630935	4.0804728567969	0.0788266269423059	0.93717052470321	NA
SA150_1771	cds	1.21450805404976	0.0185792929649519	1.60946100966048	0.0115437981121837	0.990789586275893	NA
SA150_1772	cds	0.326054468130674	-0.640122760582696	4.0804728567969	-0.156874652288505	0.875343637031472	NA
SA150_1773	cds	0.138250280644287	0.321649911630935	4.0804728567969	0.0788266269423059	0.93717052470321	NA
SA150_1774	cds	0.810910855689802	-0.436670944387897	2.361750576283	-0.184892913236903	0.853313029578225	NA
SA150_1775	cds	1.8979848967757	-0.0571749955822403	1.24675738822883	-0.0458589587052411	0.963422665948106	NA
SA150_1776	cds	0.344831380164824	-0.640122760582697	4.0804728567969	-0.156874652288505	0.875343637031472	NA
SA150_1777	cds	0.666728193205985	1.29276036368487	2.95978901143036	0.436774499362075	0.662274894382445	NA
SA150_1778	cds	0.694673695805864	1.31250879680445	2.4968496180325	0.525665938118734	0.599120333997514	NA
SA150_1779	cds	1.58761894775418	-1.52921479490148	1.46105971944584	-1.04664769998689	0.295262093415166	NA
SA150_1780	cds	0.374004018645375	-0.640122760582696	4.0804728567969	-0.156874652288505	0.875343637031472	NA
SA150_1781	cds	2.01117687324165	-2.0321901427539	1.31473569176607	-1.54570242177276	0.122176452115911	NA
SA150_1782	cds	1.81578926184827	-2.46993358179089	1.50311773356377	-1.64320700011627	0.100340112054678	NA
SA150_1783	cds	2.50163174298088	-0.918801752006559	1.05946747605789	-0.86722978550061	0.385816119407284	NA
SA150_1784	cds	3.48293599283891	-1.26423511891787	0.94266163127354	-1.34113352763694	0.179877103449317	0.579242961838668
SA150_1785	cds	1.06761421908767	-2.68692275794229	2.08558240973933	-1.28833209629828	0.197630384936955	NA
SA150_1786	cds	0.464304748774962	0.171968025059749	3.68386869608135	0.0466813665868919	0.962767181463326	NA
SA150_1787	cds	0.888286580449225	1.57424031373692	2.14406535713039	0.734231495556591	0.462807661010186	NA
SA150_1788	cds	1.05213927990815	1.88741424826083	2.07871042929114	0.907973627141735	0.363892155545004	NA
SA150_1789	cds	0	NA	NA	NA	NA	NA
SA150_1790	cds	0	NA	NA	NA	NA	NA
SA150_1791	cds	0.543622205754259	0.853351516662668	2.97940780743867	0.2864164867032	0.774559148829281	NA
SA150_1792	cds	1.84922864033407	-0.777569085659782	1.40353464079042	-0.554007762303524	0.579573533420013	NA
SA150_1793	cds	7.55035563340567	0.825272815983551	0.672775788401579	1.22666842388054	0.219947240314228	0.612339604970576
SA150_1794	cds	0.888663800895952	-0.18620829727594	2.26890271265048	-0.0820697583187319	0.934591241342013	NA
SA150_1795	cds	3.88700925113884	0.281360515836045	0.848937424521519	0.331426684357362	0.740322211579066	0.911284037902589
SA150_1796	cds	0.508473864646876	0.735739994451405	3.37702884041297	0.217866067842474	0.827533466016612	NA
SA150_1797	cds	0.598984809753333	0.739497620522738	2.97392642207556	0.248660361948911	0.803623512469958	NA
SA150_1798	cds	2.33257278115353	0.931827604854351	1.17236595567462	0.794826564473332	0.426714396206997	NA
SA150_1799	cds	0	NA	NA	NA	NA	NA
SA150_1800	cds	6.17885911756294	0.230821497783868	0.752107012260156	0.306899808167227	0.758919635091513	0.911284037902589
SA150_1801	cds	1.4488244411933	-0.225970607148896	1.44015391596337	-0.156907261539289	0.87531793686998	NA
SA150_1802	cds	0.344831380164824	-0.640122760582697	4.0804728567969	-0.156874652288505	0.875343637031472	NA
SA150_1803	cds	2.72420705112793	-0.560795183353076	1.00055687279791	-0.560483065580164	0.575149987310303	NA
SA150_1804	cds	1.25884417539153	-0.312235333333656	1.68266414612886	-0.18556010363208	0.852789742795792	NA
SA150_1805	cds	1.7485652591229	1.64479840646647	1.49940156077473	1.09696991752937	0.272654542646353	NA
SA150_1806	cds	1.77466869434711	-0.0923150671505714	1.29597090869833	-0.0712323606424874	0.943212826754835	NA
SA150_1807	cds	0.759582222097685	1.25793172302129	2.5222875336415	0.498726535433959	0.617972048181512	NA
SA150_1808	cds	1.11086188859627	2.03867868165775	1.8884085195713	1.07957502867047	0.280331466313534	NA
SA150_1809	cds	1.38845090171801	-1.38773146384604	1.5606398951636	-0.88920670818848	0.373891998284747	NA
SA150_1810	cds	0.40553893057983	-1.2351620523854	4.06249812634057	-0.304040030043783	0.761097394263214	NA
SA150_1811	cds	0.138250280644287	0.321649911630935	4.0804728567969	0.0788266269423059	0.93717052470321	NA
SA150_1812	cds	0	NA	NA	NA	NA	NA
SA150_1813	cds	1.86085497889419	1.25969762285057	1.33122766908314	0.946267608543751	0.344012110153521	NA
SA150_1814	cds	3.03589579807813	-0.7104561767188	0.968115298308831	-0.733854921991082	0.463037163149189	0.790071801399808
SA150_1815	cds	1.49800112758868	-0.0258898854545821	1.43608300268297	-0.0180281260945315	0.98561641567596	NA
SA150_1816	cds	2.87369750563943	0.651609295995438	1.0297309364503	0.63279568762076	0.526867073239261	0.821531326561068
SA150_1817	cds	2.52886264924156	-0.435491298465676	1.04957230315203	-0.414922628157992	0.678198544237654	NA
SA150_1818	cds	1.33258728130937	0.972447148611991	1.73022322182571	0.562035658951494	0.574091723957377	NA
SA150_1819	cds	0.289301770695892	1.36217917813024	4.02660529886201	0.338294686721645	0.735141127322709	NA
SA150_1820	cds	1.59609549660212	0.279682200466024	1.40074458252013	0.19966680860749	0.841741173919077	NA
SA150_1821	cds	11.7454025370551	-0.390249342675684	0.523393307866292	-0.745613932792924	0.455900663931081	0.790071801399808
SA150_1822	cds	0	NA	NA	NA	NA	NA
SA150_1823	cds	3.44707642034508	-0.287933451208289	0.898812955162177	-0.320348577036627	0.748704102620396	0.911284037902589
SA150_1824	cds	1.45420923216349	-1.41792996040525	1.51023256160536	-0.938881862604001	0.347791402363385	NA
SA150_1825	cds	0.103101939536904	0.321649911630934	4.0804728567969	0.0788266269423059	0.93717052470321	NA
SA150_1826	cds	0	NA	NA	NA	NA	NA
SA150_1827	cds	1.44086379683958	0.274057908294935	1.58091070950905	0.173354451106251	0.862372825722931	NA
SA150_1828	cds	0.379979721272206	-0.640122760582697	4.0804728567969	-0.156874652288505	0.875343637031472	NA
SA150_1829	cds	1.28459452128765	0.457391981704199	1.67626233148149	0.272864200975006	0.784957606078221	NA
SA150_1830	cds	0.440687271687213	-1.2351620523854	4.06249812634057	-0.304040030043783	0.761097394263214	NA
SA150_1831	cds	0.785895872298764	-3.46163999346962	2.57078784201661	-1.34652884881943	0.178132023058415	NA
SA150_1832	cds	2.21506516460162	0.725119148381677	1.18345465078374	0.612713928583127	0.540065511088019	NA
SA150_1833	cds	0.392570715702655	0.169600117563319	4.04697439092247	0.0419078801051322	0.966572134502951	NA
SA150_1834	cds	0.905369240908902	-2.47657044855782	2.15426049155224	-1.1496151269865	0.250302424980712	NA
SA150_1835	cds	0.22295252859377	-1.60190344001155	4.0804728567969	-0.392577893844641	0.694631269519754	NA
SA150_1836	cds	0	NA	NA	NA	NA	NA
SA150_1837	cds	0.241729440627919	-1.60190344001155	4.0804728567969	-0.392577893844641	0.694631269519754	NA
SA150_1838	cds	0.103101939536904	0.321649911630934	4.0804728567969	0.0788266269423059	0.93717052470321	NA
SA150_1839	cds	1.93889861425276	-0.570131943200375	1.21496428874513	-0.4692581901228	0.638885096466582	NA
SA150_1840	cds	0.517852781469766	2.2207307845613	3.57571173068937	0.621059792236988	0.534560283036177	NA
SA150_1841	cds	2.26804147530843	0.413818190797813	1.18507835772464	0.349190573011852	0.726946242964661	NA
SA150_1842	cds	0.477105958182279	0.231557759555344	3.59935882799482	0.0643330578086164	0.948705031639411	NA
SA150_1843	cds	0	NA	NA	NA	NA	NA
SA150_1844	cds	6.74907117518416	0.476204589624486	0.64544156570171	0.737796595276238	0.46063806258598	0.790071801399808
SA150_1845	cds	0.103101939536904	0.321649911630934	4.0804728567969	0.0788266269423059	0.93717052470321	NA
SA150_1846	cds	1.32918406711331	0.13816296367692	1.60531400076817	0.0860660055358681	0.931413946972999	NA
SA150_1847	cds	0.22295252859377	-1.60190344001155	4.0804728567969	-0.392577893844641	0.694631269519754	NA
SA150_1848	cds	0	NA	NA	NA	NA	NA
SA150_1849	cds	0.495505649769701	2.16142335651213	3.39276277040725	0.637068814644146	0.524080020714436	NA
SA150_1850	cds	0.405204919640114	1.85957518852604	3.99209409839203	0.465814467969344	0.64134830814684	NA
SA150_1851	cds	0	NA	NA	NA	NA	NA
SA150_1852	cds	0	NA	NA	NA	NA	NA
SA150_1853	cds	0.682249706845274	-0.488228022586777	2.57419421182478	-0.189662466158947	0.849573634555608	NA
SA150_1854	cds	0.241729440627919	-1.60190344001155	4.0804728567969	-0.392577893844641	0.694631269519754	NA
SA150_1855	cds	1.39291424632488	0.199907001194747	1.68074549856424	0.118939483321845	0.90532330060096	NA
SA150_1856	cds	0	NA	NA	NA	NA	NA
SA150_1857	cds	0	NA	NA	NA	NA	NA
SA150_1858	cds	0.374171024115233	-2.40364212621462	4.04847845625977	-0.593714935668758	0.552702791743908	NA
SA150_1859	cds	0	NA	NA	NA	NA	NA
SA150_1860	cds	0	NA	NA	NA	NA	NA
SA150_1861	cds	0	NA	NA	NA	NA	NA
SA150_1862	cds	0.151218495521463	-1.60190344001155	4.0804728567969	-0.392577893844641	0.694631269519754	NA
SA150_1863	cds	0	NA	NA	NA	NA	NA
SA150_1864	cds	0.28946877616575	-0.640122760582697	4.0804728567969	-0.156874652288505	0.875343637031472	NA
SA150_1865	cds	0.276500561288574	1.30526492173593	4.03134036313062	0.323779389523514	0.746105061147206	NA
SA150_1866	cds	0.151218495521463	-1.60190344001155	4.0804728567969	-0.392577893844641	0.694631269519754	NA
SA150_1867	cds	0	NA	NA	NA	NA	NA
SA150_1868	cds	0.103101939536904	0.321649911630934	4.0804728567969	0.0788266269423059	0.93717052470321	NA
SA150_1869	cds	0.361202809238057	-0.640122760582696	4.0804728567969	-0.156874652288505	0.875343637031472	NA
SA150_1870	cds	0	NA	NA	NA	NA	NA
SA150_1871	cds	0	NA	NA	NA	NA	NA
SA150_1872	cds	0	NA	NA	NA	NA	NA
SA150_1873	cds	0	NA	NA	NA	NA	NA
SA150_1874	cds	0	NA	NA	NA	NA	NA
SA150_1875	cds	0	NA	NA	NA	NA	NA
SA150_1876	cds	0	NA	NA	NA	NA	NA
SA150_1877	cds	0.151051490051605	0.321649911630935	4.0804728567969	0.0788266269423059	0.93717052470321	NA
SA150_1878	cds	0	NA	NA	NA	NA	NA
SA150_1879	cds	0	NA	NA	NA	NA	NA
SA150_1880	cds	0	NA	NA	NA	NA	NA
SA150_1881	cds	0	NA	NA	NA	NA	NA
SA150_1882	cds	0	NA	NA	NA	NA	NA
SA150_1883	cds	0	NA	NA	NA	NA	NA
SA150_1884	cds	0	NA	NA	NA	NA	NA
SA150_1885	cds	0	NA	NA	NA	NA	NA
SA150_1886	cds	0	NA	NA	NA	NA	NA
SA150_1887	cds	0.138250280644287	0.321649911630935	4.0804728567969	0.0788266269423059	0.93717052470321	NA
SA150_1888	cds	0	NA	NA	NA	NA	NA
SA150_1889	cds	0.254320435058367	-0.640122760582697	4.0804728567969	-0.156874652288505	0.875343637031472	NA
SA150_1890	cds	0	NA	NA	NA	NA	NA
SA150_1891	cds	0.151218495521463	-1.60190344001155	4.0804728567969	-0.392577893844641	0.694631269519754	NA
SA150_1892	cds	0.615733459273294	-1.69737980949591	2.95726089544833	-0.573970261503958	0.565987925443253	NA
SA150_1893	cds	0.8982097231887	-0.198659772519846	3.92837369553042	-0.0505704874121	0.95966778035681	NA
SA150_1894	cds	0	NA	NA	NA	NA	NA
SA150_1895	cds	0	NA	NA	NA	NA	NA
SA150_1896	cds	0	NA	NA	NA	NA	NA
SA150_1897	cds	0.241729440627919	-1.60190344001155	4.0804728567969	-0.392577893844641	0.694631269519754	NA
SA150_1898	cds	0.440520266217355	0.398559987405025	3.85587448615569	0.103364357122109	0.917673799479124	NA
SA150_1899	cds	0	NA	NA	NA	NA	NA
SA150_1900	cds	0.477272963652137	-1.44477379889455	3.59985132544324	-0.401342630092275	0.688167881429581	NA
SA150_1901	cds	0	NA	NA	NA	NA	NA
SA150_1902	cds	0.405371925109972	0.23173839359955	4.04117809699178	0.0573442664583515	0.954270958810326	NA
SA150_1903	cds	0	NA	NA	NA	NA	NA
SA150_1904	cds	0	NA	NA	NA	NA	NA
SA150_1905	cds	0.241729440627919	-1.60190344001155	4.0804728567969	-0.392577893844641	0.694631269519754	NA
SA150_1906	cds	0	NA	NA	NA	NA	NA
SA150_1907	cds	0.40553893057983	-1.2351620523854	4.06249812634057	-0.304040030043783	0.761097394263214	NA
SA150_1908	cds	0.151051490051605	0.321649911630935	4.0804728567969	0.0788266269423059	0.93717052470321	NA
SA150_1909	cds	0.241352220181192	1.13137310152433	4.0469751237205	0.279560181848667	0.779814959676233	NA
SA150_1910	cds	0	NA	NA	NA	NA	NA
SA150_1911	cds	0	NA	NA	NA	NA	NA
SA150_1912	cds	12.0718310439564	0.357237433516035	0.488008404272028	0.732031314192084	0.464149455005498	0.790071801399808
SA150_1913	cds	8.61846062348043	0.39895808591653	0.567172842129829	0.703415354688663	0.481796940316422	0.796072530695237
SA150_1914	cds	0.103101939536904	0.321649911630934	4.0804728567969	0.0788266269423059	0.93717052470321	NA
SA150_1915	cds	0.87022089980152	-2.47609154105054	2.19694063002535	-1.12706347509353	0.259715644670538	NA
SA150_1916	cds	2.21161874089855	0.021737638603739	1.11953970670711	0.0194165856498969	0.984508779467386	NA
SA150_1917	cds	0.206203879073809	0.958951957307996	4.06166755077143	0.236098091564846	0.813356554786801	NA
SA150_1918	cds	30.6604967447178	2.13861451422545	0.382328256241029	5.59366062883204	2.22331338019802e-08	1.82629313373408e-06
SA150_1919	cds	3.98710356124412	2.58448715730716	1.06795000859166	2.42004507375341	0.0155185833937853	0.165244175026417
SA150_1920	cds	1.1096347527156	1.97051952933128	2.02539847660955	0.972904617085456	0.330600710052727	NA
SA150_1921	cds	1.73379818637706	0.757577294699732	1.39394866528757	0.543475748831427	0.586802283784413	NA
SA150_1922	cds	2.41694438311605	2.38799265845329	1.33972976224969	1.78244353879498	0.0746769308233751	NA
SA150_1923	cds	0.289301770695892	1.36217917813024	4.02660529886201	0.338294686721645	0.735141127322709	NA
SA150_1924	cds	45.7823048756405	-0.818100383489002	0.273346361148795	-2.99290753332426	0.00276333457782778	0.049653668195343
SA150_1925	cds	1.36593676454809	-0.707293049210468	1.55522982631684	-0.454783619270928	0.649264916070849	NA
SA150_1926	cds	1.4801923476579	0.0772014022695685	1.44644944674495	0.0533730386798518	0.957434686601407	NA
SA150_1927	cds	0.719002404280056	-2.13601737633696	2.47950628611951	-0.861468828812643	0.388979881919744	NA
SA150_1928	cds	0	NA	NA	NA	NA	NA
SA150_1929	cds	0	NA	NA	NA	NA	NA
SA150_1930	cds	0.241729440627919	-1.60190344001155	4.0804728567969	-0.392577893844641	0.694631269519754	NA
SA150_1931	cds	0	NA	NA	NA	NA	NA
SA150_1932	cds	0	NA	NA	NA	NA	NA
SA150_1933	cds	0	NA	NA	NA	NA	NA
SA150_1934	cds	0	NA	NA	NA	NA	NA
SA150_1935	cds	0	NA	NA	NA	NA	NA
SA150_1936	cds	0	NA	NA	NA	NA	NA
SA150_1937	cds	0	NA	NA	NA	NA	NA
SA150_1938	cds	0	NA	NA	NA	NA	NA
SA150_1939	cds	0	NA	NA	NA	NA	NA
SA150_1940	cds	29.9097599606103	-1.17592057972082	0.323619340799528	-3.63365359071437	0.000279435977058305	0.00850337059702675
SA150_1941	cds	8.55159966718779	-1.11124383692632	0.5839895085156	-1.90284897369289	0.0570602547553864	0.331410570548962
SA150_1942	cds	73.2686648497899	-1.25051511563092	0.219470375095307	-5.69787660447505	1.21308797677612e-08	1.16254264441045e-06
SA150_1943	cds	59.3292338219399	-0.9832030988284	0.251316138235233	-3.9122163253524	9.1452933759171e-05	0.00405027271612196
SA150_1944	cds	1.50040661054959	-0.104214336168903	1.50238621151482	-0.0693658763440235	0.9446983902034	NA
SA150_1945	cds	3.32406590743384	0.848512924285687	0.981813703286126	0.864230068744934	0.387461517356716	0.74761869959769
SA150_1946	cds	0.138250280644287	0.321649911630935	4.0804728567969	0.0788266269423059	0.93717052470321	NA
SA150_1947	cds	0.151051490051605	0.321649911630935	4.0804728567969	0.0788266269423059	0.93717052470321	NA
SA150_1948	cds	0	NA	NA	NA	NA	NA
SA150_1949	cds	0.357255369125413	1.69393139597556	4.00232996068906	0.423236317998109	0.672122851550675	NA
SA150_1950	cds	1.79344560638126	-0.106442521384805	1.26166261762559	-0.0843668663062443	0.932764750194992	NA
SA150_1951	cds	0.302269985573068	-0.640122760582697	4.0804728567969	-0.156874652288505	0.875343637031472	NA
SA150_1952	cds	0	NA	NA	NA	NA	NA
SA150_1953	cds	1.02072816393654	0.742023815458391	1.87518624042108	0.395706730064192	0.692321390057438	NA
SA150_1954	cds	0.151051490051605	0.321649911630935	4.0804728567969	0.0788266269423059	0.93717052470321	NA
SA150_1955	cds	0.460357308662318	2.06194941904233	3.97190343894526	0.51913382355284	0.603667423011451	NA
SA150_1956	cds	0.103101939536904	0.321649911630934	4.0804728567969	0.0788266269423059	0.93717052470321	NA
SA150_1957	cds	1.42571950364702	0.301290380339882	1.69616144128826	0.177630721348698	0.859012996063931	NA
SA150_1958	cds	0.888076365472355	1.77922127760041	2.12653838464187	0.836674894020334	0.402775334909405	NA
SA150_1959	cds	0.103101939536904	0.321649911630934	4.0804728567969	0.0788266269423059	0.93717052470321	NA
SA150_1960	cds	0.103101939536904	0.321649911630934	4.0804728567969	0.0788266269423059	0.93717052470321	NA
SA150_1961	cds	0.784807420465593	2.81572512780201	2.35974599589049	1.19323229394418	0.23277841038404	NA
SA150_1962	cds	0.138250280644287	0.321649911630935	4.0804728567969	0.0788266269423059	0.93717052470321	NA
SA150_1963	cds	0.344454159718096	1.64824969422059	4.00535992387194	0.411511006638136	0.680697872181812	NA
SA150_1964	cds	0.206203879073809	0.958951957307996	4.06166755077143	0.236098091564846	0.813356554786801	NA
SA150_1965	cds	0	NA	NA	NA	NA	NA
SA150_1966	cds	0	NA	NA	NA	NA	NA
SA150_1967	cds	0.785351646382179	-0.0108807508098206	2.20732991958603	-0.00492937223079964	0.996066945930625	NA
SA150_1968	cds	2.53606548774906	-0.352779986234684	1.04787994473166	-0.33666069095828	0.736372699267319	NA
SA150_1969	cds	1.95585759002988	-0.702948775539388	1.23664936734266	-0.568430142045761	0.569742928179331	NA
SA150_1970	cds	0.254153429588509	1.19351136930369	4.04117880081232	0.295337432004687	0.76773612448575	NA
SA150_1971	cds	1.98070556795106	0.691597748064574	1.23618275871549	0.559462379804755	0.575846199094492	NA
SA150_1972	cds	1.96348085849112	-1.17735231963769	1.35847288522412	-0.866673403969673	0.386120981761163	NA
SA150_1973	cds	2.34355930797629	1.02348331876655	1.17229989017087	0.873055885569837	0.38263261736665	NA
SA150_1974	cds	3.03445844722059	-0.631343869263068	0.979957440431215	-0.644256416875875	0.519409172366559	0.818725814391988
SA150_1975	cds	0.374171024115233	-2.40364212621462	4.04847845625977	-0.593714935668758	0.552702791743908	NA
SA150_1976	cds	0.392570715702655	0.169600117563319	4.04697439092247	0.0419078801051322	0.966572134502951	NA
SA150_1977	cds	0.598607589306605	2.44044896582364	2.90069979393763	0.841331106005557	0.400162469174415	NA
SA150_1978	cds	0	NA	NA	NA	NA	NA
SA150_1979	cds	0.254153429588509	1.19351136930369	4.04117880081232	0.295337432004687	0.76773612448575	NA
SA150_1980	cds	1.34101725569754	1.12807070324556	1.77537261585862	0.635399404704679	0.52516795624471	NA
SA150_1981	cds	1.81247594289929	-0.12557587500823	1.44582389298905	-0.0868541982306144	0.930787406393805	NA
SA150_1982	cds	5.10392278814951	0.200885042331428	0.741616923371946	0.270874404292251	0.786487631727913	0.920933998178641
SA150_1983	cds	1.94790031062892	0.617672927281732	1.26809742832942	0.487086333812261	0.626197150696153	NA
SA150_1984	cds	2.77148869104348	1.36927204503131	1.0730359264363	1.27607288003753	0.201929757394361	0.601604199490971
SA150_1985	cds	2.42517327428106	0.163329582618146	1.09992829232803	0.148491118700524	0.881955194506769	NA
SA150_1986	cds	1.39329146677161	-0.814425821386775	1.6119672215499	-0.505237209850772	0.613392238358577	NA
SA150_1987	cds	1.26245760456446	0.0895663628624104	1.57278813901679	0.0569475065588945	0.954587010926665	NA
SA150_1988	cds	2.34320704399916	-1.8492975058206	1.16370418097082	-1.58914742772328	0.112027112295082	NA
SA150_1989	cds	0.151218495521463	-1.60190344001155	4.0804728567969	-0.392577893844641	0.694631269519754	NA
SA150_1990	cds	0.138250280644287	0.321649911630935	4.0804728567969	0.0788266269423059	0.93717052470321	NA
SA150_1991	cds	0.840337029934524	1.48746310688996	2.2215030921555	0.669575078307316	0.503128705393888	NA
SA150_1992	cds	0	NA	NA	NA	NA	NA
SA150_1993	cds	0.646934360268033	0.889142628907871	2.81782699165648	0.315541951844666	0.752350203706209	NA
SA150_1994	cds	0.103101939536904	0.321649911630934	4.0804728567969	0.0788266269423059	0.93717052470321	NA
SA150_1995	cds	0.374004018645375	-0.640122760582696	4.0804728567969	-0.156874652288505	0.875343637031472	NA
SA150_1996	cds	0	NA	NA	NA	NA	NA
SA150_1997	cds	0	NA	NA	NA	NA	NA
SA150_1998	cds	1.42016770720698	2.49002944287492	1.709666339104	1.45644175469928	0.145270539949874	NA
SA150_1999	cds	0	NA	NA	NA	NA	NA
SA150_2000	cds	0	NA	NA	NA	NA	NA
SA150_2001	cds	0.392947936149382	-2.46197674549938	4.04298124473817	-0.608950820314483	0.542557037316139	NA
SA150_2002	cds	0.718625183833329	-0.105939109944571	2.44421049478465	-0.0433428749981311	0.965428214010857	NA
SA150_2003	cds	3.87635651269522	-1.01542392137916	0.838970850691468	-1.21032085982757	0.226155796354819	0.612426251618483
SA150_2004	cds	0	NA	NA	NA	NA	NA
SA150_2005	cds	10.3665349345787	-0.47280732449917	0.510954870204661	-0.925340675018499	0.354788727197897	0.729212558115795
SA150_2006	cds	38.5415847545165	-0.454027441236598	0.293514264507068	-1.54686669828159	0.121895392752067	0.485828040113806
SA150_2007	cds	9.49636072051723	0.086370691397912	0.539110053183304	0.160209758448977	0.872715842557813	0.969025341959135
SA150_2008	cds	26.0498421255697	-0.761785408781102	0.357823169267198	-2.1289437750529	0.0332589124548076	0.224986760723698
SA150_2009	cds	2.30734747150533	-0.304137982296434	1.12135177413297	-0.271224417985689	0.786218433765469	NA
SA150_2010	cds	5.62043021706917	0.668485135718172	0.731418221497875	0.913957454258083	0.360739202038636	0.729212558115795
SA150_2011	cds	4.58946974464275	-0.626393589161822	0.793236998690063	-0.789667640561695	0.429721894232113	0.771287839147726
SA150_2012	cds	11.3168125453805	-0.822156164898067	0.512807640768802	-1.60324476379776	0.108880626136987	0.467211642005727
SA150_2013	cds	3.60743937531363	-1.12137335788952	0.886106126415693	-1.26550683316623	0.20568970045057	0.603444080083204
SA150_2014	cds	8.84969549816869	-0.389896758472131	0.569812720554903	-0.684254219688947	0.493814649975521	0.80437230520092
SA150_2015	cds	6.01772178088601	-0.568028133577866	0.682915017013687	-0.831769868031004	0.405538854948388	0.757093641543257
SA150_2016	cds	16.1708759174576	-0.361410423987836	0.421322790123192	-0.857799370127027	0.391003257634461	0.749422910466051
SA150_2017	cds	6.97914001199112	0.042343408613226	0.62195210683191	0.0680814618169142	0.945720787439395	0.990509021452918
SA150_2018	cds	0	NA	NA	NA	NA	NA
SA150_2019	cds	0.40553893057983	-1.2351620523854	4.06249812634057	-0.304040030043783	0.761097394263214	NA
SA150_2020	cds	0.62095472100667	2.4880391168574	3.04452122751957	0.817218515137255	0.413803563419683	NA
SA150_2021	cds	0.991011299539401	3.16427514113853	2.04219853340916	1.54944540864801	0.121274685134185	NA
SA150_2022	cds	0.659525354698481	1.23159839297182	2.74433207257726	0.448778923395811	0.653591144379466	NA
SA150_2023	cds	5.83438441423954	0.445888227072424	0.682135704570401	0.653664987897442	0.513327664921149	0.818725814391988
SA150_2024	cds	1.69666826849555	2.78231575212046	1.60132715946345	1.73750612776262	0.0822978733515449	NA
SA150_2025	cds	7.710013235069	0.0885179967884762	0.613927147343666	0.14418322625327	0.88535578605005	0.977120109364258
SA150_2026	cds	3.2664501148966	2.89362735260594	1.25101833915684	2.31301753302527	0.0207216751857627	0.194504771607854
SA150_2027	cds	2.82296177548404	0.00225294488787438	1.03538404477731	0.00217595094229884	0.998263843708123	0.999238502240488
SA150_2028	cds	46.1183087812322	-0.628969010128716	0.286348528053123	-2.196515604271	0.0280550595238167	0.205887134394244
SA150_2029	cds	0.405371925109972	0.23173839359955	4.04117809699178	0.0573442664583515	0.954270958810326	NA
SA150_2030	cds	1.92163406023857	-1.88638886695101	1.39688473661758	-1.35042557020039	0.176879513355385	NA
SA150_2031	cds	2.61424780715513	0.151222681630564	1.09762100212149	0.137773130559893	0.890419720525746	NA
SA150_2032	cds	0.302269985573068	-0.640122760582697	4.0804728567969	-0.156874652288505	0.875343637031472	NA
SA150_2033	cds	1.31562841681253	2.42427579311675	1.75147512080386	1.38413373066019	0.166317510304742	NA
SA150_2034	cds	0.344831380164824	-0.640122760582697	4.0804728567969	-0.156874652288505	0.875343637031472	NA
SA150_2035	cds	0.447556099255	2.02566133756673	3.98291942667312	0.508587074094726	0.611041691137883	NA
SA150_2036	cds	0.604706976615994	-1.77882134183655	3.19468275445266	-0.556806881483701	0.577659381689027	NA
SA150_2037	cds	2.25117827285961	-0.0623749440384293	1.20267524787689	-0.0518634969402931	0.958637460333163	NA
SA150_2038	cds	3.00452789161354	-0.900639544503609	1.00667157368071	-0.894670683121194	0.370963154861021	0.741236588805086
SA150_2039	cds	12.7136253317373	-1.00673456161749	0.469054726518419	-2.14630512113164	0.0318486432950854	0.220408981450041
SA150_2040	cds	15.2090305264932	-0.828762468413917	0.427765753784985	-1.93742126638424	0.0526938691246148	0.31561432027764
SA150_2041	cds	3.2036959376497	-0.990363206251229	0.958012900281924	-1.03376813189028	0.301244573113981	0.687363609287854
SA150_2042	cds	8.52393773602529	0.975752016403383	0.608414894057223	1.60376089726628	0.108766766846393	0.467211642005727
SA150_2043	cds	0.508306859177018	2.19378735869357	3.61430472999101	0.606973546112428	0.543868468132188	NA
SA150_2044	cds	0.724433880990302	1.17394008660775	2.57536671564679	0.455834145667648	0.648509248038258	NA
SA150_2045	cds	0.241729440627919	-1.60190344001155	4.0804728567969	-0.392577893844641	0.694631269519754	NA
SA150_2046	cds	0.357422374595272	-0.00282260137309728	4.06166714053036	-0.00069493665419582	0.999445520817511	NA
SA150_2047	cds	1.44318274950619	-1.50332140539038	1.53392647825069	-0.980047888021848	0.327062480773511	NA
SA150_2048	cds	0.762460288765527	2.77853991871842	2.60561351859353	1.06636686480589	0.286257834237408	NA
SA150_2049	cds	2.93948991383822	3.67743237556147	1.4273362347684	2.57643033644288	0.00998263188641308	0.124606787088855
SA150_2050	cds	2.06705874668771	0.759399902104236	1.30440865213718	0.582179442661632	0.56044581878478	NA
SA150_2051	cds	0	NA	NA	NA	NA	NA
SA150_2052	cds	0.241729440627919	-1.60190344001155	4.0804728567969	-0.392577893844641	0.694631269519754	NA
SA150_2053	cds	1.62639990770315	-1.30503831989665	1.46324644397734	-0.891878688834771	0.372457958552105	NA
SA150_2054	cds	0.650504579933949	0.958284007801142	2.80666091159655	0.341432056805191	0.732778345590908	NA
SA150_2055	cds	31.1443686115003	-0.527062314411023	0.311049215694775	-1.69446598099838	0.0901767708088243	0.417532656984412
SA150_2056	cds	1.12794454905594	-0.999625706694951	1.80692219009493	-0.553220117708795	0.580112692894588	NA
SA150_2057	cds	0.483458881255838	-2.73242124498841	4.02010938683921	-0.679688282595904	0.496701856862696	NA
SA150_2058	cds	0.241729440627919	-1.60190344001155	4.0804728567969	-0.392577893844641	0.694631269519754	NA
SA150_2059	cds	0.737402095867478	-0.14594446945576	2.40437969210775	-0.0606994269394369	0.951598588077305	NA
SA150_2060	cds	1.10037963185555	-0.416613899742455	1.82471431288535	-0.228317329896799	0.819399553017391	NA
SA150_2061	cds	4.31056717662631	-0.035339388649529	0.792906172867822	-0.0445694457412429	0.964450497214659	0.993833397667436
SA150_2062	cds	3.76049320830525	-1.68201376381334	0.955885473519823	-1.75963942376875	0.0784689626585656	0.395962652297281
SA150_2063	cds	1.57588123371043	0.464272867198844	1.48568502365007	0.312497507754508	0.754662456821104	NA
SA150_2064	cds	1.81883781021902	0.147645846867902	1.28011911856002	0.115337584391354	0.908177549092936	NA
SA150_2065	cds	3.48456207843677	1.87795980987231	1.0201467521998	1.84087221355434	0.065640287200032	0.364519816333168
SA150_2066	cds	0.91796023533935	-1.51689004074094	2.10562361003076	-0.720399426333741	0.471279103123851	NA
SA150_2067	cds	0.621331941453398	0.81530300502154	2.89736656724777	0.281394496035757	0.778407839171556	NA
SA150_2068	cds	0.556423415161577	0.892653946622031	3.14577839848217	0.283762501215195	0.77659239341637	NA
SA150_2069	cds	1.68096475002146	-0.841314396397594	1.36136648410193	-0.617992587758319	0.536580224654671	NA
SA150_2070	cds	3.65786732870832	-0.292299723448901	0.876493862809207	-0.333487473046378	0.738766343867843	0.911284037902589
SA150_2071	cds	0.910209805962501	-1.40049546778061	2.26952050299637	-0.617088704830638	0.537176218445305	NA
SA150_2072	cds	1.28123451659861	0.0683383406202808	1.61003543848499	0.0424452400157016	0.966143764506952	NA
SA150_2073	cds	0.633755930413988	2.51398187518136	2.76308210508309	0.909846967832237	0.362903220908431	NA
SA150_2074	cds	0	NA	NA	NA	NA	NA
SA150_2075	cds	0.405371925109972	0.23173839359955	4.04117809699178	0.0573442664583515	0.954270958810326	NA
SA150_2076	cds	0.97586700634684	3.14559643178301	3.65078315240229	0.861622369905248	0.38889535699378	NA
SA150_2077	cds	0.495672655239559	0.69197800296333	3.44852217071679	0.200659287865184	0.840964995745997	NA
SA150_2078	cds	0.647101365737891	-0.628100315856888	2.66504189235084	-0.235681216741715	0.813680046231797	NA
SA150_2079	cds	0.151218495521463	-1.60190344001155	4.0804728567969	-0.392577893844641	0.694631269519754	NA
SA150_2080	cds	1.46920570955485	-1.05067566560196	1.48486278256855	-0.707591083793259	0.479199231414057	NA
SA150_2081	cds	10.84199740595	-1.32630683074605	0.516177980200736	-2.56947580412141	0.0101852504229151	0.124606787088855
SA150_2082	cds	2.0553269107252	-0.563484893267247	1.26765456336388	-0.444509813282231	0.65667403553878	NA
SA150_2083	cds	6.5115877346826	-2.05675049197765	0.742278593180272	-2.77086057832485	0.005590836008161	0.0892980751303493
SA150_2084	cds	0.241729440627919	-1.60190344001155	4.0804728567969	-0.392577893844641	0.694631269519754	NA
SA150_2085	cds	2.3660735564265	1.21642261569923	1.24326902488367	0.978406596925428	0.327873266744337	NA
SA150_2086	cds	8.41762245698843	0.382321213591496	0.60688392848611	0.629974193821885	0.528711468472348	0.821531326561068
SA150_2087	cds	2.39887533751559	-0.0843756657842401	1.14954289122445	-0.0733993193541182	0.941488359212886	NA
SA150_2088	cds	0.483081660809111	0.172904343583096	3.56499026518454	0.048500649573063	0.961317246768225	NA
SA150_2089	cds	0.911177938065876	-1.20416246864671	2.24037943741079	-0.537481485742595	0.59093507029618	NA
SA150_2090	cds	0.634300156330574	-0.676479762324671	2.70108354986146	-0.250447551820219	0.802241259968652	NA
SA150_2091	cds	0.748175042760608	-2.10492159942868	2.55918791350246	-0.822495912989805	0.410794711793351	NA
SA150_2092	cds	0.374004018645375	-0.640122760582696	4.0804728567969	-0.156874652288505	0.875343637031472	NA
SA150_2093	cds	0.586560820792743	-1.75458903750126	3.29496037836151	-0.532506869892551	0.594374985007207	NA
SA150_2094	cds	1.17232387990473	-0.973432919005453	1.71035601543035	-0.56914052409172	0.569260779189515	NA
SA150_2095	cds	0.151218495521463	-1.60190344001155	4.0804728567969	-0.392577893844641	0.694631269519754	NA
SA150_2096	cds	1.09246219700885	0.601873193321604	1.87564528430825	0.320888602102385	0.748294811760161	NA
SA150_2097	cds	0.44590505718754	-2.62972358875155	4.02831238866145	-0.652810242858391	0.513878619385197	NA
SA150_2098	cds	0.888453585919083	0.347936094467907	2.03241234636646	0.17119365324165	0.864071497807858	NA
SA150_2099	cds	0	NA	NA	NA	NA	NA
SA150_2100	cds	0	NA	NA	NA	NA	NA
SA150_2101	cds	0	NA	NA	NA	NA	NA
SA150_2102	cds	0.254153429588509	1.19351136930369	4.04117880081232	0.295337432004687	0.76773612448575	NA
SA150_2103	cds	0.477105958182279	0.231557759555344	3.59935882799482	0.0643330578086164	0.948705031639411	NA
SA150_2104	cds	0.103101939536904	0.321649911630934	4.0804728567969	0.0788266269423059	0.93717052470321	NA
SA150_2105	cds	0	NA	NA	NA	NA	NA
SA150_2106	cds	0.563459248199222	2.35869890964585	3.31740643843157	0.711006912605203	0.477079952210749	NA
SA150_2107	cds	1.61756439144589	3.84722823098957	1.6435540260818	2.34079815444904	0.0192425671267185	NA
SA150_2108	cds	0	NA	NA	NA	NA	NA
SA150_2109	cds	4.22866588512189	2.05722488720629	0.958424592113685	2.14646504705116	0.0318358945238716	0.220408981450041
SA150_2110	cds	3.88492295679023	0.8269055209269	0.874721411583684	0.945335863483422	0.344487434506067	0.7272681097131
SA150_2111	cds	1.09283941745557	-0.727515375555583	1.88386473061857	-0.386182385460712	0.699361598178032	NA
SA150_2112	cds	0.682416712315132	-1.99456054144767	2.71304468428338	-0.735174231741235	0.462233390267022	NA
SA150_2113	cds	0.821560117900375	1.48693873946608	2.24697444862179	0.66175151229606	0.508130485538629	NA
SA150_2114	cds	0.392780930679524	-0.640122760582697	4.0804728567969	-0.156874652288505	0.875343637031472	NA
SA150_2115	cds	4.69342832951912	0.578934882970576	0.780971009346578	0.741301374880686	0.458510728265994	0.790071801399808
SA150_2116	cds	11.452617974335	-0.172339680429666	0.49096146926438	-0.351024858809973	0.725569698960985	0.911284037902589
SA150_2117	cds	7.32225795091281	-0.359755641494483	0.608575162305079	-0.591144140900936	0.554423846251876	0.828035614532023
SA150_2118	cds	5.78478382165738	-0.00321925754893326	0.679288780401331	-0.00473915901721694	0.996218712343364	0.999238502240488
SA150_2119	cds	1.00830417497595	-0.642182682888068	1.8146446862712	-0.353888939111076	0.723422116651884	NA
SA150_2120	cds	4.15734297321208	0.105479770222252	0.814733704380023	0.12946533285071	0.89698945443071	0.978068481284673
SA150_2121	cds	15.0534740852983	0.329829847044478	0.479745631647972	0.687509849566489	0.491761496075972	0.803303580237738
SA150_2122	cds	27.4090110973342	0.353289933781468	0.373245505486919	0.946534997978294	0.343875780335042	0.7272681097131
SA150_2123	cds	37.7337392743024	2.07918690887102	0.615261441669147	3.37935512947208	0.000726560883896145	0.0167109003296113
SA150_2124	cds	2.73777758951335	0.702969815057054	1.12365711516965	0.625608831703897	0.531571544535049	0.821531326561068
SA150_2125	cds	11.9229655788549	0.665737973885127	0.489202488783966	1.36086383276582	0.173556724921797	0.575257940471742
SA150_2126	cds	10.9769294632709	0.897401145163579	0.532990249520355	1.68371024792885	0.0922376798575813	0.417611542662278
SA150_2127	cds	6.48098128733481	0.276213474207393	0.684798036962934	0.403350271610582	0.686690564093142	0.90354021591203
SA150_2128	cds	6.94582210384722	-0.407370906364304	0.684977709595297	-0.594721405759305	0.552029710843406	0.828035614532023
SA150_2129	cds	1.98705849102462	-0.000353130356675714	1.19639600935984	-0.000295161764092364	0.999764494988911	NA
SA150_2130	cds	9.43494519238825	0.52071354721365	0.570489711474738	0.912748357665531	0.361374904492384	0.729212558115795
SA150_2131	cds	7.64786145332673	0.71487634193731	0.626520221490977	1.14102676564224	0.253858784892503	0.631899572784369
SA150_2132	cds	9.68324671531278	0.42858188989845	0.54556867215813	0.785569098392489	0.432119974132516	0.771287839147726
SA150_2133	cds	3.71962954152101	0.303349241450752	0.871155105247549	0.348214961518881	0.727678752420098	0.911284037902589
SA150_2134	cds	2.779569655127	-0.625595890480569	0.984614274789013	-0.635371542439423	0.525186123568257	0.821531326561068
SA150_2135	cds	9.14170575117685	-0.295272861528383	0.548610723002941	-0.538219267593135	0.590425679597596	0.843396634619093
SA150_2136	cds	8.97598550130952	0.663840984161593	0.578435860101712	1.14764839103313	0.251113744380467	0.629488195399128
SA150_2137	cds	7.82808232818642	0.718629043100031	0.611044574124626	1.17606648275951	0.239568310270096	0.618817053799299
SA150_2138	cds	5.90386514749339	0.966969240600599	0.731929610041699	1.32112327105541	0.186460264866868	0.585189373582793
SA150_2139	cds	20.2308816134318	0.220557775864093	0.383165307510094	0.575620421632987	0.564871774554119	0.830693786108998
SA150_2140	cds	1.35275833469404	0.308013225553289	1.5112219720351	0.203817328792872	0.838496250663231	NA
SA150_2141	cds	5.30538135414963	0.423177509255118	0.732432807604277	0.577769735136926	0.563419590884209	0.830682730149795
SA150_2142	cds	7.30542882621731	0.276662504028769	0.616824573203859	0.448527046501653	0.653772871158985	0.885001727160297
SA150_2143	cds	5.40642217836811	-0.000752221714514931	0.788165157020682	-0.000954396052419242	0.999238502240488	0.999238502240488
SA150_2144	cds	0.851276982297512	-1.23319216626192	2.21550234777577	-0.556619661224898	0.577787317618983	NA
SA150_2145	cds	2.36910362919926	-1.89160360809124	1.20508367429348	-1.56968652753532	0.116488057043666	NA
SA150_2146	cds	1.77782861820148	-1.92171586521616	1.45413857627852	-1.32154933275636	0.186318264730872	NA
SA150_2147	cds	0.676106998748584	1.03190136021173	2.94933088338402	0.349876429947303	0.726431436592853	NA
SA150_2148	cds	0.923224706579738	1.83392807422002	2.0889953420242	0.877899551677782	0.379998232531803	NA
SA150_2149	cds	0.289301770695892	1.36217917813024	4.02660529886201	0.338294686721645	0.735141127322709	NA
SA150_2150	cds	0.453321475624673	0.455699964008547	4.02217408778324	0.113296927000914	0.909795153453202	NA
SA150_2151	cds	0	NA	NA	NA	NA	NA
SA150_2152	cds	0.477105958182279	0.231557759555344	3.59935882799482	0.0643330578086164	0.948705031639411	NA
SA150_2153	cds	0	NA	NA	NA	NA	NA
SA150_2154	cds	0	NA	NA	NA	NA	NA
SA150_2155	cds	3.96708114901159	-0.272458818199867	0.82306482806774	-0.331029596829575	0.740622129646963	0.911284037902589
SA150_2156	cds	4.2260318228664	-0.367375624557161	0.803402381961034	-0.457274751489321	0.64747357516843	0.884316640669472
SA150_2157	cds	0	NA	NA	NA	NA	NA
SA150_2158	cds	0	NA	NA	NA	NA	NA
SA150_2159	cds	0	NA	NA	NA	NA	NA
SA150_2160	cds	0.22295252859377	-1.60190344001155	4.0804728567969	-0.392577893844641	0.694631269519754	NA
SA150_2161	cds	0.682249706845274	-0.488228022586777	2.57419421182478	-0.189662466158947	0.849573634555608	NA
SA150_2162	cds	2.46848910976627	-1.09563327852464	1.08808377899965	-1.00693834396827	0.313964404155631	NA
SA150_2163	cds	1.50414383568537	-0.637181117283755	1.43829793934615	-0.443010519484868	0.657758125863562	NA
SA150_2164	cds	0.103101939536904	0.321649911630934	4.0804728567969	0.0788266269423059	0.93717052470321	NA
SA150_2165	cds	1.07448641160821	1.91755169907754	1.95489386403825	0.980898111325817	0.326642988956084	NA
SA150_2166	cds	0.766574734348029	0.0263058557095051	2.2381749762121	0.0117532614693178	0.990622470035727	NA
SA150_2167	cds	1.77445500313719	-1.92839807632257	1.46836177286571	-1.31329901932753	0.189082208868003	NA
SA150_2168	cds	0.742623246320565	1.41891223051742	2.56384004917871	0.553432430768037	0.579967336947306	NA
SA150_2169	cds	1.37548268684084	-0.685263083059634	1.56685604899807	-0.437349100128138	0.661858191853421	NA
SA150_2170	cds	0.405371925109972	0.23173839359955	4.04117809699178	0.0573442664583515	0.954270958810326	NA
SA150_2171	cds	1.62004698462959	-0.382349543060799	1.34553629152445	-0.284161449579045	0.776286656973159	NA
SA150_2172	cds	1.73952035323973	-0.128638658476626	1.31056222481059	-0.0981553229914116	0.921808958175556	NA
SA150_2173	cds	1.64888561217042	0.805030460840121	1.42362648962035	0.56547870295305	0.571748206013687	NA
SA150_2174	cds	0.840126814957655	1.69755461327409	2.32895451038697	0.728891271041627	0.466068174719006	NA
SA150_2175	cds	0.30210298010321	1.41747296522065	4.02217469169097	0.352414570194793	0.724527376575212	NA
SA150_2176	cds	0.151051490051605	0.321649911630935	4.0804728567969	0.0788266269423059	0.93717052470321	NA
SA150_2177	cds	0.254153429588509	1.19351136930369	4.04117880081232	0.295337432004687	0.76773612448575	NA
SA150_2178	cds	0.924662057437279	1.72381901506734	2.1069003173715	0.818177775594965	0.413255683500578	NA
SA150_2179	cds	2.45625049059324	2.28370068393794	1.32988738673981	1.71721358267513	0.0859401547030507	NA
SA150_2180	cds	0	NA	NA	NA	NA	NA
SA150_2181	cds	0.241352220181192	1.13137310152433	4.0469751237205	0.279560181848667	0.779814959676233	NA
SA150_2182	cds	0	NA	NA	NA	NA	NA
SA150_2183	cds	1.72227068731019	2.79934568057719	1.59693558042859	1.75294840623809	0.0796108635676027	NA
SA150_2184	cds	0	NA	NA	NA	NA	NA
SA150_2185	cds	0.103101939536904	0.321649911630934	4.0804728567969	0.0788266269423059	0.93717052470321	NA
SA150_2186	cds	0.357422374595272	-0.00282260137309728	4.06166714053036	-0.00069493665419582	0.999445520817511	NA
SA150_2187	cds	0.495882870216428	0.231507035555429	3.48829326550402	0.0663668498990091	0.947085761943189	NA
SA150_2188	cds	4.88773325588027	0.048905681782303	0.790539926464668	0.0618636455226386	0.950671418690494	0.99115840808921
SA150_2189	cds	2.11191665060494	-0.542329477797542	1.2242979836247	-0.442971796941053	0.657786134419204	NA
SA150_2190	cds	0.602932249865976	-1.69888996277522	3.0012996563456	-0.566051430147365	0.57135881925597	NA
SA150_2191	cds	0.151218495521463	-1.60190344001155	4.0804728567969	-0.392577893844641	0.694631269519754	NA
SA150_2192	cds	0.784974425935451	1.55286546153158	2.28847378774696	0.67855942674371	0.497417058055991	NA
SA150_2193	cds	0.22295252859377	-1.60190344001155	4.0804728567969	-0.392577893844641	0.694631269519754	NA
SA150_2194	cds	0.604539971146135	-0.172072231689726	3.20811614071686	-0.0536365343840937	0.957224748164838	NA
SA150_2195	cds	0.241352220181192	1.13137310152433	4.0469751237205	0.279560181848667	0.779814959676233	NA
SA150_2196	cds	0	NA	NA	NA	NA	NA
SA150_2197	cds	10.513048072861	-0.444704154727343	0.508235240277774	-0.874996693429389	0.381575704845748	0.741236588805086
SA150_2198	cds	0.567406688311866	0.697230359495809	3.09403582245014	0.22534656982209	0.821709673705943	NA
SA150_2199	cds	0.936025915987056	1.85162593541045	2.05737792802211	0.899993098103535	0.368123923690618	NA
SA150_2200	cds	0	NA	NA	NA	NA	NA
SA150_2201	cds	3.25498136173481	-1.51068770133232	0.963800142600884	-1.56742838536589	0.117014593417776	0.482377050647491
SA150_2202	cds	19.1473093770012	-0.561643191592685	0.387873409441749	-1.44800643179185	0.147615251818338	0.527384698556973
SA150_2203	cds	2.67214305503072	0.185739677798715	1.0274307768793	0.180780722145464	0.856539695281653	NA
SA150_2204	cds	0.22295252859377	-1.60190344001155	4.0804728567969	-0.392577893844641	0.694631269519754	NA
SA150_2205	cds	0.74965907935821	2.75821307560473	2.4475662630159	1.12692069558356	0.259776012396235	NA
SA150_2206	cds	0.30210298010321	1.41747296522065	4.02217469169097	0.352414570194793	0.724527376575212	NA
SA150_2207	cds	0.22295252859377	-1.60190344001155	4.0804728567969	-0.392577893844641	0.694631269519754	NA
SA150_2208	cds	0	NA	NA	NA	NA	NA
SA150_2209	cds	2.77047177013968	1.18210823611275	1.11029918475181	1.06467540672562	0.287022842950514	0.676385797936663
SA150_2210	cds	5.17619516905718	0.807753309549303	0.776195230861387	1.04065739833636	0.29803458173933	0.683295451930287
SA150_2211	cds	0.687634497815459	-3.2403090011285	2.862199195587	-1.13210464391314	0.257590442727936	NA
SA150_2212	cds	0.151051490051605	0.321649911630935	4.0804728567969	0.0788266269423059	0.93717052470321	NA
SA150_2213	cds	0.103101939536904	0.321649911630934	4.0804728567969	0.0788266269423059	0.93717052470321	NA
SA150_2214	cds	0.628324453703742	-0.582916680141486	2.71760387383433	-0.214496559176241	0.83015984990738	NA
SA150_2215	cds	0	NA	NA	NA	NA	NA
SA150_2216	cds	0.206203879073809	0.958951957307996	4.06166755077143	0.236098091564846	0.813356554786801	NA
SA150_2217	cds	0.894008747311886	-0.218644316896959	2.22827473490708	-0.0981226926248288	0.921834868366394	NA
SA150_2218	cds	0	NA	NA	NA	NA	NA
SA150_2219	cds	2.61643155200728	-1.34720134756332	1.11981395292333	-1.20305819019882	0.228953803202435	NA
SA150_2220	cds	2.40731780861022	-1.42734168071948	1.13120747582874	-1.26178593336628	0.207025825167041	NA
SA150_2221	cds	2.64400799233957	0.0490956750370013	1.1212232274599	0.0437876007512137	0.965073710772428	NA
SA150_2222	cds	0.151218495521463	-1.60190344001155	4.0804728567969	-0.392577893844641	0.694631269519754	NA
SA150_2223	cds	1.41346588510905	0.0382328619325815	1.48600080305463	0.0257286953371693	0.979473735859872	NA
SA150_2224	cds	0.151051490051605	0.321649911630935	4.0804728567969	0.0788266269423059	0.93717052470321	NA
SA150_2225	cds	1.60745599019914	-0.695818696600576	1.35539756640492	-0.513368707342582	0.607693430786632	NA
SA150_2226	cds	4.9144208728556	-0.982668981707598	0.752562514003557	-1.30576392448768	0.191632851701999	0.589245399618447
SA150_2227	cds	0.241729440627919	-1.60190344001155	4.0804728567969	-0.392577893844641	0.694631269519754	NA
SA150_2228	cds	1.19467101160479	-0.92108426225412	1.69557150540988	-0.543229382727483	0.586971878454627	NA
SA150_2229	cds	0	NA	NA	NA	NA	NA
SA150_2230	cds	1.22730926345707	0.0328644218593374	1.65423000282953	0.0198668998888445	0.984149549993356	NA
SA150_2231	cds	0.508640870116735	-0.597432891465362	3.69612144131561	-0.16163778732679	0.871591098595704	NA
SA150_2232	cds	0	NA	NA	NA	NA	NA
SA150_2233	cds	0	NA	NA	NA	NA	NA
SA150_2234	cds	0.103101939536904	0.321649911630934	4.0804728567969	0.0788266269423059	0.93717052470321	NA
SA150_2235	cds	0	NA	NA	NA	NA	NA
SA150_2236	cds	1.92816887686664	0.324601819220139	1.29953972097539	0.249782145155598	0.802755828265634	NA
SA150_2237	cds	0.254320435058367	-0.640122760582697	4.0804728567969	-0.156874652288505	0.875343637031472	NA
SA150_2238	cds	0.676441009688301	-1.95895120154326	2.7285883674034	-0.717935774023495	0.472796888729946	NA
SA150_2239	cds	0.103101939536904	0.321649911630934	4.0804728567969	0.0788266269423059	0.93717052470321	NA
SA150_2240	cds	0.241352220181192	1.13137310152433	4.0469751237205	0.279560181848667	0.779814959676233	NA
SA150_2241	cds	2.17123353590247	1.15161820918445	1.30577811515	0.881940197820024	0.37780914760212	NA
SA150_2242	cds	0.241729440627919	-1.60190344001155	4.0804728567969	-0.392577893844641	0.694631269519754	NA
SA150_2243	cds	0.22295252859377	-1.60190344001155	4.0804728567969	-0.392577893844641	0.694631269519754	NA
SA150_2244	cds	0.75559146119774	0.396798423516401	2.71535996788407	0.146131057469188	0.883817929261539	NA
SA150_2245	cds	0.392403710232796	1.8179200861932	3.99456142094427	0.455098794240963	0.64903816544744	NA
SA150_2246	cds	0.460524314132176	0.549695836688243	4.01500935495015	0.136910225628869	0.891101756068951	NA
SA150_2247	cds	0.72481110143703	-0.903914065880257	2.6286563245339	-0.343869245075442	0.730944621867015	NA
SA150_2248	cds	0.151218495521463	-1.60190344001155	4.0804728567969	-0.392577893844641	0.694631269519754	NA
SA150_2249	cds	0	NA	NA	NA	NA	NA
SA150_2250	cds	0.512254299289662	0.391945767756543	3.39458317436425	0.11546211938965	0.908078843967846	NA
SA150_2251	cds	0.374171024115233	-2.40364212621462	4.04847845625977	-0.593714935668758	0.552702791743908	NA
SA150_2252	cds	0.460357308662318	2.06194941904233	3.97190343894526	0.51913382355284	0.603667423011451	NA
SA150_2253	cds	0.103101939536904	0.321649911630934	4.0804728567969	0.0788266269423059	0.93717052470321	NA
SA150_2254	cds	0	NA	NA	NA	NA	NA
SA150_2255	cds	0	NA	NA	NA	NA	NA
SA150_2256	cds	0	NA	NA	NA	NA	NA
SA150_2257	cds	0	NA	NA	NA	NA	NA
SA150_2258	cds	0.567783908758594	-1.70305459031219	3.13577945181551	-0.543104072362674	0.587058148908864	NA
SA150_2259	cds	0.103101939536904	0.321649911630934	4.0804728567969	0.0788266269423059	0.93717052470321	NA
SA150_2260	cds	0.464304748774962	0.171968025059749	3.68386869608135	0.0466813665868919	0.962767181463326	NA
SA150_2261	cds	4.9522087442316	0.575622849446444	0.800681818445843	0.718915849199314	0.472192770403574	0.790071801399808
SA150_2262	cds	18.3132632705627	0.0484723232130714	0.391098814230562	0.123938814052491	0.90136372068618	0.978068481284673
SA150_2263	cds	0.530653990877084	2.25127708879873	3.20711223571801	0.70196392372115	0.482701662087644	NA
SA150_2264	cds	6.37890203550265	-0.837803493089109	0.699467681371001	-1.19777298566098	0.231005406715539	0.61440786050751
SA150_2265	cds	0.103101939536904	0.321649911630934	4.0804728567969	0.0788266269423059	0.93717052470321	NA
SA150_2266	cds	0.477105958182279	0.231557759555344	3.59935882799482	0.0643330578086164	0.948705031639411	NA
SA150_2267	cds	0.28946877616575	-0.640122760582697	4.0804728567969	-0.156874652288505	0.875343637031472	NA
SA150_2268	cds	0.949538356780817	-1.5050145881975	2.06756869928797	-0.727915154024047	0.466665526079013	NA
SA150_2269	cds	0	NA	NA	NA	NA	NA
SA150_2270	cds	0.820122767042834	1.61737338447738	2.25629580469249	0.716826836762132	0.473480950395113	NA
SA150_2271	cds	0.103101939536904	0.321649911630934	4.0804728567969	0.0788266269423059	0.93717052470321	NA
SA150_2272	cds	0.22295252859377	-1.60190344001155	4.0804728567969	-0.392577893844641	0.694631269519754	NA
SA150_2273	cds	0.477105958182279	0.231557759555344	3.59935882799482	0.0643330578086164	0.948705031639411	NA
SA150_2274	cds	2.4306047509913	1.11536346533336	1.1569828353172	0.96402766859334	0.335032054248818	NA
SA150_2275	cds	0.495505649769701	2.16142335651213	3.39276277040725	0.637068814644146	0.524080020714436	NA
SA150_2276	cds	0.357422374595272	-0.00282260137309728	4.06166714053036	-0.00069493665419582	0.999445520817511	NA
SA150_2277	cds	1.32871695141951	-2.29300659638039	1.80509154936574	-1.27029933589025	0.203978024673451	NA
SA150_2278	cds	1.64227032036681	0.512674110411795	1.41639213817593	0.361957749265701	0.7173836038738	NA
SA150_2279	cds	2.83817183280503	0.609032410944571	1.0177925791377	0.598385588014955	0.549582679881153	0.828035614532023
SA150_2280	cds	0.302269985573068	-0.640122760582697	4.0804728567969	-0.156874652288505	0.875343637031472	NA
SA150_2281	cds	1.48935757327087	-1.35107035055216	1.53392228795645	-0.880794523399296	0.378429044505474	NA
SA150_2282	cds	0.87022089980152	-2.47609154105054	2.19694063002535	-1.12706347509353	0.259715644670538	NA
SA150_2283	cds	0.405371925109972	0.23173839359955	4.04117809699178	0.0573442664583515	0.954270958810326	NA
SA150_2284	cds	0	NA	NA	NA	NA	NA
SA150_2285	cds	0	NA	NA	NA	NA	NA
SA150_2286	cds	0	NA	NA	NA	NA	NA
SA150_2287	cds	1.83575346520884	-1.00118391205423	1.29408117907596	-0.773663915558321	0.439129564191042	NA
SA150_2288	cds	5.23034534822269	-0.252846719563179	0.712367982356485	-0.35493835465032	0.722635773914868	0.911284037902589
SA150_2289	cds	0.694506690336006	2.6288454844729	2.61596082086917	1.0049254038902	0.31493277085731	NA
SA150_2290	cds	1.12798775856296	-0.643144487085759	1.85533794170261	-0.346645466914538	0.7288576837078	NA
SA150_2291	cds	0.683476842725946	-0.225013791452347	2.70294103360934	-0.0832477618469828	0.933654536046147	NA
SA150_2292	cds	2.92830555746476	1.04145494640211	1.02003171466801	1.02100251533951	0.307253246996354	0.692571316297275
SA150_2293	cds	7.32727913181151	-0.453744252583981	0.604782900358632	-0.750259725126015	0.45309829407488	0.790071801399808
SA150_2294	cds	1.3529253401639	-0.356479720774951	1.53209600444684	-0.232674531974683	0.816014147026644	NA
SA150_2295	cds	0.151218495521463	-1.60190344001155	4.0804728567969	-0.392577893844641	0.694631269519754	NA
SA150_2296	cds	2.90094749028848	0.447921241089083	0.999757763103283	0.448029770430308	0.65413171137935	0.885001727160297
SA150_2297	cds	0.138250280644287	0.321649911630935	4.0804728567969	0.0788266269423059	0.93717052470321	NA
SA150_2298	cds	0	NA	NA	NA	NA	NA
SA150_2299	cds	0	NA	NA	NA	NA	NA
SA150_2300	cds	0.40553893057983	-1.2351620523854	4.06249812634057	-0.304040030043783	0.761097394263214	NA
SA150_2301	cds	0.103101939536904	0.321649911630934	4.0804728567969	0.0788266269423059	0.93717052470321	NA
SA150_2302	cds	0.392780930679524	-0.640122760582697	4.0804728567969	-0.156874652288505	0.875343637031472	NA
SA150_2303	cds	1.83007450785319	0.0568691608756852	1.31772222788277	0.0431571689938468	0.965576247446507	NA
SA150_2304	cds	3.26659875604875	-0.928804982945112	0.918523562016053	-1.01119342100108	0.311923864011327	0.692571316297275
SA150_2305	cds	1.24384769800017	-0.611591367127345	1.61534330174481	-0.378613862741582	0.704974626299216	NA
SA150_2306	cds	0.22295252859377	-1.60190344001155	4.0804728567969	-0.392577893844641	0.694631269519754	NA
SA150_2307	cds	0.138250280644287	0.321649911630935	4.0804728567969	0.0788266269423059	0.93717052470321	NA
SA150_2308	cds	0.379979721272206	-0.640122760582697	4.0804728567969	-0.156874652288505	0.875343637031472	NA
SA150_2309	cds	12.3836843945283	0.960848234510138	0.492937682940894	1.94922860994855	0.0512681297453044	0.313608240463298
SA150_2310	cds	5.38504445648083	1.29542772463699	0.784714092069796	1.65082765522933	0.0987737714219752	0.44027068657082
SA150_2311	cds	4.40890594965023	1.73534814153802	0.945898295315198	1.83460330791669	0.0665644881999698	0.364519816333168
SA150_2312	cds	0.357422374595272	-0.00282260137309728	4.06166714053036	-0.00069493665419582	0.999445520817511	NA
SA150_2313	cds	0.309305818610713	1.51146917165636	4.01500989729278	0.376454656481794	0.706578919207683	NA
SA150_2314	cds	4.12857157501661	-0.0167822450948832	0.829941100493532	-0.0202210073520922	0.983867069867359	0.995117703286521
SA150_2315	cds	0	NA	NA	NA	NA	NA
SA150_2316	cds	9.90472695300142	0.74696934784474	0.571054485260756	1.30805267645111	0.190855443084938	0.589245399618447
SA150_2317	cds	3.05769870386161	0.0742483505973607	1.00114010294367	0.0741637962349592	0.940880052906791	0.987405643959936
SA150_2318	cds	4.39894861787715	0.27941320787418	0.792275213457842	0.352671903813192	0.724334425116678	0.911284037902589
SA150_2319	cds	8.35318523669413	-0.217169132342973	0.563309451440112	-0.385523679369794	0.699849466136893	0.909378306825425
SA150_2320	cds	0	NA	NA	NA	NA	NA
SA150_2321	cds	0	NA	NA	NA	NA	NA
SA150_2322	cds	0	NA	NA	NA	NA	NA
SA150_2323	cds	0	NA	NA	NA	NA	NA
SA150_2324	cds	0	NA	NA	NA	NA	NA
SA150_2325	cds	0	NA	NA	NA	NA	NA
SA150_2326	cds	0	NA	NA	NA	NA	NA
SA150_2327	cds	0	NA	NA	NA	NA	NA
SA150_2328	cds	0	NA	NA	NA	NA	NA
SA150_2329	cds	0.749826084828068	1.48476893405629	2.36608763675571	0.627520684775713	0.530317981627215	NA
SA150_2330	cds	0.405371925109972	0.23173839359955	4.04117809699178	0.0573442664583515	0.954270958810326	NA
SA150_2331	cds	1.21972920450284	1.09376017345578	1.75659560163334	0.622659064180031	0.53350858872027	NA
SA150_2332	cds	0	NA	NA	NA	NA	NA
SA150_2333	cds	1.84068392550951	1.89746345779952	1.44715946050294	1.31116404901232	0.189802345533018	NA
SA150_2334	cds	0.508473864646876	0.735739994451405	3.37702884041297	0.217866067842474	0.827533466016612	NA
SA150_2335	cds	0.825884778459746	-2.26330572414338	2.41683939228384	-0.93647336739436	0.349029518675503	NA
SA150_2336	cds	1.48439332353472	0.186738059651404	1.64445539560776	0.113556171940066	0.90958963225573	NA
SA150_2337	cds	2.7576147432386	1.7678900506116	1.19401070886636	1.48063165387361	0.138704755593656	0.514549899782918
SA150_2338	cds	1.11738181713968	-0.324895714059174	1.81514695341648	-0.178991410831864	0.857944445946968	NA
SA150_2339	cds	0.344454159718096	1.64824969422059	4.00535992387194	0.411511006638136	0.680697872181812	NA
SA150_2340	cds	0.985412817359297	1.81637598147033	2.13253381374075	0.851745454054098	0.394355386563525	NA
SA150_2341	cds	0.654137198775537	0.978186457435431	3.00435926879195	0.325589042427925	0.744735303716059	NA
SA150_2342	cds	0.563459248199222	2.35869890964585	3.31740643843157	0.711006912605203	0.477079952210749	NA
SA150_2343	cds	1.26586081876052	0.935454445924718	1.74717502063278	0.53540969558157	0.592366587165335	NA
SA150_2344	cds	0.206203879073809	0.958951957307996	4.06166755077143	0.236098091564846	0.813356554786801	NA
SA150_2345	cds	0.97875431604867	0.610787842935913	2.00149708984371	0.305165491389052	0.760240113485265	NA
SA150_2346	cds	0.531198216793669	-1.49976121473774	3.30077975605864	-0.454365733425533	0.649565611494676	NA
SA150_2347	cds	1.20709500056538	0.263396256676635	1.65902471428375	0.158765722058788	0.873853456043097	NA
SA150_2348	cds	4.34647332357991	-0.231626537013751	0.795432853538343	-0.291195587387925	0.770901737174481	0.913955667784179
SA150_2349	cds	0.687257277368732	-0.82467797960723	2.72154073424635	-0.303018789772257	0.7618755422159	NA
SA150_2350	cds	0.628157448233884	0.889846327199535	2.87444805282444	0.309571197964482	0.756887061689606	NA
SA150_2351	cds	0.241729440627919	-1.60190344001155	4.0804728567969	-0.392577893844641	0.694631269519754	NA
SA150_2352	cds	1.77471190385412	0.175294484735248	1.29229528924075	0.135645843635503	0.892101262381484	NA
SA150_2353	cds	0.103101939536904	0.321649911630934	4.0804728567969	0.0788266269423059	0.93717052470321	NA
SA150_2354	cds	0.151051490051605	0.321649911630935	4.0804728567969	0.0788266269423059	0.93717052470321	NA
SA150_2355	cds	1.43059175507574	-2.10457149624	1.61421166249508	-1.30377666395185	0.192309741416744	NA
SA150_2356	cds	2.48489798154558	2.44641341764307	1.34404766402564	1.8201835270601	0.0687310608567837	NA
SA150_2357	cds	0.254320435058367	-0.640122760582697	4.0804728567969	-0.156874652288505	0.875343637031472	NA
SA150_2358	cds	0.392403710232796	1.8179200861932	3.99456142094427	0.455098794240963	0.64903816544744	NA
SA150_2359	cds	0.59157175626896	0.997921181722653	3.00596440845236	0.331980371729165	0.739904080388059	NA
SA150_2360	cds	0.103101939536904	0.321649911630934	4.0804728567969	0.0788266269423059	0.93717052470321	NA
SA150_2361	cds	0.103101939536904	0.321649911630934	4.0804728567969	0.0788266269423059	0.93717052470321	NA
SA150_2362	cds	0.374004018645375	-0.640122760582696	4.0804728567969	-0.156874652288505	0.875343637031472	NA
SA150_2363	cds	0.530820996346942	0.814523751279556	3.26267504192654	0.24964905815401	0.80285875657985	NA
SA150_2364	cds	0	NA	NA	NA	NA	NA
SA150_2365	cds	0	NA	NA	NA	NA	NA
SA150_2366	cds	0	NA	NA	NA	NA	NA
SA150_2367	cds	0	NA	NA	NA	NA	NA
SA150_2368	cds	0.615523244296424	-0.631609058985011	2.75611824450243	-0.229166168848114	0.818739766251351	NA
SA150_2369	cds	0.73702487542075	1.45782736574394	2.53124622580254	0.575932657551611	0.564660700638235	NA
SA150_2370	cds	0.928986717996651	-1.41630746237278	2.1213566184076	-0.667642323823865	0.504361934406036	NA
SA150_2371	cds	0.379602500825479	1.77529780316834	3.99715893449282	0.444139908435639	0.656941434599756	NA
SA150_2372	cds	0.103101939536904	0.321649911630934	4.0804728567969	0.0788266269423059	0.93717052470321	NA
SA150_2373	cds	0	NA	NA	NA	NA	NA
SA150_2374	cds	0.302436991042926	-2.1969456258055	4.06249827642477	-0.540786845019645	0.588654511098969	NA
SA150_2375	cds	1.36572654957122	-0.338701509662037	1.4829672173825	-0.228394468665235	0.819339589194647	NA
SA150_2376	cds	0	NA	NA	NA	NA	NA
SA150_2377	cds	22.9530340958701	-0.355118971208884	0.382206842175784	-0.92912771835089	0.352822901170705	0.729212558115795
SA150_2378	cds	109.750508933965	-0.246333783917038	0.199702478446312	-1.23350388955369	0.217387826461902	0.612339604970576
SA150_2379	cds	0	NA	NA	NA	NA	NA
SA150_2380	cds	0.138250280644287	0.321649911630935	4.0804728567969	0.0788266269423059	0.93717052470321	NA
SA150_2381	cds	0	NA	NA	NA	NA	NA
SA150_2382	cds	0.22295252859377	-1.60190344001155	4.0804728567969	-0.392577893844641	0.694631269519754	NA
SA150_2383	cds	2.01639813497503	-0.394612692240022	1.17662101162128	-0.335377907025714	0.737340031536166	NA
SA150_2384	cds	0.753773524940712	-0.00241123431397991	2.37553712814195	-0.00101502699554348	0.999190125770524	NA
SA150_2385	cds	0.361202809238057	-0.640122760582696	4.0804728567969	-0.156874652288505	0.875343637031472	NA
SA150_2386	cds	0.440687271687213	-1.2351620523854	4.06249812634057	-0.304040030043783	0.761097394263214	NA
SA150_2387	cds	0.103101939536904	0.321649911630934	4.0804728567969	0.0788266269423059	0.93717052470321	NA
SA150_2388	cds	0.447556099255	2.02566133756673	3.98291942667312	0.508587074094726	0.611041691137883	NA
SA150_2389	cds	0	NA	NA	NA	NA	NA
SA150_2390	cds	0.928986717996651	-1.41630746237278	2.1213566184076	-0.667642323823865	0.504361934406036	NA
SA150_2391	cds	0	NA	NA	NA	NA	NA
SA150_2392	cds	0	NA	NA	NA	NA	NA
SA150_2393	cds	0	NA	NA	NA	NA	NA
SA150_2394	cds	0.103101939536904	0.321649911630934	4.0804728567969	0.0788266269423059	0.93717052470321	NA
SA150_2395	cds	3.4865711512823	2.95583867850813	1.252076180022	2.36074986943382	0.0182380272600177	0.187265458473396
SA150_2396	cds	0	NA	NA	NA	NA	NA
SA150_2397	cds	0	NA	NA	NA	NA	NA
SA150_2398	cds	0.621709161900126	-1.7498444870342	3.15153473679659	-0.555235665532549	0.578733476809563	NA
SA150_2399	cds	1.78933116079876	1.13412087912767	1.35123414279467	0.839322248608995	0.4012885014989	NA
SA150_2400	cds	0	NA	NA	NA	NA	NA
SA150_2401	cds	3.58808444792741	1.73226017913775	1.00764752115164	1.71911322439214	0.085593757266077	0.405070781305196
SA150_2402	cds	0	NA	NA	NA	NA	NA
SA150_2403	cds	4.54227205613579	-1.88557822938799	0.844863067358772	-2.23181519258822	0.0256271797953319	0.204352306559336
SA150_2404	cds	1.81888101972603	0.416928828660283	1.28416364774189	0.324669546123208	0.745431185720487	NA
SA150_2405	cds	0.790736437352364	-2.26606262160506	2.47852130834912	-0.914280064477005	0.360569703054166	NA
SA150_2406	cds	2.94219521870525	-0.535983746290995	0.987798129921983	-0.542604536347247	0.587402114951966	0.842284828173019
SA150_2407	cds	1.31815421950325	-1.54064477492696	1.66928835953604	-0.922935073575407	0.35604104134746	NA
SA150_2408	cds	1.10441360226251	0.490842089877037	1.96082016380427	0.250324889012123	0.802336110396804	NA
SA150_2409	cds	0.374171024115233	-2.40364212621462	4.04847845625977	-0.593714935668758	0.552702791743908	NA
SA150_2410	cds	1.34694963753707	-0.323019140273503	1.53542264374891	-0.210377996956469	0.833372664267083	NA
SA150_2411	cds	0.989360257471941	0.324565195313113	2.00555174514873	0.161833368846359	0.871437074859829	NA
SA150_2412	cds	0.151218495521463	-1.60190344001155	4.0804728567969	-0.392577893844641	0.694631269519754	NA
SA150_2413	cds	0.646557139821305	2.53840948963421	2.72432579839879	0.931756947398197	0.351462148737335	NA
SA150_2414	cds	7.71432776148618	0.229220861820521	0.602858681333228	0.380223208055323	0.703779733108373	0.909378306825425
SA150_2415	cds	0.464304748774962	0.171968025059749	3.68386869608135	0.0466813665868919	0.962767181463326	NA
SA150_2416	cds	0.309305818610713	1.51146917165636	4.01500989729278	0.376454656481794	0.706578919207683	NA
SA150_2417	cds	0.103101939536904	0.321649911630934	4.0804728567969	0.0788266269423059	0.93717052470321	NA
SA150_2418	cds	0.669281491968098	0.95718138261104	2.75473162748619	0.347468106533669	0.728239674946705	NA
SA150_2419	cds	0.302269985573068	-0.640122760582697	4.0804728567969	-0.156874652288505	0.875343637031472	NA
SA150_2420	cds	1.3834150097722	3.64254653220432	1.73116867937785	2.10409683099939	0.0353700012376953	NA
SA150_2421	cds	1.47660304960361	1.44554463706028	1.63373541974583	0.884809510517421	0.376259379158821	NA
SA150_2422	cds	1.2198962099727	0.282251483045933	1.66921161175515	0.169092690859698	0.865723733996374	NA
SA150_2423	cds	0.103101939536904	0.321649911630934	4.0804728567969	0.0788266269423059	0.93717052470321	NA
SA150_2424	cds	0.103101939536904	0.321649911630934	4.0804728567969	0.0788266269423059	0.93717052470321	NA
SA150_2425	cds	0.151218495521463	-1.60190344001155	4.0804728567969	-0.392577893844641	0.694631269519754	NA
SA150_2426	cds	1.77416767793753	1.6653800636024	1.4833909228681	1.12268454520568	0.261571494029453	NA
SA150_2427	cds	0	NA	NA	NA	NA	NA
SA150_2428	cds	0	NA	NA	NA	NA	NA
SA150_2429	cds	4.04416012849983	-0.334079919660819	0.822171553514941	-0.40633845604675	0.684493933038624	0.902924830417464
SA150_2430	cds	0.602932249865976	-1.69888996277522	3.0012996563456	-0.566051430147365	0.57135881925597	NA
SA150_2431	cds	2.7388504391912	0.919750317502181	1.06374370774977	0.864635260167896	0.387239013077319	0.74761869959769
SA150_2432	cds	0	NA	NA	NA	NA	NA
SA150_2433	cds	0.276500561288574	1.30526492173593	4.03134036313062	0.323779389523514	0.746105061147206	NA
SA150_2434	cds	5.90709233574618	3.18279949014223	1.00644300040597	3.16242399108383	0.00156461574979077	0.0310225536596445
SA150_2435	cds	1.57736190535527	1.6227916866332	1.5430149772643	1.05170183734078	0.292936367776809	NA
SA150_2436	cds	0.773610567385675	1.38642551764236	2.47883593098874	0.559305075543807	0.575953532021045	NA
SA150_2437	cds	1.81172150200583	1.62993726204698	1.46971578494475	1.10901527951423	0.267423590538761	NA
SA150_2438	cds	3.93179329850575	1.10893976305838	0.96766148164275	1.14599969524031	0.251795278159651	0.629488195399128
SA150_2439	cds	0.392570715702655	0.169600117563319	4.04697439092247	0.0419078801051322	0.966572134502951	NA
SA150_2440	cds	0	NA	NA	NA	NA	NA
SA150_2441	cds	0.635360286741387	0.976137137985744	3.06825002842344	0.318141327774162	0.750377735863439	NA
SA150_2442	cds	19.9221018334575	0.159846108853175	0.393047914854582	0.406683518248185	0.684240447253582	0.902924830417464
SA150_2443	cds	0	NA	NA	NA	NA	NA
SA150_2444	cds	0.834695338247409	-0.720560863773152	2.31870417847667	-0.310760152356539	0.755982964596217	NA
SA150_2445	cds	4.98820478643227	1.36216856806696	0.808377812488378	1.68506426948296	0.091976172363478	0.417611542662278
SA150_2446	cds	5.16133173066265	-0.237565701845306	0.744634338452544	-0.319036726588517	0.749698663052187	0.911284037902589
SA150_2447	cds	17.555213474265	-0.570180516967051	0.426524192738691	-1.3368069775971	0.181285650994881	0.579242961838668
SA150_2448	cds	0	NA	NA	NA	NA	NA
SA150_2449	cds	0.103101939536904	0.321649911630934	4.0804728567969	0.0788266269423059	0.93717052470321	NA
SA150_2450	cds	0	NA	NA	NA	NA	NA
SA150_2451	cds	0.138250280644287	0.321649911630935	4.0804728567969	0.0788266269423059	0.93717052470321	NA
SA150_2452	cds	0	NA	NA	NA	NA	NA
SA150_2453	cds	0.103101939536904	0.321649911630934	4.0804728567969	0.0788266269423059	0.93717052470321	NA
SA150_2454	cds	12.5269429597667	0.0521853730644241	0.463274929477998	0.11264450058462	0.910312403185788	0.97867874846138
SA150_2455	cds	0.565802331984467	2.3373335716347	3.32000366553018	0.704015358748543	0.481423208896905	NA
SA150_2456	cds	0	NA	NA	NA	NA	NA
SA150_2457	cds	8.20542262000032	2.61509901985272	0.765531421198523	3.41605706498434	0.000635349312868108	0.0158837328217027
SA150_2458	cds	0.976034011816698	1.94479063411591	3.94833320985006	0.49255990585196	0.622323583722381	NA
SA150_2459	cds	2.15145541640013	-0.877661041783997	1.15525211375833	-0.759713859279377	0.447425642603017	NA
SA150_2460	cds	1.73434577724641	0.475376315986509	1.3283651976076	0.357865680945771	0.72044383474926	NA
SA150_2461	cds	1.06917873086081	-1.81365314627473	1.94158563438688	-0.934109273448273	0.350247528859169	NA
SA150_2462	cds	1.07536464846451	-2.77106561335068	2.05211569811269	-1.35034570219369	0.176905119012807	NA
SA150_2463	cds	1.10559741735588	-1.05696176705943	1.82567771740268	-0.578942141312393	0.562628214023739	NA
SA150_2464	cds	0.634510371307443	-1.74813044984637	3.10471859360121	-0.563056005606835	0.573396747884322	NA
SA150_2465	cds	0.40553893057983	-1.2351620523854	4.06249812634057	-0.304040030043783	0.761097394263214	NA
SA150_2466	cds	0	NA	NA	NA	NA	NA
SA150_2467	cds	0.869676673884934	0.38082153216944	2.05649303197037	0.185180074159827	0.853087797313436	NA
SA150_2468	cds	0	NA	NA	NA	NA	NA
SA150_2469	cds	1.11086188859627	2.03867868165775	1.8884085195713	1.07957502867047	0.280331466313534	NA
SA150_2470	cds	0.91063371214929	1.61561557867906	2.13857104274242	0.755465002746534	0.449970023478617	NA
SA150_2471	cds	0	NA	NA	NA	NA	NA
SA150_2472	cds	0	NA	NA	NA	NA	NA
SA150_2473	cds	3.97701341303478	4.15660299575857	1.34603724836551	3.08802969665655	0.00201488335210941	0.0373728363697713
SA150_2474	cds	3.87173539518249	3.26423942944367	1.26091362713199	2.58878908055608	0.00963140676334389	0.123067975309394
SA150_2475	cds	0.302269985573068	-0.640122760582697	4.0804728567969	-0.156874652288505	0.875343637031472	NA
SA150_2476	cds	0	NA	NA	NA	NA	NA
SA150_2477	cds	0	NA	NA	NA	NA	NA
SA150_2478	cds	0.138250280644287	0.321649911630935	4.0804728567969	0.0788266269423059	0.93717052470321	NA
SA150_2479	cds	0.477105958182279	0.231557759555344	3.59935882799482	0.0643330578086164	0.948705031639411	NA
SA150_2480	cds	0.302269985573068	-0.640122760582697	4.0804728567969	-0.156874652288505	0.875343637031472	NA
SA150_2481	cds	1.87094501582324	-0.75020830288816	1.29606424857515	-0.578835735738341	0.562700015885727	NA
SA150_2482	cds	0	NA	NA	NA	NA	NA
SA150_2483	cds	0.138250280644287	0.321649911630935	4.0804728567969	0.0788266269423059	0.93717052470321	NA
SA150_2484	cds	0	NA	NA	NA	NA	NA
SA150_2485	cds	0	NA	NA	NA	NA	NA
SA150_2486	cds	0	NA	NA	NA	NA	NA
SA150_2487	cds	0	NA	NA	NA	NA	NA
SA150_2488	cds	0	NA	NA	NA	NA	NA
SA150_2489	cds	0.750203305274796	-0.111047608463267	2.37988760916595	-0.0466608624859325	0.962783523561098	NA
SA150_2490	cds	0.798109646282485	-0.470096967418192	2.38576637469814	-0.197042330885257	0.843794411832929	NA
SA150_2491	cds	0	NA	NA	NA	NA	NA
SA150_2492	cds	0.495505649769701	2.16142335651213	3.39276277040725	0.637068814644146	0.524080020714436	NA
SA150_2493	cds	0.737402095867478	-0.14594446945576	2.40437969210775	-0.0606994269394369	0.951598588077305	NA
SA150_2494	cds	0.453655486564389	-2.71468862416652	4.02148585569861	-0.675046169892578	0.499646432081054	NA
SA150_2495	cds	0.392403710232796	1.8179200861932	3.99456142094427	0.455098794240963	0.64903816544744	NA
SA150_2496	cds	0.151051490051605	0.321649911630935	4.0804728567969	0.0788266269423059	0.93717052470321	NA
SA150_2497	cds	0.357255369125413	1.69393139597556	4.00232996068906	0.423236317998109	0.672122851550675	NA
SA150_2498	cds	0.563459248199222	2.35869890964585	3.31740643843157	0.711006912605203	0.477079952210749	NA
SA150_2499	cds	0.477105958182279	0.231557759555344	3.59935882799482	0.0643330578086164	0.948705031639411	NA
SA150_2500	cds	0.241352220181192	1.13137310152433	4.0469751237205	0.279560181848667	0.779814959676233	NA
SA150_2501	cds	1.32118021325258	0.306063039482089	1.63961922529239	0.186667144883904	0.851921617847429	NA
SA150_2502	cds	27.5925877601059	-0.0356178858876375	0.325397477151858	-0.109459625192531	0.912837943724325	0.97867874846138
SA150_2503	cds	0	NA	NA	NA	NA	NA
SA150_2504	cds	2.28663566843711	3.28694826560568	1.48051652505024	2.22013615518013	0.0264095265897789	NA
SA150_2505	cds	0.682249706845274	-0.488228022586777	2.57419421182478	-0.189662466158947	0.849573634555608	NA
SA150_2506	cds	0	NA	NA	NA	NA	NA
SA150_2507	cds	19.4698086248309	-0.178110806617023	0.378982759168563	-0.469970736947967	0.638375924715442	0.873967039788998
SA150_2508	cds	59.8794443398786	-0.0648912146246858	0.246268585738202	-0.263497735328976	0.792166968842208	0.920933998178641
SA150_2509	cds	8.57181915984729	0.731659926557416	0.615219023588781	1.1892673966572	0.234334460719842	0.61440786050751
SA150_2510	cds	0.785351646382179	-0.0108807508098206	2.20732991958603	-0.00492937223079964	0.996066945930625	NA
SA150_2511	cds	0	NA	NA	NA	NA	NA
SA150_2512	cds	0	NA	NA	NA	NA	NA
SA150_2513	cds	0.138250280644287	0.321649911630935	4.0804728567969	0.0788266269423059	0.93717052470321	NA
SA150_2514	cds	0.151218495521463	-1.60190344001155	4.0804728567969	-0.392577893844641	0.694631269519754	NA
SA150_2515	cds	0.254153429588509	1.19351136930369	4.04117880081232	0.295337432004687	0.76773612448575	NA
SA150_2516	cds	2.53703361985244	-0.307052526648154	1.0901417008595	-0.281662949326738	0.778201966810603	NA
SA150_2517	cds	8.07461331466464	-0.343203428858763	0.579704294159328	-0.592031889907711	0.553829234015791	0.828035614532023
SA150_2518	cds	0	NA	NA	NA	NA	NA
SA150_2519	cds	0.464304748774962	0.171968025059749	3.68386869608135	0.0466813665868919	0.962767181463326	NA
SA150_2520	cds	1.06291233808157	1.97694552673737	1.94546196302891	1.01618307852159	0.309542212840626	NA
SA150_2521	cds	0.151218495521463	-1.60190344001155	4.0804728567969	-0.392577893844641	0.694631269519754	NA
SA150_2522	cds	0	NA	NA	NA	NA	NA
SA150_2523	cds	0.949371351310959	-0.493412536818555	2.02330770975519	-0.243864309140726	0.807335911944097	NA
SA150_2524	cds	0.289301770695892	1.36217917813024	4.02660529886201	0.338294686721645	0.735141127322709	NA
SA150_2525	cds	0	NA	NA	NA	NA	NA
SA150_2526	cds	0.357422374595272	-0.00282260137309728	4.06166714053036	-0.00069493665419582	0.999445520817511	NA
SA150_2527	cds	0.344454159718096	1.64824969422059	4.00535992387194	0.411511006638136	0.680697872181812	NA
SA150_2528	cds	0.22295252859377	-1.60190344001155	4.0804728567969	-0.392577893844641	0.694631269519754	NA
SA150_2529	cds	0.611408798713923	2.46565675514655	3.08130154261438	0.80019976008402	0.423595068797134	NA
SA150_2530	cds	0.525055508696979	0.448757878762038	3.60357105263007	0.124531436235873	0.900894511582938	NA
SA150_2531	cds	0.707808916152898	-0.935881700646561	2.63886562197269	-0.354653034566777	0.722849539560729	NA
SA150_2532	cds	12.8994346203922	0.199349665335982	0.471026020183954	0.423224316266282	0.672131607187092	0.897965726028505
SA150_2533	cds	5.29533692857578	-0.475448685522802	0.762488064653191	-0.623549020061126	0.532923799664832	0.821531326561068
SA150_2534	cds	15.9694287633091	-0.270659420848942	0.420564301682116	-0.643562517708697	0.519859162470949	0.818725814391988
SA150_2535	cds	14.4032420930435	-1.13054722377387	0.452980387904885	-2.49579728827301	0.0125674397168979	0.141253978158081
SA150_2536	cds	10.6755939866147	-1.08949005249594	0.5401215614788	-2.01712008962024	0.0436829826175431	0.273018641359645
SA150_2537	cds	12.4017009260614	-0.773334718479466	0.504548209490207	-1.53272710899289	0.125343106844748	0.485828040113806
SA150_2538	cds	0	NA	NA	NA	NA	NA
SA150_2539	cds	1.35670577480669	-0.668225683152624	1.57525432308746	-0.424201777045702	0.671418664945578	NA
SA150_2540	cds	4.09586261758592	-1.48734440695653	0.849243333036632	-1.75137601803507	0.0798811611591036	0.395962652297281
SA150_2541	cds	0	NA	NA	NA	NA	NA
SA150_2542	cds	1.29344829058233	1.48615134157525	1.71592028628142	0.866095793293465	0.38643763192446	NA
SA150_2543	cds	10.3264177538333	-0.901312377526624	0.879880445330034	-1.02435777759392	0.305666317105386	0.692571316297275
SA150_2544	cds	3.59555961226963	-2.61265062726604	1.02846041645129	-2.54035117489598	0.0110741213052214	0.129951423479639
SA150_2545	cds	7.64082924708634	-0.034126294009689	0.653877157348763	-0.0521906808123697	0.958376758449397	0.992912857852979
SA150_2546	cds	4.41421670703256	-0.0669735940234004	0.775488568005291	-0.0863630964872502	0.931177782024587	0.985917223623951
SA150_2547	cds	2.13213427844939	0.210568148334259	1.14569131267598	0.183791345892671	0.854177145467728	NA
SA150_2548	cds	1.77728439228489	-0.414181476897243	1.31753308543597	-0.314361348094869	0.753246608924335	NA
SA150_2549	cds	1.09300642292543	-1.69622210000488	1.85378435289575	-0.915005079935678	0.360188963291829	NA
SA150_2550	cds	0.937463266844597	1.74079265955934	2.19238743627608	0.794016892614653	0.427185597204243	NA
SA150_2551	cds	2.92396264386798	-0.782422306949249	1.01233229688497	-0.772890788288414	0.439587016842373	0.777730875951891
SA150_2552	cds	0.525389519636696	-2.90466761774284	3.53260180991512	-0.822245974508129	0.410936917760027	NA
SA150_2553	cds	0.302436991042926	-2.1969456258055	4.06249827642477	-0.540786845019645	0.588654511098969	NA
SA150_2554	cds	0.928986717996651	-1.41630746237278	2.1213566184076	-0.667642323823865	0.504361934406036	NA
SA150_2555	cds	0.254320435058367	-0.640122760582697	4.0804728567969	-0.156874652288505	0.875343637031472	NA
SA150_2556	cds	12.0725090886978	-0.38231158092897	0.482162814030511	-0.792909718053823	0.427830424955264	0.771287839147726
SA150_2557	cds	0.718458178363471	1.20378011944011	2.44179741413837	0.49298934975934	0.622020112630224	NA
SA150_2558	cds	0	NA	NA	NA	NA	NA
SA150_2559	cds	0	NA	NA	NA	NA	NA
SA150_2560	cds	0.615523244296424	-0.631609058985011	2.75611824450243	-0.229166168848114	0.818739766251351	NA
SA150_2561	cds	0.151218495521463	-1.60190344001155	4.0804728567969	-0.392577893844641	0.694631269519754	NA
SA150_2562	cds	0	NA	NA	NA	NA	NA
SA150_2563	cds	0	NA	NA	NA	NA	NA
SA150_2564	cds	0	NA	NA	NA	NA	NA
SA150_2565	cds	0.138250280644287	0.321649911630935	4.0804728567969	0.0788266269423059	0.93717052470321	NA
SA150_2566	cds	0	NA	NA	NA	NA	NA
SA150_2567	cds	0.714677743720685	1.40799409296198	2.60876875307308	0.539715945042422	0.58939294197917	NA
SA150_2568	cds	0.326054468130674	-0.640122760582696	4.0804728567969	-0.156874652288505	0.875343637031472	NA
SA150_2569	cds	0	NA	NA	NA	NA	NA
SA150_2570	cds	0.138250280644287	0.321649911630935	4.0804728567969	0.0788266269423059	0.93717052470321	NA
SA150_2571	cds	0	NA	NA	NA	NA	NA
SA150_2572	cds	9.10011489053665	-1.32599287363293	0.560784106488629	-2.36453362049735	0.0180527886987744	0.187265458473396
SA150_2573	cds	0	NA	NA	NA	NA	NA
SA150_2574	cds	0.103101939536904	0.321649911630934	4.0804728567969	0.0788266269423059	0.93717052470321	NA
SA150_2575	cds	0	NA	NA	NA	NA	NA
SA150_2576	cds	0.103101939536904	0.321649911630934	4.0804728567969	0.0788266269423059	0.93717052470321	NA
SA150_2577	cds	0.206203879073809	0.958951957307996	4.06166755077143	0.236098091564846	0.813356554786801	NA
SA150_2578	cds	0	NA	NA	NA	NA	NA
SA150_2579	cds	0.309305818610713	1.51146917165636	4.01500989729278	0.376454656481794	0.706578919207683	NA
SA150_2580	cds	0.634133150860716	0.851754975818826	2.68024623874481	0.317789822258165	0.750644371479686	NA
SA150_2581	cds	0.138250280644287	0.321649911630935	4.0804728567969	0.0788266269423059	0.93717052470321	NA
SA150_2582	cds	0.241352220181192	1.13137310152433	4.0469751237205	0.279560181848667	0.779814959676233	NA
SA150_2583	cds	0	NA	NA	NA	NA	NA
SA150_2584	cds	0	NA	NA	NA	NA	NA
SA150_2585	cds	0	NA	NA	NA	NA	NA
SA150_2586	cds	0.103101939536904	0.321649911630934	4.0804728567969	0.0788266269423059	0.93717052470321	NA
SA150_2587	cds	0.241352220181192	1.13137310152433	4.0469751237205	0.279560181848667	0.779814959676233	NA
SA150_2588	cds	0	NA	NA	NA	NA	NA
SA150_2589	cds	0	NA	NA	NA	NA	NA
SA150_2590	cds	17.2133103070563	1.11278338235627	0.448881728945554	2.47901242264917	0.0131746717518985	0.142932759572484
SA150_2591	cds	0.374004018645375	-0.640122760582696	4.0804728567969	-0.156874652288505	0.875343637031472	NA
SA150_2592	cds	0.254153429588509	1.19351136930369	4.04117880081232	0.295337432004687	0.76773612448575	NA
SA150_2593	cds	0	NA	NA	NA	NA	NA
SA150_2594	cds	0.138250280644287	0.321649911630935	4.0804728567969	0.0788266269423059	0.93717052470321	NA
SA150_2595	cds	0.663639800280983	-1.95791474402917	2.76393200787254	-0.7083802128462	0.478709176885359	NA
SA150_2596	cds	0	NA	NA	NA	NA	NA
SA150_2597	cds	3.72750029062766	-1.04946151746779	0.86620087607604	-1.21156829374491	0.22567767759759	0.612426251618483
SA150_2598	cds	0.103101939536904	0.321649911630934	4.0804728567969	0.0788266269423059	0.93717052470321	NA
SA150_2599	cds	0.464681969221689	-2.68116687349096	3.97911595393668	-0.673809686505465	0.500432315727468	NA
SA150_2600	cds	0.51242130475952	-1.44648635370863	3.39649203193041	-0.425876563262984	0.670197793468545	NA
SA150_2601	cds	0.103101939536904	0.321649911630934	4.0804728567969	0.0788266269423059	0.93717052470321	NA
SA150_2602	cds	4.6360590545227	-1.84766612554651	0.82552935561541	-2.2381592041256	0.0252106749726921	0.204170959285887
SA150_2603	cds	0	NA	NA	NA	NA	NA
SA150_2604	cds	0	NA	NA	NA	NA	NA
SA150_2605	cds	0	NA	NA	NA	NA	NA
SA150_2606	cds	0	NA	NA	NA	NA	NA
SA150_2607	cds	0	NA	NA	NA	NA	NA
SA150_2608	cds	0	NA	NA	NA	NA	NA
SA150_2609	cds	0	NA	NA	NA	NA	NA
SA150_2610	cds	7.64574452051455	0.548028375127674	0.624686956571031	0.877284805394139	0.380331963192843	0.741236588805086
SA150_2611	cds	1.07427619663134	2.08346948554624	1.91938264250998	1.08548938570252	0.27770496227683	NA
SA150_2612	cds	0.241352220181192	1.13137310152433	4.0469751237205	0.279560181848667	0.779814959676233	NA
SA150_2613	cds	0.309305818610713	1.51146917165636	4.01500989729278	0.376454656481794	0.706578919207683	NA
SA150_2614	cds	2.59034300486772	2.49612510757784	1.31181645848713	1.90280057200726	0.0570665725628628	NA
SA150_2615	cds	0.646891150761022	0.0764278364293567	2.79695696349836	0.0273253530271567	0.978200235624444	NA
SA150_2616	cds	3.38266891046283	-1.06073818497859	0.905410705728353	-1.17155471905458	0.241375876736402	0.618817053799299
SA150_2617	cds	0.899560543751929	-3.68464480004635	2.34174778349774	-1.57345928797798	0.11561250811011	NA
SA150_2618	cds	0	NA	NA	NA	NA	NA
SA150_2619	cds	1.79471595176894	0.265840970747028	1.29258243142926	0.205666551148367	0.837051388277573	NA