"tag"	"moltype"	"baseMean"	"log2FoldChange"	"lfcSE"	"stat"	"pvalue"	"padj"
SA597_0001	cds	3.72392613078928	0.0474228365795233	0.980083856769766	0.0483865092277135	0.961408210788559	0.997707303814983
SA597_0002	cds	4.26227023825791	-0.199070955315783	0.990468706721955	-0.20098661771418	0.840709038073526	0.997707303814983
SA597_0003	cds	2.16849523005653	-0.477017940188984	1.26414922707277	-0.377343062016146	0.705918674480098	0.997707303814983
SA597_0004	cds	3.49855736348009	1.32164638685069	1.09598066282646	1.2059030160644	0.227854887579527	0.997707303814983
SA597_0005	cds	12.0198579391934	-0.136064237120924	0.639273786382282	-0.21284188405554	0.831450293407998	0.997707303814983
SA597_0006	cds	37.7827915912254	-0.145181511074571	0.361754428788971	-0.401326147023518	0.688180015384567	0.997707303814983
SA597_0007	cds	7.68611168070827	0.043965942924888	0.749272968563487	0.0586781383681569	0.953208472383572	0.997707303814983
SA597_0008	cds	1.14586673468789	-1.61409114402921	1.78610737960612	-0.903692108581485	0.366158684731119	0.997707303814983
SA597_0009	cds	14.1671668567047	0.0874753407461294	0.542704677382952	0.161184055328131	0.871948438917006	0.997707303814983
SA597_0010	cds	1.55308559647805	0.703755542580004	1.67392390228674	0.420422661758165	0.674176715982939	0.997707303814983
SA597_0011	cds	0.26571322229939	-0.99771262399539	3.47406639566785	-0.287188703485786	0.77396783548082	0.997707303814983
SA597_0012	cds	1.08126965537885	-3.01424388242907	2.04017849387397	-1.47744125892902	0.139557393298327	0.997707303814983
SA597_0013	cds	3.02974081771719	0.514738235147635	1.10144297369959	0.467330808256649	0.640263217764691	0.997707303814983
SA597_0014	cds	13.8332357861094	0.518753968629255	0.547945361373024	0.946725723399461	0.343778559121349	0.997707303814983
SA597_0015	cds	1.74375352955106	0.0667295090125703	1.42295782889409	0.0468949308669476	0.962596968233372	0.997707303814983
SA597_0016	cds	16.4043702966485	-0.454601690205894	0.488493554350346	-0.930619628769667	0.35205035726089	0.997707303814983
SA597_0017	cds	1.09261994786195	-1.65577136828258	1.91046655962719	-0.866684297581053	0.386115011330649	0.997707303814983
SA597_0018	cds	1.76001616191907	-0.380830204718295	1.41259758742098	-0.269595678280597	0.787471325511722	0.997707303814983
SA597_0019	cds	16.6062680838175	0.0271987453041902	0.481999684444552	0.0564289691092507	0.955000079703923	0.997707303814983
SA597_0020	cds	11.1025003474751	0.00116303596796017	0.636633265730973	0.00182685390563873	0.998542382284623	0.999945081387422
SA597_0021	cds	1.45475174953154	0.0957389545687562	1.56084893423748	0.0613377454209092	0.951090230881132	0.997707303814983
SA597_0022	cds	3.36615737478163	-0.0671625708773812	1.06311864151855	-0.0631750476893594	0.949627114139226	0.997707303814983
SA597_0023	cds	4.1888616641896	-0.144117292760806	0.941324657423809	-0.153100518109471	0.878319007302709	0.997707303814983
SA597_0024	cds	0.880344682829926	-0.988712174224859	2.08129480774767	-0.475046673130761	0.634753706688767	0.997707303814983
SA597_0025	cds	0.774562991449782	-0.0372706916900082	2.18230689393191	-0.0170785748758081	0.986373931192744	0.997707303814983
SA597_0026	cds	2.06243651158698	-1.23913368228496	1.38582667270367	-0.894147664128501	0.371242889808431	0.997707303814983
SA597_0027	cds	1.27413737505333	-0.0269996589791589	1.63172055993936	-0.0165467419128201	0.986798212528756	0.997707303814983
SA597_0028	cds	0.04554765773304	-0.551291124646171	4.0621351136751	-0.135714620321284	0.892046889316486	0.997707303814983
SA597_0029	cds	0.318960009125331	-1.15055420503595	3.27349698673211	-0.351475565641054	0.72523160042813	0.997707303814983
SA597_0030	cds	0.04554765773304	-0.551291124646171	4.0621351136751	-0.135714620321284	0.892046889316486	0.997707303814983
SA597_0031	cds	0.408479068137465	-1.22496700569439	3.0058874635723	-0.407522577122231	0.683624215538988	0.997707303814983
SA597_0032	cds	0.51516381223077	0.204296166421467	2.43738306742367	0.0838178328027072	0.933201269385745	0.997707303814983
SA597_0033	cds	0.241751460838479	0.738769447307854	3.55398591984258	0.207870673652127	0.835329948025553	0.997707303814983
SA597_0034	cds	0	NA	NA	NA	NA	NA
SA597_0035	cds	0.241751460838479	0.738769447307854	3.55398591984258	0.207870673652127	0.835329948025553	0.997707303814983
SA597_0036	cds	0.04554765773304	-0.551291124646171	4.0621351136751	-0.135714620321284	0.892046889316486	0.997707303814983
SA597_0037	cds	0.643916485895566	0.381893546467162	2.24882176881768	0.169819392431416	0.865152175489976	0.997707303814983
SA597_0038	cds	4.91960109504123	-0.596758296912873	0.882952669037356	-0.675866688939841	0.49912528877551	0.997707303814983
SA597_0039	cds	0	NA	NA	NA	NA	NA
SA597_0040	cds	0	NA	NA	NA	NA	NA
SA597_0041	cds	0.288684204584042	0.933373403808663	3.6593103116759	0.255068120577397	0.798670486044161	0.997707303814983
SA597_0042	cds	0.196203803105439	0.378601625027328	3.87864200700591	0.0976119023986921	0.922240472896931	0.997707303814983
SA597_0043	cds	0.325274052205709	-1.15184208632787	3.25280115261145	-0.354107746611911	0.723258136797051	0.997707303814983
SA597_0044	cds	0.04554765773304	-0.551291124646171	4.0621351136751	-0.135714620321284	0.892046889316486	0.997707303814983
SA597_0045	cds	0	NA	NA	NA	NA	NA
SA597_0046	cds	0.04554765773304	-0.551291124646171	4.0621351136751	-0.135714620321284	0.892046889316486	0.997707303814983
SA597_0047	cds	0	NA	NA	NA	NA	NA
SA597_0048	cds	0	NA	NA	NA	NA	NA
SA597_0049	cds	0	NA	NA	NA	NA	NA
SA597_0050	cds	0	NA	NA	NA	NA	NA
SA597_0051	cds	0	NA	NA	NA	NA	NA
SA597_0052	cds	0.17461790683331	-2.34090062098629	4.07704254714275	-0.574166345805449	0.565855240679958	0.997707303814983
SA597_0053	cds	0	NA	NA	NA	NA	NA
SA597_0054	cds	0	NA	NA	NA	NA	NA
SA597_0055	cds	0.68978171906408	-0.4564580489509	2.21497299451997	-0.206078381127091	0.836729685684222	0.997707303814983
SA597_0056	cds	0	NA	NA	NA	NA	NA
SA597_0057	cds	0.698154051897766	-2.17770244834848	2.30130074150318	-0.946291985690682	0.343999679916021	0.997707303814983
SA597_0058	cds	0.287299118571519	1.00879633507558	3.31009808887493	0.304763275283622	0.760546453769343	0.997707303814983
SA597_0059	cds	0.576782931890397	-1.99844046238362	2.51059089882886	-0.796004025711974	0.426029695521493	0.997707303814983
SA597_0060	cds	0.257822922765066	-2.40687894487496	3.81032180564395	-0.631673403886734	0.527600310469136	0.997707303814983
SA597_0061	cds	0	NA	NA	NA	NA	NA
SA597_0062	cds	2.06950961505613	-0.913825049220371	1.30617439589008	-0.699619478146064	0.484164974983844	0.997707303814983
SA597_0063	cds	0.40235619549851	-0.106235122809596	2.96646235241676	-0.0358120583337412	0.971432218075573	0.997707303814983
SA597_0064	cds	0.280985075491141	0.984630006405658	3.33745982501924	0.295023777971614	0.767975715514231	0.997707303814983
SA597_0065	cds	0.499574383603545	-0.245969030687515	2.59412684569049	-0.094817657469654	0.924459661428184	0.997707303814983
SA597_0066	cds	2.90251625224192	0.530188839338012	1.14717299771754	0.462169908455741	0.6439594806336	0.997707303814983
SA597_0067	cds	0	NA	NA	NA	NA	NA
SA597_0068	cds	0.150656145372399	-0.177667927559659	4.05235334539408	-0.0438431480220245	0.965029432985025	0.997707303814983
SA597_0069	cds	0	NA	NA	NA	NA	NA
SA597_0070	cds	2.5285901776597	0.475540011173481	1.20985047160276	0.393056846556834	0.694277495705298	0.997707303814983
SA597_0071	cds	16.5718154083398	0.0490985249447608	0.534579331433287	0.0918451613404512	0.926821062113709	0.997707303814983
SA597_0072	cds	0.51516381223077	0.204296166421467	2.43738306742367	0.0838178328027072	0.933201269385745	0.997707303814983
SA597_0073	cds	1.46375923323617	-1.78734386807973	1.63322624456957	-1.09436391560728	0.27379540328564	0.997707303814983
SA597_0074	cds	0.09109531546608	-0.0708877398542527	4.0499347609796	-0.0175034275952402	0.98603499844047	0.997707303814983
SA597_0075	cds	1.32476183053516	-1.81889976084306	1.73810316580806	-1.04648550018459	0.295336935978082	0.997707303814983
SA597_0076	cds	0.17461790683331	-2.34090062098629	4.07704254714275	-0.574166345805449	0.565855240679958	0.997707303814983
SA597_0077	cds	0.35680853776547	-0.389689368392649	3.11530014950541	-0.125088867746665	0.900453196324062	0.997707303814983
SA597_0078	cds	0.13664297319912	0.254914424130683	4.04345919102807	0.0630436495306557	0.949731746130076	0.997707303814983
SA597_0079	cds	0.04554765773304	-0.551291124646171	4.0621351136751	-0.135714620321284	0.892046889316486	0.997707303814983
SA597_0080	cds	0.04554765773304	-0.551291124646171	4.0621351136751	-0.135714620321284	0.892046889316486	0.997707303814983
SA597_0081	cds	0.257822922765066	-2.40687894487496	3.81032180564395	-0.631673403886734	0.527600310469136	0.997707303814983
SA597_0082	cds	0.22016556456635	-1.48828503217419	3.72829227239271	-0.399186792085656	0.68975557452517	0.997707303814983
SA597_0083	cds	0	NA	NA	NA	NA	NA
SA597_0084	cds	0.4978551049726	-1.02612383733371	2.80922077770217	-0.36526991594197	0.714909932826374	0.997707303814983
SA597_0085	cds	0.257822922765066	-2.40687894487496	3.81032180564395	-0.631673403886734	0.527600310469136	0.997707303814983
SA597_0086	cds	0.09109531546608	-0.0708877398542527	4.0499347609796	-0.0175034275952402	0.98603499844047	0.997707303814983
SA597_0087	cds	0.17461790683331	-2.34090062098629	4.07704254714275	-0.574166345805449	0.565855240679958	0.997707303814983
SA597_0088	cds	10.5429039106917	-0.16375345950909	0.602969571385746	-0.27157831386541	0.785946275967792	0.997707303814983
SA597_0089	cds	0	NA	NA	NA	NA	NA
SA597_0090	cds	0	NA	NA	NA	NA	NA
SA597_0091	cds	0	NA	NA	NA	NA	NA
SA597_0092	cds	0	NA	NA	NA	NA	NA
SA597_0093	cds	0	NA	NA	NA	NA	NA
SA597_0094	cds	3.45880751101477	0.477291278616343	1.08813264594314	0.438633360000565	0.660927220702467	0.997707303814983
SA597_0095	cds	2.46335045554395	-0.176476683554279	1.25239724906806	-0.140911107626274	0.887940167089616	0.997707303814983
SA597_0096	cds	0.622204184629386	0.506872020292164	2.54378356944467	0.199259098289882	0.842060072403717	0.997707303814983
SA597_0097	cds	2.6918669172571	-0.329676839745953	1.24396392315621	-0.26502122256849	0.790993112949464	0.997707303814983
SA597_0098	cds	1.29698195234393	1.891139750735	1.79935057666574	1.05101239039218	0.293252899197276	0.997707303814983
SA597_0099	cds	8.89755527881916	0.368443164628508	0.736636474932388	0.500169591333806	0.616955668058612	0.997707303814983
SA597_0100	cds	11.0098227762086	0.52652109419193	0.633366373926983	0.831305727406093	0.405800939893005	0.997707303814983
SA597_0101	cds	0	NA	NA	NA	NA	NA
SA597_0102	cds	0.22016556456635	-1.48828503217419	3.72829227239271	-0.399186792085656	0.68975557452517	0.997707303814983
SA597_0103	cds	0	NA	NA	NA	NA	NA
SA597_0104	cds	0.196203803105439	0.378601625027328	3.87864200700591	0.0976119023986921	0.922240472896931	0.997707303814983
SA597_0105	cds	0.04554765773304	-0.551291124646171	4.0621351136751	-0.135714620321284	0.892046889316486	0.997707303814983
SA597_0106	cds	2.08627186805384	-0.894072344384004	1.34784359084837	-0.663335382869795	0.507115780203327	0.997707303814983
SA597_0107	cds	0	NA	NA	NA	NA	NA
SA597_0108	cds	4.05222781623767	-0.539214523526664	0.944823929930879	-0.57070371150116	0.568200502484677	0.997707303814983
SA597_0109	cds	2.19606097679062	-0.295528156947124	1.24906755156634	-0.236599018665188	0.812967881582051	0.997707303814983
SA597_0110	cds	2.69324287802243	0.0109501571787413	1.22599148316959	0.00893167475391555	0.992873649362413	0.999864852633832
SA597_0111	cds	1.71855452275856	-0.782384290477473	1.41871848844938	-0.551472541485377	0.581309784721377	0.997707303814983
SA597_0112	cds	6.94572183740712	-0.654320740295764	0.747904268023827	-0.874872317582387	0.381643382865661	0.997707303814983
SA597_0113	cds	3.17870064547437	-1.44427167879731	1.07007898742516	-1.3496869817737	0.177116409899932	0.997707303814983
SA597_0114	cds	2.27375155837683	-1.65666289916145	1.30373003494117	-1.27071008165905	0.203831807647094	0.997707303814983
SA597_0115	cds	4.77262997308604	0.518565414355691	0.910226445564085	0.569710336238721	0.568874178357928	0.997707303814983
SA597_0116	cds	1.33418023825901	-1.42102743065169	1.65515391035488	-0.858547003853565	0.390590487352821	0.997707303814983
SA597_0117	cds	1.01144266074942	-0.890565842258232	1.99798011534069	-0.445733085840234	0.655790062099636	0.997707303814983
SA597_0118	cds	1.02170882547253	-2.67159873245658	2.03671181590856	-1.31172152662393	0.189614110772911	0.997707303814983
SA597_0119	cds	2.09602928690005	-1.71884502997407	1.35715563360971	-1.26650546732238	0.205332173270398	0.997707303814983
SA597_0120	cds	3.11589957619706	-0.548107894911299	1.21130884812155	-0.452492273759315	0.650914386006253	0.997707303814983
SA597_0121	cds	1.73072201130685	-0.366186049099909	1.51276706672481	-0.242063736813568	0.808730776524957	0.997707303814983
SA597_0122	cds	1.88685838651149	-1.05108321394959	1.39550117914124	-0.753194070818631	0.451333301784153	0.997707303814983
SA597_0123	cds	3.26610424920418	-0.516188527025943	1.03801114045232	-0.497286114676007	0.618987302048397	0.997707303814983
SA597_0124	cds	3.59052339696115	-0.843484332186016	1.02471932361532	-0.823136943695089	0.410430122111335	0.997707303814983
SA597_0125	cds	0	NA	NA	NA	NA	NA
SA597_0126	cds	0.810644093194552	-1.03931574542651	2.26637886693766	-0.45857987849615	0.646535888813561	0.997707303814983
SA597_0127	cds	5.68681576719948	-0.0925073734726749	0.804163460728772	-0.115035534428337	0.908416956591754	0.997707303814983
SA597_0128	cds	0.551101891798541	-1.24375503561704	2.74485507970252	-0.453122295896159	0.650460681385043	0.997707303814983
SA597_0129	cds	0.497516093850236	1.71959967917506	2.74364797806851	0.626756673203257	0.530818748218818	0.997707303814983
SA597_0130	cds	0	NA	NA	NA	NA	NA
SA597_0131	cds	0.951881830843105	-0.955373831477298	1.99761872826732	-0.478256344896186	0.632467763614289	0.997707303814983
SA597_0132	cds	0.235437417758101	0.709821119802056	3.58995287329068	0.197724355961088	0.843260732604926	0.997707303814983
SA597_0133	cds	2.25134461768298	-0.305588667988734	1.3275076331059	-0.230197296322708	0.817938462673105	0.997707303814983
SA597_0134	cds	0.189889760025061	0.379107197203241	3.92795764333622	0.096515092988947	0.923111487414045	0.997707303814983
SA597_0135	cds	0.95549494136347	-0.522496483899451	1.92175517283959	-0.271885040968777	0.785710413698581	0.997707303814983
SA597_0136	cds	0.432440829598376	-3.12465553116329	2.90395900577527	-1.07599849892822	0.28192792772782	0.997707303814983
SA597_0137	cds	6.19880892401057	0.322127054985863	0.800700761611492	0.402306417615427	0.687458532180211	0.997707303814983
SA597_0138	cds	1.73433512182721	-0.184933865583087	1.44341376776411	-0.128122558973201	0.898051983696182	0.997707303814983
SA597_0139	cds	4.85889682677376	0.910388076571826	0.910193136342486	1.00021417457631	0.317206871007484	0.997707303814983
SA597_0140	cds	0.29499824766442	0.946482819515854	3.34248959182713	0.283167020723158	0.777048807797632	0.997707303814983
SA597_0141	cds	0	NA	NA	NA	NA	NA
SA597_0142	cds	0	NA	NA	NA	NA	NA
SA597_0143	cds	0	NA	NA	NA	NA	NA
SA597_0144	cds	0.65180678542989	0.785208882279919	2.20909313924114	0.355443991170808	0.72225699741327	0.997707303814983
SA597_0145	cds	0.545122041336585	0.0416308324724447	2.49868394811057	0.0166611037398006	0.986706977569874	0.997707303814983
SA597_0146	cds	1.92417673358785	-0.126583615818861	1.42628593449088	-0.0887505182220326	0.92928018317036	0.997707303814983
SA597_0147	cds	0	NA	NA	NA	NA	NA
SA597_0148	cds	4.86972935611538	1.40262146439175	0.971038807905364	1.44445459128184	0.148611144075841	0.997707303814983
SA597_0149	cds	1.56000807785184	-1.61787536238874	1.65108939145204	-0.979883567034435	0.3271435954562	0.997707303814983
SA597_0150	cds	2.15609886268327	-1.64790961467769	1.40477415060914	-1.1730779741093	0.240764538317568	0.997707303814983
SA597_0151	cds	0.786200298434278	2.36891558511629	2.19745341076459	1.07802767217351	0.281021407084651	0.997707303814983
SA597_0152	cds	0.569083802797496	-1.38435817261806	2.48538647721349	-0.556999156996359	0.577528005160353	0.997707303814983
SA597_0153	cds	0.257822922765066	-2.40687894487496	3.81032180564395	-0.631673403886734	0.527600310469136	0.997707303814983
SA597_0154	cds	5.29442574831894	0.232842355554212	0.874479079584666	0.26626406621963	0.790035845441161	0.997707303814983
SA597_0155	cds	0.332846776304559	1.23539005979376	3.1227775933907	0.39560616241401	0.692395590289112	0.997707303814983
SA597_0156	cds	0.516422493249242	1.85266667687526	2.63578900599946	0.702888839986169	0.482125026543632	0.997707303814983
SA597_0157	cds	0.17461790683331	-2.34090062098629	4.07704254714275	-0.574166345805449	0.565855240679958	0.997707303814983
SA597_0158	cds	0.150656145372399	-0.177667927559659	4.05235334539408	-0.0438431480220245	0.965029432985025	0.997707303814983
SA597_0159	cds	0.408479068137465	-1.22496700569439	3.0058874635723	-0.407522577122231	0.683624215538988	0.997707303814983
SA597_0160	cds	0.789834844641533	1.13024301573035	2.18991046943117	0.51611380077284	0.605774929602048	0.997707303814983
SA597_0161	cds	0	NA	NA	NA	NA	NA
SA597_0162	cds	0.47718887859658	1.72557251766894	2.54063896054642	0.679188402785816	0.497018494525534	0.997707303814983
SA597_0163	cds	0.196203803105439	0.378601625027328	3.87864200700591	0.0976119023986921	0.922240472896931	0.997707303814983
SA597_0164	cds	1.85599710469252	-2.04663119444343	1.44217570768402	-1.41912749156627	0.155861850303572	0.997707303814983
SA597_0165	cds	1.71511114699273	0.134049959008073	1.513721627816	0.0885565460285332	0.929434343588693	0.997707303814983
SA597_0166	cds	1.82572130015123	-1.4460952900498	1.44325534117413	-1.00196773834445	0.316359174625807	0.997707303814983
SA597_0167	cds	0.348918238231146	-1.04629747287254	3.14730877491827	-0.332441952060997	0.739555564918909	0.997707303814983
SA597_0168	cds	1.41078034825245	0.280288910117441	1.57527124524004	0.177930569712603	0.85877750274155	0.997707303814983
SA597_0169	cds	2.17224705601065	-1.16985672779867	1.38942134543378	-0.841974057504805	0.399802474801446	0.997707303814983
SA597_0170	cds	3.14571478312588	-0.670805246713183	1.1570132491616	-0.579773176494969	0.562067588531199	0.997707303814983
SA597_0171	cds	0.196203803105439	0.378601625027328	3.87864200700591	0.0976119023986921	0.922240472896931	0.997707303814983
SA597_0172	cds	4.22482548618751	-0.28304340605134	0.954568008562737	-0.296514657428662	0.766837074984242	0.997707303814983
SA597_0173	cds	0.31126088003243	-0.656198626071823	3.27395898005212	-0.200429703020096	0.841144531119337	0.997707303814983
SA597_0174	cds	0.04554765773304	-0.551291124646171	4.0621351136751	-0.135714620321284	0.892046889316486	0.997707303814983
SA597_0175	cds	0	NA	NA	NA	NA	NA
SA597_0176	cds	202.082348434668	0.540272621048451	0.213221456168044	2.53385672698273	0.0112814847233216	0.997707303814983
SA597_0177	cds	95.6248041754835	0.332393789229272	0.276082344051745	1.20396612239344	0.228602672822299	0.997707303814983
SA597_0178	cds	0.144342102292021	-0.177667754954771	4.05235334135732	-0.0438431054719582	0.965029466902452	0.997707303814983
SA597_0179	cds	2.70975582490231	-0.15360539764013	1.28321944058056	-0.119703141008085	0.90471831208877	0.997707303814983
SA597_0180	cds	0.280985075491141	0.984630006405658	3.33745982501924	0.295023777971614	0.767975715514231	0.997707303814983
SA597_0181	cds	0.757714881804085	-2.47368741720502	2.27810209149355	-1.08585450425676	0.277543367961304	0.997707303814983
SA597_0182	cds	0.561193503263173	-2.4215573348771	2.67039950788389	-0.906814627447268	0.364504833332785	0.997707303814983
SA597_0183	cds	0.144342102292021	-0.177667754954771	4.05235334135732	-0.0438431054719582	0.965029466902452	0.997707303814983
SA597_0184	cds	0.257822922765066	-2.40687894487496	3.81032180564395	-0.631673403886734	0.527600310469136	0.997707303814983
SA597_0185	cds	0	NA	NA	NA	NA	NA
SA597_0186	cds	0.557415934878918	-1.24439649219151	2.73711988462137	-0.454637189690963	0.649370274958601	0.997707303814983
SA597_0187	cds	0.733292522730701	0.274813331961963	2.28910967850726	0.120052496628807	0.904441562338125	0.997707303814983
SA597_0188	cds	0.674192290436855	-0.983902871325165	2.22427641662146	-0.442347391705772	0.658237841739746	0.997707303814983
SA597_0189	cds	0.04554765773304	-0.551291124646171	4.0621351136751	-0.135714620321284	0.892046889316486	0.997707303814983
SA597_0190	cds	1.55862299183932	-1.42250851039108	1.62872125225333	-0.873389788721083	0.382450654876238	0.997707303814983
SA597_0191	cds	1.33575649471295	-0.946443608350688	1.64785952048497	-0.574347264791204	0.565732831110878	0.997707303814983
SA597_0192	cds	1.3412709290585	0.901018335010495	1.64882313241116	0.546461483526671	0.584748756716798	0.997707303814983
SA597_0193	cds	0	NA	NA	NA	NA	NA
SA597_0194	cds	0.818534392728876	-0.382828978963377	1.97937171601891	-0.193409340885883	0.846638400580524	0.997707303814983
SA597_0195	cds	14.7983818241316	0.434573012331575	0.53312041509328	0.815149823620124	0.414986555131303	0.997707303814983
SA597_0196	cds	68.8891281531019	0.91761908636534	0.280428687559318	3.27220119436333	0.00106713606775386	0.997707303814983
SA597_0197	cds	0	NA	NA	NA	NA	NA
SA597_0198	cds	0.675768546890801	-0.322147361914921	2.29509967701195	-0.140363124591753	0.888373091682928	0.997707303814983
SA597_0199	cds	0.810835263635975	-0.248338523039516	2.05259625172497	-0.120987516580923	0.903700922881458	0.997707303814983
SA597_0200	cds	0	NA	NA	NA	NA	NA
SA597_0201	cds	0	NA	NA	NA	NA	NA
SA597_0202	cds	0	NA	NA	NA	NA	NA
SA597_0203	cds	0.17461790683331	-2.34090062098629	4.07704254714275	-0.574166345805449	0.565855240679958	0.997707303814983
SA597_0204	cds	0.257822922765066	-2.40687894487496	3.81032180564395	-0.631673403886734	0.527600310469136	0.997707303814983
SA597_0205	cds	0	NA	NA	NA	NA	NA
SA597_0206	cds	0	NA	NA	NA	NA	NA
SA597_0207	cds	3.26246970299693	-0.24392416874641	1.06433724970249	-0.229179396675812	0.818729485520677	0.997707303814983
SA597_0208	cds	2.26143470381877	1.26851611866759	1.38227712806371	0.91770028810686	0.358775796803438	0.997707303814983
SA597_0209	cds	2.33270394998974	-0.0696336480840659	1.21554006282614	-0.0572861810265367	0.954317228218813	0.997707303814983
SA597_0210	cds	2.3954339099869	0.87082026029253	1.27178794461842	0.684721272895701	0.493519822578759	0.997707303814983
SA597_0211	cds	2.88678380143769	0.374938455570399	1.12696684302926	0.332696971423375	0.73936303589909	0.997707303814983
SA597_0212	cds	3.51309589871321	1.58514138218961	1.14922062083635	1.37931860379952	0.167796543040116	0.997707303814983
SA597_0213	cds	8.81726844804191	-0.263809352033776	0.71011326858626	-0.37150320055135	0.710262772556109	0.997707303814983
SA597_0214	cds	15.2515528426804	0.0206442251791188	0.506835067430259	0.0407316433012194	0.967509834814348	0.997707303814983
SA597_0215	cds	2.20960873284748	1.17261393939509	1.37447333321046	0.853136915109244	0.393583382177325	0.997707303814983
SA597_0216	cds	9.76437852424898	-0.974813570435693	0.637479960981578	-1.5291673936459	0.126222951598426	0.997707303814983
SA597_0217	cds	0.45230744723956	-1.53759929585362	2.90533375503062	-0.529233274212042	0.596643636927241	0.997707303814983
SA597_0218	cds	12.553251309421	-0.0252280719702531	0.561908165722405	-0.0448971442474397	0.964189293111464	0.997707303814983
SA597_0219	cds	56.9360917088311	0.197601730145945	0.300076544503474	0.658504417507571	0.51021405939565	0.997707303814983
SA597_0220	cds	0.483502921676957	1.73845658057681	2.70530459214716	0.642610294464856	0.520477001572131	0.997707303814983
SA597_0221	cds	0.529050579409997	1.87934974443938	2.61535939151561	0.718581832591005	0.472398610454254	0.997707303814983
SA597_0222	cds	1.24386157051204	0.716071917514493	1.70544767971446	0.419873283731801	0.674578025605181	0.997707303814983
SA597_0223	cds	0.150656145372399	-0.177667927559659	4.05235334539408	-0.0438431480220245	0.965029432985025	0.997707303814983
SA597_0224	cds	1.73811269021146	-0.585510941962769	1.47002760448334	-0.398299283752942	0.690409588372741	0.997707303814983
SA597_0225	cds	1.72027380138951	-0.407609530664991	1.44704276921378	-0.28168450811337	0.778185434410991	0.997707303814983
SA597_0226	cds	0.894816927286841	2.66098241548868	2.05718309848409	1.29350781534688	0.19583548279907	0.997707303814983
SA597_0227	cds	2.20046457079863	-0.936085462979712	1.33694205951321	-0.700169058426175	0.483821732376435	0.997707303814983
SA597_0228	cds	0	NA	NA	NA	NA	NA
SA597_0229	cds	0.332846776304559	1.23539005979376	3.1227775933907	0.39560616241401	0.692395590289112	0.997707303814983
SA597_0230	cds	0.318960009125331	-1.15055420503595	3.27349698673211	-0.351475565641054	0.72523160042813	0.997707303814983
SA597_0231	cds	1.37135556315836	-0.199614960315101	1.61844070958519	-0.123337827041105	0.9018395878454	0.997707303814983
SA597_0232	cds	0.17461790683331	-2.34090062098629	4.07704254714275	-0.574166345805449	0.565855240679958	0.997707303814983
SA597_0233	cds	0.71802066953895	-1.49445936322838	2.32617699936291	-0.642452987729515	0.520579104644802	0.997707303814983
SA597_0234	cds	0.392407606210877	1.40592556343952	2.94344743864836	0.477645887261068	0.632902264897537	0.997707303814983
SA597_0235	cds	1.37924586269269	0.129244405306472	1.58352857242544	0.0816179812332103	0.93495050204387	0.997707303814983
SA597_0236	cds	0	NA	NA	NA	NA	NA
SA597_0237	cds	0	NA	NA	NA	NA	NA
SA597_0238	cds	0.871654774560766	1.15442615618928	2.02599386700242	0.569807330116614	0.568808383351513	0.997707303814983
SA597_0239	cds	82.2702708919284	0.535473993423667	0.263150917512616	2.03485512604376	0.0418654523524434	0.997707303814983
SA597_0240	cds	8.66538639763023	-0.816283522731733	0.693677601824449	-1.17674770035074	0.23929622279762	0.997707303814983
SA597_0241	cds	1.77041622357198	-0.644572395643741	1.39746852541778	-0.461242871606747	0.644624366595084	0.997707303814983
SA597_0242	cds	0.840919897735841	-2.61144829761937	2.21123297930413	-1.18099192715604	0.237605930313127	0.997707303814983
SA597_0243	cds	2.29361335751407	-0.081165758321573	1.29236362198359	-0.0628041187022857	0.949922486096029	0.997707303814983
SA597_0244	cds	12.7039528216434	-0.429153985350318	0.537351222137494	-0.798647081592584	0.424495079347366	0.997707303814983
SA597_0245	cds	1.07694279277163	1.44725121636448	1.940059783194	0.745982793366196	0.455677809280446	0.997707303814983
SA597_0246	cds	3.36571588982834	-0.386625382664529	1.09622292170172	-0.352688650283239	0.724321869043701	0.997707303814983
SA597_0247	cds	0.637602442815188	0.368885291406103	2.37071265498649	0.155601013319856	0.876347526158675	0.997707303814983
SA597_0248	cds	1.51291087624239	-0.760113106871836	1.54135426275463	-0.493146270938001	0.621909238638552	0.997707303814983
SA597_0249	cds	8.45223728793881	-1.15681717069697	0.69278639200612	-1.66980354124328	0.0949582395325995	0.997707303814983
SA597_0250	cds	3.51060631619593	-1.631715848949	1.06278555348401	-1.53531993693359	0.124705259253291	0.997707303814983
SA597_0251	cds	0.150656145372399	-0.177667927559659	4.05235334539408	-0.0438431480220245	0.965029432985025	0.997707303814983
SA597_0252	cds	0.150656145372399	-0.177667927559659	4.05235334539408	-0.0438431480220245	0.965029432985025	0.997707303814983
SA597_0253	cds	0.346859948477837	1.20533040067517	3.11612266133635	0.386804542590844	0.69890091400536	0.997707303814983
SA597_0254	cds	0.144342102292021	-0.177667754954771	4.05235334135732	-0.0438431054719582	0.965029466902452	0.997707303814983
SA597_0255	cds	0.22016556456635	-1.48828503217419	3.72829227239271	-0.399186792085656	0.68975557452517	0.997707303814983
SA597_0256	cds	0.402165025057087	-1.22410913569193	3.01969876846293	-0.405374585199111	0.685202189433302	0.997707303814983
SA597_0257	cds	0.196203803105439	0.378601625027328	3.87864200700591	0.0976119023986921	0.922240472896931	0.997707303814983
SA597_0258	cds	0.17461790683331	-2.34090062098629	4.07704254714275	-0.574166345805449	0.565855240679958	0.997707303814983
SA597_0259	cds	0.962876495020897	0.0519255042363659	1.87008005182411	0.0277664606847802	0.977848416139213	0.997707303814983
SA597_0260	cds	0.559135213509864	-0.0730098874513212	2.71058745394898	-0.0269350790895734	0.978511514592441	0.997707303814983
SA597_0261	cds	0.287299118571519	1.00879633507558	3.31009808887493	0.304763275283622	0.760546453769343	0.997707303814983
SA597_0262	cds	0.792853352637019	0.378727851018387	2.14399979311013	0.17664546994615	0.859786875810503	0.997707303814983
SA597_0263	cds	0.855709717628229	1.21577491129636	2.03708150252977	0.596821928718385	0.550626275663869	0.997707303814983
SA597_0264	cds	0.17461790683331	-2.34090062098629	4.07704254714275	-0.574166345805449	0.565855240679958	0.997707303814983
SA597_0265	cds	3.00328312990623	-0.365111035344838	1.10725451380876	-0.329744454225722	0.741593060991314	0.997707303814983
SA597_0266	cds	1.2667558213959	-0.46181795411369	1.70571413264216	-0.270747568584856	0.786585188253338	0.997707303814983
SA597_0267	cds	0.89263857637226	-1.96428204567228	2.13179904890533	-0.921419890247597	0.356831248159072	0.997707303814983
SA597_0268	cds	4.65718493315556	-1.39923937344689	0.953709234105845	-1.46715510703716	0.142333866082052	0.997707303814983
SA597_0269	cds	1.56111891818937	1.02168303393476	1.62654495087401	0.628130832403839	0.529918236569743	0.997707303814983
SA597_0270	cds	1.29809913651424	-0.701526845019142	1.66959689782488	-0.420177376906413	0.674355880197945	0.997707303814983
SA597_0271	cds	1.20152359121591	0.32210960409853	1.80812353693269	0.178145794531804	0.858608478355471	0.997707303814983
SA597_0272	cds	0.04554765773304	-0.551291124646171	4.0621351136751	-0.135714620321284	0.892046889316486	0.997707303814983
SA597_0273	cds	0	NA	NA	NA	NA	NA
SA597_0274	cds	0	NA	NA	NA	NA	NA
SA597_0275	cds	0	NA	NA	NA	NA	NA
SA597_0276	cds	0.189889760025061	0.379107197203241	3.92795764333622	0.096515092988947	0.923111487414045	0.997707303814983
SA597_0277	cds	0.04554765773304	-0.551291124646171	4.0621351136751	-0.135714620321284	0.892046889316486	0.997707303814983
SA597_0278	cds	0.67247301180591	-1.86688973638427	2.37987844256027	-0.784447517569792	0.43277756570192	0.997707303814983
SA597_0279	cds	7.60166307561215	0.627082027646494	0.78115394345524	0.802763697092474	0.422111328630065	0.997707303814983
SA597_0280	cds	0.04554765773304	-0.551291124646171	4.0621351136751	-0.135714620321284	0.892046889316486	0.997707303814983
SA597_0281	cds	0	NA	NA	NA	NA	NA
SA597_0282	cds	6.17104604022814	-0.986592616816397	0.791027062452927	-1.24722991620165	0.212313206520685	0.997707303814983
SA597_0283	cds	0.44790385323155	0.143713400253358	2.8506178672569	0.0504148247662711	0.959791822953842	0.997707303814983
SA597_0284	cds	0.18219063093216	0.502951840228143	4.03933812507677	0.1245134288476	0.900908768438207	0.997707303814983
SA597_0285	cds	0.856382921369015	-0.0751845548282801	2.01501116026517	-0.0373122275007081	0.97023605614683	0.997707303814983
SA597_0286	cds	0.301312290744797	0.984919544693603	3.6005590915078	0.273546279803215	0.784433322188036	0.997707303814983
SA597_0287	cds	0.757397306368611	-1.12664288169212	2.25957763504788	-0.498607732797922	0.618055756452287	0.997707303814983
SA597_0288	cds	0.643916485895566	0.381893546467162	2.24882176881768	0.169819392431416	0.865152175489976	0.997707303814983
SA597_0289	cds	0.394465895964186	-0.697433859115144	3.0096291097489	-0.231734155167489	0.816744501384122	0.997707303814983
SA597_0290	cds	0.606741160996213	-1.90375271038386	2.59534113294077	-0.733526967311125	0.463237086265086	0.997707303814983
SA597_0291	cds	0	NA	NA	NA	NA	NA
SA597_0292	cds	0	NA	NA	NA	NA	NA
SA597_0293	cds	0.592054785082148	0.142190360223899	2.46691785513791	0.0576388710826975	0.954036286479451	0.997707303814983
SA597_0294	cds	0.622204184629386	0.506872020292164	2.54378356944467	0.199259098289882	0.842060072403717	0.997707303814983
SA597_0295	cds	0	NA	NA	NA	NA	NA
SA597_0296	cds	1.04436223232171	-0.662905252932372	1.93392784147759	-0.342776622123547	0.73176651448176	0.997707303814983
SA597_0297	cds	0	NA	NA	NA	NA	NA
SA597_0298	cds	0	NA	NA	NA	NA	NA
SA597_0299	cds	2.56184394185041	0.738861279226554	1.24551515750691	0.593217412709373	0.553035660835974	0.997707303814983
SA597_0300	cds	0.961491409008374	0.15558822800163	1.9282715382626	0.0806879243479461	0.935690140476253	0.997707303814983
SA597_0301	cds	0.977080837635598	0.479688453895129	1.90946892320165	0.251215638058578	0.801647394745728	0.997707303814983
SA597_0302	cds	0.545122041336585	0.0416308324724447	2.49868394811057	0.0166611037398006	0.986706977569874	0.997707303814983
SA597_0303	cds	1.03020121946749	1.64865531128761	1.915788555476	0.860562250763617	0.389479184299869	0.997707303814983
SA597_0304	cds	0.346859948477837	1.20533040067517	3.11612266133635	0.386804542590844	0.69890091400536	0.997707303814983
SA597_0305	cds	0	NA	NA	NA	NA	NA
SA597_0306	cds	0	NA	NA	NA	NA	NA
SA597_0307	cds	0.09109531546608	-0.0708877398542527	4.0499347609796	-0.0175034275952402	0.98603499844047	0.997707303814983
SA597_0308	cds	0.150656145372399	-0.177667927559659	4.05235334539408	-0.0438431480220245	0.965029432985025	0.997707303814983
SA597_0309	cds	0.2277382886652	0.755189822682868	3.9691869550349	0.190263102050387	0.849102965777112	0.997707303814983
SA597_0310	cds	0.150656145372399	-0.177667927559659	4.05235334539408	-0.0438431480220245	0.965029432985025	0.997707303814983
SA597_0311	cds	0.241751460838479	0.738769447307854	3.55398591984258	0.207870673652127	0.835329948025553	0.997707303814983
SA597_0312	cds	0.772860330001785	0.94145475937631	2.2201095954028	0.42405778585246	0.671523670972793	0.997707303814983
SA597_0313	cds	0.09109531546608	-0.0708877398542527	4.0499347609796	-0.0175034275952402	0.98603499844047	0.997707303814983
SA597_0314	cds	1.35343841760678	1.78267764239449	1.80306745080276	0.988691599751752	0.322814054000339	0.997707303814983
SA597_0315	cds	0.325274052205709	-1.15184208632787	3.25280115261145	-0.354107746611911	0.723258136797051	0.997707303814983
SA597_0316	cds	5.79509338492968	0.326632879345529	0.825365593019521	0.395743270749359	0.692294430555514	0.997707303814983
SA597_0317	cds	1.35833317016134	-1.48352387991855	1.73969218829568	-0.852750785397223	0.393797521189631	0.997707303814983
SA597_0318	cds	1.31638949770148	-0.700569638867664	1.59938962539735	-0.438023123160884	0.661369521396811	0.997707303814983
SA597_0319	cds	0.963549698761683	-1.10420768151798	2.02278988541131	-0.545883529219571	0.585146000933239	0.997707303814983
SA597_0320	cds	0.34923581366662	-2.93108830103	3.38147793768447	-0.866806868193592	0.386047838289929	0.997707303814983
SA597_0321	cds	0.13664297319912	0.254914424130683	4.04345919102807	0.0630436495306557	0.949731746130076	0.997707303814983
SA597_0322	cds	0.86250579400797	-0.728307631013981	2.17623278236987	-0.334664396618853	0.737878261582885	0.997707303814983
SA597_0323	cds	0.478573964609103	1.67449466090823	2.77751732689587	0.602874604847068	0.546592111200004	0.997707303814983
SA597_0324	cds	0.150656145372399	-0.177667927559659	4.05235334539408	-0.0438431480220245	0.965029432985025	0.997707303814983
SA597_0325	cds	1.85948381021883	-0.849899733774786	1.4561508768248	-0.58366186313607	0.559447830208459	0.997707303814983
SA597_0326	cds	0.530435665422521	1.82844118760651	2.46041662438639	0.743142917131974	0.457395158664893	0.997707303814983
SA597_0327	cds	10.2846164834095	1.32619130458995	0.670040924396799	1.97926911073954	0.0477857154401553	0.997707303814983
SA597_0328	cds	16.1941959294181	0.619564073697334	0.506173660327269	1.2240148436344	0.220946628000989	0.997707303814983
SA597_0329	cds	4.52611203450217	-0.164399648049794	0.941824975565385	-0.174554351726661	0.861429819823804	0.997707303814983
SA597_0330	cds	0	NA	NA	NA	NA	NA
SA597_0331	cds	0	NA	NA	NA	NA	NA
SA597_0332	cds	0	NA	NA	NA	NA	NA
SA597_0333	cds	0	NA	NA	NA	NA	NA
SA597_0334	cds	0.09109531546608	-0.0708877398542527	4.0499347609796	-0.0175034275952402	0.98603499844047	0.997707303814983
SA597_0335	cds	0	NA	NA	NA	NA	NA
SA597_0336	cds	1.72027380138951	-0.407609530664991	1.44704276921378	-0.28168450811337	0.778185434410991	0.997707303814983
SA597_0337	cds	2.92762940238643	0.508160379565659	1.13835732059331	0.446397954642928	0.655309810015928	0.997707303814983
SA597_0338	cds	16.1493595056829	-1.41101357123112	0.50982128956807	-2.76766310097907	0.00564597865289346	0.997707303814983
SA597_0339	cds	0.189889760025061	0.379107197203241	3.92795764333622	0.096515092988947	0.923111487414045	0.997707303814983
SA597_0340	cds	0.334231862317082	1.163070610804	3.15665180247503	0.368450714105393	0.712537188575025	0.997707303814983
SA597_0341	cds	1.02262849536864	0.595378017613354	1.87739856867201	0.317129259363662	0.751145524103464	0.997707303814983
SA597_0342	cds	0	NA	NA	NA	NA	NA
SA597_0343	cds	35.137807290908	-0.177771828466725	0.354540818321182	-0.501414278075252	0.616079593252844	0.997707303814983
SA597_0344	cds	9.52299620486709	1.0396859085197	0.760926740173059	1.36634166422282	0.171831749508672	0.997707303814983
SA597_0345	cds	1.08443878546969	-0.0037588544832249	1.93467328117637	-0.00194288850722089	0.998449800232014	0.999945081387422
SA597_0346	cds	8.25803575716064	0.0331778918663915	0.685175065289537	0.0484225033092403	0.961379525291328	0.997707303814983
SA597_0347	cds	17.5340847419609	-0.946468470651449	0.546030120286118	-1.73336311585797	0.0830311490381	0.997707303814983
SA597_0348	cds	1.62269998497916	0.0709896615123505	1.62297049378463	0.0437405743260363	0.965111196515694	0.997707303814983
SA597_0349	cds	7.26914458461091	-0.871147853662076	0.730033755726578	-1.19329804523224	0.232752667788703	0.997707303814983
SA597_0350	cds	11.455037145155	0.440149450098671	0.596950494229159	0.737329903155596	0.460921751606374	0.997707303814983
SA597_0351	cds	13.9799904535798	0.48873908371539	0.542122176441857	0.901529406015376	0.367306906145849	0.997707303814983
SA597_0352	cds	48.1113549143264	0.0880769762854675	0.33029002875982	0.266665562433661	0.789726671202772	0.997707303814983
SA597_0353	cds	73.0398451965325	0.14768832445772	0.281413551593386	0.524808857361336	0.599716073568434	0.997707303814983
SA597_0354	cds	0	NA	NA	NA	NA	NA
SA597_0355	cds	0.13664297319912	0.254914424130683	4.04345919102807	0.0630436495306557	0.949731746130076	0.997707303814983
SA597_0356	cds	2.01894714360725	-2.43854514041629	1.438911488046	-1.69471517926913	0.0901294647262562	0.997707303814983
SA597_0357	cds	2.04210929633333	-1.11889924349038	1.32166667930242	-0.846582017245787	0.397228140755688	0.997707303814983
SA597_0358	cds	0.144342102292021	-0.177667754954771	4.05235334135732	-0.0438431054719582	0.965029466902452	0.997707303814983
SA597_0359	cds	0.04554765773304	-0.551291124646171	4.0621351136751	-0.135714620321284	0.892046889316486	0.997707303814983
SA597_0360	cds	0.257822922765066	-2.40687894487496	3.81032180564395	-0.631673403886734	0.527600310469136	0.997707303814983
SA597_0361	cds	0.04554765773304	-0.551291124646171	4.0621351136751	-0.135714620321284	0.892046889316486	0.997707303814983
SA597_0362	cds	0.58137769633983	-3.27579858760644	2.64421194214783	-1.23885628659009	0.215398724667071	0.997707303814983
SA597_0363	cds	0	NA	NA	NA	NA	NA
SA597_0364	cds	0	NA	NA	NA	NA	NA
SA597_0365	cds	0.370821709938749	-0.579726411031993	2.8853508885648	-0.200920592822717	0.840760665305553	0.997707303814983
SA597_0366	cds	1.57043485208229	-0.613449251414042	1.56587681195832	-0.391760863133829	0.695234914894132	0.997707303814983
SA597_0367	cds	0.378394434037599	1.43062120839773	2.9733360837635	0.481150185547447	0.63040976218417	0.997707303814983
SA597_0368	cds	3.01933315614592	-0.465418467995673	1.09205247632504	-0.426186907759134	0.66997165667833	0.997707303814983
SA597_0369	cds	0.287299118571519	1.00879633507558	3.31009808887493	0.304763275283622	0.760546453769343	0.997707303814983
SA597_0370	cds	0.04554765773304	-0.551291124646171	4.0621351136751	-0.135714620321284	0.892046889316486	0.997707303814983
SA597_0371	cds	0	NA	NA	NA	NA	NA
SA597_0372	cds	0	NA	NA	NA	NA	NA
SA597_0373	cds	0	NA	NA	NA	NA	NA
SA597_0374	cds	0	NA	NA	NA	NA	NA
SA597_0375	cds	0.303370580498106	-1.5466668551324	3.31036935537098	-0.467218817327128	0.640343332007668	0.997707303814983
SA597_0376	cds	0.04554765773304	-0.551291124646171	4.0621351136751	-0.135714620321284	0.892046889316486	0.997707303814983
SA597_0377	cds	0	NA	NA	NA	NA	NA
SA597_0378	cds	0	NA	NA	NA	NA	NA
SA597_0379	cds	0	NA	NA	NA	NA	NA
SA597_0380	cds	3.49986724342066	-0.759981436814269	1.093567860874	-0.694955899862382	0.487082939082586	0.997707303814983
SA597_0381	cds	1.68793970709491	1.08284784273226	1.62111332084317	0.66796554491888	0.504155586379742	0.997707303814983
SA597_0382	cds	0.144342102292021	-0.177667754954771	4.05235334135732	-0.0438431054719582	0.965029466902452	0.997707303814983
SA597_0383	cds	0.674192290436855	-0.983902871325165	2.22427641662146	-0.442347391705772	0.658237841739746	0.997707303814983
SA597_0384	cds	1.01000040920788	0.589885957336836	1.98785663806867	0.296744717923899	0.76666141392182	0.997707303814983
SA597_0385	cds	0	NA	NA	NA	NA	NA
SA597_0386	cds	0.144342102292021	-0.177667754954771	4.05235334135732	-0.0438431054719582	0.965029466902452	0.997707303814983
SA597_0387	cds	0	NA	NA	NA	NA	NA
SA597_0388	cds	0	NA	NA	NA	NA	NA
SA597_0389	cds	0.287299118571519	1.00879633507558	3.31009808887493	0.304763275283622	0.760546453769343	0.997707303814983
SA597_0390	cds	0.09109531546608	-0.0708877398542527	4.0499347609796	-0.0175034275952402	0.98603499844047	0.997707303814983
SA597_0391	cds	0.557415934878918	-1.24439649219151	2.73711988462137	-0.454637189690963	0.649370274958601	0.997707303814983
SA597_0392	cds	0	NA	NA	NA	NA	NA
SA597_0393	cds	0.196203803105439	0.378601625027328	3.87864200700591	0.0976119023986921	0.922240472896931	0.997707303814983
SA597_0394	cds	0.196203803105439	0.378601625027328	3.87864200700591	0.0976119023986921	0.922240472896931	0.997707303814983
SA597_0395	cds	0.4978551049726	-1.02612383733371	2.80922077770217	-0.36526991594197	0.714909932826374	0.997707303814983
SA597_0396	cds	2.73965490993768	-0.193566782803114	1.1846815463647	-0.163391405392522	0.87021026945493	0.997707303814983
SA597_0397	cds	3.27865407863531	0.0183405405715733	1.12573434753838	0.0162920680280194	0.987001385499686	0.997707303814983
SA597_0398	cds	1.89527404910566	-0.0862714599640512	1.46272028460623	-0.0589801487488608	0.952967919585638	0.997707303814983
SA597_0399	cds	0.318960009125331	-1.15055420503595	3.27349698673211	-0.351475565641054	0.72523160042813	0.997707303814983
SA597_0400	cds	3.92797208516462	0.195991506411715	0.999594516924808	0.19607100988776	0.844554586586177	0.997707303814983
SA597_0401	cds	2.14058616545683	-0.557166415362925	1.36205835862344	-0.409062072733817	0.682494108795416	0.997707303814983
SA597_0402	cds	0.241751460838479	0.738769447307854	3.55398591984258	0.207870673652127	0.835329948025553	0.997707303814983
SA597_0403	cds	0.394465895964186	-0.697433859115144	3.0096291097489	-0.231734155167489	0.816744501384122	0.997707303814983
SA597_0404	cds	1.62857004763001	1.30269553027475	1.56018308995359	0.834963241598455	0.403738405165892	0.997707303814983
SA597_0405	cds	1.25477037804185	0.383538861979599	1.71117214914084	0.224138092810924	0.822649852636851	0.997707303814983
SA597_0406	cds	0.04554765773304	-0.551291124646171	4.0621351136751	-0.135714620321284	0.892046889316486	0.997707303814983
SA597_0407	cds	2.10515683176596	-0.177207852059424	1.31592486893875	-0.1346641105752	0.892877450268041	0.997707303814983
SA597_0408	cds	1.745329786005	0.319734866627619	1.51087496452026	0.211622320930537	0.832401694122356	0.997707303814983
SA597_0409	cds	10.5332553095092	-0.419865380030046	0.595235179044852	-0.705377294238197	0.480575470347963	0.997707303814983
SA597_0410	cds	0.786200298434278	2.36891558511629	2.19745341076459	1.07802767217351	0.281021407084651	0.997707303814983
SA597_0411	cds	0.189889760025061	0.379107197203241	3.92795764333622	0.096515092988947	0.923111487414045	0.997707303814983
SA597_0412	cds	0.56940137823297	-2.55267542789449	2.63634801382254	-0.968261934505859	0.332913570365045	0.997707303814983
SA597_0413	cds	0.463302111417352	-0.0508797601530505	2.88246013033265	-0.017651505260258	0.985916867808523	0.997707303814983
SA597_0414	cds	2.11933446180313	-0.740440124783388	1.29477250551264	-0.571868897146704	0.567410796824329	0.997707303814983
SA597_0415	cds	0	NA	NA	NA	NA	NA
SA597_0416	cds	11.2671628035095	0.477098299466056	0.602228927710298	0.792220827518208	0.428231926414681	0.997707303814983
SA597_0417	cds	3.9482248920452	-0.396414263341964	0.998669326570166	-0.396942464132157	0.691409889268104	0.997707303814983
SA597_0418	cds	32.4370293971703	-0.194020820012176	0.358401196738113	-0.541350926777037	0.588265724708031	0.997707303814983
SA597_0419	cds	11.8250212902838	-0.317822607452626	0.613453817140941	-0.518087260315484	0.60439738841048	0.997707303814983
SA597_0420	cds	6.37137488492335	-0.733256222437009	0.764283766678924	-0.959403109689559	0.337355709139169	0.997707303814983
SA597_0421	cds	0	NA	NA	NA	NA	NA
SA597_0422	cds	0.348918238231146	-1.04629747287254	3.14730877491827	-0.332441952060997	0.739555564918909	0.997707303814983
SA597_0423	cds	10.0300703108615	-0.830007249821396	0.624190915886572	-1.32973298504752	0.183606262857352	0.997707303814983
SA597_0424	cds	4.7375801988636	-0.352622947779272	0.931534941089141	-0.378539689951929	0.705029715066014	0.997707303814983
SA597_0425	cds	10.4285892769705	-0.217887533041382	0.603543192294872	-0.361013985118283	0.718088992497407	0.997707303814983
SA597_0426	cds	0.900020130029687	-1.27977416134568	2.06364425673526	-0.62015250795712	0.535157385338416	0.997707303814983
SA597_0427	cds	0.629903313722287	0.461413652657549	2.36729667010417	0.194911629997454	0.845462129387704	0.997707303814983
SA597_0428	cds	5.75717856551333	0.790358001815184	0.846695823312267	0.933461557331546	0.350581710123389	0.997707303814983
SA597_0429	cds	0.873231031014712	1.38453934011518	2.11748337671174	0.653860783674836	0.513201501525845	0.997707303814983
SA597_0430	cds	0.378394434037599	1.43062120839773	2.9733360837635	0.481150185547447	0.63040976218417	0.997707303814983
SA597_0431	cds	0.43164122086354	1.56508497062138	2.63677543996339	0.59356020497639	0.552806304204891	0.997707303814983
SA597_0432	cds	0.17461790683331	-2.34090062098629	4.07704254714275	-0.574166345805449	0.565855240679958	0.997707303814983
SA597_0433	cds	0.04554765773304	-0.551291124646171	4.0621351136751	-0.135714620321284	0.892046889316486	0.997707303814983
SA597_0434	cds	0.930295934570976	-2.43984341909393	2.03009966048668	-1.20183430724234	0.229427730542695	0.997707303814983
SA597_0435	cds	10.1775226851121	0.378674688916544	0.643723567870154	0.588256680067564	0.556360017898287	0.997707303814983
SA597_0436	cds	9.31063160688229	-0.0491977272580665	0.630194747730181	-0.0780674980793883	0.937774361039937	0.997707303814983
SA597_0437	cds	1.95035739430941	0.208181093008042	1.4477043122363	0.143800837815051	0.885657741271996	0.997707303814983
SA597_0438	cds	3.3836978008273	-0.461762061235375	1.02495572149035	-0.450519033704154	0.652336233005723	0.997707303814983
SA597_0439	cds	11.3200707345559	-1.27783758003671	0.601974256874668	-2.1227445616545	0.0337752626768858	0.997707303814983
SA597_0440	cds	5.08490306798162	-0.180910979278026	0.858541522856529	-0.210718962871011	0.833106576600937	0.997707303814983
SA597_0441	cds	8.16538992767076	-0.0385959901755967	0.674692150825276	-0.057205334504613	0.954381628801108	0.997707303814983
SA597_0442	cds	9.99510917470143	-0.427742161240425	0.624367457253909	-0.685080806616219	0.493292931085824	0.997707303814983
SA597_0443	cds	10.9304183976594	-0.0284666676904616	0.602262324086538	-0.0472662269446084	0.962301044977947	0.997707303814983
SA597_0444	cds	0	NA	NA	NA	NA	NA
SA597_0445	cds	9.18605545966754	0.12572499983118	0.672823960233527	0.186861656632357	0.851769103184812	0.997707303814983
SA597_0446	cds	4.78150952646779	1.15944277994241	0.987808515169632	1.17375256655214	0.240494148232376	0.997707303814983
SA597_0447	cds	90.584459203391	0.495396738250273	0.251715904148421	1.96807881459158	0.0490589700230623	0.997707303814983
SA597_0448	cds	2.54734873637777	1.50984359650107	1.30685881080166	1.15532265920516	0.24795832022339	0.997707303814983
SA597_0449	cds	9.61297851832452	-0.309228376978059	0.707417086258721	-0.437123138505826	0.66202204754412	0.997707303814983
SA597_0450	cds	3.346374635247	-0.156502060494319	1.0489801793123	-0.149194487732761	0.881400169466454	0.997707303814983
SA597_0451	cds	4.72232065611155	-0.686690585193184	0.959364133996657	-0.715776795128321	0.474129182988808	0.997707303814983
SA597_0452	cds	0.947287066393672	-0.308017009487072	1.95629545415474	-0.157449126016682	0.874890899267405	0.997707303814983
SA597_0453	cds	1.62995513364254	1.26827662768379	1.56470851035379	0.810551370617283	0.417623352980416	0.997707303814983
SA597_0454	cds	6.1673470730598	-1.38699675620818	0.775985257625599	-1.7874009107495	0.0738727145394208	0.997707303814983
SA597_0455	cds	0.621530980888601	2.08700589510594	2.31126845423062	0.902969921683404	0.3665418587138	0.997707303814983
SA597_0456	cds	0.493260340523167	-0.267662567773445	2.60434120361992	-0.102775537783377	0.918141120455529	0.997707303814983
SA597_0457	cds	31.6096467337059	-0.828284775353228	0.369291454007065	-2.24290263521068	0.0249030938009529	0.997707303814983
SA597_0458	cds	8.21210559127035	0.259977063652844	0.726888747959723	0.357657295401207	0.720599795121073	0.997707303814983
SA597_0459	cds	17.1965249890528	0.149624726841882	0.481969078779695	0.310444660102925	0.756222836691553	0.997707303814983
SA597_0460	cds	2.37413887657271	-0.511494740235925	1.24852416755091	-0.409679486813033	0.682041079708786	0.997707303814983
SA597_0461	cds	0.461917025404829	0.0839490803264061	2.63404260403265	0.031870813402138	0.974575074341782	0.997707303814983
SA597_0462	cds	1.85519749595768	-0.425118744927671	1.36734495466957	-0.310908189974931	0.75587041813496	0.997707303814983
SA597_0463	cds	11.5956894055259	0.211125051040078	0.596114782663885	0.354168454096397	0.723212643329584	0.997707303814983
SA597_0464	cds	0.04554765773304	-0.551291124646171	4.0621351136751	-0.135714620321284	0.892046889316486	0.997707303814983
SA597_0465	cds	3.43698264052308	-0.356503477499335	1.05276886589633	-0.338634138079117	0.73488536202359	0.997707303814983
SA597_0466	cds	0.833806245920627	0.970232411947054	2.05214021394786	0.472790506882832	0.636362647514516	0.997707303814983
SA597_0467	cds	3.94029653964104	-0.589272983605638	0.943368079218075	-0.624647999637708	0.53220210906697	0.997707303814983
SA597_0468	cds	9.50631004692788	-0.120790959616329	0.632627143766096	-0.190935467765812	0.848576152065645	0.997707303814983
SA597_0469	cds	2.65913323923559	-1.28538422507778	1.22883963920899	-1.04601461742005	0.295554283642344	0.997707303814983
SA597_0470	cds	8.10658152838224	-0.25973682083349	0.676362650056014	-0.384020053165236	0.700963584663321	0.997707303814983
SA597_0471	cds	41.0677277886826	-0.202476058221039	0.348558030850266	-0.580896264897763	0.561310369850094	0.997707303814983
SA597_0472	cds	5.01444619937189	1.00767173185633	0.89093802834369	1.13102337064863	0.258045254972307	0.997707303814983
SA597_0473	cds	1.69807946682397	0.70522835473982	1.47294047314194	0.478789447095233	0.632088424826085	0.997707303814983
SA597_0474	cds	9.21193123261918	-1.25463152708208	0.649405776769768	-1.93196853487011	0.0533633896508087	0.997707303814983
SA597_0475	cds	1.25556998677668	-2.02459860282753	1.72705632367395	-1.17228290419656	0.241083492990763	0.997707303814983
SA597_0476	cds	1.98050679385665	0.355720854701435	1.49074854103455	0.238618952096758	0.811401067942412	0.997707303814983
SA597_0477	cds	0.58137769633983	-3.27579858760644	2.64421194214783	-1.23885628659009	0.215398724667071	0.997707303814983
SA597_0478	cds	2.71481118696422	-0.614515337322856	1.20575040792279	-0.509653849822464	0.610293990389078	0.997707303814983
SA597_0479	cds	1.00104259909651	-0.353511405459168	1.88139009785677	-0.187899046487955	0.850955790217428	0.997707303814983
SA597_0480	cds	1.01144266074942	-0.890565842258232	1.99798011534069	-0.445733085840234	0.655790062099636	0.997707303814983
SA597_0481	cds	0.770928445242527	0.995065744803587	2.29313029740567	0.433933364331436	0.664336830661839	0.997707303814983
SA597_0482	cds	0.235437417758101	0.709821119802056	3.58995287329068	0.197724355961088	0.843260732604926	0.997707303814983
SA597_0483	cds	5.94662836591393	-0.0938818456363418	0.791210171444371	-0.118656014576959	0.905547885557518	0.997707303814983
SA597_0484	cds	12.0504514330706	0.270279901472303	0.601063778078105	0.449669255293541	0.652948943088566	0.997707303814983
SA597_0485	cds	27.6435912275832	0.756978230649636	0.402566178244294	1.8803820876136	0.0600560229969664	0.997707303814983
SA597_0486	cds	22.6373387921556	1.00480767242165	0.453535504936906	2.21549947354494	0.0267258004401394	0.997707303814983
SA597_0487	cds	17.5049407394234	0.687716374645416	0.493398904052173	1.39383441875804	0.163367611896089	0.997707303814983
SA597_0488	cds	1.55068829560238	3.38959315608665	1.73837129187953	1.9498671957599	0.0511919499523005	0.997707303814983
SA597_0489	cds	74.9824980594371	-0.296921772748251	0.255085709034196	-1.16400786963901	0.244420822577988	0.997707303814983
SA597_0490	cds	85.1143360272265	-0.12635124443667	0.265848664159344	-0.475275077406209	0.63459092061406	0.997707303814983
SA597_0491	cds	15.0711596550774	1.03085553888661	0.571190304622866	1.80474971396309	0.0711138565493472	0.997707303814983
SA597_0492	cds	27.7890331850879	1.37700406840251	0.439986883874278	3.12964799377061	0.00175015887967154	0.997707303814983
SA597_0493	cds	28.2563724711793	0.89579279652412	0.421805800100389	2.12370905357613	0.0336944798663788	0.997707303814983
SA597_0494	cds	193.965331686713	0.76664031663002	0.199505742043099	3.84269800347102	0.000121689169062524	0.270149955318803
SA597_0495	cds	213.012269080674	0.424835573530622	0.203777017002296	2.0848061267176	0.0370869023660091	0.997707303814983
SA597_0496	cds	1.60559906534536	0.612026417309599	1.59136250319917	0.384592709756087	0.700539196227758	0.997707303814983
SA597_0497	cds	9.04753159067981	0.386331301618014	0.657464091558207	0.587608215533717	0.556795295358377	0.997707303814983
SA597_0498	cds	6.99841780468126	0.436071454856449	0.779444524612915	0.559464389172545	0.575844828109919	0.997707303814983
SA597_0499	cds	0.873357436008763	0.210400026076697	2.11889949551314	0.0992968408941664	0.920902586623715	0.997707303814983
SA597_0500	cds	7.03321878972067	0.324547147228469	0.751678332248138	0.431763339855501	0.665913426652598	0.997707303814983
SA597_0501	cds	7.46354603385184	-0.216892798696706	0.717839253402905	-0.302146751753307	0.762540194135644	0.997707303814983
SA597_0502	cds	1.8260388755867	-2.0151497103411	1.4550067228143	-1.38497621952108	0.166059738974352	0.997707303814983
SA597_0503	cds	0.56071146996381	0.427574471501799	2.33845219940281	0.182845076589973	0.854919578765291	0.997707303814983
SA597_0504	cds	0	NA	NA	NA	NA	NA
SA597_0505	cds	1.52029242989982	-0.32251394909331	1.53013857268267	-0.210774340867619	0.833063361762729	0.997707303814983
SA597_0506	cds	0.709791358882263	0.539885934503629	2.50439822473128	0.215575114681116	0.829318955307545	0.997707303814983
SA597_0507	cds	0.60625912769685	0.618578512534578	2.2667217568866	0.272895652346944	0.784933428648903	0.997707303814983
SA597_0508	cds	2.79872995498283	-3.03048242507792	1.34521951444356	-2.25277911340102	0.0242730797703969	0.997707303814983
SA597_0509	cds	6.61497202938682	-0.719497384315466	0.754559678695773	-0.953532774980886	0.340320198262353	0.997707303814983
SA597_0510	cds	31.8551950753323	-0.545816936305774	0.432040671890392	-1.26334618895382	0.206464793639253	0.997707303814983
SA597_0511	cds	1.11042827574983	0.0618335083085638	1.85634643387194	0.0333092504611827	0.97342797705316	0.997707303814983
SA597_0512	cds	1.68813087753633	1.34065413000416	1.54965569998048	0.865130318961201	0.386967265379355	0.997707303814983
SA597_0513	cds	4.08991937894968	0.417220815456854	1.01972660811276	0.40914968005887	0.682429819737022	0.997707303814983
SA597_0514	cds	3.55472681424154	0.602780939624212	1.05475608899573	0.571488466303278	0.567668576382674	0.997707303814983
SA597_0515	cds	1.71110185982098	2.30349214558747	1.66593637265281	1.38270115437808	0.166756517811926	0.997707303814983
SA597_0516	cds	0.417628048690261	1.58591998785398	2.86501316257004	0.553547190837806	0.579888775839864	0.997707303814983
SA597_0517	cds	5.33277740145905	-0.146987493667863	0.828478414087661	-0.177418616065849	0.859179585765107	0.997707303814983
SA597_0518	cds	7.56703386833463	0.662498553590607	0.735513662772061	0.900729091956948	0.36773237676877	0.997707303814983
SA597_0519	cds	0	NA	NA	NA	NA	NA
SA597_0520	cds	4.92610533841563	-0.702472236161869	0.878966687567682	-0.799202343044175	0.424173093567875	0.997707303814983
SA597_0521	cds	0	NA	NA	NA	NA	NA
SA597_0522	cds	0.650230528975944	0.399987789862108	2.35823774833017	0.169613004518028	0.86531449461813	0.997707303814983
SA597_0523	cds	0	NA	NA	NA	NA	NA
SA597_0524	cds	0	NA	NA	NA	NA	NA
SA597_0525	cds	0.303370580498106	-1.5466668551324	3.31036935537098	-0.467218817327128	0.640343332007668	0.997707303814983
SA597_0526	cds	6.33245635022993	-0.354186460434192	0.772368842580957	-0.458571657617154	0.646541793462031	0.997707303814983
SA597_0527	cds	0.703668486243307	0.941877149120105	2.26604739919939	0.415647593890965	0.677667894510313	0.997707303814983
SA597_0528	cds	0.497516093850236	1.71959967917506	2.74364797806851	0.626756673203257	0.530818748218818	0.997707303814983
SA597_0529	cds	1.36241918873388	-2.21634747039953	1.8534349817043	-1.19580535183463	0.231772526956019	0.997707303814983
SA597_0530	cds	5.69665904269367	-0.0841867060589395	0.85163781710687	-0.0988527098819229	0.921255216968092	0.997707303814983
SA597_0531	cds	0.40675978950652	-2.4017775644379	3.22865577229015	-0.743893971308769	0.456940622906389	0.997707303814983
SA597_0532	cds	1.67630240011041	-0.23276052286207	1.44560408634492	-0.161012634829073	0.872083449329434	0.997707303814983
SA597_0533	cds	3.54939408060395	0.630988565521555	1.07260501352128	0.588276725884458	0.556346564923051	0.997707303814983
SA597_0534	cds	21.2806531865878	0.101646133334124	0.513333405700014	0.198011920138945	0.843035737463868	0.997707303814983
SA597_0535	cds	6.42937885697308	0.373210674261868	0.778126179853048	0.479627448510151	0.631492325060177	0.997707303814983
SA597_0536	cds	1.57544966579812	0.450010236775837	1.51259259943663	0.297509214935631	0.76607777382246	0.997707303814983
SA597_0537	cds	2.50198946767174	-0.693064022730131	1.24313246249594	-0.557514218025171	0.57717614756748	0.997707303814983
SA597_0538	cds	0.967344854476279	1.07948812083878	2.09809451909686	0.514508813122228	0.606896300282881	0.997707303814983
SA597_0539	cds	0.17461790683331	-2.34090062098629	4.07704254714275	-0.574166345805449	0.565855240679958	0.997707303814983
SA597_0540	cds	0.09109531546608	-0.0708877398542527	4.0499347609796	-0.0175034275952402	0.98603499844047	0.997707303814983
SA597_0541	cds	0	NA	NA	NA	NA	NA
SA597_0542	cds	1.07555770675911	1.49358724909278	1.88029939808248	0.79433480147679	0.427000549111432	0.997707303814983
SA597_0543	cds	0.839200619104896	-3.87444216854145	2.21293794522727	-1.75081374373719	0.0799779984192397	0.997707303814983
SA597_0544	cds	0.22016556456635	-1.48828503217419	3.72829227239271	-0.399186792085656	0.68975557452517	0.997707303814983
SA597_0545	cds	0	NA	NA	NA	NA	NA
SA597_0546	cds	0.318960009125331	-1.15055420503595	3.27349698673211	-0.351475565641054	0.72523160042813	0.997707303814983
SA597_0547	cds	2.46697105800007	1.07535084331702	1.27751679481159	0.841750846395419	0.39992743064899	0.997707303814983
SA597_0548	cds	6.09305297506056	0.490563247055279	0.792773802271402	0.618793463721619	0.53605242870689	0.997707303814983
SA597_0549	cds	0.742710930454547	0.663223945123373	2.17563134810566	0.304842061455332	0.760486444813846	0.997707303814983
SA597_0550	cds	6.54236487532036	-0.324071682493974	0.763469503425121	-0.424472334572769	0.671221377373427	0.997707303814983
SA597_0551	cds	1.44054740691684	-0.22567305248828	1.64645594102302	-0.137065952914633	0.890978664063529	0.997707303814983
SA597_0552	cds	22.4843276184419	0.0413848975590331	0.443422325397298	0.0933306583558982	0.925640876527608	0.997707303814983
SA597_0553	cds	0.325274052205709	-1.15184208632787	3.25280115261145	-0.354107746611911	0.723258136797051	0.997707303814983
SA597_0554	cds	6.26804097162884	-0.0308031277547265	0.798514561354838	-0.0385755366845946	0.969228806669234	0.997707303814983
SA597_0555	cds	0	NA	NA	NA	NA	NA
SA597_0556	cds	0.779300778076214	-0.595523783212035	2.13690458938296	-0.278685246955267	0.780486385367575	0.997707303814983
SA597_0557	cds	0.711367615336208	0.879676635914733	2.16392633749675	0.406518752820557	0.684361480977443	0.997707303814983
SA597_0558	cds	1.99576202986545	0.236811669654279	1.40802711534885	0.168186867335723	0.866436272127273	0.997707303814983
SA597_0559	cds	0.84709091863922	-2.3430117972783	2.17518491565602	-1.07715522501758	0.281410924693599	0.997707303814983
SA597_0560	cds	12.0422449695292	-0.607978911516345	0.623797358810567	-0.974641689210765	0.329738026576582	0.997707303814983
SA597_0561	cds	0.719739948169895	-0.687321452622503	2.15188718397932	-0.319404036484614	0.749420150337753	0.997707303814983
SA597_0562	cds	0.96306766546232	0.530396976156393	1.92614935095651	0.27536648489537	0.783034690281061	0.997707303814983
SA597_0563	cds	6.44543852022066	-0.468911632209381	0.780835951779348	-0.600525156584859	0.548156300461444	0.997707303814983
SA597_0564	cds	0	NA	NA	NA	NA	NA
SA597_0565	cds	0.04554765773304	-0.551291124646171	4.0621351136751	-0.135714620321284	0.892046889316486	0.997707303814983
SA597_0566	cds	0	NA	NA	NA	NA	NA
SA597_0567	cds	0	NA	NA	NA	NA	NA
SA597_0568	cds	0.499891959039019	-1.79454250217263	2.79360198950634	-0.6423758677555	0.520629164671137	0.997707303814983
SA597_0569	cds	0	NA	NA	NA	NA	NA
SA597_0570	cds	0.189889760025061	0.379107197203241	3.92795764333622	0.096515092988947	0.923111487414045	0.997707303814983
SA597_0571	cds	0.755678027737666	-2.05244953685038	2.30358507516492	-0.890980567194131	0.372939595575093	0.997707303814983
SA597_0572	cds	0	NA	NA	NA	NA	NA
SA597_0573	cds	0.144342102292021	-0.177667754954771	4.05235334135732	-0.0438431054719582	0.965029466902452	0.997707303814983
SA597_0574	cds	0.04554765773304	-0.551291124646171	4.0621351136751	-0.135714620321284	0.892046889316486	0.997707303814983
SA597_0575	cds	7.01687790062303	0.72560755776711	0.759525205662148	0.955343617773068	0.339403956606087	0.997707303814983
SA597_0576	cds	3.64120314815689	-0.425537146818737	0.978138602429253	-0.435047901965934	0.663527657878629	0.997707303814983
SA597_0577	cds	3.03463557027176	-0.792857909349479	1.11080351866387	-0.713769713570196	0.475369590381952	0.997707303814983
SA597_0578	cds	3.46276712459326	0.802126517964438	1.06209886949345	0.755227729737626	0.450112353149729	0.997707303814983
SA597_0579	cds	4.1349011252768	0.848494397358626	0.967969587509361	0.876571338921762	0.380719512337641	0.997707303814983
SA597_0580	cds	0.590669699069625	0.276694255411785	2.42327492086737	0.114181949818862	0.909093560278456	0.997707303814983
SA597_0581	cds	1.7816020581912	0.191787954882211	1.40539663030099	0.136465358424217	0.891453408291872	0.997707303814983
SA597_0582	cds	4.44116380877634	0.75173352613639	0.964025912120749	0.779785601906343	0.435517082597752	0.997707303814983
SA597_0583	cds	1.85645617697616	0.21826272164931	1.51771556889666	0.143810030102005	0.885650482334964	0.997707303814983
SA597_0584	cds	1.5674163440868	0.113875741582579	1.53297515722882	0.0742841402521052	0.940784296407938	0.997707303814983
SA597_0585	cds	1.26406238077164	1.83172608642533	1.81249600185791	1.01060972523399	0.312203259291157	0.997707303814983
SA597_0586	cds	0.895742941015728	-1.38537387776473	2.15480994641497	-0.642921608965849	0.520274967113718	0.997707303814983
SA597_0587	cds	0.455602982324451	0.0642480616216415	2.6453345360641	0.0242873106390672	0.980623434789978	0.997707303814983
SA597_0588	cds	7.04702133356335	-0.241369372603533	0.750944054621017	-0.321421244523131	0.74789118575759	0.997707303814983
SA597_0589	cds	8.71828220738039	-0.620858956296384	0.64672587912203	-0.960003266204901	0.337053571092292	0.997707303814983
SA597_0590	cds	1.02896397413591	-0.454290291773103	2.03277261563326	-0.22348308329192	0.823159547790507	0.997707303814983
SA597_0591	cds	2.68556036611248	0.607921308033889	1.19883360395921	0.50709398370733	0.612088876161904	0.997707303814983
SA597_0592	cds	1.59565047605773	1.252976024725	1.67112672916775	0.749779177638431	0.453387711524278	0.997707303814983
SA597_0593	cds	1.10411423266945	0.0611589030951139	1.79150630673106	0.0341382572114467	0.972766901410024	0.997707303814983
SA597_0594	cds	2.03566402975496	0.902439481164243	1.48542119273709	0.607531039395887	0.543498550109308	0.997707303814983
SA597_0595	cds	0.463175706423301	1.74046736458104	2.75992690845435	0.630620817982373	0.528288483609192	0.997707303814983
SA597_0596	cds	1.723149287208	-1.20097109129276	1.45174069408332	-0.827262813660459	0.408088115941919	0.997707303814983
SA597_0597	cds	1.34745856714482	1.9816500346421	1.87781394006279	1.05529626357755	0.291289849439478	0.997707303814983
SA597_0598	cds	0.189889760025061	0.379107197203241	3.92795764333622	0.096515092988947	0.923111487414045	0.997707303814983
SA597_0599	cds	0.871654774560766	1.15442615618928	2.02599386700242	0.569807330116614	0.568808383351513	0.997707303814983
SA597_0600	cds	0.62692535407287	-2.3988777394616	2.44130952223839	-0.982619253154802	0.325794865007044	0.997707303814983
SA597_0601	cds	0.150656145372399	-0.177667927559659	4.05235334539408	-0.0438431480220245	0.965029432985025	0.997707303814983
SA597_0602	cds	1.68745767379555	2.36983401937428	1.69317383308152	1.39964011554635	0.161621114793222	0.997707303814983
SA597_0603	cds	0.689464143628606	0.57753152160039	2.18581701062973	0.26421769013226	0.791612180532075	0.997707303814983
SA597_0604	cds	0.971566403290057	-2.23905768832219	1.97456029752214	-1.1339525519337	0.256814451462369	0.997707303814983
SA597_0605	cds	1.32960306113992	1.63956815117758	1.80170107465422	0.910011196775382	0.36281660490212	0.997707303814983
SA597_0606	cds	0.999005745030091	-0.17889140484608	1.93366746603345	-0.0925140480400391	0.926289630364955	0.997707303814983
SA597_0607	cds	0.280985075491141	0.984630006405658	3.33745982501924	0.295023777971614	0.767975715514231	0.997707303814983
SA597_0608	cds	1.64923627400603	0.0929791752522306	1.46311301144985	0.0635488677392695	0.94932944702244	0.997707303814983
SA597_0609	cds	2.64882267780987	2.16712614971606	1.38896995358135	1.5602397619389	0.118703232540579	0.997707303814983
SA597_0610	cds	10.3776118666152	0.580436077804606	0.633258237854835	0.916586698928444	0.359359256931588	0.997707303814983
SA597_0611	cds	0.643916485895566	0.381893546467162	2.24882176881768	0.169819392431416	0.865152175489976	0.997707303814983
SA597_0612	cds	0.150656145372399	-0.177667927559659	4.05235334539408	-0.0438431480220245	0.965029432985025	0.997707303814983
SA597_0613	cds	1.01301891720337	-0.274046474614465	1.85527203778789	-0.147712286410149	0.882569834856665	0.997707303814983
SA597_0614	cds	5.03227748827549	0.264999691313779	0.856114572481842	0.309537648150943	0.756912578258012	0.997707303814983
SA597_0615	cds	1.46172237916976	-1.75173263605894	1.64717049075251	-1.0634798558458	0.287564395658101	0.997707303814983
SA597_0616	cds	2.08135952816894	-0.228753439207347	1.37421916483482	-0.166460667309091	0.867794434217252	0.997707303814983
SA597_0617	cds	2.40898800987654	-0.636007002588901	1.23876242693403	-0.513421289474397	0.607656656539362	0.997707303814983
SA597_0618	cds	2.84001801103225	-1.3169430915038	1.20582388468088	-1.09215210300162	0.274766251164486	0.997707303814983
SA597_0619	cds	0.346859948477837	1.20533040067517	3.11612266133635	0.386804542590844	0.69890091400536	0.997707303814983
SA597_0620	cds	0.257822922765066	-2.40687894487496	3.81032180564395	-0.631673403886734	0.527600310469136	0.997707303814983
SA597_0621	cds	0	NA	NA	NA	NA	NA
SA597_0622	cds	0.189889760025061	0.379107197203241	3.92795764333622	0.096515092988947	0.923111487414045	0.997707303814983
SA597_0623	cds	0.749024973534925	0.676031000095567	2.17153538869949	0.311314751587095	0.75556135395655	0.997707303814983
SA597_0624	cds	0.235437417758101	0.709821119802056	3.58995287329068	0.197724355961088	0.843260732604926	0.997707303814983
SA597_0625	cds	1.7629635606344	2.36035926080442	1.65439226581572	1.42672285743588	0.153659794474701	0.997707303814983
SA597_0626	cds	1.06798498266026	0.271640981308506	1.83639231304854	0.147920996716416	0.882405117508778	0.997707303814983
SA597_0627	cds	2.5297840932308	0.21922542219161	1.30650458342191	0.167795371691257	0.866744263731363	0.997707303814983
SA597_0628	cds	1.13610931584168	-0.314157267296424	1.77802469085542	-0.176688922776028	0.859752742321749	0.997707303814983
SA597_0629	cds	1.54754972644562	-0.250952326580958	1.50576281730325	-0.166661258796655	0.867636590121794	0.997707303814983
SA597_0630	cds	2.37700954388725	0.0867144588219601	1.3283974023059	0.0652774980374374	0.947953058089866	0.997707303814983
SA597_0631	cds	18.6722270307729	-0.0136847421615276	0.468278521240344	-0.029223510241897	0.976686330777654	0.997707303814983
SA597_0632	cds	0.598559998603949	0.685632961602427	2.40278206793654	0.285349624816883	0.775376297332491	0.997707303814983
SA597_0633	cds	1.22858971732029	-0.149073842235679	1.65723505045299	-0.0899533486181884	0.928324286878824	0.997707303814983
SA597_0634	cds	0.09109531546608	-0.0708877398542527	4.0499347609796	-0.0175034275952402	0.98603499844047	0.997707303814983
SA597_0635	cds	0.622330589623437	-1.3905065638958	2.3120926883433	-0.601406064257808	0.547569560564052	0.997707303814983
SA597_0636	cds	1.67745378879401	0.315409236700499	1.57196303166966	0.200646726638022	0.840974818413183	0.997707303814983
SA597_0637	cds	0.257822922765066	-2.40687894487496	3.81032180564395	-0.631673403886734	0.527600310469136	0.997707303814983
SA597_0638	cds	0.45230744723956	-1.53759929585362	2.90533375503062	-0.529233274212042	0.596643636927241	0.997707303814983
SA597_0639	cds	0.40675978950652	-2.4017775644379	3.22865577229015	-0.743893971308769	0.456940622906389	0.997707303814983
SA597_0640	cds	1.00211010967356	0.200008830031071	1.91903029131699	0.104223904612683	0.916991664139659	0.997707303814983
SA597_0641	cds	0.241751460838479	0.738769447307854	3.55398591984258	0.207870673652127	0.835329948025553	0.997707303814983
SA597_0642	cds	0.45230744723956	-1.53759929585362	2.90533375503062	-0.529233274212042	0.596643636927241	0.997707303814983
SA597_0643	cds	0.69735444316293	0.933066907287427	2.16071684802949	0.431832106154194	0.665863442910688	0.997707303814983
SA597_0644	cds	0.599945084616472	0.60592817126514	2.39600219165409	0.252891325966123	0.800352192534106	0.997707303814983
SA597_0645	cds	3.35196580099333	1.6678497981945	1.18535510490958	1.40704653929147	0.159413589054756	0.997707303814983
SA597_0646	cds	1.61376361055468	-1.50254788946169	1.50467326801675	-0.99858748168108	0.31799456680673	0.997707303814983
SA597_0647	cds	4.78677901998684	-0.199839727620176	0.865798511701067	-0.230815512985283	0.817458129000484	0.997707303814983
SA597_0648	cds	2.2949984435266	-0.129682770339125	1.29189856234302	-0.100381542420737	0.920041422760075	0.997707303814983
SA597_0649	cds	1.43144657462847	-1.07953251558272	1.57568620357018	-0.685118974283536	0.493268847838445	0.997707303814983
SA597_0650	cds	14.4758921569454	-0.859545268913416	0.554424534042795	-1.55033772161149	0.121060477951727	0.997707303814983
SA597_0651	cds	15.9766462712022	0.0307927311849794	0.531173238769034	0.0579711644666812	0.9537715973084	0.997707303814983
SA597_0652	cds	2.39544025381967	-2.27975217032844	1.29964895333943	-1.75412919348002	0.0794083724026404	0.997707303814983
SA597_0653	cds	1.05995166094893	-0.224333697798296	1.95517210312389	-0.114738593824996	0.908652322475397	0.997707303814983
SA597_0654	cds	0.13664297319912	0.254914424130683	4.04345919102807	0.0630436495306557	0.949731746130076	0.997707303814983
SA597_0655	cds	0.56071146996381	0.427574471501799	2.33845219940281	0.182845076589973	0.854919578765291	0.997707303814983
SA597_0656	cds	0.144342102292021	-0.177667754954771	4.05235334135732	-0.0438431054719582	0.965029466902452	0.997707303814983
SA597_0657	cds	0.26571322229939	-0.99771262399539	3.47406639566785	-0.287188703485786	0.77396783548082	0.997707303814983
SA597_0658	cds	0.04554765773304	-0.551291124646171	4.0621351136751	-0.135714620321284	0.892046889316486	0.997707303814983
SA597_0659	cds	0.682082589971179	-0.307106426265688	2.28888499809009	-0.134172938580115	0.893265824282285	0.997707303814983
SA597_0660	cds	0.280985075491141	0.984630006405658	3.33745982501924	0.295023777971614	0.767975715514231	0.997707303814983
SA597_0661	cds	0.150656145372399	-0.177667927559659	4.05235334539408	-0.0438431480220245	0.965029432985025	0.997707303814983
SA597_0662	cds	0.891647797196	0.654244304084615	2.09124265567822	0.312849540586878	0.7543949752365	0.997707303814983
SA597_0663	cds	6.37445147004715	0.691883641661534	0.786442697578308	0.879763578188278	0.378987399178254	0.997707303814983
SA597_0664	cds	4.90427627508111	-0.357844398584765	0.915343838344849	-0.390939867178032	0.695841684558189	0.997707303814983
SA597_0665	cds	1.25017561359242	0.721774277487345	1.68772971546799	0.427659874014366	0.668898767677351	0.997707303814983
SA597_0666	cds	1.82615893674798	1.48282304714581	1.51131019973313	0.981150691239725	0.326518435885022	0.997707303814983
SA597_0667	cds	2.93595840545964	-1.14397808796197	1.14376041670862	-1.00019031193087	0.317218416795168	0.997707303814983
SA597_0668	cds	1.11452341956956	-1.26688019142286	1.795819911455	-0.705460599552223	0.480523643254992	0.997707303814983
SA597_0669	cds	1.2252941822354	-1.1064742065965	1.67321778871809	-0.66128522781497	0.508429413103954	0.997707303814983
SA597_0670	cds	4.36230674665242	-0.217365776414182	0.92433250454806	-0.23515972374082	0.814084765268973	0.997707303814983
SA597_0671	cds	17.1211790860601	0.195743018306935	0.48472085860002	0.403826274099868	0.686340474193974	0.997707303814983
SA597_0672	cds	0.235437417758101	0.709821119802056	3.58995287329068	0.197724355961088	0.843260732604926	0.997707303814983
SA597_0673	cds	0.280985075491141	0.984630006405658	3.33745982501924	0.295023777971614	0.767975715514231	0.997707303814983
SA597_0674	cds	3.13596648952686	-0.490189735862987	1.04425053736769	-0.469417748252868	0.638771064605841	0.997707303814983
SA597_0675	cds	12.1594522733648	0.455630427306815	0.594310343704534	0.766654042173857	0.443287235045564	0.997707303814983
SA597_0676	cds	8.94045406507908	-0.420920712240386	0.646484401048783	-0.651091830765803	0.514987209633814	0.997707303814983
SA597_0677	cds	0	NA	NA	NA	NA	NA
SA597_0678	cds	0.04554765773304	-0.551291124646171	4.0621351136751	-0.135714620321284	0.892046889316486	0.997707303814983
SA597_0679	cds	0	NA	NA	NA	NA	NA
SA597_0680	cds	0.650230528975944	0.399987789862108	2.35823774833017	0.169613004518028	0.86531449461813	0.997707303814983
SA597_0681	cds	0.04554765773304	-0.551291124646171	4.0621351136751	-0.135714620321284	0.892046889316486	0.997707303814983
SA597_0682	cds	2.33006018295874	-0.532734536114522	1.28145604206763	-0.415725954403364	0.677610546908149	0.997707303814983
SA597_0683	cds	0.257822922765066	-2.40687894487496	3.81032180564395	-0.631673403886734	0.527600310469136	0.997707303814983
SA597_0684	cds	0.455602982324451	0.0642480616216415	2.6453345360641	0.0242873106390672	0.980623434789978	0.997707303814983
SA597_0685	cds	0.802944964101651	-0.830580237713614	2.18898534442451	-0.37943618025089	0.704363987742085	0.997707303814983
SA597_0686	cds	2.79763948339005	-0.331838858841811	1.14319473056836	-0.290273257887421	0.771607195640725	0.997707303814983
SA597_0687	cds	7.9680023043888	0.000449067776762703	0.733236261040922	0.000612446220438136	0.999511338646939	0.999945081387422
SA597_0688	cds	0.484888007689481	1.68004477924903	2.57120539265785	0.653407457858653	0.513493632127586	0.997707303814983
SA597_0689	cds	0.26571322229939	-0.99771262399539	3.47406639566785	-0.287188703485786	0.77396783548082	0.997707303814983
SA597_0690	cds	0.29499824766442	0.946482819515854	3.34248959182713	0.283167020723158	0.777048807797632	0.997707303814983
SA597_0691	cds	1.27841456406729	0.183744560912641	1.71452667518438	0.107169263431192	0.914654699194352	0.997707303814983
SA597_0692	cds	1.32821797512739	1.68221097034982	1.89829341689651	0.886170154401126	0.375525843787121	0.997707303814983
SA597_0693	cds	4.25614305887571	-0.466119262366813	0.966548819609015	-0.482251131976309	0.629627557598383	0.997707303814983
SA597_0694	cds	0	NA	NA	NA	NA	NA
SA597_0695	cds	0.04554765773304	-0.551291124646171	4.0621351136751	-0.135714620321284	0.892046889316486	0.997707303814983
SA597_0696	cds	57.1527701313535	0.464605401680953	0.320454117352053	1.44983439601288	0.147104705279556	0.997707303814983
SA597_0697	cds	17.3341992897742	-0.10145606490425	0.470990381124705	-0.215410057126808	0.8294476295999	0.997707303814983
SA597_0698	cds	2.84203575243949	-0.586552576847074	1.1137762384905	-0.526634126835054	0.598447688316591	0.997707303814983
SA597_0699	cds	0.773177905437259	0.0586659746077893	2.18774997376414	0.0268156669232414	0.978606757313834	0.997707303814983
SA597_0700	cds	0	NA	NA	NA	NA	NA
SA597_0701	cds	0.144342102292021	-0.177667754954771	4.05235334135732	-0.0438431054719582	0.965029466902452	0.997707303814983
SA597_0702	cds	4.56574426273434	0.613059193330741	0.953406172041718	0.64301995446272	0.520211152023188	0.997707303814983
SA597_0703	cds	5.53206447800735	0.118421808877644	0.833275252045388	0.142116075794837	0.886988320411716	0.997707303814983
SA597_0704	cds	3.78340773381858	0.128360422398532	1.05262545987101	0.121943110148848	0.902944073411264	0.997707303814983
SA597_0705	cds	2.31237673473608	-0.0409544583714444	1.29458921421932	-0.0316350993207844	0.974763052179383	0.997707303814983
SA597_0706	cds	0.675768546890801	-0.322147361914921	2.29509967701195	-0.140363124591753	0.888373091682928	0.997707303814983
SA597_0707	cds	1.35121951834613	0.233111050412253	1.67843608041063	0.138885867107446	0.889540339139515	0.997707303814983
SA597_0708	cds	18.1138224617898	-0.306783110406593	0.472287710663985	-0.649568268408444	0.515971135478148	0.997707303814983
SA597_0709	cds	1.91904464012515	-0.80479277387367	1.36346657492169	-0.590254861157777	0.555019796706259	0.997707303814983
SA597_0710	cds	2.11319015347728	0.0821944226807586	1.32708258111872	0.0619361777859138	0.950613657083208	0.997707303814983
SA597_0711	cds	3.30682826366281	-0.793940520746239	1.06490852632963	-0.745548092738703	0.45594044899263	0.997707303814983
SA597_0712	cds	10.1250938168072	-0.474012171964444	0.597339360774611	-0.793539155614592	0.427463765758448	0.997707303814983
SA597_0713	cds	2.88659263099627	0.189964289635451	1.1557089731097	0.164370351061918	0.869439602525297	0.997707303814983
SA597_0714	cds	0.485561211430266	-0.135625562915372	2.77798148773619	-0.0488216222873014	0.961061450626172	0.997707303814983
SA597_0715	cds	3.30806703432323	-1.4719486500621	1.1337135352869	-1.29834266262826	0.194169612416859	0.997707303814983
SA597_0716	cds	49.1260530726423	0.891061353063812	0.372571957016181	2.39164901244866	0.0167728737433867	0.997707303814983
SA597_0717	cds	102.314782365122	0.0979851870902379	0.267437684398637	0.366385116258273	0.71407772430145	0.997707303814983
SA597_0718	cds	46.9815332734739	0.035627054769236	0.317057482961727	0.112367809257909	0.910531778136073	0.997707303814983
SA597_0719	cds	85.386681740144	-0.0711158987991649	0.260582812780991	-0.272910933918481	0.784921681410642	0.997707303814983
SA597_0720	cds	32.8355894452551	0.4554321340898	0.395942194008237	1.15024905398267	0.250041307468015	0.997707303814983
SA597_0721	cds	86.2789555151927	0.247240587232684	0.250290793446261	0.98781335033711	0.323244068012264	0.997707303814983
SA597_0722	cds	0.735011801361646	0.747345196043709	2.13564716751763	0.349938513913037	0.726384842266455	0.997707303814983
SA597_0723	cds	2.42589175972242	1.46627821797406	1.47866467651874	0.991623213334719	0.321381361161083	0.997707303814983
SA597_0724	cds	3.57201130439841	-0.425941306966516	0.992671208589763	-0.429085988674567	0.667860648471882	0.997707303814983
SA597_0725	cds	14.1680925259473	-0.117192335063079	0.53128487057951	-0.220582857808935	0.825417249788386	0.997707303814983
SA597_0726	cds	1.26314271087553	-0.750106638978859	1.68198499078315	-0.445965120431663	0.655622441281138	0.997707303814983
SA597_0727	cds	0	NA	NA	NA	NA	NA
SA597_0728	cds	1.58191154955944	-1.29206881537832	1.53204147893776	-0.843364121103413	0.399024831601996	0.997707303814983
SA597_0729	cds	0.04554765773304	-0.551291124646171	4.0621351136751	-0.135714620321284	0.892046889316486	0.997707303814983
SA597_0730	cds	0	NA	NA	NA	NA	NA
SA597_0731	cds	27.401440888035	-0.955312636198204	0.428675135993393	-2.22852355078725	0.0258456226564174	0.997707303814983
SA597_0732	cds	0	NA	NA	NA	NA	NA
SA597_0733	cds	0	NA	NA	NA	NA	NA
SA597_0734	cds	0.04554765773304	-0.551291124646171	4.0621351136751	-0.135714620321284	0.892046889316486	0.997707303814983
SA597_0735	cds	3.48265670325017	-0.717244796140469	1.01857170348287	-0.704167211486385	0.481328647663308	0.997707303814983
SA597_0736	cds	45.9509832872123	-0.105907778302679	0.340992068962733	-0.310587218714033	0.756114444961676	0.997707303814983
SA597_0737	cds	0.40675978950652	-2.4017775644379	3.22865577229015	-0.743893971308769	0.456940622906389	0.997707303814983
SA597_0738	cds	0.04554765773304	-0.551291124646171	4.0621351136751	-0.135714620321284	0.892046889316486	0.997707303814983
SA597_0739	cds	0	NA	NA	NA	NA	NA
SA597_0740	cds	0.39478347139966	-2.08563102466699	3.00345634994772	-0.69441029988776	0.487424936230066	0.997707303814983
SA597_0741	cds	0.04554765773304	-0.551291124646171	4.0621351136751	-0.135714620321284	0.892046889316486	0.997707303814983
SA597_0742	cds	0.838401010370059	0.57882492557766	2.090736992687	0.27685209933257	0.781893674569345	0.997707303814983
SA597_0743	cds	1.03869995729523	-0.657470262535086	1.77778363206186	-0.369825804826742	0.71151228681911	0.997707303814983
SA597_0744	cds	0.39478347139966	-2.08563102466699	3.00345634994772	-0.69441029988776	0.487424936230066	0.997707303814983
SA597_0745	cds	0.17461790683331	-2.34090062098629	4.07704254714275	-0.574166345805449	0.565855240679958	0.997707303814983
SA597_0746	cds	3.05929527025327	0.491810424686077	1.18917268254049	0.413573597768321	0.679186412368958	0.997707303814983
SA597_0747	cds	0.695443994090562	-0.137374599889932	2.5519552312216	-0.0538311167097441	0.957069717904569	0.997707303814983
SA597_0748	cds	0.416369367671789	-0.198192711106871	2.74877299429406	-0.0721022476276807	0.94252053753511	0.997707303814983
SA597_0749	cds	6.12465856990048	-0.282188444813235	0.823025273721668	-0.342867289527085	0.731698300939964	0.997707303814983
SA597_0750	cds	1.80556381965211	-0.292303438607286	1.40043927287942	-0.208722680281798	0.834664733772568	0.997707303814983
SA597_0751	cds	2.61608150785261	-0.0089301070630632	1.18946171398358	-0.00750768768601702	0.994009788181472	0.999864852633832
SA597_0752	cds	7.89391195651395	-0.387690111778116	0.67642380930291	-0.573146755696922	0.566545331816154	0.997707303814983
SA597_0753	cds	1.36982745496884	-0.185887970426449	1.612969623701	-0.115245797375852	0.908250299420185	0.997707303814983
SA597_0754	cds	0.583096974970775	-1.99928409180318	2.50452598379456	-0.798268456681811	0.424714718783314	0.997707303814983
SA597_0755	cds	0.26571322229939	-0.99771262399539	3.47406639566785	-0.287188703485786	0.77396783548082	0.997707303814983
SA597_0756	cds	3.47984847835528	-0.719101983764027	1.03346510179366	-0.695816416554338	0.486543806947016	0.997707303814983
SA597_0757	cds	1.73022239067714	-0.872068076133604	1.47928639836183	-0.589519431192861	0.555512881189275	0.997707303814983
SA597_0758	cds	1.7005817370068	-1.19061225569069	1.52663068015157	-0.779895407036156	0.435452442153394	0.997707303814983
SA597_0759	cds	7.73795363843805	-0.758115528346487	0.710252473532471	-1.06738879003964	0.285796308364349	0.997707303814983
SA597_0760	cds	0.930295934570976	-2.43984341909393	2.03009966048668	-1.20183430724234	0.229427730542695	0.997707303814983
SA597_0761	cds	5.49315291280782	-0.380910756398869	0.871444556765471	-0.437102685927249	0.662036879496002	0.997707303814983
SA597_0762	cds	8.47098468432016	0.40112272960873	0.69336122292089	0.578519127330108	0.562913687551492	0.997707303814983
SA597_0763	cds	7.37673085608854	0.12566290169115	0.749146376653373	0.16774145294878	0.866786683465065	0.997707303814983
SA597_0764	cds	2.84012530336712	-1.10710531113449	1.20087371711604	-0.921916514080487	0.356572124506088	0.997707303814983
SA597_0765	cds	9.71622221559753	0.598788648111077	0.643142068142343	0.931036356929075	0.351834757790287	0.997707303814983
SA597_0766	cds	0	NA	NA	NA	NA	NA
SA597_0767	cds	0.879353903653667	1.10119712568393	2.01157577593004	0.547430098761652	0.584083281611616	0.997707303814983
SA597_0768	cds	1.23286690633425	0.0569849895138993	1.73393268731338	0.0328645915327855	0.973782569396921	0.997707303814983
SA597_0769	cds	1.52048360034124	0.0817452919397866	1.54355391100315	0.0529591427659697	0.95776446135288	0.997707303814983
SA597_0770	cds	1.14506712595306	0.568365468436597	1.74238530491904	0.326199645297747	0.744273309740037	0.997707303814983
SA597_0771	cds	1.2048191263008	0.97538495147929	1.7844065548375	0.546615875645063	0.584642659907548	0.997707303814983
SA597_0772	cds	7.80212432464791	-0.0593320562745791	0.687371322833803	-0.0863173285000788	0.93121416373575	0.997707303814983
SA597_0773	cds	0.241751460838479	0.738769447307854	3.55398591984258	0.207870673652127	0.835329948025553	0.997707303814983
SA597_0774	cds	0.150656145372399	-0.177667927559659	4.05235334539408	-0.0438431480220245	0.965029432985025	0.997707303814983
SA597_0775	cds	1.00053385321961	-0.238458797797557	1.96203589828411	-0.121536409199292	0.903266178064799	0.997707303814983
SA597_0776	cds	7.70671689319872	0.460158506346601	0.76221189353616	0.603714675996158	0.54603335513156	0.997707303814983
SA597_0777	cds	3.34355478962869	1.14454154792692	1.16607655060787	0.981532084947836	0.326330420201311	0.997707303814983
SA597_0778	cds	0	NA	NA	NA	NA	NA
SA597_0779	cds	11.5199533252284	0.0371974260980778	0.587144836521944	0.0633530668828211	0.949485359332986	0.997707303814983
SA597_0780	cds	8.61659413449114	-0.178386231054474	0.674611144442909	-0.264428230283366	0.791449960812736	0.997707303814983
SA597_0781	cds	1.29809913651424	-0.701526845019142	1.66959689782488	-0.420177376906413	0.674355880197945	0.997707303814983
SA597_0782	cds	15.1829251373075	-0.481674117248997	0.540827893280702	-0.890623659085196	0.373131102275021	0.997707303814983
SA597_0783	cds	2.342313528155	0.334772423323605	1.24912966528756	0.26800454158339	0.788695822900164	0.997707303814983
SA597_0784	cds	0.13664297319912	0.254914424130683	4.04345919102807	0.0630436495306557	0.949731746130076	0.997707303814983
SA597_0785	cds	0.560585064969759	2.01881362606037	2.58423388156331	0.78120391519637	0.434682571366908	0.997707303814983
SA597_0786	cds	1.59171229816613	-0.0850359554347349	1.47911514832559	-0.057491099006726	0.95415399634641	0.997707303814983
SA597_0787	cds	0.508849769150392	0.197018672313915	2.58433063777412	0.0762358614003069	0.939231452422418	0.997707303814983
SA597_0788	cds	3.24741045593349	-0.775176489178419	1.03961840697676	-0.745635594730044	0.455887574734862	0.997707303814983
SA597_0789	cds	16.1912460937746	-0.0501120152457122	0.494076838710841	-0.101425550277697	0.919212654865256	0.997707303814983
SA597_0790	cds	2.29552862509038	-0.709193484622298	1.21898418872366	-0.58179055248031	0.560707768450053	0.997707303814983
SA597_0791	cds	2.08700796742688	1.96497951999584	1.54594241507817	1.27105608904358	0.203708695357861	0.997707303814983
SA597_0792	cds	0	NA	NA	NA	NA	NA
SA597_0793	cds	0	NA	NA	NA	NA	NA
SA597_0794	cds	0.410055324591411	-0.221326761115396	2.76227962849256	-0.0801246763117096	0.936138096981176	0.997707303814983
SA597_0795	cds	0.455602982324451	0.0642480616216415	2.6453345360641	0.0242873106390672	0.980623434789978	0.997707303814983
SA597_0796	cds	0.60625912769685	0.618578512534578	2.2667217568866	0.272895652346944	0.784933428648903	0.997707303814983
SA597_0797	cds	5.48880014049605	0.874827862043997	0.849765014422365	1.02949385676777	0.303247665076596	0.997707303814983
SA597_0798	cds	0.09109531546608	-0.0708877398542527	4.0499347609796	-0.0175034275952402	0.98603499844047	0.997707303814983
SA597_0799	cds	0.885985522169518	0.211947458692318	1.99662999993037	0.106152596474915	0.91546128089373	0.997707303814983
SA597_0800	cds	11.1384272587883	0.267971375824571	0.634177668979029	0.422549372096279	0.672624071485097	0.997707303814983
SA597_0801	cds	0.73532937679712	-0.228690904852404	2.13163163790024	-0.107284439199671	0.914563329008501	0.997707303814983
SA597_0802	cds	2.19731965780909	0.268542429464822	1.28720757356622	0.208624028462498	0.834741751300915	0.997707303814983
SA597_0803	cds	5.19005210396705	-0.716592247177478	0.833554398729465	-0.859682641312594	0.389964006066146	0.997707303814983
SA597_0804	cds	4.64086066124087	-0.382869636216449	0.87206423343031	-0.439038343208288	0.660633753527409	0.997707303814983
SA597_0805	cds	6.64682159490583	-0.283575315277622	0.760701815002612	-0.372781173496541	0.70931131588322	0.997707303814983
SA597_0806	cds	12.9045829105293	0.244874301105703	0.561798691817165	0.435875527430733	0.662927041823749	0.997707303814983
SA597_0807	cds	1.30900794404405	-1.17775271268919	1.70246581413047	-0.691792283236374	0.489067783417699	0.997707303814983
SA597_0808	cds	7.35229449397221	1.32569462060962	0.819485497286754	1.61771578020462	0.105723863628912	0.997707303814983
SA597_0809	cds	5.68799137298438	0.822550378607938	0.899785949442158	0.914162283949751	0.360631578994846	0.997707303814983
SA597_0810	cds	25.8407376697719	0.0916468983713967	0.417608911755306	0.219456280245993	0.826294633042015	0.997707303814983
SA597_0811	cds	0.470874835516202	1.70911730488807	2.72904052421537	0.626270401528561	0.531137596857812	0.997707303814983
SA597_0812	cds	1.11636757786571	1.76484730613265	1.97029850594441	0.895725851087075	0.370399200170661	0.997707303814983
SA597_0813	cds	0.84709091863922	-2.3430117972783	2.17518491565602	-1.07715522501758	0.281410924693599	0.997707303814983
SA597_0814	cds	4.39295576682936	0.102009753119634	0.937473265273056	0.108813506366949	0.913350410900549	0.997707303814983
SA597_0815	cds	5.71450042699186	-0.67821443653785	0.830164189306877	-0.81696421656553	0.413948877657125	0.997707303814983
SA597_0816	cds	10.8672988413473	-0.776543513620146	0.607447258139198	-1.27837191330642	0.201118322417381	0.997707303814983
SA597_0817	cds	0.348918238231146	-1.04629747287254	3.14730877491827	-0.332441952060997	0.739555564918909	0.997707303814983
SA597_0818	cds	11.8511562982172	-0.58418332367212	0.568676285610983	-1.027268656094	0.304293977240477	0.997707303814983
SA597_0819	cds	1.671478756836	-0.898487360513136	1.55812936334263	-0.576644906162108	0.564179357078906	0.997707303814983
SA597_0820	cds	3.61835222703351	0.91143052591734	1.04124141058168	0.875330654980553	0.381394019051841	0.997707303814983
SA597_0821	cds	0.257822922765066	-2.40687894487496	3.81032180564395	-0.631673403886734	0.527600310469136	0.997707303814983
SA597_0822	cds	136.628022254063	-0.0647088575464893	0.242580543535318	-0.266752051106144	0.789660074484265	0.997707303814983
SA597_0823	cds	1.00670487412299	-0.290041837496557	1.92904708335552	-0.150354980963989	0.880484557415285	0.997707303814983
SA597_0824	cds	1.93746140630644	-1.78195852889501	1.40015614302075	-1.27268557708896	0.203129637633321	0.997707303814983
SA597_0825	cds	2.37067888362393	-0.524492116225408	1.20436912323296	-0.435491168037821	0.663205948347832	0.997707303814983
SA597_0826	cds	0.552821170429486	-0.113416346846874	2.56418347804818	-0.0442309794980837	0.964720288141969	0.997707303814983
SA597_0827	cds	5.25059736921685	0.31560541481625	0.85516589316216	0.369057532976709	0.712084841758412	0.997707303814983
SA597_0828	cds	20.9996862161056	0.309912640942866	0.465130683715006	0.666291542986563	0.505224770081597	0.997707303814983
SA597_0829	cds	0.40675978950652	-2.4017775644379	3.22865577229015	-0.743893971308769	0.456940622906389	0.997707303814983
SA597_0830	cds	0.370821709938749	-0.579726411031993	2.8853508885648	-0.200920592822717	0.840760665305553	0.997707303814983
SA597_0831	cds	0.31126088003243	-0.656198626071823	3.27395898005212	-0.200429703020096	0.841144531119337	0.997707303814983
SA597_0832	cds	0.60625912769685	0.618578512534578	2.2667217568866	0.272895652346944	0.784933428648903	0.997707303814983
SA597_0833	cds	1.1543425114999	0.850316992038254	1.91372672609468	0.444325190448421	0.656807491319991	0.997707303814983
SA597_0834	cds	0.287299118571519	1.00879633507558	3.31009808887493	0.304763275283622	0.760546453769343	0.997707303814983
SA597_0835	cds	2.05220090779796	-1.47335727426101	1.31152597371854	-1.12339160930503	0.261271211824112	0.997707303814983
SA597_0836	cds	0	NA	NA	NA	NA	NA
SA597_0837	cds	0	NA	NA	NA	NA	NA
SA597_0838	cds	0.150656145372399	-0.177667927559659	4.05235334539408	-0.0438431480220245	0.965029432985025	0.997707303814983
SA597_0839	cds	0	NA	NA	NA	NA	NA
SA597_0840	cds	0	NA	NA	NA	NA	NA
SA597_0841	cds	0	NA	NA	NA	NA	NA
SA597_0842	cds	0	NA	NA	NA	NA	NA
SA597_0843	cds	2.78352099742333	0.0310362934059933	1.16708258937371	0.0265930566427593	0.978784311299142	0.997707303814983
SA597_0844	cds	29.9468614374306	0.0837878715873418	0.387941457296631	0.215980710520648	0.82900278349333	0.997707303814983
SA597_0845	cds	7.7757295324692	0.521653416739603	0.721846570133012	0.722665228766662	0.469885582920417	0.997707303814983
SA597_0846	cds	0	NA	NA	NA	NA	NA
SA597_0847	cds	6.67490992328534	-0.981184622858047	0.763231342133665	-1.28556647073098	0.198594404666417	0.997707303814983
SA597_0848	cds	0.31126088003243	-0.656198626071823	3.27395898005212	-0.200429703020096	0.841144531119337	0.997707303814983
SA597_0849	cds	0.303370580498106	-1.5466668551324	3.31036935537098	-0.467218817327128	0.640343332007668	0.997707303814983
SA597_0850	cds	2.80519462015856	-0.847565173118341	1.17138496703058	-0.723558178543889	0.469337024544517	0.997707303814983
SA597_0851	cds	0.461917025404829	0.0839490803264061	2.63404260403265	0.031870813402138	0.974575074341782	0.997707303814983
SA597_0852	cds	1.78587924720515	0.346912810069859	1.43189257718221	0.242275723471198	0.808566523365395	0.997707303814983
SA597_0853	cds	3.16464307659848	0.821874006099176	1.12914850443442	0.72787060592251	0.466692798177981	0.997707303814983
SA597_0854	cds	0.582297366235938	1.97533767513495	2.37086506114621	0.83317170070403	0.404747900379955	0.997707303814983
SA597_0855	cds	1.83754977757715	0.129795476397583	1.45596196688834	0.0891475734596144	0.928964629719825	0.997707303814983
SA597_0856	cds	4.3817523448798	-0.945459987175685	0.924603390977776	-1.02255734339872	0.306517186887224	0.997707303814983
SA597_0857	cds	4.50508019240885	0.468180020178199	0.947479812497496	0.494131921337835	0.621213015252515	0.997707303814983
SA597_0858	cds	1.86434647651048	0.467403606689358	1.47119380391572	0.31770362643271	0.750709760143322	0.997707303814983
SA597_0859	cds	0.04554765773304	-0.551291124646171	4.0621351136751	-0.135714620321284	0.892046889316486	0.997707303814983
SA597_0860	cds	0.09109531546608	-0.0708877398542527	4.0499347609796	-0.0175034275952402	0.98603499844047	0.997707303814983
SA597_0861	cds	12.9027206097214	0.181251145956315	0.592687361000106	0.305812402765718	0.759747484565447	0.997707303814983
SA597_0862	cds	0.485561211430266	-0.135625562915372	2.77798148773619	-0.0488216222873014	0.961061450626172	0.997707303814983
SA597_0863	cds	0	NA	NA	NA	NA	NA
SA597_0864	cds	3.25252871362765	1.01769026613618	1.12220727562737	0.906864790702094	0.364478302374152	0.997707303814983
SA597_0865	cds	3.32558200387693	0.767880155904663	1.12201247425545	0.684377556866486	0.493736784207977	0.997707303814983
SA597_0866	cds	0.60625912769685	0.618578512534578	2.2667217568866	0.272895652346944	0.784933428648903	0.997707303814983
SA597_0867	cds	5.23964523192655	-0.177798204395194	0.866073513634218	-0.205292277845004	0.837343776964016	0.997707303814983
SA597_0868	cds	6.43613257373974	-0.155671836602223	0.772367546238756	-0.201551498843145	0.84026736527395	0.997707303814983
SA597_0869	cds	1.05527103985152	-1.46150224545513	2.06249063752533	-0.708610365964476	0.478566301805971	0.997707303814983
SA597_0870	cds	3.60887817910948	-0.0937599372749944	1.01904437956614	-0.0920077075690391	0.926691915815485	0.997707303814983
SA597_0871	cds	1.61000265935337	-0.00755889824890628	1.53470977079548	-0.00492529492725409	0.996070199108682	0.999945081387422
SA597_0872	cds	0	NA	NA	NA	NA	NA
SA597_0873	cds	4.73426073261559	0.314641525511575	0.875271695516812	0.359478693442488	0.719237014230746	0.997707303814983
SA597_0874	cds	1.69820587181802	-0.0180690498187568	1.44427063676797	-0.0125108475923822	0.990018048262183	0.999472518027306
SA597_0875	cds	1.78740735539468	0.350533362491642	1.50937129220252	0.232237994920477	0.816353168667838	0.997707303814983
SA597_0876	cds	0.983394880715976	0.504113977348637	2.01439944643946	0.250255220353481	0.802389983785902	0.997707303814983
SA597_0877	cds	0	NA	NA	NA	NA	NA
SA597_0878	cds	0	NA	NA	NA	NA	NA
SA597_0879	cds	0	NA	NA	NA	NA	NA
SA597_0880	cds	0	NA	NA	NA	NA	NA
SA597_0881	cds	0.257822922765066	-2.40687894487496	3.81032180564395	-0.631673403886734	0.527600310469136	0.997707303814983
SA597_0882	cds	0.17461790683331	-2.34090062098629	4.07704254714275	-0.574166345805449	0.565855240679958	0.997707303814983
SA597_0883	cds	0.524121622342143	1.8211664668622	2.65416836920854	0.68615333073435	0.492616423691481	0.997707303814983
SA597_0884	cds	0.04554765773304	-0.551291124646171	4.0621351136751	-0.135714620321284	0.892046889316486	0.997707303814983
SA597_0885	cds	0.803262539537125	-1.85978649377036	2.11048507597321	-0.881212814505575	0.378202644690289	0.997707303814983
SA597_0886	cds	1.20324286984685	0.684490782028989	1.79853993767097	0.380581363633978	0.703513912105033	0.997707303814983
SA597_0887	cds	0.470874835516202	1.70911730488807	2.72904052421537	0.626270401528561	0.531137596857812	0.997707303814983
SA597_0888	cds	3.4810360500936	1.26546851100056	1.10783847474605	1.1422861182815	0.253335109484915	0.997707303814983
SA597_0889	cds	1.29809913651424	-0.701526845019142	1.66959689782488	-0.420177376906413	0.674355880197945	0.997707303814983
SA597_0890	cds	9.74252598222021	-0.271649185851518	0.628566027961762	-0.432172872486267	0.665615774061774	0.997707303814983
SA597_0891	cds	0	NA	NA	NA	NA	NA
SA597_0892	cds	0.508849769150392	0.197018672313915	2.58433063777412	0.0762358614003069	0.939231452422418	0.997707303814983
SA597_0893	cds	0.939232308995459	0.318855319538153	2.11157561108768	0.151003505564221	0.879972950569807	0.997707303814983
SA597_0894	cds	2.40629938775622	-0.595440846869181	1.23233639667962	-0.483180443646331	0.628967619839268	0.997707303814983
SA597_0895	cds	0	NA	NA	NA	NA	NA
SA597_0896	cds	0	NA	NA	NA	NA	NA
SA597_0897	cds	16.4295486713708	0.37535169450652	0.56061539742397	0.669535114859959	0.503154188656127	0.997707303814983
SA597_0898	cds	0	NA	NA	NA	NA	NA
SA597_0899	cds	1.71966536309609	1.42158305429341	1.53967808382875	0.923298882554934	0.355851470064472	0.997707303814983
SA597_0900	cds	2.98463714041368	-0.234783869553689	1.10675701076372	-0.212136780946773	0.832000325604194	0.997707303814983
SA597_0901	cds	0.598559998603949	0.685632961602427	2.40278206793654	0.285349624816883	0.775376297332491	0.997707303814983
SA597_0902	cds	14.4139487782946	0.233108873308179	0.590030124453642	0.39507961313676	0.692784133954908	0.997707303814983
SA597_0903	cds	8.37933854930227	1.32181305546204	0.720393644808767	1.8348483013241	0.0665281695796633	0.997707303814983
SA597_0904	cds	144.7634936556	0.111002180766209	0.227178568380547	0.488612026906819	0.625116396683818	0.997707303814983
SA597_0905	cds	83.0187297756911	0.516261455053623	0.279631610594964	1.8462199389947	0.0648602769691992	0.997707303814983
SA597_0906	cds	0	NA	NA	NA	NA	NA
SA597_0907	cds	9.37686692667824	-0.37366548291059	0.64870632092457	-0.576016405047545	0.564604093132432	0.997707303814983
SA597_0908	cds	0.477988487331416	-2.26505999632082	2.63980210722499	-0.858041589603054	0.390869498709437	0.997707303814983
SA597_0909	cds	2.36977583091077	-1.25789183671404	1.25273042129731	-1.0041201325752	0.315320712494835	0.997707303814983
SA597_0910	cds	0.45230744723956	-1.53759929585362	2.90533375503062	-0.529233274212042	0.596643636927241	0.997707303814983
SA597_0911	cds	0.392407606210877	1.40592556343952	2.94344743864836	0.477645887261068	0.632902264897537	0.997707303814983
SA597_0912	cds	0.778501169341377	2.39403415401332	2.15571078366884	1.11055442694352	0.266760188377244	0.997707303814983
SA597_0913	cds	0.04554765773304	-0.551291124646171	4.0621351136751	-0.135714620321284	0.892046889316486	0.997707303814983
SA597_0914	cds	2.20745181761979	-1.53568331399781	1.31290747875611	-1.16968129045373	0.242129250109607	0.997707303814983
SA597_0915	cds	5.72292358152178	0.0506688594735916	0.817135773681416	0.0620078830294197	0.95055655433433	0.997707303814983
SA597_0916	cds	3.4837675435877	0.388301785242719	1.02712025966079	0.378048998245792	0.705394194954468	0.997707303814983
SA597_0917	cds	1.6831160638205	0.458458735674916	1.62347345868621	0.282393736233865	0.777641617396816	0.997707303814983
SA597_0918	cds	0.824387838196781	0.651162391938454	2.1984976612605	0.296185164720673	0.767088677678055	0.997707303814983
SA597_0919	cds	4.75758734320555	0.436503764780134	0.905771996370589	0.481913513035506	0.62986738627627	0.997707303814983
SA597_0920	cds	4.23997575288915	-0.342296879083093	0.979364318661243	-0.34950924039279	0.726707034877477	0.997707303814983
SA597_0921	cds	0.09109531546608	-0.0708877398542527	4.0499347609796	-0.0175034275952402	0.98603499844047	0.997707303814983
SA597_0922	cds	1.84116288809751	0.226945735367453	1.38931411455758	0.163350917542303	0.870242145841846	0.997707303814983
SA597_0923	cds	0.04554765773304	-0.551291124646171	4.0621351136751	-0.135714620321284	0.892046889316486	0.997707303814983
SA597_0924	cds	0	NA	NA	NA	NA	NA
SA597_0925	cds	6.12342462366182	0.542028534671758	0.789287173347913	0.686731715622136	0.49225180704645	0.997707303814983
SA597_0926	cds	1.52818272943414	0.0161938200915609	1.53783666104883	0.0105302601386264	0.991598223288205	0.999732789310583
SA597_0927	cds	2.16849523005653	-0.477017940188984	1.26414922707277	-0.377343062016146	0.705918674480098	0.997707303814983
SA597_0928	cds	6.2649412582149	-0.0187575508830079	0.835495489455062	-0.0224508104708527	0.982088349655163	0.997707303814983
SA597_0929	cds	84.7828573046921	0.385839874637421	0.263854811735105	1.46231888704301	0.143653845245293	0.997707303814983
SA597_0930	cds	0	NA	NA	NA	NA	NA
SA597_0931	cds	1.9343164933169	-0.277007160020532	1.34887064615015	-0.205362286451371	0.83728908333762	0.997707303814983
SA597_0932	cds	0.856382921369015	-0.0751845548282801	2.01501116026517	-0.0373122275007081	0.97023605614683	0.997707303814983
SA597_0933	cds	2.4349583874975	0.0056305778566977	1.27321122375846	0.00442234387478654	0.996471491600997	0.999945081387422
SA597_0934	cds	14.3049665922728	-0.393209605019554	0.544271651780646	-0.722451010875039	0.470017234279633	0.997707303814983
SA597_0935	cds	4.40552186895716	0.989884747795261	1.00791794780302	0.982108464238515	0.32604641599307	0.997707303814983
SA597_0936	cds	1.24879052757989	0.776832858832861	1.77836220103592	0.436824882119259	0.662238352441806	0.997707303814983
SA597_0937	cds	0.847819418093905	0.930859067240353	2.21197690417971	0.420826757043176	0.67388159163888	0.997707303814983
SA597_0938	cds	43.1886708635069	0.557632246544791	0.324979423110021	1.71590016748847	0.0861803160727458	0.997707303814983
SA597_0939	cds	49.0263212362418	0.181664479257358	0.307926699637963	0.589960141393861	0.555217372082915	0.997707303814983
SA597_0940	cds	143.866011496368	0.15509714601366	0.245603112171979	0.631495035392939	0.527716894339767	0.997707303814983
SA597_0941	cds	78.1280096486811	0.492852097277007	0.268014990683365	1.8388975035328	0.0659302630752349	0.997707303814983
SA597_0942	cds	0.288684204584042	0.933373403808663	3.6593103116759	0.255068120577397	0.798670486044161	0.997707303814983
SA597_0943	cds	0.370821709938749	-0.579726411031993	2.8853508885648	-0.200920592822717	0.840760665305553	0.997707303814983
SA597_0944	cds	0.4978551049726	-1.02612383733371	2.80922077770217	-0.36526991594197	0.714909932826374	0.997707303814983
SA597_0945	cds	0.301312290744797	0.984919544693603	3.6005590915078	0.273546279803215	0.784433322188036	0.997707303814983
SA597_0946	cds	0.334231862317082	1.163070610804	3.15665180247503	0.368450714105393	0.712537188575025	0.997707303814983
SA597_0947	cds	2.75929133412021	-0.768771325267915	1.14733012411178	-0.670052419187607	0.502824374893708	0.997707303814983
SA597_0948	cds	11.1773654613224	-0.606117280863635	0.58023673606218	-1.04460342338387	0.296206296733482	0.997707303814983
SA597_0949	cds	0.698154051897766	-2.17770244834848	2.30130074150318	-0.946291985690682	0.343999679916021	0.997707303814983
SA597_0950	cds	2.8077247510219	2.16419595006928	1.43816240647263	1.50483418307213	0.132366713005876	0.997707303814983
SA597_0951	cds	1.67285902434458	0.613008717198185	1.50137363175655	0.408298576871226	0.683054483978293	0.997707303814983
SA597_0952	cds	7.43698678380923	0.517392267192903	0.716528200647799	0.72208221075617	0.470243934590796	0.997707303814983
SA597_0953	cds	0.26571322229939	-0.99771262399539	3.47406639566785	-0.287188703485786	0.77396783548082	0.997707303814983
SA597_0954	cds	7.71188193508914	-0.0967936910873708	0.724838083172245	-0.13353836302827	0.893767626631931	0.997707303814983
SA597_0955	cds	1.48469336145441	-1.04920468662252	1.54645174241461	-0.678459377584133	0.497480471938449	0.997707303814983
SA597_0956	cds	2.68036198187357	1.07537221087732	1.31469500662449	0.817963257986633	0.413378167546806	0.997707303814983
SA597_0957	cds	3.62515312191719	-0.363505222956323	1.05463876506032	-0.34467273060604	0.730340421096536	0.997707303814983
SA597_0958	cds	17.6474740628573	0.197736592567055	0.484048588983064	0.408505668785192	0.68290246958297	0.997707303814983
SA597_0959	cds	1.6062556519032	-0.932327350479023	1.6711015426834	-0.557911848361962	0.576904580400555	0.997707303814983
SA597_0960	cds	3.94967089514854	1.09418307182933	1.06434551518609	1.02803371294144	0.303933969579522	0.997707303814983
SA597_0961	cds	3.26278575310356	1.00033345174274	1.1523382425211	0.868090127386727	0.385344995283396	0.997707303814983
SA597_0962	cds	2.38357487162689	0.94930665601472	1.29436552972308	0.733414660863084	0.463305559997797	0.997707303814983
SA597_0963	cds	1.51465159056022	-1.15692198830503	1.55410022447512	-0.74443203217204	0.456615146153985	0.997707303814983
SA597_0964	cds	0.673392681702018	2.21060526780506	2.24853643734721	0.983130729432654	0.325543101991778	0.997707303814983
SA597_0965	cds	0.144342102292021	-0.177667754954771	4.05235334135732	-0.0438431054719582	0.965029466902452	0.997707303814983
SA597_0966	cds	0.241751460838479	0.738769447307854	3.55398591984258	0.207870673652127	0.835329948025553	0.997707303814983
SA597_0967	cds	0.523536145064456	-1.74623786732412	2.5575801856285	-0.682769548003439	0.494752474906026	0.997707303814983
SA597_0968	cds	1.00735664217689	-0.328583235838675	1.96869358566729	-0.166904204001509	0.86744542523664	0.997707303814983
SA597_0969	cds	0.804838795991071	-1.02441319383247	2.16197766574377	-0.473831533999702	0.635620045638202	0.997707303814983
SA597_0970	cds	7.45483201646397	-0.465320218635056	0.715040288962826	-0.650760839378727	0.515200882984879	0.997707303814983
SA597_0971	cds	0.241751460838479	0.738769447307854	3.55398591984258	0.207870673652127	0.835329948025553	0.997707303814983
SA597_0972	cds	0.257822922765066	-2.40687894487496	3.81032180564395	-0.631673403886734	0.527600310469136	0.997707303814983
SA597_0973	cds	0.622330589623437	-1.3905065638958	2.3120926883433	-0.601406064257808	0.547569560564052	0.997707303814983
SA597_0974	cds	0.04554765773304	-0.551291124646171	4.0621351136751	-0.135714620321284	0.892046889316486	0.997707303814983
SA597_0975	cds	0	NA	NA	NA	NA	NA
SA597_0976	cds	0	NA	NA	NA	NA	NA
SA597_0977	cds	0.04554765773304	-0.551291124646171	4.0621351136751	-0.135714620321284	0.892046889316486	0.997707303814983
SA597_0978	cds	0	NA	NA	NA	NA	NA
SA597_0979	cds	0	NA	NA	NA	NA	NA
SA597_0980	cds	1.40209043998329	2.00778296212589	1.74257975266709	1.15218999822126	0.249243006759369	0.997707303814983
SA597_0981	cds	3.79882510466356	-0.31030369522453	1.0025057897459	-0.30952808292826	0.756919853210146	0.997707303814983
SA597_0982	cds	11.7697036984875	0.69837546235737	0.600999195932974	1.16202395457989	0.245225734753927	0.997707303814983
SA597_0983	cds	0.150656145372399	-0.177667927559659	4.05235334539408	-0.0438431480220245	0.965029432985025	0.997707303814983
SA597_0984	cds	0.432440829598376	-3.12465553116329	2.90395900577527	-1.07599849892822	0.28192792772782	0.997707303814983
SA597_0985	cds	0	NA	NA	NA	NA	NA
SA597_0986	cds	0.364507666858371	-0.579235451388563	2.90072230143033	-0.19968662670775	0.841725673471085	0.997707303814983
SA597_0987	cds	0.17461790683331	-2.34090062098629	4.07704254714275	-0.574166345805449	0.565855240679958	0.997707303814983
SA597_0988	cds	1.01933296028375	-0.266896430437932	1.92374723551602	-0.13873778504292	0.889657358675497	0.997707303814983
SA597_0989	cds	2.53330652859924	0.766902444798839	1.306330306692	0.587066257951905	0.557159208006278	0.997707303814983
SA597_0990	cds	13.9975086410655	0.155446968186699	0.544381694517436	0.285547750323409	0.77522452692977	0.997707303814983
SA597_0991	cds	0.961157216389952	-0.497255865694934	1.97804566420998	-0.251387455149341	0.801514565704416	0.997707303814983
SA597_0992	cds	1.91805386094889	0.145069385058623	1.35637178567937	0.106953997856835	0.914825474731249	0.997707303814983
SA597_0993	cds	23.7730129609589	0.315396155960202	0.441241201939228	0.714793075927758	0.474736914292285	0.997707303814983
SA597_0994	cds	7.6859038930839	-0.189584684156993	0.71668176700635	-0.264531194855015	0.791370630615605	0.997707303814983
SA597_0995	cds	2.53662349937102	0.67750580000198	1.25696917142825	0.538999535869407	0.589887174808468	0.997707303814983
SA597_0996	cds	1.32851643790369	1.96378060394376	1.88262592997899	1.04310716891362	0.296898660824657	0.997707303814983
SA597_0997	cds	1.08357441128748	0.64066972002133	2.02282213336879	0.316720738542822	0.751455511238157	0.997707303814983
SA597_0998	cds	0	NA	NA	NA	NA	NA
SA597_0999	cds	1.90941362627299	-0.774189241646546	1.38510205597863	-0.558940215491594	0.576202522196241	0.997707303814983
SA597_1000	cds	0	NA	NA	NA	NA	NA
SA597_1001	cds	0	NA	NA	NA	NA	NA
SA597_1002	cds	0	NA	NA	NA	NA	NA
SA597_1003	cds	0.257822922765066	-2.40687894487496	3.81032180564395	-0.631673403886734	0.527600310469136	0.997707303814983
SA597_1004	cds	0.17461790683331	-2.34090062098629	4.07704254714275	-0.574166345805449	0.565855240679958	0.997707303814983
SA597_1005	cds	0.58137769633983	-3.27579858760644	2.64421194214783	-1.23885628659009	0.215398724667071	0.997707303814983
SA597_1006	cds	7.97312582778575	-0.384483117309371	0.728130874344796	-0.528041222885029	0.597470724714366	0.997707303814983
SA597_1007	cds	0	NA	NA	NA	NA	NA
SA597_1008	cds	1.12821901630736	-0.750758063802817	1.80394987114294	-0.416174571041242	0.677282265878341	0.997707303814983
SA597_1009	cds	0.257822922765066	-2.40687894487496	3.81032180564395	-0.631673403886734	0.527600310469136	0.997707303814983
SA597_1010	cds	0	NA	NA	NA	NA	NA
SA597_1011	cds	0.325274052205709	-1.15184208632787	3.25280115261145	-0.354107746611911	0.723258136797051	0.997707303814983
SA597_1012	cds	1.69259923699171	2.21054535127786	1.7845623570212	1.23870446027323	0.215454966309801	0.997707303814983
SA597_1013	cds	4.06954883393554	-0.334147868330269	0.949745276627873	-0.351828934087128	0.724966557909822	0.997707303814983
SA597_1014	cds	0.53899916869763	0.540564637352049	2.67062201779309	0.202411510783077	0.839595030342372	0.997707303814983
SA597_1015	cds	0.04554765773304	-0.551291124646171	4.0621351136751	-0.135714620321284	0.892046889316486	0.997707303814983
SA597_1016	cds	1.41550151769593	-1.10861927572695	1.63638142531681	-0.677482192461526	0.498100064775541	0.997707303814983
SA597_1017	cds	0	NA	NA	NA	NA	NA
SA597_1018	cds	1.15372647328814	1.27447985180925	2.07456803140438	0.614335048316779	0.538993946797945	0.997707303814983
SA597_1019	cds	2.92318247861794	-0.16056674235592	1.09953167352473	-0.146031939072021	0.883896174956501	0.997707303814983
SA597_1020	cds	4.19765404628969	0.0440062252772242	0.950573591043924	0.04629439076768	0.963075610036808	0.997707303814983
SA597_1021	cds	1.4350457413977	2.00797566995677	1.86582789236122	1.07618482828856	0.28184460362344	0.997707303814983
SA597_1022	cds	2.99999672006853	-1.06732076094433	1.08804905057001	-0.980949122087083	0.326617831867926	0.997707303814983
SA597_1023	cds	7.52099140847583	0.151293727786015	0.696992536199639	0.217066496308477	0.82815652353024	0.997707303814983
SA597_1024	cds	12.0492309721963	-0.0700107350078718	0.564094055620041	-0.12411181133777	0.901226746373526	0.997707303814983
SA597_1025	cds	1.3319789263287	-0.409126844811666	1.633725659831	-0.250425671133787	0.802258179247785	0.997707303814983
SA597_1026	cds	8.67923029343568	-0.355134731391776	0.681963576925176	-0.520753224084196	0.602538692034921	0.997707303814983
SA597_1027	cds	1.28783297179113	0.509411784584123	1.73629470795143	0.293390161388646	0.769223944823958	0.997707303814983
SA597_1028	cds	7.04917116063338	-0.550956129648777	0.74215903141322	-0.74236936603688	0.457863574771742	0.997707303814983
SA597_1029	cds	3.66950651959285	0.0960673082718869	1.02232942178472	0.0939690340753167	0.92513375509062	0.997707303814983
SA597_1030	cds	14.3731448690315	0.320268965220334	0.558018057240219	0.573940145959224	0.56600830511323	0.997707303814983
SA597_1031	cds	53.1314297711193	0.152953042857218	0.296673363992647	0.515560415666466	0.606161463214669	0.997707303814983
SA597_1032	cds	0.68978171906408	-0.4564580489509	2.21497299451997	-0.206078381127091	0.836729685684222	0.997707303814983
SA597_1033	cds	5.17546257976327	-1.34420900560235	0.867643194705964	-1.54926473670768	0.121318093013732	0.997707303814983
SA597_1034	cds	2.62188680505609	0.0657659926418409	1.29317731168357	0.0508561293549304	0.959440163946208	0.997707303814983
SA597_1035	cds	0.961157216389952	-0.497255865694934	1.97804566420998	-0.251387455149341	0.801514565704416	0.997707303814983
SA597_1036	cds	1.25097522232725	-1.33716051149621	1.66478324233395	-0.803203971239866	0.421856850545471	0.997707303814983
SA597_1037	cds	0.17461790683331	-2.34090062098629	4.07704254714275	-0.574166345805449	0.565855240679958	0.997707303814983
SA597_1038	cds	3.32415358810393	-0.0475186260776506	1.03732684287358	-0.0458087307815304	0.963462699960308	0.997707303814983
SA597_1039	cds	11.3926237904459	0.0469776110750237	0.605323221421084	0.0776074821063976	0.938140290474815	0.997707303814983
SA597_1040	cds	0.596649549531581	-0.640725676743937	2.51268389506281	-0.254996531001335	0.798725778550007	0.997707303814983
SA597_1041	cds	0.09109531546608	-0.0708877398542527	4.0499347609796	-0.0175034275952402	0.98603499844047	0.997707303814983
SA597_1042	cds	1.36113754669968	1.75288596772879	1.77665788059533	0.986619870304699	0.32382902542355	0.997707303814983
SA597_1043	cds	1.01618804729421	1.66771860990271	1.95015602502276	0.855171888045856	0.392455996660933	0.997707303814983
SA597_1044	cds	1.22516777724134	0.0950276886977361	1.82112606771129	0.0521807305834476	0.958384686780275	0.997707303814983
SA597_1045	cds	0.416369367671789	-0.198192711106871	2.74877299429406	-0.0721022476276807	0.94252053753511	0.997707303814983
SA597_1046	cds	1.33782755329266	2.0522236720375	1.88409786857212	1.08923411372085	0.27605065897326	0.997707303814983
SA597_1047	cds	0.901130970367218	2.6684191637397	2.05383645319149	1.29923644095088	0.193862799152395	0.997707303814983
SA597_1048	cds	4.36049044903677	1.73963117550645	1.1252629664247	1.54597745363805	0.122110013060999	0.997707303814983
SA597_1049	cds	0.4978551049726	-1.02612383733371	2.80922077770217	-0.36526991594197	0.714909932826374	0.997707303814983
SA597_1050	cds	1.70864926323141	1.58928363176563	1.71354496240712	0.927482888767079	0.353675871979272	0.997707303814983
SA597_1051	cds	0.280985075491141	0.984630006405658	3.33745982501924	0.295023777971614	0.767975715514231	0.997707303814983
SA597_1052	cds	2.20205744443552	0.0743488784768702	1.27252412893304	0.058426301542281	0.953409064951355	0.997707303814983
SA597_1053	cds	0	NA	NA	NA	NA	NA
SA597_1054	cds	1.26643824596043	0.0429913512512065	1.64844795173027	0.0260798960659214	0.979193612223903	0.997707303814983
SA597_1055	cds	5.63048570693068	-0.256341048269353	0.802512883767382	-0.31942296934345	0.749405795383457	0.997707303814983
SA597_1056	cds	2.78375271621082	-0.819978598583137	1.12663269375362	-0.727813601655037	0.466727697161953	0.997707303814983
SA597_1057	cds	1.77218365046735	-0.0506516552296138	1.46092241812354	-0.034671009631485	0.972342077986024	0.997707303814983
SA597_1058	cds	3.54238726791102	-0.162139591567748	1.00975495773713	-0.160573206722456	0.872429558961876	0.997707303814983
SA597_1059	cds	0	NA	NA	NA	NA	NA
SA597_1060	cds	1.88751015456539	-0.992999704188637	1.36100295568082	-0.729608778617167	0.465629354702523	0.997707303814983
SA597_1061	cds	1.68563495118628	-0.913201908852452	1.50109303198026	-0.608357969424285	0.542950081278607	0.997707303814983
SA597_1062	cds	0.523536145064456	-1.74623786732412	2.5575801856285	-0.682769548003439	0.494752474906026	0.997707303814983
SA597_1063	cds	1.38490813771917	0.28306328683992	1.68097330356164	0.168392493943936	0.866274512754148	0.997707303814983
SA597_1064	cds	1.65817264843052	1.48225914576805	1.60864707979619	0.92143215524678	0.356824847216216	0.997707303814983
SA597_1065	cds	2.7435283223819	-0.107609712972323	1.19992723619683	-0.0896801987038748	0.928541351672861	0.997707303814983
SA597_1066	cds	1.21300028869306	-0.431665066107714	1.67627510410085	-0.257514452759983	0.796781659732473	0.997707303814983
SA597_1067	cds	5.14937623777284	-0.426717558547749	0.844631786510753	-0.505211342223522	0.613410404784057	0.997707303814983
SA597_1068	cds	2.12661632304404	0.961501309497239	1.40651269194112	0.683606564666175	0.494223638226619	0.997707303814983
SA597_1069	cds	1.62007765363506	-1.49622806673396	1.46024894803978	-1.02463903072314	0.305533540874462	0.997707303814983
SA597_1070	cds	0.794763801709387	1.19160899772579	2.17902211099794	0.546854936309051	0.584478397336984	0.997707303814983
SA597_1071	cds	69.7589960343317	-0.527396521167398	0.334892809122633	-1.57482187374848	0.115297565965859	0.997707303814983
SA597_1072	cds	0.870396093542294	-0.164340822971526	2.0051616507087	-0.0819588899046828	0.934679404530452	0.997707303814983
SA597_1073	cds	4.7605677983312	0.172167320306786	0.878934715121053	0.195881807084015	0.84470267725969	0.997707303814983
SA597_1074	cds	2.57648313964744	0.733054940105561	1.30412865675846	0.562103237519248	0.574045682671979	0.997707303814983
SA597_1075	cds	2.3523793971895	-0.0566644551260032	1.26939193747187	-0.044639053907067	0.964395013155168	0.997707303814983
SA597_1076	cds	0.880803755113562	2.66122143735649	2.20801806952234	1.20525346875091	0.228105466741264	0.997707303814983
SA597_1077	cds	3.91889268856314	-0.451833952238466	0.965964873965595	-0.467754019236273	0.639960505869659	0.997707303814983
SA597_1078	cds	9.32406679371364	-0.0422250223474684	0.654701465192967	-0.0644950784324623	0.948576025796786	0.997707303814983
SA597_1079	cds	41.9769245000854	-0.74597028759448	0.358247688683357	-2.08227522789077	0.0373173372787287	0.997707303814983
SA597_1080	cds	1.13875308287268	0.5610359753905	1.82669280957228	0.307132087262043	0.758742835137024	0.997707303814983
SA597_1081	cds	2.81567669010291	0.973904444208902	1.21970266585316	0.798476933333319	0.424593773744416	0.997707303814983
SA597_1082	cds	3.06777104706528	1.62784424159536	1.26456100976708	1.28728011461874	0.197996672008098	0.997707303814983
SA597_1083	cds	0.725719798631851	-2.14656099396617	2.35707434483696	-0.910688709784694	0.362459414535365	0.997707303814983
SA597_1084	cds	9.58358852957015	0.220795370037993	0.645799533663122	0.341894595038791	0.732430217340993	0.997707303814983
SA597_1085	cds	0.22016556456635	-1.48828503217419	3.72829227239271	-0.399186792085656	0.68975557452517	0.997707303814983
SA597_1086	cds	2.7099875436898	-1.07277076105162	1.14190525170127	-0.93945689404033	0.347496213963456	0.997707303814983
SA597_1087	cds	0.364507666858371	-0.579235451388563	2.90072230143033	-0.19968662670775	0.841725673471085	0.997707303814983
SA597_1088	cds	0.612573170777228	0.634507731884662	2.38224242352784	0.266348934775927	0.789970489213403	0.997707303814983
SA597_1089	cds	10.0544065440436	0.401325272563318	0.662116380428062	0.606124972023587	0.544431769641241	0.997707303814983
SA597_1090	cds	1.14109838712738	1.25204571447926	2.05296043829282	0.609873279156037	0.541945754417893	0.997707303814983
SA597_1091	cds	1.51905518456823	-2.74009111618845	1.76461172039934	-1.55280115422125	0.120470646884596	0.997707303814983
SA597_1092	cds	0.710130370004626	-2.59081944651772	2.35921429074637	-1.09817046153026	0.272130061979875	0.997707303814983
SA597_1093	cds	11.5417832507277	-0.0587415317213711	0.59593122336178	-0.0985709917832415	0.921478903027928	0.997707303814983
SA597_1094	cds	19.1523249048109	0.0121864249612752	0.455816107778121	0.0267353977916183	0.978670779860719	0.997707303814983
SA597_1095	cds	0.150656145372399	-0.177667927559659	4.05235334539408	-0.0438431480220245	0.965029432985025	0.997707303814983
SA597_1096	cds	0.257822922765066	-2.40687894487496	3.81032180564395	-0.631673403886734	0.527600310469136	0.997707303814983
SA597_1097	cds	0	NA	NA	NA	NA	NA
SA597_1098	cds	4.6371689495046	0.091795620292591	0.890396008201601	0.103095273841128	0.917887355966037	0.997707303814983
SA597_1099	cds	4.35479878800094	-0.0655765630423852	0.912827507793783	-0.0718389427164367	0.942730081061332	0.997707303814983
SA597_1100	cds	2.06207838780544	0.720025936537157	1.43519529761142	0.501691956304126	0.615884223511338	0.997707303814983
SA597_1101	cds	4.63747739969288	0.213246753085632	0.91666592226701	0.232633010462798	0.816046391814401	0.997707303814983
SA597_1102	cds	3.96420477915214	1.3939309987027	1.09003380637297	1.27879611673782	0.200968861753316	0.997707303814983
SA597_1103	cds	4.44903652098033	0.156969100031766	0.947971015369597	0.165584282100193	0.868484117592379	0.997707303814983
SA597_1104	cds	50.6355824725232	0.40411365627281	0.865050200905968	0.467156305899451	0.6403880522354	0.997707303814983
SA597_1105	cds	27.2849316533154	-0.0710131794535312	0.391190447590014	-0.181530965009545	0.855950830327358	0.997707303814983
SA597_1106	cds	5.70334351999529	-0.793344168044678	0.868072879042989	-0.913914242913918	0.36076190901797	0.997707303814983
SA597_1107	cds	8.08396045623124	0.749451953351031	0.730361869940989	1.02613784234325	0.304826615046734	0.997707303814983
SA597_1108	cds	0.150656145372399	-0.177667927559659	4.05235334539408	-0.0438431480220245	0.965029432985025	0.997707303814983
SA597_1109	cds	0.543063751583276	1.86182682166549	2.62490346529145	0.709293444991037	0.478142395356228	0.997707303814983
SA597_1110	cds	2.50666527026521	0.764527514925725	1.23950329892712	0.616801516855566	0.537365651365194	0.997707303814983
SA597_1111	cds	7.83668644345035	-0.297867295851316	0.6922455388391	-0.430291391044341	0.666983688701112	0.997707303814983
SA597_1112	cds	7.66514715883037	-0.214610610089278	0.713506593276181	-0.300782938954858	0.763580019058808	0.997707303814983
SA597_1113	cds	2.81957351603174	-0.94673444049481	1.17407491906342	-0.806366293260092	0.420031676188959	0.997707303814983
SA597_1114	cds	3.97232582732656	0.387841181100718	0.990050853097034	0.391738646441736	0.695251331914345	0.997707303814983
SA597_1115	cds	0.44790385323155	0.143713400253358	2.8506178672569	0.0504148247662711	0.959791822953842	0.997707303814983
SA597_1116	cds	0.630220889157761	-0.556138259702709	2.36124499923103	-0.235527554270659	0.813799295069598	0.997707303814983
SA597_1117	cds	13.7878614255493	-0.290187385564242	0.521510526357154	-0.556436295909986	0.577912632218329	0.997707303814983
SA597_1118	cds	0.827683373281672	1.28213580777199	2.15071360009672	0.596144371670097	0.551078784058267	0.997707303814983
SA597_1119	cds	1.55688227752148	-0.993898914904074	1.55643738482296	-0.638573015911671	0.523100740184909	0.997707303814983
SA597_1120	cds	3.89999110766807	-1.41627977823942	1.04146891996333	-1.3598867437055	0.173865766561331	0.997707303814983
SA597_1121	cds	8.22537177699087	0.398980115357546	0.685026910427882	0.582429842220848	0.560277185376641	0.997707303814983
SA597_1122	cds	36.354974980804	-0.108568281515234	0.347736752256905	-0.312213997544397	0.754877894941343	0.997707303814983
SA597_1123	cds	15.7239667814485	-0.296185788148908	0.492684138997684	-0.601167694887577	0.547728298896143	0.997707303814983
SA597_1124	cds	5.16823448890743	-0.473712013113879	0.860540221066579	-0.550482129152251	0.581988730969681	0.997707303814983
SA597_1125	cds	0.584355655989247	0.260289923012041	2.43081568663614	0.107079250986833	0.914726107827553	0.997707303814983
SA597_1126	cds	1.074638036863	-1.70926654075226	1.84264457842059	-0.927615971506207	0.353606809906328	0.997707303814983
SA597_1127	cds	2.5549063686225	-0.281552230550023	1.19987662226559	-0.234650984380711	0.814479634321454	0.997707303814983
SA597_1128	cds	3.72980253727291	-1.44182582982423	0.99245297461247	-1.45279007339086	0.146282048906775	0.997707303814983
SA597_1129	cds	2.57050328918549	0.976377231010535	1.3078577812743	0.746546944927918	0.455337084193371	0.997707303814983
SA597_1130	cds	1.48488453189583	-0.597474148137329	1.62263223880703	-0.36821291593257	0.712714480343145	0.997707303814983
SA597_1131	cds	0.917202432293806	1.26635619456765	1.99793002369621	0.633834108075951	0.526189091207988	0.997707303814983
SA597_1132	cds	0.726639468527959	2.2848919585624	2.19116170768075	1.0427765100828	0.297051812983383	0.997707303814983
SA597_1133	cds	23.9347531895755	-0.105570777189326	0.419341750605736	-0.251753556703643	0.801231557596225	0.997707303814983
SA597_1134	cds	20.9730346903392	0.186919127555682	0.456178776425508	0.409749723606892	0.68198955054569	0.997707303814983
SA597_1135	cds	0.709791358882263	0.539885934503629	2.50439822473128	0.215575114681116	0.829318955307545	0.997707303814983
SA597_1136	cds	2.26573485384846	-1.15417491860131	1.31834143338173	-0.875474963750998	0.381315526883692	0.997707303814983
SA597_1137	cds	2.27295194964199	-0.359071060927097	1.2463808470913	-0.288090964944677	0.773277108510651	0.997707303814983
SA597_1138	cds	1.67582036681105	0.812325108276129	1.5518221069117	0.523465353830245	0.600650455052858	0.997707303814983
SA597_1139	cds	0.17461790683331	-2.34090062098629	4.07704254714275	-0.574166345805449	0.565855240679958	0.997707303814983
SA597_1140	cds	1.72612724685741	-0.0114738449969573	1.48528031523124	-0.00772503673501584	0.993836373761181	0.999864852633832
SA597_1141	cds	1.20510998915874	-0.869300669489479	1.78783539613872	-0.486230819328756	0.62680352251603	0.997707303814983
SA597_1142	cds	1.46245087862444	0.031535385034058	1.5545865641615	0.020285383754791	0.983815715463236	0.997707303814983
SA597_1143	cds	2.68996396012049	0.190008264918692	1.24543324684087	0.152563989600134	0.878742124620189	0.997707303814983
SA597_1144	cds	4.14083282747433	0.617647575241167	1.03142490180453	0.598829419534628	0.549286641769824	0.997707303814983
SA597_1145	cds	0.508849769150392	0.197018672313915	2.58433063777412	0.0762358614003069	0.939231452422418	0.997707303814983
SA597_1146	cds	10.8398607556929	0.0551227956221564	0.603921325720862	0.0912747956968731	0.927274244495927	0.997707303814983
SA597_1147	cds	7.40572020009169	0.982248111288842	0.741726846729921	1.32427202226711	0.185412718791103	0.997707303814983
SA597_1148	cds	33.6845269471871	0.170554999057715	0.389575286485571	0.437797275582655	0.661533246089385	0.997707303814983
SA597_1149	cds	0.18219063093216	0.502951840228143	4.03933812507677	0.1245134288476	0.900908768438207	0.997707303814983
SA597_1150	cds	1.02071804629627	-0.41353639655895	1.99914239457278	-0.206856899079128	0.836121617980386	0.997707303814983
SA597_1151	cds	0.3860935631305	1.38385188101151	2.75569489232475	0.502178918597214	0.615541670733592	0.997707303814983
SA597_1152	cds	1.17454332175951	1.85461896399745	1.82857530716332	1.01424259462113	0.310467008453994	0.997707303814983
SA597_1153	cds	0.346859948477837	1.20533040067517	3.11612266133635	0.386804542590844	0.69890091400536	0.997707303814983
SA597_1154	cds	0.455602982324451	0.0642480616216415	2.6453345360641	0.0242873106390672	0.980623434789978	0.997707303814983
SA597_1155	cds	0.824048827074417	2.48641800816223	2.11207049824554	1.17724195770342	0.239098946242794	0.997707303814983
SA597_1156	cds	12.4087837722823	0.159179292562951	0.553213809921635	0.287735572952345	0.773549157729439	0.997707303814983
SA597_1157	cds	0.257822922765066	-2.40687894487496	3.81032180564395	-0.631673403886734	0.527600310469136	0.997707303814983
SA597_1158	cds	0.150656145372399	-0.177667927559659	4.05235334539408	-0.0438431480220245	0.965029432985025	0.997707303814983
SA597_1159	cds	0	NA	NA	NA	NA	NA
SA597_1160	cds	0.713425905089517	-0.702536498106212	2.1571419348396	-0.325679310554246	0.744666999310927	0.997707303814983
SA597_1161	cds	0	NA	NA	NA	NA	NA
SA597_1162	cds	0	NA	NA	NA	NA	NA
SA597_1163	cds	0	NA	NA	NA	NA	NA
SA597_1164	cds	0	NA	NA	NA	NA	NA
SA597_1165	cds	0.17461790683331	-2.34090062098629	4.07704254714275	-0.574166345805449	0.565855240679958	0.997707303814983
SA597_1166	cds	0	NA	NA	NA	NA	NA
SA597_1167	cds	0	NA	NA	NA	NA	NA
SA597_1168	cds	0	NA	NA	NA	NA	NA
SA597_1169	cds	0.40675978950652	-2.4017775644379	3.22865577229015	-0.743893971308769	0.456940622906389	0.997707303814983
SA597_1170	cds	0	NA	NA	NA	NA	NA
SA597_1171	cds	0	NA	NA	NA	NA	NA
SA597_1172	cds	0	NA	NA	NA	NA	NA
SA597_1173	cds	0	NA	NA	NA	NA	NA
SA597_1174	cds	0	NA	NA	NA	NA	NA
SA597_1175	cds	0	NA	NA	NA	NA	NA
SA597_1176	cds	0	NA	NA	NA	NA	NA
SA597_1177	cds	0	NA	NA	NA	NA	NA
SA597_1178	cds	0	NA	NA	NA	NA	NA
SA597_1179	cds	0	NA	NA	NA	NA	NA
SA597_1180	cds	0.144342102292021	-0.177667754954771	4.05235334135732	-0.0438431054719582	0.965029466902452	0.997707303814983
SA597_1181	cds	0.09109531546608	-0.0708877398542527	4.0499347609796	-0.0175034275952402	0.98603499844047	0.997707303814983
SA597_1182	cds	0	NA	NA	NA	NA	NA
SA597_1183	cds	0	NA	NA	NA	NA	NA
SA597_1184	cds	0	NA	NA	NA	NA	NA
SA597_1185	cds	0	NA	NA	NA	NA	NA
SA597_1186	cds	0	NA	NA	NA	NA	NA
SA597_1187	cds	0.40675978950652	-2.4017775644379	3.22865577229015	-0.743893971308769	0.456940622906389	0.997707303814983
SA597_1188	cds	0	NA	NA	NA	NA	NA
SA597_1189	cds	0.425327177783162	1.54931803123233	2.84021586602386	0.545493055568797	0.585414455389865	0.997707303814983
SA597_1190	cds	3.43538494838224	-0.142967369650917	1.04526814460045	-0.136775783696695	0.891208025536755	0.997707303814983
SA597_1191	cds	0	NA	NA	NA	NA	NA
SA597_1192	cds	0.04554765773304	-0.551291124646171	4.0621351136751	-0.135714620321284	0.892046889316486	0.997707303814983
SA597_1193	cds	0.04554765773304	-0.551291124646171	4.0621351136751	-0.135714620321284	0.892046889316486	0.997707303814983
SA597_1194	cds	0.17461790683331	-2.34090062098629	4.07704254714275	-0.574166345805449	0.565855240679958	0.997707303814983
SA597_1195	cds	0	NA	NA	NA	NA	NA
SA597_1196	cds	0.04554765773304	-0.551291124646171	4.0621351136751	-0.135714620321284	0.892046889316486	0.997707303814983
SA597_1197	cds	2.27563144651512	0.0657198291025171	1.30833231060807	0.0502317557776834	0.959937706036592	0.997707303814983
SA597_1198	cds	0.990776434373403	1.2996138334792	1.95934294114045	0.663290640036065	0.507144430043471	0.997707303814983
SA597_1199	cds	0.04554765773304	-0.551291124646171	4.0621351136751	-0.135714620321284	0.892046889316486	0.997707303814983
SA597_1200	cds	2.38410505319068	0.279419768973031	1.29809271026268	0.215254092996554	0.829569219115042	0.997707303814983
SA597_1201	cds	5.59057888853723	-0.0647484728184627	0.816187629978039	-0.0793303775263108	0.936769844662773	0.997707303814983
SA597_1202	cds	0.909820878636379	0.465587466180909	2.07836117005992	0.224016630452871	0.822744362832514	0.997707303814983
SA597_1203	cds	4.23107323849168	0.335141850102051	0.938629295276356	0.357054538771216	0.721050976994387	0.997707303814983
SA597_1204	cds	0.804521220555597	-0.260697740675237	2.05676152161515	-0.12675156450346	0.899137032357132	0.997707303814983
SA597_1205	cds	8.84513335244267	0.339960462280353	0.711113906273079	0.478067520943407	0.632602148013407	0.997707303814983
SA597_1206	cds	13.0748544968662	0.20218622380603	0.602017540765128	0.335847728870264	0.736985696028485	0.997707303814983
SA597_1207	cds	1.95292442993961	-0.618863481025751	1.31785483224735	-0.469599128737418	0.638641447273931	0.997707303814983
SA597_1208	cds	0.17461790683331	-2.34090062098629	4.07704254714275	-0.574166345805449	0.565855240679958	0.997707303814983
SA597_1209	cds	0.18219063093216	0.502951840228143	4.03933812507677	0.1245134288476	0.900908768438207	0.997707303814983
SA597_1210	cds	0.4978551049726	-1.02612383733371	2.80922077770217	-0.36526991594197	0.714909932826374	0.997707303814983
SA597_1211	cds	23.4563830245252	-0.314210482389351	0.42306599724968	-0.742698501964256	0.457664236918068	0.997707303814983
SA597_1212	cds	0.325274052205709	-1.15184208632787	3.25280115261145	-0.354107746611911	0.723258136797051	0.997707303814983
SA597_1213	cds	0.753619737984357	0.167258759404736	2.31969355325086	0.0721038169763143	0.94251928862673	0.997707303814983
SA597_1214	cds	63.3832459720861	0.0471572650440354	0.295142099144034	0.159778171873142	0.873055819478507	0.997707303814983
SA597_1215	cds	1.14005231223722	-0.920021322514322	1.96349626263611	-0.468562808099844	0.639382166769879	0.997707303814983
SA597_1216	cds	1.66029292221679	-2.4063084757187	1.76858614948023	-1.36058312818173	0.173645466388079	0.997707303814983
SA597_1217	cds	0.04554765773304	-0.551291124646171	4.0621351136751	-0.135714620321284	0.892046889316486	0.997707303814983
SA597_1218	cds	1.63205397174192	-1.62178562106262	1.52210580166364	-1.06548810160899	0.286655107122613	0.997707303814983
SA597_1219	cds	1.88389704404503	-1.2686613388182	1.41868276141962	-0.894253016473326	0.371186531936915	0.997707303814983
SA597_1220	cds	6.55914437116214	0.224998677908787	0.773745849726653	0.290791450433335	0.771210824500092	0.997707303814983
SA597_1221	cds	12.5571374847738	-0.0250313625784081	0.571481840636604	-0.0438008013527154	0.965063188311818	0.997707303814983
SA597_1222	cds	3.51890753974947	-0.408080772117075	1.02529547552239	-0.398012847866276	0.690620715246024	0.997707303814983
SA597_1223	cds	2.0577153421435	-0.109707060640642	1.31856847616994	-0.0832016407364062	0.933691208146115	0.997707303814983
SA597_1224	cds	1.24373516551799	1.84488592582099	1.82776394281864	1.00936772118173	0.312798312937451	0.997707303814983
SA597_1225	cds	4.42635737170101	-0.290127846321405	0.901851627529075	-0.321702414748985	0.747678148320524	0.997707303814983
SA597_1226	cds	5.66950705994131	-0.260790162223392	0.82188294630524	-0.31730815610151	0.751009789226675	0.997707303814983
SA597_1227	cds	7.81178721998565	0.428223709961774	0.732652940996309	0.584483711181788	0.558894921094456	0.997707303814983
SA597_1228	cds	0.763229316149626	1.03757297322634	2.22651487315935	0.466007654264648	0.641210021722668	0.997707303814983
SA597_1229	cds	0.04554765773304	-0.551291124646171	4.0621351136751	-0.135714620321284	0.892046889316486	0.997707303814983
SA597_1230	cds	2.25675408272136	0.915700689056418	1.3208872501881	0.693246671073565	0.488154763816844	0.997707303814983
SA597_1231	cds	6.72605787201191	-0.278549041850799	0.758570628345899	-0.367202514099695	0.713467964139833	0.997707303814983
SA597_1232	cds	0.40235619549851	-0.106235122809596	2.96646235241676	-0.0358120583337412	0.971432218075573	0.997707303814983
SA597_1233	cds	1.95696990016608	0.618355577275352	1.48235786909924	0.41714324871571	0.676573632560397	0.997707303814983
SA597_1234	cds	2.02823914633705	-0.967743835463277	1.32400717818939	-0.730920384273663	0.464827784311682	0.997707303814983
SA597_1235	cds	0.546507127349108	-0.117953318594453	2.72979384900042	-0.0432096067025884	0.965534447201131	0.997707303814983
SA597_1236	cds	0.410055324591411	-0.221326761115396	2.76227962849256	-0.0801246763117096	0.936138096981176	0.997707303814983
SA597_1237	cds	0.416369367671789	-0.198192711106871	2.74877299429406	-0.0721022476276807	0.94252053753511	0.997707303814983
SA597_1238	cds	0	NA	NA	NA	NA	NA
SA597_1239	cds	0	NA	NA	NA	NA	NA
SA597_1240	cds	0	NA	NA	NA	NA	NA
SA597_1241	cds	0	NA	NA	NA	NA	NA
SA597_1242	cds	0	NA	NA	NA	NA	NA
SA597_1243	cds	0	NA	NA	NA	NA	NA
SA597_1244	cds	0.364507666858371	-0.579235451388563	2.90072230143033	-0.19968662670775	0.841725673471085	0.997707303814983
SA597_1245	cds	0.22016556456635	-1.48828503217419	3.72829227239271	-0.399186792085656	0.68975557452517	0.997707303814983
SA597_1246	cds	2.05501440958349	0.00043608208153826	1.31522556961403	0.000331564479594351	0.999735449825668	0.999945081387422
SA597_1247	cds	3.38328768042478	1.9198317761145	1.23719638188658	1.55175993417227	0.120719675969295	0.997707303814983
SA597_1248	cds	0	NA	NA	NA	NA	NA
SA597_1249	cds	0.196203803105439	0.378601625027328	3.87864200700591	0.0976119023986921	0.922240472896931	0.997707303814983
SA597_1250	cds	0.04554765773304	-0.551291124646171	4.0621351136751	-0.135714620321284	0.892046889316486	0.997707303814983
SA597_1251	cds	0.150656145372399	-0.177667927559659	4.05235334539408	-0.0438431480220245	0.965029432985025	0.997707303814983
SA597_1252	cds	0.150656145372399	-0.177667927559659	4.05235334539408	-0.0438431480220245	0.965029432985025	0.997707303814983
SA597_1253	cds	0.17461790683331	-2.34090062098629	4.07704254714275	-0.574166345805449	0.565855240679958	0.997707303814983
SA597_1254	cds	0	NA	NA	NA	NA	NA
SA597_1255	cds	0	NA	NA	NA	NA	NA
SA597_1256	cds	2.62153117675078	0.265432938002132	1.1960884588015	0.221917481143578	0.824378121825981	0.997707303814983
SA597_1257	cds	0	NA	NA	NA	NA	NA
SA597_1258	cds	0	NA	NA	NA	NA	NA
SA597_1259	cds	0	NA	NA	NA	NA	NA
SA597_1260	cds	0	NA	NA	NA	NA	NA
SA597_1261	cds	0	NA	NA	NA	NA	NA
SA597_1262	cds	4.24735776493328	1.05794399114439	1.10144178407041	0.960508314143241	0.336799448599103	0.997707303814983
SA597_1263	cds	3.56918396684435	0.0293932907463538	1.01234228045899	0.0290349334545498	0.976836729463532	0.997707303814983
SA597_1264	cds	0.378394434037599	1.43062120839773	2.9733360837635	0.481150185547447	0.63040976218417	0.997707303814983
SA597_1265	cds	1.8105528909378	0.454682213220524	1.4910306515396	0.304944913607935	0.760408107724534	0.997707303814983
SA597_1266	cds	0.735011801361646	0.747345196043709	2.13564716751763	0.349938513913037	0.726384842266455	0.997707303814983
SA597_1267	cds	0.3860935631305	1.38385188101151	2.75569489232475	0.502178918597214	0.615541670733592	0.997707303814983
SA597_1268	cds	1.60494729729147	0.813754602940531	1.59399740837343	0.510511873272689	0.609692898514589	0.997707303814983
SA597_1269	cds	0.87197234999624	0.278982112294532	1.98835892345858	0.140307722616431	0.888416862918539	0.997707303814983
SA597_1270	cds	0.379779520050122	1.36916977903969	2.97684976493612	0.459939159566242	0.645559891193718	0.997707303814983
SA597_1271	cds	1.84290360241535	-0.0744431102719271	1.41616930830067	-0.0525665327129953	0.958077283112449	0.997707303814983
SA597_1272	cds	0.483502921676957	1.73845658057681	2.70530459214716	0.642610294464856	0.520477001572131	0.997707303814983
SA597_1273	cds	0	NA	NA	NA	NA	NA
SA597_1274	cds	139.298803533273	0.4919454363185	0.245955912682095	2.00013665438632	0.0454855097079292	0.997707303814983
SA597_1275	cds	0.417628048690261	1.58591998785398	2.86501316257004	0.553547190837806	0.579888775839864	0.997707303814983
SA597_1276	cds	2.08247671233925	-1.998643600349	1.35921631957535	-1.47043820145819	0.141443111419344	0.997707303814983
SA597_1277	cds	1.47172626417129	0.270859234138544	1.58760269914209	0.170608952910518	0.864531257740338	0.997707303814983
SA597_1278	cds	3.31593822119837	-0.684771835612178	1.07606974543992	-0.636363803102956	0.524539327782143	0.997707303814983
SA597_1279	cds	1.22907175061965	-1.70229708909236	1.77249690125142	-0.960394959162129	0.336856474142353	0.997707303814983
SA597_1280	cds	4.91839673958926	-0.288082769071744	0.967399936969319	-0.297790766840706	0.765862862024079	0.997707303814983
SA597_1281	cds	0.491202050769858	1.69443431386337	2.56151706178146	0.661496399592567	0.508294022812367	0.997707303814983
SA597_1282	cds	0.326532733224181	1.21462256474262	3.14440773560133	0.386280236812335	0.699289135558146	0.997707303814983
SA597_1283	cds	9.50158405898046	0.342230807874338	0.643995150472801	0.531418299692292	0.595128943175987	0.997707303814983
SA597_1284	cds	0.144342102292021	-0.177667754954771	4.05235334135732	-0.0438431054719582	0.965029466902452	0.997707303814983
SA597_1285	cds	0	NA	NA	NA	NA	NA
SA597_1286	cds	0	NA	NA	NA	NA	NA
SA597_1287	cds	8.90525842871713	-0.434833770703508	0.666284930423231	-0.652624351607799	0.51399848251897	0.997707303814983
SA597_1288	cds	16.892568931277	0.04078145940805	0.481213836645258	0.0847470631608487	0.932462479529829	0.997707303814983
SA597_1289	cds	1.1582806893915	2.96970104232483	1.88029472691784	1.57938061507662	0.114248780989752	0.997707303814983
SA597_1290	cds	0.501150640057491	0.298703641946746	2.55241321506662	0.117027932696607	0.906837918473667	0.997707303814983
SA597_1291	cds	0.543063751583276	1.86182682166549	2.62490346529145	0.709293444991037	0.478142395356228	0.997707303814983
SA597_1292	cds	0.332846776304559	1.23539005979376	3.1227775933907	0.39560616241401	0.692395590289112	0.997707303814983
SA597_1293	cds	0.150656145372399	-0.177667927559659	4.05235334539408	-0.0438431480220245	0.965029432985025	0.997707303814983
SA597_1294	cds	2.08790342022169	1.48795640609009	1.49532995117687	0.995068951116125	0.319702730358177	0.997707303814983
SA597_1295	cds	0.918002041028643	-1.33854668371809	2.06610926449416	-0.647858613637165	0.517076400864224	0.997707303814983
SA597_1296	cds	4.55389764279664	0.736030739270426	0.9999709187124	0.736052144614532	0.461698964623409	0.997707303814983
SA597_1297	cds	5.61252772709484	-1.09157735649325	0.870808281403672	-1.25352202063779	0.210015790254626	0.997707303814983
SA597_1298	cds	2.54057562101375	0.0124750821324251	1.18873901505311	0.0104943826815239	0.991626847775632	0.999732789310583
SA597_1299	cds	3.83412054142463	-0.808453088821579	0.95377336468314	-0.847636470840388	0.396640456636941	0.997707303814983
SA597_1300	cds	2.30066831847143	1.31585785194681	1.44772507293635	0.908914183048525	0.363395426564141	0.997707303814983
SA597_1301	cds	2.59558223481671	-0.844142628318182	1.17241322029955	-0.720004358277797	0.471522312160086	0.997707303814983
SA597_1302	cds	1.03790034856039	1.61627048601336	1.89306682287352	0.853784169942818	0.393224587146645	0.997707303814983
SA597_1303	cds	6.06026615231511	-0.898344539082653	0.769904297059162	-1.16682624387745	0.243280546376203	0.997707303814983
SA597_1304	cds	0.189889760025061	0.379107197203241	3.92795764333622	0.096515092988947	0.923111487414045	0.997707303814983
SA597_1305	cds	0.04554765773304	-0.551291124646171	4.0621351136751	-0.135714620321284	0.892046889316486	0.997707303814983
SA597_1306	cds	0.04554765773304	-0.551291124646171	4.0621351136751	-0.135714620321284	0.892046889316486	0.997707303814983
SA597_1307	cds	2.04934300930981	0.597845617020877	1.35939480504077	0.439788069517411	0.660090609317697	0.997707303814983
SA597_1308	cds	5.1697034530265	-0.448541791220406	0.836849865911068	-0.535988364809122	0.591966591806565	0.997707303814983
SA597_1309	cds	7.18809326597476	1.71919191744412	0.88265045610948	1.9477607534719	0.0514435968473394	0.997707303814983
SA597_1310	cds	8.20100936486092	1.16192293878017	0.725059408524688	1.60252101430473	0.109040444386978	0.997707303814983
SA597_1311	cds	3.46532656030511	-0.658464667421552	1.00994509330647	-0.651980658934432	0.51441364948005	0.997707303814983
SA597_1312	cds	2.00551463020772	0.789851337799207	1.41230744560401	0.559263027507022	0.575982224126678	0.997707303814983
SA597_1313	cds	2.98752924341511	-0.125347549359181	1.09729259536014	-0.11423347782461	0.909052714135094	0.997707303814983
SA597_1314	cds	0.13664297319912	0.254914424130683	4.04345919102807	0.0630436495306557	0.949731746130076	0.997707303814983
SA597_1315	cds	0	NA	NA	NA	NA	NA
SA597_1316	cds	1.13038075003899	1.74403310944089	1.87673913499793	0.929289040185549	0.35273931351218	0.997707303814983
SA597_1317	cds	20.0531239888924	-1.15995164716826	0.502041610883949	-2.31046913646445	0.0208621953281517	0.997707303814983
SA597_1318	cds	1.14947071996107	-0.377778560118148	1.82890447482784	-0.206560028321713	0.836353479740671	0.997707303814983
SA597_1319	cds	3.25741434093502	0.144530744863443	1.06481533901149	0.135733154443114	0.892032236806996	0.997707303814983
SA597_1320	cds	0.741643419877497	-0.198693932798532	2.23547482976767	-0.0888822053161663	0.929175525673571	0.997707303814983
SA597_1321	cds	0.658120828510267	0.797059765855058	2.31951383754799	0.343632252997312	0.731122865808799	0.997707303814983
SA597_1322	cds	16.7258385425636	-0.24857258314264	0.48153977712288	-0.516203634573699	0.605712192058931	0.997707303814983
SA597_1323	cds	0.09109531546608	-0.0708877398542527	4.0499347609796	-0.0175034275952402	0.98603499844047	0.997707303814983
SA597_1324	cds	1.36159814431215	0.873177164824226	1.68034622223385	0.519641222309188	0.6033136610944	0.997707303814983
SA597_1325	cds	0.26571322229939	-0.99771262399539	3.47406639566785	-0.287188703485786	0.77396783548082	0.997707303814983
SA597_1326	cds	7.27743384221103	-0.400769206098492	0.747314644737997	-0.536279074577749	0.591765690379942	0.997707303814983
SA597_1327	cds	2.40753663308781	0.449976475600424	1.23052042521726	0.365679810248559	0.714604013312387	0.997707303814983
SA597_1328	cds	2.29624050736212	-0.229637732451002	1.32052141066779	-0.173899287505587	0.861944612585886	0.997707303814983
SA597_1329	cds	1.88908641101934	-0.714669695292887	1.3740531287227	-0.520117949119795	0.602981368844879	0.997707303814983
SA597_1330	cds	0.553012340870909	0.513435401362985	2.4671274171321	0.208110613905716	0.835142599896264	0.997707303814983
SA597_1331	cds	0.524121622342143	1.8211664668622	2.65416836920854	0.68615333073435	0.492616423691481	0.997707303814983
SA597_1332	cds	20.667252729525	0.058957186442507	0.508974865676418	0.115835162830986	0.907783182173293	0.997707303814983
SA597_1333	cds	0.440013553697226	-0.425553418740383	2.89594958288065	-0.146947799525252	0.883173222846777	0.997707303814983
SA597_1334	cds	0.557415934878918	-1.24439649219151	2.73711988462137	-0.454637189690963	0.649370274958601	0.997707303814983
SA597_1335	cds	2.4710662018198	0.32522837917642	1.20755153047009	0.26932877891332	0.787676687739375	0.997707303814983
SA597_1336	cds	3.88104694133741	0.965360884115553	1.01631319310369	0.949865544072557	0.3421805764724	0.997707303814983
SA597_1337	cds	1.33514805641954	1.19536181518261	1.7370081950857	0.688172812635254	0.491343962453158	0.997707303814983
SA597_1338	cds	2.22885414336885	0.351470446034514	1.34181802329046	0.261936000213072	0.793370784146523	0.997707303814983
SA597_1339	cds	0	NA	NA	NA	NA	NA
SA597_1340	cds	4.02780296168805	0.544100085289504	1.04414942768932	0.521094079890065	0.602301234822411	0.997707303814983
SA597_1341	cds	3.17090897141443	0.712912973801286	1.14392455701812	0.623216775466071	0.533142079296675	0.997707303814983
SA597_1342	cds	2.25155722381129	-0.581655517016461	1.29138979486877	-0.45041049521037	0.652414478737851	0.997707303814983
SA597_1343	cds	1.4479556731518	1.27735866404326	1.66588355924118	0.766775478968712	0.443215017949494	0.997707303814983
SA597_1344	cds	76.5342831782836	0.563310381395556	0.276877950871688	2.03450791087589	0.0419004118049617	0.997707303814983
SA597_1345	cds	4.00810329738699	-0.550009532059778	0.94368569532079	-0.582831269761709	0.560006892389951	0.997707303814983
SA597_1346	cds	6.98415334784872	0.161556477190266	0.787691448565328	0.205101220134507	0.837493043169316	0.997707303814983
SA597_1347	cds	24.4190000797871	-0.274613926536443	0.406739913421476	-0.675158541059824	0.499575043749151	0.997707303814983
SA597_1348	cds	0	NA	NA	NA	NA	NA
SA597_1349	cds	0.372080390957221	1.41240699785586	2.99079134199965	0.472251934804491	0.636746973773163	0.997707303814983
SA597_1350	cds	1.00670487412299	-0.290041837496557	1.92904708335552	-0.150354980963989	0.880484557415285	0.997707303814983
SA597_1351	cds	0.885859117175468	1.4022809808936	2.11027241035842	0.664502352402661	0.506368843827233	0.997707303814983
SA597_1352	cds	11.2606364235441	-0.71621123876373	0.668921983805749	-1.07069472390328	0.284306715901644	0.997707303814983
SA597_1353	cds	1.03238591421485	-0.658825362661819	1.85184787793392	-0.355766459282207	0.722015469425581	0.997707303814983
SA597_1354	cds	0.370821709938749	-0.579726411031993	2.8853508885648	-0.200920592822717	0.840760665305553	0.997707303814983
SA597_1355	cds	0.189889760025061	0.379107197203241	3.92795764333622	0.096515092988947	0.923111487414045	0.997707303814983
SA597_1356	cds	1.09826078720154	-0.594578543288217	1.78769399583958	-0.332595256611004	0.739439824397491	0.997707303814983
SA597_1357	cds	0.17461790683331	-2.34090062098629	4.07704254714275	-0.574166345805449	0.565855240679958	0.997707303814983
SA597_1358	cds	2.2510270422475	-0.00446231662682578	1.27977585010701	-0.00348679546223088	0.99721794537126	0.999945081387422
SA597_1359	cds	0	NA	NA	NA	NA	NA
SA597_1360	cds	9.69192296242526	-0.169689115261528	0.646308788023671	-0.262551149552547	0.792896556319888	0.997707303814983
SA597_1361	cds	10.157062888306	0.955745108026762	0.681019423336257	1.4034035965445	0.160496521125204	0.997707303814983
SA597_1362	cds	1.22587965951308	1.4430748407017	1.89368882874148	0.762044333155172	0.446033544995763	0.997707303814983
SA597_1363	cds	0.698154051897766	-2.17770244834848	2.30130074150318	-0.946291985690682	0.343999679916021	0.997707303814983
SA597_1364	cds	0.394465895964186	-0.697433859115144	3.0096291097489	-0.231734155167489	0.816744501384122	0.997707303814983
SA597_1365	cds	0.478573964609103	1.67449466090823	2.77751732689587	0.602874604847068	0.546592111200004	0.997707303814983
SA597_1366	cds	2.11069270179839	0.508861654998049	1.41297957497945	0.360133765560942	0.718747103249106	0.997707303814983
SA597_1367	cds	3.06384233890716	0.0396192522165624	1.19130378056591	0.0332570523680717	0.973469602043946	0.997707303814983
SA597_1368	cds	0.648511250344999	-0.240337417938925	2.41880491607772	-0.0993620512102524	0.920850812361552	0.997707303814983
SA597_1369	cds	0.978148348212648	1.2821984296787	1.96404354864772	0.652836048651526	0.513861980896224	0.997707303814983
SA597_1370	cds	0	NA	NA	NA	NA	NA
SA597_1371	cds	0.241751460838479	0.738769447307854	3.55398591984258	0.207870673652127	0.835329948025553	0.997707303814983
SA597_1372	cds	1.68926949739353	-1.39773073146297	1.46713508739453	-0.952693956727044	0.340745156186165	0.997707303814983
SA597_1373	cds	2.01355277042298	-0.264512594984244	1.33029515514456	-0.198837524109828	0.842389842019857	0.997707303814983
SA597_1374	cds	0	NA	NA	NA	NA	NA
SA597_1375	cds	10.9639419335074	-0.138864678000981	0.610887572894341	-0.227316259427329	0.820177830823505	0.997707303814983
SA597_1376	cds	4.09527802229182	-0.310493241848247	0.962954380453799	-0.322438163375844	0.747120776525732	0.997707303814983
SA597_1377	cds	1.9508875758732	-0.542236077735973	1.37366878788968	-0.394735676107914	0.69303797066947	0.997707303814983
SA597_1378	cds	1.21898013915502	-1.11723574051926	1.72820373986309	-0.646472238630712	0.517973570327962	0.997707303814983
SA597_1379	cds	3.0927946969826	-1.23185275554669	1.08028858924933	-1.14029970121472	0.254161462259439	0.997707303814983
SA597_1380	cds	13.3271625328169	-0.0164412573454435	0.541795744491779	-0.0303458591408206	0.975791223091693	0.997707303814983
SA597_1381	cds	1.9846500859408	-0.222436205445919	1.4801237416966	-0.150282168429344	0.88054200074719	0.997707303814983
SA597_1382	cds	0.144342102292021	-0.177667754954771	4.05235334135732	-0.0438431054719582	0.965029466902452	0.997707303814983
SA597_1383	cds	2.24172869568493	2.8640126691453	1.55408089641219	1.84289806004131	0.0653438956043531	0.997707303814983
SA597_1384	cds	1.22009097949255	1.92552085488088	1.81115902947777	1.06314289553915	0.28771715415858	0.997707303814983
SA597_1385	cds	8.7735199262413	0.627663912578515	0.675890564587099	0.928647247741879	0.353071927523898	0.997707303814983
SA597_1386	cds	7.60196455154319	0.665867827870487	0.737964364498953	0.902303498519991	0.366895667628349	0.997707303814983
SA597_1387	cds	11.5600796112614	-0.614987603929543	0.577869837366683	-1.06423205393797	0.287223589585393	0.997707303814983
SA597_1388	cds	6.4079408013819	-0.172994143254908	0.751309793140743	-0.230256739409359	0.817892274409317	0.997707303814983
SA597_1389	cds	6.60643274321302	0.152033155718398	0.749768170926868	0.202773552697568	0.839312030379579	0.997707303814983
SA597_1390	cds	2.16222173532222	-2.25493721543628	1.38862944366983	-1.62385813271897	0.104406089772792	0.997707303814983
SA597_1391	cds	5.30549866922636	0.0712400506268249	0.844141510875389	0.0843934929262603	0.932743580723755	0.997707303814983
SA597_1392	cds	0.61494903596601	-2.03896466042099	2.56224118747884	-0.795773899188336	0.426163465037167	0.997707303814983
SA597_1393	cds	6.96982044448666	-0.242117223701052	0.781379231501418	-0.309858790635917	0.756668341749504	0.997707303814983
SA597_1394	cds	1.17974652450236	-1.37738073372103	1.73773460894834	-0.792630086681995	0.427993374203807	0.997707303814983
SA597_1395	cds	1.11984668347367	0.408741693882778	1.79530429634532	0.227672653997904	0.819900733099054	0.997707303814983
SA597_1396	cds	4.910870638426	0.451594781494351	0.91590444509609	0.493058838083238	0.621971014006439	0.997707303814983
SA597_1397	cds	2.34990921326958	-1.47551934947984	1.30362778976846	-1.13185631747073	0.257694846199183	0.997707303814983
SA597_1398	cds	16.8474525663079	0.74309717208747	0.500420628586384	1.48494512343868	0.137558361486035	0.997707303814983
SA597_1399	cds	1.34916122859282	1.17006946908377	1.7046304960076	0.686406509694728	0.492456800629462	0.997707303814983
SA597_1400	cds	0.13664297319912	0.254914424130683	4.04345919102807	0.0630436495306557	0.949731746130076	0.997707303814983
SA597_1401	cds	0.882689987084627	-1.0086077893927	2.21863780595637	-0.454606780198594	0.649392156050524	0.997707303814983
SA597_1402	cds	4.16045297896019	-0.407025043463418	0.971737000134914	-0.418863379090132	0.675315982123669	0.997707303814983
SA597_1403	cds	1.47922225686935	-0.575318486828357	1.708478703531	-0.336743142094378	0.736310538106228	0.997707303814983
SA597_1404	cds	7.93529970497989	-0.430138091533717	0.695149793994043	-0.618770364675392	0.536067647856025	0.997707303814983
SA597_1405	cds	2.11885242850376	0.14136120953978	1.28493785411877	0.110014043937345	0.912398237071446	0.997707303814983
SA597_1406	cds	3.80434338736565	-0.658842844505939	1.05133124256176	-0.626674845979607	0.530872395582101	0.997707303814983
SA597_1407	cds	5.01634637509409	-0.45780140597507	0.892088138521399	-0.513179568482838	0.607825716612471	0.997707303814983
SA597_1408	cds	0	NA	NA	NA	NA	NA
SA597_1409	cds	0	NA	NA	NA	NA	NA
SA597_1410	cds	0	NA	NA	NA	NA	NA
SA597_1411	cds	0	NA	NA	NA	NA	NA
SA597_1412	cds	0	NA	NA	NA	NA	NA
SA597_1413	cds	0	NA	NA	NA	NA	NA
SA597_1414	cds	3.32415358810393	-0.0475186260776506	1.03732684287358	-0.0458087307815304	0.963462699960308	0.997707303814983
SA597_1415	cds	1.31638949770148	-0.700569638867664	1.59938962539735	-0.438023123160884	0.661369521396811	0.997707303814983
SA597_1416	cds	3.44231502967438	-0.103916810256839	1.03072244161052	-0.100819392361795	0.919693832398754	0.997707303814983
SA597_1417	cds	1.72749089718305	0.611013496178805	1.51733545190266	0.402688473015393	0.687177414838116	0.997707303814983
SA597_1418	cds	1.27965180939887	1.97432431896647	1.7844872675621	1.10638184696253	0.268561279306124	0.997707303814983
SA597_1419	cds	5.81514804711159	-0.340892647517027	0.807589528354634	-0.422111277509448	0.672943796733386	0.997707303814983
SA597_1420	cds	8.16099517297176	-1.21586620583757	0.71094289532445	-1.71021640955099	0.0872258623729272	0.997707303814983
SA597_1421	cds	11.0491791522761	-0.224615978819898	0.58128017644917	-0.386416031236427	0.699188579198687	0.997707303814983
SA597_1422	cds	1.75374266718476	-2.58892968706191	1.61027033988418	-1.60776089761929	0.107887555421068	0.997707303814983
SA597_1423	cds	0.789249367363846	-1.50940615110629	2.19557797216932	-0.687475539579647	0.491783109660236	0.997707303814983
SA597_1424	cds	0.530435665422521	1.82844118760651	2.46041662438639	0.743142917131974	0.457395158664893	0.997707303814983
SA597_1425	cds	1.88135672099235	0.551090411449692	1.46898044400889	0.375151632342871	0.707547699342925	0.997707303814983
SA597_1426	cds	1.74769170744265	1.37934128676995	1.54999573703573	0.889900051859404	0.373519556095501	0.997707303814983
SA597_1427	cds	2.0309325869613	-2.92108972934818	1.46937851482404	-1.98797634501821	0.0468143062017073	0.997707303814983
SA597_1428	cds	0.189889760025061	0.379107197203241	3.92795764333622	0.096515092988947	0.923111487414045	0.997707303814983
SA597_1429	cds	9.21089174999706	-0.462306754275829	0.658718811369191	-0.701827162510955	0.482786957134375	0.997707303814983
SA597_1430	cds	4.88866388543816	0.765062069295276	0.918626966730783	0.832832147327424	0.404939401507974	0.997707303814983
SA597_1431	cds	2.82600483885897	-1.22306910947635	1.15781821506732	-1.05635676962055	0.290805248712565	0.997707303814983
SA597_1432	cds	0.751083263288233	-1.14493781154762	2.26534600786155	-0.50541409902694	0.613268018251268	0.997707303814983
SA597_1433	cds	12.8799736877577	0.426664779867837	0.557724417317086	0.765010041913341	0.444265564986987	0.997707303814983
SA597_1434	cds	1.74205086810306	0.553241878253036	1.47423244880657	0.375274522481784	0.707456311999276	0.997707303814983
SA597_1435	cds	4.1236385592568	-0.184901900343375	0.941596832477497	-0.196370563245065	0.844320134814671	0.997707303814983
SA597_1436	cds	1.22227567423991	-0.145041412338886	1.74023995018219	-0.0833456399640184	0.93357671106472	0.997707303814983
SA597_1437	cds	0.860786515377025	-1.69099101660569	2.12904906744135	-0.794247085454867	0.427051602104275	0.997707303814983
SA597_1438	cds	1.195670145748	-0.249863626639855	1.76809634764799	-0.141317879521801	0.887618825543031	0.997707303814983
SA597_1439	cds	3.35276540972817	0.679082678639817	1.07313732415777	0.632801285867846	0.526863416963004	0.997707303814983
SA597_1440	cds	11.0901797413552	-0.0919687007035512	0.640622482171381	-0.143561462894378	0.885846773503405	0.997707303814983
SA597_1441	cds	18.1853715757564	-0.257818908472305	0.494304683653331	-0.521578930967848	0.601963535962297	0.997707303814983
SA597_1442	cds	5.89802165183934	0.512465922533527	0.826783479719011	0.619830868787669	0.535369143340555	0.997707303814983
SA597_1443	cds	11.0238416784851	1.38505557517426	0.663536942471911	2.08738276125883	0.0368535489888164	0.997707303814983
SA597_1444	cds	8.15630293115092	-0.777540036967444	0.689811700442633	-1.12717722310091	0.259667558527601	0.997707303814983
SA597_1445	cds	1.79200211984411	0.0394458754379817	1.47045476124316	0.0268256300551764	0.978598810743371	0.997707303814983
SA597_1446	cds	22.8417427891516	-0.0336130422491118	0.428660812977227	-0.0784140775912201	0.937498675712965	0.997707303814983
SA597_1447	cds	14.3087353165847	-0.150318430025227	0.54645262088715	-0.275080444817319	0.783254435021162	0.997707303814983
SA597_1448	cds	103.535888374706	-0.145801192910551	0.266429922537227	-0.54724030815337	0.584213647123697	0.997707303814983
SA597_1449	cds	42.8716769979454	-0.182213783689396	0.409722585170067	-0.444724773016267	0.656518664336979	0.997707303814983
SA597_1450	cds	25.1066379443059	0.305880845289116	0.431422136431489	0.709005911980343	0.478320808106165	0.997707303814983
SA597_1451	cds	0.189889760025061	0.379107197203241	3.92795764333622	0.096515092988947	0.923111487414045	0.997707303814983
SA597_1452	cds	3.61870036340306	0.0084474868463194	1.04685081491628	0.00806942758791753	0.993561598186625	0.999864852633832
SA597_1453	cds	5.0406434772764	1.52674369487051	0.967994673174204	1.57722324014871	0.114744167308249	0.997707303814983
SA597_1454	cds	0.22016556456635	-1.48828503217419	3.72829227239271	-0.399186792085656	0.68975557452517	0.997707303814983
SA597_1455	cds	0.46961615449773	-0.0473756560987801	2.69364562616362	-0.0175879319976674	0.985967584060061	0.997707303814983
SA597_1456	cds	1.38384062714212	-0.261144762489306	1.60329063367536	-0.162880489041879	0.870612533156478	0.997707303814983
SA597_1457	cds	0	NA	NA	NA	NA	NA
SA597_1458	cds	1.82998465339665	1.09816491144859	1.61906491603687	0.678271081394727	0.497599830866177	0.997707303814983
SA597_1459	cds	0.660179118263576	-0.805250119637296	2.33904794116687	-0.344264050969209	0.730647716948335	0.997707303814983
SA597_1460	cds	1.95529116988121	-1.37789548824599	1.47008660194592	-0.937288651173412	0.348610099063685	0.997707303814983
SA597_1461	cds	1.41379885624793	-0.400487687270374	1.60236043702697	-0.249936080557158	0.802636780250255	0.997707303814983
SA597_1462	cds	1.023110528668	-1.01617029270829	1.87460147129598	-0.54207270626208	0.587768420237243	0.997707303814983
SA597_1463	cds	1.7783065231063	-0.347687881227529	1.38202775037327	-0.251578075138956	0.801367207156512	0.997707303814983
SA597_1464	cds	1.27965180939887	1.97432431896647	1.7844872675621	1.10638184696253	0.268561279306124	0.997707303814983
SA597_1465	cds	0.687744864997661	0.0356855132635397	2.34862121409953	0.0151942395177682	0.987877217331624	0.99776497837862
SA597_1466	cds	1.56254455254796	-1.06542653548921	1.63331043864584	-0.652311104049849	0.514200498210449	0.997707303814983
SA597_1467	cds	0	NA	NA	NA	NA	NA
SA597_1468	cds	0.144342102292021	-0.177667754954771	4.05235334135732	-0.0438431054719582	0.965029466902452	0.997707303814983
SA597_1469	cds	0.04554765773304	-0.551291124646171	4.0621351136751	-0.135714620321284	0.892046889316486	0.997707303814983
SA597_1470	cds	0	NA	NA	NA	NA	NA
SA597_1471	cds	0	NA	NA	NA	NA	NA
SA597_1472	cds	0.567025513044187	0.449169436934357	2.46002784003989	0.182587135650902	0.855121978919101	0.997707303814983
SA597_1473	cds	0.196203803105439	0.378601625027328	3.87864200700591	0.0976119023986921	0.922240472896931	0.997707303814983
SA597_1474	cds	0.301312290744797	0.984919544693603	3.6005590915078	0.273546279803215	0.784433322188036	0.997707303814983
SA597_1475	cds	2.72617906677766	0.624244257491836	1.185010318318	0.526783816007512	0.598343722886913	0.997707303814983
SA597_1476	cds	3.00154241558839	-0.16068440031839	1.10581626370357	-0.145308407547046	0.884467376917595	0.997707303814983
SA597_1477	cds	3.11168715263048	0.0615659012150906	1.06963220190462	0.0575580102258179	0.954100697176214	0.997707303814983
SA597_1478	cds	2.99912600205354	1.63028728371801	1.23536823325604	1.31967719407928	0.186942817481253	0.997707303814983
SA597_1479	cds	1.6769756038512	-0.913179006933582	1.52152689295513	-0.600172768001486	0.548391100370948	0.997707303814983
SA597_1480	cds	0.17461790683331	-2.34090062098629	4.07704254714275	-0.574166345805449	0.565855240679958	0.997707303814983
SA597_1481	cds	7.36420960905006	-0.641096088460997	0.704280091897754	-0.910285688657617	0.362671864003125	0.997707303814983
SA597_1482	cds	3.43557611882366	0.020766515284461	1.05150788656519	0.0197492720214357	0.984243385042249	0.997707303814983
SA597_1483	cds	3.85037404854545	-0.779422320905591	0.968439255825715	-0.804823138071821	0.420921747525166	0.997707303814983
SA597_1484	cds	10.5146554904833	0.115469304602137	0.645022340921591	0.179015977085627	0.857925156441516	0.997707303814983
SA597_1485	cds	2.55408004731013	0.0679587390505124	1.23144177021587	0.055186319559876	0.955990027736129	0.997707303814983
SA597_1486	cds	0.280985075491141	0.984630006405658	3.33745982501924	0.295023777971614	0.767975715514231	0.997707303814983
SA597_1487	cds	2.23410067587218	0.0631686238852614	1.32273721114617	0.0477559891359864	0.961910712089851	0.997707303814983
SA597_1488	cds	1.43947989633979	-0.636296165053415	1.59543416945338	-0.398823202634189	0.690023479273132	0.997707303814983
SA597_1489	cds	1.39581694524898	-0.192129887511066	1.74065218170085	-0.110378103983606	0.912109517501495	0.997707303814983
SA597_1490	cds	1.93428593238282	1.13429616150158	1.51660880977704	0.747916110066866	0.454510759671108	0.997707303814983
SA597_1491	cds	2.05832378043691	-2.1169752746388	1.49577466867236	-1.4153036008544	0.156979499697964	0.997707303814983
SA597_1492	cds	8.62876679194747	0.160336640857653	0.686922804013301	0.233412895773581	0.815440800326449	0.997707303814983
SA597_1493	cds	7.41136925307918	-0.578812493881219	0.7193544338977	-0.804627686445223	0.421034560354379	0.997707303814983
SA597_1494	cds	1.93471080015317	0.713998481505303	1.46101254938779	0.48870112840885	0.625053304795164	0.997707303814983
SA597_1495	cds	4.6108527585418	0.552811274639126	0.91297549000029	0.605505055386482	0.544843466679377	0.997707303814983
SA597_1496	cds	0.74290210089597	1.06604622814877	2.11907272987055	0.503072033876769	0.614913628068109	0.997707303814983
SA597_1497	cds	3.81157807048953	0.535576936675191	1.01055041489076	0.529985371123799	0.596122073547429	0.997707303814983
SA597_1498	cds	1.67319803546695	-0.491716157968657	1.4263725361678	-0.344731930474306	0.730295910908147	0.997707303814983
SA597_1499	cds	8.40151535508557	-0.506015967286363	0.692636156601384	-0.730565337173956	0.465044690844533	0.997707303814983
SA597_1500	cds	1.40998073951761	2.15747569055262	1.74004652637514	1.23989540385858	0.215014084110065	0.997707303814983
SA597_1501	cds	1.68249003819674	0.512350900185893	1.49808977620053	0.342002801384389	0.73234878404733	0.997707303814983
SA597_1502	cds	6.79630106755119	0.397550137376542	0.766319729477023	0.518778418569298	0.603915269325756	0.997707303814983
SA597_1503	cds	4.901179510356	0.198702525105983	0.861320755476378	0.230695154903222	0.817551637838057	0.997707303814983
SA597_1504	cds	3.51921877135216	1.46499499013624	1.13708944402632	1.28837269383914	0.197616259316598	0.997707303814983
SA597_1505	cds	3.89950425586477	-0.0186715010435356	1.00548535099513	-0.0185696400500081	0.985184422389045	0.997707303814983
SA597_1506	cds	2.45375749456163	-0.0189361411082074	1.1962832186471	-0.0158291454841461	0.987370696613296	0.997707303814983
SA597_1507	cds	1.05523049150545	1.50920721842277	1.99833959891218	0.755230602068001	0.450110630012192	0.997707303814983
SA597_1508	cds	1.33246095962806	-2.11693935149343	1.70540392806242	-1.24131258094297	0.21449029886497	0.997707303814983
SA597_1509	cds	16.0915504077695	0.0918803101288158	0.53891553964442	0.170491112929197	0.864623922903829	0.997707303814983
SA597_1510	cds	6.3179397090704	0.123901189247116	0.762446258300567	0.162504816435563	0.870908335723421	0.997707303814983
SA597_1511	cds	7.38619446338798	-0.112335854749911	0.72634204179533	-0.154659717166097	0.877089588834722	0.997707303814983
SA597_1512	cds	8.86143851169818	0.0446924684746115	0.661138434906156	0.0675992592700426	0.946104645069137	0.997707303814983
SA597_1513	cds	0.04554765773304	-0.551291124646171	4.0621351136751	-0.135714620321284	0.892046889316486	0.997707303814983
SA597_1514	cds	1.09813438220749	0.52131393040492	1.84917084073106	0.281917667595722	0.778006642001068	0.997707303814983
SA597_1515	cds	0.637602442815188	0.368885291406103	2.37071265498649	0.155601013319856	0.876347526158675	0.997707303814983
SA597_1516	cds	0	NA	NA	NA	NA	NA
SA597_1517	cds	0.26571322229939	-0.99771262399539	3.47406639566785	-0.287188703485786	0.77396783548082	0.997707303814983
SA597_1518	cds	0	NA	NA	NA	NA	NA
SA597_1519	cds	0	NA	NA	NA	NA	NA
SA597_1520	cds	5.42264976574879	-0.350825233554925	0.872717028402041	-0.401991965479684	0.687689939287996	0.997707303814983
SA597_1521	cds	12.0758964476317	0.303469157926449	0.565800554302228	0.536353588943901	0.591714200618322	0.997707303814983
SA597_1522	cds	2.60743974784787	0.907535470181367	1.29766013518195	0.699362988487056	0.484325211828733	0.997707303814983
SA597_1523	cds	0.491202050769858	1.69443431386337	2.56151706178146	0.661496399592567	0.508294022812367	0.997707303814983
SA597_1524	cds	0	NA	NA	NA	NA	NA
SA597_1525	cds	3.82872616824036	-0.0158862418868489	0.980308365153302	-0.0162053517561942	0.987070565940991	0.997707303814983
SA597_1526	cds	2.94371748149597	0.486937202027877	1.28023187374966	0.380350788019119	0.703685039843085	0.997707303814983
SA597_1527	cds	9.42828617239097	-0.598411273498969	0.638966740488748	-0.936529611918833	0.349000573607674	0.997707303814983
SA597_1528	cds	5.5060598958731	-0.946966375101062	0.809064518778054	-1.17044605605902	0.241821510640598	0.997707303814983
SA597_1529	cds	1.64717798425273	1.03703621607192	1.58618374466419	0.653793244042775	0.513245019686289	0.997707303814983
SA597_1530	cds	34.7817357581012	-0.0342421326695662	0.35838616834896	-0.0955453521750446	0.923881669175123	0.997707303814983
SA597_1531	cds	0.04554765773304	-0.551291124646171	4.0621351136751	-0.135714620321284	0.892046889316486	0.997707303814983
SA597_1532	cds	6.1042082487457	1.17482309614816	0.825584652131587	1.42301954513673	0.154730489400603	0.997707303814983
SA597_1533	cds	14.2168183310358	-0.0715348780413471	0.525550640861523	-0.136114148627203	0.89173104263934	0.997707303814983
SA597_1534	cds	0.280985075491141	0.984630006405658	3.33745982501924	0.295023777971614	0.767975715514231	0.997707303814983
SA597_1535	cds	2.20547938451446	-0.0713226674662124	1.30402008146663	-0.0546944548476552	0.956381887142308	0.997707303814983
SA597_1536	cds	0.927898633695304	1.3533088243848	2.32601807304595	0.581813546535614	0.560692278405162	0.997707303814983
SA597_1537	cds	0.997747064011619	-1.59432770659039	1.94819045655902	-0.818363369568271	0.413149731450892	0.997707303814983
SA597_1538	cds	1.84155719493378	1.44557060633282	1.58115634936524	0.914248996889616	0.360586023748618	0.997707303814983
SA597_1539	cds	4.54326013225299	-0.613354190925444	0.876197780155066	-0.700017969478187	0.483916082436237	0.997707303814983
SA597_1540	cds	38.7247386151754	0.00302333878149949	0.361958006814566	0.0083527335342201	0.993335560366915	0.999864852633832
SA597_1541	cds	3.12631636301552	0.0592611309760872	1.11596812602818	0.0531028885090135	0.957649930004807	0.997707303814983
SA597_1542	cds	3.47913472626843	0.464821487657823	1.08381541104755	0.428875141393822	0.668014091687343	0.997707303814983
SA597_1543	cds	2.96004022808182	0.679286106877963	1.19168260424797	0.570022675884102	0.568662318304799	0.997707303814983
SA597_1544	cds	2.97083175586477	0.418064828437659	1.13491132939317	0.36836783421767	0.712598978379473	0.997707303814983
SA597_1545	cds	2.24160863452366	-0.215557011423372	1.23618606234921	-0.174372627219024	0.861572625062878	0.997707303814983
SA597_1546	cds	1.77305999060298	0.00819751269239163	1.54621920142657	0.00530164978214503	0.995769915308229	0.999945081387422
SA597_1547	cds	5.22922373458675	0.112821194844908	0.843834554381189	0.133700610219315	0.89363932261172	0.997707303814983
SA597_1548	cds	0	NA	NA	NA	NA	NA
SA597_1549	cds	3.09306259882482	-0.195101478755889	1.09087856418217	-0.178848026867369	0.858057033212203	0.997707303814983
SA597_1550	cds	0.3860935631305	1.38385188101151	2.75569489232475	0.502178918597214	0.615541670733592	0.997707303814983
SA597_1551	cds	3.93557537019755	-0.104938539875777	0.978392817190389	-0.107256040755824	0.914585857697073	0.997707303814983
SA597_1552	cds	4.36711411723016	-0.485704915437792	0.904098099459242	-0.537225900295887	0.591111582661578	0.997707303814983
SA597_1553	cds	8.88512522386741	-0.820796266702433	0.702544256105361	-1.16831966039067	0.242677847848387	0.997707303814983
SA597_1554	cds	64.1319594328435	-0.103966385059118	0.312098657995194	-0.333120256674473	0.739043509188254	0.997707303814983
SA597_1555	cds	9.19576848181113	0.674822636928049	0.704457437359673	0.957932447213993	0.338096823485733	0.997707303814983
SA597_1556	cds	6.38389131345788	0.586190050606765	0.779016747824289	0.752474259692018	0.451765903660665	0.997707303814983
SA597_1557	cds	5.67157447494181	-0.664090627696513	0.86025700919508	-0.771967703370281	0.440133556239936	0.997707303814983
SA597_1558	cds	4.37817354685533	0.143458086186465	0.944608857679014	0.151870358847739	0.879289187284342	0.997707303814983
SA597_1559	cds	3.8692093386643	0.709090117662949	1.0668840796273	0.664636516003371	0.506283007497822	0.997707303814983
SA597_1560	cds	0.865340731480388	1.13594246662376	2.12188001477695	0.535347172654893	0.592409812506733	0.997707303814983
SA597_1561	cds	6.3964383614746	-0.0783879903913821	0.804631964431921	-0.0974209251638727	0.922392127888991	0.997707303814983
SA597_1562	cds	1.41010714451166	1.18203450351894	1.70273015634303	0.694199547189322	0.487557076549468	0.997707303814983
SA597_1563	cds	0.834479449661413	-0.521105799692768	2.28428837456901	-0.228126100668479	0.819548209614255	0.997707303814983
SA597_1564	cds	1.90796224948426	0.603816417873921	1.42625786900204	0.423357115846389	0.672034728242347	0.997707303814983
SA597_1565	cds	4.55206097643623	0.535028509454273	0.990646681353766	0.540080050258817	0.589141828084106	0.997707303814983
SA597_1566	cds	10.2398687788975	0.968197365907165	0.650021044880161	1.48948618438294	0.136359388721232	0.997707303814983
SA597_1567	cds	22.852942567522	-0.134440519441289	0.420699189155879	-0.319564484331525	0.749298501015434	0.997707303814983
SA597_1568	cds	19.5119691836654	0.647742283056928	0.464179943215176	1.39545513011677	0.162878636501926	0.997707303814983
SA597_1569	cds	0.899681118907323	1.06551050036287	2.06601582687822	0.515732012553296	0.606041592811899	0.997707303814983
SA597_1570	cds	2.60235535018072	0.670545273397546	1.2089362737164	0.554657253633575	0.579129119732243	0.997707303814983
SA597_1571	cds	0	NA	NA	NA	NA	NA
SA597_1572	cds	2.3139048429256	-0.032664432348587	1.27961692623022	-0.0255267273189462	0.979634830112719	0.997707303814983
SA597_1573	cds	0.189889760025061	0.379107197203241	3.92795764333622	0.096515092988947	0.923111487414045	0.997707303814983
SA597_1574	cds	12.2916074885112	-0.151313215698646	0.557972447727388	-0.271184027661118	0.786249496940888	0.997707303814983
SA597_1575	cds	1.47791390225762	1.13036196577121	1.60561006819768	0.704007771351397	0.481427933960906	0.997707303814983
SA597_1576	cds	3.70978655362195	0.431456211741596	1.01546593341237	0.424884969101553	0.670920532444451	0.997707303814983
SA597_1577	cds	0.235437417758101	0.709821119802056	3.58995287329068	0.197724355961088	0.843260732604926	0.997707303814983
SA597_1578	cds	0.499891959039019	-1.79454250217263	2.79360198950634	-0.6423758677555	0.520629164671137	0.997707303814983
SA597_1579	cds	0.826107116827726	1.03220004308753	2.05760699397348	0.501650726358696	0.615913230488798	0.997707303814983
SA597_1580	cds	2.89551425805292	-1.5006246225797	1.13983627382925	-1.31652646703232	0.187997401051929	0.997707303814983
SA597_1581	cds	1.14487595551163	0.146980634207852	1.88479277068242	0.0779823843204976	0.937842065591088	0.997707303814983
SA597_1582	cds	2.73585062897589	-0.557026547157063	1.22334756231077	-0.455329756087386	0.648872022066306	0.997707303814983
SA597_1583	cds	2.09806614096647	-1.77105758817248	1.30128250778532	-1.36100929473545	0.173510752156696	0.997707303814983
SA597_1584	cds	5.02076176778111	0.113865554489637	0.89865498003373	0.126706641613852	0.89917258896343	0.997707303814983
SA597_1585	cds	1.67113974571364	0.310190001635646	1.49749022111335	0.207139918018982	0.835900588012356	0.997707303814983
SA597_1586	cds	0.196203803105439	0.378601625027328	3.87864200700591	0.0976119023986921	0.922240472896931	0.997707303814983
SA597_1587	cds	0.583096974970775	-1.99928409180318	2.50452598379456	-0.798268456681811	0.424714718783314	0.997707303814983
SA597_1588	cds	14.8266837670335	0.0976319144860254	0.526000452428978	0.185611845075757	0.85274916395982	0.997707303814983
SA597_1589	cds	1.97608658266569	0.177896470511288	1.36378323466701	0.130443362250837	0.896215661525847	0.997707303814983
SA597_1590	cds	0	NA	NA	NA	NA	NA
SA597_1591	cds	0.318960009125331	-1.15055420503595	3.27349698673211	-0.351475565641054	0.72523160042813	0.997707303814983
SA597_1592	cds	7.37806859670962	0.699728055436903	0.732644126082948	0.95507222473477	0.339541173886332	0.997707303814983
SA597_1593	cds	5.97249808097098	0.418349420293005	0.838811583565912	0.498740633164054	0.617962115257953	0.997707303814983
SA597_1594	cds	10.4081730791682	-0.926696616874056	0.67923195604714	-1.36433012113721	0.17246368995166	0.997707303814983
SA597_1595	cds	8.52550131450129	-0.589663725882307	0.677643453855651	-0.8701681135223	0.384208538758607	0.997707303814983
SA597_1596	cds	3.20421088386956	1.02146237055009	1.13526055527405	0.899760293621326	0.368247829116759	0.997707303814983
SA597_1597	cds	6.62979321382999	1.06057154776675	0.838477654364892	1.2648775339995	0.20591523194024	0.997707303814983
SA597_1598	cds	1.09022746549022	-1.26342422313748	1.89773329618966	-0.665754363731842	0.505568119005156	0.997707303814983
SA597_1599	cds	0.62252176006486	-0.438464147069511	2.52482030929136	-0.173661525715695	0.862131476032829	0.997707303814983
SA597_1600	cds	1.67490069691494	-1.0482841691806	1.54747895545148	-0.677414168049061	0.498143211533321	0.997707303814983
SA597_1601	cds	2.44446549183184	-0.770572643660176	1.20354926801605	-0.640250186791604	0.522009959838807	0.997707303814983
SA597_1602	cds	0.673392681702018	2.21060526780506	2.24853643734721	0.983130729432654	0.325543101991778	0.997707303814983
SA597_1603	cds	1.21791262857797	-1.62797896076062	1.77557052788199	-0.916876539228535	0.359207339023278	0.997707303814983
SA597_1604	cds	11.4726658153423	0.160504199635077	0.600279042527356	0.267382647508908	0.789174558509919	0.997707303814983
SA597_1605	cds	13.1210196101573	-0.13941427587784	0.549672105963171	-0.25363170945986	0.799780096874459	0.997707303814983
SA597_1606	cds	13.4871764165138	0.384903939733382	0.538578771050611	0.714666006947407	0.474815447344202	0.997707303814983
SA597_1607	cds	16.3633326948199	-0.000861822246156779	0.503380793673046	-0.00171206819367953	0.998633967888569	0.999945081387422
SA597_1608	cds	5.51507300169837	-0.0506310423173177	0.837261089737055	-0.0604722265705893	0.951779535342139	0.997707303814983
SA597_1609	cds	1.97383712247096	0.646775302919033	1.42556826380315	0.453696479741739	0.650047300985435	0.997707303814983
SA597_1610	cds	6.17719784048974	-0.924454960281956	0.797628394088038	-1.15900457798888	0.246454318992904	0.997707303814983
SA597_1611	cds	0.394465895964186	-0.697433859115144	3.0096291097489	-0.231734155167489	0.816744501384122	0.997707303814983
SA597_1612	cds	1.1737666740404	-0.576002198515394	1.76795992575057	-0.325800483441874	0.744575312938692	0.997707303814983
SA597_1613	cds	1.21300028869306	-0.431665066107714	1.67627510410085	-0.257514452759983	0.796781659732473	0.997707303814983
SA597_1614	cds	7.98816176342936	-0.057184814696538	0.76725041127973	-0.0745321395151252	0.940586968641809	0.997707303814983
SA597_1615	cds	1.1737666740404	-0.576002198515394	1.76795992575057	-0.325800483441874	0.744575312938692	0.997707303814983
SA597_1616	cds	0.45230744723956	-1.53759929585362	2.90533375503062	-0.529233274212042	0.596643636927241	0.997707303814983
SA597_1617	cds	0.196203803105439	0.378601625027328	3.87864200700591	0.0976119023986921	0.922240472896931	0.997707303814983
SA597_1618	cds	2.59576706142535	2.31015812888058	1.48034261766104	1.56055638831142	0.118628455565331	0.997707303814983
SA597_1619	cds	2.53601506107761	2.12191582091301	1.41448656613974	1.500131476472	0.133580348862788	0.997707303814983
SA597_1620	cds	4.27060299289292	0.435141531450358	0.950622822610836	0.457743619341333	0.647136646151453	0.997707303814983
SA597_1621	cds	2.53297233598082	0.515708822390008	1.25491596899071	0.410950880483876	0.681108552552827	0.997707303814983
SA597_1622	cds	2.28103341961774	0.0889210793208078	1.29871706527661	0.0684683998526413	0.94541277429032	0.997707303814983
SA597_1623	cds	1.44637941669785	1.02646529667352	1.61625218156567	0.63508981357054	0.52536984024835	0.997707303814983
SA597_1624	cds	3.60652374960759	0.157436998660343	0.995986742577411	0.158071379798619	0.874400552660538	0.997707303814983
SA597_1625	cds	0.705535605555193	-1.53284559186557	2.34534202631536	-0.653570172139773	0.513388766413601	0.997707303814983
SA597_1626	cds	0	NA	NA	NA	NA	NA
SA597_1627	cds	0.04554765773304	-0.551291124646171	4.0621351136751	-0.135714620321284	0.892046889316486	0.997707303814983
SA597_1628	cds	2.57729187362947	-0.820763711959178	1.18506509982304	-0.692589556541439	0.488567166068078	0.997707303814983
SA597_1629	cds	0.150656145372399	-0.177667927559659	4.05235334539408	-0.0438431480220245	0.965029432985025	0.997707303814983
SA597_1630	cds	0	NA	NA	NA	NA	NA
SA597_1631	cds	0.13664297319912	0.254914424130683	4.04345919102807	0.0630436495306557	0.949731746130076	0.997707303814983
SA597_1632	cds	0.13664297319912	0.254914424130683	4.04345919102807	0.0630436495306557	0.949731746130076	0.997707303814983
SA597_1633	cds	0.477988487331416	-2.26505999632082	2.63980210722499	-0.858041589603054	0.390869498709437	0.997707303814983
SA597_1634	cds	0.915144142540497	2.6548881186296	2.04044716594299	1.30113053792434	0.193213776467147	0.997707303814983
SA597_1635	cds	6.30430127786161	-0.189531514234452	0.779224206325109	-0.243231040175587	0.807826422173604	0.997707303814983
SA597_1636	cds	0.189889760025061	0.379107197203241	3.92795764333622	0.096515092988947	0.923111487414045	0.997707303814983
SA597_1637	cds	0	NA	NA	NA	NA	NA
SA597_1638	cds	0	NA	NA	NA	NA	NA
SA597_1639	cds	1.57012640189401	-0.724818464635454	1.49123071824894	-0.486053871990085	0.626928970803661	0.997707303814983
SA597_1640	cds	4.23125959042916	1.05633103189562	1.03166796523844	1.02390601190324	0.305879670354987	0.997707303814983
SA597_1641	cds	7.29339926788832	0.713787584484494	0.799207521343057	0.893119202988712	0.371793340403561	0.997707303814983
SA597_1642	cds	7.6190092053157	-0.214830826068367	0.69082919221684	-0.310975315589929	0.75581938720212	0.997707303814983
SA597_1643	cds	1.07134250177811	-4.13871794401721	2.17541933156685	-1.90249203174833	0.0571068595902672	0.997707303814983
SA597_1644	cds	0	NA	NA	NA	NA	NA
SA597_1645	cds	0.461917025404829	0.0839490803264061	2.63404260403265	0.031870813402138	0.974575074341782	0.997707303814983
SA597_1646	cds	0.953458087297051	-0.355125248667263	1.9655129683755	-0.180678150885351	0.856620209585805	0.997707303814983
SA597_1647	cds	0.712626296354681	2.30556377640332	2.20472506788301	1.04573754341948	0.295682224087117	0.997707303814983
SA597_1648	cds	0	NA	NA	NA	NA	NA
SA597_1649	cds	0.969190538101275	0.0621680123091087	1.86772983628118	0.0332853344747604	0.973447048674106	0.997707303814983
SA597_1650	cds	1.65166743490872	1.22905568209817	1.64990535261801	0.744924961997335	0.45631708388156	0.997707303814983
SA597_1651	cds	0.09109531546608	-0.0708877398542527	4.0499347609796	-0.0175034275952402	0.98603499844047	0.997707303814983
SA597_1652	cds	0	NA	NA	NA	NA	NA
SA597_1653	cds	0.150656145372399	-0.177667927559659	4.05235334539408	-0.0438431480220245	0.965029432985025	0.997707303814983
SA597_1654	cds	0.497516093850236	1.71959967917506	2.74364797806851	0.626756673203257	0.530818748218818	0.997707303814983
SA597_1655	cds	0.410055324591411	-0.221326761115396	2.76227962849256	-0.0801246763117096	0.936138096981176	0.997707303814983
SA597_1656	cds	0	NA	NA	NA	NA	NA
SA597_1657	cds	0	NA	NA	NA	NA	NA
SA597_1658	cds	0	NA	NA	NA	NA	NA
SA597_1659	cds	0.17461790683331	-2.34090062098629	4.07704254714275	-0.574166345805449	0.565855240679958	0.997707303814983
SA597_1660	cds	0.303370580498106	-1.5466668551324	3.31036935537098	-0.467218817327128	0.640343332007668	0.997707303814983
SA597_1661	cds	0	NA	NA	NA	NA	NA
SA597_1662	cds	1.11214755438077	0.477193716060624	1.84633844692933	0.25845408616944	0.79605647931134	0.997707303814983
SA597_1663	cds	0.18219063093216	0.502951840228143	4.03933812507677	0.1245134288476	0.900908768438207	0.997707303814983
SA597_1664	cds	0	NA	NA	NA	NA	NA
SA597_1665	cds	0	NA	NA	NA	NA	NA
SA597_1666	cds	0	NA	NA	NA	NA	NA
SA597_1667	cds	0	NA	NA	NA	NA	NA
SA597_1668	cds	0.144342102292021	-0.177667754954771	4.05235334135732	-0.0438431054719582	0.965029466902452	0.997707303814983
SA597_1669	cds	2.72895110861783	-1.61428043004498	1.25619881472422	-1.28505170608632	0.198774216102364	0.997707303814983
SA597_1670	cds	4.00687695106669	1.66782040575864	1.08960137188263	1.53067025133877	0.12585090962674	0.997707303814983
SA597_1671	cds	0.94575895820415	-0.283159596056335	2.08352435995633	-0.135904144678332	0.891897058899487	0.997707303814983
SA597_1672	cds	2.10240622561269	1.93924334561554	1.54580701081717	1.25451840497889	0.209653640290436	0.997707303814983
SA597_1673	cds	0.673392681702018	2.21060526780506	2.24853643734721	0.983130729432654	0.325543101991778	0.997707303814983
SA597_1674	cds	1.1414325797458	1.563382827469	1.89496096427492	0.825021125470624	0.409359597169946	0.997707303814983
SA597_1675	cds	0.893558246268368	1.37109447941001	1.99299304568205	0.687957483033156	0.491479555989836	0.997707303814983
SA597_1676	cds	0.691040400082552	0.918262787059329	2.27687134724083	0.403300251536875	0.686727356717976	0.997707303814983
SA597_1677	cds	6.59488646178455	0.413962750887916	0.789631944672328	0.524247725387677	0.600106250301678	0.997707303814983
SA597_1678	cds	0	NA	NA	NA	NA	NA
SA597_1679	cds	7.56675382332713	-0.157569209253784	0.799945413797319	-0.196974951710526	0.84384713940114	0.997707303814983
SA597_1680	cds	9.85020865293925	-0.0576085115412347	0.610471699703781	-0.0943672107473419	0.924817461574955	0.997707303814983
SA597_1681	cds	12.858144338485	-0.105517213470281	0.596071078060097	-0.177021193200121	0.859491742700832	0.997707303814983
SA597_1682	cds	3.32765225958366	0.708197673326997	1.14471443387795	0.618667549187647	0.536135392003637	0.997707303814983
SA597_1683	cds	6.30445626599203	-0.0417879169536167	0.816990028553133	-0.0511486254338036	0.959207089180825	0.997707303814983
SA597_1684	cds	0.150656145372399	-0.177667927559659	4.05235334539408	-0.0438431480220245	0.965029432985025	0.997707303814983
SA597_1685	cds	0.257822922765066	-2.40687894487496	3.81032180564395	-0.631673403886734	0.527600310469136	0.997707303814983
SA597_1686	cds	0.370821709938749	-0.579726411031993	2.8853508885648	-0.200920592822717	0.840760665305553	0.997707303814983
SA597_1687	cds	0.13664297319912	0.254914424130683	4.04345919102807	0.0630436495306557	0.949731746130076	0.997707303814983
SA597_1688	cds	1.198313912779	0.616270171014983	1.73015107700527	0.356194426721215	0.721694965437884	0.997707303814983
SA597_1689	cds	4.31637987393722	0.643930515231797	0.955650254915667	0.673813994104592	0.500429576767838	0.997707303814983
SA597_1690	cds	0.26571322229939	-0.99771262399539	3.47406639566785	-0.287188703485786	0.77396783548082	0.997707303814983
SA597_1691	cds	0.189889760025061	0.379107197203241	3.92795764333622	0.096515092988947	0.923111487414045	0.997707303814983
SA597_1692	cds	6.50645072691571	-0.857461158727689	0.744182785852501	-1.15221848049793	0.249231305419363	0.997707303814983
SA597_1693	cds	0.04554765773304	-0.551291124646171	4.0621351136751	-0.135714620321284	0.892046889316486	0.997707303814983
SA597_1694	cds	1.07482920730442	-0.933260522311285	1.94984585781043	-0.478632974279971	0.632199755935127	0.997707303814983
SA597_1695	cds	1.51278447124834	0.125983456805867	1.62299796397115	0.0776239154962406	0.938127217961834	0.997707303814983
SA597_1696	cds	2.58248873253954	0.408017142588815	1.2025983145798	0.339279656093132	0.734399066817266	0.997707303814983
SA597_1697	cds	0.29499824766442	0.946482819515854	3.34248959182713	0.283167020723158	0.777048807797632	0.997707303814983
SA597_1698	cds	9.94604550659357	0.669123955540425	0.662284799972279	1.01032660808225	0.312338837202324	0.997707303814983
SA597_1699	cds	1.17343248142198	-1.38316707613286	1.79487713885238	-0.770619362290859	0.440932581089025	0.997707303814983
SA597_1700	cds	1.46942150826266	-1.97497418636175	1.5922210332287	-1.2403894592178	0.214831377872893	0.997707303814983
SA597_1701	cds	1.61126134037184	0.819577712310044	1.59312181080893	0.514447612699428	0.606939078063761	0.997707303814983
SA597_1702	cds	1.75180828694927	-0.247247609279264	1.43897489989626	-0.171822044496461	0.86357743425918	0.997707303814983
SA597_1703	cds	0.826298287269149	1.32075862173584	2.18200710111157	0.605295290314598	0.544982810186766	0.997707303814983
SA597_1704	cds	1.29572327132546	0.814500709268427	1.66691769581071	0.48862682981615	0.625105914700464	0.997707303814983
SA597_1705	cds	0.659987947822153	-2.14418943847109	2.5531753410186	-0.839812841688991	0.401013332117753	0.997707303814983
SA597_1706	cds	4.67278463513296	0.620955368387789	0.925211483494067	0.671149655474171	0.502125196743185	0.997707303814983
SA597_1707	cds	0.13664297319912	0.254914424130683	4.04345919102807	0.0630436495306557	0.949731746130076	0.997707303814983
SA597_1708	cds	0.970766794555221	0.470630540249533	1.91205957742984	0.246138010449522	0.805575399907087	0.997707303814983
SA597_1709	cds	0.4978551049726	-1.02612383733371	2.80922077770217	-0.36526991594197	0.714909932826374	0.997707303814983
SA597_1710	cds	0	NA	NA	NA	NA	NA
SA597_1711	cds	1.22357490360445	-1.84582091882976	1.85071138372723	-0.997357521577664	0.318591002304798	0.997707303814983
SA597_1712	cds	2.17967193942855	0.783140232757064	1.32259514945125	0.592123926268738	0.553767606142911	0.997707303814983
SA597_1713	cds	1.09416564338182	1.18149900935155	1.94562466299508	0.607259473948467	0.543678728481252	0.997707303814983
SA597_1714	cds	0.4403311291327	-1.58412900905185	2.88771499031987	-0.548575262573395	0.583296966110427	0.997707303814983
SA597_1715	cds	3.63429728396605	0.854536519281207	1.06512981537032	0.802283915960143	0.422388744145936	0.997707303814983
SA597_1716	cds	8.71968057398001	-0.54695925228793	0.725919807833368	-0.753470626349793	0.451167156025195	0.997707303814983
SA597_1717	cds	0.04554765773304	-0.551291124646171	4.0621351136751	-0.135714620321284	0.892046889316486	0.997707303814983
SA597_1718	cds	3.02112201872818	-0.487327321834423	1.10502922221866	-0.441008538087322	0.659206815849553	0.997707303814983
SA597_1719	cds	1.06047702400878	0.75053897447307	1.95817999708768	0.38328395529998	0.701509234408149	0.997707303814983
SA597_1720	cds	2.75203466012799	0.106836066763603	1.21647659267562	0.0878241861839843	0.930016414242658	0.997707303814983
SA597_1721	cds	1.43926576488264	3.29566240286293	1.76439782010012	1.86786809942664	0.0617804583765089	0.997707303814983
SA597_1722	cds	1.51588883589181	0.408573739509307	1.5236997269188	0.268145837589351	0.788587063999059	0.997707303814983
SA597_1723	cds	0.392407606210877	1.40592556343952	2.94344743864836	0.477645887261068	0.632902264897537	0.997707303814983
SA597_1724	cds	0.09109531546608	-0.0708877398542527	4.0499347609796	-0.0175034275952402	0.98603499844047	0.997707303814983
SA597_1725	cds	3.12167629026418	-1.23429905412839	1.12460570186932	-1.09753938831782	0.272405672253163	0.997707303814983
SA597_1726	cds	0.150656145372399	-0.177667927559659	4.05235334539408	-0.0438431480220245	0.965029432985025	0.997707303814983
SA597_1727	cds	0	NA	NA	NA	NA	NA
SA597_1728	cds	1.56051682372874	-1.51360268683721	1.52336990562909	-0.993588412928609	0.320423287573774	0.997707303814983
SA597_1729	cds	3.60116992476939	0.279349718634398	1.01249082054209	0.275903458052916	0.782622217827287	0.997707303814983
SA597_1730	cds	7.91895784573486	-0.243755139380433	0.687535082773709	-0.354534838276262	0.722938100149649	0.997707303814983
SA597_1731	cds	0.370821709938749	-0.579726411031993	2.8853508885648	-0.200920592822717	0.840760665305553	0.997707303814983
SA597_1732	cds	2.91300501050533	-0.470180867670681	1.24095461881222	-0.378886431899271	0.704772200138978	0.997707303814983
SA597_1733	cds	0.606741160996213	-1.90375271038386	2.59534113294077	-0.733526967311125	0.463237086265086	0.997707303814983
SA597_1734	cds	1.6691887482952	1.32804281185125	1.57851380062783	0.84132480268658	0.400165999424099	0.997707303814983
SA597_1735	cds	3.24002255844328	1.2163614333455	1.15447692122479	1.05360394043655	0.292064284380834	0.997707303814983
SA597_1736	cds	0.04554765773304	-0.551291124646171	4.0621351136751	-0.135714620321284	0.892046889316486	0.997707303814983
SA597_1737	cds	16.7557197769431	0.810219416031898	0.513532978374349	1.5777359004221	0.114626295088173	0.997707303814983
SA597_1738	cds	4.71627400311269	0.959334081303617	0.947665869562799	1.01231257990351	0.311388621849288	0.997707303814983
SA597_1739	cds	1.19487053701317	1.84019122219476	1.84771839072132	0.99592623607344	0.319285986707327	0.997707303814983
SA597_1740	cds	3.64344626451884	1.35675826947518	1.10707563525196	1.22553349226803	0.220374278983496	0.997707303814983
SA597_1741	cds	3.17962031537048	-0.346705615200091	1.0634251790779	-0.32602727678568	0.744403717785828	0.997707303814983
SA597_1742	cds	2.59684091583518	-0.344506366737968	1.14432053012921	-0.301057577546973	0.763370589349542	0.997707303814983
SA597_1743	cds	2.02243384913357	-0.977812109819911	1.31070370757981	-0.746020709459518	0.455654904973053	0.997707303814983
SA597_1744	cds	0.713425905089517	-0.702536498106212	2.1571419348396	-0.325679310554246	0.744666999310927	0.997707303814983
SA597_1745	cds	1.87456449296916	-0.617386279194196	1.43254651874165	-0.430971190894736	0.666489318122803	0.997707303814983
SA597_1746	cds	2.84089713258229	1.02063315408101	1.18845887191272	0.858787105050085	0.390457983121666	0.997707303814983
SA597_1747	cds	2.0260202470764	-1.76104054712672	1.40535855762966	-1.25308985209936	0.210173008732081	0.997707303814983
SA597_1748	cds	0.29499824766442	0.946482819515854	3.34248959182713	0.283167020723158	0.777048807797632	0.997707303814983
SA597_1749	cds	0.54340276270564	-0.669722671120581	2.72460057878859	-0.245805816945966	0.805832553924011	0.997707303814983
SA597_1750	cds	2.24949893405798	-0.00695903647410813	1.27992702975262	-0.00543705720118525	0.995661877376617	0.999945081387422
SA597_1751	cds	6.19570608469594	-0.497542724903021	0.774227167060351	-0.642631447294897	0.520463272693272	0.997707303814983
SA597_1752	cds	2.16614080055464	-0.0807320879091356	1.35850206856952	-0.0594272837538959	0.952611782163807	0.997707303814983
SA597_1753	cds	2.44913976909647	3.03748035912326	1.53625543461709	1.97719747034148	0.0480193134491294	0.997707303814983
SA597_1754	cds	1.33166135089323	0.237877629510208	1.68214716192601	0.141413090896188	0.887543613154364	0.997707303814983
SA597_1755	cds	1.88700140868849	-0.987280097294592	1.43295453241561	-0.688982151883268	0.490834499402094	0.997707303814983
SA597_1756	cds	1.21864112803265	0.58113440413452	1.77285799176766	0.327795236185324	0.743066489476183	0.997707303814983
SA597_1757	cds	0.04554765773304	-0.551291124646171	4.0621351136751	-0.135714620321284	0.892046889316486	0.997707303814983
SA597_1758	cds	0.09109531546608	-0.0708877398542527	4.0499347609796	-0.0175034275952402	0.98603499844047	0.997707303814983
SA597_1759	cds	0	NA	NA	NA	NA	NA
SA597_1760	cds	0	NA	NA	NA	NA	NA
SA597_1761	cds	0	NA	NA	NA	NA	NA
SA597_1762	cds	0	NA	NA	NA	NA	NA
SA597_1763	cds	0	NA	NA	NA	NA	NA
SA597_1764	cds	0	NA	NA	NA	NA	NA
SA597_1765	cds	0	NA	NA	NA	NA	NA
SA597_1766	cds	0	NA	NA	NA	NA	NA
SA597_1767	cds	0	NA	NA	NA	NA	NA
SA597_1768	cds	0.144342102292021	-0.177667754954771	4.05235334135732	-0.0438431054719582	0.965029466902452	0.997707303814983
SA597_1769	cds	0	NA	NA	NA	NA	NA
SA597_1770	cds	0.694058908078039	0.052571341286683	2.3425923106708	0.0224415238824161	0.982095757414337	0.997707303814983
SA597_1771	cds	0	NA	NA	NA	NA	NA
SA597_1772	cds	0	NA	NA	NA	NA	NA
SA597_1773	cds	0.235437417758101	0.709821119802056	3.58995287329068	0.197724355961088	0.843260732604926	0.997707303814983
SA597_1774	cds	0	NA	NA	NA	NA	NA
SA597_1775	cds	0	NA	NA	NA	NA	NA
SA597_1776	cds	0	NA	NA	NA	NA	NA
SA597_1777	cds	0	NA	NA	NA	NA	NA
SA597_1778	cds	0.04554765773304	-0.551291124646171	4.0621351136751	-0.135714620321284	0.892046889316486	0.997707303814983
SA597_1779	cds	0.150656145372399	-0.177667927559659	4.05235334539408	-0.0438431480220245	0.965029432985025	0.997707303814983
SA597_1780	cds	0.416369367671789	-0.198192711106871	2.74877299429406	-0.0721022476276807	0.94252053753511	0.997707303814983
SA597_1781	cds	0	NA	NA	NA	NA	NA
SA597_1782	cds	0.22016556456635	-1.48828503217419	3.72829227239271	-0.399186792085656	0.68975557452517	0.997707303814983
SA597_1783	cds	0.318960009125331	-1.15055420503595	3.27349698673211	-0.351475565641054	0.72523160042813	0.997707303814983
SA597_1784	cds	0	NA	NA	NA	NA	NA
SA597_1785	cds	0.301312290744797	0.984919544693603	3.6005590915078	0.273546279803215	0.784433322188036	0.997707303814983
SA597_1786	cds	0.04554765773304	-0.551291124646171	4.0621351136751	-0.135714620321284	0.892046889316486	0.997707303814983
SA597_1787	cds	0	NA	NA	NA	NA	NA
SA597_1788	cds	0	NA	NA	NA	NA	NA
SA597_1789	cds	0	NA	NA	NA	NA	NA
SA597_1790	cds	0	NA	NA	NA	NA	NA
SA597_1791	cds	0.17461790683331	-2.34090062098629	4.07704254714275	-0.574166345805449	0.565855240679958	0.997707303814983
SA597_1792	cds	0.189889760025061	0.379107197203241	3.92795764333622	0.096515092988947	0.923111487414045	0.997707303814983
SA597_1793	cds	0	NA	NA	NA	NA	NA
SA597_1794	cds	0.257822922765066	-2.40687894487496	3.81032180564395	-0.631673403886734	0.527600310469136	0.997707303814983
SA597_1795	cds	0.17461790683331	-2.34090062098629	4.07704254714275	-0.574166345805449	0.565855240679958	0.997707303814983
SA597_1796	cds	0.17461790683331	-2.34090062098629	4.07704254714275	-0.574166345805449	0.565855240679958	0.997707303814983
SA597_1797	cds	0	NA	NA	NA	NA	NA
SA597_1798	cds	0	NA	NA	NA	NA	NA
SA597_1799	cds	0	NA	NA	NA	NA	NA
SA597_1800	cds	0	NA	NA	NA	NA	NA
SA597_1801	cds	0	NA	NA	NA	NA	NA
SA597_1802	cds	0.17461790683331	-2.34090062098629	4.07704254714275	-0.574166345805449	0.565855240679958	0.997707303814983
SA597_1803	cds	0.150656145372399	-0.177667927559659	4.05235334539408	-0.0438431480220245	0.965029432985025	0.997707303814983
SA597_1804	cds	0.491202050769858	1.69443431386337	2.56151706178146	0.661496399592567	0.508294022812367	0.997707303814983
SA597_1805	cds	0	NA	NA	NA	NA	NA
SA597_1806	cds	0	NA	NA	NA	NA	NA
SA597_1807	cds	0.09109531546608	-0.0708877398542527	4.0499347609796	-0.0175034275952402	0.98603499844047	0.997707303814983
SA597_1808	cds	0	NA	NA	NA	NA	NA
SA597_1809	cds	0	NA	NA	NA	NA	NA
SA597_1810	cds	0	NA	NA	NA	NA	NA
SA597_1811	cds	0	NA	NA	NA	NA	NA
SA597_1812	cds	0	NA	NA	NA	NA	NA
SA597_1813	cds	0.346859948477837	1.20533040067517	3.11612266133635	0.386804542590844	0.69890091400536	0.997707303814983
SA597_1814	cds	0.09109531546608	-0.0708877398542527	4.0499347609796	-0.0175034275952402	0.98603499844047	0.997707303814983
SA597_1815	cds	0.945567787762727	-0.969415240070247	2.00120903346381	-0.484414783193501	0.628091528933069	0.997707303814983
SA597_1816	cds	0	NA	NA	NA	NA	NA
SA597_1817	cds	0.04554765773304	-0.551291124646171	4.0621351136751	-0.135714620321284	0.892046889316486	0.997707303814983
SA597_1818	cds	0.144342102292021	-0.177667754954771	4.05235334135732	-0.0438431054719582	0.965029466902452	0.997707303814983
SA597_1819	cds	0	NA	NA	NA	NA	NA
SA597_1820	cds	0.370821709938749	-0.579726411031993	2.8853508885648	-0.200920592822717	0.840760665305553	0.997707303814983
SA597_1821	cds	0.189889760025061	0.379107197203241	3.92795764333622	0.096515092988947	0.923111487414045	0.997707303814983
SA597_1822	cds	0	NA	NA	NA	NA	NA
SA597_1823	cds	0.935471357794154	2.65418991780857	2.18621549769455	1.21405685789325	0.224726012892024	0.997707303814983
SA597_1824	cds	3.11938628172338	0.0289511983053298	1.07157491522272	0.0270174281742237	0.978445833432259	0.997707303814983
SA597_1825	cds	0.850386453724111	-0.788487419483136	2.1077046226909	-0.37409768474886	0.708331641153967	0.997707303814983
SA597_1826	cds	0.689464143628606	0.57753152160039	2.18581701062973	0.26421769013226	0.791612180532075	0.997707303814983
SA597_1827	cds	6.55912230981414	0.0647811780363342	0.788410373048871	0.082166826123581	0.934514053134467	0.997707303814983
SA597_1828	cds	16.1889541066924	0.0930627532189306	0.521461035223994	0.178465401885599	0.858357490281723	0.997707303814983
SA597_1829	cds	0	NA	NA	NA	NA	NA
SA597_1830	cds	4.18441474042111	-0.659694786771791	0.945813654730137	-0.697489176089362	0.485496710854157	0.997707303814983
SA597_1831	cds	2.20376010588352	-0.351444265089462	1.2816154192028	-0.27421975408822	0.783915748198238	0.997707303814983
SA597_1832	cds	0	NA	NA	NA	NA	NA
SA597_1833	cds	0.348918238231146	-1.04629747287254	3.14730877491827	-0.332441952060997	0.739555564918909	0.997707303814983
SA597_1834	cds	0.630220889157761	-0.556138259702709	2.36124499923103	-0.235527554270659	0.813799295069598	0.997707303814983
SA597_1835	cds	1.67726261835259	-0.0257312894101716	1.50864031634553	-0.0170559470878401	0.986391982926059	0.997707303814983
SA597_1836	cds	0.235437417758101	0.709821119802056	3.58995287329068	0.197724355961088	0.843260732604926	0.997707303814983
SA597_1837	cds	0.241751460838479	0.738769447307854	3.55398591984258	0.207870673652127	0.835329948025553	0.997707303814983
SA597_1838	cds	1.90888191938037	2.59816341048018	1.61514886443739	1.60862163710538	0.107699100090172	0.997707303814983
SA597_1839	cds	0.303370580498106	-1.5466668551324	3.31036935537098	-0.467218817327128	0.640343332007668	0.997707303814983
SA597_1840	cds	1.44717902543269	-0.742832413820204	1.54228858793253	-0.481642942593502	0.63005961501165	0.997707303814983
SA597_1841	cds	0.150656145372399	-0.177667927559659	4.05235334539408	-0.0438431480220245	0.965029432985025	0.997707303814983
SA597_1842	cds	0.454026725870505	-0.636576260935561	2.70562707719949	-0.235278640689263	0.813992472116395	0.997707303814983
SA597_1843	cds	0.196203803105439	0.378601625027328	3.87864200700591	0.0976119023986921	0.922240472896931	0.997707303814983
SA597_1844	cds	0	NA	NA	NA	NA	NA
SA597_1845	cds	5.09580705700749	0.213689981985995	0.854315353429512	0.250130096723851	0.802486741760096	0.997707303814983
SA597_1846	cds	1.36661777653193	0.134583159365211	1.68685899941751	0.079783289185216	0.936409615249706	0.997707303814983
SA597_1847	cds	0	NA	NA	NA	NA	NA
SA597_1848	cds	0.04554765773304	-0.551291124646171	4.0621351136751	-0.135714620321284	0.892046889316486	0.997707303814983
SA597_1849	cds	0.150656145372399	-0.177667927559659	4.05235334539408	-0.0438431480220245	0.965029432985025	0.997707303814983
SA597_1850	cds	7.97468779008446	-0.457743624263743	0.718716548283656	-0.636890336471124	0.524196277739172	0.997707303814983
SA597_1851	cds	0	NA	NA	NA	NA	NA
SA597_1852	cds	1.97906454231511	1.0266535499426	1.40568563555842	0.73035785809589	0.465171470689715	0.997707303814983
SA597_1853	cds	1.97906454231511	1.0266535499426	1.40568563555842	0.73035785809589	0.465171470689715	0.997707303814983
SA597_1854	cds	0	NA	NA	NA	NA	NA
SA597_1855	cds	0	NA	NA	NA	NA	NA
SA597_1856	cds	34.0628725005669	0.304283437170955	0.378723371964527	0.803445099235796	0.421717516899456	0.997707303814983
SA597_1857	cds	1.86971941400786	-0.554522591977007	1.39430994608126	-0.39770396355237	0.690848415435832	0.997707303814983
SA597_1858	cds	0.150656145372399	-0.177667927559659	4.05235334539408	-0.0438431480220245	0.965029432985025	0.997707303814983
SA597_1859	cds	0.04554765773304	-0.551291124646171	4.0621351136751	-0.135714620321284	0.892046889316486	0.997707303814983
SA597_1860	cds	0	NA	NA	NA	NA	NA
SA597_1861	cds	0	NA	NA	NA	NA	NA
SA597_1862	cds	0.501150640057491	0.298703641946746	2.55241321506662	0.117027932696607	0.906837918473667	0.997707303814983
SA597_1863	cds	0.04554765773304	-0.551291124646171	4.0621351136751	-0.135714620321284	0.892046889316486	0.997707303814983
SA597_1864	cds	0.653191871442413	0.710255541617605	2.38861783812358	0.297350011492655	0.766199303605288	0.997707303814983
SA597_1865	cds	0	NA	NA	NA	NA	NA
SA597_1866	cds	0	NA	NA	NA	NA	NA
SA597_1867	cds	0	NA	NA	NA	NA	NA
SA597_1868	cds	0	NA	NA	NA	NA	NA
SA597_1869	cds	0.144342102292021	-0.177667754954771	4.05235334135732	-0.0438431054719582	0.965029466902452	0.997707303814983
SA597_1870	cds	0	NA	NA	NA	NA	NA
SA597_1871	cds	0	NA	NA	NA	NA	NA
SA597_1872	cds	0.144342102292021	-0.177667754954771	4.05235334135732	-0.0438431054719582	0.965029466902452	0.997707303814983
SA597_1873	cds	0	NA	NA	NA	NA	NA
SA597_1874	cds	4.99692488598541	0.96669787049122	0.897692229923106	1.07687004328201	0.28153832793513	0.997707303814983
SA597_1875	cds	0.711849648635571	-1.53299055399986	2.34000039280053	-0.655124058404607	0.512387883447208	0.997707303814983
SA597_1876	cds	0.13664297319912	0.254914424130683	4.04345919102807	0.0630436495306557	0.949731746130076	0.997707303814983
SA597_1877	cds	2.63334303699375	0.764529374026705	1.26376710074535	0.60496065578523	0.545205139058905	0.997707303814983
SA597_1878	cds	0	NA	NA	NA	NA	NA
SA597_1879	cds	0	NA	NA	NA	NA	NA
SA597_1880	cds	6.97899766294583	-0.396563526307744	0.758928981449681	-0.522530481772143	0.601301028950997	0.997707303814983
SA597_1881	cds	4.0058586556962	-1.12653899795925	1.0200802560767	-1.10436310402869	0.269435659090292	0.997707303814983
SA597_1882	cds	1.31638949770148	-0.700569638867664	1.59938962539735	-0.438023123160884	0.661369521396811	0.997707303814983
SA597_1883	cds	0.29499824766442	0.946482819515854	3.34248959182713	0.283167020723158	0.777048807797632	0.997707303814983
SA597_1884	cds	27.7880553569026	0.123064683169026	0.404541791376783	0.304207589406766	0.760969743171657	0.997707303814983
SA597_1885	cds	3.32875747780055	-0.502413830279518	1.1052429854145	-0.454573190610296	0.649416325725973	0.997707303814983
SA597_1886	cds	0.437955263943917	1.58192811084399	2.81227003822322	0.562509321417599	0.573769054503841	0.997707303814983
SA597_1887	cds	6.34405078584065	0.337212065076717	0.786852746368213	0.428558032787136	0.668244892258878	0.997707303814983
SA597_1888	cds	0.4978551049726	-1.02612383733371	2.80922077770217	-0.36526991594197	0.714909932826374	0.997707303814983
SA597_1889	cds	0.78087703453016	-0.0355514636395412	2.07311689683008	-0.0171487983595626	0.98631790916368	0.997707303814983
SA597_1890	cds	34.351398601801	0.476321118354949	0.368690955793729	1.29192514996608	0.196383067097585	0.997707303814983
SA597_1891	cds	3.99722120243471	-0.020871392407129	0.988603262813622	-0.0211120003263269	0.983156312153014	0.997707303814983
SA597_1892	cds	1.60086127871893	0.833495307023593	1.60344109295561	0.519816606101329	0.603191403989454	0.997707303814983
SA597_1893	cds	0.612573170777228	0.634507731884662	2.38224242352784	0.266348934775927	0.789970489213403	0.997707303814983
SA597_1894	cds	39.1376652967977	0.135254526645796	0.33722475791267	0.401081247661012	0.688360306671337	0.997707303814983
SA597_1895	cds	27.3745070909347	0.339900657828917	0.407955240043419	0.833181252415683	0.404742514194127	0.997707303814983
SA597_1896	cds	1.19962226739073	-1.47712856946989	1.85294829150759	-0.797177436758407	0.425347988185024	0.997707303814983
SA597_1897	cds	1.17454332175951	1.85461896399745	1.82857530716332	1.01424259462113	0.310467008453994	0.997707303814983
SA597_1898	cds	0.301312290744797	0.984919544693603	3.6005590915078	0.273546279803215	0.784433322188036	0.997707303814983
SA597_1899	cds	0	NA	NA	NA	NA	NA
SA597_1900	cds	0	NA	NA	NA	NA	NA
SA597_1901	cds	0.04554765773304	-0.551291124646171	4.0621351136751	-0.135714620321284	0.892046889316486	0.997707303814983
SA597_1902	cds	2.01968324298029	1.05721671966022	1.49452974648837	0.707390884754426	0.479323599918178	0.997707303814983
SA597_1903	cds	0.378394434037599	1.43062120839773	2.9733360837635	0.481150185547447	0.63040976218417	0.997707303814983
SA597_1904	cds	0.04554765773304	-0.551291124646171	4.0621351136751	-0.135714620321284	0.892046889316486	0.997707303814983
SA597_1905	cds	0	NA	NA	NA	NA	NA
SA597_1906	cds	0	NA	NA	NA	NA	NA
SA597_1907	cds	0.40675978950652	-2.4017775644379	3.22865577229015	-0.743893971308769	0.456940622906389	0.997707303814983
SA597_1908	cds	1.33829296940908	-0.400585795435297	1.63240661810399	-0.245395841325717	0.806149948732713	0.997707303814983
SA597_1909	cds	0.235437417758101	0.709821119802056	3.58995287329068	0.197724355961088	0.843260732604926	0.997707303814983
SA597_1910	cds	1.1155909301466	-0.772452199313103	1.80855905268257	-0.427109194011305	0.669299796680131	0.997707303814983
SA597_1911	cds	0.599945084616472	0.60592817126514	2.39600219165409	0.252891325966123	0.800352192534106	0.997707303814983
SA597_1912	cds	0.13664297319912	0.254914424130683	4.04345919102807	0.0630436495306557	0.949731746130076	0.997707303814983
SA597_1913	cds	0.408479068137465	-1.22496700569439	3.0058874635723	-0.407522577122231	0.683624215538988	0.997707303814983
SA597_1914	cds	0	NA	NA	NA	NA	NA
SA597_1915	cds	0	NA	NA	NA	NA	NA
SA597_1916	cds	0	NA	NA	NA	NA	NA
SA597_1917	cds	0.17461790683331	-2.34090062098629	4.07704254714275	-0.574166345805449	0.565855240679958	0.997707303814983
SA597_1918	cds	0.17461790683331	-2.34090062098629	4.07704254714275	-0.574166345805449	0.565855240679958	0.997707303814983
SA597_1919	cds	0	NA	NA	NA	NA	NA
SA597_1920	cds	0	NA	NA	NA	NA	NA
SA597_1921	cds	0	NA	NA	NA	NA	NA
SA597_1922	cds	1.82465378957418	-1.77320953850398	1.42556963948516	-1.24386034143121	0.213550967554669	0.997707303814983
SA597_1923	cds	3.12429862160828	-0.414451329194521	1.07064347011473	-0.387104896039862	0.698678553133433	0.997707303814983
SA597_1924	cds	9.11271657226311	-0.515163209989233	0.715483906214324	-0.72002068182777	0.471512261799817	0.997707303814983
SA597_1925	cds	2.33192730227063	-1.49639172954597	1.23170379981893	-1.21489576452225	0.224405849419217	0.997707303814983
SA597_1926	cds	1.33625611534266	-0.259869539619128	1.76333273678708	-0.147374079887287	0.882836763366873	0.997707303814983
SA597_1927	cds	4.37568476795475	0.125067097261538	0.95449402235442	0.131029733379617	0.895751786337468	0.997707303814983
SA597_1928	cds	3.5429174494748	-0.529615718648745	1.01481805106034	-0.521882438034454	0.601752186689781	0.997707303814983
SA597_1929	cds	1.22653142756698	0.904813048664119	1.78002882451386	0.508313706049806	0.611233359535398	0.997707303814983
SA597_1930	cds	4.85667792751311	0.539379058322367	0.899664122815726	0.599533808944435	0.548816971604309	0.997707303814983
SA597_1931	cds	1.85050025767732	-2.21821186504548	1.56558564074851	-1.41685756902123	0.156524574191706	0.997707303814983
SA597_1932	cds	0.241751460838479	0.738769447307854	3.55398591984258	0.207870673652127	0.835329948025553	0.997707303814983
SA597_1933	cds	1.57119391247106	-0.373512140623469	1.54307031542617	-0.242057757763496	0.808735409381534	0.997707303814983
SA597_1934	cds	0.257822922765066	-2.40687894487496	3.81032180564395	-0.631673403886734	0.527600310469136	0.997707303814983
SA597_1935	cds	0.241751460838479	0.738769447307854	3.55398591984258	0.207870673652127	0.835329948025553	0.997707303814983
SA597_1936	cds	2.07502404940167	0.323930631979648	1.32692678965433	0.244120952644293	0.807137145513642	0.997707303814983
SA597_1937	cds	1.39787523500229	-1.37502730733118	1.72444028734098	-0.797376005087086	0.425232690560111	0.997707303814983
SA597_1938	cds	4.48491993049531	-0.400535615699845	0.939912930286858	-0.426141191160763	0.670004966829271	0.997707303814983
SA597_1939	cds	1.84099315334298	-0.747129664719167	1.50532238404493	-0.496325353716966	0.619664881139624	0.997707303814983
SA597_1940	cds	7.0190100810709	0.534366016248496	0.784575851867092	0.681089043177713	0.495815149616932	0.997707303814983
SA597_1941	cds	9.44455692235585	-0.194221875150383	0.632942595929286	-0.306855434283463	0.758953411845127	0.997707303814983
SA597_1942	cds	5.00968419564416	0.164064615299912	0.900552689981016	0.182182138952215	0.85543978947798	0.997707303814983
SA597_1943	cds	2.6600529091317	-0.113122589396749	1.20790545411111	-0.0936518574460743	0.925385714311391	0.997707303814983
SA597_1944	cds	1.64797759298756	-0.692282189753618	1.49214107093317	-0.463952238323332	0.642681965119247	0.997707303814983
SA597_1945	cds	0.04554765773304	-0.551291124646171	4.0621351136751	-0.135714620321284	0.892046889316486	0.997707303814983
SA597_1946	cds	0.189889760025061	0.379107197203241	3.92795764333622	0.096515092988947	0.923111487414045	0.997707303814983
SA597_1947	cds	1.69978212827196	0.24765207813035	1.52806288429917	0.162069297458222	0.871251283598035	0.997707303814983
SA597_1948	cds	3.44700948654034	-1.24903523570436	1.10833715927941	-1.12694519465217	0.259765653405458	0.997707303814983
SA597_1949	cds	3.14632600283371	0.272543198197942	1.10015177864703	0.247732361559344	0.804341491275068	0.997707303814983
SA597_1950	cds	0.17461790683331	-2.34090062098629	4.07704254714275	-0.574166345805449	0.565855240679958	0.997707303814983
SA597_1951	cds	0	NA	NA	NA	NA	NA
SA597_1952	cds	0	NA	NA	NA	NA	NA
SA597_1953	cds	0	NA	NA	NA	NA	NA
SA597_1954	cds	0	NA	NA	NA	NA	NA
SA597_1955	cds	0.257822922765066	-2.40687894487496	3.81032180564395	-0.631673403886734	0.527600310469136	0.997707303814983
SA597_1956	cds	0.09109531546608	-0.0708877398542527	4.0499347609796	-0.0175034275952402	0.98603499844047	0.997707303814983
SA597_1957	cds	3.1322103568295	-0.643395964396821	1.09602778190188	-0.587025233320607	0.557186759863422	0.997707303814983
SA597_1958	cds	9.69277939220284	-0.500926668507288	0.612747382334438	-0.817509275354002	0.413637450846931	0.997707303814983
SA597_1959	cds	0.150656145372399	-0.177667927559659	4.05235334539408	-0.0438431480220245	0.965029432985025	0.997707303814983
SA597_1960	cds	26.3505488972989	-0.157858098032208	0.413955004897047	-0.381341199320609	0.702950086447477	0.997707303814983
SA597_1961	cds	44.4024648536196	0.229991025998614	0.332151155008032	0.692428800956757	0.488668084165312	0.997707303814983
SA597_1962	cds	13.239548818435	-0.397781322969111	0.557937971489233	-0.712949007409128	0.475877311840202	0.997707303814983
SA597_1963	cds	39.4153231281669	-0.0511725011856778	0.334373440491862	-0.153039969653102	0.878366755311894	0.997707303814983
SA597_1964	cds	6.64345744601702	-0.128402944328971	0.774079264912562	-0.165878289406803	0.868252733322648	0.997707303814983
SA597_1965	cds	10.9037544475529	-0.879955909621057	0.604101316083247	-1.4566363061851	0.145216800223467	0.997707303814983
SA597_1966	cds	8.87646202891949	0.278564587059167	0.690826541786056	0.403233764497479	0.686776262886768	0.997707303814983
SA597_1967	cds	14.2257226777454	-0.131707856211854	0.580648989980837	-0.226828701133538	0.820556945047636	0.997707303814983
SA597_1968	cds	1.86480707412295	0.115773606741975	1.37093437421221	0.084448686180549	0.932699699526142	0.997707303814983
SA597_1969	cds	8.43972194895916	0.28586136692206	0.680623548961027	0.419999230644352	0.67448601573039	0.997707303814983
SA597_1970	cds	7.88218692306636	-0.17190305471152	0.691144809476302	-0.248722195919803	0.803575678412958	0.997707303814983
SA597_1971	cds	18.8501714493348	0.61877377565378	0.498318030360641	1.2417246375893	0.214338176496361	0.997707303814983
SA597_1972	cds	8.79901166570685	-0.0637757774892356	0.659165766948746	-0.0967522597304337	0.922923137202805	0.997707303814983
SA597_1973	cds	0.189889760025061	0.379107197203241	3.92795764333622	0.096515092988947	0.923111487414045	0.997707303814983
SA597_1974	cds	0.683341270989651	0.964158809037454	2.30399100854806	0.418473338420297	0.675601075869844	0.997707303814983
SA597_1975	cds	1.55734134980512	2.01435654653132	1.71276116936399	1.17608723420517	0.239560018643401	0.997707303814983
SA597_1976	cds	1.8969270369604	1.60280962679901	1.52627573560878	1.05014421012184	0.293651815108532	0.997707303814983
SA597_1977	cds	1.04421439164077	1.62390966053705	1.90895252315303	0.850681010051957	0.394946574834003	0.997707303814983
SA597_1978	cds	4.68632971775801	0.19525813208421	0.955165222741793	0.204423410144397	0.838022637777819	0.997707303814983
SA597_1979	cds	8.05817597216106	0.2358370682781	0.699021214281727	0.337381846873464	0.735829067389437	0.997707303814983
SA597_1980	cds	9.12590252271257	-0.340139533253746	0.667666136048274	-0.509445537056791	0.610439964434146	0.997707303814983
SA597_1981	cds	3.04675588070301	-0.352541535716909	1.14380479309732	-0.308218271023553	0.757916250521134	0.997707303814983
SA597_1982	cds	5.59305372368667	0.647376136417372	0.845985664422337	0.765232986376216	0.444132820533736	0.997707303814983
SA597_1983	cds	0	NA	NA	NA	NA	NA
SA597_1984	cds	54.1339026881327	-0.0387408206012218	0.312141088563531	-0.124113171961777	0.901225669081923	0.997707303814983
SA597_1985	cds	1.33763638285124	1.8619590377373	1.8179874579652	1.02418695441459	0.305746979355879	0.997707303814983
SA597_1986	cds	3.34588732505699	-0.465842738538546	1.06065615260732	-0.439202410124529	0.660514878866981	0.997707303814983
SA597_1987	cds	2.02572025897127	0.116147063731989	1.40220282804439	0.0828318567107553	0.933985238166467	0.997707303814983
SA597_1988	cds	0.681091810794919	2.178174746724	2.25460056479674	0.966102280259282	0.333993003640266	0.997707303814983
SA597_1989	cds	0.97064038956117	1.58428733937953	1.97171953672314	0.80350542248646	0.421682663871722	0.997707303814983
SA597_1990	cds	0.953458087297051	-0.355125248667263	1.9655129683755	-0.180678150885351	0.856620209585805	0.997707303814983
SA597_1991	cds	0.287299118571519	1.00879633507558	3.31009808887493	0.304763275283622	0.760546453769343	0.997707303814983
SA597_1992	cds	1.82286340166308	1.02358315695078	1.51823778104603	0.674191598792618	0.500189510114069	0.997707303814983
SA597_1993	cds	4.43708260870775	0.191749448133128	0.949768924471155	0.201890631702755	0.840002226093986	0.997707303814983
SA597_1994	cds	3.52839553142463	-0.461196941808465	1.00215489685164	-0.460205246970659	0.645368905166058	0.997707303814983
SA597_1995	cds	11.3085628624151	0.517780789590486	0.607648391996404	0.852105915872399	0.394155308822237	0.997707303814983
SA597_1996	cds	11.3733730062392	0.963910257902616	0.605273357327392	1.59252054668125	0.111267790175164	0.997707303814983
SA597_1997	cds	2.36515810544561	1.35511492247921	1.32718343561538	1.02104568676362	0.30723279373524	0.997707303814983
SA597_1998	cds	18.0103199025519	0.554900502303019	0.493924742471597	1.12345151920574	0.261245779717372	0.997707303814983
SA597_1999	cds	0.17461790683331	-2.34090062098629	4.07704254714275	-0.574166345805449	0.565855240679958	0.997707303814983
SA597_2000	cds	5.51490791817337	-0.243811200237971	0.851117067904538	-0.28646024082003	0.774525641275932	0.997707303814983
SA597_2001	cds	0.379779520050122	1.36916977903969	2.97684976493612	0.459939159566242	0.645559891193718	0.997707303814983
SA597_2002	cds	3.90693780614317	-0.808319483587462	1.03881644211465	-0.77811579680239	0.436500750851826	0.997707303814983
SA597_2003	cds	2.46948994536586	0.162160607974742	1.22024816328874	0.132891499330511	0.894279189826613	0.997707303814983
SA597_2004	cds	0.301312290744797	0.984919544693603	3.6005590915078	0.273546279803215	0.784433322188036	0.997707303814983
SA597_2005	cds	0.735011801361646	0.747345196043709	2.13564716751763	0.349938513913037	0.726384842266455	0.997707303814983
SA597_2006	cds	5.63669058786107	0.634610962446387	0.886231993419819	0.716077694281303	0.473943376099595	0.997707303814983
SA597_2007	cds	0	NA	NA	NA	NA	NA
SA597_2008	cds	0.22016556456635	-1.48828503217419	3.72829227239271	-0.399186792085656	0.68975557452517	0.997707303814983
SA597_2009	cds	0.636217356802665	0.476116198894378	2.36068503994166	0.20168560855799	0.84016251410999	0.997707303814983
SA597_2010	cds	0.144342102292021	-0.177667754954771	4.05235334135732	-0.0438431054719582	0.965029466902452	0.997707303814983
SA597_2011	cds	19.7588396239102	0.208505912190709	0.469592774255544	0.444014311168347	0.657032237107511	0.997707303814983
SA597_2012	cds	1.53640722158688	0.704453663562045	1.70432554989956	0.413332806988406	0.679362796696482	0.997707303814983
SA597_2013	cds	1.53934185147582	-0.0664309375580449	1.61724860412592	-0.0410765156257155	0.967234896614342	0.997707303814983
SA597_2014	cds	0.47718887859658	1.72557251766894	2.54063896054642	0.679188402785816	0.497018494525534	0.997707303814983
SA597_2015	cds	0.4403311291327	-1.58412900905185	2.88771499031987	-0.548575262573395	0.583296966110427	0.997707303814983
SA597_2016	cds	0.348918238231146	-1.04629747287254	3.14730877491827	-0.332441952060997	0.739555564918909	0.997707303814983
SA597_2017	cds	0.3860935631305	1.38385188101151	2.75569489232475	0.502178918597214	0.615541670733592	0.997707303814983
SA597_2018	cds	11.1695279620257	-0.00714590303249722	0.604258454858588	-0.0118259049170765	0.990564512978319	0.999569644914486
SA597_2019	cds	3.29157115783889	0.916143382621414	1.12608304599446	0.813566446879908	0.41589336613101	0.997707303814983
SA597_2020	cds	2.17258124862907	-0.716843021782866	1.27566759913097	-0.561935587508223	0.574159905854417	0.997707303814983
SA597_2021	cds	2.11564275006685	0.346503589864866	1.33612641968046	0.25933443479677	0.795377212841838	0.997707303814983
SA597_2022	cds	6.77943418973259	0.27663153275916	0.780432473994402	0.354459279921179	0.72299471548196	0.997707303814983
SA597_2023	cds	1.64575869372691	-1.63764577999827	1.47777111122032	-1.10818635414109	0.267781342857235	0.997707303814983
SA597_2024	cds	0	NA	NA	NA	NA	NA
SA597_2025	cds	0.56828419406266	2.00003898791289	2.39187459174717	0.836180540072521	0.40305334425644	0.997707303814983
SA597_2026	cds	2.55964415524894	-0.452511779511176	1.22007508279015	-0.370888468991878	0.710720604024641	0.997707303814983
SA597_2027	cds	6.3655531484925	0.358412171345331	0.823761357659613	0.435092236377311	0.663495478468187	0.997707303814983
SA597_2028	cds	2.08020429112879	1.51089763680966	1.46953590540758	1.0281461182744	0.303881099604771	0.997707303814983
SA597_2029	cds	1.05397181048698	0.336125012435334	1.79351289380417	0.187411539441118	0.851337975731134	0.997707303814983
SA597_2030	cds	4.27416829963514	0.21127092183902	0.972510559100101	0.217242805090483	0.828019127501566	0.997707303814983
SA597_2031	cds	0.689464143628606	0.57753152160039	2.18581701062973	0.26421769013226	0.791612180532075	0.997707303814983
SA597_2032	cds	0.287299118571519	1.00879633507558	3.31009808887493	0.304763275283622	0.760546453769343	0.997707303814983
SA597_2033	cds	2.59157294764496	0.352022043068717	1.2176771934335	0.289093074065152	0.772510153525209	0.997707303814983
SA597_2034	cds	0.71361707553094	-0.0559948643614458	2.40586474677183	-0.023274319321807	0.981431456376326	0.997707303814983
SA597_2035	cds	1.16539434120671	0.524317569123737	1.75699701306164	0.298416881318478	0.765385006271678	0.997707303814983
SA597_2036	cds	0.493260340523167	-0.267662567773445	2.60434120361992	-0.102775537783377	0.918141120455529	0.997707303814983
SA597_2037	cds	1.95292442993961	-0.618863481025751	1.31785483224735	-0.469599128737418	0.638641447273931	0.997707303814983
SA597_2038	cds	7.1848720581021	-0.940592711385369	0.710995044560049	-1.3229244262418	0.185860511372251	0.997707303814983
SA597_2039	cds	0.629903313722287	0.461413652657549	2.36729667010417	0.194911629997454	0.845462129387704	0.997707303814983
SA597_2040	cds	8.79511851017898	-0.849053482140927	0.673178905097588	-1.26125978653155	0.207215264535571	0.997707303814983
SA597_2041	cds	2.38238729988857	-2.17973950788331	1.31246341597743	-1.6608002031508	0.0967535803626348	0.997707303814983
SA597_2042	cds	0.144342102292021	-0.177667754954771	4.05235334135732	-0.0438431054719582	0.965029466902452	0.997707303814983
SA597_2043	cds	0.04554765773304	-0.551291124646171	4.0621351136751	-0.135714620321284	0.892046889316486	0.997707303814983
SA597_2044	cds	0	NA	NA	NA	NA	NA
SA597_2045	cds	0.257822922765066	-2.40687894487496	3.81032180564395	-0.631673403886734	0.527600310469136	0.997707303814983
SA597_2046	cds	0.945567787762727	-0.969415240070247	2.00120903346381	-0.484414783193501	0.628091528933069	0.997707303814983
SA597_2047	cds	6.1290316029744	-0.0825187200353811	0.780779723348295	-0.10568758071932	0.91583023431036	0.997707303814983
SA597_2048	cds	1.70894012608935	0.206124073495723	1.66882298180632	0.123514642201665	0.901699580270906	0.997707303814983
SA597_2049	cds	2.29959320797603	-0.404682415793949	1.25813083556284	-0.321653682077436	0.747715070777006	0.997707303814983
SA597_2050	cds	0.811152839071449	-1.00914018312417	2.15695307639436	-0.467854490748164	0.639888649988671	0.997707303814983
SA597_2051	cds	0	NA	NA	NA	NA	NA
SA597_2052	cds	0.630220889157761	-0.556138259702709	2.36124499923103	-0.235527554270659	0.813799295069598	0.997707303814983
SA597_2053	cds	0.705053572255831	0.868001413257387	2.16835849962789	0.40030346153846	0.68893301870098	0.997707303814983
SA597_2054	cds	0.978339518654071	1.55482197106085	1.94122009222771	0.800950895411639	0.423160074011787	0.997707303814983
SA597_2055	cds	0.848492621834691	-0.591929080915027	2.135476339096	-0.277188311609018	0.781635514121756	0.997707303814983
SA597_2056	cds	0.986520681046334	-0.150491802380743	2.00825951726492	-0.074936431814201	0.940265289638957	0.997707303814983
SA597_2057	cds	0.150656145372399	-0.177667927559659	4.05235334539408	-0.0438431480220245	0.965029432985025	0.997707303814983
SA597_2058	cds	2.26701264752611	-1.52354380966652	1.31973126391139	-1.15443488483487	0.248321920016199	0.997707303814983
SA597_2059	cds	0.40675978950652	-2.4017775644379	3.22865577229015	-0.743893971308769	0.456940622906389	0.997707303814983
SA597_2060	cds	0.144342102292021	-0.177667754954771	4.05235334135732	-0.0438431054719582	0.965029466902452	0.997707303814983
SA597_2061	cds	0.04554765773304	-0.551291124646171	4.0621351136751	-0.135714620321284	0.892046889316486	0.997707303814983
SA597_2062	cds	0	NA	NA	NA	NA	NA
SA597_2063	cds	0	NA	NA	NA	NA	NA
SA597_2064	cds	0.22016556456635	-1.48828503217419	3.72829227239271	-0.399186792085656	0.68975557452517	0.997707303814983
SA597_2065	cds	0.196203803105439	0.378601625027328	3.87864200700591	0.0976119023986921	0.922240472896931	0.997707303814983
SA597_2066	cds	1.4607315999935	-0.363360146263349	1.53176042829871	-0.237217347798262	0.812488178764453	0.997707303814983
SA597_2067	cds	2.34902187807165	1.26142543665285	1.35307211643501	0.932267704973753	0.351198193317757	0.997707303814983
SA597_2068	cds	0	NA	NA	NA	NA	NA
SA597_2069	cds	3.91243233013066	-0.961581469778587	1.01867050760593	-0.943957307685768	0.345191465062843	0.997707303814983
SA597_2070	cds	10.4777681877357	-0.451218875314741	0.603688379787754	-0.74743674124286	0.454799974253726	0.997707303814983
SA597_2071	cds	3.69952951414604	0.499211788419218	1.01952606065102	0.489650836488129	0.624380996706813	0.997707303814983
SA597_2072	cds	1.65693540309894	0.0298875093077531	1.45286962393901	0.0205713636070952	0.983587584161826	0.997707303814983
SA597_2073	cds	1.71903655605793	-2.18741217931241	1.61696745159804	-1.35278677202228	0.176123759879047	0.997707303814983
SA597_2074	cds	1.64890208138761	-0.370704272878068	1.58757973780694	-0.233502774096975	0.815371015670276	0.997707303814983
SA597_2075	cds	0.53899916869763	0.540564637352049	2.67062201779309	0.202411510783077	0.839595030342372	0.997707303814983
SA597_2076	cds	4.30846813871601	0.804008455104285	0.982344363174079	0.81845886762808	0.413095219705029	0.997707303814983
SA597_2077	cds	27.0222905421221	0.335432507848862	0.406220262724043	0.825740463066784	0.408951333712142	0.997707303814983
SA597_2078	cds	24.4281443289146	0.981236933381235	0.470530990350541	2.0853821608014	0.0370346248313228	0.997707303814983
SA597_2079	cds	9.93415011864815	1.06988075409836	0.702462603630685	1.52304300409541	0.127747946812263	0.997707303814983
SA597_2080	cds	0.833806245920627	0.970232411947054	2.05214021394786	0.472790506882832	0.636362647514516	0.997707303814983
SA597_2081	cds	8.24841386855567	-0.101834411070441	0.67415990210521	-0.15105379414059	0.879933281104256	0.997707303814983
SA597_2082	cds	25.8554794058658	0.0428532519526265	0.41623779856465	0.102953773300746	0.917999659480474	0.997707303814983
SA597_2083	cds	44.8403224848493	0.806025154516078	0.333586308242806	2.41624171795864	0.0156816472512164	0.997707303814983
SA597_2084	cds	40.6344659317681	0.399778203897557	0.391690189269367	1.02064900998229	0.307420760617581	0.997707303814983
SA597_2085	cds	7.18541795718112	0.0303343070858049	0.749480715996582	0.0404737659533634	0.96771542163523	0.997707303814983
SA597_2086	cds	22.480803560854	0.415096701854291	0.518471692770658	0.800615940353578	0.423354019663166	0.997707303814983
SA597_2087	cds	10.4988829497197	0.861389407389617	0.677292403018892	1.27181318371526	0.203439503607557	0.997707303814983
SA597_2088	cds	11.4021293753693	0.782160615838461	0.622281707698489	1.25692368289482	0.208781271857304	0.997707303814983
SA597_2089	cds	12.0143464594545	0.394656943721464	0.584676698755043	0.67500029428539	0.49967557797395	0.997707303814983
SA597_2090	cds	2.36750340970031	1.782624920504	1.41788344589861	1.25724362299345	0.208665431526878	0.997707303814983
SA597_2091	cds	11.0801914065945	0.665715016283478	0.624341979380671	1.06626662673532	0.286303131246623	0.997707303814983
SA597_2092	cds	6.5535087007306	0.400643879242083	0.827851992167803	0.483955928152039	0.628417147044604	0.997707303814983
SA597_2093	cds	16.1298654958657	0.167063917700799	0.518433724423778	0.322247396012837	0.747265281062467	0.997707303814983
SA597_2094	cds	4.98559121068525	1.22929565958612	0.934496653433145	1.31546288054638	0.188354384581284	0.997707303814983
SA597_2095	cds	10.8992058535702	-0.342013840275241	0.655398085937399	-0.521841377955914	0.601780777205545	0.997707303814983
SA597_2096	cds	23.6741308234201	0.186197594701609	0.46646501650038	0.399167328985446	0.689769914597234	0.997707303814983
SA597_2097	cds	12.8748650729893	0.0125167604102088	0.553579425127621	0.0226105954124347	0.981960892072278	0.997707303814983
SA597_2098	cds	14.1507655741126	0.433313952592062	0.622526739706394	0.696056771467243	0.486393277096107	0.997707303814983
SA597_2099	cds	3.56837675819116	-0.159751823039976	1.0466312384316	-0.152634296755146	0.878686676990292	0.997707303814983
SA597_2100	cds	28.4452597512983	0.486998702819935	0.442410491811949	1.10078470523014	0.270990369959628	0.997707303814983
SA597_2101	cds	3.70304729828495	0.787319170771481	1.08680034916091	0.724437723432231	0.468797047452291	0.997707303814983
SA597_2102	cds	6.12349386312686	0.546258289832029	0.834704644936202	0.654433029869841	0.512832860308118	0.997707303814983
SA597_2103	cds	15.1594893645675	-0.166022448949669	0.560643809656833	-0.296128212048378	0.767132169584737	0.997707303814983
SA597_2104	cds	14.9550250693843	-0.0793135370462118	0.640990548899698	-0.123735891554655	0.901524392670583	0.997707303814983
SA597_2105	cds	0.17461790683331	-2.34090062098629	4.07704254714275	-0.574166345805449	0.565855240679958	0.997707303814983
SA597_2106	cds	4.52074822225198	0.0172237883384206	0.887703215697716	0.0194026427232023	0.984519902217977	0.997707303814983
SA597_2107	cds	3.40779345921801	-0.406302173910597	1.13264171073641	-0.358720829419598	0.71980394448478	0.997707303814983
SA597_2108	cds	0.627845023968978	2.09786634020501	2.30490455722164	0.910174928342282	0.362730264102141	0.997707303814983
SA597_2109	cds	2.86997902155248	0.818772109471227	1.21783402457727	0.672318306885401	0.501381077668677	0.997707303814983
SA597_2110	cds	0.257822922765066	-2.40687894487496	3.81032180564395	-0.631673403886734	0.527600310469136	0.997707303814983
SA597_2111	cds	1.00072502366104	0.283042934212339	1.82852713080507	0.154792854557056	0.876984624550227	0.997707303814983
SA597_2112	cds	0.18219063093216	0.502951840228143	4.03933812507677	0.1245134288476	0.900908768438207	0.997707303814983
SA597_2113	cds	7.94013996543726	-0.0888680160782677	0.722865909091185	-0.122938452291928	0.902155836041876	0.997707303814983
SA597_2114	cds	8.96502568819339	-0.0818513485162119	0.729272101168256	-0.112237048949343	0.910635453930679	0.997707303814983
SA597_2115	cds	0.04554765773304	-0.551291124646171	4.0621351136751	-0.135714620321284	0.892046889316486	0.997707303814983
SA597_2116	cds	0.04554765773304	-0.551291124646171	4.0621351136751	-0.135714620321284	0.892046889316486	0.997707303814983
SA597_2117	cds	0.150656145372399	-0.177667927559659	4.05235334539408	-0.0438431480220245	0.965029432985025	0.997707303814983
SA597_2118	cds	0.463302111417352	-0.0508797601530505	2.88246013033265	-0.017651505260258	0.985916867808523	0.997707303814983
SA597_2119	cds	0.854133461174283	0.944852500122837	2.22734792132275	0.424205168432652	0.671416191843359	0.997707303814983
SA597_2120	cds	2.47375051719687	-0.339483964712788	1.19798823626886	-0.283378379215235	0.776886800295967	0.997707303814983
SA597_2121	cds	0.877968817641144	1.15571509556037	2.11459656351704	0.546541650308065	0.584693665742449	0.997707303814983
SA597_2122	cds	0.410055324591411	-0.221326761115396	2.76227962849256	-0.0801246763117096	0.936138096981176	0.997707303814983
SA597_2123	cds	1.96188224005099	-0.0501347054799835	1.3331088269947	-0.0376073614282527	0.970000738504577	0.997707303814983
SA597_2124	cds	1.33246095962806	-2.11693935149343	1.70540392806242	-1.24131258094297	0.21449029886497	0.997707303814983
SA597_2125	cds	2.79256268564126	0.518457350841691	1.18398811068924	0.437890673192554	0.661465536979795	0.997707303814983
SA597_2126	cds	1.45613683554406	0.0266341680370775	1.57195254059497	0.0169433665134678	0.986481796249711	0.997707303814983
SA597_2127	cds	1.4939853641842	0.184555219341485	1.54652791643811	0.119335200729221	0.90500979659864	0.997707303814983
SA597_2128	cds	1.66482570263326	0.304618063066825	1.48250413930935	0.205475354159037	0.837200751816355	0.997707303814983
SA597_2129	cds	1.47401627271209	-2.70506211985486	1.79758259300018	-1.50483328576301	0.132366943758622	0.997707303814983
SA597_2130	cds	2.30954179726366	-0.77801806768384	1.20618018926823	-0.645026402030242	0.518910076300614	0.997707303814983
SA597_2131	cds	0.947604641829146	-1.11225881493351	1.8964453456241	-0.586496635666282	0.557541821716114	0.997707303814983
SA597_2132	cds	1.63832746647622	0.393062820380674	1.49983723414802	0.262070317652803	0.793267230296174	0.997707303814983
SA597_2133	cds	0.196203803105439	0.378601625027328	3.87864200700591	0.0976119023986921	0.922240472896931	0.997707303814983
SA597_2134	cds	0.45230744723956	-1.53759929585362	2.90533375503062	-0.529233274212042	0.596643636927241	0.997707303814983
SA597_2135	cds	0.34054590539746	1.17619438748644	2.91420507725232	0.40360728099322	0.68650153070125	0.997707303814983
SA597_2136	cds	0.04554765773304	-0.551291124646171	4.0621351136751	-0.135714620321284	0.892046889316486	0.997707303814983
SA597_2137	cds	2.13773739221588	0.74168128750971	1.37746123461141	0.538440769782491	0.590272786110673	0.997707303814983
SA597_2138	cds	0.287299118571519	1.00879633507558	3.31009808887493	0.304763275283622	0.760546453769343	0.997707303814983
SA597_2139	cds	0.13664297319912	0.254914424130683	4.04345919102807	0.0630436495306557	0.949731746130076	0.997707303814983
SA597_2140	cds	0.491202050769858	1.69443431386337	2.56151706178146	0.661496399592567	0.508294022812367	0.997707303814983
SA597_2141	cds	0.04554765773304	-0.551291124646171	4.0621351136751	-0.135714620321284	0.892046889316486	0.997707303814983
SA597_2142	cds	1.51924635500966	-1.68294652841623	1.66284884938392	-1.01208629337522	0.311496795392403	0.997707303814983
SA597_2143	cds	0	NA	NA	NA	NA	NA
SA597_2144	cds	0.17461790683331	-2.34090062098629	4.07704254714275	-0.574166345805449	0.565855240679958	0.997707303814983
SA597_2145	cds	0.35680853776547	-0.389689368392649	3.11530014950541	-0.125088867746665	0.900453196324062	0.997707303814983
SA597_2146	cds	1.06725648320557	-2.28697440884291	1.9988185254554	-1.1441631042127	0.252556001249477	0.997707303814983
SA597_2147	cds	1.40542652341425	0.651222751231814	1.65795834844113	0.392785953787149	0.694477579867726	0.997707303814983
SA597_2148	cds	0.18219063093216	0.502951840228143	4.03933812507677	0.1245134288476	0.900908768438207	0.997707303814983
SA597_2149	cds	0.150656145372399	-0.177667927559659	4.05235334539408	-0.0438431480220245	0.965029432985025	0.997707303814983
SA597_2150	cds	0.29499824766442	0.946482819515854	3.34248959182713	0.283167020723158	0.777048807797632	0.997707303814983
SA597_2151	cds	0.923642880368235	-0.104503436638147	1.92980769961322	-0.0541522539572682	0.956813860650886	0.997707303814983
SA597_2152	cds	2.12088928257018	0.0402375227006606	1.31324146668481	0.0306398508739125	0.975556760656293	0.997707303814983
SA597_2153	cds	1.19850508322042	0.968712735115537	1.786168264494	0.542341253269307	0.587583441587268	0.997707303814983
SA597_2154	cds	0.816815114097931	-1.11015373513038	2.11674579082925	-0.524462474398248	0.599956913455934	0.997707303814983
SA597_2155	cds	2.28763832555606	-0.953274225570121	1.23067681665638	-0.774593469762492	0.438579917255128	0.997707303814983
SA597_2156	cds	10.3028288571103	0.0498177124097218	0.610676716583927	0.0815778808276789	0.934982391198871	0.997707303814983
SA597_2157	cds	0.88711779819394	2.67754600257271	2.09488770592188	1.27813342691532	0.20120238452927	0.997707303814983
SA597_2158	cds	1.72749089718305	0.611013496178805	1.51733545190266	0.402688473015393	0.687177414838116	0.997707303814983
SA597_2159	cds	0.150656145372399	-0.177667927559659	4.05235334539408	-0.0438431480220245	0.965029432985025	0.997707303814983
SA597_2160	cds	1.74868248661891	0.140098528751905	1.50822010773431	0.0928899754309496	0.925990969760807	0.997707303814983
SA597_2161	cds	14.4909128007209	0.0623104384464498	0.562046470135655	0.110863499296438	0.911724590467696	0.997707303814983
SA597_2162	cds	3.02422638337165	-0.334241244776698	1.08863846240457	-0.307026856315943	0.758822930436363	0.997707303814983
SA597_2163	cds	0.235437417758101	0.709821119802056	3.58995287329068	0.197724355961088	0.843260732604926	0.997707303814983
SA597_2164	cds	1.0888423794777	-1.04169108584496	1.84285594248458	-0.565259096943044	0.571897545586739	0.997707303814983
SA597_2165	cds	0.189889760025061	0.379107197203241	3.92795764333622	0.096515092988947	0.923111487414045	0.997707303814983
SA597_2166	cds	0	NA	NA	NA	NA	NA
SA597_2167	cds	2.32607233147388	0.264485321026669	1.26732459774625	0.208695800189641	0.834685718917809	0.997707303814983
SA597_2168	cds	6.68296361374142	0.484777827569815	0.761683080204739	0.636456080184304	0.524479198578272	0.997707303814983
SA597_2169	cds	0.287299118571519	1.00879633507558	3.31009808887493	0.304763275283622	0.760546453769343	0.997707303814983
SA597_2170	cds	0	NA	NA	NA	NA	NA
SA597_2171	cds	0.40675978950652	-2.4017775644379	3.22865577229015	-0.743893971308769	0.456940622906389	0.997707303814983
SA597_2172	cds	0.56071146996381	0.427574471501799	2.33845219940281	0.182845076589973	0.854919578765291	0.997707303814983
SA597_2173	cds	0.235437417758101	0.709821119802056	3.58995287329068	0.197724355961088	0.843260732604926	0.997707303814983
SA597_2174	cds	0	NA	NA	NA	NA	NA
SA597_2175	cds	0.437955263943917	1.58192811084399	2.81227003822322	0.562509321417599	0.573769054503841	0.997707303814983
SA597_2176	cds	0.606741160996213	-1.90375271038386	2.59534113294077	-0.733526967311125	0.463237086265086	0.997707303814983
SA597_2177	cds	1.60368861627299	-0.00472284913833669	1.47625445154171	-0.00319921076844471	0.997447403475387	0.999945081387422
SA597_2178	cds	2.66333182703365	-0.242990099220481	1.18151271397933	-0.205660164588573	0.837056377378352	0.997707303814983
SA597_2179	cds	11.7275590354487	0.553875139705056	0.632698902462965	0.875416627955156	0.381347255591349	0.997707303814983
SA597_2180	cds	0.04554765773304	-0.551291124646171	4.0621351136751	-0.135714620321284	0.892046889316486	0.997707303814983
SA597_2181	cds	1.44185576152857	-2.1214413896273	1.72073156146372	-1.23287178380266	0.217623604122181	0.997707303814983
SA597_2182	cds	0.348918238231146	-1.04629747287254	3.14730877491827	-0.332441952060997	0.739555564918909	0.997707303814983
SA597_2183	cds	1.09746117846671	1.67479448093494	1.87532035140122	0.893071138317013	0.371819077839583	0.997707303814983
SA597_2184	cds	1.45901232136255	-0.844790596922335	1.66464486820833	-0.507489983633318	0.61181106264433	0.997707303814983
SA597_2185	cds	0.09109531546608	-0.0708877398542527	4.0499347609796	-0.0175034275952402	0.98603499844047	0.997707303814983
SA597_2186	cds	2.90686455053603	-1.20356571794476	1.12462865187195	-1.07018944959424	0.28453404232806	0.997707303814983
SA597_2187	cds	0.772187126260999	2.38449926187457	2.1393145222221	1.11460901943385	0.265018003587636	0.997707303814983
SA597_2188	cds	1.70439350990434	0.711342819824854	1.48791691934881	0.478079663302823	0.632593506034602	0.997707303814983
SA597_2189	cds	0.34054590539746	1.17619438748644	2.91420507725232	0.40360728099322	0.68650153070125	0.997707303814983
SA597_2190	cds	0.17461790683331	-2.34090062098629	4.07704254714275	-0.574166345805449	0.565855240679958	0.997707303814983
SA597_2191	cds	1.69287348266671	-0.567538842219687	1.52000851557086	-0.373378725451771	0.70886659113628	0.997707303814983
SA597_2192	cds	0.40235619549851	-0.106235122809596	2.96646235241676	-0.0358120583337412	0.971432218075573	0.997707303814983
SA597_2193	cds	1.074638036863	-1.70926654075226	1.84264457842059	-0.927615971506207	0.353606809906328	0.997707303814983
SA597_2194	cds	1.18731924860121	-0.0839057712039202	1.75649653294436	-0.047768822556838	0.961900484174351	0.997707303814983
SA597_2195	cds	4.56601885289561	-0.422961439085455	0.928724922712783	-0.455421652570704	0.648805920800717	0.997707303814983
SA597_2196	cds	0.150656145372399	-0.177667927559659	4.05235334539408	-0.0438431480220245	0.965029432985025	0.997707303814983
SA597_2197	cds	0.408479068137465	-1.22496700569439	3.0058874635723	-0.407522577122231	0.683624215538988	0.997707303814983
SA597_2198	cds	3.82594687096812	0.365727026201476	1.05539328674644	0.346531507064005	0.728943310057149	0.997707303814983
SA597_2199	cds	0.6138318517957	2.11936893660069	2.33263926133481	0.908571235908944	0.363576495589431	0.997707303814983
SA597_2200	cds	0	NA	NA	NA	NA	NA
SA597_2201	cds	0.40235619549851	-0.106235122809596	2.96646235241676	-0.0358120583337412	0.971432218075573	0.997707303814983
SA597_2202	cds	2.5635466032984	0.397024572608713	1.2029816091216	0.330033784056446	0.741374434982233	0.997707303814983
SA597_2203	cds	0.884748276837936	-2.99386756768348	2.07913096750091	-1.43996102914194	0.149878425010477	0.997707303814983
SA597_2204	cds	7.88832006905548	0.871923312402941	0.717968463213205	1.21443121401283	0.224583101915234	0.997707303814983
SA597_2205	cds	3.31217726999707	-0.0779137584553715	1.06170021910392	-0.0733858362779004	0.941499088216555	0.997707303814983
SA597_2206	cds	0.150656145372399	-0.177667927559659	4.05235334539408	-0.0438431480220245	0.965029432985025	0.997707303814983
SA597_2207	cds	0.846773343203746	-1.36759074169119	2.20775303526945	-0.619449150264347	0.535620510651583	0.997707303814983
SA597_2208	cds	0.584673231424721	-0.844724136499611	2.4464162089205	-0.34529044298327	0.729876030767092	0.997707303814983
SA597_2209	cds	0.499574383603545	-0.245969030687515	2.59412684569049	-0.094817657469654	0.924459661428184	0.997707303814983
SA597_2210	cds	0.925701170121543	-1.57840139594049	1.98721906433872	-0.794276496368922	0.427034483795439	0.997707303814983
SA597_2211	cds	0	NA	NA	NA	NA	NA
SA597_2212	cds	0	NA	NA	NA	NA	NA
SA597_2213	cds	0.22016556456635	-1.48828503217419	3.72829227239271	-0.399186792085656	0.68975557452517	0.997707303814983
SA597_2214	cds	0.346859948477837	1.20533040067517	3.11612266133635	0.386804542590844	0.69890091400536	0.997707303814983
SA597_2215	cds	0	NA	NA	NA	NA	NA
SA597_2216	cds	0	NA	NA	NA	NA	NA
SA597_2217	cds	0	NA	NA	NA	NA	NA
SA597_2218	cds	0	NA	NA	NA	NA	NA
SA597_2219	cds	0.524121622342143	1.8211664668622	2.65416836920854	0.68615333073435	0.492616423691481	0.997707303814983
SA597_2220	cds	8.22105590944596	0.0761861555157734	0.685616944011924	0.111120584433001	0.911520725810476	0.997707303814983
SA597_2221	cds	20.9067217442381	0.800488371585168	0.456606760290867	1.75312422241677	0.0795806865840356	0.997707303814983
SA597_2222	cds	1.40131379226418	-0.340409005452189	1.66990835981749	-0.203848913894529	0.838471567528166	0.997707303814983
SA597_2223	cds	7.1551141246849	-0.917577615616448	0.737009413151844	-1.24500121605286	0.213131303234187	0.997707303814983
SA597_2224	cds	0	NA	NA	NA	NA	NA
SA597_2225	cds	1.73416056856874	0.310205973366256	1.54108852157933	0.201290171863945	0.840471687009244	0.997707303814983
SA597_2226	cds	0	NA	NA	NA	NA	NA
SA597_2227	cds	1.24090022804557	0.459254209605175	1.85845988242445	0.247115481990419	0.804818852338364	0.997707303814983
SA597_2228	cds	1.82009804814198	-0.612702124282837	1.65437605603402	-0.370352388774078	0.711119943829548	0.997707303814983
SA597_2229	cds	0	NA	NA	NA	NA	NA
SA597_2230	cds	1.17435215131809	1.63490204757022	1.84236138245931	0.887394874390954	0.37486634209547	0.997707303814983
SA597_2231	cds	0.257822922765066	-2.40687894487496	3.81032180564395	-0.631673403886734	0.527600310469136	0.997707303814983
SA597_2232	cds	1.89948647267225	-1.03876386025335	1.34177815581965	-0.774169601545495	0.43883050217409	0.997707303814983
SA597_2233	cds	0.719739948169895	-0.687321452622503	2.15188718397932	-0.319404036484614	0.749420150337753	0.997707303814983
SA597_2234	cds	2.85022968365816	0.707371130897502	1.19638109128236	0.591259036148168	0.554346872089848	0.997707303814983
SA597_2235	cds	0.17461790683331	-2.34090062098629	4.07704254714275	-0.574166345805449	0.565855240679958	0.997707303814983
SA597_2236	cds	0.96335852832026	-2.09501248299899	2.11738302241198	-0.989434816858264	0.32245044691947	0.997707303814983
SA597_2237	cds	2.15808604315643	0.207385141849528	1.27533196442807	0.162612674687042	0.870823406872944	0.997707303814983
SA597_2238	cds	0.709791358882263	0.539885934503629	2.50439822473128	0.215575114681116	0.829318955307545	0.997707303814983
SA597_2239	cds	8.94932727462805	0.690394280782499	0.671179003547004	1.02862913937109	0.303653979625363	0.997707303814983
SA597_2240	cds	0.475930197578107	-0.00470890119259819	2.85765865848961	-0.00164781793606065	0.998685232104802	0.999945081387422
SA597_2241	cds	3.21436260955203	1.27070572707687	1.15482776175921	1.10034220613223	0.2711830492531	0.997707303814983
SA597_2242	cds	0.576656526896346	0.323278225399488	2.61012718661253	0.123855353508288	0.901429803413347	0.997707303814983
SA597_2243	cds	3.15560138838055	0.381860631108288	1.11008371117572	0.343992644215856	0.730851817978126	0.997707303814983
SA597_2244	cds	0	NA	NA	NA	NA	NA
SA597_2245	cds	0	NA	NA	NA	NA	NA
SA597_2246	cds	2.35730835425735	-8.7692614130824e-05	1.2740413417638	-6.8830273599616e-05	0.999945081387422	0.999945081387422
SA597_2247	cds	4.79954860299576	0.766315118091689	0.90637864553728	0.845469078364523	0.397848990102748	0.997707303814983
SA597_2248	cds	1.55937820387154	1.38907902155316	1.63820970900609	0.847925032989781	0.396479722282482	0.997707303814983
SA597_2249	cds	1.60427409355068	2.04670777755047	1.70467071483978	1.2006469987037	0.229888161729243	0.997707303814983
SA597_2250	cds	0.485561211430266	-0.135625562915372	2.77798148773619	-0.0488216222873014	0.961061450626172	0.997707303814983
SA597_2251	cds	2.36270550885603	1.03660177172656	1.46659379339702	0.706809054009098	0.47968514727966	0.997707303814983
SA597_2252	cds	7.70823587614106	0.663043930268599	0.712853652941086	0.930126299462754	0.352305695383079	0.997707303814983
SA597_2253	cds	2.87071233951111	0.909156128644207	1.16341100496492	0.781457391037505	0.434533527843186	0.997707303814983
SA597_2254	cds	1.99873998951487	1.27714119493846	1.47944016744714	0.863259780990159	0.387994651821604	0.997707303814983
SA597_2255	cds	6.93952421190881	-0.726619770486725	0.774161176121725	-0.938589783237173	0.347941400330863	0.997707303814983
SA597_2256	cds	0.17461790683331	-2.34090062098629	4.07704254714275	-0.574166345805449	0.565855240679958	0.997707303814983
SA597_2257	cds	0.22016556456635	-1.48828503217419	3.72829227239271	-0.399186792085656	0.68975557452517	0.997707303814983
SA597_2258	cds	2.99476777489554	0.0684828635003297	1.16356741723044	0.0588559480836398	0.953066845527088	0.997707303814983
SA597_2259	cds	0	NA	NA	NA	NA	NA
SA597_2260	cds	0.318960009125331	-1.15055420503595	3.27349698673211	-0.351475565641054	0.72523160042813	0.997707303814983
SA597_2261	cds	0.3860935631305	1.38385188101151	2.75569489232475	0.502178918597214	0.615541670733592	0.997707303814983
SA597_2262	cds	0.598368828162526	0.151458290273112	2.33725572419462	0.0648017624709433	0.948331838153083	0.997707303814983
SA597_2263	cds	0.68978171906408	-0.4564580489509	2.21497299451997	-0.206078381127091	0.836729685684222	0.997707303814983
SA597_2264	cds	1.47034117815877	0.322080423084932	1.54062240631044	0.209058638746055	0.834402462719393	0.997707303814983
SA597_2265	cds	27.3261284579863	0.361599443606486	0.418908241696448	0.863194866117031	0.388030335903662	0.997707303814983
SA597_2266	cds	6.03984673658069	0.0468426883406508	0.789511961977099	0.0593311952150125	0.952688314683643	0.997707303814983
SA597_2267	cds	8.64359629802113	0.0719111558103329	0.673689029652913	0.106742358336133	0.914993377462701	0.997707303814983
SA597_2268	cds	0	NA	NA	NA	NA	NA
SA597_2269	cds	0.612573170777228	0.634507731884662	2.38224242352784	0.266348934775927	0.789970489213403	0.997707303814983
SA597_2270	cds	0.303370580498106	-1.5466668551324	3.31036935537098	-0.467218817327128	0.640343332007668	0.997707303814983
SA597_2271	cds	3.7939545692103	2.20546091132874	1.20485831333438	1.83047324894597	0.0671792033666413	0.997707303814983
SA597_2272	cds	0.801225685470706	-1.6745244907962	2.2560575981797	-0.742234813573596	0.457945079141488	0.997707303814983
SA597_2273	cds	38.0137560138366	-1.16764884359156	0.462123017612549	-2.52670565864463	0.0115137954334251	0.997707303814983
SA597_2274	cds	1.2932273449754	-2.55399230392291	1.76818001426026	-1.44441871490749	0.148621229477598	0.997707303814983
SA597_2275	cds	1.02449561468052	-1.2285701779429	1.92874229847728	-0.636979952642115	0.524137901949617	0.997707303814983
SA597_2276	cds	1.34739380169745	0.569511234686202	1.74608473458896	0.326164717785171	0.744299734094017	0.997707303814983
SA597_2277	cds	0.04554765773304	-0.551291124646171	4.0621351136751	-0.135714620321284	0.892046889316486	0.997707303814983
SA597_2278	cds	0	NA	NA	NA	NA	NA
SA597_2279	cds	0	NA	NA	NA	NA	NA
SA597_2280	cds	0	NA	NA	NA	NA	NA
SA597_2281	cds	0.144342102292021	-0.177667754954771	4.05235334135732	-0.0438431054719582	0.965029466902452	0.997707303814983
SA597_2282	cds	0	NA	NA	NA	NA	NA
SA597_2283	cds	0	NA	NA	NA	NA	NA
SA597_2284	cds	0	NA	NA	NA	NA	NA
SA597_2285	cds	0	NA	NA	NA	NA	NA
SA597_2286	cds	0.664582712271586	-3.47908170328719	2.54084568322308	-1.36926131573404	0.170917605569854	0.997707303814983
SA597_2287	cds	0.953119076174687	1.43956984675719	1.96766075563272	0.731614859236386	0.464403676124369	0.997707303814983
SA597_2288	cds	0.3860935631305	1.38385188101151	2.75569489232475	0.502178918597214	0.615541670733592	0.997707303814983
SA597_2289	cds	1.38352305170664	0.361217261472521	1.66117984533373	0.217446209985742	0.827860622225743	0.997707303814983
SA597_2290	cds	0.144342102292021	-0.177667754954771	4.05235334135732	-0.0438431054719582	0.965029466902452	0.997707303814983
SA597_2291	cds	2.94619679066307	1.23229770112239	1.18830093782654	1.03702493357981	0.299724237170063	0.997707303814983
SA597_2292	cds	0.4978551049726	-1.02612383733371	2.80922077770217	-0.36526991594197	0.714909932826374	0.997707303814983
SA597_2293	cds	2.10120952862717	-0.742892704756391	1.45051425833153	-0.512158153902543	0.608540327172928	0.997707303814983
SA597_2294	cds	1.52016602490576	0.655323291763317	1.61598279151379	0.40552615733577	0.685090795228349	0.997707303814983
SA597_2295	cds	9.35163735895166	-0.288066354181514	0.664062835040881	-0.433793820375116	0.664438169475049	0.997707303814983
SA597_2296	cds	0.46961615449773	-0.0473756560987801	2.69364562616362	-0.0175879319976674	0.985967584060061	0.997707303814983
SA597_2297	cds	1.06752438504778	1.21014392417474	2.01624669921771	0.600196357243518	0.548375381080411	0.997707303814983
SA597_2298	cds	0.09109531546608	-0.0708877398542527	4.0499347609796	-0.0175034275952402	0.98603499844047	0.997707303814983
SA597_2299	cds	2.04983264252753	1.14082559806105	1.49298013470044	0.764126441836385	0.444791896303758	0.997707303814983
SA597_2300	cds	1.79813259240142	1.52114032817405	1.54526557359356	0.984387638065731	0.32492495387563	0.997707303814983
SA597_2301	cds	1.08852480404222	-0.326708162663561	1.88811341575126	-0.17303418318945	0.862624558569616	0.997707303814983
SA597_2302	cds	2.20705564096841	0.129770907972566	1.30859339691392	0.0991682429993971	0.921004688953062	0.997707303814983
SA597_2303	cds	1.25556998677668	-2.02459860282753	1.72705632367395	-1.17228290419656	0.241083492990763	0.997707303814983
SA597_2304	cds	2.74153864643251	-0.371684300488043	1.18787595794178	-0.312898243291375	0.754357972266729	0.997707303814983
SA597_2305	cds	0.189889760025061	0.379107197203241	3.92795764333622	0.096515092988947	0.923111487414045	0.997707303814983
SA597_2306	cds	2.75771355233742	0.692905144686142	1.1874793582192	0.583509212088754	0.559550557434754	0.997707303814983
SA597_2307	cds	0.150656145372399	-0.177667927559659	4.05235334539408	-0.0438431480220245	0.965029432985025	0.997707303814983
SA597_2308	cds	3.51513381972176	-1.39987203121203	1.05302041482212	-1.32938736182859	0.183720205221494	0.997707303814983
SA597_2309	cds	0.637793613256611	0.825762722162391	2.3535052488084	0.350865043781178	0.725689597340117	0.997707303814983
SA597_2310	cds	0.04554765773304	-0.551291124646171	4.0621351136751	-0.135714620321284	0.892046889316486	0.997707303814983
SA597_2311	cds	0	NA	NA	NA	NA	NA
SA597_2312	cds	3.00932774581555	0.0283871273339326	1.19113821042604	0.0238319340992169	0.980986667550679	0.997707303814983
SA597_2313	cds	1.06943483412015	1.72289760477211	1.89704812601507	0.908199207571615	0.363772982696799	0.997707303814983
SA597_2314	cds	1.29874177932094	0.112160692677079	1.77920958861128	0.0630396179264205	0.949734956499107	0.997707303814983
SA597_2315	cds	0	NA	NA	NA	NA	NA
SA597_2316	cds	0.894816927286841	2.66098241548868	2.05718309848409	1.29350781534688	0.19583548279907	0.997707303814983
SA597_2317	cds	0.18219063093216	0.502951840228143	4.03933812507677	0.1245134288476	0.900908768438207	0.997707303814983
SA597_2318	cds	0	NA	NA	NA	NA	NA
SA597_2319	cds	0.26571322229939	-0.99771262399539	3.47406639566785	-0.287188703485786	0.77396783548082	0.997707303814983
SA597_2320	cds	0.551101891798541	-1.24375503561704	2.74485507970252	-0.453122295896159	0.650460681385043	0.997707303814983
SA597_2321	cds	0.736396887374169	0.659883682544228	2.30494825601495	0.286290020100107	0.774656001195371	0.997707303814983
SA597_2322	cds	0.04554765773304	-0.551291124646171	4.0621351136751	-0.135714620321284	0.892046889316486	0.997707303814983
SA597_2323	cds	0.04554765773304	-0.551291124646171	4.0621351136751	-0.135714620321284	0.892046889316486	0.997707303814983
SA597_2324	cds	0.09109531546608	-0.0708877398542527	4.0499347609796	-0.0175034275952402	0.98603499844047	0.997707303814983
SA597_2325	cds	1.10602468174182	0.843001281704416	1.93466251884346	0.43573557325562	0.663028592754787	0.997707303814983
SA597_2326	cds	3.17263306854932	0.0486329984707725	1.07716326043292	0.0451491433631208	0.963988430594007	0.997707303814983
SA597_2327	cds	1.2783931283804	1.00135137357195	1.77377286296536	0.564531905115468	0.572392193129143	0.997707303814983
SA597_2328	cds	0.883948668103099	0.751330070800352	2.04909066142713	0.366665118798146	0.713868828203837	0.997707303814983
SA597_2329	cds	0.04554765773304	-0.551291124646171	4.0621351136751	-0.135714620321284	0.892046889316486	0.997707303814983
SA597_2330	cds	0.144342102292021	-0.177667754954771	4.05235334135732	-0.0438431054719582	0.965029466902452	0.997707303814983
SA597_2331	cds	0	NA	NA	NA	NA	NA
SA597_2332	cds	0.794572631267965	0.836469536326865	2.09956947488284	0.398400503690664	0.690334986688897	0.997707303814983
SA597_2333	cds	3.44073877322044	-0.231088123985714	1.04146210364021	-0.221888173537947	0.824400937215225	0.997707303814983
SA597_2334	cds	0.735811410096483	-2.84070688930641	2.28079274057519	-1.24549102545373	0.21295131237994	0.997707303814983
SA597_2335	cds	80.4720623197758	-0.571211132231854	0.325799742615319	-1.75325839009732	0.0795576643801681	0.997707303814983
SA597_2336	cds	0	NA	NA	NA	NA	NA
SA597_2337	cds	0	NA	NA	NA	NA	NA
SA597_2338	cds	0.51516381223077	0.204296166421467	2.43738306742367	0.0838178328027072	0.933201269385745	0.997707303814983
SA597_2339	cds	1.11812740484273	-0.0339796729354464	1.80532387057715	-0.0188219263530723	0.984983162220001	0.997707303814983
SA597_2340	cds	0.144342102292021	-0.177667754954771	4.05235334135732	-0.0438431054719582	0.965029466902452	0.997707303814983
SA597_2341	cds	3.16876118143393	-1.41678091713194	1.1021165721527	-1.28550913118438	0.198614427944117	0.997707303814983
SA597_2342	cds	3.93758648183383	-0.229304198525881	0.972856406559822	-0.235701997725171	0.81366391960584	0.997707303814983
SA597_2343	cds	0.45230744723956	-1.53759929585362	2.90533375503062	-0.529233274212042	0.596643636927241	0.997707303814983
SA597_2344	cds	0.22016556456635	-1.48828503217419	3.72829227239271	-0.399186792085656	0.68975557452517	0.997707303814983
SA597_2345	cds	2.71523407619313	-1.29618526042648	1.19661054680916	-1.08321396955997	0.278713460544188	0.997707303814983
SA597_2346	cds	0.04554765773304	-0.551291124646171	4.0621351136751	-0.135714620321284	0.892046889316486	0.997707303814983
SA597_2347	cds	0	NA	NA	NA	NA	NA
SA597_2348	cds	1.22449457350056	1.49330727487307	1.83404001460895	0.814217390557571	0.415520424569603	0.997707303814983
SA597_2349	cds	0.144342102292021	-0.177667754954771	4.05235334135732	-0.0438431054719582	0.965029466902452	0.997707303814983
SA597_2350	cds	0	NA	NA	NA	NA	NA
SA597_2351	cds	2.42399043589724	0.263823909982951	1.26551013659338	0.20847237991561	0.834860146493894	0.997707303814983
SA597_2352	cds	1.66199076516084	-0.778305471471234	1.56626702343522	-0.496917485860243	0.619247240209705	0.997707303814983
SA597_2353	cds	0	NA	NA	NA	NA	NA
SA597_2354	cds	1.72566817457378	-3.08786855031188	1.60637912722101	-1.92225390506275	0.0545738169876836	0.997707303814983
SA597_2355	cds	2.2085054924283	0.86149637328486	1.40201139945806	0.614471732268274	0.538903647090442	0.997707303814983
SA597_2356	cds	4.79244129501332	-0.182885277588316	0.873474198391179	-0.209376851571764	0.834154062052941	0.997707303814983
SA597_2357	cds	3.63891313961609	0.585975384817476	1.06030570652943	0.552647581927554	0.580504753310521	0.997707303814983
SA597_2358	cds	2.92698675957973	0.113544279908667	1.135245098426	0.100017414799759	0.920330499759725	0.997707303814983
SA597_2359	cds	1.30256749596962	-0.225154630086245	1.83388778847131	-0.122774485713725	0.902285678831216	0.997707303814983
SA597_2360	cds	1.52417344226239	2.21390005604745	1.7463952282859	1.2676970368388	0.204906163393963	0.997707303814983
SA597_2361	cds	5.43268903018834	-0.738304908324508	0.825299659095528	-0.894590104561099	0.371006243505225	0.997707303814983
SA597_2362	cds	0	NA	NA	NA	NA	NA
SA597_2363	cds	8.44029115354017	0.330464732351783	0.692334014780309	0.477319798387555	0.633134414888072	0.997707303814983
SA597_2364	cds	0.823129157178309	-1.0939802039893	2.11213557741627	-0.517949801938159	0.604493293419133	0.997707303814983
SA597_2365	cds	0.604682871242904	0.178065906501856	2.45258682285046	0.0726033039249974	0.942121797509543	0.997707303814983
SA597_2366	cds	1.015323673112	2.75795169873929	1.9877311882137	1.38748725939032	0.165293233447633	0.997707303814983
SA597_2367	cds	3.72959118723018	1.69087702932259	1.11268431808841	1.51963769223199	0.128602059261954	0.997707303814983
SA597_2368	cds	1.35734239098508	-0.127044731137833	1.5999964643384	-0.0794031324252744	0.936711977195448	0.997707303814983
SA597_2369	cds	1.01267990608101	1.50933640709951	1.97356231689486	0.764777678504851	0.444403941717893	0.997707303814983
SA597_2370	cds	1.09794321176607	0.0909842566951787	1.8522328521012	0.0491213923735155	0.960822555335663	0.997707303814983
SA597_2371	cds	1.94528541506456	0.0725160447731939	1.57578186574576	0.0460190882694762	0.963295035787245	0.997707303814983
SA597_2372	cds	2.20428546894336	0.206237495369968	1.30805023865192	0.157667870297181	0.874718519553275	0.997707303814983
SA597_2373	cds	0.22016556456635	-1.48828503217419	3.72829227239271	-0.399186792085656	0.68975557452517	0.997707303814983
SA597_2374	cds	0.986838256481808	-0.862040947122293	1.90194477038464	-0.453241839902616	0.650374607486556	0.997707303814983
SA597_2375	cds	1.10583351130039	0.465562779019823	1.76409742154171	0.263909902783572	0.791849344776975	0.997707303814983
SA597_2376	cds	0.04554765773304	-0.551291124646171	4.0621351136751	-0.135714620321284	0.892046889316486	0.997707303814983
SA597_2377	cds	0	NA	NA	NA	NA	NA
SA597_2378	cds	0	NA	NA	NA	NA	NA
SA597_2379	cds	4.27016535629618	-0.743084301926941	0.901520812272078	-0.824256402971071	0.40979388482585	0.997707303814983
SA597_2380	cds	0.09109531546608	-0.0708877398542527	4.0499347609796	-0.0175034275952402	0.98603499844047	0.997707303814983
SA597_2381	cds	0.257822922765066	-2.40687894487496	3.81032180564395	-0.631673403886734	0.527600310469136	0.997707303814983
SA597_2382	cds	13.0435525337106	0.830627553563703	0.565643913146536	1.46846369996829	0.141978309553579	0.997707303814983
SA597_2383	cds	0.698613124181402	2.31417644249196	2.37288658056562	0.975257924860588	0.32943233565777	0.997707303814983
SA597_2384	cds	4.41485237702567	1.2290161933808	1.20296218313237	1.02165821221461	0.306942695606748	0.997707303814983
SA597_2385	cds	0	NA	NA	NA	NA	NA
SA597_2386	cds	0.235437417758101	0.709821119802056	3.58995287329068	0.197724355961088	0.843260732604926	0.997707303814983
SA597_2387	cds	2.55271254862795	1.54486244103846	1.43393706170502	1.07735721622366	0.281320709998794	0.997707303814983
SA597_2388	cds	1.54412778636668	-0.0514967472060221	1.51003771068379	-0.0341029544107894	0.972795052577833	0.997707303814983
SA597_2389	cds	0.423942091770639	1.60215819143509	2.85034697930971	0.562092335798044	0.574053109897489	0.997707303814983
SA597_2390	cds	1.68622042846397	0.787668649872301	1.57732966852916	0.499368436153737	0.617519851108266	0.997707303814983
SA597_2391	cds	12.2204970780835	-0.621197261620243	0.561775033090822	-1.1057758444737	0.268823552723489	0.997707303814983
SA597_2392	cds	1.15138116903343	0.575873251970952	1.74070694330296	0.330827227516105	0.740774993266984	0.997707303814983
SA597_2393	cds	0.144342102292021	-0.177667754954771	4.05235334135732	-0.0438431054719582	0.965029466902452	0.997707303814983
SA597_2394	cds	1.69682078580549	0.0422533409354869	1.44711803170635	0.0291982685653253	0.976706462131045	0.997707303814983
SA597_2395	cds	43.6445847150983	0.16813861817916	0.327001356377205	0.514183243892137	0.60712388165477	0.997707303814983
SA597_2396	cds	0	NA	NA	NA	NA	NA
SA597_2397	cds	4.41682730635094	1.6033960361748	1.06006893743931	1.51253940149208	0.130396696932502	0.997707303814983
SA597_2398	cds	6.07137935232534	0.948546466858836	0.827964456221265	1.14563669941569	0.251945505584298	0.997707303814983
SA597_2399	cds	1.10847727833139	1.56768605637345	1.97782839592646	0.7926299670903	0.427993443901057	0.997707303814983
SA597_2400	cds	4.09729728902789	-0.971765201521925	0.989834363907029	-0.98174526663857	0.326225358667729	0.997707303814983
SA597_2401	cds	0	NA	NA	NA	NA	NA
SA597_2402	cds	0.644107656336989	0.838419200827085	2.34710797070319	0.357213733365617	0.720931805501913	0.997707303814983
SA597_2403	cds	0.09109531546608	-0.0708877398542527	4.0499347609796	-0.0175034275952402	0.98603499844047	0.997707303814983
SA597_2404	cds	1.92724338984776	-0.43839690302589	1.39453496430566	-0.3143678102357	0.753241701463022	0.997707303814983
SA597_2405	cds	0.61494903596601	-2.03896466042099	2.56224118747884	-0.795773899188336	0.426163465037167	0.997707303814983
SA597_2406	cds	0	NA	NA	NA	NA	NA
SA597_2407	cds	4.95681877955367	0.0745380208627617	0.885171541923096	0.0842074302352996	0.932891510699822	0.997707303814983
SA597_2408	cds	0.67247301180591	-1.86688973638427	2.37987844256027	-0.784447517569792	0.43277756570192	0.997707303814983
SA597_2409	cds	0	NA	NA	NA	NA	NA
SA597_2410	cds	6.05439723776723	0.388863494995898	0.802758163282301	0.484409268920943	0.628095441606504	0.997707303814983
SA597_2411	cds	1.98222607248759	0.634680465302219	1.56692241150309	0.405049069847302	0.685441442047137	0.997707303814983
SA597_2412	cds	1.25670226280111	0.202203408937172	1.91987539454353	0.105321110688669	0.916121012227528	0.997707303814983
SA597_2413	cds	1.97891392021975	-0.698606472423537	1.3788390384544	-0.506662817732978	0.612391423844154	0.997707303814983
SA597_2414	cds	1.50594024660417	1.07232349685348	1.61798628309928	0.662751908378004	0.507489458753495	0.997707303814983
SA597_2415	cds	0.31126088003243	-0.656198626071823	3.27395898005212	-0.200429703020096	0.841144531119337	0.997707303814983
SA597_2416	cds	0.189889760025061	0.379107197203241	3.92795764333622	0.096515092988947	0.923111487414045	0.997707303814983
SA597_2417	cds	0.39478347139966	-2.08563102466699	3.00345634994772	-0.69441029988776	0.487424936230066	0.997707303814983
SA597_2418	cds	0	NA	NA	NA	NA	NA
SA597_2419	cds	0.287299118571519	1.00879633507558	3.31009808887493	0.304763275283622	0.760546453769343	0.997707303814983
SA597_2420	cds	3.78507983433249	0.573024155627526	1.00016319091927	0.572930658546678	0.566691645091186	0.997707303814983
SA597_2421	cds	0.144342102292021	-0.177667754954771	4.05235334135732	-0.0438431054719582	0.965029466902452	0.997707303814983
SA597_2422	cds	4.6509101990306	0.939078039940312	0.991304502463326	0.947315418831212	0.343478076220192	0.997707303814983
SA597_2423	cds	0.18219063093216	0.502951840228143	4.03933812507677	0.1245134288476	0.900908768438207	0.997707303814983
SA597_2424	cds	0	NA	NA	NA	NA	NA
SA597_2425	cds	0.189889760025061	0.379107197203241	3.92795764333622	0.096515092988947	0.923111487414045	0.997707303814983
SA597_2426	cds	0.09109531546608	-0.0708877398542527	4.0499347609796	-0.0175034275952402	0.98603499844047	0.997707303814983
SA597_2427	cds	0	NA	NA	NA	NA	NA
SA597_2428	cds	0	NA	NA	NA	NA	NA
SA597_2429	cds	0	NA	NA	NA	NA	NA
SA597_2430	cds	0	NA	NA	NA	NA	NA
SA597_2431	cds	0.150656145372399	-0.177667927559659	4.05235334539408	-0.0438431480220245	0.965029432985025	0.997707303814983
SA597_2432	cds	0.04554765773304	-0.551291124646171	4.0621351136751	-0.135714620321284	0.892046889316486	0.997707303814983
SA597_2433	cds	0	NA	NA	NA	NA	NA
SA597_2434	cds	1.44875528188664	-0.400920852448131	1.53210110187985	-0.261680415186838	0.793567840946904	0.997707303814983
SA597_2435	cds	0	NA	NA	NA	NA	NA
SA597_2436	cds	0	NA	NA	NA	NA	NA
SA597_2437	cds	0	NA	NA	NA	NA	NA
SA597_2438	cds	0	NA	NA	NA	NA	NA
SA597_2439	cds	0	NA	NA	NA	NA	NA
SA597_2440	cds	0.150656145372399	-0.177667927559659	4.05235334539408	-0.0438431480220245	0.965029432985025	0.997707303814983
SA597_2441	cds	0	NA	NA	NA	NA	NA
SA597_2442	cds	0.728697758281268	0.730504058151793	2.24577935669662	0.325278641454035	0.744970194340259	0.997707303814983
SA597_2443	cds	5.19490995175475	0.382510975549777	0.876834743801212	0.436240669355246	0.662662123538057	0.997707303814983
SA597_2444	cds	0.788258588187587	0.825039169343002	2.1031910357181	0.392279709893926	0.694851553832416	0.997707303814983
SA597_2445	cds	0.507464683137869	0.31593855353664	2.54279593685368	0.124248489215208	0.901118530810756	0.997707303814983
SA597_2446	cds	1.69334168019753	0.935277293860158	1.65243242854609	0.566000326369215	0.571393558653928	0.997707303814983
SA597_2447	cds	0	NA	NA	NA	NA	NA
SA597_2448	cds	0	NA	NA	NA	NA	NA
SA597_2449	cds	0.40235619549851	-0.106235122809596	2.96646235241676	-0.0358120583337412	0.971432218075573	0.997707303814983
SA597_2450	cds	0.501150640057491	0.298703641946746	2.55241321506662	0.117027932696607	0.906837918473667	0.997707303814983
SA597_2451	cds	2.95832094945087	0.488769802552158	1.18804849662336	0.411405598291086	0.680775149578813	0.997707303814983
SA597_2452	cds	2.1831816059706	-1.04584800168453	1.33684127328224	-0.782327732234617	0.434021992867625	0.997707303814983
SA597_2453	cds	4.20384231003713	0.978274427884193	1.15467282966393	0.84723083695398	0.396866468557044	0.997707303814983
SA597_2454	cds	0.584673231424721	-0.844724136499611	2.4464162089205	-0.34529044298327	0.729876030767092	0.997707303814983
SA597_2455	cds	12.3251220070946	-0.0992828898515571	0.56457465424669	-0.175854316350829	0.860408396212381	0.997707303814983
SA597_2456	cds	3.39347183685645	-0.452247224109275	1.01331364083411	-0.446305275962739	0.65537674570031	0.997707303814983
SA597_2457	cds	1.488631539346	0.518617369561664	1.63097510926126	0.317979941334952	0.750500152354916	0.997707303814983
SA597_2458	cds	0	NA	NA	NA	NA	NA
SA597_2459	cds	36.6013109553544	0.462075327680614	0.350672393052512	1.3176837893008	0.187609523401688	0.997707303814983
SA597_2460	cds	82.020800233337	0.00848025110225482	0.289597672810003	0.0292828703351442	0.976638988536606	0.997707303814983
SA597_2461	cds	0.303370580498106	-1.5466668551324	3.31036935537098	-0.467218817327128	0.640343332007668	0.997707303814983
SA597_2462	cds	11.4783800869898	-0.159354724089179	0.590663622967701	-0.269789297821533	0.787322356735089	0.997707303814983
SA597_2463	cds	0.39478347139966	-2.08563102466699	3.00345634994772	-0.69441029988776	0.487424936230066	0.997707303814983
SA597_2464	cds	0.4978551049726	-1.02612383733371	2.80922077770217	-0.36526991594197	0.714909932826374	0.997707303814983
SA597_2465	cds	0.703477315801885	0.508061127519145	2.35744132732137	0.215513795245299	0.829366757705013	0.997707303814983
SA597_2466	cds	0.150656145372399	-0.177667927559659	4.05235334539408	-0.0438431480220245	0.965029432985025	0.997707303814983
SA597_2467	cds	0.931533179902558	0.352573702254205	1.94791646735898	0.181000421815947	0.856367244921913	0.997707303814983
SA597_2468	cds	0.18219063093216	0.502951840228143	4.03933812507677	0.1245134288476	0.900908768438207	0.997707303814983
SA597_2469	cds	0	NA	NA	NA	NA	NA
SA597_2470	cds	5.0179329048982	1.27064793688162	0.944143449716464	1.34582084667665	0.178360300656584	0.997707303814983
SA597_2471	cds	12.4728149401854	0.321049585848466	0.567853764534965	0.565373703406518	0.571819606971416	0.997707303814983
SA597_2472	cds	0.860786515377025	-1.69099101660569	2.12904906744135	-0.794247085454867	0.427051602104275	0.997707303814983
SA597_2473	cds	1.56051682372874	-1.51360268683721	1.52336990562909	-0.993588412928609	0.320423287573774	0.997707303814983
SA597_2474	cds	2.13715191493819	-0.330402572146791	1.31002145553537	-0.252211573139285	0.800877533102587	0.997707303814983
SA597_2475	cds	0.09109531546608	-0.0708877398542527	4.0499347609796	-0.0175034275952402	0.98603499844047	0.997707303814983
SA597_2476	cds	0.241751460838479	0.738769447307854	3.55398591984258	0.207870673652127	0.835329948025553	0.997707303814983
SA597_2477	cds	0	NA	NA	NA	NA	NA
SA597_2478	cds	1.023110528668	-1.01617029270829	1.87460147129598	-0.54207270626208	0.587768420237243	0.997707303814983
SA597_2479	cds	0.3860935631305	1.38385188101151	2.75569489232475	0.502178918597214	0.615541670733592	0.997707303814983
SA597_2480	cds	0.735011801361646	0.747345196043709	2.13564716751763	0.349938513913037	0.726384842266455	0.997707303814983
SA597_2481	cds	0.862023760708607	1.22720396232461	2.05232526088939	0.597957831397933	0.549868070355314	0.997707303814983
SA597_2482	cds	0.596649549531581	-0.640725676743937	2.51268389506281	-0.254996531001335	0.798725778550007	0.997707303814983
SA597_2483	cds	0.45230744723956	-1.53759929585362	2.90533375503062	-0.529233274212042	0.596643636927241	0.997707303814983
SA597_2484	cds	0.529050579409997	1.87934974443938	2.61535939151561	0.718581832591005	0.472398610454254	0.997707303814983
SA597_2485	cds	0.884748276837936	-2.99386756768348	2.07913096750091	-1.43996102914194	0.149878425010477	0.997707303814983
SA597_2486	cds	0.673392681702018	2.21060526780506	2.24853643734721	0.983130729432654	0.325543101991778	0.997707303814983
SA597_2487	cds	29.9415263700841	-0.29881333091133	0.41000167631589	-0.72881002242807	0.466117879979466	0.997707303814983
SA597_2488	cds	10.7408779221069	0.506052933374528	0.617342039706141	0.819728612059876	0.412370835245916	0.997707303814983
SA597_2489	cds	22.1737488953597	-0.14691778714189	0.462847523899546	-0.317421568779477	0.750923743264051	0.997707303814983
SA597_2490	cds	14.225176886649	-0.549641204414045	0.536716687750977	-1.02408070581376	0.305797156781436	0.997707303814983
SA597_2491	cds	16.2388387606739	-0.200226239098012	0.509432328423657	-0.393037952101654	0.694291450651622	0.997707303814983
SA597_2492	cds	5.33011979865952	0.441774020127757	0.877659265518637	0.503354818303774	0.614714831578909	0.997707303814983
SA597_2493	cds	0.493260340523167	-0.267662567773445	2.60434120361992	-0.102775537783377	0.918141120455529	0.997707303814983
SA597_2494	cds	30.0554906412028	-0.587686882057972	0.411918147110109	-1.42670791801964	0.153664102386794	0.997707303814983
SA597_2495	cds	7.85915384876615	0.138920661867138	0.73412396238187	0.189233248042209	0.849910010230368	0.997707303814983
SA597_2496	cds	0.484888007689481	1.68004477924903	2.57120539265785	0.653407457858653	0.513493632127586	0.997707303814983
SA597_2497	cds	0.915609558656912	-0.746623769601901	2.0505407819982	-0.364110665906548	0.715775372480514	0.997707303814983
SA597_2498	cds	30.8936878094171	0.454716117257616	0.385948736611458	1.17817749903762	0.238725850940878	0.997707303814983
SA597_2499	cds	7.693726382431	1.65329188795226	0.804078701737975	2.05613192387605	0.0397698018670821	0.997707303814983
SA597_2500	cds	11.3190951611342	0.0784222419401666	0.606875907904585	0.129222862398579	0.897181306298673	0.997707303814983
SA597_2501	cds	6.41353349245706	-0.0432988467933749	0.795282844404836	-0.0544445879827552	0.956580955438749	0.997707303814983
SA597_2502	cds	2.34386307203142	-0.122207263951671	1.29053078346308	-0.0946953497875761	0.924556811712594	0.997707303814983
SA597_2503	cds	2.56656511129389	0.0312405910969457	1.16428453917174	0.0268324366131066	0.978593381850089	0.997707303814983
SA597_2504	cds	2.04619809632028	1.75227200593038	1.47064091352069	1.19150228299814	0.233456460931749	0.997707303814983
SA597_2505	cds	2.4920500036313	-0.738471227766098	1.17647920353269	-0.627695946982013	0.530203140953502	0.997707303814983
SA597_2506	cds	4.49097203834039	0.51012915537771	0.982302888274709	0.519319612582721	0.603537878798458	0.997707303814983
SA597_2507	cds	0.74401928506628	-2.94862960689878	2.40034376302112	-1.22841971734398	0.219289449870944	0.997707303814983
SA597_2508	cds	0.629230109981501	2.05444783950357	2.36875940035014	0.867309630180207	0.385772381572297	0.997707303814983
SA597_2509	cds	0.27328594639824	1.01658656053455	3.68338744892139	0.275992296393431	0.782553983119246	0.997707303814983
SA597_2510	cds	0.144342102292021	-0.177667754954771	4.05235334135732	-0.0438431054719582	0.965029466902452	0.997707303814983
SA597_2511	cds	10.9187146919161	-0.0353818577330909	0.603259247300332	-0.058651165135768	0.953229956907483	0.997707303814983
SA597_2512	cds	0.196203803105439	0.378601625027328	3.87864200700591	0.0976119023986921	0.922240472896931	0.997707303814983
SA597_2513	cds	0	NA	NA	NA	NA	NA
SA597_2514	cds	0.884748276837936	-2.99386756768348	2.07913096750091	-1.43996102914194	0.149878425010477	0.997707303814983
SA597_2515	cds	0.596649549531581	-0.640725676743937	2.51268389506281	-0.254996531001335	0.798725778550007	0.997707303814983
SA597_2516	cds	0.325274052205709	-1.15184208632787	3.25280115261145	-0.354107746611911	0.723258136797051	0.997707303814983
SA597_2517	cds	0.392407606210877	1.40592556343952	2.94344743864836	0.477645887261068	0.632902264897537	0.997707303814983
SA597_2518	cds	0.408479068137465	-1.22496700569439	3.0058874635723	-0.407522577122231	0.683624215538988	0.997707303814983
SA597_2519	cds	0.144342102292021	-0.177667754954771	4.05235334135732	-0.0438431054719582	0.965029466902452	0.997707303814983
SA597_2520	cds	0	NA	NA	NA	NA	NA
SA597_2521	cds	0	NA	NA	NA	NA	NA
SA597_2522	cds	0.09109531546608	-0.0708877398542527	4.0499347609796	-0.0175034275952402	0.98603499844047	0.997707303814983
SA597_2523	cds	0	NA	NA	NA	NA	NA
SA597_2524	cds	0.493260340523167	-0.267662567773445	2.60434120361992	-0.102775537783377	0.918141120455529	0.997707303814983
SA597_2525	cds	1.38050454371116	0.976327455755418	1.64983596592327	0.591772440364428	0.554002980422683	0.997707303814983
SA597_2526	cds	0.04554765773304	-0.551291124646171	4.0621351136751	-0.135714620321284	0.892046889316486	0.997707303814983
SA597_2527	cds	0.410055324591411	-0.221326761115396	2.76227962849256	-0.0801246763117096	0.936138096981176	0.997707303814983
SA597_2528	cds	0.04554765773304	-0.551291124646171	4.0621351136751	-0.135714620321284	0.892046889316486	0.997707303814983
SA597_2529	cds	13.5271602355513	-0.613964132806948	0.544969197542472	-1.12660336689781	0.259910214971115	0.997707303814983
SA597_2530	cds	0	NA	NA	NA	NA	NA
SA597_2531	cds	0.04554765773304	-0.551291124646171	4.0621351136751	-0.135714620321284	0.892046889316486	0.997707303814983
SA597_2532	cds	0.3860935631305	1.38385188101151	2.75569489232475	0.502178918597214	0.615541670733592	0.997707303814983
SA597_2533	cds	0	NA	NA	NA	NA	NA
SA597_2534	cds	0.04554765773304	-0.551291124646171	4.0621351136751	-0.135714620321284	0.892046889316486	0.997707303814983
SA597_2535	cds	0.189889760025061	0.379107197203241	3.92795764333622	0.096515092988947	0.923111487414045	0.997707303814983
SA597_2536	cds	0.22016556456635	-1.48828503217419	3.72829227239271	-0.399186792085656	0.68975557452517	0.997707303814983
SA597_2537	cds	0.612573170777228	0.634507731884662	2.38224242352784	0.266348934775927	0.789970489213403	0.997707303814983
SA597_2538	cds	0.710130370004626	-2.59081944651772	2.35921429074637	-1.09817046153026	0.272130061979875	0.997707303814983
SA597_2539	cds	0.46961615449773	-0.0473756560987801	2.69364562616362	-0.0175879319976674	0.985967584060061	0.997707303814983
SA597_2540	cds	1.02105223891469	0.22981646654199	1.91163846803511	0.120219628546296	0.904309169210618	0.997707303814983
SA597_2541	cds	1.14966189040249	0.199897503475052	1.7675264376163	0.113094491386864	0.909955642210489	0.997707303814983
SA597_2542	cds	0.22016556456635	-1.48828503217419	3.72829227239271	-0.399186792085656	0.68975557452517	0.997707303814983
SA597_2543	cds	0.348918238231146	-1.04629747287254	3.14730877491827	-0.332441952060997	0.739555564918909	0.997707303814983
SA597_2544	cds	0.09109531546608	-0.0708877398542527	4.0499347609796	-0.0175034275952402	0.98603499844047	0.997707303814983
SA597_2545	cds	0.808776973882666	1.16136060356462	2.17735064727138	0.533382441188339	0.593768869723978	0.997707303814983
SA597_2546	cds	7.06578907682042	-0.622392626122346	0.758134474834877	-0.820952808217703	0.41167314941918	0.997707303814983
SA597_2547	cds	5.0664391236833	0.249934524976761	0.893245972715251	0.27980481593107	0.779627256653439	0.997707303814983
SA597_2548	cds	0.636217356802665	0.476116198894378	2.36068503994166	0.20168560855799	0.84016251410999	0.997707303814983
SA597_2549	cds	0.09109531546608	-0.0708877398542527	4.0499347609796	-0.0175034275952402	0.98603499844047	0.997707303814983
SA597_2550	cds	1.06865818640104	-0.813921841479013	1.83893238726116	-0.442605637443386	0.658051006433202	0.997707303814983
SA597_2551	cds	1.04627268139408	0.405857818996304	1.80450055130758	0.224914211692654	0.822046013197592	0.997707303814983
SA597_2552	cds	1.13038075003899	1.74403310944089	1.87673913499793	0.929289040185549	0.35273931351218	0.997707303814983
SA597_2553	cds	0	NA	NA	NA	NA	NA
SA597_2554	cds	0.47718887859658	1.72557251766894	2.54063896054642	0.679188402785816	0.497018494525534	0.997707303814983
SA597_2555	cds	0	NA	NA	NA	NA	NA
SA597_2556	cds	0	NA	NA	NA	NA	NA
SA597_2557	cds	23.7980241291425	0.142572620322521	0.467405921093228	0.305029555443059	0.76034364232169	0.997707303814983
SA597_2558	cds	0.698154051897766	-2.17770244834848	2.30130074150318	-0.946291985690682	0.343999679916021	0.997707303814983
SA597_2559	cds	0.04554765773304	-0.551291124646171	4.0621351136751	-0.135714620321284	0.892046889316486	0.997707303814983
SA597_2560	cds	1.64273106048423	-0.293998539247742	1.53486083548369	-0.191547358855562	0.848096780359001	0.997707303814983
SA597_2561	cds	1.9399573326565	0.327029356713923	1.36552133153756	0.239490478223208	0.810725278952429	0.997707303814983
SA597_2562	cds	0.34054590539746	1.17619438748644	2.91420507725232	0.40360728099322	0.68650153070125	0.997707303814983
SA597_2563	cds	1.47665522123914	0.330933604251997	1.55610260675306	0.212668241037471	0.831585740061175	0.997707303814983
SA597_2564	cds	2.05849198986261	1.55412431317821	1.4666636944773	1.05963236086789	0.289311885393929	0.997707303814983
SA597_2565	cds	0.150656145372399	-0.177667927559659	4.05235334539408	-0.0438431480220245	0.965029432985025	0.997707303814983
SA597_2566	cds	2.25423672068441	-0.204542316950837	1.2563512825609	-0.162806628838636	0.87067068885063	0.997707303814983
SA597_2567	cds	2.24850815488172	0.971311620974521	1.35494200077272	0.716865829253637	0.473456888164496	0.997707303814983
SA597_2568	cds	0	NA	NA	NA	NA	NA
SA597_2569	cds	0	NA	NA	NA	NA	NA
SA597_2570	cds	0.779300778076214	-0.595523783212035	2.13690458938296	-0.278685246955267	0.780486385367575	0.997707303814983
SA597_2571	cds	0.196203803105439	0.378601625027328	3.87864200700591	0.0976119023986921	0.922240472896931	0.997707303814983
SA597_2572	cds	5.38955144215738	-0.365566458160299	0.809804131249518	-0.451425775756705	0.651682709449598	0.997707303814983
SA597_2573	cds	2.08577224742414	-1.26979753803408	1.3173670694696	-0.96389045047659	0.335100852055577	0.997707303814983
SA597_2574	cds	1.08785160030144	1.17069131908435	1.93027570120695	0.606489175796157	0.544189967925061	0.997707303814983
SA597_2575	cds	0.847819418093905	0.930859067240353	2.21197690417971	0.420826757043176	0.67388159163888	0.997707303814983
SA597_2576	cds	0.445654393036818	1.54353646858611	2.86519951166491	0.538718669433667	0.590080989657604	0.997707303814983
SA597_2577	cds	1.13610931584168	-0.314157267296424	1.77802469085542	-0.176688922776028	0.859752742321749	0.997707303814983
SA597_2578	cds	0.7255933936378	0.352171605852938	2.44148947269936	0.144244572745821	0.885307344989081	0.997707303814983
SA597_2579	cds	1.1829156545932	0.71637303692673	1.74698751074977	0.410061910871519	0.681760532576314	0.997707303814983
SA597_2580	cds	0	NA	NA	NA	NA	NA
SA597_2581	cds	0.46961615449773	-0.0473756560987801	2.69364562616362	-0.0175879319976674	0.985967584060061	0.997707303814983
SA597_2582	cds	0	NA	NA	NA	NA	NA
SA597_2583	cds	0	NA	NA	NA	NA	NA
SA597_2584	cds	0	NA	NA	NA	NA	NA
SA597_2585	cds	0.04554765773304	-0.551291124646171	4.0621351136751	-0.135714620321284	0.892046889316486	0.997707303814983
SA597_2586	cds	0	NA	NA	NA	NA	NA
SA597_2587	cds	0	NA	NA	NA	NA	NA
SA597_2588	cds	1.14966189040249	0.199897503475052	1.7675264376163	0.113094491386864	0.909955642210489	0.997707303814983
SA597_2589	cds	1.39959451363323	-0.803440031134075	1.62358400321707	-0.494855843333076	0.620701882075706	0.997707303814983
SA597_2590	cds	1.07004327241356	-0.979403826919353	1.85667250177574	-0.527504891671871	0.597843020381958	0.997707303814983
SA597_2591	cds	0.09109531546608	-0.0708877398542527	4.0499347609796	-0.0175034275952402	0.98603499844047	0.997707303814983
SA597_2592	cds	0	NA	NA	NA	NA	NA
SA597_2593	cds	0.39478347139966	-2.08563102466699	3.00345634994772	-0.69441029988776	0.487424936230066	0.997707303814983
SA597_2594	cds	1.75764029673028	0.740655024929204	1.45182790172103	0.510153458306742	0.609943955605326	0.997707303814983
SA597_2595	cds	2.17610663268633	1.29793197945294	1.56186106074913	0.831016286961147	0.405964428596349	0.997707303814983
SA597_2596	cds	0.3860935631305	1.38385188101151	2.75569489232475	0.502178918597214	0.615541670733592	0.997707303814983
SA597_2597	cds	0.34923581366662	-2.93108830103	3.38147793768447	-0.866806868193592	0.386047838289929	0.997707303814983
SA597_2598	cds	2.52231668292539	-0.751212761865509	1.24304321888059	-0.604333582658537	0.545621883311656	0.997707303814983
SA597_2599	cds	0.95450416218721	1.39472508527148	2.01344624046744	0.692705400938681	0.488494448989921	0.997707303814983
SA597_2600	cds	0	NA	NA	NA	NA	NA
SA597_2601	cds	0	NA	NA	NA	NA	NA
SA597_2602	cds	0	NA	NA	NA	NA	NA