"tag"	"moltype"	"baseMean"	"log2FoldChange"	"lfcSE"	"stat"	"pvalue"	"padj"
SA597_0001	cds	2.34814883027601	-0.36340058684332	1.25063577922164	-0.290572677418114	0.771378159091025	0.97511068578006
SA597_0002	cds	2.63798621290563	-0.185063302595512	1.24444892567525	-0.148711046935971	0.881781643976956	0.985168286643959
SA597_0003	cds	1.23729877050372	-0.579231443175129	1.82074424859108	-0.318128942943716	0.750387129909001	NA
SA597_0004	cds	2.91661337047314	1.74900475508154	1.19417006313006	1.46461949523102	0.143024760071496	0.737298181763915
SA597_0005	cds	12.9736918583565	0.908117902297033	0.612198557849602	1.48337151509613	0.137975731178514	0.731906372628074
SA597_0006	cds	29.4270162676189	0.223592869177064	0.36256588216826	0.616695834257507	0.537435369427432	0.964166105872218
SA597_0007	cds	4.21873563317153	-0.722753529011884	0.954582948959381	-0.757140623347378	0.448965618576035	0.947926217855059
SA597_0008	cds	0.578183143099741	-2.78528266965011	2.59689983493925	-1.07254143274081	0.283476914545198	NA
SA597_0009	cds	5.88149031119752	-1.7162669452649	0.889114147703846	-1.93031114137279	0.0535682974027928	0.517314073124624
SA597_0010	cds	0.896771261267947	-0.00905230426381674	2.08758357008816	-0.00433625958429749	0.996540176268655	NA
SA597_0011	cds	0.200766399833989	-0.00898487287243682	3.96546975350417	-0.00226577768358897	0.998192172514875	NA
SA597_0012	cds	0.765549557753908	-1.4102448867618	2.23737353658893	-0.630312669609848	0.528490035300979	NA
SA597_0013	cds	1.81717260750526	0.1312024361037	1.42928176223545	0.0917960611898482	0.926860073565433	NA
SA597_0014	cds	10.7502086283571	0.799247194141555	0.617236907371677	1.29487913732333	0.195361926491653	0.806929696378568
SA597_0015	cds	1.45508667544093	0.515924943138355	1.612866598699	0.319880728855393	0.749058747087978	NA
SA597_0016	cds	11.6013571307697	-0.231415647220064	0.564262185363221	-0.410120779352066	0.681717350435445	0.964166105872218
SA597_0017	cds	1.22461753635999	-0.251905344077214	1.85287874562532	-0.13595349651021	0.89185804393761	NA
SA597_0018	cds	0.93432124234117	-0.725321082109577	2.06947912534224	-0.35048485062135	0.725974857504595	NA
SA597_0019	cds	11.5644919612414	0.00680268313903876	0.569630544237937	0.0119422724217493	0.990471671699305	0.992418444366647
SA597_0020	cds	6.75597551149468	-0.389678727338042	0.762780382036435	-0.510866215905679	0.609444739103035	0.964166105872218
SA597_0021	cds	0.720860513580416	-0.41103840044254	2.29748629284546	-0.17890787932992	0.858010035798966	NA
SA597_0022	cds	1.63155167095222	-0.808253980401627	1.55872138382897	-0.518536531792596	0.604083978371616	NA
SA597_0023	cds	1.91389634898968	-2.57250814544376	1.53277734265025	-1.67833127086532	0.0932824466244837	NA
SA597_0024	cds	0.403997028805193	-2.27672766698602	2.99225294327641	-0.760874067181325	0.446732289316471	NA
SA597_0025	cds	0.272741385799978	-0.973481976085173	3.50715202286095	-0.277570510128916	0.781342072377809	NA
SA597_0026	cds	2.0912242271103	0.0188158361341408	1.43275789811829	0.013132599833407	0.989522002532205	0.992418444366647
SA597_0027	cds	0.446927500094526	-1.59553044557342	2.69570011098145	-0.591879801122435	0.553931080563798	NA
SA597_0028	cds	0.0429304712893331	0.533366996243296	4.04698303010695	0.131793731843052	0.89514744456904	NA
SA597_0029	cds	0.286627342412655	0.496083117404997	3.45511710598189	0.143579248456187	0.885832728180969	NA
SA597_0030	cds	0.0429304712893331	0.533366996243296	4.04698303010695	0.131793731843052	0.89514744456904	NA
SA597_0031	cds	0.217116585583881	-0.492636613951927	3.83761921030365	-0.128370374170851	0.897855875139924	NA
SA597_0032	cds	0.453586807097466	0.868668430171733	2.73763183732589	0.31730651957213	0.751011030880775	NA
SA597_0033	cds	0	NA	NA	NA	NA	NA
SA597_0034	cds	0.344682432274792	1.55557122315285	3.23193142835006	0.481313189230313	0.630293924553744	NA
SA597_0035	cds	0	NA	NA	NA	NA	NA
SA597_0036	cds	0	NA	NA	NA	NA	NA
SA597_0037	cds	0.475938075280007	0.125815301690742	2.93401806082656	0.0428815702843008	0.965795940018248	NA
SA597_0038	cds	5.41002240648618	0.670035476812829	0.874334875814972	0.76633735579664	0.443475596501556	0.947926217855059
SA597_0039	cds	0	NA	NA	NA	NA	NA
SA597_0040	cds	0.0858609425786661	0.917705217467736	4.04010252673348	0.227148992233552	0.820307889253335	NA
SA597_0041	cds	0	NA	NA	NA	NA	NA
SA597_0042	cds	0.0858609425786661	0.917705217467736	4.04010252673348	0.227148992233552	0.820307889253335	NA
SA597_0043	cds	0.114905457255323	-1.06803554532648	4.05863953808327	-0.2631511212821	0.792434102912824	NA
SA597_0044	cds	0.0429304712893331	0.533366996243296	4.04698303010695	0.131793731843052	0.89514744456904	NA
SA597_0045	cds	0	NA	NA	NA	NA	NA
SA597_0046	cds	0	NA	NA	NA	NA	NA
SA597_0047	cds	0	NA	NA	NA	NA	NA
SA597_0048	cds	0	NA	NA	NA	NA	NA
SA597_0049	cds	0	NA	NA	NA	NA	NA
SA597_0050	cds	0.689364864549584	2.66837210046501	2.51427520861637	1.06128879261926	0.288558677434226	NA
SA597_0051	cds	0.344682432274792	1.55557122315285	3.23193142835006	0.481313189230313	0.630293924553744	NA
SA597_0052	cds	0.114905457255323	-1.06803554532648	4.05863953808327	-0.2631511212821	0.792434102912824	NA
SA597_0053	cds	0.0429304712893331	0.533366996243296	4.04698303010695	0.131793731843052	0.89514744456904	NA
SA597_0054	cds	0	NA	NA	NA	NA	NA
SA597_0055	cds	0.272741385799978	-0.973481976085173	3.50715202286095	-0.277570510128916	0.781342072377809	NA
SA597_0056	cds	0	NA	NA	NA	NA	NA
SA597_0057	cds	0.575718913962525	-0.643816770255323	2.47414955303059	-0.260217402568373	0.79469608122714	NA
SA597_0058	cds	0.0858609425786661	0.917705217467736	4.04010252673348	0.227148992233552	0.820307889253335	NA
SA597_0059	cds	0.28909157154987	-1.86405930126458	3.41831633620067	-0.545315037559224	0.585536863494469	NA
SA597_0060	cds	0.174186114294548	-1.16802017323135	4.05506583760622	-0.288039755704893	0.77331630698403	NA
SA597_0061	cds	0	NA	NA	NA	NA	NA
SA597_0062	cds	1.24888653578109	-1.21274798761835	1.75230113792273	-0.692088797622996	0.488881566256044	NA
SA597_0063	cds	0.286627342412655	0.496083117404997	3.45511710598189	0.143579248456187	0.885832728180969	NA
SA597_0064	cds	0.973113578237096	3.27024185516345	2.19661691396189	1.48876294012739	0.136549804443564	NA
SA597_0065	cds	1.03527286400146	2.07454427583193	2.07077840643688	1.00181857671653	0.316431223461815	NA
SA597_0066	cds	0.881160671262287	-1.69929151744731	2.10072914363264	-0.808905575760637	0.418569461475167	NA
SA597_0067	cds	0	NA	NA	NA	NA	NA
SA597_0068	cds	0	NA	NA	NA	NA	NA
SA597_0069	cds	0	NA	NA	NA	NA	NA
SA597_0070	cds	0.969971814411024	-1.12040535053704	1.96327579062537	-0.570681590374094	0.568215500182699	NA
SA597_0071	cds	9.48187249652827	-0.469810299838436	0.622688326498519	-0.754487084221183	0.450556797970968	0.947926217855059
SA597_0072	cds	0.798269239372258	1.74776993996422	2.16388312904379	0.807700710128716	0.419262894716602	NA
SA597_0073	cds	0.87750481443916	-1.74565942216709	2.11946539872482	-0.823631951348379	0.410148715428338	NA
SA597_0074	cds	0.0429304712893331	0.533366996243296	4.04698303010695	0.131793731843052	0.89514744456904	NA
SA597_0075	cds	0.841180400543025	-1.91755206508506	2.05790018271687	-0.931800327921385	0.351439725148037	NA
SA597_0076	cds	0.157835928544656	-0.393885238057851	4.04188960362838	-0.0974507660239564	0.922368431080567	NA
SA597_0077	cds	0.200766399833989	-0.00898487287243682	3.96546975350417	-0.00226577768358897	0.998192172514875	NA
SA597_0078	cds	0.0429304712893331	0.533366996243296	4.04698303010695	0.131793731843052	0.89514744456904	NA
SA597_0079	cds	0	NA	NA	NA	NA	NA
SA597_0080	cds	0	NA	NA	NA	NA	NA
SA597_0081	cds	0.51886854656934	0.502698377336711	2.65209116654631	0.189547924927238	0.849663397158722	NA
SA597_0082	cds	0.410656335808133	0.597338615288422	2.85283762093763	0.209384022036311	0.83414846489473	NA
SA597_0083	cds	0	NA	NA	NA	NA	NA
SA597_0084	cds	0.587792650672751	0.495180895162749	2.57128208090598	0.192581319194771	0.847286876176906	NA
SA597_0085	cds	0.174186114294548	-1.16802017323135	4.05506583760622	-0.288039755704893	0.77331630698403	NA
SA597_0086	cds	0.0429304712893331	0.533366996243296	4.04698303010695	0.131793731843052	0.89514744456904	NA
SA597_0087	cds	0.114905457255323	-1.06803554532648	4.05863953808327	-0.2631511212821	0.792434102912824	NA
SA597_0088	cds	10.3851469351954	0.820573832877799	0.625427044431752	1.31202166612951	0.18951282433797	0.806929696378568
SA597_0089	cds	0	NA	NA	NA	NA	NA
SA597_0090	cds	0	NA	NA	NA	NA	NA
SA597_0091	cds	0	NA	NA	NA	NA	NA
SA597_0092	cds	0	NA	NA	NA	NA	NA
SA597_0093	cds	0	NA	NA	NA	NA	NA
SA597_0094	cds	2.01921782412608	0.354268504535526	1.37838374624839	0.257017325907792	0.797165398104738	NA
SA597_0095	cds	1.83968263663365	0.0576301210987216	1.51314991937992	0.0380861938137222	0.969618959064924	NA
SA597_0096	cds	0.174186114294548	-1.16802017323135	4.05506583760622	-0.288039755704893	0.77331630698403	NA
SA597_0097	cds	1.86142892985564	-0.355087605703445	1.58316700119936	-0.224289418257481	0.822532109489441	NA
SA597_0098	cds	0.388838470741213	0.612229912166788	3.08712215183183	0.198317359034045	0.84279677086846	NA
SA597_0099	cds	5.51447163216601	0.0918029573589696	0.929637253712734	0.0987513753265932	0.921335676568242	0.985168286643959
SA597_0100	cds	8.12880026757684	0.64873689065988	0.722766080117414	0.897575174743246	0.369412078990414	0.90082186683426
SA597_0101	cds	0.0429304712893331	0.533366996243296	4.04698303010695	0.131793731843052	0.89514744456904	NA
SA597_0102	cds	0.157835928544656	-0.393885238057851	4.04188960362838	-0.0974507660239564	0.922368431080567	NA
SA597_0103	cds	0.0429304712893331	0.533366996243296	4.04698303010695	0.131793731843052	0.89514744456904	NA
SA597_0104	cds	0	NA	NA	NA	NA	NA
SA597_0105	cds	0.0429304712893331	0.533366996243296	4.04698303010695	0.131793731843052	0.89514744456904	NA
SA597_0106	cds	0.988080573045075	-3.46042269101224	2.0593483844488	-1.68034836511572	0.0928895560610065	NA
SA597_0107	cds	0	NA	NA	NA	NA	NA
SA597_0108	cds	3.22813718397095	-0.177107468506248	1.09888029363798	-0.161170847754409	0.871958841040775	0.985168286643959
SA597_0109	cds	1.23548655060127	-0.8361094307102	1.69528418350036	-0.493197210737749	0.621873248534879	NA
SA597_0110	cds	2.12380559508239	0.223526231582361	1.42753269212144	0.15658221546589	0.875574119636923	0.985168286643959
SA597_0111	cds	1.05107033651717	-1.46993516191222	1.86663122373524	-0.787480217421192	0.431000804489733	NA
SA597_0112	cds	3.43181516413787	-2.61334274495728	1.1699288010346	-2.23376221069712	0.0254987232228319	0.385378430526892
SA597_0113	cds	1.96422572302618	-2.29617750472308	1.46411699224695	-1.56830193002486	0.116810685731719	NA
SA597_0114	cds	1.15931648676955	-3.77591749889676	1.93119367782121	-1.95522465833503	0.0505565593356933	NA
SA597_0115	cds	2.80190789051091	0.0760811516757532	1.17250860996443	0.0648874993575195	0.948263573686096	0.992418444366647
SA597_0116	cds	1.3208275822559	-0.106009067305541	1.68478937581597	-0.0629212581864718	0.949829206799112	NA
SA597_0117	cds	0.509158357703822	-1.58325783638875	2.62997114540734	-0.602005782137026	0.547170288530822	NA
SA597_0118	cds	0.932509022438719	-1.24552399933946	2.0224021927557	-0.61586365155307	0.537984513196735	NA
SA597_0119	cds	1.16226668733962	-3.71639830205318	1.93831245104406	-1.91733706299589	0.0551951242521803	NA
SA597_0120	cds	1.84016279013953	-1.01834206736698	1.55211757674747	-0.65609853442995	0.5117607273582	NA
SA597_0121	cds	0.844130601113095	-1.83099491691209	2.21110839159205	-0.828089171871728	0.407620001306582	NA
SA597_0122	cds	1.04194680037701	-1.55066648484581	1.88577947654404	-0.822294708439411	0.410909187619745	NA
SA597_0123	cds	1.78462517902435	-1.14125057450148	1.43280295385325	-0.796516067636728	0.425732140213072	NA
SA597_0124	cds	2.09412370054358	-1.2340814449345	1.41341416466498	-0.873120898167178	0.382597184209172	0.903719903713668
SA597_0125	cds	0.0429304712893331	0.533366996243296	4.04698303010695	0.131793731843052	0.89514744456904	NA
SA597_0126	cds	0.854013043116049	0.298290762537778	2.42271882193087	0.12312232019564	0.902010236790635	NA
SA597_0127	cds	2.71290518410617	-1.80595607408765	1.22598447085218	-1.47306602736357	0.14073323281822	0.736910234835561
SA597_0128	cds	0.292041772119941	-1.17112321432212	3.74159268945205	-0.313001256824036	0.754279707287529	NA
SA597_0129	cds	0	NA	NA	NA	NA	NA
SA597_0130	cds	0	NA	NA	NA	NA	NA
SA597_0131	cds	0.552088828993155	-1.15624533331527	2.56249757790202	-0.451218117545274	0.651832353041083	NA
SA597_0132	cds	0.387612903564125	1.81347009834924	3.07236196665986	0.590252749522469	0.555021212190291	NA
SA597_0133	cds	1.39390913187128	-0.245097938403337	1.66229057982683	-0.147445904691868	0.88278007473592	NA
SA597_0134	cds	0.0429304712893331	0.533366996243296	4.04698303010695	0.131793731843052	0.89514744456904	NA
SA597_0135	cds	0.473507785633967	-0.743028811046817	2.84887795907156	-0.260814545839291	0.794235526626659	NA
SA597_0136	cds	0.374952514128536	-0.778597107229497	2.89698913863416	-0.268760796112816	0.788113763796406	NA
SA597_0137	cds	4.39204753093816	0.269406756292772	0.943635785029968	0.285498664385874	0.775262127510134	0.97511068578006
SA597_0138	cds	0.636758143885909	-2.86431872688816	2.53706671044238	-1.12898833723955	0.258902753614119	NA
SA597_0139	cds	1.52457812215114	-1.28828828003189	1.55319427651549	-0.8294443905125	0.4068529915564	NA
SA597_0140	cds	0	NA	NA	NA	NA	NA
SA597_0141	cds	0.301751960985459	1.21893634485722	3.71101045461231	0.328464810262726	0.742560246988339	NA
SA597_0142	cds	0	NA	NA	NA	NA	NA
SA597_0143	cds	0.344682432274792	1.55557122315285	3.23193142835006	0.481313189230313	0.630293924553744	NA
SA597_0144	cds	0.157835928544656	-0.393885238057851	4.04188960362838	-0.0974507660239564	0.922368431080567	NA
SA597_0145	cds	0.475938075280007	0.125815301690742	2.93401806082656	0.0428815702843008	0.965795940018248	NA
SA597_0146	cds	1.66551001453069	0.466315131246892	1.53917728300291	0.302963886224411	0.761917383551549	NA
SA597_0147	cds	0	NA	NA	NA	NA	NA
SA597_0148	cds	2.22241451360611	0.675598990121957	1.29761717886422	0.520645843108593	0.602613507728886	0.964166105872218
SA597_0149	cds	0.857530586292917	-2.46690306429941	2.18374796540772	-1.12966473392401	0.258617522677554	NA
SA597_0150	cds	1.20154130180583	-3.0115250547304	1.92529749033479	-1.56418686974277	0.117773689837103	NA
SA597_0151	cds	0.640433310827602	2.58107455702157	2.4247716581171	1.064460873411	0.287119970108237	NA
SA597_0152	cds	0.28909157154987	-1.86405930126458	3.41831633620067	-0.545315037559224	0.585536863494469	NA
SA597_0153	cds	0.174186114294548	-1.16802017323135	4.05506583760622	-0.288039755704893	0.77331630698403	NA
SA597_0154	cds	2.22651732421641	-1.86710665746563	1.40499772992989	-1.32890368268339	0.183879748704998	0.806929696378568
SA597_0155	cds	0.338681349842143	1.8176737421668	3.22336777765085	0.563905166133878	0.572818674000172	NA
SA597_0156	cds	0.214652356446665	1.58210620426765	4.03153379525892	0.392432826962335	0.694738434906429	NA
SA597_0157	cds	0.114905457255323	-1.06803554532648	4.05863953808327	-0.2631511212821	0.792434102912824	NA
SA597_0158	cds	0.0429304712893331	0.533366996243296	4.04698303010695	0.131793731843052	0.89514744456904	NA
SA597_0159	cds	0.174186114294548	-1.16802017323135	4.05506583760622	-0.288039755704893	0.77331630698403	NA
SA597_0160	cds	0.631309774687447	1.46398712606186	2.43398195899493	0.601478215831309	0.547521516844659	NA
SA597_0161	cds	0.252820407263477	1.23517353768356	3.97012217876418	0.311117260897004	0.755711479573365	NA
SA597_0162	cds	1.32732085145693	3.83969691469186	1.90523306139916	2.01534237069772	0.0438687882576088	NA
SA597_0163	cds	0.338681349842143	1.8176737421668	3.22336777765085	0.563905166133878	0.572818674000172	NA
SA597_0164	cds	1.04441102951423	-3.60536566779367	2.00608824697091	-1.79721189894692	0.0723019862380158	NA
SA597_0165	cds	0.581133343669811	-2.68363074579689	2.48057710946949	-1.08185741759539	0.279315888652415	NA
SA597_0166	cds	1.4029794184017	-0.941922637269503	1.64470193326881	-0.572701118796311	0.56684707981228	NA
SA597_0167	cds	0.174186114294548	-1.16802017323135	4.05506583760622	-0.288039755704893	0.77331630698403	NA
SA597_0168	cds	0.618649385251858	-0.445572811119543	2.41602578544175	-0.184423864101299	0.8536809500509	NA
SA597_0169	cds	1.38604257992644	-1.5621357931932	1.68077913347699	-0.929411700847121	0.352675766226484	NA
SA597_0170	cds	1.52747507311146	-2.40034184666483	1.80262261026366	-1.33158312394281	0.18299721349325	NA
SA597_0171	cds	0.0429304712893331	0.533366996243296	4.04698303010695	0.131793731843052	0.89514744456904	NA
SA597_0172	cds	1.60624398686408	-3.49609200194092	1.65599300493075	-2.11117558560407	0.0347572225074596	NA
SA597_0173	cds	0.114905457255323	-1.06803554532648	4.05863953808327	-0.2631511212821	0.792434102912824	NA
SA597_0174	cds	0	NA	NA	NA	NA	NA
SA597_0175	cds	0	NA	NA	NA	NA	NA
SA597_0176	cds	95.125083900655	-0.529152052007777	0.200531136422256	-2.63875257203724	0.0083211689129624	0.230565721963333
SA597_0177	cds	44.5541196587651	-0.816864142679385	0.306763984727908	-2.66284239137108	0.0077483696573495	0.224028948788584
SA597_0178	cds	0	NA	NA	NA	NA	NA
SA597_0179	cds	1.31416827525296	-1.54075755071347	1.76286132645499	-0.87400950238771	0.382113078882503	NA
SA597_0180	cds	0.0429304712893331	0.533366996243296	4.04698303010695	0.131793731843052	0.89514744456904	NA
SA597_0181	cds	0.532788442673192	-0.881475650555334	2.53963099242806	-0.347088082159756	0.728525146674498	NA
SA597_0182	cds	0.348372228589095	-2.04335432326204	3.46520987824492	-0.5896769301307	0.555407264716243	NA
SA597_0183	cds	0	NA	NA	NA	NA	NA
SA597_0184	cds	0.174186114294548	-1.16802017323135	4.05506583760622	-0.288039755704893	0.77331630698403	NA
SA597_0185	cds	0.29575087855281	1.56501802603439	3.41354159963767	0.458473400822333	0.646612368153255	NA
SA597_0186	cds	0.463763657277273	0.441811536363649	2.92894915664529	0.15084302005081	0.880099549417796	NA
SA597_0187	cds	0.334972243409274	-0.488262715672907	3.28441843750229	-0.148660326010171	0.881821668546081	NA
SA597_0188	cds	0.28909157154987	-1.86405930126458	3.41831633620067	-0.545315037559224	0.585536863494469	NA
SA597_0189	cds	0	NA	NA	NA	NA	NA
SA597_0190	cds	1.11635207598904	-2.00818891207179	2.06509292901412	-0.972444815367463	0.330829305981956	NA
SA597_0191	cds	1.26754800764933	-0.0947861608402107	1.78467882433911	-0.0531110469556398	0.957643429679267	NA
SA597_0192	cds	0.374952514128536	-0.778597107229497	2.89698913863416	-0.268760796112816	0.788113763796406	NA
SA597_0193	cds	0	NA	NA	NA	NA	NA
SA597_0194	cds	0.332022042839203	-1.18469990688433	3.01820684669062	-0.392517798501224	0.694675663065794	NA
SA597_0195	cds	6.17061428764899	-1.29944013430495	0.814383176769126	-1.59561269359734	0.110575291731905	0.668477900015608
SA597_0196	cds	28.8786962680119	-0.422719278229044	0.391980789907378	-1.07841835394262	0.28084709983331	0.85770418217198
SA597_0197	cds	0	NA	NA	NA	NA	NA
SA597_0198	cds	1.17199618632371	1.47288083184412	1.91712845464139	0.768274461879828	0.442324143581303	NA
SA597_0199	cds	0.332022042839203	-1.18469990688433	3.01820684669062	-0.392517798501224	0.694675663065794	NA
SA597_0200	cds	0	NA	NA	NA	NA	NA
SA597_0201	cds	0	NA	NA	NA	NA	NA
SA597_0202	cds	0	NA	NA	NA	NA	NA
SA597_0203	cds	0.157835928544656	-0.393885238057851	4.04188960362838	-0.0974507660239564	0.922368431080567	NA
SA597_0204	cds	0.174186114294548	-1.16802017323135	4.05506583760622	-0.288039755704893	0.77331630698403	NA
SA597_0205	cds	0	NA	NA	NA	NA	NA
SA597_0206	cds	0.0429304712893331	0.533366996243296	4.04698303010695	0.131793731843052	0.89514744456904	NA
SA597_0207	cds	1.33103837192688	-1.95747888046627	1.72461895231797	-1.13502108847599	0.256366482583944	NA
SA597_0208	cds	0.791609932369318	-0.394707691127302	2.12370309938837	-0.18585822624687	0.852555941975462	NA
SA597_0209	cds	1.06852708591645	-1.07661197467702	1.88124101296836	-0.572288168956229	0.567126763622799	NA
SA597_0210	cds	1.1962651857448	0.19322144254322	1.77610220569804	0.108789596636575	0.913369375522923	NA
SA597_0211	cds	1.81593394554514	0.355493085320398	1.43899549314092	0.247042528635345	0.804875310784168	NA
SA597_0212	cds	1.92255943915107	1.17949402321315	1.4331693872727	0.822996942083525	0.410509732371776	NA
SA597_0213	cds	7.09470323149905	0.370305261712893	0.747963250540569	0.495084833974484	0.620540238790675	0.964166105872218
SA597_0214	cds	9.1561521596341	-0.295954869078808	0.63265101772078	-0.467801142792798	0.639926803312007	0.964166105872218
SA597_0215	cds	0.532788442673192	-0.881475650555334	2.53963099242806	-0.347088082159756	0.728525146674498	NA
SA597_0216	cds	6.11306388886345	-1.1453843212938	0.86524530736917	-1.32376831349298	0.185580002666972	0.806929696378568
SA597_0217	cds	0.630723121962084	0.785360807846618	2.49126501364486	0.315245790209044	0.752575041082469	NA
SA597_0218	cds	5.10903446994658	-2.08935229274859	0.927610363174781	-2.25240292227623	0.0242968212295074	0.377704230239135
SA597_0219	cds	24.0527781801686	-1.6240908155554	0.416780163112525	-3.89675651409762	9.74895432643721e-05	0.00810381828385093
SA597_0220	cds	0.0858609425786661	0.917705217467736	4.04010252673348	0.227148992233552	0.820307889253335	NA
SA597_0221	cds	0.467472763710142	2.30175764253636	2.83890944526154	0.810789384768244	0.417486631543915	NA
SA597_0222	cds	0.971216691706678	1.22866506384567	1.97142272837443	0.623237749145152	0.533128298572572	NA
SA597_0223	cds	0	NA	NA	NA	NA	NA
SA597_0224	cds	1.72113481474679	0.264572138542805	1.47884114281676	0.178905043200835	0.858012262775855	NA
SA597_0225	cds	1.27789711096657	-0.261055096381241	1.73036019631073	-0.150867488132142	0.880080247596505	NA
SA597_0226	cds	0.0429304712893331	0.533366996243296	4.04698303010695	0.131793731843052	0.89514744456904	NA
SA597_0227	cds	0.988080573045075	-3.46042269101224	2.0593483844488	-1.68034836511572	0.0928895560610065	NA
SA597_0228	cds	0	NA	NA	NA	NA	NA
SA597_0229	cds	0.0858609425786661	0.917705217467736	4.04010252673348	0.227148992233552	0.820307889253335	NA
SA597_0230	cds	0.114905457255323	-1.06803554532648	4.05863953808327	-0.2631511212821	0.792434102912824	NA
SA597_0231	cds	1.39946187522483	0.778696945217852	1.66812362097588	0.466810094543413	0.640635753002397	NA
SA597_0232	cds	0.157835928544656	-0.393885238057851	4.04188960362838	-0.0974507660239564	0.922368431080567	NA
SA597_0233	cds	0.406947229375263	-2.05980984076422	3.0258488010212	-0.680737861081839	0.496037374967699	NA
SA597_0234	cds	0	NA	NA	NA	NA	NA
SA597_0235	cds	0.489857971383859	-1.18132972856564	2.61466640735999	-0.45180896700257	0.651406609284076	NA
SA597_0236	cds	0	NA	NA	NA	NA	NA
SA597_0237	cds	0	NA	NA	NA	NA	NA
SA597_0238	cds	1.20823341111892	2.23725543395216	2.02162295429639	1.10666305464998	0.268439634402012	NA
SA597_0239	cds	35.2919506733482	-0.85090518730297	0.331583550176259	-2.56618637097847	0.0102823564509572	0.262991039995637
SA597_0240	cds	4.9244836350788	-1.73164266239587	0.925111072269095	-1.87182135670318	0.0612313225794433	0.52976334540807
SA597_0241	cds	0.841180400543025	-1.91755206508506	2.05790018271687	-0.931800327921385	0.351439725148037	NA
SA597_0242	cds	0.80796011811921	-0.842127289989526	2.13923354105237	-0.393658417292416	0.693833245624703	NA
SA597_0243	cds	0.924091142551621	-1.448427882351	2.06627389770753	-0.700985423064187	0.483312112293064	NA
SA597_0244	cds	7.07966587566433	-1.21931732398145	0.726834039319713	-1.67757322582565	0.0934304432717545	0.617748639952602
SA597_0245	cds	0.260047056873214	-0.0995831982621674	3.58498699094132	-0.0277778408997851	0.977839339542392	NA
SA597_0246	cds	1.50746903053845	-2.10193584481018	1.77580875357413	-1.18364989505748	0.236551680664796	NA
SA597_0247	cds	0.174186114294548	-1.16802017323135	4.05506583760622	-0.288039755704893	0.77331630698403	NA
SA597_0248	cds	1.31412084357019	0.054371642837464	1.72868812771047	0.0314525459890071	0.974908636217122	NA
SA597_0249	cds	6.29337067959317	-0.772054246991224	0.777679599376938	-0.992766490994209	0.320823763374353	0.875787356452408
SA597_0250	cds	3.12463414407252	-0.440561857242522	1.06401182782672	-0.414057293087037	0.6788321484286	0.964166105872218
SA597_0251	cds	0.0429304712893331	0.533366996243296	4.04698303010695	0.131793731843052	0.89514744456904	NA
SA597_0252	cds	0.0858609425786661	0.917705217467736	4.04010252673348	0.227148992233552	0.820307889253335	NA
SA597_0253	cds	0.29575087855281	1.56501802603439	3.41354159963767	0.458473400822333	0.646612368153255	NA
SA597_0254	cds	0	NA	NA	NA	NA	NA
SA597_0255	cds	0.157835928544656	-0.393885238057851	4.04188960362838	-0.0974507660239564	0.922368431080567	NA
SA597_0256	cds	0.555797935426024	0.99910883350093	2.55250551048162	0.391422791997191	0.69548474794553	NA
SA597_0257	cds	0.0858609425786661	0.917705217467736	4.04010252673348	0.227148992233552	0.820307889253335	NA
SA597_0258	cds	0.718409379226241	1.45725673181101	2.59146388895801	0.562329553585621	0.573891506248424	NA
SA597_0259	cds	0.374952514128536	-0.778597107229497	2.89698913863416	-0.268760796112816	0.788113763796406	NA
SA597_0260	cds	0.174186114294548	-1.16802017323135	4.05506583760622	-0.288039755704893	0.77331630698403	NA
SA597_0261	cds	0	NA	NA	NA	NA	NA
SA597_0262	cds	0.334972243409274	-0.488262715672907	3.28441843750229	-0.148660326010171	0.881821668546081	NA
SA597_0263	cds	0.243696871123322	0.271322101992547	3.6754588668843	0.0738199261151159	0.941153671535873	NA
SA597_0264	cds	0.114905457255323	-1.06803554532648	4.05863953808327	-0.2631511212821	0.792434102912824	NA
SA597_0265	cds	1.77488105066766	-0.833946780105597	1.47184528663332	-0.5665994841164	0.570986325549276	NA
SA597_0266	cds	0.502552300310624	-1.80472076943069	2.77679145345646	-0.649930252120386	0.5157372759075	NA
SA597_0267	cds	1.16828707989084	0.0614972208258849	1.92787180385538	0.0318990197910992	0.974552580336663	NA
SA597_0268	cds	2.5387530093028	-2.80271414870786	1.34470432528917	-2.08426052924694	0.0371364755757565	0.474918389574579
SA597_0269	cds	0.391302699878428	-1.35970812939126	3.07112564520396	-0.442739336150136	0.657954286647296	NA
SA597_0270	cds	0.863584918335308	-1.07974130674274	2.07011502720867	-0.521585174036757	0.601959188220417	NA
SA597_0271	cds	1.00921248938605	0.851713220409869	1.96876122110093	0.432613773209933	0.665295381697951	NA
SA597_0272	cds	0	NA	NA	NA	NA	NA
SA597_0273	cds	0	NA	NA	NA	NA	NA
SA597_0274	cds	0	NA	NA	NA	NA	NA
SA597_0275	cds	0	NA	NA	NA	NA	NA
SA597_0276	cds	0	NA	NA	NA	NA	NA
SA597_0277	cds	0.0429304712893331	0.533366996243296	4.04698303010695	0.131793731843052	0.89514744456904	NA
SA597_0278	cds	0.406947229375263	-2.05980984076422	3.0258488010212	-0.680737861081839	0.496037374967699	NA
SA597_0279	cds	3.0092296206013	-0.75643281780179	1.15857814319671	-0.652897538455773	0.513822335988916	0.964166105872218
SA597_0280	cds	0	NA	NA	NA	NA	NA
SA597_0281	cds	0	NA	NA	NA	NA	NA
SA597_0282	cds	3.00018705822654	-2.32175820693672	1.29506609022713	-1.79277198627719	0.0730093905849234	0.560497758060886
SA597_0283	cds	0.200766399833989	-0.00898487287243682	3.96546975350417	-0.00226577768358897	0.998192172514875	NA
SA597_0284	cds	0.344682432274792	1.55557122315285	3.23193142835006	0.481313189230313	0.630293924553744	NA
SA597_0285	cds	0.503743927996536	-0.0502676833128886	2.62059972230386	-0.0191817479354293	0.98469611796253	NA
SA597_0286	cds	0	NA	NA	NA	NA	NA
SA597_0287	cds	0.815844992299237	0.45977629965796	2.21093244009364	0.207955834072654	0.835263452712512	NA
SA597_0288	cds	0.302977528162547	0.187836643912349	3.38285985672646	0.0555259903950367	0.955719424545285	NA
SA597_0289	cds	0.260047056873214	-0.0995831982621674	3.58498699094132	-0.0277778408997851	0.977839339542392	NA
SA597_0290	cds	0.348372228589095	-2.04335432326204	3.46520987824492	-0.5896769301307	0.555407264716243	NA
SA597_0291	cds	0.0429304712893331	0.533366996243296	4.04698303010695	0.131793731843052	0.89514744456904	NA
SA597_0292	cds	0	NA	NA	NA	NA	NA
SA597_0293	cds	0.217116585583881	-0.492636613951927	3.83761921030365	-0.128370374170851	0.897855875139924	NA
SA597_0294	cds	0.64165887800469	1.32482152892777	2.41679400600601	0.548173127554703	0.58357303195743	NA
SA597_0295	cds	0	NA	NA	NA	NA	NA
SA597_0296	cds	0.509158357703822	-1.58325783638875	2.62997114540734	-0.602005782137026	0.547170288530822	NA
SA597_0297	cds	0	NA	NA	NA	NA	NA
SA597_0298	cds	0	NA	NA	NA	NA	NA
SA597_0299	cds	0.852116156585631	-1.00670815135881	2.15949682650177	-0.466177184890614	0.641088678731991	NA
SA597_0300	cds	0.632535341864535	0.432840375057111	2.42582630880134	0.178430076995491	0.85838523026098	NA
SA597_0301	cds	1.51067753616585	1.94468355381985	1.73535434016692	1.12062620803587	0.262447004435657	NA
SA597_0302	cds	0.81461942512215	1.54989358645626	2.17464306148908	0.712711715271093	0.476024165578832	NA
SA597_0303	cds	0.200766399833989	-0.00898487287243682	3.96546975350417	-0.00226577768358897	0.998192172514875	NA
SA597_0304	cds	0.344682432274792	1.55557122315285	3.23193142835006	0.481313189230313	0.630293924553744	NA
SA597_0305	cds	0	NA	NA	NA	NA	NA
SA597_0306	cds	0	NA	NA	NA	NA	NA
SA597_0307	cds	0.0429304712893331	0.533366996243296	4.04698303010695	0.131793731843052	0.89514744456904	NA
SA597_0308	cds	0	NA	NA	NA	NA	NA
SA597_0309	cds	0	NA	NA	NA	NA	NA
SA597_0310	cds	0	NA	NA	NA	NA	NA
SA597_0311	cds	0.29575087855281	1.56501802603439	3.41354159963767	0.458473400822333	0.646612368153255	NA
SA597_0312	cds	0.260047056873214	-0.0995831982621674	3.58498699094132	-0.0277778408997851	0.977839339542392	NA
SA597_0313	cds	0.128791413867999	1.19152185427695	4.03612358514568	0.295214412824761	0.767830092550625	NA
SA597_0314	cds	0.765515618262732	1.24335890501347	2.3293677409561	0.533775274359697	0.593497022436535	NA
SA597_0315	cds	0.114905457255323	-1.06803554532648	4.05863953808327	-0.2631511212821	0.792434102912824	NA
SA597_0316	cds	3.31887955054983	-0.221039704425015	1.03729824739254	-0.213091755414263	0.831255395196095	0.985168286643959
SA597_0317	cds	1.07470042148654	-0.909958570439257	1.84952750224845	-0.491995155158835	0.622722768509953	NA
SA597_0318	cds	0.624063814959144	-1.96429433392984	2.29132178003526	-0.857275634982882	0.391292570726925	NA
SA597_0319	cds	0.759028564397228	-0.834816310022819	2.1714018353445	-0.384459613340234	0.700637823938002	NA
SA597_0320	cds	0.229810914510645	-1.63428860420327	4.0371417113536	-0.40481328649108	0.685614761669358	NA
SA597_0321	cds	0.0429304712893331	0.533366996243296	4.04698303010695	0.131793731843052	0.89514744456904	NA
SA597_0322	cds	0.644123107141905	-0.388926696977747	2.45051102228497	-0.158712486269535	0.873895400257048	NA
SA597_0323	cds	0.473473846142791	2.24295788289422	2.83955583492197	0.789897439349296	0.42958766694899	NA
SA597_0324	cds	0	NA	NA	NA	NA	NA
SA597_0325	cds	0.979715942767718	-1.57464707521866	2.01328197135755	-0.78212942728379	0.434138514142441	NA
SA597_0326	cds	0.171721885157332	1.40565572726871	4.03346404978335	0.348498389949507	0.727465922766015	NA
SA597_0327	cds	7.73532075306611	1.49951488846426	0.76281573477195	1.96576292295879	0.0493260025523078	0.504642949188995
SA597_0328	cds	8.1839890505158	-0.0625723529336124	0.665408301526518	-0.0940360268876488	0.92508053820503	0.985168286643959
SA597_0329	cds	3.67841366696748	0.207344481865198	1.06667974224286	0.194383068932408	0.845875946113106	0.985168286643959
SA597_0330	cds	0	NA	NA	NA	NA	NA
SA597_0331	cds	0	NA	NA	NA	NA	NA
SA597_0332	cds	0	NA	NA	NA	NA	NA
SA597_0333	cds	0	NA	NA	NA	NA	NA
SA597_0334	cds	0	NA	NA	NA	NA	NA
SA597_0335	cds	0.0429304712893331	0.533366996243296	4.04698303010695	0.131793731843052	0.89514744456904	NA
SA597_0336	cds	1.06200609255977	-0.551454839270194	1.8865020668982	-0.292316053582119	0.770044985605043	NA
SA597_0337	cds	2.10257438274083	0.597323149647597	1.37354297633329	0.434877655770312	0.663651234074424	0.964166105872218
SA597_0338	cds	9.64112991783592	-2.6301848954853	0.723334151673939	-3.63619620254143	0.000276693615189303	0.0167273867364442
SA597_0339	cds	0.128791413867999	1.19152185427695	4.03612358514568	0.295214412824761	0.767830092550625	NA
SA597_0340	cds	0	NA	NA	NA	NA	NA
SA597_0341	cds	0.272741385799978	-0.973481976085173	3.50715202286095	-0.277570510128916	0.781342072377809	NA
SA597_0342	cds	0.128791413867999	1.19152185427695	4.03612358514568	0.295214412824761	0.767830092550625	NA
SA597_0343	cds	29.8234475119339	0.398874020947316	0.380491171341946	1.04831347213796	0.29449420462452	0.861033316057345
SA597_0344	cds	7.04842011765374	1.15793264972131	0.781786055559041	1.48113750749019	0.138569934802781	0.731906372628074
SA597_0345	cds	1.49555291759305	1.42139327409012	1.67208553039513	0.850072109501619	0.395284996770843	NA
SA597_0346	cds	4.32008717434478	-0.912945424957801	0.941909691323685	-0.969249423131872	0.332420757340779	0.885741004315418
SA597_0347	cds	9.99483848368446	-1.42875927671918	0.692056981288962	-2.06451103788897	0.0389692884451703	0.479899570667374
SA597_0348	cds	0.927094592731433	-0.0601035159323205	2.0740411257368	-0.0289789412497637	0.976881385988243	NA
SA597_0349	cds	3.7947790055927	-2.19897229570313	1.10174932985875	-1.99589165712046	0.0459457170194866	0.489205440594976
SA597_0350	cds	4.81492685361281	-1.34314186647719	0.892981970028549	-1.50410860639689	0.132553404658433	0.728495984279817
SA597_0351	cds	6.24501268381351	-0.590472114037794	0.78917944112067	-0.74821020831371	0.454333374533895	0.947926217855059
SA597_0352	cds	26.188170920185	-0.641247544836413	0.395410656457736	-1.62172550072624	0.104862136141412	0.645678893833695
SA597_0353	cds	39.3891994733842	-0.593532760426667	0.326362632327704	-1.81862965191032	0.0689679508565427	0.556157963252573
SA597_0354	cds	0.0429304712893331	0.533366996243296	4.04698303010695	0.131793731843052	0.89514744456904	NA
SA597_0355	cds	0.301751960985459	1.21893634485722	3.71101045461231	0.328464810262726	0.742560246988339	NA
SA597_0356	cds	1.16226668733962	-3.71639830205318	1.93831245104406	-1.91733706299589	0.0551951242521803	NA
SA597_0357	cds	1.07394151562374	-2.26075930936016	1.89053578789227	-1.19582994611313	0.231762927249213	NA
SA597_0358	cds	0	NA	NA	NA	NA	NA
SA597_0359	cds	0	NA	NA	NA	NA	NA
SA597_0360	cds	0.174186114294548	-1.16802017323135	4.05506583760622	-0.288039755704893	0.77331630698403	NA
SA597_0361	cds	0	NA	NA	NA	NA	NA
SA597_0362	cds	0.406947229375263	-2.05980984076422	3.0258488010212	-0.680737861081839	0.496037374967699	NA
SA597_0363	cds	0	NA	NA	NA	NA	NA
SA597_0364	cds	0	NA	NA	NA	NA	NA
SA597_0365	cds	0.459587889530115	0.587854330210699	2.75728289311028	0.213200586591819	0.831170510751725	NA
SA597_0366	cds	0.78484994407387	-1.72140034611225	2.25667190486955	-0.762804882002447	0.445579769153659	NA
SA597_0367	cds	0.29575087855281	1.56501802603439	3.41354159963767	0.458473400822333	0.646612368153255	NA
SA597_0368	cds	2.30539061212411	-0.26745199793694	1.31374179975465	-0.203580336704585	0.838681460381576	0.985168286643959
SA597_0369	cds	0.0429304712893331	0.533366996243296	4.04698303010695	0.131793731843052	0.89514744456904	NA
SA597_0370	cds	0	NA	NA	NA	NA	NA
SA597_0371	cds	0	NA	NA	NA	NA	NA
SA597_0372	cds	0	NA	NA	NA	NA	NA
SA597_0373	cds	0	NA	NA	NA	NA	NA
SA597_0374	cds	0	NA	NA	NA	NA	NA
SA597_0375	cds	0.174186114294548	-1.16802017323135	4.05506583760622	-0.288039755704893	0.77331630698403	NA
SA597_0376	cds	0.0429304712893331	0.533366996243296	4.04698303010695	0.131793731843052	0.89514744456904	NA
SA597_0377	cds	0	NA	NA	NA	NA	NA
SA597_0378	cds	0	NA	NA	NA	NA	NA
SA597_0379	cds	0	NA	NA	NA	NA	NA
SA597_0380	cds	2.54536005457937	-0.52545054885482	1.32246518438648	-0.397326564856668	0.69112666032623	0.967174535295726
SA597_0381	cds	0.901705934877904	0.741050409913716	2.1257261425934	0.348610479527542	0.727381759218055	NA
SA597_0382	cds	0.29575087855281	1.56501802603439	3.41354159963767	0.458473400822333	0.646612368153255	NA
SA597_0383	cds	0.460813456707203	-0.247643187227911	2.69910842819614	-0.0917499959026898	0.926896673892594	NA
SA597_0384	cds	1.33771698904839	1.83687537442195	1.77854039222731	1.0327993575235	0.301697804478984	NA
SA597_0385	cds	0	NA	NA	NA	NA	NA
SA597_0386	cds	0	NA	NA	NA	NA	NA
SA597_0387	cds	0	NA	NA	NA	NA	NA
SA597_0388	cds	0.252820407263477	1.23517353768356	3.97012217876418	0.311117260897004	0.755711479573365	NA
SA597_0389	cds	0.0429304712893331	0.533366996243296	4.04698303010695	0.131793731843052	0.89514744456904	NA
SA597_0390	cds	0.0429304712893331	0.533366996243296	4.04698303010695	0.131793731843052	0.89514744456904	NA
SA597_0391	cds	0.42083318598794	0.207805883321683	3.03026819436605	0.0685767298445865	0.945326542144842	NA
SA597_0392	cds	0	NA	NA	NA	NA	NA
SA597_0393	cds	0	NA	NA	NA	NA	NA
SA597_0394	cds	0	NA	NA	NA	NA	NA
SA597_0395	cds	0.544862179383418	0.1096909573446	2.82149662990619	0.0388768698788936	0.9689885577872	NA
SA597_0396	cds	1.5601096906933	-0.925036101937133	1.62135848070861	-0.570531509807042	0.568317256915565	NA
SA597_0397	cds	3.3791854000645	0.991154539596249	1.0999247489495	0.901111226511506	0.367529184460253	0.90082186683426
SA597_0398	cds	0.891390771051837	-0.891773175014186	2.10889036538395	-0.42286369630781	0.672394711395785	NA
SA597_0399	cds	0.157835928544656	-0.393885238057851	4.04188960362838	-0.0974507660239564	0.922368431080567	NA
SA597_0400	cds	1.81486132138692	-0.784435867182835	1.43285225276729	-0.547464587271883	0.584059593209115	NA
SA597_0401	cds	1.61581955494591	-0.437878178434634	1.5931355260558	-0.274853062575731	0.783429129353181	NA
SA597_0402	cds	0.171721885157332	1.40565572726871	4.03346404978335	0.348498389949507	0.727465922766015	NA
SA597_0403	cds	0.647659960437339	1.24039464029419	2.42476725875964	0.511552041051848	0.608964557701377	NA
SA597_0404	cds	0.8471876983112	1.07235284561396	2.18667250474409	0.490403955456265	0.623848078255776	NA
SA597_0405	cds	3.22626330042167	2.95715808594617	1.3581403391621	2.1773582601711	0.0294538474058229	0.416740606912175
SA597_0406	cds	0.0429304712893331	0.533366996243296	4.04698303010695	0.131793731843052	0.89514744456904	NA
SA597_0407	cds	2.33304352182177	0.987006669213687	1.30517117340065	0.756227757192965	0.449512653376336	0.947926217855059
SA597_0408	cds	2.51447559584462	1.82001840317579	1.35674652638624	1.34145794205459	0.179771816097945	0.806929696378568
SA597_0409	cds	6.93520220814384	-0.453297785310812	0.732821899843332	-0.618564736408289	0.536203138675796	0.964166105872218
SA597_0410	cds	0.0429304712893331	0.533366996243296	4.04698303010695	0.131793731843052	0.89514744456904	NA
SA597_0411	cds	0	NA	NA	NA	NA	NA
SA597_0412	cds	0.387646843055301	-1.43110697574056	3.06166160134665	-0.467428201441692	0.64019354962648	NA
SA597_0413	cds	0.459587889530115	0.587854330210699	2.75728289311028	0.213200586591819	0.831170510751725	NA
SA597_0414	cds	1.78459123953317	-0.0631686556635794	1.41671203808073	-0.0445882112706235	0.964435539358542	NA
SA597_0415	cds	0	NA	NA	NA	NA	NA
SA597_0416	cds	18.2020963532611	2.22056500155285	0.536584892549931	4.13832933499189	3.49843959059535e-05	0.00387743721290985
SA597_0417	cds	6.86920526120081	1.78416847974785	0.81628466964885	2.1857184706352	0.0288362087076858	0.416740606912175
SA597_0418	cds	16.8754596730263	-1.34784715998454	0.502214284234312	-2.68380888854944	0.00727887012209985	0.220020392327109
SA597_0419	cds	7.9222962089506	-0.435401511681294	0.698327844410582	-0.623491552236172	0.532961551915673	0.964166105872218
SA597_0420	cds	4.29338788527765	-0.797784939719623	0.976833563472424	-0.816705086262267	0.414096983957117	0.929755237068483
SA597_0421	cds	0	NA	NA	NA	NA	NA
SA597_0422	cds	0.217116585583881	-0.492636613951927	3.83761921030365	-0.128370374170851	0.897855875139924	NA
SA597_0423	cds	7.27842007830278	-0.490961032097883	0.714667061995933	-0.686978676093899	0.4920961660724	0.964166105872218
SA597_0424	cds	6.00417827745315	1.16100569731776	0.919278701656519	1.26295289472676	0.206606108897663	0.822712948604465
SA597_0425	cds	8.35516191530152	0.2647903490439	0.679601572828376	0.38962586260931	0.696813225008633	0.967174535295726
SA597_0426	cds	0.680880242861154	-0.387492313777217	2.39352504953514	-0.161891898249602	0.871390982917928	NA
SA597_0427	cds	0.388838470741213	0.612229912166788	3.08712215183183	0.198317359034045	0.84279677086846	NA
SA597_0428	cds	3.0860177541766	0.131786141329668	1.09452412184248	0.120404967510286	0.904162356527783	0.985168286643959
SA597_0429	cds	0.114905457255323	-1.06803554532648	4.05863953808327	-0.2631511212821	0.792434102912824	NA
SA597_0430	cds	0.430543374853458	2.04336204449022	2.94865264083935	0.692981606646134	0.488321094514285	NA
SA597_0431	cds	0.0429304712893331	0.533366996243296	4.04698303010695	0.131793731843052	0.89514744456904	NA
SA597_0432	cds	0.502518360819448	0.864037257193951	2.65349802146314	0.325621971527803	0.744710386575667	NA
SA597_0433	cds	0.0429304712893331	0.533366996243296	4.04698303010695	0.131793731843052	0.89514744456904	NA
SA597_0434	cds	0.795785700116476	-0.742378076074523	2.12040415715194	-0.350111592438897	0.726254951313432	NA
SA597_0435	cds	6.87866654692946	0.346100570332263	0.771434937061824	0.448645185361272	0.653687632540118	0.964166105872218
SA597_0436	cds	6.4218206510101	0.0152734155776148	0.752301002069834	0.0203022666932418	0.983802247600889	0.992418444366647
SA597_0437	cds	1.62552974381143	0.573420549818454	1.6050018834851	0.357270951342018	0.72088897434841	NA
SA597_0438	cds	2.22004958046947	-0.723672091878513	1.36034467168018	-0.531977010638558	0.59474191802195	0.964166105872218
SA597_0439	cds	7.13994659713346	-1.6097767724234	0.808027390360072	-1.99223045113119	0.0463457785826819	0.489205440594976
SA597_0440	cds	3.51659506852124	-0.119559331651521	1.00217387708629	-0.119299988140907	0.905037692895315	0.985168286643959
SA597_0441	cds	5.48072149554684	0.0335877917387844	0.827486431730039	0.0405901419659074	0.96762264325292	0.992418444366647
SA597_0442	cds	4.92621039353618	-1.89597392563242	0.933630494981911	-2.03075406793472	0.0422799485796087	0.489205440594976
SA597_0443	cds	6.55364323921356	-0.468385971444157	0.774243673029017	-0.604959378759565	0.545205987592172	0.964166105872218
SA597_0444	cds	0	NA	NA	NA	NA	NA
SA597_0445	cds	6.52768240870964	0.134763737609004	0.780681204080968	0.1726232640219	0.86294756436945	0.985168286643959
SA597_0446	cds	4.5833146152812	1.75806064655861	1.00810760798044	1.74392161376559	0.0811727592045875	0.581434472963856
SA597_0447	cds	58.9124796313393	0.337488095162333	0.27294589919862	1.23646516087332	0.216285708083377	0.828528944388814
SA597_0448	cds	1.6848636504604	1.32153855021126	1.56296251636532	0.845534385101258	0.397812542807364	NA
SA597_0449	cds	6.75322525314449	-0.213501484247055	0.820701608970901	-0.26014507820299	0.794751867207207	0.97511068578006
SA597_0450	cds	2.17646709994537	-0.0995846950361098	1.31794583911647	-0.0755605367689996	0.939768733763895	0.992418444366647
SA597_0451	cds	3.66253014253188	-0.331433284918487	1.14729675938825	-0.288881914993998	0.772671743725231	0.97511068578006
SA597_0452	cds	0.605955056325094	-0.0580183134761046	2.63101500399129	-0.022051684763519	0.982406727065798	NA
SA597_0453	cds	0.460813456707203	-0.247643187227911	2.69910842819614	-0.0917499959026898	0.926896673892594	NA
SA597_0454	cds	3.88416330927521	-1.52570257347971	1.03036787491956	-1.48073577468515	0.138676996919003	0.731906372628074
SA597_0455	cds	0.0858609425786661	0.917705217467736	4.04010252673348	0.227148992233552	0.820307889253335	NA
SA597_0456	cds	0.388838470741213	0.612229912166788	3.08712215183183	0.198317359034045	0.84279677086846	NA
SA597_0457	cds	28.5345557922903	0.121208810087632	0.363550363032419	0.333403078122696	0.738830039948023	0.968510029940052
SA597_0458	cds	7.8580516195562	0.949224886181772	0.740631015618961	1.28164344479752	0.199967752587364	0.820855280682696
SA597_0459	cds	18.3904216981718	1.16166287361557	0.499266602984784	2.32673859351048	0.0199791824412838	0.36546356377083
SA597_0460	cds	2.37314279606872	0.523399789077087	1.28045813558435	0.408759782558785	0.682715956686413	0.964166105872218
SA597_0461	cds	0.114905457255323	-1.06803554532648	4.05863953808327	-0.2631511212821	0.792434102912824	NA
SA597_0462	cds	0.841180400543025	-1.91755206508506	2.05790018271687	-0.931800327921385	0.351439725148037	NA
SA597_0463	cds	6.94157025848165	-0.138752114583257	0.733316163525092	-0.189211859065356	0.849926773358979	0.985168286643959
SA597_0464	cds	0	NA	NA	NA	NA	NA
SA597_0465	cds	2.92341940515943	0.0744022971820887	1.19469499792716	0.0622772316877358	0.95034205975571	0.992418444366647
SA597_0466	cds	0.174186114294548	-1.16802017323135	4.05506583760622	-0.288039755704893	0.77331630698403	NA
SA597_0467	cds	1.69210492944274	-2.65392190483745	1.59456831671512	-1.66435133384856	0.0960422394348635	NA
SA597_0468	cds	11.8891906898124	1.37895545519479	0.588380774556615	2.34364465126164	0.0190963556651871	0.36546356377083
SA597_0469	cds	5.38827749855612	1.58443067132733	0.87784187881943	1.80491579355745	0.0710878599646146	0.556157963252573
SA597_0470	cds	10.7192018355674	1.49851569468498	0.648682055538532	2.31009272091074	0.0208830213533778	0.36546356377083
SA597_0471	cds	52.5374963567731	1.38024500911882	0.293310426417948	4.70574819304943	2.52936569391053e-06	0.0016820281864505
SA597_0472	cds	3.664054169593	1.2588085063525	1.02810833268924	1.22439286437823	0.220804059843402	0.832228320253969
SA597_0473	cds	1.76948593107894	1.60899922675308	1.50770131044815	1.06718699227953	0.285887405187775	NA
SA597_0474	cds	8.22568773929252	-0.368677179716522	0.673601331636558	-0.547322522092996	0.5841571734237	0.964166105872218
SA597_0475	cds	1.59405493948873	0.437114694606428	1.47680657281764	0.295986422766555	0.767240450152009	NA
SA597_0476	cds	2.17886345010024	1.39272362757109	1.40437311844463	0.991704846297225	0.321341526277274	0.875787356452408
SA597_0477	cds	1.17617195407086	1.08114615598046	1.80828369834602	0.597885252722982	0.54991650060961	NA
SA597_0478	cds	3.10831676063278	0.818218701515682	1.21714159090719	0.672246111404199	0.501427029992463	0.964166105872218
SA597_0479	cds	0.991150765026219	0.433615132016887	2.13556576154358	0.203044616946598	0.839100159194988	NA
SA597_0480	cds	0.896771261267947	-0.00905230426381674	2.08758357008816	-0.00433625958429749	0.996540176268655	NA
SA597_0481	cds	0.367725864518799	0.243509156916602	3.19969072444314	0.0761039668791681	0.939336384182992	NA
SA597_0482	cds	0.252820407263477	1.23517353768356	3.97012217876418	0.311117260897004	0.755711479573365	NA
SA597_0483	cds	5.04222497012246	0.432824394631811	0.86775069191488	0.498788878723554	0.61792812311872	0.964166105872218
SA597_0484	cds	7.55068269588881	0.160638296506513	0.732200072468092	0.219391260048684	0.826345277671906	0.985168286643959
SA597_0485	cds	25.8107519709977	1.38469154425645	0.413314948196249	3.35020920559343	0.000807505468273449	0.0357994090934562
SA597_0486	cds	14.453383481514	0.874929522509686	0.520526443204272	1.68085509186386	0.0927910646366535	0.617748639952602
SA597_0487	cds	15.5951890251598	1.2137810355898	0.535368799090118	2.26718672745342	0.0233788212801343	0.377704230239135
SA597_0488	cds	0	NA	NA	NA	NA	NA
SA597_0489	cds	73.5326430542168	0.631016646316194	0.257521657242427	2.4503439946496	0.0142719793327808	0.322004531247442
SA597_0490	cds	69.6941860372824	0.377669456002019	0.238115031786595	1.58607985883267	0.112721195147952	0.675311664625121
SA597_0491	cds	6.86431294111911	-0.0390038842075343	0.729411508272667	-0.0534730858578036	0.957354974334346	0.992418444366647
SA597_0492	cds	11.5197423906021	0.243500477607804	0.565551949137762	0.430553688266912	0.666792921248291	0.964166105872218
SA597_0493	cds	18.4547436773381	0.758824000699705	0.46068389844135	1.6471684885603	0.0995234188502309	0.624368618258524
SA597_0494	cds	114.986373050076	0.385172032024462	0.203677790249505	1.89108508862271	0.0586129866977876	0.52976334540807
SA597_0495	cds	134.188912140084	0.194147083867089	0.181664134652607	1.06871443963528	0.285198362985045	0.85770418217198
SA597_0496	cds	1.56083465706492	1.2586247769571	1.58306625473722	0.795055022612445	0.426581496307584	NA
SA597_0497	cds	4.48163220932231	-0.560960800607083	0.896192889638538	-0.625937571133079	0.531355889941631	0.964166105872218
SA597_0498	cds	4.46101218727682	0.366449706883413	0.978512941814027	0.374496535737245	0.708034933488495	0.967174535295726
SA597_0499	cds	0.358602328378644	-0.300229141400638	3.16842425348076	-0.0947566100312524	0.92450815191291	NA
SA597_0500	cds	3.55776075159089	-0.726536750513158	1.04620713818521	-0.694448282749662	0.487401123324547	0.961785599438646
SA597_0501	cds	6.38416515860077	0.331713899839898	0.770696210459235	0.430408110664303	0.666898796448072	0.964166105872218
SA597_0502	cds	1.58615697052567	-0.291801146054986	1.5766257012473	-0.185079531447532	0.85316665578607	NA
SA597_0503	cds	0.367725864518799	0.243509156916602	3.19969072444314	0.0761039668791681	0.939336384182992	NA
SA597_0504	cds	0	NA	NA	NA	NA	NA
SA597_0505	cds	0.624063814959144	-1.96429433392984	2.29132178003526	-0.857275634982882	0.391292570726925	NA
SA597_0506	cds	0.302977528162547	0.187836643912349	3.38285985672646	0.0555259903950367	0.955719424545285	NA
SA597_0507	cds	0.200766399833989	-0.00898487287243682	3.96546975350417	-0.00226577768358897	0.998192172514875	NA
SA597_0508	cds	2.3681888123402	-1.47191583161842	1.31051495727656	-1.12315836110507	0.261370243367972	0.85770418217198
SA597_0509	cds	4.02085269210628	-1.12057115828144	0.960809968827091	-1.16627761434384	0.243502220936517	0.838385483623807
SA597_0510	cds	15.8606412292409	-2.12681825681697	0.562487806773956	-3.78109219649567	0.000156141831277415	0.0103834317799481
SA597_0511	cds	0.406947229375263	-2.05980984076422	3.0258488010212	-0.680737861081839	0.496037374967699	NA
SA597_0512	cds	0.719634946403329	0.300806386611329	2.21325258423865	0.135911458436094	0.891891277010859	NA
SA597_0513	cds	5.34176274228859	1.80284806231537	0.929637820026899	1.93930154677142	0.0524646306652391	0.517314073124624
SA597_0514	cds	3.5002171586157	1.43161389107883	1.07660603712326	1.3297472257393	0.183601569220367	0.806929696378568
SA597_0515	cds	0.862312316884004	1.89307442150847	2.19076244156463	0.864116704573616	0.387523783399523	NA
SA597_0516	cds	0.0429304712893331	0.533366996243296	4.04698303010695	0.131793731843052	0.89514744456904	NA
SA597_0517	cds	3.24319545815097	-0.508067382676708	1.05422271230633	-0.481935531027601	0.629851744536514	0.964166105872218
SA597_0518	cds	4.61661626887896	0.361525254397714	0.881974491097983	0.409904433797905	0.68187605277892	0.964166105872218
SA597_0519	cds	0	NA	NA	NA	NA	NA
SA597_0520	cds	2.73106758975851	-1.53025977723824	1.22838723360683	-1.24574705383826	0.212857273005808	0.827778283911474
SA597_0521	cds	0	NA	NA	NA	NA	NA
SA597_0522	cds	0.427006521558024	0.138462423003466	3.03445106376242	0.0456301387282173	0.963605046952779	NA
SA597_0523	cds	0	NA	NA	NA	NA	NA
SA597_0524	cds	0	NA	NA	NA	NA	NA
SA597_0525	cds	0.512867464136691	0.789619826029567	2.62971357691706	0.300268376358795	0.763972452918863	NA
SA597_0526	cds	4.16901123409557	-0.599172195958515	0.946125927613964	-0.633290113367433	0.526544208340475	0.964166105872218
SA597_0527	cds	0.157835928544656	-0.393885238057851	4.04188960362838	-0.0974507660239564	0.922368431080567	NA
SA597_0528	cds	0.0429304712893331	0.533366996243296	4.04698303010695	0.131793731843052	0.89514744456904	NA
SA597_0529	cds	1.11035099355639	-1.54980656894621	1.93649443098422	-0.800315531069474	0.423528006870284	NA
SA597_0530	cds	2.64103087943269	-1.71265808812339	1.3463723528684	-1.27205381518317	0.203353999209007	0.822712948604465
SA597_0531	cds	0.292041772119941	-1.17112321432212	3.74159268945205	-0.313001256824036	0.754279707287529	NA
SA597_0532	cds	0.664044085678407	-1.65991955571035	2.32197434366712	-0.714874201878057	0.474686779362296	NA
SA597_0533	cds	2.27093166774016	0.520716230709425	1.29177265004752	0.403102071165749	0.686873137009984	0.965688448438984
SA597_0534	cds	12.3404183464682	-0.58180502195764	0.564948057855009	-1.02983807779893	0.303086022653782	0.867698365874358
SA597_0535	cds	3.58874230762466	-0.161750352258634	1.05912831951634	-0.152720259932713	0.878618883070786	0.985168286643959
SA597_0536	cds	0.791609932369318	-0.394707691127302	2.12370309938837	-0.18585822624687	0.852555941975462	NA
SA597_0537	cds	4.76099742804448	1.76357928101086	1.05577374602057	1.67041403298591	0.0948374751057253	0.617748639952602
SA597_0538	cds	0.377902714698607	-0.0855466317154501	3.14951325293678	-0.0271618579904948	0.978330637387829	NA
SA597_0539	cds	0.243696871123322	0.271322101992547	3.6754588668843	0.0738199261151159	0.941153671535873	NA
SA597_0540	cds	4.38869382686164	5.43799461890405	1.42989590098773	3.80307029004535	0.000142913784553279	0.0103834317799481
SA597_0541	cds	0.300513299025331	1.88065939421128	3.66278818361348	0.513450218777307	0.607636424741193	NA
SA597_0542	cds	0.733520903016005	1.5420220581198	2.3136273783725	0.666495422959824	0.505094488259849	NA
SA597_0543	cds	0.876884222222621	-1.04178391563827	1.99920153000967	-0.521099999174788	0.60229711152493	NA
SA597_0544	cds	0.114905457255323	-1.06803554532648	4.05863953808327	-0.2631511212821	0.792434102912824	NA
SA597_0545	cds	0	NA	NA	NA	NA	NA
SA597_0546	cds	0.114905457255323	-1.06803554532648	4.05863953808327	-0.2631511212821	0.792434102912824	NA
SA597_0547	cds	0.968746247233936	-0.711396536958813	1.92282623663099	-0.369974427957287	0.711401544132114	NA
SA597_0548	cds	2.1075236857234	-1.43299610423415	1.41872738199552	-1.01005740949227	0.31246778582614	0.873071754514213
SA597_0549	cds	0.469936992847358	0.509108110227545	2.72942817081916	0.186525557137029	0.852032638827332	NA
SA597_0550	cds	4.18721379457462	-0.285876856423608	0.985951908556757	-0.289950101970061	0.771854411325422	0.97511068578006
SA597_0551	cds	1.46950603516923	0.821431189789986	1.76686788698371	0.464908098585846	0.641997270683005	NA
SA597_0552	cds	10.7886303088406	-1.02048530689371	0.655590216076483	-1.55659020203355	0.119567811535701	0.678824851509992
SA597_0553	cds	0.157835928544656	-0.393885238057851	4.04188960362838	-0.0974507660239564	0.922368431080567	NA
SA597_0554	cds	3.38409454822037	-0.736331038417077	1.02968141690807	-0.71510568834789	0.474543739297899	0.95051682720814
SA597_0555	cds	0.29575087855281	1.56501802603439	3.41354159963767	0.458473400822333	0.646612368153255	NA
SA597_0556	cds	0.374952514128536	-0.778597107229497	2.89698913863416	-0.268760796112816	0.788113763796406	NA
SA597_0557	cds	0.114905457255323	-1.06803554532648	4.05863953808327	-0.2631511212821	0.792434102912824	NA
SA597_0558	cds	1.24756028731149	-0.35565308611514	1.89206331098542	-0.187971028268557	0.850899362420084	NA
SA597_0559	cds	0.693574571787918	-0.851077054395771	2.32974779770826	-0.365308663552751	0.714881012068254	NA
SA597_0560	cds	8.72381005706978	-0.479317968507341	0.664386115584959	-0.721444890649657	0.470635835638671	0.95051682720814
SA597_0561	cds	0.332022042839203	-1.18469990688433	3.01820684669062	-0.392517798501224	0.694675663065794	NA
SA597_0562	cds	0.315671857089311	-0.58316765889771	3.32387713041827	-0.17544801929075	0.860727611750094	NA
SA597_0563	cds	3.67970711312692	-1.10209715727337	1.01401996725198	-1.08685942374496	0.277098941040249	0.85770418217198
SA597_0564	cds	0	NA	NA	NA	NA	NA
SA597_0565	cds	0	NA	NA	NA	NA	NA
SA597_0566	cds	0.0429304712893331	0.533366996243296	4.04698303010695	0.131793731843052	0.89514744456904	NA
SA597_0567	cds	0	NA	NA	NA	NA	NA
SA597_0568	cds	0.531562875496104	-0.407332681309475	2.81126707919541	-0.144892914772813	0.884795420595214	NA
SA597_0569	cds	0	NA	NA	NA	NA	NA
SA597_0570	cds	0	NA	NA	NA	NA	NA
SA597_0571	cds	0.466227886414488	-2.30445539450054	2.89109167986158	-0.797088314615771	0.425399742409154	NA
SA597_0572	cds	0	NA	NA	NA	NA	NA
SA597_0573	cds	0	NA	NA	NA	NA	NA
SA597_0574	cds	0	NA	NA	NA	NA	NA
SA597_0575	cds	6.70818013714732	1.47624171937183	0.791134561282531	1.86598056970063	0.0620440840018018	0.52976334540807
SA597_0576	cds	1.83297008002097	-1.83420987146109	1.47347471718311	-1.2448193715652	0.2131981537946	NA
SA597_0577	cds	1.35713268603347	-2.76623869154813	1.80667558506433	-1.53112086885794	0.125739523035132	NA
SA597_0578	cds	1.21490734749447	-1.7290989147161	1.7662698166491	-0.978955139479472	0.327602145698377	NA
SA597_0579	cds	1.07099131505367	-2.33805054009587	1.86403697480144	-1.25429407876683	0.209735135352892	NA
SA597_0580	cds	0.217116585583881	-0.492636613951927	3.83761921030365	-0.128370374170851	0.897855875139924	NA
SA597_0581	cds	0.604763428639182	-1.5398683503954	2.41291535069846	-0.638177526596471	0.523358124645051	NA
SA597_0582	cds	2.15173045132661	-0.398265182624896	1.38207515751561	-0.288164634505701	0.773220718640526	0.97511068578006
SA597_0583	cds	0.979095350551179	-0.827908956244536	1.99476922082136	-0.415039969337223	0.678112643736694	NA
SA597_0584	cds	0.817603565183396	-0.899623875988104	2.12707458150216	-0.422939507533761	0.672339397058094	NA
SA597_0585	cds	1.06143874995298	2.09717169684506	2.08063310012345	1.00794882899855	0.313479028528269	NA
SA597_0586	cds	0.957330735094001	0.463026822256536	1.94000565776344	0.238672923660616	0.811359213831657	NA
SA597_0587	cds	0.157835928544656	-0.393885238057851	4.04188960362838	-0.0974507660239564	0.922368431080567	NA
SA597_0588	cds	4.58634249416264	-0.389311844538996	0.935237710701603	-0.416270473361194	0.677212096063817	0.964166105872218
SA597_0589	cds	4.73769038095841	-1.62507467743152	0.932281546980457	-1.7431157815951	0.0813133924596069	0.581434472963856
SA597_0590	cds	1.32731463612141	1.06546437775568	1.80716713510803	0.589577110526631	0.555474201137548	NA
SA597_0591	cds	2.03618607961956	0.6604560562555	1.38654292588983	0.476332931295039	0.633837207818581	0.964166105872218
SA597_0592	cds	0.332022042839203	-1.18469990688433	3.01820684669062	-0.392517798501224	0.694675663065794	NA
SA597_0593	cds	1.04137945777022	0.777852413385015	1.96670850367968	0.395509762595557	0.692466718206867	NA
SA597_0594	cds	0.549138628423084	-1.33044526608485	2.51628508963055	-0.528733914756931	0.596990046913722	NA
SA597_0595	cds	0.387612903564125	1.81347009834924	3.07236196665986	0.590252749522469	0.555021212190291	NA
SA597_0596	cds	1.16892599434256	-1.60611657569844	1.82316286040078	-0.880950687721537	0.378344510898237	NA
SA597_0597	cds	1.1949925842935	2.46787869656019	1.96386643321242	1.25664284231557	0.208882993871261	NA
SA597_0598	cds	0	NA	NA	NA	NA	NA
SA597_0599	cds	1.46581623885492	2.66891243012982	1.8714430278247	1.42612539652467	0.153832149186101	NA
SA597_0600	cds	0.406947229375263	-2.05980984076422	3.0258488010212	-0.680737861081839	0.496037374967699	NA
SA597_0601	cds	0.29575087855281	1.56501802603439	3.41354159963767	0.458473400822333	0.646612368153255	NA
SA597_0602	cds	0.539447749676132	1.2281590217534	2.56807640901088	0.47824084106066	0.632478797104759	NA
SA597_0603	cds	0.431768942030546	0.781091853673529	2.97430332663772	0.26261338131794	0.792848585184154	NA
SA597_0604	cds	0.604763428639182	-1.5398683503954	2.41291535069846	-0.638177526596471	0.523358124645051	NA
SA597_0605	cds	0.630723121962084	0.785360807846618	2.49126501364486	0.315245790209044	0.752575041082469	NA
SA597_0606	cds	0.578669114532596	-0.382832479925861	2.51580326147583	-0.152171072272671	0.879052009209582	NA
SA597_0607	cds	0.640433310827602	2.58107455702157	2.4247716581171	1.064460873411	0.287119970108237	NA
SA597_0608	cds	0.876884222222621	-1.04178391563827	1.99920153000967	-0.521099999174788	0.60229711152493	NA
SA597_0609	cds	1.43992811737695	1.77852211322619	1.67454911278466	1.06209014692237	0.288194762711889	NA
SA597_0610	cds	5.07071716897348	-0.311809478905694	0.85538839442891	-0.364523859496445	0.71546686029832	0.968510029940052
SA597_0611	cds	0.722757400110834	1.34594219465761	2.39766317547038	0.561355826968299	0.574554990819651	NA
SA597_0612	cds	0.128791413867999	1.19152185427695	4.03612358514568	0.295214412824761	0.767830092550625	NA
SA597_0613	cds	0.449877700664597	-1.35397702929382	2.7329488843144	-0.49542713259838	0.620298646169394	NA
SA597_0614	cds	3.23350457940402	0.111474653003087	1.04169023967702	0.107013245163601	0.914778471975961	0.985168286643959
SA597_0615	cds	1.9939477723917	0.429672964994559	1.43217648331448	0.300013978724304	0.764166493014202	NA
SA597_0616	cds	1.19621193613506	-0.967557922907266	1.84873048895077	-0.523363426248461	0.600721370615717	NA
SA597_0617	cds	2.03080558940345	0.0634480834266327	1.34444756377652	0.047192679830821	0.962359661672223	0.992418444366647
SA597_0618	cds	2.54938810675981	0.116501539451834	1.27784180469131	0.09117054945622	0.927357075601172	0.985168286643959
SA597_0619	cds	0.338681349842143	1.8176737421668	3.22336777765085	0.563905166133878	0.572818674000172	NA
SA597_0620	cds	0.174186114294548	-1.16802017323135	4.05506583760622	-0.288039755704893	0.77331630698403	NA
SA597_0621	cds	0	NA	NA	NA	NA	NA
SA597_0622	cds	0	NA	NA	NA	NA	NA
SA597_0623	cds	0.260047056873214	-0.0995831982621674	3.58498699094132	-0.0277778408997851	0.977839339542392	NA
SA597_0624	cds	0	NA	NA	NA	NA	NA
SA597_0625	cds	0.857549896411483	1.68661872285441	2.12072048068209	0.795304585501969	0.426436346824144	NA
SA597_0626	cds	0.374952514128536	-0.778597107229497	2.89698913863416	-0.268760796112816	0.788113763796406	NA
SA597_0627	cds	0.90046105758225	-2.02465432249753	2.14462820177824	-0.944058425054173	0.34513979311047	NA
SA597_0628	cds	0.834540403658651	-0.142644825737261	2.075632077509	-0.0687235600581251	0.945209664322633	NA
SA597_0629	cds	0.857583835902659	-0.761078465660843	2.03744879008935	-0.373544831832297	0.708742984995564	NA
SA597_0630	cds	1.74348608292933	0.0624148032703275	1.59751064337356	0.039070039081882	0.968834548072179	NA
SA597_0631	cds	10.9124986092921	-0.585894814009018	0.58661449583725	-0.998773160511138	0.317904590541438	0.874207252165924
SA597_0632	cds	0.706407214360942	1.56609373717316	2.371418144541	0.660403877223553	0.508994684725502	NA
SA597_0633	cds	0.489857971383859	-1.18132972856564	2.61466640735999	-0.45180896700257	0.651406609284076	NA
SA597_0634	cds	0	NA	NA	NA	NA	NA
SA597_0635	cds	0.374952514128536	-0.778597107229497	2.89698913863416	-0.268760796112816	0.788113763796406	NA
SA597_0636	cds	0.607713629209252	-1.40684306063207	2.43653396083473	-0.577395219293433	0.563672502982874	NA
SA597_0637	cds	0.260047056873214	-0.0995831982621674	3.58498699094132	-0.0277778408997851	0.977839339542392	NA
SA597_0638	cds	0.292041772119941	-1.17112321432212	3.74159268945205	-0.313001256824036	0.754279707287529	NA
SA597_0639	cds	0.292041772119941	-1.17112321432212	3.74159268945205	-0.313001256824036	0.754279707287529	NA
SA597_0640	cds	0.503743927996536	-0.0502676833128886	2.62059972230386	-0.0191817479354293	0.98469611796253	NA
SA597_0641	cds	0.29575087855281	1.56501802603439	3.41354159963767	0.458473400822333	0.646612368153255	NA
SA597_0642	cds	0.292041772119941	-1.17112321432212	3.74159268945205	-0.313001256824036	0.754279707287529	NA
SA597_0643	cds	1.17864239854361	2.58143082186148	1.97385095742681	1.30781445891271	0.190936248810455	NA
SA597_0644	cds	1.82031437133134	3.08617201400778	1.68740367047977	1.8289470788755	0.0674075365487803	NA
SA597_0645	cds	5.80350937232673	3.33532946939201	1.076752685058	3.09758175268664	0.00195106573472873	0.0760621301870403
SA597_0646	cds	0.939735672048456	-1.73454165228658	1.96240184630323	-0.883887087425089	0.376757168354908	NA
SA597_0647	cds	5.20254443792289	0.84142132561177	0.886007159965489	0.949677794527693	0.342275996109968	0.892602107502465
SA597_0648	cds	0.838230199972954	-2.01770008701906	2.13977955010022	-0.942947644734969	0.345707683083714	NA
SA597_0649	cds	0.997790761910593	-1.83612368528598	2.01110529629774	-0.912992317541062	0.361246582035878	NA
SA597_0650	cds	10.2073567195264	-0.65726230673219	0.608262222224867	-1.0805575008885	0.279893995867135	0.85770418217198
SA597_0651	cds	8.78931982176178	-0.458336051623889	0.664967331617405	-0.689261005512969	0.490659032332094	0.964166105872218
SA597_0652	cds	1.7591514571343	-1.14466045189498	1.52427278327253	-0.750955120669057	0.452679665656314	NA
SA597_0653	cds	1.26203289664953	1.29173073023139	1.76006810855478	0.733909514042641	0.463003888181653	NA
SA597_0654	cds	0.338681349842143	1.8176737421668	3.22336777765085	0.563905166133878	0.572818674000172	NA
SA597_0655	cds	0.453586807097466	0.868668430171733	2.73763183732589	0.31730651957213	0.751011030880775	NA
SA597_0656	cds	0.252820407263477	1.23517353768356	3.97012217876418	0.311117260897004	0.755711479573365	NA
SA597_0657	cds	0.157835928544656	-0.393885238057851	4.04188960362838	-0.0974507660239564	0.922368431080567	NA
SA597_0658	cds	0	NA	NA	NA	NA	NA
SA597_0659	cds	0.568492264352788	0.24450619441511	2.52326584067678	0.096900687384382	0.922805262923817	NA
SA597_0660	cds	0	NA	NA	NA	NA	NA
SA597_0661	cds	0.29575087855281	1.56501802603439	3.41354159963767	0.458473400822333	0.646612368153255	NA
SA597_0662	cds	0.463763657277273	0.441811536363649	2.92894915664529	0.15084302005081	0.880099549417796	NA
SA597_0663	cds	3.29389180009264	0.141954516370213	1.05074351341185	0.135099112731399	0.8925335116853	0.985168286643959
SA597_0664	cds	5.93989345089946	1.06854993886478	0.841595015113315	1.26967237171777	0.204201358140127	0.822712948604465
SA597_0665	cds	1.36483067770345	1.73612547953196	1.77143941938328	0.980064833454132	0.327054116648498	NA
SA597_0666	cds	1.06431737867812	1.11613682428635	1.93970993268992	0.575414295444951	0.565011138255933	NA
SA597_0667	cds	3.27286425790674	0.481574916898279	1.09236412559106	0.440855668559885	0.659317489178795	0.964166105872218
SA597_0668	cds	1.93332294205624	1.26357293597701	1.42403232365426	0.887320403468446	0.374906423624477	NA
SA597_0669	cds	0.795785700116476	-0.742378076074523	2.12040415715194	-0.350111592438897	0.726254951313432	NA
SA597_0670	cds	1.58989380111419	-2.96462427442827	1.63878884769841	-1.80903371327668	0.070445765932539	NA
SA597_0671	cds	8.5431708284009	-0.814788954210694	0.656768588856439	-1.24060280597371	0.214752514876432	0.828528944388814
SA597_0672	cds	0.0429304712893331	0.533366996243296	4.04698303010695	0.131793731843052	0.89514744456904	NA
SA597_0673	cds	0.0429304712893331	0.533366996243296	4.04698303010695	0.131793731843052	0.89514744456904	NA
SA597_0674	cds	2.32884844395604	-0.305455701255257	1.24162706120213	-0.246012438678259	0.805672603688715	0.978221241667233
SA597_0675	cds	11.1720576399732	1.08406273804128	0.67558578175737	1.60462633660134	0.108576061910376	0.662413588719267
SA597_0676	cds	5.4293534368433	-0.677501100775731	0.818206451775153	-0.828031970789093	0.407652394208358	0.919200581589408
SA597_0677	cds	0.0429304712893331	0.533366996243296	4.04698303010695	0.131793731843052	0.89514744456904	NA
SA597_0678	cds	0	NA	NA	NA	NA	NA
SA597_0679	cds	0	NA	NA	NA	NA	NA
SA597_0680	cds	0.81461942512215	1.54989358645626	2.17464306148908	0.712711715271093	0.476024165578832	NA
SA597_0681	cds	0.0429304712893331	0.533366996243296	4.04698303010695	0.131793731843052	0.89514744456904	NA
SA597_0682	cds	1.39932356157857	-1.0056795638224	1.62389123878102	-0.619302290575394	0.535717235771399	NA
SA597_0683	cds	0.174186114294548	-1.16802017323135	4.05506583760622	-0.288039755704893	0.77331630698403	NA
SA597_0684	cds	0.416657418240782	0.227222022581089	3.07212825131332	0.0739624143243214	0.94104029233645	NA
SA597_0685	cds	0.348372228589095	-2.04335432326204	3.46520987824492	-0.5896769301307	0.555407264716243	NA
SA597_0686	cds	1.40349932932573	-1.24637895086859	1.70206662331369	-0.732273892100689	0.464001411252202	NA
SA597_0687	cds	4.50271300111794	-0.431335643038166	0.974012694907879	-0.442843964245211	0.657878601000568	0.964166105872218
SA597_0688	cds	0.128791413867999	1.19152185427695	4.03612358514568	0.295214412824761	0.767830092550625	NA
SA597_0689	cds	0.243696871123322	0.271322101992547	3.6754588668843	0.0738199261151159	0.941153671535873	NA
SA597_0690	cds	0	NA	NA	NA	NA	NA
SA597_0691	cds	0.509158357703822	-1.58325783638875	2.62997114540734	-0.602005782137026	0.547170288530822	NA
SA597_0692	cds	0.42083318598794	0.207805883321683	3.03026819436605	0.0685767298445865	0.945326542144842	NA
SA597_0693	cds	2.3160341236182	-1.48404398974872	1.37400312741086	-1.08008778156512	0.280103092285265	0.85770418217198
SA597_0694	cds	0.0429304712893331	0.533366996243296	4.04698303010695	0.131793731843052	0.89514744456904	NA
SA597_0695	cds	0	NA	NA	NA	NA	NA
SA597_0696	cds	23.5363585692518	-1.07918432987741	0.429533485824806	-2.51245680602787	0.0119893781204955	0.295293942597389
SA597_0697	cds	13.4293501836525	0.292594022888555	0.52067227740364	0.561954295603351	0.574147159135312	0.964166105872218
SA597_0698	cds	2.31015303259663	-0.0511024619440478	1.22965481538732	-0.0415583798839934	0.966850752598124	0.992418444366647
SA597_0699	cds	1.69316292422835	2.26512255698296	1.73723669041442	1.30386525306613	0.192279529299171	NA
SA597_0700	cds	0	NA	NA	NA	NA	NA
SA597_0701	cds	0.0429304712893331	0.533366996243296	4.04698303010695	0.131793731843052	0.89514744456904	NA
SA597_0702	cds	3.98425939548738	1.22432782649702	1.04368759284921	1.17307883593276	0.240764192745011	0.8382627653164
SA597_0703	cds	4.27771563162516	0.487271234551741	0.958646281356177	0.508290955723949	0.611249311826892	0.964166105872218
SA597_0704	cds	2.45234443164445	-0.0404280776168464	1.24245561266797	-0.0325388506475766	0.974042334085251	0.992418444366647
SA597_0705	cds	1.45013890704793	-0.122432534228392	1.56350337306675	-0.0783065366774655	0.937584217915087	NA
SA597_0706	cds	0.74621523194277	0.838191582105585	2.2803962886569	0.367564000290169	0.713198362016719	NA
SA597_0707	cds	1.12905262025133	0.881704820154601	1.83196562227763	0.481288955116092	0.630311145812681	NA
SA597_0708	cds	16.7110529363698	0.571976414602926	0.479462524759322	1.19295332808345	0.232887652081168	0.8382627653164
SA597_0709	cds	1.28022924179305	-0.459697770760747	1.79380124794484	-0.256270181151576	0.797742220589605	NA
SA597_0710	cds	1.19190407007717	0.040917265533642	1.86922824596552	0.0218899246905543	0.982535761783093	NA
SA597_0711	cds	2.27791932241113	-0.610513034023738	1.31350552270859	-0.464796701246291	0.642077050313537	0.964166105872218
SA597_0712	cds	12.1699698928112	1.07159255362951	0.601291319951883	1.78215204190087	0.0747244410649176	0.561232774075587
SA597_0713	cds	3.35997007778106	1.46000251429408	1.11191829897732	1.31304837382109	0.189166648400503	0.806929696378568
SA597_0714	cds	0.604729489148006	1.03032232449511	2.4904179798526	0.413714618522025	0.67908311984602	NA
SA597_0715	cds	2.37057419277642	-0.717867973303569	1.28064928514908	-0.560550012894435	0.57510433632422	0.964166105872218
SA597_0716	cds	38.3789421074658	1.18611865090212	0.334923222437244	3.54146434597968	0.000397912631964208	0.0203547615581691
SA597_0717	cds	89.4016274180636	0.680099538382299	0.220695974384031	3.08161279461701	0.00205882457649132	0.0760621301870403
SA597_0718	cds	39.2401793181472	0.595083521598449	0.313502174812923	1.89817988329285	0.057672389867764	0.52976334540807
SA597_0719	cds	67.6763361159689	0.374052239920346	0.246725382942018	1.51606711664625	0.129502382155359	0.717659034444282
SA597_0720	cds	25.0517354802915	0.670626446738624	0.402120322217628	1.66772582653925	0.0953701660806312	0.617748639952602
SA597_0721	cds	50.3204303164706	-0.175796504314985	0.277145988081872	-0.63431011768084	0.525878454852865	0.964166105872218
SA597_0722	cds	0.512867464136691	0.789619826029567	2.62971357691706	0.300268376358795	0.763972452918863	NA
SA597_0723	cds	1.09448677923936	0.233757113357005	2.02115345884055	0.115655301844869	0.907925732402003	NA
SA597_0724	cds	3.39323739447909	0.445001986445095	1.05388131563252	0.422250570196335	0.672842133302422	0.964166105872218
SA597_0725	cds	10.2787902857482	0.160315747388533	0.607638127636993	0.263834246234639	0.791907644562622	0.97511068578006
SA597_0726	cds	0.752855228827143	-0.952948413706197	2.15641815119419	-0.441912628670126	0.658552431771633	NA
SA597_0727	cds	0.252820407263477	1.23517353768356	3.97012217876418	0.311117260897004	0.755711479573365	NA
SA597_0728	cds	0.841180400543025	-1.91755206508506	2.05790018271687	-0.931800327921385	0.351439725148037	NA
SA597_0729	cds	0	NA	NA	NA	NA	NA
SA597_0730	cds	0.0429304712893331	0.533366996243296	4.04698303010695	0.131793731843052	0.89514744456904	NA
SA597_0731	cds	21.5000851293977	-0.50252419981138	0.447154339813679	-1.1238271779287	0.261086349385567	0.85770418217198
SA597_0732	cds	0.301751960985459	1.21893634485722	3.71101045461231	0.328464810262726	0.742560246988339	NA
SA597_0733	cds	0	NA	NA	NA	NA	NA
SA597_0734	cds	0	NA	NA	NA	NA	NA
SA597_0735	cds	1.84932026577086	-2.16816548738447	1.50671791527428	-1.43899894293735	0.150150822247192	NA
SA597_0736	cds	24.3573787163168	-1.13262452534434	0.440644527644531	-2.57038146235197	0.0101586585868232	0.262991039995637
SA597_0737	cds	0.292041772119941	-1.17112321432212	3.74159268945205	-0.313001256824036	0.754279707287529	NA
SA597_0738	cds	0	NA	NA	NA	NA	NA
SA597_0739	cds	0.252820407263477	1.23517353768356	3.97012217876418	0.311117260897004	0.755711479573365	NA
SA597_0740	cds	0.229810914510645	-1.63428860420327	4.0371417113536	-0.40481328649108	0.685614761669358	NA
SA597_0741	cds	0.29575087855281	1.56501802603439	3.41354159963767	0.458473400822333	0.646612368153255	NA
SA597_0742	cds	0.334972243409274	-0.488262715672907	3.28441843750229	-0.148660326010171	0.881821668546081	NA
SA597_0743	cds	0.403997028805193	-2.27672766698602	2.99225294327641	-0.760874067181325	0.446732289316471	NA
SA597_0744	cds	0.525561793063455	-0.0328541391966299	2.61424723046658	-0.0125673420683958	0.989972975735498	NA
SA597_0745	cds	0.416657418240782	0.227222022581089	3.07212825131332	0.0739624143243214	0.94104029233645	NA
SA597_0746	cds	1.19802415603751	-0.673012703674905	1.90062381324602	-0.354100953057873	0.723263227866565	NA
SA597_0747	cds	0.292041772119941	-1.17112321432212	3.74159268945205	-0.313001256824036	0.754279707287529	NA
SA597_0748	cds	0.157835928544656	-0.393885238057851	4.04188960362838	-0.0974507660239564	0.922368431080567	NA
SA597_0749	cds	3.55043594316159	-0.705224282925983	1.04149328383712	-0.67712801788578	0.498324733613157	0.964166105872218
SA597_0750	cds	3.15137205337679	1.68371025685299	1.17541853984497	1.43243466031687	0.152019465088344	0.760097325441718
SA597_0751	cds	1.84991313383175	0.328006041484747	1.46986368423209	0.223154055034777	0.823415609043779	NA
SA597_0752	cds	5.40708683528872	-0.465256032505942	0.850362993523843	-0.54712638725958	0.584291904894539	0.964166105872218
SA597_0753	cds	1.11335444373621	0.111359365649963	1.89838069690364	0.0586601864586996	0.953222771304827	NA
SA597_0754	cds	0.460813456707203	-0.247643187227911	2.69910842819614	-0.0917499959026898	0.926896673892594	NA
SA597_0755	cds	0.157835928544656	-0.393885238057851	4.04188960362838	-0.0974507660239564	0.922368431080567	NA
SA597_0756	cds	2.39465009435195	-0.626483236590177	1.27544683261173	-0.491187261257553	0.62329400792258	0.964166105872218
SA597_0757	cds	1.43573303951122	-0.379322387802696	1.60448950291863	-0.236413131474338	0.813112107518505	NA
SA597_0758	cds	1.60379906784543	0.0221958912030844	1.50770737374245	0.0147216174634667	0.988254272984833	NA
SA597_0759	cds	3.81668405976054	-2.54658364750994	1.12651293967141	-2.26058978803451	0.0237846706992312	0.377704230239135
SA597_0760	cds	0.795785700116476	-0.742378076074523	2.12040415715194	-0.350111592438897	0.726254951313432	NA
SA597_0761	cds	4.84996403668503	0.401724743462984	0.867323084408639	0.463177736975477	0.643236972703509	0.964166105872218
SA597_0762	cds	7.74917390736863	1.06461330906017	0.718581151968688	1.48154916969845	0.1384602925583	0.731906372628074
SA597_0763	cds	6.80155237325677	0.823973102587725	0.769280624383946	1.07109561383738	0.284126440204833	0.85770418217198
SA597_0764	cds	2.22846785776512	-0.400066483765941	1.29279173354791	-0.309459345526603	0.75697213295136	0.97511068578006
SA597_0765	cds	7.11163754750136	0.77159782690089	0.725430217392728	1.06364169619801	0.287491045969847	0.85770418217198
SA597_0766	cds	0	NA	NA	NA	NA	NA
SA597_0767	cds	0.684589349294023	1.47210817670998	2.36011098999034	0.623745316620051	0.532794857067612	NA
SA597_0768	cds	1.62182685271409	1.68818428533764	1.63244379066433	1.03414542968774	0.30106818087872	NA
SA597_0769	cds	0.903464507762062	-0.345028095676868	2.02290849677631	-0.170560406576324	0.864569432622598	NA
SA597_0770	cds	0.978456436099455	0.862017321236541	2.02937286852753	0.424770299536922	0.671004130814995	NA
SA597_0771	cds	0.783144620799454	1.04148972969828	2.22786614707417	0.467483080644706	0.640154294355801	NA
SA597_0772	cds	5.80124043973664	0.218143687796013	0.783137520568928	0.278550933988628	0.78058947174733	0.97511068578006
SA597_0773	cds	0.29575087855281	1.56501802603439	3.41354159963767	0.458473400822333	0.646612368153255	NA
SA597_0774	cds	0	NA	NA	NA	NA	NA
SA597_0775	cds	0.391302699878428	-1.35970812939126	3.07112564520396	-0.442739336150136	0.657954286647296	NA
SA597_0776	cds	2.73940040560909	-1.72001799835328	1.2731023599621	-1.35104454476425	0.176681163931526	0.806929696378568
SA597_0777	cds	1.01290228570036	-0.936040560587774	1.93670684311466	-0.483315564209196	0.628871690509869	NA
SA597_0778	cds	0	NA	NA	NA	NA	NA
SA597_0779	cds	7.35497685263999	-0.252920263717078	0.731814981666703	-0.34560684059932	0.729638204374911	0.968510029940052
SA597_0780	cds	6.53915639791146	0.0781181209206195	0.743291504292711	0.10509755657029	0.916298398142282	0.985168286643959
SA597_0781	cds	0.733554842507181	-0.792605004090064	2.25848657026184	-0.350945192469386	0.725629466373622	NA
SA597_0782	cds	9.36260010567834	-0.771778856035337	0.663261824614957	-1.16361115232793	0.244581629809051	0.838385483623807
SA597_0783	cds	1.48765494862998	0.486183341588722	1.62285899846417	0.299584463005616	0.764494136863239	NA
SA597_0784	cds	0	NA	NA	NA	NA	NA
SA597_0785	cds	0.214652356446665	1.58210620426765	4.03153379525892	0.392432826962335	0.694738434906429	NA
SA597_0786	cds	0.814653364613325	-1.07099102353994	2.09896249057267	-0.510247814503694	0.609877857951461	NA
SA597_0787	cds	0.200766399833989	-0.00898487287243682	3.96546975350417	-0.00226577768358897	0.998192172514875	NA
SA597_0788	cds	3.32372663765032	0.252605148800399	1.08373198744123	0.233088209748997	0.815692910041561	0.980896537391751
SA597_0789	cds	12.319656426783	0.27555679993151	0.573424725755159	0.480545723884896	0.630839398685665	0.964166105872218
SA597_0790	cds	2.01317658686673	-0.145786239009782	1.3447220028118	-0.108413663720044	0.913667562938003	NA
SA597_0791	cds	3.04188724116428	3.16436840512407	1.40613021746908	2.25040921943892	0.0244229803011771	0.377704230239135
SA597_0792	cds	0.214652356446665	1.58210620426765	4.03153379525892	0.392432826962335	0.694738434906429	NA
SA597_0793	cds	0.252820407263477	1.23517353768356	3.97012217876418	0.311117260897004	0.755711479573365	NA
SA597_0794	cds	0.157835928544656	-0.393885238057851	4.04188960362838	-0.0974507660239564	0.922368431080567	NA
SA597_0795	cds	0.416657418240782	0.227222022581089	3.07212825131332	0.0739624143243214	0.94104029233645	NA
SA597_0796	cds	0.200766399833989	-0.00898487287243682	3.96546975350417	-0.00226577768358897	0.998192172514875	NA
SA597_0797	cds	3.74161583840371	0.948472445917613	1.01429872172171	0.935101687112096	0.349735897194876	0.897970546851709
SA597_0798	cds	0	NA	NA	NA	NA	NA
SA597_0799	cds	0.531562875496104	-0.407332681309475	2.81126707919541	-0.144892914772813	0.884795420595214	NA
SA597_0800	cds	6.76934638722692	-0.243314024808281	0.771182373307358	-0.315507762145527	0.752376158467795	0.973404952103276
SA597_0801	cds	0.229810914510645	-1.63428860420327	4.0371417113536	-0.40481328649108	0.685614761669358	NA
SA597_0802	cds	1.24937250721394	-0.107230066662968	1.67129548716004	-0.0641598493424876	0.948842947075904	NA
SA597_0803	cds	2.6468645387715	-2.45621798688273	1.31393488564911	-1.86936050919245	0.061572674900978	0.52976334540807
SA597_0804	cds	3.33328541808654	-0.111507235878629	1.02899132909666	-0.10836557386399	0.913705708360156	0.985168286643959
SA597_0805	cds	3.43976678011923	-1.41286679063619	1.08328956863975	-1.30423741863432	0.192152645393582	0.806929696378568
SA597_0806	cds	6.82500552434275	-0.553941517929884	0.733843503771023	-0.754849658112838	0.450339194435512	0.947926217855059
SA597_0807	cds	1.36305239729218	0.0894669830172558	1.64982243947833	0.0542282495839645	0.956753313879291	NA
SA597_0808	cds	3.66115100329715	0.701286379803643	1.04302573016412	0.67235769887795	0.501356005660466	0.964166105872218
SA597_0809	cds	4.64498792961271	1.05712162644349	0.935654461595543	1.12982053721073	0.258551852581341	0.85770418217198
SA597_0810	cds	15.7948988208555	-0.185084167158583	0.493572505253465	-0.374988811549656	0.707668787636514	0.967174535295726
SA597_0811	cds	0	NA	NA	NA	NA	NA
SA597_0812	cds	0.459587889530115	0.587854330210699	2.75728289311028	0.213200586591819	0.831170510751725	NA
SA597_0813	cds	0.521852686630586	-2.53950102845313	2.73541429591221	-0.92837894144523	0.353211038164125	NA
SA597_0814	cds	3.39782756181418	0.437174604586153	1.0690398393592	0.408941358862922	0.682582696270866	0.964166105872218
SA597_0815	cds	4.53789691187351	-0.111111331071387	0.917325308459386	-0.121125330399958	0.903591766127968	0.985168286643959
SA597_0816	cds	8.2914070306311	-0.465565472160139	0.690545137170321	-0.674199914096721	0.50018422424856	0.964166105872218
SA597_0817	cds	0.302977528162547	0.187836643912349	3.38285985672646	0.0555259903950367	0.955719424545285	NA
SA597_0818	cds	9.64564162852323	-0.0717207263450009	0.626966454061198	-0.114393243658297	0.908926069618744	0.985168286643959
SA597_0819	cds	1.49725824086746	-0.268220794218911	1.61905697330578	-0.165664827514538	0.868420727087861	NA
SA597_0820	cds	3.7814030112774	1.68020869772849	1.07472325858521	1.56338730394684	0.117961524567883	0.678824851509992
SA597_0821	cds	0.174186114294548	-1.16802017323135	4.05506583760622	-0.288039755704893	0.77331630698403	NA
SA597_0822	cds	107.727765233293	0.398970370179699	0.213433677683138	1.86929436118328	0.0615818722097112	0.52976334540807
SA597_0823	cds	0.535738643243263	-0.626863941681168	2.57998974239472	-0.242971486041382	0.808027486486825	NA
SA597_0824	cds	1.75435509717061	-0.433655146306057	1.40269432567513	-0.309158694355833	0.757200812872294	NA
SA597_0825	cds	2.55492252787817	0.850844389852329	1.21126662278004	0.702441868578455	0.482403642399059	0.954757208914804
SA597_0826	cds	0.260047056873214	-0.0995831982621674	3.58498699094132	-0.0277778408997851	0.977839339542392	NA
SA597_0827	cds	3.60894306496541	0.341580856388238	1.00644637232804	0.339393002727126	0.734313689133239	0.968510029940052
SA597_0828	cds	14.8652090710657	0.392612203645173	0.521315899516444	0.753117647110605	0.451379220819099	0.947926217855059
SA597_0829	cds	0.292041772119941	-1.17112321432212	3.74159268945205	-0.313001256824036	0.754279707287529	NA
SA597_0830	cds	0.114905457255323	-1.06803554532648	4.05863953808327	-0.2631511212821	0.792434102912824	NA
SA597_0831	cds	0.502518360819448	0.864037257193951	2.65349802146314	0.325621971527803	0.744710386575667	NA
SA597_0832	cds	0.157835928544656	-0.393885238057851	4.04188960362838	-0.0974507660239564	0.922368431080567	NA
SA597_0833	cds	0.91317469662758	1.09219216773281	2.0454552865731	0.533960421869029	0.593368916946959	NA
SA597_0834	cds	0.0858609425786661	0.917705217467736	4.04010252673348	0.227148992233552	0.820307889253335	NA
SA597_0835	cds	2.2823471798801	0.0287107157200298	1.30199922952763	0.0220512540014684	0.982407070680633	0.992418444366647
SA597_0836	cds	0	NA	NA	NA	NA	NA
SA597_0837	cds	0	NA	NA	NA	NA	NA
SA597_0838	cds	0.301751960985459	1.21893634485722	3.71101045461231	0.328464810262726	0.742560246988339	NA
SA597_0839	cds	0	NA	NA	NA	NA	NA
SA597_0840	cds	0.252820407263477	1.23517353768356	3.97012217876418	0.311117260897004	0.755711479573365	NA
SA597_0841	cds	0	NA	NA	NA	NA	NA
SA597_0842	cds	0	NA	NA	NA	NA	NA
SA597_0843	cds	2.56668254629297	0.788297190826902	1.2409260660282	0.635249119514415	0.525265952076516	0.964166105872218
SA597_0844	cds	14.0197589097288	-1.23020356065772	0.528674811179711	-2.32695701524457	0.0199675531612611	0.36546356377083
SA597_0845	cds	7.8295332311391	1.37263765254661	0.713723464060722	1.92320656621964	0.0544541129604867	0.517314073124624
SA597_0846	cds	0	NA	NA	NA	NA	NA
SA597_0847	cds	4.71451232793071	-0.913895124589605	0.915134989193792	-0.998645156595663	0.317966616904712	0.874207252165924
SA597_0848	cds	1.39577207891053	2.62567642327091	1.83024159265414	1.43460646605854	0.15139927098952	NA
SA597_0849	cds	0.302977528162547	0.187836643912349	3.38285985672646	0.0555259903950367	0.955719424545285	NA
SA597_0850	cds	1.30150788581737	-2.68611415871963	1.84652767356054	-1.45468394391304	0.145756779609698	NA
SA597_0851	cds	0.243696871123322	0.271322101992547	3.6754588668843	0.0738199261151159	0.941153671535873	NA
SA597_0852	cds	1.01167671852327	-0.442316539757901	1.88382978116798	-0.234796447205364	0.814366725388759	NA
SA597_0853	cds	1.76770765066766	0.369098904302458	1.53120169007724	0.241051787425757	0.809514979095294	NA
SA597_0854	cds	0.171721885157332	1.40565572726871	4.03346404978335	0.348498389949507	0.727465922766015	NA
SA597_0855	cds	1.53843013927264	0.659288494352128	1.59298466061306	0.413869957855339	0.678969346464465	NA
SA597_0856	cds	2.57618186178393	-1.52858047674246	1.25765715117994	-1.21541906338173	0.224206300858994	0.832228320253969
SA597_0857	cds	2.30830939567595	-0.019382120976712	1.28457186957107	-0.0150883897085368	0.987961663579531	0.992418444366647
SA597_0858	cds	0.624063814959144	-1.96429433392984	2.29132178003526	-0.857275634982882	0.391292570726925	NA
SA597_0859	cds	0.214652356446665	1.58210620426765	4.03153379525892	0.392432826962335	0.694738434906429	NA
SA597_0860	cds	0.338681349842143	1.8176737421668	3.22336777765085	0.563905166133878	0.572818674000172	NA
SA597_0861	cds	6.22744903778619	-1.17252528619753	0.811036392674321	-1.44571229699228	0.148257913824548	0.752606967124613
SA597_0862	cds	0.34590799945188	0.418149151827871	3.22078057440653	0.12982851273714	0.89670210392465	NA
SA597_0863	cds	0	NA	NA	NA	NA	NA
SA597_0864	cds	0.80552982847317	-1.26936497393449	2.18110619370409	-0.581982196739709	0.560578672799381	NA
SA597_0865	cds	2.32533090077917	0.728398465530433	1.3263139322371	0.549190088278603	0.582875005756268	0.964166105872218
SA597_0866	cds	0.410656335808133	0.597338615288422	2.85283762093763	0.209384022036311	0.83414846489473	NA
SA597_0867	cds	4.24161050514068	0.226276142626642	0.955251630747436	0.236875955343402	0.812753024041373	0.980896537391751
SA597_0868	cds	4.24442239206449	-0.325042664397789	0.960789754274918	-0.338307796218216	0.735131249207957	0.968510029940052
SA597_0869	cds	0.712874958107881	-1.1158916903	2.50960120549324	-0.444649009514912	0.656573423904121	NA
SA597_0870	cds	2.43957813346421	-0.223378060053325	1.32182277351479	-0.168992443260265	0.865802585317824	0.985168286643959
SA597_0871	cds	0.624063814959144	-1.96429433392984	2.29132178003526	-0.857275634982882	0.391292570726925	NA
SA597_0872	cds	0	NA	NA	NA	NA	NA
SA597_0873	cds	2.49579481385781	-0.191696476597144	1.21493340253649	-0.157783526403116	0.874627380068491	0.985168286643959
SA597_0874	cds	1.03530680349264	-0.124432195891609	1.87890113810745	-0.0662260474316094	0.947197859440542	NA
SA597_0875	cds	0.651349756751642	-1.17265866224614	2.55401165980586	-0.459143817039299	0.646130892964129	NA
SA597_0876	cds	0.487393742246644	0.276902664374103	2.83596160699991	0.0976397789344654	0.922218336380587	NA
SA597_0877	cds	0	NA	NA	NA	NA	NA
SA597_0878	cds	0	NA	NA	NA	NA	NA
SA597_0879	cds	0	NA	NA	NA	NA	NA
SA597_0880	cds	0	NA	NA	NA	NA	NA
SA597_0881	cds	0.604729489148006	1.03032232449511	2.4904179798526	0.413714618522025	0.67908311984602	NA
SA597_0882	cds	0.114905457255323	-1.06803554532648	4.05863953808327	-0.2631511212821	0.792434102912824	NA
SA597_0883	cds	0.0429304712893331	0.533366996243296	4.04698303010695	0.131793731843052	0.89514744456904	NA
SA597_0884	cds	0.0858609425786661	0.917705217467736	4.04010252673348	0.227148992233552	0.820307889253335	NA
SA597_0885	cds	0.403997028805193	-2.27672766698602	2.99225294327641	-0.760874067181325	0.446732289316471	NA
SA597_0886	cds	0.928286220417345	1.12774652766913	1.99984955189165	0.56391568385852	0.572811515696335	NA
SA597_0887	cds	0.467472763710142	2.30175764253636	2.83890944526154	0.810789384768244	0.417486631543915	NA
SA597_0888	cds	2.23324958835621	1.27648571703093	1.31039442675657	0.974123279958104	0.329995331801818	0.885741004315418
SA597_0889	cds	1.16409821736064	0.268898646005203	1.78673987557921	0.150496806883001	0.880372669786317	NA
SA597_0890	cds	9.58611356250815	0.675405250583093	0.628681647010166	1.07431997386138	0.28267929586245	0.85770418217198
SA597_0891	cds	0.252820407263477	1.23517353768356	3.97012217876418	0.311117260897004	0.755711479573365	NA
SA597_0892	cds	0.114905457255323	-1.06803554532648	4.05863953808327	-0.2631511212821	0.792434102912824	NA
SA597_0893	cds	0.315671857089311	-0.58316765889771	3.32387713041827	-0.17544801929075	0.860727611750094	NA
SA597_0894	cds	2.62397873029231	0.576964614587811	1.24523803102604	0.46333680807388	0.64312296611299	0.964166105872218
SA597_0895	cds	0	NA	NA	NA	NA	NA
SA597_0896	cds	0	NA	NA	NA	NA	NA
SA597_0897	cds	9.46499029295469	0.0260019535926159	0.657308855881738	0.0395581975808555	0.968445354831249	0.992418444366647
SA597_0898	cds	0	NA	NA	NA	NA	NA
SA597_0899	cds	1.18586904815334	1.64098995656474	1.8599506713875	0.882276063450965	0.37762753743675	NA
SA597_0900	cds	2.24052327224016	0.0808821919148278	1.26997712870292	0.0636879122362119	0.949218729844801	0.992418444366647
SA597_0901	cds	0.157835928544656	-0.393885238057851	4.04188960362838	-0.0974507660239564	0.922368431080567	NA
SA597_0902	cds	6.3174270394199	-1.13603449208977	0.832929807184346	-1.36390183457361	0.172598463367355	0.806929696378568
SA597_0903	cds	4.82517512633991	0.882764356903152	0.935071556415483	0.944060752192222	0.345138603978503	0.89314720108911
SA597_0904	cds	89.9813527570979	-0.188823046006564	0.223586632843206	-0.844518492028901	0.398379734411596	0.919200581589408
SA597_0905	cds	38.9390090808715	-0.616033285023449	0.316040698797805	-1.94922137359775	0.0512689935458902	0.516573950121469
SA597_0906	cds	0	NA	NA	NA	NA	NA
SA597_0907	cds	4.90742779307585	-1.6150723123105	0.894642105664619	-1.80527196527452	0.0710321343633863	0.556157963252573
SA597_0908	cds	0.374952514128536	-0.778597107229497	2.89698913863416	-0.268760796112816	0.788113763796406	NA
SA597_0909	cds	1.83667918645384	-0.835726297908176	1.42479079754506	-0.586560707261828	0.557498778620193	NA
SA597_0910	cds	0.292041772119941	-1.17112321432212	3.74159268945205	-0.313001256824036	0.754279707287529	NA
SA597_0911	cds	0.0429304712893331	0.533366996243296	4.04698303010695	0.131793731843052	0.89514744456904	NA
SA597_0912	cds	0	NA	NA	NA	NA	NA
SA597_0913	cds	0	NA	NA	NA	NA	NA
SA597_0914	cds	1.24812762991829	-2.50286407546328	1.78157560734212	-1.40485986962812	0.160062951870796	NA
SA597_0915	cds	2.6312732588844	-1.43257631680864	1.21876140228491	-1.1754362372511	0.239820233012507	0.8382627653164
SA597_0916	cds	1.93166366517266	-0.361387723197258	1.43264431424428	-0.252252230092359	0.800846109224583	NA
SA597_0917	cds	0.798735900686547	-0.660947240400745	2.4152219622976	-0.273659005556569	0.784346684289157	NA
SA597_0918	cds	0.334972243409274	-0.488262715672907	3.28441843750229	-0.148660326010171	0.881821668546081	NA
SA597_0919	cds	3.34977391748269	0.506051950591353	1.07530219818505	0.470613704171251	0.63791661947732	0.964166105872218
SA597_0920	cds	2.72127602971905	-0.595593339053767	1.18094076416446	-0.504338030430479	0.614023857092957	0.964166105872218
SA597_0921	cds	0.344682432274792	1.55557122315285	3.23193142835006	0.481313189230313	0.630293924553744	NA
SA597_0922	cds	0.690624371217848	-0.993214445856713	2.30440692624694	-0.431006535583673	0.666463618377383	NA
SA597_0923	cds	0	NA	NA	NA	NA	NA
SA597_0924	cds	0	NA	NA	NA	NA	NA
SA597_0925	cds	2.15464301954293	-1.82233374121759	1.36624553174338	-1.33382594773592	0.182260905063611	0.806929696378568
SA597_0926	cds	0.521852686630586	-2.53950102845313	2.73541429591221	-0.92837894144523	0.353211038164125	NA
SA597_0927	cds	2.59926391426507	0.909011677384539	1.21827249673064	0.74614807428056	0.455577971330737	0.947926217855059
SA597_0928	cds	3.77840069827861	-0.461907620562767	0.975958817109781	-0.473285975253205	0.636009166573557	0.964166105872218
SA597_0929	cds	50.8712751332903	0.0762658794449097	0.285564932032192	0.267070185761857	0.789415122401796	0.97511068578006
SA597_0930	cds	0.0429304712893331	0.533366996243296	4.04698303010695	0.131793731843052	0.89514744456904	NA
SA597_0931	cds	2.10274663587827	0.772149267341275	1.34254449589426	0.575138678608155	0.565197511016201	0.964166105872218
SA597_0932	cds	0.928286220417345	1.12774652766913	1.99984955189165	0.56391568385852	0.572811515696335	NA
SA597_0933	cds	2.65537508332257	1.22413911397512	1.27548263668496	0.959745808188124	0.337183162404823	0.886271948613467
SA597_0934	cds	11.4832613408245	0.0851563922409802	0.560657591429175	0.15188663016924	0.879276353523686	0.985168286643959
SA597_0935	cds	1.46464545587715	-0.280750542937204	1.73498975216343	-0.16181683066838	0.871450098764516	NA
SA597_0936	cds	0.713633863970679	0.44917805572784	2.20212567803541	0.203974759573472	0.838373223186146	NA
SA597_0937	cds	0.388838470741213	0.612229912166788	3.08712215183183	0.198317359034045	0.84279677086846	NA
SA597_0938	cds	24.4957188392333	0.0626578475870917	0.389145313283632	0.161014010571991	0.872082365782463	0.985168286643959
SA597_0939	cds	30.6628166101527	-0.115925031938629	0.35524488118324	-0.32632428524377	0.744179016041782	0.968510029940052
SA597_0940	cds	87.5867993739124	-0.184685505084786	0.221320924718683	-0.834469245596802	0.404016610781264	0.919200581589408
SA597_0941	cds	43.1260301837046	-0.083606554976633	0.305077347507115	-0.274050353655586	0.784045925706663	0.97511068578006
SA597_0942	cds	0	NA	NA	NA	NA	NA
SA597_0943	cds	0.200766399833989	-0.00898487287243682	3.96546975350417	-0.00226577768358897	0.998192172514875	NA
SA597_0944	cds	0.722585146973399	1.03046529554354	2.38427855544395	0.432191655287388	0.665602123788932	NA
SA597_0945	cds	0	NA	NA	NA	NA	NA
SA597_0946	cds	0	NA	NA	NA	NA	NA
SA597_0947	cds	1.86030927142321	-0.600267473414966	1.44499222688979	-0.415412250837491	0.677840139933527	NA
SA597_0948	cds	7.52462133339002	-0.439146584608517	0.725328842285697	-0.605444812072623	0.544883483516454	0.964166105872218
SA597_0949	cds	0.489857971383859	-1.18132972856564	2.61466640735999	-0.45180896700257	0.651406609284076	NA
SA597_0950	cds	1.02573492827338	0.877538655192485	2.04044335333318	0.430072539754155	0.667142874623608	NA
SA597_0951	cds	1.00626228881598	0.51232854417184	1.91268723455792	0.267857982693263	0.788808637120055	NA
SA597_0952	cds	3.05269309759771	-0.886198793978649	1.088687385241	-0.814006670778569	0.415641129459091	0.929755237068483
SA597_0953	cds	0.157835928544656	-0.393885238057851	4.04188960362838	-0.0974507660239564	0.922368431080567	NA
SA597_0954	cds	5.08877849592476	-0.230290225956652	0.857454378918949	-0.268574319075721	0.788257276796454	0.97511068578006
SA597_0955	cds	0.867760686082466	-1.24070158488644	2.02589587824792	-0.612421200027048	0.54025911896958	NA
SA597_0956	cds	1.5970051400588	0.632357402810699	1.57984724365753	0.400264902413426	0.688961415820441	NA
SA597_0957	cds	1.89520093763026	-1.82427931134739	1.51133812513065	-1.20706232510987	0.227408142601958	NA
SA597_0958	cds	10.9699075078465	-0.0798695279864613	0.587667810322761	-0.135909312341942	0.891892973604241	0.985168286643959
SA597_0959	cds	1.3491664406795	-0.663756781066244	1.73928338018139	-0.381626587495489	0.702738360246597	NA
SA597_0960	cds	2.28952639780707	0.574086088024565	1.32903864152915	0.431955904129347	0.665773462369735	0.964166105872218
SA597_0961	cds	0.899755401329193	-1.98092612455527	2.12360382351523	-0.932813410213312	0.350916316072505	NA
SA597_0962	cds	1.76413685788105	1.03946336469215	1.56566408093871	0.663912123518175	0.506746556360857	NA
SA597_0963	cds	1.13693127909583	-0.871789775345729	1.77989776426197	-0.489797668635881	0.624277080610507	NA
SA597_0964	cds	0	NA	NA	NA	NA	NA
SA597_0965	cds	0	NA	NA	NA	NA	NA
SA597_0966	cds	0.301751960985459	1.21893634485722	3.71101045461231	0.328464810262726	0.742560246988339	NA
SA597_0967	cds	0.28909157154987	-1.86405930126458	3.41831633620067	-0.545315037559224	0.585536863494469	NA
SA597_0968	cds	0.387646843055301	-1.43110697574056	3.06166160134665	-0.467428201441692	0.64019354962648	NA
SA597_0969	cds	0.387646843055301	-1.43110697574056	3.06166160134665	-0.467428201441692	0.64019354962648	NA
SA597_0970	cds	6.05521444492373	0.0467137752478341	0.787180048020401	0.0593431901193505	0.952678760968326	0.992418444366647
SA597_0971	cds	0.640433310827602	2.58107455702157	2.4247716581171	1.064460873411	0.287119970108237	NA
SA597_0972	cds	0.174186114294548	-1.16802017323135	4.05506583760622	-0.288039755704893	0.77331630698403	NA
SA597_0973	cds	0.332022042839203	-1.18469990688433	3.01820684669062	-0.392517798501224	0.694675663065794	NA
SA597_0974	cds	0	NA	NA	NA	NA	NA
SA597_0975	cds	0	NA	NA	NA	NA	NA
SA597_0976	cds	0	NA	NA	NA	NA	NA
SA597_0977	cds	0.301751960985459	1.21893634485722	3.71101045461231	0.328464810262726	0.742560246988339	NA
SA597_0978	cds	0	NA	NA	NA	NA	NA
SA597_0979	cds	0	NA	NA	NA	NA	NA
SA597_0980	cds	0.174186114294548	-1.16802017323135	4.05506583760622	-0.288039755704893	0.77331630698403	NA
SA597_0981	cds	2.49703347581794	-0.432960088269015	1.18763317791668	-0.36455708405562	0.715442055103341	0.968510029940052
SA597_0982	cds	7.76497137988434	0.627425574900277	0.706086354104576	0.888596092040255	0.374220192095714	0.90082186683426
SA597_0983	cds	0.0429304712893331	0.533366996243296	4.04698303010695	0.131793731843052	0.89514744456904	NA
SA597_0984	cds	0.28909157154987	-1.86405930126458	3.41831633620067	-0.545315037559224	0.585536863494469	NA
SA597_0985	cds	0	NA	NA	NA	NA	NA
SA597_0986	cds	0.114905457255323	-1.06803554532648	4.05863953808327	-0.2631511212821	0.792434102912824	NA
SA597_0987	cds	0.114905457255323	-1.06803554532648	4.05863953808327	-0.2631511212821	0.792434102912824	NA
SA597_0988	cds	1.18093437454339	1.27423746587161	1.87006158316078	0.681387969971495	0.495626032895056	NA
SA597_0989	cds	1.26030826325655	0.338382875164396	1.71568470501143	0.197229056233931	0.843648293583911	NA
SA597_0990	cds	9.65639785457233	0.276829204504818	0.612347449539537	0.452078643771577	0.651212328173595	0.964166105872218
SA597_0991	cds	2.02525653891248	2.23645277652568	1.52525471282196	1.46628150545943	0.142571611826032	0.737298181763915
SA597_0992	cds	1.30447739650601	0.11957785833484	1.65124566442074	0.0724167583972361	0.942270248536579	NA
SA597_0993	cds	13.2480340493335	-0.307524602607693	0.558181121255964	-0.550940529689954	0.58167444273947	0.964166105872218
SA597_0994	cds	6.77241174916448	0.340414980821734	0.799740322057887	0.425656893159745	0.670357877181197	0.964166105872218
SA597_0995	cds	2.39656668840948	1.37695453099534	1.33228244620607	1.03353049116311	0.301355708947809	0.867539162122482
SA597_0996	cds	0.770450291872689	1.72480473225711	2.26639087258159	0.761035862402863	0.446635647272075	NA
SA597_0997	cds	0.358602328378644	-0.300229141400638	3.16842425348076	-0.0947566100312524	0.92450815191291	NA
SA597_0998	cds	0	NA	NA	NA	NA	NA
SA597_0999	cds	1.51793812526676	-0.188867685577492	1.55239074111729	-0.121662465882501	0.903166340240987	NA
SA597_1000	cds	0.0429304712893331	0.533366996243296	4.04698303010695	0.131793731843052	0.89514744456904	NA
SA597_1001	cds	0	NA	NA	NA	NA	NA
SA597_1002	cds	0	NA	NA	NA	NA	NA
SA597_1003	cds	0.174186114294548	-1.16802017323135	4.05506583760622	-0.288039755704893	0.77331630698403	NA
SA597_1004	cds	0.459587889530115	0.587854330210699	2.75728289311028	0.213200586591819	0.831170510751725	NA
SA597_1005	cds	0.449877700664597	-1.35397702929382	2.7329488843144	-0.49542713259838	0.620298646169394	NA
SA597_1006	cds	4.6954848760407	-0.880955140196813	0.933218142376303	-0.943997014410361	0.345171173954739	0.89314720108911
SA597_1007	cds	0	NA	NA	NA	NA	NA
SA597_1008	cds	1.49608632070867	1.09120124852171	1.66096771848995	0.656967162199736	0.511202031284241	NA
SA597_1009	cds	0.174186114294548	-1.16802017323135	4.05506583760622	-0.288039755704893	0.77331630698403	NA
SA597_1010	cds	0	NA	NA	NA	NA	NA
SA597_1011	cds	0.114905457255323	-1.06803554532648	4.05863953808327	-0.2631511212821	0.792434102912824	NA
SA597_1012	cds	0.981406636669525	1.61807038198371	2.18459351451894	0.740673434773982	0.458891470373716	NA
SA597_1013	cds	2.77456869910867	-0.669203609117296	1.24253837932943	-0.538577817997421	0.590178196720543	0.964166105872218
SA597_1014	cds	0.367725864518799	0.243509156916602	3.19969072444314	0.0761039668791681	0.939336384182992	NA
SA597_1015	cds	0.0429304712893331	0.533366996243296	4.04698303010695	0.131793731843052	0.89514744456904	NA
SA597_1016	cds	0.636758143885909	-2.86431872688816	2.53706671044238	-1.12898833723955	0.258902753614119	NA
SA597_1017	cds	0	NA	NA	NA	NA	NA
SA597_1018	cds	0.636724204394733	0.489594044325112	2.517013316272	0.194513887217037	0.845773522963098	NA
SA597_1019	cds	1.80763467177718	-0.405265683253763	1.42329046110427	-0.284738564845952	0.775844442610814	NA
SA597_1020	cds	2.01991726504361	-1.33514216611089	1.50226220136883	-0.888754416435651	0.374135078834275	NA
SA597_1021	cds	0.34590799945188	0.418149151827871	3.22078057440653	0.12982851273714	0.89670210392465	NA
SA597_1022	cds	2.74861522112129	0.0268255501681212	1.16540189500526	0.0230182826054184	0.981635689402396	0.992418444366647
SA597_1023	cds	3.31520438360813	-1.27836914095713	1.05669705371013	-1.20977827700825	0.226363983916066	0.832228320253969
SA597_1024	cds	5.63187219422592	-1.73437075856476	0.865410917016477	-2.00410085482171	0.0450592578780369	0.489205440594976
SA597_1025	cds	0.564783157919919	-1.83372391465633	2.4965535138206	-0.734502146461139	0.46264275244871	NA
SA597_1026	cds	5.72839902224105	-0.35082843489896	0.862275116148488	-0.406863689243406	0.684108106159299	0.964166105872218
SA597_1027	cds	0.434233171167761	-0.954104621169154	2.96169745978113	-0.322147901372635	0.747340650869679	NA
SA597_1028	cds	4.63148258239443	-0.738012933875646	0.915657108329742	-0.805992687832524	0.420247065296265	0.929755237068483
SA597_1029	cds	1.8221412206064	-0.455210109207886	1.46123817564582	-0.311523553651133	0.755402639860972	NA
SA597_1030	cds	7.70723194031574	-0.0921796023653936	0.778741639206286	-0.118369941614199	0.905774541427025	0.985168286643959
SA597_1031	cds	31.1364933534701	-0.278515293941483	0.344534018881594	-0.80838256508191	0.418870385525722	0.929755237068483
SA597_1032	cds	0.444463270957311	0.113586131505193	2.93017096651141	0.0387643358709631	0.969078279302247	NA
SA597_1033	cds	3.74331746881555	-0.944322646062024	1.00402899655054	-0.940533240878855	0.346944107272825	0.894255160218715
SA597_1034	cds	1.72601623874701	-0.0433327827688716	1.58814969669289	-0.0272850744858034	0.978232361272452	NA
SA597_1035	cds	0.836251942268594	0.616311290532369	2.2120560488849	0.278614681053427	0.780540544835098	NA
SA597_1036	cds	1.18044840311053	0.0532486832882008	1.76626651280722	0.0301475926209855	0.975949344540145	NA
SA597_1037	cds	0.114905457255323	-1.06803554532648	4.05863953808327	-0.2631511212821	0.792434102912824	NA
SA597_1038	cds	3.26310180731486	0.798845717648928	1.08863497121885	0.7338049380818	0.463067630529201	0.947926217855059
SA597_1039	cds	7.59221120746851	-0.0235372096246012	0.721302910127093	-0.0326315190111377	0.97396843467212	0.992418444366647
SA597_1040	cds	0.463763657277273	0.441811536363649	2.92894915664529	0.15084302005081	0.880099549417796	NA
SA597_1041	cds	0.0429304712893331	0.533366996243296	4.04698303010695	0.131793731843052	0.89514744456904	NA
SA597_1042	cds	0.377902714698607	-0.0855466317154501	3.14951325293678	-0.0271618579904948	0.978330637387829	NA
SA597_1043	cds	0.712408296793592	1.47147376170982	2.29969032752187	0.639857351270188	0.522265343057033	NA
SA597_1044	cds	0.637949771571821	-0.595656194274539	2.44342327931918	-0.243779372700627	0.807401696645857	NA
SA597_1045	cds	0.372488284991321	0.850671857693526	3.13738946196212	0.271140025172876	0.786283338527126	NA
SA597_1046	cds	0.415418756280654	0.99755170538039	3.0175457442561	0.330583788921586	0.740958892932124	NA
SA597_1047	cds	0.818156278417584	2.98508322400838	2.33083063671194	1.28069503506243	0.200300804369437	NA
SA597_1048	cds	2.14738864577754	1.17631548877826	1.32496924320433	0.88780588289992	0.37464517790983	0.90082186683426
SA597_1049	cds	0.759514535830083	1.33566690114207	2.31948161596401	0.575847159964209	0.564718493901228	NA
SA597_1050	cds	0.74621523194277	0.838191582105585	2.2803962886569	0.367564000290169	0.713198362016719	NA
SA597_1051	cds	0.0429304712893331	0.533366996243296	4.04698303010695	0.131793731843052	0.89514744456904	NA
SA597_1052	cds	0.927041343121691	-1.33389176571308	1.99128200525986	-0.669865826231383	0.502943326361139	NA
SA597_1053	cds	0.252820407263477	1.23517353768356	3.97012217876418	0.311117260897004	0.755711479573365	NA
SA597_1054	cds	1.34618230061825	0.831944488276174	1.72140729972912	0.483293226656521	0.628887548703525	NA
SA597_1055	cds	4.67894780778076	0.255719194276654	0.893557028553055	0.286181168191069	0.774739366446132	0.97511068578006
SA597_1056	cds	1.30375243013439	-2.60120903129057	1.76297987922128	-1.4754615534464	0.140088497282478	NA
SA597_1057	cds	2.90150184668338	1.76073127422941	1.23594382123715	1.42460461711517	0.154271524640722	0.765601223030451
SA597_1058	cds	2.79508254570606	0.435520282168544	1.13279036186001	0.384466797063342	0.700632500494032	0.967174535295726
SA597_1059	cds	0	NA	NA	NA	NA	NA
SA597_1060	cds	0.979715942767718	-1.57464707521866	2.01328197135755	-0.78212942728379	0.434138514142441	NA
SA597_1061	cds	0.884110871832358	-1.59126312354835	2.02224842398366	-0.786878162285173	0.431353192239911	NA
SA597_1062	cds	0.28909157154987	-1.86405930126458	3.41831633620067	-0.545315037559224	0.585536863494469	NA
SA597_1063	cds	0.637949771571821	-0.595656194274539	2.44342327931918	-0.243779372700627	0.807401696645857	NA
SA597_1064	cds	1.33295456857587	1.7222956217114	1.88792189973303	0.912270588076207	0.361626293221405	NA
SA597_1065	cds	1.07394151562374	-2.26075930936016	1.89053578789227	-1.19582994611313	0.231762927249213	NA
SA597_1066	cds	0.506208157133751	-1.75044389109608	2.58525860587536	-0.677086573512588	0.498351027162197	NA
SA597_1067	cds	3.53035580627069	-0.554513375636816	1.04167087682477	-0.532330689062833	0.594496980570451	0.964166105872218
SA597_1068	cds	0.903464507762062	-0.345028095676868	2.02290849677631	-0.170560406576324	0.864569432622598	NA
SA597_1069	cds	1.06852708591645	-1.07661197467702	1.88124101296836	-0.572288168956229	0.567126763622799	NA
SA597_1070	cds	0.453586807097466	0.868668430171733	2.73763183732589	0.31730651957213	0.751011030880775	NA
SA597_1071	cds	49.5853923933026	-0.464020050140379	0.341674285135004	-1.35807718148011	0.174439194918209	0.806929696378568
SA597_1072	cds	1.10600918800733	1.45253549198501	1.89923534412003	0.764800158380588	0.444390553459282	NA
SA597_1073	cds	4.57788087545535	1.00882699484294	0.912592463919557	1.10545181417569	0.268963862785494	0.85770418217198
SA597_1074	cds	2.6366391197279	1.47067129537206	1.36627022632931	1.07641319193733	0.281742505108775	0.85770418217198
SA597_1075	cds	1.51837084708988	-0.142970674719308	1.58424991457685	-0.0902450259923135	0.928092504706002	NA
SA597_1076	cds	0.983877081142267	3.35186378875827	2.06929565524886	1.61980903031237	0.105273305863737	NA
SA597_1077	cds	2.48358024102838	-0.812746941745285	1.22823285691316	-0.661720566398059	0.508150321604878	0.964166105872218
SA597_1078	cds	7.53210376558414	0.373528575168125	0.718110159272138	0.520154979490509	0.602955561062665	0.964166105872218
SA597_1079	cds	36.5534020824599	-0.00696518287338304	0.38246626619683	-0.0182112345296317	0.985470340264759	0.992418444366647
SA597_1080	cds	0.374952514128536	-0.778597107229497	2.89698913863416	-0.268760796112816	0.788113763796406	NA
SA597_1081	cds	1.59898961309869	0.824403633521462	1.5603281354957	0.528352732202419	0.597254538125953	NA
SA597_1082	cds	1.96355908441881	1.64238989309752	1.46103300143679	1.12412922328406	0.260958209523468	NA
SA597_1083	cds	0.49280817195393	-0.933447867582838	2.65354822044297	-0.351773470853683	0.725008155695834	NA
SA597_1084	cds	9.98826376780773	1.3126005376645	0.655900825590952	2.00121799889774	0.0453689021169177	0.489205440594976
SA597_1085	cds	0.157835928544656	-0.393885238057851	4.04188960362838	-0.0974507660239564	0.922368431080567	NA
SA597_1086	cds	1.40596355846294	-2.30788362107797	1.6943065273588	-1.36214054765855	0.173153534014106	NA
SA597_1087	cds	0.620546271782276	1.2830139103516	2.70646924270495	0.474054495099047	0.635461047106265	NA
SA597_1088	cds	0.329557813701988	0.685641463681229	3.28027599163999	0.209019443921376	0.834433059803124	NA
SA597_1089	cds	6.00907916086957	-0.0619354654729876	0.827523954642544	-0.0748443173463675	0.940338580533701	0.992418444366647
SA597_1090	cds	0.334972243409274	-0.488262715672907	3.28441843750229	-0.148660326010171	0.881821668546081	NA
SA597_1091	cds	0.97538624411831	-2.60733606695596	2.09059779001283	-1.24717249746062	0.212334254908545	NA
SA597_1092	cds	0.804909236256631	-0.274851511757915	2.16234374654325	-0.127108149292773	0.898854801579229	NA
SA597_1093	cds	8.20379373050381	0.0448378192615334	0.695283298771151	0.0644885607647704	0.94858121533982	0.992418444366647
SA597_1094	cds	14.2762420884949	0.273257637709066	0.532408212946089	0.513248351667962	0.607777607400512	0.964166105872218
SA597_1095	cds	0.338681349842143	1.8176737421668	3.22336777765085	0.563905166133878	0.572818674000172	NA
SA597_1096	cds	0.469936992847358	0.509108110227545	2.72942817081916	0.186525557137029	0.852032638827332	NA
SA597_1097	cds	0	NA	NA	NA	NA	NA
SA597_1098	cds	3.32664542120216	0.344644928473976	1.04365169492477	0.33022983640037	0.74122630401084	0.968510029940052
SA597_1099	cds	3.70949590429377	0.492404205971319	1.00046192009648	0.492176859588855	0.622594321597919	0.964166105872218
SA597_1100	cds	1.32871245643593	0.648208433657993	1.82176436268144	0.35581354369228	0.721980205611737	NA
SA597_1101	cds	3.18793762584003	0.299372826853983	1.14105160563749	0.262365720686865	0.793039498150137	0.97511068578006
SA597_1102	cds	2.05659302958892	0.737387604368083	1.39806584547251	0.527434102446631	0.597892166772942	0.964166105872218
SA597_1103	cds	3.3957552706346	0.441337751022355	1.07863581597234	0.409162893060907	0.682420123813308	0.964166105872218
SA597_1104	cds	26.4443351995527	-0.366937869044775	0.442116513425529	-0.829957393361609	0.40656287340522	0.919200581589408
SA597_1105	cds	25.2011379116931	0.708559352577538	0.390671238454476	1.81369725445019	0.0697243480164218	0.556157963252573
SA597_1106	cds	3.81999910317137	-1.08957387139155	1.08248497073973	-1.00654872893707	0.31415168353804	0.874104056706263
SA597_1107	cds	3.64590639331327	-0.141982754400743	1.03738092672908	-0.136866555710082	0.891136274690701	0.985168286643959
SA597_1108	cds	0.29575087855281	1.56501802603439	3.41354159963767	0.458473400822333	0.646612368153255	NA
SA597_1109	cds	0.682125120156807	2.89991626407142	2.4704496558045	1.17384147345721	0.24045852853659	NA
SA597_1110	cds	2.5054841580152	1.42852245484814	1.33885968868497	1.06696950167439	0.285985608143103	0.85770418217198
SA597_1111	cds	6.57356308056904	0.186672153218103	0.760550775953021	0.245443380140123	0.806113143509238	0.978221241667233
SA597_1112	cds	5.28466386916709	-0.115083403184738	0.826788883981164	-0.139193215359387	0.889297469673455	0.985168286643959
SA597_1113	cds	2.68022412272495	-0.0566455280097679	1.18410410837359	-0.0478383003734128	0.961845112200833	0.992418444366647
SA597_1114	cds	4.08125808573244	1.26487736238251	1.02409754123885	1.23511414826012	0.216788024546847	0.828528944388814
SA597_1115	cds	0.884130181950924	1.97796909491356	2.07860124725986	0.951586600614738	0.341306679705411	NA
SA597_1116	cds	0.832076174521436	1.10073494221863	2.18816459376599	0.503040285614066	0.614935948754811	NA
SA597_1117	cds	11.4348825003368	0.326076031623853	0.567047041608374	0.575042294020209	0.565262693476969	0.964166105872218
SA597_1118	cds	0.453586807097466	0.868668430171733	2.73763183732589	0.31730651957213	0.751011030880775	NA
SA597_1119	cds	1.16351156463528	-0.401623970528541	1.72817605489766	-0.2323976017318	0.816229211482281	NA
SA597_1120	cds	2.89347767097371	-1.09074424339823	1.19923351868329	-0.909534487157954	0.363068062120884	0.90082186683426
SA597_1121	cds	6.67274263715359	0.776155860584709	0.760632741800618	1.02040816537472	0.307534922937204	0.867698365874358
SA597_1122	cds	23.9008948004247	-0.208952335833617	0.401280253677102	-0.520714223834583	0.602565864248407	0.964166105872218
SA597_1123	cds	9.6720913503415	-0.472252176291649	0.64506255979327	-0.732102908658963	0.464105758623267	0.947926217855059
SA597_1124	cds	4.24411488910459	0.19758033444506	0.927036140710707	0.21313121006651	0.83122462174431	0.985168286643959
SA597_1125	cds	0.260047056873214	-0.0995831982621674	3.58498699094132	-0.0277778408997851	0.977839339542392	NA
SA597_1126	cds	0.70992475753781	-1.20581641331388	2.19633595366721	-0.549012737008897	0.582996708896933	NA
SA597_1127	cds	1.07827121427315	-1.48356797560199	1.97975902032207	-0.749367958611774	0.453635457606927	NA
SA597_1128	cds	2.77143315061812	-0.779350128207358	1.19352600210934	-0.652981272992797	0.513768351582515	0.964166105872218
SA597_1129	cds	1.71015202442997	0.978959516836002	1.53567431241142	0.637478603974806	0.523813142360086	NA
SA597_1130	cds	1.62663630746082	0.637209528132539	1.58555065729402	0.401885316751742	0.687768429335141	NA
SA597_1131	cds	0.34590799945188	0.418149151827871	3.22078057440653	0.12982851273714	0.89670210392465	NA
SA597_1132	cds	0.381611821131476	2.00439991717665	3.07546580567803	0.651738645078109	0.514569787931828	NA
SA597_1133	cds	11.4686443518024	-1.46693746304226	0.632239997465525	-2.32022249291852	0.0203288444221851	0.36546356377083
SA597_1134	cds	14.7542659471461	0.28718195955469	0.503001922612827	0.570936107088683	0.568042954197008	0.964166105872218
SA597_1135	cds	0.217116585583881	-0.492636613951927	3.83761921030365	-0.128370374170851	0.897855875139924	NA
SA597_1136	cds	1.70595694656424	-0.720536852936395	1.50520980322094	-0.478695296426151	0.632155412449651	NA
SA597_1137	cds	1.6025202510586	-0.452735544440388	1.54887031986804	-0.292300484187055	0.77005688864371	NA
SA597_1138	cds	1.07101062517224	0.733028985799675	1.90163112403699	0.385473805373738	0.699886410155376	NA
SA597_1139	cds	0.114905457255323	-1.06803554532648	4.05863953808327	-0.2631511212821	0.792434102912824	NA
SA597_1140	cds	1.15081723570851	-0.0626445131810249	1.8436813634688	-0.0339779499984542	0.972894733898685	NA
SA597_1141	cds	0.910171246447768	-0.646688742074999	2.15837468998284	-0.299618386499955	0.764468257756252	NA
SA597_1142	cds	1.10847341714454	0.508195215663195	1.84816542567456	0.274972796592442	0.783337138160327	NA
SA597_1143	cds	1.95926332526058	0.411490475563406	1.43699550134462	0.286354741666461	0.774606434811038	NA
SA597_1144	cds	2.90096262564078	0.638253961646199	1.17302848422902	0.544107811726068	0.586367285193626	0.964166105872218
SA597_1145	cds	0.157835928544656	-0.393885238057851	4.04188960362838	-0.0974507660239564	0.922368431080567	NA
SA597_1146	cds	4.92183366061256	-1.41340458937963	0.917770368966971	-1.54004164567934	0.123550202403493	0.690427601666576
SA597_1147	cds	3.76218882617498	0.262317893254647	0.997987317605167	0.262846920624324	0.79266856923061	0.97511068578006
SA597_1148	cds	22.2326406286549	0.0717451066263143	0.405500504927345	0.176929759037339	0.859563563036915	0.985168286643959
SA597_1149	cds	0.0858609425786661	0.917705217467736	4.04010252673348	0.227148992233552	0.820307889253335	NA
SA597_1150	cds	0.535738643243263	-0.626863941681168	2.57998974239472	-0.242971486041382	0.808027486486825	NA
SA597_1151	cds	0.548571285816287	2.3851054009635	2.74756985669593	0.86807816556544	0.38535154317839	NA
SA597_1152	cds	0.712408296793592	1.47147376170982	2.29969032752187	0.639857351270188	0.522265343057033	NA
SA597_1153	cds	0.0429304712893331	0.533366996243296	4.04698303010695	0.131793731843052	0.89514744456904	NA
SA597_1154	cds	0.50127969885932	1.29435353012772	2.81364298327001	0.460027635995035	0.645496384046182	NA
SA597_1155	cds	0.640433310827602	2.58107455702157	2.4247716581171	1.064460873411	0.287119970108237	NA
SA597_1156	cds	6.86486679153432	-0.402400939933539	0.725709014678142	-0.554493511579165	0.579241144957308	0.964166105872218
SA597_1157	cds	0.427006521558024	0.138462423003466	3.03445106376242	0.0456301387282173	0.963605046952779	NA
SA597_1158	cds	0.0429304712893331	0.533366996243296	4.04698303010695	0.131793731843052	0.89514744456904	NA
SA597_1159	cds	0	NA	NA	NA	NA	NA
SA597_1160	cds	0.589604870575202	0.280080359088534	2.48750188819997	0.112595033763455	0.910351622494967	NA
SA597_1161	cds	0	NA	NA	NA	NA	NA
SA597_1162	cds	0	NA	NA	NA	NA	NA
SA597_1163	cds	0	NA	NA	NA	NA	NA
SA597_1164	cds	0	NA	NA	NA	NA	NA
SA597_1165	cds	0.114905457255323	-1.06803554532648	4.05863953808327	-0.2631511212821	0.792434102912824	NA
SA597_1166	cds	0	NA	NA	NA	NA	NA
SA597_1167	cds	0	NA	NA	NA	NA	NA
SA597_1168	cds	0	NA	NA	NA	NA	NA
SA597_1169	cds	0.292041772119941	-1.17112321432212	3.74159268945205	-0.313001256824036	0.754279707287529	NA
SA597_1170	cds	0	NA	NA	NA	NA	NA
SA597_1171	cds	0	NA	NA	NA	NA	NA
SA597_1172	cds	0	NA	NA	NA	NA	NA
SA597_1173	cds	0	NA	NA	NA	NA	NA
SA597_1174	cds	0	NA	NA	NA	NA	NA
SA597_1175	cds	0	NA	NA	NA	NA	NA
SA597_1176	cds	0	NA	NA	NA	NA	NA
SA597_1177	cds	0	NA	NA	NA	NA	NA
SA597_1178	cds	0	NA	NA	NA	NA	NA
SA597_1179	cds	0	NA	NA	NA	NA	NA
SA597_1180	cds	0	NA	NA	NA	NA	NA
SA597_1181	cds	0	NA	NA	NA	NA	NA
SA597_1182	cds	0	NA	NA	NA	NA	NA
SA597_1183	cds	0	NA	NA	NA	NA	NA
SA597_1184	cds	0	NA	NA	NA	NA	NA
SA597_1185	cds	0	NA	NA	NA	NA	NA
SA597_1186	cds	0	NA	NA	NA	NA	NA
SA597_1187	cds	0.292041772119941	-1.17112321432212	3.74159268945205	-0.313001256824036	0.754279707287529	NA
SA597_1188	cds	0.0858609425786661	0.917705217467736	4.04010252673348	0.227148992233552	0.820307889253335	NA
SA597_1189	cds	0.0858609425786661	0.917705217467736	4.04010252673348	0.227148992233552	0.820307889253335	NA
SA597_1190	cds	1.64914051866223	-1.60266303906655	1.55426641826568	-1.03113791833376	0.302476148418009	NA
SA597_1191	cds	0	NA	NA	NA	NA	NA
SA597_1192	cds	0	NA	NA	NA	NA	NA
SA597_1193	cds	0.0429304712893331	0.533366996243296	4.04698303010695	0.131793731843052	0.89514744456904	NA
SA597_1194	cds	0.157835928544656	-0.393885238057851	4.04188960362838	-0.0974507660239564	0.922368431080567	NA
SA597_1195	cds	0	NA	NA	NA	NA	NA
SA597_1196	cds	0	NA	NA	NA	NA	NA
SA597_1197	cds	0.969971814411024	-1.12040535053704	1.96327579062537	-0.570681590374094	0.568215500182699	NA
SA597_1198	cds	0.51886854656934	0.502698377336711	2.65209116654631	0.189547924927238	0.849663397158722	NA
SA597_1199	cds	0.0858609425786661	0.917705217467736	4.04010252673348	0.227148992233552	0.820307889253335	NA
SA597_1200	cds	2.26524430360294	1.07524732683467	1.34383311934242	0.800134563851815	0.423632837340978	0.929755237068483
SA597_1201	cds	5.92270590799433	1.12368160912536	0.821564571059446	1.36773377128023	0.171395424934036	0.806929696378568
SA597_1202	cds	1.25661846694224	1.82900080276248	1.81807691768288	1.00600848345488	0.314411489217209	NA
SA597_1203	cds	1.93871806164496	-0.945289254158447	1.39712525399455	-0.676595925423115	0.498662365041854	NA
SA597_1204	cds	0.58484245010268	-0.240232415442958	2.3878138160633	-0.100607682988877	0.919861897512959	NA
SA597_1205	cds	4.70881973634134	-0.536370256824109	0.980049284867535	-0.547289065056158	0.584180155140195	0.964166105872218
SA597_1206	cds	11.5515851507134	0.784219608321521	0.588218142503232	1.33321220760751	0.182462174338839	0.806929696378568
SA597_1207	cds	2.09057221787553	0.677157482744281	1.30814805408141	0.517645904553047	0.604705347519298	0.964166105872218
SA597_1208	cds	0.545448832108781	1.10178496038236	2.57404480958133	0.428036433663159	0.66862459500867	NA
SA597_1209	cds	0.0858609425786661	0.917705217467736	4.04010252673348	0.227148992233552	0.820307889253335	NA
SA597_1210	cds	0.463763657277273	0.441811536363649	2.92894915664529	0.15084302005081	0.880099549417796	NA
SA597_1211	cds	11.7379848903825	-1.3520282978768	0.599593104855326	-2.25490968279736	0.0241389984239517	0.377704230239135
SA597_1212	cds	0.200766399833989	-0.00898487287243682	3.96546975350417	-0.00226577768358897	0.998192172514875	NA
SA597_1213	cds	0.926474000514894	1.63082579362572	2.18662871180466	0.745817424248386	0.455777712829761	NA
SA597_1214	cds	38.1709018159068	-0.350399074023681	0.315152431148213	-1.11183998405804	0.266206956896779	0.85770418217198
SA597_1215	cds	1.01462691909334	-0.251848522299616	2.11214886121763	-0.119238055103004	0.905086758087421	NA
SA597_1216	cds	1.60964621937583	-0.627503162847373	1.66562323614313	-0.37673775751376	0.706368500344602	NA
SA597_1217	cds	0	NA	NA	NA	NA	NA
SA597_1218	cds	1.08782747223642	-1.24648866874239	1.90787550583609	-0.65333857734923	0.513538027434027	NA
SA597_1219	cds	1.60686827194319	-0.455761655576742	1.54043557674414	-0.295865443811704	0.767332842038977	NA
SA597_1220	cds	4.52233704900464	0.180560425222038	0.943250702923768	0.191423578760514	0.848193748440588	0.985168286643959
SA597_1221	cds	7.59233336250793	-0.36822754624066	0.700006804188288	-0.526034238578077	0.598864418179067	0.964166105872218
SA597_1222	cds	2.4891015673637	-0.0743297954852362	1.19746845208212	-0.062072445713283	0.950505139807746	0.992418444366647
SA597_1223	cds	1.0940008078065	-1.12916336046456	1.81586138820035	-0.621833454801109	0.534051385600837	NA
SA597_1224	cds	0.217116585583881	-0.492636613951927	3.83761921030365	-0.128370374170851	0.897855875139924	NA
SA597_1225	cds	4.98849705643678	0.853724940481765	0.923307911491043	0.92463730664139	0.355154600494615	0.90082186683426
SA597_1226	cds	5.04968234993152	0.469908382558885	0.917761674250295	0.512015696169428	0.608640024362062	0.964166105872218
SA597_1227	cds	5.54333241584434	0.521250273485992	0.867619975359274	0.600781780375845	0.547985340819757	0.964166105872218
SA597_1228	cds	0.114905457255323	-1.06803554532648	4.05863953808327	-0.2631511212821	0.792434102912824	NA
SA597_1229	cds	0	NA	NA	NA	NA	NA
SA597_1230	cds	0.924577113984476	-0.226695610079279	2.01056802806102	-0.112752021774614	0.910227156763992	NA
SA597_1231	cds	3.99563628739018	-0.793360668932742	1.00961084470204	-0.785808386563914	0.431979752563106	0.941857493293329
SA597_1232	cds	0.243696871123322	0.271322101992547	3.6754588668843	0.0738199261151159	0.941153671535873	NA
SA597_1233	cds	0.824310303869102	-1.35805721937517	2.41885592864314	-0.561446096600294	0.574493467011165	NA
SA597_1234	cds	1.35404786467972	-0.986419282274188	1.66173822191713	-0.593606904664061	0.55277506182804	NA
SA597_1235	cds	0.217116585583881	-0.492636613951927	3.83761921030365	-0.128370374170851	0.897855875139924	NA
SA597_1236	cds	0.157835928544656	-0.393885238057851	4.04188960362838	-0.0974507660239564	0.922368431080567	NA
SA597_1237	cds	0.243696871123322	0.271322101992547	3.6754588668843	0.0738199261151159	0.941153671535873	NA
SA597_1238	cds	0.344682432274792	1.55557122315285	3.23193142835006	0.481313189230313	0.630293924553744	NA
SA597_1239	cds	0.0429304712893331	0.533366996243296	4.04698303010695	0.131793731843052	0.89514744456904	NA
SA597_1240	cds	0	NA	NA	NA	NA	NA
SA597_1241	cds	0.301751960985459	1.21893634485722	3.71101045461231	0.328464810262726	0.742560246988339	NA
SA597_1242	cds	0	NA	NA	NA	NA	NA
SA597_1243	cds	0	NA	NA	NA	NA	NA
SA597_1244	cds	0.114905457255323	-1.06803554532648	4.05863953808327	-0.2631511212821	0.792434102912824	NA
SA597_1245	cds	0.114905457255323	-1.06803554532648	4.05863953808327	-0.2631511212821	0.792434102912824	NA
SA597_1246	cds	1.74171401785358	0.569552817144774	1.45988101484834	0.390136464103508	0.696435640499634	NA
SA597_1247	cds	1.90303976541946	1.84427998861385	1.50547993508571	1.22504454933759	0.220558435832754	NA
SA597_1248	cds	0	NA	NA	NA	NA	NA
SA597_1249	cds	0	NA	NA	NA	NA	NA
SA597_1250	cds	0	NA	NA	NA	NA	NA
SA597_1251	cds	0	NA	NA	NA	NA	NA
SA597_1252	cds	0	NA	NA	NA	NA	NA
SA597_1253	cds	0.114905457255323	-1.06803554532648	4.05863953808327	-0.2631511212821	0.792434102912824	NA
SA597_1254	cds	0	NA	NA	NA	NA	NA
SA597_1255	cds	0.0858609425786661	0.917705217467736	4.04010252673348	0.227148992233552	0.820307889253335	NA
SA597_1256	cds	0.752369257394288	-3.16625186900072	2.36261300266305	-1.34014832959602	0.180197126269906	NA
SA597_1257	cds	0	NA	NA	NA	NA	NA
SA597_1258	cds	0	NA	NA	NA	NA	NA
SA597_1259	cds	0	NA	NA	NA	NA	NA
SA597_1260	cds	0.0429304712893331	0.533366996243296	4.04698303010695	0.131793731843052	0.89514744456904	NA
SA597_1261	cds	0	NA	NA	NA	NA	NA
SA597_1262	cds	1.87531488646832	0.0974455746320091	1.51859242716057	0.0641683528043206	0.948836176247208	NA
SA597_1263	cds	2.36019114996801	0.0812783991798734	1.28632908746631	0.0631863183160755	0.949618139410721	0.992418444366647
SA597_1264	cds	2.3947737786256	4.50739284914006	1.62075236535057	2.78104968130965	0.0054183444482658	0.175470646909263
SA597_1265	cds	1.63452118164085	1.24930601262472	1.55780342065398	0.801966407353406	0.422572390364973	NA
SA597_1266	cds	0.862312316884004	1.89307442150847	2.19076244156463	0.864116704573616	0.387523783399523	NA
SA597_1267	cds	0.855085667274267	3.11120039387459	2.16449046939147	1.43738234834976	0.150609381587655	NA
SA597_1268	cds	2.39105157740969	2.40993339194125	1.44854635626843	1.6636909005449	0.096174215645061	0.617748639952602
SA597_1269	cds	0.272741385799978	-0.973481976085173	3.50715202286095	-0.277570510128916	0.781342072377809	NA
SA597_1270	cds	0.171721885157332	1.40565572726871	4.03346404978335	0.348498389949507	0.727465922766015	NA
SA597_1271	cds	1.23372797771711	0.0316374043013887	1.7573368585966	0.0180030391706767	0.98563642889716	NA
SA597_1272	cds	0.29575087855281	1.56501802603439	3.41354159963767	0.458473400822333	0.646612368153255	NA
SA597_1273	cds	0	NA	NA	NA	NA	NA
SA597_1274	cds	55.3769855528994	-1.31106092394671	0.288385577764176	-4.5462083579603	5.46209662832636e-06	0.00181614712891852
SA597_1275	cds	0.430543374853458	2.04336204449022	2.94865264083935	0.692981606646134	0.488321094514285	NA
SA597_1276	cds	1.63155167095222	-0.808253980401627	1.55872138382897	-0.518536531792596	0.604083978371616	NA
SA597_1277	cds	1.08736081092213	0.460726281851476	1.81624856529689	0.253669178687645	0.799751147187896	NA
SA597_1278	cds	1.79913172785357	-1.10333503236223	1.58078046759097	-0.697968538315538	0.485196869837925	NA
SA597_1279	cds	0.723324742717632	-1.77080964309723	2.28365204056775	-0.77542883575949	0.438086301475335	NA
SA597_1280	cds	5.54616085878354	1.05299902531601	0.893000932012337	1.17916901043219	0.238330883322505	0.8382627653164
SA597_1281	cds	0.381611821131476	2.00439991717665	3.07546580567803	0.651738645078109	0.514569787931828	NA
SA597_1282	cds	0.300513299025331	1.88065939421128	3.66278818361348	0.513450218777307	0.607636424741193	NA
SA597_1283	cds	6.21988233101731	0.324180876159402	0.778955525833748	0.416173793506912	0.677282834796146	0.964166105872218
SA597_1284	cds	0.0429304712893331	0.533366996243296	4.04698303010695	0.131793731843052	0.89514744456904	NA
SA597_1285	cds	0	NA	NA	NA	NA	NA
SA597_1286	cds	0.301751960985459	1.21893634485722	3.71101045461231	0.328464810262726	0.742560246988339	NA
SA597_1287	cds	5.43492179745283	-0.712906859895545	0.846174496780526	-0.842505727374165	0.399504935186343	0.919200581589408
SA597_1288	cds	7.2242233450298	-1.41233194624416	0.788667695520163	-1.79078204200143	0.0733282781222513	0.560497758060886
SA597_1289	cds	0.0429304712893331	0.533366996243296	4.04698303010695	0.131793731843052	0.89514744456904	NA
SA597_1290	cds	0.416657418240782	0.227222022581089	3.07212825131332	0.0739624143243214	0.94104029233645	NA
SA597_1291	cds	0.128791413867999	1.19152185427695	4.03612358514568	0.295214412824761	0.767830092550625	NA
SA597_1292	cds	0.128791413867999	1.19152185427695	4.03612358514568	0.295214412824761	0.767830092550625	NA
SA597_1293	cds	0.338681349842143	1.8176737421668	3.22336777765085	0.563905166133878	0.572818674000172	NA
SA597_1294	cds	0.449877700664597	-1.35397702929382	2.7329488843144	-0.49542713259838	0.620298646169394	NA
SA597_1295	cds	0.893821060697876	-0.274260607096253	2.03097931948905	-0.135038601557623	0.892581354210265	NA
SA597_1296	cds	4.51801978102628	1.59318256675533	1.02595709872528	1.55287445131459	0.120453131546134	0.678824851509992
SA597_1297	cds	5.12448231760436	-0.0343316686481105	0.87527140980619	-0.0392240261288924	0.968711778292717	0.992418444366647
SA597_1298	cds	1.99699865425427	0.242956859073272	1.41014197676975	0.172292480527258	0.863207595628448	NA
SA597_1299	cds	2.30106343594765	-1.01574712045913	1.28450189866588	-0.790771209847271	0.429077513165694	0.938607060049956
SA597_1300	cds	1.08135972848948	0.561850156315153	1.86979644856655	0.300487337402895	0.763805453714142	NA
SA597_1301	cds	1.6104390647298	-0.940018691965845	1.49232676231901	-0.629901383330483	0.52875910776497	NA
SA597_1302	cds	0.582378220965465	1.38700015758444	2.49392248174649	0.556152072783404	0.578106899824526	NA
SA597_1303	cds	5.83716354882789	0.135524760701218	0.824071079291383	0.164457610644164	0.869370914144955	0.985168286643959
SA597_1304	cds	0	NA	NA	NA	NA	NA
SA597_1305	cds	0	NA	NA	NA	NA	NA
SA597_1306	cds	0.0429304712893331	0.533366996243296	4.04698303010695	0.131793731843052	0.89514744456904	NA
SA597_1307	cds	1.86800104775766	1.046827586818	1.50763942638603	0.694348773650311	0.487463510708825	NA
SA597_1308	cds	3.38832356557727	-0.440693443854434	1.06632827867081	-0.413281212427157	0.679400593085518	0.964166105872218
SA597_1309	cds	2.12278661794246	-0.275727845441131	1.36008678425997	-0.20272812634611	0.839347537990337	0.985168286643959
SA597_1310	cds	2.90809111643096	-0.124815874385472	1.18422257372031	-0.10539899944092	0.916059209973797	0.985168286643959
SA597_1311	cds	2.6451252760059	-0.237698055327329	1.15437606026812	-0.205910416465255	0.836860888640797	0.985168286643959
SA597_1312	cds	0.887819978265227	-0.114896150854808	2.01723727375787	-0.0569571821567474	0.954579303426569	NA
SA597_1313	cds	2.04393264015333	-0.0939469022243322	1.3170244296376	-0.0713326952106599	0.94313297448257	0.992418444366647
SA597_1314	cds	0	NA	NA	NA	NA	NA
SA597_1315	cds	0.0429304712893331	0.533366996243296	4.04698303010695	0.131793731843052	0.89514744456904	NA
SA597_1316	cds	0.243696871123322	0.271322101992547	3.6754588668843	0.0738199261151159	0.941153671535873	NA
SA597_1317	cds	18.2122330319748	-0.213401698091835	0.519769129632544	-0.410570166494307	0.681387743221363	0.964166105872218
SA597_1318	cds	0.595019300282488	-0.844197008393818	2.49915146864409	-0.337793454692778	0.735518842671555	NA
SA597_1319	cds	2.79875149731222	0.634925739481365	1.16870767231238	0.543271644846068	0.586942784243326	0.964166105872218
SA597_1320	cds	0.272741385799978	-0.973481976085173	3.50715202286095	-0.277570510128916	0.781342072377809	NA
SA597_1321	cds	0.243696871123322	0.271322101992547	3.6754588668843	0.0738199261151159	0.941153671535873	NA
SA597_1322	cds	12.489602080933	-0.0500996088291101	0.549776519760499	-0.0911272253877543	0.927391499908449	0.985168286643959
SA597_1323	cds	0.0429304712893331	0.533366996243296	4.04698303010695	0.131793731843052	0.89514744456904	NA
SA597_1324	cds	1.65581913578374	1.93923287807041	1.61650841252279	1.19964292362943	0.230278048659459	NA
SA597_1325	cds	0.200766399833989	-0.00898487287243682	3.96546975350417	-0.00226577768358897	0.998192172514875	NA
SA597_1326	cds	5.09869527482744	-0.262969938019764	0.865651249458422	-0.303782774164868	0.761293391155234	0.97511068578006
SA597_1327	cds	1.98766892548551	0.865792591751854	1.42693492589694	0.606749877684602	0.544016915845846	NA
SA597_1328	cds	1.19855716174458	-1.29809136377213	1.75054953179485	-0.741533638549029	0.458369943546076	NA
SA597_1329	cds	1.13632630413529	-1.30362305436769	1.85837363659597	-0.701485981449656	0.482999780165442	NA
SA597_1330	cds	1.30867247437173	2.64550778787179	1.83820187157449	1.43918240362023	0.150098849574869	NA
SA597_1331	cds	0.29575087855281	1.56501802603439	3.41354159963767	0.458473400822333	0.646612368153255	NA
SA597_1332	cds	14.5116822874894	0.0831786592800068	0.517955238734432	0.160590439211012	0.872415985563736	0.985168286643959
SA597_1333	cds	0.174186114294548	-1.16802017323135	4.05506583760622	-0.288039755704893	0.77331630698403	NA
SA597_1334	cds	0.5937937331054	0.0989756490233443	2.75464564737002	0.0359304468499753	0.97133781846009	NA
SA597_1335	cds	1.93578717119346	0.660849454058216	1.3839405399459	0.477512895231794	0.632996940544329	NA
SA597_1336	cds	1.82403810713681	0.165522473106632	1.47141935656568	0.112491705622906	0.910433545954963	NA
SA597_1337	cds	0.660354289364104	0.475492942961901	2.3979337015831	0.198292781259125	0.842815999276539	NA
SA597_1338	cds	1.67391479963475	0.648665721255764	1.48960816408659	0.435460637833923	0.663228104284942	NA
SA597_1339	cds	0	NA	NA	NA	NA	NA
SA597_1340	cds	1.53128486083684	-1.51003596090268	1.66678988740502	-0.905954597104987	0.364959884459715	NA
SA597_1341	cds	1.00995208513029	-1.06225820038238	2.00581113852946	-0.529590338779936	0.596395994262045	NA
SA597_1342	cds	1.90972679657805	0.126729268652403	1.35081438419641	0.0938169374971477	0.925254576850626	NA
SA597_1343	cds	0.229810914510645	-1.63428860420327	4.0371417113536	-0.40481328649108	0.685614761669358	NA
SA597_1344	cds	31.3362714387938	-1.1012283430346	0.355197129404134	-3.10033007553294	0.00193305093536798	0.0760621301870403
SA597_1345	cds	2.6923321963349	-0.500400361852389	1.15627052437015	-0.4327710092973	0.665181136647031	0.964166105872218
SA597_1346	cds	3.68653907067585	-0.517366895460337	1.06641724257423	-0.485144908395761	0.627573558112202	0.964166105872218
SA597_1347	cds	14.2109215848436	-0.64043096313465	0.568401033329822	-1.12672378405588	0.25985928328367	0.85770418217198
SA597_1348	cds	0	NA	NA	NA	NA	NA
SA597_1349	cds	0.0429304712893331	0.533366996243296	4.04698303010695	0.131793731843052	0.89514744456904	NA
SA597_1350	cds	0.702698107928073	-0.387138492192575	2.27291728163842	-0.170326696585064	0.864753217170486	NA
SA597_1351	cds	0.631309774687447	1.46398712606186	2.43398195899493	0.601478215831309	0.547521516844659	NA
SA597_1352	cds	6.82634739006834	-0.895968675834294	0.781902808085093	-1.14588241219974	0.251843809431076	0.85770418217198
SA597_1353	cds	0.403997028805193	-2.27672766698602	2.99225294327641	-0.760874067181325	0.446732289316471	NA
SA597_1354	cds	0.114905457255323	-1.06803554532648	4.05863953808327	-0.2631511212821	0.792434102912824	NA
SA597_1355	cds	0.128791413867999	1.19152185427695	4.03612358514568	0.295214412824761	0.767830092550625	NA
SA597_1356	cds	0.914400263804668	0.33125948710712	1.97493978320069	0.167731436636647	0.866794563685419	NA
SA597_1357	cds	0.157835928544656	-0.393885238057851	4.04188960362838	-0.0974507660239564	0.922368431080567	NA
SA597_1358	cds	1.50048137586748	-0.163239640741632	1.73243881781119	-0.0942253423690158	0.924930154029508	NA
SA597_1359	cds	0.252820407263477	1.23517353768356	3.97012217876418	0.311117260897004	0.755711479573365	NA
SA597_1360	cds	6.04486435372311	-0.56220253058551	0.783230981393555	-0.717799147302904	0.472881139216252	0.95051682720814
SA597_1361	cds	3.28835116363875	-1.4744165717266	1.1335282162857	-1.30073213047833	0.193350160230197	0.806929696378568
SA597_1362	cds	0.334972243409274	-0.488262715672907	3.28441843750229	-0.148660326010171	0.881821668546081	NA
SA597_1363	cds	0.403997028805193	-2.27672766698602	2.99225294327641	-0.760874067181325	0.446732289316471	NA
SA597_1364	cds	0.174186114294548	-1.16802017323135	4.05506583760622	-0.288039755704893	0.77331630698403	NA
SA597_1365	cds	0.0429304712893331	0.533366996243296	4.04698303010695	0.131793731843052	0.89514744456904	NA
SA597_1366	cds	1.21539331892733	-0.202407841998929	1.83083973037878	-0.110554648034131	0.91196951256828	NA
SA597_1367	cds	1.9387713112547	-0.233027210285845	1.34510362286946	-0.173241084421984	0.862461931141517	NA
SA597_1368	cds	0.636724204394733	0.489594044325112	2.517013316272	0.194513887217037	0.845773522963098	NA
SA597_1369	cds	0.51886854656934	0.502698377336711	2.65209116654631	0.189547924927238	0.849663397158722	NA
SA597_1370	cds	0	NA	NA	NA	NA	NA
SA597_1371	cds	0	NA	NA	NA	NA	NA
SA597_1372	cds	0.956085857798348	-2.14354508863213	1.94487050032824	-1.10215311933127	0.270395109212801	NA
SA597_1373	cds	0.798249929253692	-2.36702693508152	2.09826224183705	-1.1280891815549	0.259282257556704	NA
SA597_1374	cds	0	NA	NA	NA	NA	NA
SA597_1375	cds	10.0408674597208	0.549347334549573	0.623216110501678	0.881471652116564	0.378062590774524	0.90111692783175
SA597_1376	cds	4.49184767973924	0.86795187408818	0.936165054196372	0.927135519743633	0.3538561761297	0.90082186683426
SA597_1377	cds	1.77119125435335	0.253330869985154	1.44223306715393	0.17565182476718	0.860567484990325	NA
SA597_1378	cds	0.581133343669811	-2.68363074579689	2.48057710946949	-1.08185741759539	0.279315888652415	NA
SA597_1379	cds	2.34276834005989	-0.716336301328601	1.23598625081682	-0.579566561404061	0.562206948134397	0.964166105872218
SA597_1380	cds	7.58472142275785	-0.523267456189809	0.700355035514139	-0.747145989755999	0.45497544202009	0.947926217855059
SA597_1381	cds	1.68660912856152	0.378727071759212	1.53880827382521	0.246117127260931	0.805591565154539	NA
SA597_1382	cds	0	NA	NA	NA	NA	NA
SA597_1383	cds	0.157835928544656	-0.393885238057851	4.04188960362838	-0.0974507660239564	0.922368431080567	NA
SA597_1384	cds	0.882891519990796	2.1718312658165	2.17170148319998	1.00005976079932	0.317281587999259	NA
SA597_1385	cds	6.23413525553515	0.818235652977531	0.786845062015205	1.03989424662834	0.298389035746802	0.862733516398363
SA597_1386	cds	4.2627096191715	0.206128429020274	0.946850025016071	0.217699132464801	0.82766353966203	0.985168286643959
SA597_1387	cds	8.94163811683369	-0.141137244897028	0.634791144187563	-0.222336505777286	0.82405193570241	0.985168286643959
SA597_1388	cds	4.19576377277245	-0.375999802812997	0.924860974934479	-0.406547376312029	0.684340454092762	0.964166105872218
SA597_1389	cds	2.55263896591547	-1.97663033928533	1.26367185547287	-1.56419590317271	0.11777156903698	0.678824851509992
SA597_1390	cds	1.30375243013439	-2.60120903129057	1.76297987922128	-1.4754615534464	0.140088497282478	NA
SA597_1391	cds	4.08629205534298	0.319552844257753	0.96219361190974	0.332108673662374	0.739807200862347	0.968510029940052
SA597_1392	cds	0.473507785633967	-0.743028811046817	2.84887795907156	-0.260814545839291	0.794235526626659	NA
SA597_1393	cds	3.70266335627001	-1.15499488764108	1.04419864189634	-1.10610648328706	0.268680432886436	0.85770418217198
SA597_1394	cds	0.666994286248477	-1.52517390787167	2.24178685839174	-0.68033849969387	0.496290152372244	NA
SA597_1395	cds	0.332022042839203	-1.18469990688433	3.01820684669062	-0.392517798501224	0.694675663065794	NA
SA597_1396	cds	4.06202305592188	0.725641736226402	1.01276474598463	0.716495848718466	0.473685229895881	0.95051682720814
SA597_1397	cds	2.31320391445921	-0.188692435969722	1.27667033633416	-0.147800438844326	0.882500262995068	0.985168286643959
SA597_1398	cds	6.63747559435962	-0.459965854354549	0.836521663705243	-0.549855280874857	0.582418638596162	0.964166105872218
SA597_1399	cds	0.444463270957311	0.113586131505193	2.93017096651141	0.0387643358709631	0.969078279302247	NA
SA597_1400	cds	0.0429304712893331	0.533366996243296	4.04698303010695	0.131793731843052	0.89514744456904	NA
SA597_1401	cds	0.449877700664597	-1.35397702929382	2.7329488843144	-0.49542713259838	0.620298646169394	NA
SA597_1402	cds	2.49869176481814	-0.666556621121258	1.29241219709553	-0.515746154840715	0.606031714074966	0.964166105872218
SA597_1403	cds	0.703318700144612	-1.40786811377715	2.45986436978227	-0.572335666580579	0.567094590935317	NA
SA597_1404	cds	6.08358511777411	-0.114115418068875	0.782471160273289	-0.145839775141385	0.884047875553509	0.985168286643959
SA597_1405	cds	1.77177790707872	0.708085398633236	1.4707090936817	0.481458503027715	0.630190665800612	NA
SA597_1406	cds	2.89257868524486	-0.29738647770292	1.18195146861031	-0.251606335455189	0.801345361155259	0.977788376455499
SA597_1407	cds	2.68131137625578	-1.11240534199146	1.24878697353036	-0.890788713824142	0.373042531047248	0.90082186683426
SA597_1408	cds	0	NA	NA	NA	NA	NA
SA597_1409	cds	0	NA	NA	NA	NA	NA
SA597_1410	cds	0	NA	NA	NA	NA	NA
SA597_1411	cds	0	NA	NA	NA	NA	NA
SA597_1412	cds	0	NA	NA	NA	NA	NA
SA597_1413	cds	0	NA	NA	NA	NA	NA
SA597_1414	cds	2.22905451049048	-0.0106458531534825	1.24973743674353	-0.00851847183294969	0.993203325042352	0.993203325042352
SA597_1415	cds	0.881646642695143	-0.387491786909693	2.04920112684482	-0.18909407272595	0.850019086963454	NA
SA597_1416	cds	2.09731289605241	-0.335391730238326	1.32461239593197	-0.253199903057189	0.800113741423042	0.977788376455499
SA597_1417	cds	0.742678378647336	-0.388015405854023	2.15939933404249	-0.179686730349982	0.857398511528979	NA
SA597_1418	cds	0.114905457255323	-1.06803554532648	4.05863953808327	-0.2631511212821	0.792434102912824	NA
SA597_1419	cds	4.0335798233432	-0.331550203494169	0.971703513854008	-0.341205109137829	0.732949177298979	0.968510029940052
SA597_1420	cds	4.53666666395046	-1.98888495158694	0.987680632255325	-2.01369236839788	0.0440418417651654	0.489205440594976
SA597_1421	cds	8.40642559984999	0.208497766188645	0.672959767347443	0.309822037371514	0.756696292251369	0.97511068578006
SA597_1422	cds	1.2154272584185	-1.79850147379454	1.89927679797023	-0.94694015938941	0.343669272540248	NA
SA597_1423	cds	1.38311168947494	0.983291738461374	1.66163795795799	0.591760517838528	0.554010965260001	NA
SA597_1424	cds	0.0858609425786661	0.917705217467736	4.04010252673348	0.227148992233552	0.820307889253335	NA
SA597_1425	cds	0.903464507762062	-0.345028095676868	2.02290849677631	-0.170560406576324	0.864569432622598	NA
SA597_1426	cds	1.51978797752296	1.94326074055178	1.70880836048969	1.13720226649342	0.255453739705742	NA
SA597_1427	cds	2.02709648297058	-0.656737429790919	1.31372887150621	-0.499903324068657	0.617143151583854	0.964166105872218
SA597_1428	cds	0.0858609425786661	0.917705217467736	4.04010252673348	0.227148992233552	0.820307889253335	NA
SA597_1429	cds	6.59326338640196	-0.357296111503928	0.760209583910435	-0.469996852270706	0.638357266464016	0.964166105872218
SA597_1430	cds	2.79749974056906	0.590453003890151	1.21183003983252	0.487240771793175	0.626087715005067	0.964166105872218
SA597_1431	cds	1.90543103741981	-1.14738502874322	1.4364685429649	-0.798754023791568	0.424433054451366	NA
SA597_1432	cds	0.477163642457095	-0.659307321359289	2.86127972712627	-0.23042393063102	0.817762367448458	NA
SA597_1433	cds	7.2581331197445	-0.141280762936345	0.707719807560109	-0.199628103420499	0.841771446812808	0.985168286643959
SA597_1434	cds	0.506208157133751	-1.75044389109608	2.58525860587536	-0.677086573512588	0.498351027162197	NA
SA597_1435	cds	1.89335730070959	-1.37169910347756	1.47811346161495	-0.928006637581715	0.35340412655687	NA
SA597_1436	cds	0.791609932369318	-0.394707691127302	2.12370309938837	-0.18585822624687	0.852555941975462	NA
SA597_1437	cds	0.466227886414488	-2.30445539450054	2.89109167986158	-0.797088314615771	0.425399742409154	NA
SA597_1438	cds	0.575718913962525	-0.643816770255323	2.47414955303059	-0.260217402568373	0.79469608122714	NA
SA597_1439	cds	1.76223997135063	0.15976242347889	1.4318148844734	0.111580362246093	0.911156143431084	NA
SA597_1440	cds	6.01167840819902	-0.657046532109926	0.793695536073962	-0.827831961056535	0.407765671532143	0.919200581589408
SA597_1441	cds	12.0645655523399	-0.337578297313161	0.571116049521068	-0.591085292728598	0.554463273656368	0.964166105872218
SA597_1442	cds	4.38349400382005	0.738827152427886	1.01375640938583	0.728801461167082	0.466123117652036	0.947926217855059
SA597_1443	cds	6.00110120602449	0.995071716918357	0.841884332941866	1.1819577559321	0.237222463212419	0.8382627653164
SA597_1444	cds	5.44013526198365	-0.719096618780358	0.862601090356929	-0.833637502687144	0.404485285757313	0.919200581589408
SA597_1445	cds	1.07095737556249	-0.561793901129556	1.93210463274083	-0.290767845389725	0.771228878958311	NA
SA597_1446	cds	20.4269524333639	0.633689587442068	0.438086129591236	1.44649543694374	0.148038290944091	0.752606967124613
SA597_1447	cds	13.4174471654901	0.693777480694175	0.53494184264174	1.29692132002246	0.19465825998662	0.806929696378568
SA597_1448	cds	93.4094960240943	0.608429770460052	0.203543167623	2.9891927966208	0.00279715570773404	0.0979004497706914
SA597_1449	cds	32.23298353494	0.150564278459175	0.383500463230359	0.392605206238656	0.694611093693309	0.967174535295726
SA597_1450	cds	15.4673464688438	0.108541169712526	0.538473086228262	0.201572135151273	0.840251230979137	0.985168286643959
SA597_1451	cds	0.473473846142791	2.24295788289422	2.83955583492197	0.789897439349296	0.42958766694899	NA
SA597_1452	cds	2.59929785375624	0.124711095130118	1.21837566938142	0.102358491115827	0.918472129854972	0.985168286643959
SA597_1453	cds	3.31827826845185	1.33148777525444	1.13017529857587	1.17812500143318	0.238746776179124	0.8382627653164
SA597_1454	cds	0.459587889530115	0.587854330210699	2.75728289311028	0.213200586591819	0.831170510751725	NA
SA597_1455	cds	0.114905457255323	-1.06803554532648	4.05863953808327	-0.2631511212821	0.792434102912824	NA
SA597_1456	cds	1.15628491502554	0.263894600870645	1.84925682047937	0.142703056681028	0.886524702545623	NA
SA597_1457	cds	0	NA	NA	NA	NA	NA
SA597_1458	cds	1.20104070100036	0.845981004782695	2.03425501575675	0.415867724660857	0.677506798067645	NA
SA597_1459	cds	0.374952514128536	-0.778597107229497	2.89698913863416	-0.268760796112816	0.788113763796406	NA
SA597_1460	cds	1.05031143065437	-3.47981611710879	2.19700999742085	-1.5838872473015	0.113219379957094	NA
SA597_1461	cds	0.70992475753781	-1.20581641331388	2.19633595366721	-0.549012737008897	0.582996708896933	NA
SA597_1462	cds	0.677930042291083	-0.584208857264712	2.34362885589057	-0.24927533034778	0.803147812651932	NA
SA597_1463	cds	1.37940258304207	-0.155715956215842	1.59749042177492	-0.0974753614127029	0.922348899784629	NA
SA597_1464	cds	1.08801903549242	2.32517353152119	2.04248580372002	1.13840376627652	0.254951922115464	NA
SA597_1465	cds	0.292041772119941	-1.17112321432212	3.74159268945205	-0.313001256824036	0.754279707287529	NA
SA597_1466	cds	0.887061072402428	-1.51033056810594	2.17289011893513	-0.695079127538263	0.48700571451475	NA
SA597_1467	cds	0	NA	NA	NA	NA	NA
SA597_1468	cds	0	NA	NA	NA	NA	NA
SA597_1469	cds	0.0429304712893331	0.533366996243296	4.04698303010695	0.131793731843052	0.89514744456904	NA
SA597_1470	cds	0	NA	NA	NA	NA	NA
SA597_1471	cds	0.0429304712893331	0.533366996243296	4.04698303010695	0.131793731843052	0.89514744456904	NA
SA597_1472	cds	0.200766399833989	-0.00898487287243682	3.96546975350417	-0.00226577768358897	0.998192172514875	NA
SA597_1473	cds	0	NA	NA	NA	NA	NA
SA597_1474	cds	0.0429304712893331	0.533366996243296	4.04698303010695	0.131793731843052	0.89514744456904	NA
SA597_1475	cds	1.2227922216745	-0.490339307516014	1.70754076620068	-0.287161113351941	0.773988959952692	NA
SA597_1476	cds	2.21565452531066	0.213185423235202	1.27531935144565	0.167162384067601	0.867242281080443	0.985168286643959
SA597_1477	cds	2.28587093839249	0.416902173875985	1.25880706769134	0.331188300873292	0.740502256606582	0.968510029940052
SA597_1478	cds	1.92062861312948	1.59122015162104	1.47035116723878	1.08220416120677	0.279161819896716	NA
SA597_1479	cds	1.31170404611575	-0.428055149869001	1.6970895577055	-0.252228969252359	0.800864087556443	NA
SA597_1480	cds	0.200766399833989	-0.00898487287243682	3.96546975350417	-0.00226577768358897	0.998192172514875	NA
SA597_1481	cds	4.89086453524984	-0.456385037803861	0.970631644287024	-0.470193858288123	0.638216521695445	0.964166105872218
SA597_1482	cds	2.21829100758531	-0.153261607171734	1.29860821778333	-0.118019896280454	0.906051893104295	0.985168286643959
SA597_1483	cds	2.86206960845235	-0.476897701619126	1.16284216493812	-0.410113870995126	0.681722417908928	0.964166105872218
SA597_1484	cds	7.01733941491703	0.139522752792912	0.729100735582167	0.191362792524831	0.848241368607589	0.985168286643959
SA597_1485	cds	1.88862768254722	0.180902681716343	1.54249058788325	0.117279601663304	0.906638488983342	NA
SA597_1486	cds	0	NA	NA	NA	NA	NA
SA597_1487	cds	2.28887438857231	1.06728030541638	1.32427154057502	0.80593765909441	0.420278795666595	0.929755237068483
SA597_1488	cds	1.6371576639155	0.749613406204299	1.55991999801762	0.480546058231785	0.630839161005598	NA
SA597_1489	cds	2.1486988795826	1.78670214114625	1.63776588079258	1.09093867572915	0.275299867486123	0.85770418217198
SA597_1490	cds	0.509158357703822	-1.58325783638875	2.62997114540734	-0.602005782137026	0.547170288530822	NA
SA597_1491	cds	1.44837411882825	-2.07491981260272	1.70370052000882	-1.21788999195233	0.223265779886146	NA
SA597_1492	cds	5.63188210242402	-0.00931222110922611	0.818821638193792	-0.011372710093211	0.99092608580369	0.992418444366647
SA597_1493	cds	5.63069047473811	-0.264763930748968	0.815391701538107	-0.324707659214011	0.745402337303623	0.968510029940052
SA597_1494	cds	0.887819978265227	-0.114896150854808	2.01723727375787	-0.0569571821567474	0.954579303426569	NA
SA597_1495	cds	3.55226495070966	0.777043332579816	1.03745781070478	0.748987886121311	0.453864506815241	0.947926217855059
SA597_1496	cds	0.631309774687447	1.46398712606186	2.43398195899493	0.601478215831309	0.547521516844659	NA
SA597_1497	cds	2.41954337885216	0.416801251644576	1.26519311177755	0.329436864431696	0.741825507632915	0.968510029940052
SA597_1498	cds	0.867760686082466	-1.24070158488644	2.02589587824792	-0.612421200027048	0.54025911896958	NA
SA597_1499	cds	7.26388580531791	0.254199126419771	0.752269206374664	0.337909785839577	0.735431172859122	0.968510029940052
SA597_1500	cds	0.878129099518275	2.03036640298446	2.16644130920052	0.937189664156526	0.34866100546748	NA
SA597_1501	cds	1.10247233471189	0.570490648037517	1.84546087836604	0.30913180264359	0.757221268159642	NA
SA597_1502	cds	2.96141772531175	-0.666340934185339	1.11594728289823	-0.59710789604217	0.550435346470561	0.964166105872218
SA597_1503	cds	4.11946007604043	0.620117637620212	0.971216544613803	0.638495751600687	0.523151018693523	0.964166105872218
SA597_1504	cds	1.47496061970321	0.746284288623991	1.62893187208949	0.458143340069038	0.646849463436884	NA
SA597_1505	cds	2.85361739166552	0.0409422371203013	1.17905874689826	0.0347245098923253	0.972299416642369	0.992418444366647
SA597_1506	cds	1.99013315462272	0.215298983173795	1.41549314720235	0.152101748849384	0.879106684875765	NA
SA597_1507	cds	1.4610538183824	2.54982270150584	1.844133011264	1.38266745724494	0.166766854644206	NA
SA597_1508	cds	1.13693127909583	-0.871789775345729	1.77989776426197	-0.489797668635881	0.624277080610507	NA
SA597_1509	cds	12.4855982996198	0.483619844732195	0.575768655727287	0.839955145042251	0.400933536614273	0.919200581589408
SA597_1510	cds	5.5762582900913	0.720635072821011	0.820176904948054	0.878633705086652	0.379599914596964	0.90154979716779
SA597_1511	cds	4.94910497303245	-0.196466429137185	0.850600212105595	-0.230973877435143	0.817335096138816	0.98109718218829
SA597_1512	cds	6.51471514535293	0.228138177750009	0.757819920187278	0.301045369318914	0.76337989854628	0.97511068578006
SA597_1513	cds	0.338681349842143	1.8176737421668	3.22336777765085	0.563905166133878	0.572818674000172	NA
SA597_1514	cds	0.503743927996536	-0.0502676833128886	2.62059972230386	-0.0191817479354293	0.98469611796253	NA
SA597_1515	cds	0.475938075280007	0.125815301690742	2.93401806082656	0.0428815702843008	0.965795940018248	NA
SA597_1516	cds	0	NA	NA	NA	NA	NA
SA597_1517	cds	0.157835928544656	-0.393885238057851	4.04188960362838	-0.0974507660239564	0.922368431080567	NA
SA597_1518	cds	0.0429304712893331	0.533366996243296	4.04698303010695	0.131793731843052	0.89514744456904	NA
SA597_1519	cds	0	NA	NA	NA	NA	NA
SA597_1520	cds	5.39495143493167	0.766492649030319	0.836729000889572	0.916058422996477	0.359636253155289	0.90082186683426
SA597_1521	cds	14.5823988635396	1.5202989388223	0.548099510873712	2.77376445090935	0.00554117832345043	0.175470646909263
SA597_1522	cds	1.61587280455565	0.490224681425505	1.54869448452324	0.316540600050253	0.751592213749394	NA
SA597_1523	cds	0.732295335838917	2.78176201676214	2.44189248334294	1.13918284107002	0.254626900849452	NA
SA597_1524	cds	0	NA	NA	NA	NA	NA
SA597_1525	cds	3.73431761694905	0.889108637192647	1.01966976886448	0.871957435967504	0.383231598266548	0.903719903713668
SA597_1526	cds	2.01141801398257	0.454708107663048	1.40284156772288	0.32413361431907	0.745836878984178	NA
SA597_1527	cds	6.24937419688969	-0.584461876296566	0.787168546488078	-0.742486318723125	0.457792737977494	0.947926217855059
SA597_1528	cds	4.26160557799506	-0.253561061140651	0.966444825765415	-0.262364756249621	0.793040241625518	0.97511068578006
SA597_1529	cds	0.707460528400595	0.164544685674891	2.35690974352412	0.0698137406945665	0.94434191037144	NA
SA597_1530	cds	25.5880074443178	0.224697933194898	0.390302526798758	0.575701969028639	0.564816644217735	0.964166105872218
SA597_1531	cds	0	NA	NA	NA	NA	NA
SA597_1532	cds	5.0168957772142	1.57342597946874	0.901612494330706	1.74512441804252	0.080963213997659	0.581434472963856
SA597_1533	cds	11.8409417893623	0.567177721414712	0.58461223420115	0.970177646367148	0.331957950982203	0.885741004315418
SA597_1534	cds	0.0429304712893331	0.533366996243296	4.04698303010695	0.131793731843052	0.89514744456904	NA
SA597_1535	cds	1.50524379634	0.0752482262516882	1.5319047926818	0.0491206937997473	0.960823112044846	NA
SA597_1536	cds	0.200766399833989	-0.00898487287243682	3.96546975350417	-0.00226577768358897	0.998192172514875	NA
SA597_1537	cds	1.15628491502554	0.263894600870645	1.84925682047937	0.142703056681028	0.886524702545623	NA
SA597_1538	cds	1.65458047382361	2.08872955888809	1.60602744270505	1.30055658038447	0.193410277383642	NA
SA597_1539	cds	3.6024560110999	-0.0217196146755154	0.99103047145896	-0.0219161925904665	0.982514808058124	0.992418444366647
SA597_1540	cds	24.5742198635018	-0.122801046560813	0.412208860342198	-0.297909769476738	0.765772031363509	0.97511068578006
SA597_1541	cds	2.39059954546801	0.460099386616662	1.24269157525974	0.370244230971384	0.711200522946782	0.967174535295726
SA597_1542	cds	2.78968121078181	0.883198643131827	1.20360270125641	0.733795829977682	0.463073182437604	0.947926217855059
SA597_1543	cds	1.32976577047558	-0.211960766340127	1.83912143941906	-0.11525109859362	0.908246097657573	NA
SA597_1544	cds	1.95282952100481	0.389332673015106	1.41945200745157	0.274283787666832	0.783866542509485	NA
SA597_1545	cds	1.37027904690191	-0.455279765076829	1.61265491478744	-0.282316917836597	0.777700514419517	NA
SA597_1546	cds	1.57535952812932	0.778302783182122	1.62921861867776	0.477715374879385	0.63285279977443	NA
SA597_1547	cds	3.56516547226503	0.145290849680329	1.08558747970701	0.133836150836541	0.893532140109439	0.985168286643959
SA597_1548	cds	0.301751960985459	1.21893634485722	3.71101045461231	0.328464810262726	0.742560246988339	NA
SA597_1549	cds	1.91819210814791	-0.580123926678762	1.39879204568133	-0.414732074342183	0.678338049515251	NA
SA597_1550	cds	0.0858609425786661	0.917705217467736	4.04010252673348	0.227148992233552	0.820307889253335	NA
SA597_1551	cds	3.20520587580712	0.559468685431545	1.16528375447308	0.480113691866002	0.631146552925266	0.964166105872218
SA597_1552	cds	2.70180339026165	-0.685108991202463	1.20380173129499	-0.569121121353976	0.569273945586194	0.964166105872218
SA597_1553	cds	5.77331050533792	-1.17714562815544	0.861386906359313	-1.36657014341057	0.171760080895126	0.806929696378568
SA597_1554	cds	37.214228570966	-0.596505772086514	0.329195788393397	-1.81200912380348	0.0699847867499888	0.556157963252573
SA597_1555	cds	6.30498535561656	0.751871042600127	0.833985051086821	0.901540191422274	0.367301174400069	0.90082186683426
SA597_1556	cds	4.08857715189524	0.602026387378593	0.964474682106846	0.624201338352913	0.532495368048289	0.964166105872218
SA597_1557	cds	6.25559924747995	0.532958718310739	0.789612551455169	0.674962318327584	0.499699705709599	0.964166105872218
SA597_1558	cds	3.37852717549421	0.436892091812111	1.0634234548054	0.410835485937311	0.681193170732987	0.964166105872218
SA597_1559	cds	3.44524436763436	1.27053921278773	1.15804461654345	1.09714184983654	0.27257938832046	0.85770418217198
SA597_1560	cds	0.51886854656934	0.502698377336711	2.65209116654631	0.189547924927238	0.849663397158722	NA
SA597_1561	cds	4.01947940936247	-0.339569131215053	1.05197964737064	-0.322790590163778	0.746853839831096	0.968510029940052
SA597_1562	cds	1.39264962520302	1.85703832867367	1.86234318921655	0.99715151290396	0.318690972154198	NA
SA597_1563	cds	0.601192635852572	-0.778341466914146	2.6894068926687	-0.289410081098512	0.772267581332773	NA
SA597_1564	cds	0.693574571787918	-0.851077054395771	2.32974779770826	-0.365308663552751	0.714881012068254	NA
SA597_1565	cds	1.90908689424294	-1.14078243312779	1.53679641552609	-0.742312008020443	0.457898318060157	NA
SA597_1566	cds	3.38219766168995	-1.04461575952973	1.08497986812902	-0.962797366306067	0.335649222687948	0.885741004315418
SA597_1567	cds	16.2603234335482	0.0771460711521365	0.488475173490049	0.157932430016749	0.874510043285843	0.985168286643959
SA597_1568	cds	11.4658108067608	0.355463093541756	0.564023619810904	0.630227318602241	0.528545868059601	0.964166105872218
SA597_1569	cds	1.33702482498692	2.46988958249683	1.93290415779031	1.27781275266146	0.201315456764394	NA
SA597_1570	cds	2.50283458095751	1.48351061096172	1.32391387315288	1.12054918453929	0.262479805493973	0.85770418217198
SA597_1571	cds	0	NA	NA	NA	NA	NA
SA597_1572	cds	1.30094054321057	-0.742682555415888	1.79615423047142	-0.413484846020691	0.679251422853542	NA
SA597_1573	cds	0	NA	NA	NA	NA	NA
SA597_1574	cds	7.13884723670297	-0.541605406371832	0.742681889461049	-0.729256245584318	0.465844931470528	0.947926217855059
SA597_1575	cds	1.35406717479828	1.62905250816707	1.71253074358001	0.951254460262458	0.341475218466835	NA
SA597_1576	cds	3.75368957511394	1.26548527151653	1.05682470319066	1.19744103983935	0.23113469557719	0.8382627653164
SA597_1577	cds	0.0429304712893331	0.533366996243296	4.04698303010695	0.131793731843052	0.89514744456904	NA
SA597_1578	cds	0.272741385799978	-0.973481976085173	3.50715202286095	-0.277570510128916	0.781342072377809	NA
SA597_1579	cds	0.727519820583356	1.60450911513266	2.31030180964136	0.694501951405965	0.487367477466718	NA
SA597_1580	cds	1.85337702999032	-1.4798244062576	1.53584467116559	-0.963524784791241	0.335284232320774	NA
SA597_1581	cds	0.391302699878428	-1.35970812939126	3.07112564520396	-0.442739336150136	0.657954286647296	NA
SA597_1582	cds	1.65504091980238	-1.45779916462257	1.67516384045352	-0.870242736512209	0.384167765414308	NA
SA597_1583	cds	1.18589677230899	-2.50829497261822	1.80094035796963	-1.39276959479439	0.163689475615052	NA
SA597_1584	cds	2.61375115297571	-0.416814070181419	1.20921242388501	-0.344698798944078	0.730320821166728	0.968510029940052
SA597_1585	cds	1.62375767873568	1.14637380182249	1.61752868272884	0.708719303752009	0.478498683233519	NA
SA597_1586	cds	0.0429304712893331	0.533366996243296	4.04698303010695	0.131793731843052	0.89514744456904	NA
SA597_1587	cds	0.670703392681346	0.277698008333711	2.25514711152392	0.123139642161108	0.901996520236911	NA
SA597_1588	cds	7.86653309508824	-0.710139543281367	0.695492103912228	-1.02106054013661	0.307225756883361	0.867698365874358
SA597_1589	cds	0.722619086464575	-1.72390841820248	2.28351385452347	-0.754936701954991	0.450286962781223	NA
SA597_1590	cds	0	NA	NA	NA	NA	NA
SA597_1591	cds	0.114905457255323	-1.06803554532648	4.05863953808327	-0.2631511212821	0.792434102912824	NA
SA597_1592	cds	5.20382848216187	0.799490854532293	0.875874285485558	0.912791787338613	0.361352058471447	0.90082186683426
SA597_1593	cds	2.82852251295007	-0.432153896722672	1.22856609669511	-0.351754698330991	0.725022235393861	0.968510029940052
SA597_1594	cds	5.85064706881	-1.73225812024541	0.863199561403118	-2.00678753523652	0.044772290653074	0.489205440594976
SA597_1595	cds	4.76816827236292	-1.50747422242948	0.959955936141504	-1.57035772755227	0.116331911098667	0.678824851509992
SA597_1596	cds	2.25811833528571	1.12231560536826	1.31395165394633	0.854152892153601	0.393020280698384	0.919200581589408
SA597_1597	cds	3.03348399064979	0.410243062372328	1.18342670047795	0.346656926201381	0.728849073696761	0.968510029940052
SA597_1598	cds	1.08118747535204	0.218485685556997	1.87725429117443	0.116385769676579	0.907346812900728	NA
SA597_1599	cds	0.870244225338247	0.959676919456733	2.09915342807383	0.457173309307517	0.647546481153751	NA
SA597_1600	cds	0.794594072430564	-2.41916063289356	2.21083987333169	-1.09422697775391	0.273855442299572	NA
SA597_1601	cds	2.25382257612747	0.110453836756185	1.26351636558177	0.0874178125150975	0.930339411238959	0.986723617980714
SA597_1602	cds	0.0429304712893331	0.533366996243296	4.04698303010695	0.131793731843052	0.89514744456904	NA
SA597_1603	cds	0.808480029043241	-1.16243974621386	2.19642561945669	-0.529241571358744	0.596637881897516	NA
SA597_1604	cds	5.96794159936412	-0.612706411863084	0.814417638839934	-0.752324584639191	0.451855886846738	0.947926217855059
SA597_1605	cds	7.86641409156055	-0.575533903292592	0.69075099731499	-0.833200249481713	0.40473180192447	0.919200581589408
SA597_1606	cds	5.71279158374711	-0.927912378048054	0.84841630767126	-1.09369936628752	0.274086852314254	0.85770418217198
SA597_1607	cds	9.74542108191381	-0.579874761437557	0.655043053858954	-0.885246791064237	0.376023540905103	0.90082186683426
SA597_1608	cds	3.84197711447607	0.118656578381173	0.962763326569851	0.123245843611352	0.9019124243057	0.985168286643959
SA597_1609	cds	0.865296456945251	-0.145961489021679	2.15686081072822	-0.0676731146931999	0.946045851601079	NA
SA597_1610	cds	3.55650277951219	-1.48498359783789	1.11566049548754	-1.33103538562505	0.183177367871748	0.806929696378568
SA597_1611	cds	0.260047056873214	-0.0995831982621674	3.58498699094132	-0.0277778408997851	0.977839339542392	NA
SA597_1612	cds	1.26466937892418	0.55498280695668	1.86320433629909	0.297864703373893	0.765806428406753	NA
SA597_1613	cds	0.549138628423084	-1.33044526608485	2.51628508963055	-0.528733914756931	0.596990046913722	NA
SA597_1614	cds	6.49928302382023	0.469478485523757	0.764330399862113	0.614235003093495	0.539060046082115	0.964166105872218
SA597_1615	cds	0.887819978265227	-0.114896150854808	2.01723727375787	-0.0569571821567474	0.954579303426569	NA
SA597_1616	cds	0.292041772119941	-1.17112321432212	3.74159268945205	-0.313001256824036	0.754279707287529	NA
SA597_1617	cds	0.0858609425786661	0.917705217467736	4.04010252673348	0.227148992233552	0.820307889253335	NA
SA597_1618	cds	2.37176428587277	2.69340208518793	1.51491300786098	1.77792524799225	0.0754161328895577	0.561232774075587
SA597_1619	cds	1.48638234717867	2.06150976259402	1.75562373193039	1.17423211198409	0.240302067016281	NA
SA597_1620	cds	1.28445204381442	-2.26465662404743	1.77677396619031	-1.27458904010352	0.2024547387415	NA
SA597_1621	cds	1.38540366547472	-0.258603367941249	1.68192717755316	-0.153754200177359	0.877803547279331	NA
SA597_1622	cds	1.18220697599469	-0.933034950463625	1.83162785194423	-0.509402032445199	0.610470452011389	NA
SA597_1623	cds	0.713633863970679	0.44917805572784	2.20212567803541	0.203974759573472	0.838373223186146	NA
SA597_1624	cds	2.44494552889728	0.117826039014368	1.20200828822453	0.0980243149474512	0.921912985808574	0.985168286643959
SA597_1625	cds	0.348372228589095	-2.04335432326204	3.46520987824492	-0.5896769301307	0.555407264716243	NA
SA597_1626	cds	0	NA	NA	NA	NA	NA
SA597_1627	cds	0.0429304712893331	0.533366996243296	4.04698303010695	0.131793731843052	0.89514744456904	NA
SA597_1628	cds	1.97875158197396	-0.231102617867868	1.36272560356289	-0.169588519701723	0.86533375171422	NA
SA597_1629	cds	0.0858609425786661	0.917705217467736	4.04010252673348	0.227148992233552	0.820307889253335	NA
SA597_1630	cds	0	NA	NA	NA	NA	NA
SA597_1631	cds	0	NA	NA	NA	NA	NA
SA597_1632	cds	0.387612903564125	1.81347009834924	3.07236196665986	0.590252749522469	0.555021212190291	NA
SA597_1633	cds	0.332022042839203	-1.18469990688433	3.01820684669062	-0.392517798501224	0.694675663065794	NA
SA597_1634	cds	0.0858609425786661	0.917705217467736	4.04010252673348	0.227148992233552	0.820307889253335	NA
SA597_1635	cds	6.15204877589875	0.711858512367054	0.784694026957139	0.907179725997757	0.364311763099536	0.90082186683426
SA597_1636	cds	0	NA	NA	NA	NA	NA
SA597_1637	cds	0	NA	NA	NA	NA	NA
SA597_1638	cds	0.0429304712893331	0.533366996243296	4.04698303010695	0.131793731843052	0.89514744456904	NA
SA597_1639	cds	1.1931427320373	-0.261535172056914	1.77017385758242	-0.147745471969686	0.882543643968664	NA
SA597_1640	cds	2.27693275017281	0.47745273550929	1.28696743266109	0.370990534330812	0.71064458194832	0.967174535295726
SA597_1641	cds	4.46183122219688	0.346917908129661	0.913370752139073	0.379821564591591	0.704077873629717	0.967174535295726
SA597_1642	cds	3.91639701946071	-1.22287319766343	0.977973186005784	-1.25041587557002	0.211147668233263	0.825959996324236
SA597_1643	cds	1.3557724980727	-0.415792464330021	1.78897714012503	-0.232419104193227	0.816212512141581	NA
SA597_1644	cds	0	NA	NA	NA	NA	NA
SA597_1645	cds	0.157835928544656	-0.393885238057851	4.04188960362838	-0.0974507660239564	0.922368431080567	NA
SA597_1646	cds	0.49280817195393	-0.933447867582838	2.65354822044297	-0.351773470853683	0.725008155695834	NA
SA597_1647	cds	0.0858609425786661	0.917705217467736	4.04010252673348	0.227148992233552	0.820307889253335	NA
SA597_1648	cds	0	NA	NA	NA	NA	NA
SA597_1649	cds	0.374952514128536	-0.778597107229497	2.89698913863416	-0.268760796112816	0.788113763796406	NA
SA597_1650	cds	0.28909157154987	-1.86405930126458	3.41831633620067	-0.545315037559224	0.585536863494469	NA
SA597_1651	cds	0	NA	NA	NA	NA	NA
SA597_1652	cds	0	NA	NA	NA	NA	NA
SA597_1653	cds	0	NA	NA	NA	NA	NA
SA597_1654	cds	0.0858609425786661	0.917705217467736	4.04010252673348	0.227148992233552	0.820307889253335	NA
SA597_1655	cds	0.114905457255323	-1.06803554532648	4.05863953808327	-0.2631511212821	0.792434102912824	NA
SA597_1656	cds	0	NA	NA	NA	NA	NA
SA597_1657	cds	0	NA	NA	NA	NA	NA
SA597_1658	cds	0.0429304712893331	0.533366996243296	4.04698303010695	0.131793731843052	0.89514744456904	NA
SA597_1659	cds	0.114905457255323	-1.06803554532648	4.05863953808327	-0.2631511212821	0.792434102912824	NA
SA597_1660	cds	0.174186114294548	-1.16802017323135	4.05506583760622	-0.288039755704893	0.77331630698403	NA
SA597_1661	cds	0	NA	NA	NA	NA	NA
SA597_1662	cds	0.633774003824663	-0.248487251081669	2.33952838867449	-0.106212539366729	0.915413722248581	NA
SA597_1663	cds	0.128791413867999	1.19152185427695	4.03612358514568	0.295214412824761	0.767830092550625	NA
SA597_1664	cds	0	NA	NA	NA	NA	NA
SA597_1665	cds	0	NA	NA	NA	NA	NA
SA597_1666	cds	0	NA	NA	NA	NA	NA
SA597_1667	cds	0	NA	NA	NA	NA	NA
SA597_1668	cds	0	NA	NA	NA	NA	NA
SA597_1669	cds	1.89996335810279	-1.31548752887168	1.53516412424294	-0.856903511551513	0.39149821194315	NA
SA597_1670	cds	3.13267664201737	1.95785921027448	1.20063190246301	1.63069064403343	0.102955611739506	0.639864315951135
SA597_1671	cds	0.707460528400595	0.164544685674891	2.35690974352412	0.0698137406945665	0.94434191037144	NA
SA597_1672	cds	0.74021414951012	0.913143380701323	2.2746889308028	0.401436595719068	0.688098710486321	NA
SA597_1673	cds	0.128791413867999	1.19152185427695	4.03612358514568	0.295214412824761	0.767830092550625	NA
SA597_1674	cds	0.217116585583881	-0.492636613951927	3.83761921030365	-0.128370374170851	0.897855875139924	NA
SA597_1675	cds	0.157835928544656	-0.393885238057851	4.04188960362838	-0.0974507660239564	0.922368431080567	NA
SA597_1676	cds	0.329557813701988	0.685641463681229	3.28027599163999	0.209019443921376	0.834433059803124	NA
SA597_1677	cds	2.51941868349166	-1.50391581903365	1.23888252761033	-1.21392931574759	0.224774717122985	0.832228320253969
SA597_1678	cds	0	NA	NA	NA	NA	NA
SA597_1679	cds	4.57798269392887	-0.329285179700601	0.974111080543207	-0.338036581533368	0.735335620649941	0.968510029940052
SA597_1680	cds	5.25934309029591	-0.678746337801099	0.846507194211403	-0.801819928339075	0.422657129241906	0.929755237068483
SA597_1681	cds	9.66895134737989	0.181582983985486	0.630844961620971	0.287840903918618	0.773468524965741	0.97511068578006
SA597_1682	cds	1.45808430769376	-0.703524344111051	1.77433415632255	-0.396500479689329	0.691735854055561	NA
SA597_1683	cds	4.1612646735618	-0.268340091592208	0.997925896990304	-0.268897813356191	0.788008319709442	0.97511068578006
SA597_1684	cds	0	NA	NA	NA	NA	NA
SA597_1685	cds	0.217116585583881	-0.492636613951927	3.83761921030365	-0.128370374170851	0.897855875139924	NA
SA597_1686	cds	0.157835928544656	-0.393885238057851	4.04188960362838	-0.0974507660239564	0.922368431080567	NA
SA597_1687	cds	0.0429304712893331	0.533366996243296	4.04698303010695	0.131793731843052	0.89514744456904	NA
SA597_1688	cds	0.374952514128536	-0.778597107229497	2.89698913863416	-0.268760796112816	0.788113763796406	NA
SA597_1689	cds	2.53680755390859	0.206532516806202	1.23486219221968	0.167251469927147	0.86717218757186	0.985168286643959
SA597_1690	cds	0.200766399833989	-0.00898487287243682	3.96546975350417	-0.00226577768358897	0.998192172514875	NA
SA597_1691	cds	0.128791413867999	1.19152185427695	4.03612358514568	0.295214412824761	0.767830092550625	NA
SA597_1692	cds	3.26737317820002	-2.85499507371628	1.22704605179511	-2.32672202444201	0.0199800648581426	0.36546356377083
SA597_1693	cds	0.0429304712893331	0.533366996243296	4.04698303010695	0.131793731843052	0.89514744456904	NA
SA597_1694	cds	1.33400788261552	0.67366384285721	1.67257478787913	0.402770535427855	0.687117038745698	NA
SA597_1695	cds	1.16104733549806	0.533900165227148	1.81827438703746	0.293630141321542	0.769040541103142	NA
SA597_1696	cds	1.24642230664387	-0.257175739796937	1.71022823246045	-0.150375099016432	0.880468685973689	NA
SA597_1697	cds	0.596264177578141	2.69044499858134	2.59079816643608	1.03846182749246	0.299055098010481	NA
SA597_1698	cds	6.32240678023274	0.514182065315445	0.800834576543964	0.64205777369706	0.520835671719178	0.964166105872218
SA597_1699	cds	1.1833986036806	0.251037202532037	1.74840509341442	0.143580685893446	0.885831593033137	NA
SA597_1700	cds	1.6612675049822	-0.221353885403889	1.53810541520551	-0.143913338588899	0.885568902665248	NA
SA597_1701	cds	0.933700650124631	0.325588417711333	2.03034213463971	0.160361355929359	0.872596429116384	NA
SA597_1702	cds	1.02507670370309	-0.980932742370389	1.94257539688873	-0.50496508086197	0.613583362130548	NA
SA597_1703	cds	1.43146280580708	2.84644287955794	1.86673980953998	1.52482036597236	0.127303908706122	NA
SA597_1704	cds	0.675465813153868	0.584294960681386	2.36500908442437	0.247058230993476	0.804863158676774	NA
SA597_1705	cds	0.601192635852572	-0.778341466914146	2.6894068926687	-0.289410081098512	0.772267581332773	NA
SA597_1706	cds	1.88142187764562	-0.507214831007636	1.44611300821788	-0.350743564386233	0.725780739590444	NA
SA597_1707	cds	0	NA	NA	NA	NA	NA
SA597_1708	cds	0.315671857089311	-0.58316765889771	3.32387713041827	-0.17544801929075	0.860727611750094	NA
SA597_1709	cds	0.334972243409274	-0.488262715672907	3.28441843750229	-0.148660326010171	0.881821668546081	NA
SA597_1710	cds	0	NA	NA	NA	NA	NA
SA597_1711	cds	0.698989001495204	-2.88819435575612	2.49066782329764	-1.15960640304581	0.246209092843802	NA
SA597_1712	cds	1.72120638659172	0.961567663217044	1.59297687301027	0.603629393187583	0.546090066323385	NA
SA597_1713	cds	0.377902714698607	-0.0855466317154501	3.14951325293678	-0.0271618579904948	0.978330637387829	NA
SA597_1714	cds	0.611422735642121	0.451300058677583	2.45313947923213	0.183968364823205	0.854038272526319	NA
SA597_1715	cds	1.23001887128424	-1.05256692578434	1.80515769302813	-0.583088629790939	0.559833637564447	NA
SA597_1716	cds	5.40305154481617	-1.0732346168267	0.913591655641136	-1.17474214021091	0.240097894619815	0.8382627653164
SA597_1717	cds	0.0429304712893331	0.533366996243296	4.04698303010695	0.131793731843052	0.89514744456904	NA
SA597_1718	cds	1.52999255185842	-2.79435282155955	1.71459431350975	-1.62974576524726	0.103155240543551	NA
SA597_1719	cds	0.315671857089311	-0.58316765889771	3.32387713041827	-0.17544801929075	0.860727611750094	NA
SA597_1720	cds	1.29587377128988	-0.624111321359918	1.83175837112762	-0.340717057007753	0.733316596573212	NA
SA597_1721	cds	1.65647736035403	4.01503608632678	1.788809808584	2.24452933288924	0.0247983637958716	NA
SA597_1722	cds	0.618649385251858	-0.445572811119543	2.41602578544175	-0.184423864101299	0.8536809500509	NA
SA597_1723	cds	0.343443770314664	2.02470179871637	3.4717777938949	0.583188763485035	0.559766234565523	NA
SA597_1724	cds	0.0429304712893331	0.533366996243296	4.04698303010695	0.131793731843052	0.89514744456904	NA
SA597_1725	cds	2.20364614510984	-1.3467073981183	1.36550704093912	-0.986232481959312	0.324019043273156	0.876522050810298
SA597_1726	cds	0.301751960985459	1.21893634485722	3.71101045461231	0.328464810262726	0.742560246988339	NA
SA597_1727	cds	0	NA	NA	NA	NA	NA
SA597_1728	cds	3.02799506921607	1.2912528758537	1.18207519731346	1.09236102642909	0.274674446394655	0.85770418217198
SA597_1729	cds	1.67867100477175	-1.0357142357622	1.49869784765614	-0.69107608140092	0.489517730527594	NA
SA597_1730	cds	5.70202694366092	-0.0751803081886814	0.807461389620593	-0.0931070007248357	0.925818555824079	0.985168286643959
SA597_1731	cds	0.157835928544656	-0.393885238057851	4.04188960362838	-0.0974507660239564	0.922368431080567	NA
SA597_1732	cds	2.56270050543016	0.272370867779783	1.31953202003041	0.206414746777805	0.836466952598225	0.985168286643959
SA597_1733	cds	0.772914521009904	0.293116449548076	2.26394544579292	0.129471516238509	0.896984561977192	NA
SA597_1734	cds	0.848426360271328	0.824251902421024	2.07072613615716	0.398049692824501	0.690593556123578	NA
SA597_1735	cds	1.03472015076728	-1.03488162431161	1.83972389385914	-0.562520075847233	0.573761729343949	NA
SA597_1736	cds	0	NA	NA	NA	NA	NA
SA597_1737	cds	9.59023505419824	0.456401873224578	0.649215169122565	0.703005559530316	0.482052284810699	0.954757208914804
SA597_1738	cds	3.84442671424067	1.30628547108478	1.03801983053647	1.25843980303311	0.208232744678443	0.824254614352171
SA597_1739	cds	0.243696871123322	0.271322101992547	3.6754588668843	0.0738199261151159	0.941153671535873	NA
SA597_1740	cds	1.30865316425317	-0.194577149016061	1.65240999217527	-0.117753553862208	0.90626293206663	NA
SA597_1741	cds	3.09572794304212	0.587297057480557	1.09926205793542	0.534264830884446	0.593158320708531	0.964166105872218
SA597_1742	cds	3.48592989719813	1.2460872828416	1.11689685889325	1.11566907268086	0.264563813624465	0.85770418217198
SA597_1743	cds	2.21024009560338	0.584318525389731	1.28604951113685	0.454351500723485	0.649575853834059	0.964166105872218
SA597_1744	cds	0.503743927996536	-0.0502676833128886	2.62059972230386	-0.0191817479354293	0.98469611796253	NA
SA597_1745	cds	1.77317572739324	0.479042896512399	1.48433146364034	0.322733101228982	0.746897381288747	NA
SA597_1746	cds	1.26754800764933	-0.0947861608402107	1.78467882433911	-0.0531110469556398	0.957643429679267	NA
SA597_1747	cds	1.33721170749697	-2.06634931428211	1.76502634369768	-1.1707186817128	0.241711873440931	NA
SA597_1748	cds	0	NA	NA	NA	NA	NA
SA597_1749	cds	0.42083318598794	0.207805883321683	3.03026819436605	0.0685767298445865	0.945326542144842	NA
SA597_1750	cds	1.17620589356204	-0.760023664954099	1.81465496873843	-0.418825439572393	0.675343711339512	NA
SA597_1751	cds	3.66101170176751	-0.937243541044999	1.02992723271782	-0.910009475690582	0.362817512552546	0.90082186683426
SA597_1752	cds	1.70185275066201	0.0990257788265126	1.62011249462257	0.0611227795324064	0.951261427622648	NA
SA597_1753	cds	0.200766399833989	-0.00898487287243682	3.96546975350417	-0.00226577768358897	0.998192172514875	NA
SA597_1754	cds	0.761978764967298	-0.593465184604205	2.22360977439698	-0.266892685684991	0.789551788422517	NA
SA597_1755	cds	1.58087463912911	-0.1848770673951	1.55359480430145	-0.118999540216811	0.90527572004749	NA
SA597_1756	cds	0.886594411088139	0.625222106521589	2.04328654489212	0.305988461620589	0.759613431001533	NA
SA597_1757	cds	0	NA	NA	NA	NA	NA
SA597_1758	cds	0	NA	NA	NA	NA	NA
SA597_1759	cds	0	NA	NA	NA	NA	NA
SA597_1760	cds	0	NA	NA	NA	NA	NA
SA597_1761	cds	0	NA	NA	NA	NA	NA
SA597_1762	cds	0	NA	NA	NA	NA	NA
SA597_1763	cds	0	NA	NA	NA	NA	NA
SA597_1764	cds	0	NA	NA	NA	NA	NA
SA597_1765	cds	0	NA	NA	NA	NA	NA
SA597_1766	cds	0.252820407263477	1.23517353768356	3.97012217876418	0.311117260897004	0.755711479573365	NA
SA597_1767	cds	0	NA	NA	NA	NA	NA
SA597_1768	cds	0	NA	NA	NA	NA	NA
SA597_1769	cds	0	NA	NA	NA	NA	NA
SA597_1770	cds	0.895545694090859	1.35152541720245	2.44690284230656	0.552341267431952	0.580714561963187	NA
SA597_1771	cds	0	NA	NA	NA	NA	NA
SA597_1772	cds	0	NA	NA	NA	NA	NA
SA597_1773	cds	0	NA	NA	NA	NA	NA
SA597_1774	cds	0	NA	NA	NA	NA	NA
SA597_1775	cds	0	NA	NA	NA	NA	NA
SA597_1776	cds	0	NA	NA	NA	NA	NA
SA597_1777	cds	0	NA	NA	NA	NA	NA
SA597_1778	cds	0	NA	NA	NA	NA	NA
SA597_1779	cds	0	NA	NA	NA	NA	NA
SA597_1780	cds	0.459587889530115	0.587854330210699	2.75728289311028	0.213200586591819	0.831170510751725	NA
SA597_1781	cds	0	NA	NA	NA	NA	NA
SA597_1782	cds	0.114905457255323	-1.06803554532648	4.05863953808327	-0.2631511212821	0.792434102912824	NA
SA597_1783	cds	0.114905457255323	-1.06803554532648	4.05863953808327	-0.2631511212821	0.792434102912824	NA
SA597_1784	cds	0	NA	NA	NA	NA	NA
SA597_1785	cds	0	NA	NA	NA	NA	NA
SA597_1786	cds	0.0429304712893331	0.533366996243296	4.04698303010695	0.131793731843052	0.89514744456904	NA
SA597_1787	cds	0	NA	NA	NA	NA	NA
SA597_1788	cds	0	NA	NA	NA	NA	NA
SA597_1789	cds	0	NA	NA	NA	NA	NA
SA597_1790	cds	0	NA	NA	NA	NA	NA
SA597_1791	cds	0.114905457255323	-1.06803554532648	4.05863953808327	-0.2631511212821	0.792434102912824	NA
SA597_1792	cds	0.0429304712893331	0.533366996243296	4.04698303010695	0.131793731843052	0.89514744456904	NA
SA597_1793	cds	0.252820407263477	1.23517353768356	3.97012217876418	0.311117260897004	0.755711479573365	NA
SA597_1794	cds	0.174186114294548	-1.16802017323135	4.05506583760622	-0.288039755704893	0.77331630698403	NA
SA597_1795	cds	0.114905457255323	-1.06803554532648	4.05863953808327	-0.2631511212821	0.792434102912824	NA
SA597_1796	cds	0.114905457255323	-1.06803554532648	4.05863953808327	-0.2631511212821	0.792434102912824	NA
SA597_1797	cds	0	NA	NA	NA	NA	NA
SA597_1798	cds	0	NA	NA	NA	NA	NA
SA597_1799	cds	0	NA	NA	NA	NA	NA
SA597_1800	cds	0	NA	NA	NA	NA	NA
SA597_1801	cds	0	NA	NA	NA	NA	NA
SA597_1802	cds	0.114905457255323	-1.06803554532648	4.05863953808327	-0.2631511212821	0.792434102912824	NA
SA597_1803	cds	0	NA	NA	NA	NA	NA
SA597_1804	cds	0	NA	NA	NA	NA	NA
SA597_1805	cds	0	NA	NA	NA	NA	NA
SA597_1806	cds	0	NA	NA	NA	NA	NA
SA597_1807	cds	0	NA	NA	NA	NA	NA
SA597_1808	cds	0	NA	NA	NA	NA	NA
SA597_1809	cds	0	NA	NA	NA	NA	NA
SA597_1810	cds	0	NA	NA	NA	NA	NA
SA597_1811	cds	0	NA	NA	NA	NA	NA
SA597_1812	cds	0	NA	NA	NA	NA	NA
SA597_1813	cds	0	NA	NA	NA	NA	NA
SA597_1814	cds	0.252820407263477	1.23517353768356	3.97012217876418	0.311117260897004	0.755711479573365	NA
SA597_1815	cds	0.767979847399948	-1.0376667411011	2.36890658074487	-0.43803615960863	0.661360071320929	NA
SA597_1816	cds	0	NA	NA	NA	NA	NA
SA597_1817	cds	0.301751960985459	1.21893634485722	3.71101045461231	0.328464810262726	0.742560246988339	NA
SA597_1818	cds	0	NA	NA	NA	NA	NA
SA597_1819	cds	0	NA	NA	NA	NA	NA
SA597_1820	cds	0.200766399833989	-0.00898487287243682	3.96546975350417	-0.00226577768358897	0.998192172514875	NA
SA597_1821	cds	0.0429304712893331	0.533366996243296	4.04698303010695	0.131793731843052	0.89514744456904	NA
SA597_1822	cds	0	NA	NA	NA	NA	NA
SA597_1823	cds	0	NA	NA	NA	NA	NA
SA597_1824	cds	1.6836056783817	-0.451717323498108	1.46598000112078	-0.308133346398149	0.757980868106025	NA
SA597_1825	cds	0.387646843055301	-1.43110697574056	3.06166160134665	-0.467428201441692	0.64019354962648	NA
SA597_1826	cds	0.217116585583881	-0.492636613951927	3.83761921030365	-0.128370374170851	0.897855875139924	NA
SA597_1827	cds	4.19034934306516	-0.125316761798066	0.927843261314063	-0.135062425975467	0.892562517637475	0.985168286643959
SA597_1828	cds	10.2287736421238	-0.0822199868975497	0.633748943871167	-0.129735895724449	0.896775381877493	0.985168286643959
SA597_1829	cds	0	NA	NA	NA	NA	NA
SA597_1830	cds	2.99644770516507	-0.504617429613575	1.11834662781986	-0.4512173748825	0.651832888247229	0.964166105872218
SA597_1831	cds	1.80082242175537	0.289207335762472	1.44107716276313	0.200688306799577	0.840942303524785	NA
SA597_1832	cds	0.252820407263477	1.23517353768356	3.97012217876418	0.311117260897004	0.755711479573365	NA
SA597_1833	cds	0.302977528162547	0.187836643912349	3.38285985672646	0.0555259903950367	0.955719424545285	NA
SA597_1834	cds	0.229810914510645	-1.63428860420327	4.0371417113536	-0.40481328649108	0.685614761669358	NA
SA597_1835	cds	0.876884222222621	-1.04178391563827	1.99920153000967	-0.521099999174788	0.60229711152493	NA
SA597_1836	cds	0	NA	NA	NA	NA	NA
SA597_1837	cds	0.0429304712893331	0.533366996243296	4.04698303010695	0.131793731843052	0.89514744456904	NA
SA597_1838	cds	0.925821991280129	2.25409499725682	2.14138266159233	1.05263530787191	0.292508168497539	NA
SA597_1839	cds	0.388838470741213	0.612229912166788	3.08712215183183	0.198317359034045	0.84279677086846	NA
SA597_1840	cds	0.70697455696774	-1.34960913861508	2.27077672085009	-0.594338107407512	0.552285995687972	NA
SA597_1841	cds	0	NA	NA	NA	NA	NA
SA597_1842	cds	0.475938075280007	0.125815301690742	2.93401806082656	0.0428815702843008	0.965795940018248	NA
SA597_1843	cds	0	NA	NA	NA	NA	NA
SA597_1844	cds	0	NA	NA	NA	NA	NA
SA597_1845	cds	2.41839918284901	-0.899976023515425	1.2153532437317	-0.740505715648629	0.458993194336213	0.947926217855059
SA597_1846	cds	1.86858770048303	1.53992637717878	1.59411069470434	0.966009689474162	0.334039332551009	NA
SA597_1847	cds	0	NA	NA	NA	NA	NA
SA597_1848	cds	0.0858609425786661	0.917705217467736	4.04010252673348	0.227148992233552	0.820307889253335	NA
SA597_1849	cds	0	NA	NA	NA	NA	NA
SA597_1850	cds	4.50177287267901	-1.18120782386195	0.934028040801902	-1.26463850362333	0.206000943942586	0.822712948604465
SA597_1851	cds	0.0429304712893331	0.533366996243296	4.04698303010695	0.131793731843052	0.89514744456904	NA
SA597_1852	cds	1.22215330722278	0.763803937353373	1.79843342807844	0.424705149175006	0.671051629662069	NA
SA597_1853	cds	1.04319167767267	0.690040330740442	1.88086450474259	0.366874024684133	0.713712987784506	NA
SA597_1854	cds	0	NA	NA	NA	NA	NA
SA597_1855	cds	0	NA	NA	NA	NA	NA
SA597_1856	cds	17.7346034547387	-0.410082866575658	0.48863282695553	-0.839245429192131	0.401331599102649	0.919200581589408
SA597_1857	cds	1.42902630082552	-0.218115371156523	1.66923320090918	-0.130668004349376	0.896037944114039	NA
SA597_1858	cds	0	NA	NA	NA	NA	NA
SA597_1859	cds	0	NA	NA	NA	NA	NA
SA597_1860	cds	0	NA	NA	NA	NA	NA
SA597_1861	cds	0	NA	NA	NA	NA	NA
SA597_1862	cds	0.243696871123322	0.271322101992547	3.6754588668843	0.0738199261151159	0.941153671535873	NA
SA597_1863	cds	0.301751960985459	1.21893634485722	3.71101045461231	0.328464810262726	0.742560246988339	NA
SA597_1864	cds	0.114905457255323	-1.06803554532648	4.05863953808327	-0.2631511212821	0.792434102912824	NA
SA597_1865	cds	0	NA	NA	NA	NA	NA
SA597_1866	cds	0.0429304712893331	0.533366996243296	4.04698303010695	0.131793731843052	0.89514744456904	NA
SA597_1867	cds	0	NA	NA	NA	NA	NA
SA597_1868	cds	0.0858609425786661	0.917705217467736	4.04010252673348	0.227148992233552	0.820307889253335	NA
SA597_1869	cds	0.0429304712893331	0.533366996243296	4.04698303010695	0.131793731843052	0.89514744456904	NA
SA597_1870	cds	0.0429304712893331	0.533366996243296	4.04698303010695	0.131793731843052	0.89514744456904	NA
SA597_1871	cds	0	NA	NA	NA	NA	NA
SA597_1872	cds	0	NA	NA	NA	NA	NA
SA597_1873	cds	0.0429304712893331	0.533366996243296	4.04698303010695	0.131793731843052	0.89514744456904	NA
SA597_1874	cds	1.44347960004499	-1.14956544792582	1.65143233053833	-0.6961020604163	0.486364916281553	NA
SA597_1875	cds	0.348372228589095	-2.04335432326204	3.46520987824492	-0.5896769301307	0.555407264716243	NA
SA597_1876	cds	0.128791413867999	1.19152185427695	4.03612358514568	0.295214412824761	0.767830092550625	NA
SA597_1877	cds	0.851410500332574	-0.956451288250673	2.15917715432152	-0.442970270566437	0.65778723847708	NA
SA597_1878	cds	0	NA	NA	NA	NA	NA
SA597_1879	cds	0	NA	NA	NA	NA	NA
SA597_1880	cds	2.88024624606875	-2.80153928480958	1.34961448530756	-2.07580706587565	0.0379117986058373	0.475685774960034
SA597_1881	cds	2.00344708788265	-3.2129701123242	1.52936158917405	-2.10085707334876	0.035653514607768	NA
SA597_1882	cds	0.666994286248477	-1.52517390787167	2.24178685839174	-0.68033849969387	0.496290152372244	NA
SA597_1883	cds	0.0858609425786661	0.917705217467736	4.04010252673348	0.227148992233552	0.820307889253335	NA
SA597_1884	cds	36.0036811563329	1.58295000023295	0.35569190841463	4.45034020393768	8.57343665561094e-06	0.00190044512532709
SA597_1885	cds	5.53704314057036	1.54125195405143	0.890439452105487	1.7308891136922	0.083471543639822	0.584300805478754
SA597_1886	cds	0.344682432274792	1.55557122315285	3.23193142835006	0.481313189230313	0.630293924553744	NA
SA597_1887	cds	3.25047535737045	-0.312093990520145	1.05110214011561	-0.296920706950342	0.766527046841508	0.97511068578006
SA597_1888	cds	1.91158974361729	2.94659883957522	1.69232437807472	1.74115487417811	0.0816564347845892	NA
SA597_1889	cds	0.358602328378644	-0.300229141400638	3.16842425348076	-0.0947566100312524	0.92450815191291	NA
SA597_1890	cds	14.803028351983	-0.905841934909142	0.510435211671829	-1.77464625126906	0.0759563152884254	0.561232774075587
SA597_1891	cds	2.46262156570821	-0.476823584152843	1.32741681192858	-0.359211650679694	0.719436761512094	0.968510029940052
SA597_1892	cds	0.98514968259357	0.476428755784	1.99369574332583	0.238967634544494	0.811130679624503	NA
SA597_1893	cds	0.157835928544656	-0.393885238057851	4.04188960362838	-0.0974507660239564	0.922368431080567	NA
SA597_1894	cds	19.0198850234507	-0.977092794471023	0.452569243346443	-2.15899071542309	0.030850887248872	0.427413333760415
SA597_1895	cds	12.0914839848763	-1.04698721045952	0.569891463513278	-1.8371694918977	0.0661848779367725	0.556157963252573
SA597_1896	cds	2.53875769004875	1.37999370589399	1.35351293241583	1.01956447762261	0.307935059167441	0.867698365874358
SA597_1897	cds	0.415418756280654	0.99755170538039	3.0175457442561	0.330583788921586	0.740958892932124	NA
SA597_1898	cds	0.0858609425786661	0.917705217467736	4.04010252673348	0.227148992233552	0.820307889253335	NA
SA597_1899	cds	0.0429304712893331	0.533366996243296	4.04698303010695	0.131793731843052	0.89514744456904	NA
SA597_1900	cds	0.301751960985459	1.21893634485722	3.71101045461231	0.328464810262726	0.742560246988339	NA
SA597_1901	cds	0.171721885157332	1.40565572726871	4.03346404978335	0.348498389949507	0.727465922766015	NA
SA597_1902	cds	3.43920411825839	2.56907552510154	1.26146660943508	2.03657830170554	0.0416923190297277	0.489205440594976
SA597_1903	cds	0.29575087855281	1.56501802603439	3.41354159963767	0.458473400822333	0.646612368153255	NA
SA597_1904	cds	0	NA	NA	NA	NA	NA
SA597_1905	cds	0	NA	NA	NA	NA	NA
SA597_1906	cds	0	NA	NA	NA	NA	NA
SA597_1907	cds	0.292041772119941	-1.17112321432212	3.74159268945205	-0.313001256824036	0.754279707287529	NA
SA597_1908	cds	1.08118747535204	0.218485685556997	1.87725429117443	0.116385769676579	0.907346812900728	NA
SA597_1909	cds	0.0858609425786661	0.917705217467736	4.04010252673348	0.227148992233552	0.820307889253335	NA
SA597_1910	cds	0.63499957100175	-0.785163070169432	2.39463356709425	-0.327884433325714	0.742999044091868	NA
SA597_1911	cds	0.157835928544656	-0.393885238057851	4.04188960362838	-0.0974507660239564	0.922368431080567	NA
SA597_1912	cds	0.983877081142267	3.35186378875827	2.06929565524886	1.61980903031237	0.105273305863737	NA
SA597_1913	cds	0.690590431726672	1.40013672904791	2.36541705855899	0.591919604190589	0.553904425476725	NA
SA597_1914	cds	0	NA	NA	NA	NA	NA
SA597_1915	cds	0.677362699684286	2.75976252872228	2.48177344931208	1.11201227069588	0.266132874467671	NA
SA597_1916	cds	0.171721885157332	1.40565572726871	4.03346404978335	0.348498389949507	0.727465922766015	NA
SA597_1917	cds	0.329557813701988	0.685641463681229	3.28027599163999	0.209019443921376	0.834433059803124	NA
SA597_1918	cds	0.157835928544656	-0.393885238057851	4.04188960362838	-0.0974507660239564	0.922368431080567	NA
SA597_1919	cds	0.0429304712893331	0.533366996243296	4.04698303010695	0.131793731843052	0.89514744456904	NA
SA597_1920	cds	0.301751960985459	1.21893634485722	3.71101045461231	0.328464810262726	0.742560246988339	NA
SA597_1921	cds	0	NA	NA	NA	NA	NA
SA597_1922	cds	1.36674219360648	-1.3206228922287	1.63376349472156	-0.808331742320982	0.418899634143214	NA
SA597_1923	cds	3.82731762262798	1.06914065400679	1.01971798757232	1.04846699483269	0.294423501058449	0.861033316057345
SA597_1924	cds	6.12259384303621	-0.568072522191627	0.852494053478731	-0.666365378002957	0.505177586549543	0.964166105872218
SA597_1925	cds	1.28810790063755	-2.22602402665896	1.74631068189315	-1.27470103100198	0.202415081789432	NA
SA597_1926	cds	0.669944486818548	-1.42708403718664	2.56498584401533	-0.556371116244692	0.57795718005724	NA
SA597_1927	cds	1.60743561454999	-1.97691517349762	1.64514659194231	-1.20166505719324	0.229493324573662	NA
SA597_1928	cds	2.94322138016823	-0.0365787075742818	1.11795585043359	-0.0327192773847867	0.973898450990847	0.992418444366647
SA597_1929	cds	0.870244225338247	0.959676919456733	2.09915342807383	0.457173309307517	0.647546481153751	NA
SA597_1930	cds	2.49038038415053	0.135184933258711	1.27672116011742	0.105884462074928	0.915674022226463	0.985168286643959
SA597_1931	cds	1.35875663813394	-2.43107365416313	1.91963164791721	-1.26642715898169	0.205360192591341	NA
SA597_1932	cds	0.171721885157332	1.40565572726871	4.03346404978335	0.348498389949507	0.727465922766015	NA
SA597_1933	cds	0.749905028257073	-1.10446581648339	2.2254192780396	-0.496295609273382	0.61968586364356	NA
SA597_1934	cds	0.174186114294548	-1.16802017323135	4.05506583760622	-0.288039755704893	0.77331630698403	NA
SA597_1935	cds	0	NA	NA	NA	NA	NA
SA597_1936	cds	0.965796046663866	-0.88056332795642	1.95369642396972	-0.450716558188299	0.652193846818553	NA
SA597_1937	cds	0.801200129823762	-2.27185105435453	2.25172720574026	-1.00893707220083	0.31300481444161	NA
SA597_1938	cds	3.22196384840086	-0.257783219431654	1.09927815303934	-0.234502267436975	0.814595073101035	0.980896537391751
SA597_1939	cds	0.90046105758225	-2.02465432249753	2.14462820177824	-0.944058425054173	0.34513979311047	NA
SA597_1940	cds	5.88418358664685	0.872791296029767	0.820790324083304	1.06335475750709	0.287621101690754	0.85770418217198
SA597_1941	cds	4.92919862386856	-1.05847904013259	0.899888982950092	-1.17623291337849	0.2395018155125	0.8382627653164
SA597_1942	cds	2.56578532678392	-0.658706683487163	1.20428527549504	-0.546968975616171	0.584400046590881	0.964166105872218
SA597_1943	cds	1.31416827525296	-1.54075755071347	1.76286132645499	-0.87400950238771	0.382113078882503	NA
SA597_1944	cds	1.08241304252913	-0.360000136746624	1.86041286095475	-0.193505508536355	0.846563092398582	NA
SA597_1945	cds	0	NA	NA	NA	NA	NA
SA597_1946	cds	0	NA	NA	NA	NA	NA
SA597_1947	cds	0.674274185467956	-0.678782209892976	2.50019225389957	-0.271492005798463	0.78601264735479	NA
SA597_1948	cds	1.79797191459443	-2.41696204199439	1.64356180675743	-1.47056352371852	0.141409194609501	NA
SA597_1949	cds	2.28604319152993	0.563750245609806	1.34467891196947	0.419245249249959	0.675036905595611	0.964166105872218
SA597_1950	cds	0.157835928544656	-0.393885238057851	4.04188960362838	-0.0974507660239564	0.922368431080567	NA
SA597_1951	cds	0	NA	NA	NA	NA	NA
SA597_1952	cds	0	NA	NA	NA	NA	NA
SA597_1953	cds	0	NA	NA	NA	NA	NA
SA597_1954	cds	0.344682432274792	1.55557122315285	3.23193142835006	0.481313189230313	0.630293924553744	NA
SA597_1955	cds	0.174186114294548	-1.16802017323135	4.05506583760622	-0.288039755704893	0.77331630698403	NA
SA597_1956	cds	0.0429304712893331	0.533366996243296	4.04698303010695	0.131793731843052	0.89514744456904	NA
SA597_1957	cds	2.11532097339396	-0.852740311878026	1.36855316518803	-0.623096225685075	0.533221289840796	0.964166105872218
SA597_1958	cds	7.29965267593627	-0.0886137226823151	0.714150788739171	-0.12408265044244	0.901249834932138	0.985168286643959
SA597_1959	cds	0	NA	NA	NA	NA	NA
SA597_1960	cds	16.5918784913017	-0.47822069348369	0.495732592955037	-0.964674706242413	0.33470776802819	0.885741004315418
SA597_1961	cds	27.8045702816173	-0.0386046811135417	0.373564633145412	-0.103341370376769	0.91769204255311	0.985168286643959
SA597_1962	cds	8.30975730667687	-0.583892981500186	0.658240088311641	-0.887051688082152	0.375051072879726	0.90082186683426
SA597_1963	cds	26.4277911617274	-0.0398151318440832	0.390324718052532	-0.102005151102741	0.918752586425205	0.985168286643959
SA597_1964	cds	3.11121484877413	-1.40156744001707	1.1414968832886	-1.22783291004634	0.219509698714888	0.832228320253969
SA597_1965	cds	5.97168095242559	-1.4709310275093	0.889869837373969	-1.65297323915378	0.0983363100298159	0.622796630188834
SA597_1966	cds	4.20351033330622	-0.654213099999057	0.925075435866373	-0.707199731648218	0.479442365307666	0.954578362064664
SA597_1967	cds	9.66865910283138	-0.180090560329093	0.675019208520265	-0.266793237964112	0.789628360933786	0.97511068578006
SA597_1968	cds	0.70697455696774	-1.34960913861508	2.27077672085009	-0.594338107407512	0.552285995687972	NA
SA597_1969	cds	5.17915488248186	0.0119587269829895	0.851069759088736	0.0140514063098588	0.98878896877045	0.992418444366647
SA597_1970	cds	6.41631863479334	0.286723573920392	0.773929760957017	0.370477514090993	0.711026727697339	0.967174535295726
SA597_1971	cds	9.79172236869667	-0.108201376022899	0.622749210452091	-0.173747913617344	0.862063580542158	0.985168286643959
SA597_1972	cds	4.04941123535008	-1.90283992767273	1.02011873609409	-1.86531220371314	0.0621376555516232	0.52976334540807
SA597_1973	cds	0	NA	NA	NA	NA	NA
SA597_1974	cds	0.200766399833989	-0.00898487287243682	3.96546975350417	-0.00226577768358897	0.998192172514875	NA
SA597_1975	cds	0.592555071145272	0.964672490924508	2.69427307907971	0.358045551661012	0.720309224860977	NA
SA597_1976	cds	0.589604870575202	0.280080359088534	2.48750188819997	0.112595033763455	0.910351622494967	NA
SA597_1977	cds	0.372488284991321	0.850671857693526	3.13738946196212	0.271140025172876	0.786283338527126	NA
SA597_1978	cds	3.72753930641841	0.681141917368412	1.10172971897509	0.618247747734406	0.536412039904185	0.964166105872218
SA597_1979	cds	5.10883778810752	0.0107709292238064	0.851140684876159	0.0126546990587973	0.989903280483912	0.992418444366647
SA597_1980	cds	6.48868871022869	-0.25549892288832	0.753445203038846	-0.339107504909216	0.734528744961987	0.968510029940052
SA597_1981	cds	3.91012768334407	1.2815125462986	1.05867831322122	1.21048342097362	0.22609344869169	0.832228320253969
SA597_1982	cds	4.11517053221773	0.816064499086775	0.946849774849469	0.861873256733375	0.388757266951414	0.913510892306327
SA597_1983	cds	0	NA	NA	NA	NA	NA
SA597_1984	cds	30.0168689093465	-0.776704622372143	0.403217489737879	-1.92626719361072	0.0540710195395873	0.517314073124624
SA597_1985	cds	0.174186114294548	-1.16802017323135	4.05506583760622	-0.288039755704893	0.77331630698403	NA
SA597_1986	cds	3.61754669018153	0.706851260159986	1.05287405819423	0.671354047199432	0.501995011615458	0.964166105872218
SA597_1987	cds	1.14464390013843	-0.376542492723693	1.97420994018798	-0.190730724761643	0.848736565679275	NA
SA597_1988	cds	0.0429304712893331	0.533366996243296	4.04698303010695	0.131793731843052	0.89514744456904	NA
SA597_1989	cds	0.157835928544656	-0.393885238057851	4.04188960362838	-0.0974507660239564	0.922368431080567	NA
SA597_1990	cds	1.30496336793886	1.38466025718064	1.74003122091521	0.795767478500961	0.42616719764945	NA
SA597_1991	cds	0.510403234999475	2.4437528346819	2.74443027936115	0.890440851443587	0.37322921521457	NA
SA597_1992	cds	1.24021503158261	1.10508824166563	1.84346231375127	0.599463429993795	0.548863889706336	NA
SA597_1993	cds	2.45087986952859	-0.530247461563341	1.22884067915759	-0.431502204115542	0.66610325031882	0.964166105872218
SA597_1994	cds	2.39830595117508	-0.582345606911052	1.25311258994044	-0.464719301031625	0.642132484595003	0.964166105872218
SA597_1995	cds	6.50248747774045	-0.00997122439207782	0.781186679663691	-0.0127642017608013	0.989815917024861	0.992418444366647
SA597_1996	cds	4.14422967626699	-0.631736305829967	0.933962073654508	-0.676404667437984	0.498783754682811	0.964166105872218
SA597_1997	cds	0.957330735094001	0.463026822256536	1.94000565776344	0.238672923660616	0.811359213831657	NA
SA597_1998	cds	13.2340189089363	0.748296038457451	0.547126442615561	1.36768392125263	0.171411034968675	0.806929696378568
SA597_1999	cds	0.453586807097466	0.868668430171733	2.73763183732589	0.31730651957213	0.751011030880775	NA
SA597_2000	cds	2.70871632157597	-1.3022116029938	1.2118364343655	-1.07457703536997	0.282564137961015	0.85770418217198
SA597_2001	cds	0	NA	NA	NA	NA	NA
SA597_2002	cds	2.1413620378908	-2.40393996411735	1.44683725446036	-1.66151373052249	0.0966103136166476	0.617748639952602
SA597_2003	cds	1.26877357482641	-0.579428762936666	1.72768986914434	-0.335377762690497	0.737340140401102	NA
SA597_2004	cds	0.0429304712893331	0.533366996243296	4.04698303010695	0.131793731843052	0.89514744456904	NA
SA597_2005	cds	1.71263556368575	2.9375647392481	1.70400199528169	1.72392095043438	0.0847221146530969	NA
SA597_2006	cds	2.31077362481317	-0.477706250958153	1.27515115656711	-0.374627155767327	0.707937774088045	0.967174535295726
SA597_2007	cds	0	NA	NA	NA	NA	NA
SA597_2008	cds	0.157835928544656	-0.393885238057851	4.04188960362838	-0.0974507660239564	0.922368431080567	NA
SA597_2009	cds	0.900480367700816	1.81045691309456	2.07734850966867	0.871522955665885	0.383468677349519	NA
SA597_2010	cds	0.257582827735998	1.73755659175376	3.89660463583152	0.445915548058411	0.655658250699591	NA
SA597_2011	cds	13.8484666035783	0.268060415890768	0.54036771599812	0.496070375698945	0.619844759315747	0.964166105872218
SA597_2012	cds	0.387646843055301	-1.43110697574056	3.06166160134665	-0.467428201441692	0.64019354962648	NA
SA597_2013	cds	1.0281991574106	-0.107293380887606	3.93014259070792	-0.0273001242095596	0.978220357801664	NA
SA597_2014	cds	0.0429304712893331	0.533366996243296	4.04698303010695	0.131793731843052	0.89514744456904	NA
SA597_2015	cds	0.482631321774122	-0.389715350961056	2.89503928667338	-0.134614874746266	0.8929163803139	NA
SA597_2016	cds	0.302977528162547	0.187836643912349	3.38285985672646	0.0555259903950367	0.955719424545285	NA
SA597_2017	cds	0.818156278417584	2.98508322400838	2.33083063671194	1.28069503506243	0.200300804369437	NA
SA597_2018	cds	6.85111954597645	-0.197685224770289	0.754920296897867	-0.261862378826772	0.79342754509785	0.97511068578006
SA597_2019	cds	0.993601899380395	-0.808009385032438	2.00245845983071	-0.403508687566356	0.686574044996507	NA
SA597_2020	cds	1.52700841179718	-0.945531950799359	1.6208676964393	-0.583349247367007	0.55965821625075	NA
SA597_2021	cds	0.959794964231217	-0.636626940765904	1.93678191435705	-0.328703472521449	0.74237982936642	NA
SA597_2022	cds	5.02351646398	0.483343777123936	0.860570465977681	0.561655083729624	0.574351042547251	0.964166105872218
SA597_2023	cds	1.31839729260986	-0.612715435509468	1.67656688930039	-0.365458389653124	0.714769262126396	NA
SA597_2024	cds	0.344682432274792	1.55557122315285	3.23193142835006	0.481313189230313	0.630293924553744	NA
SA597_2025	cds	1.23793615036587	3.52044558982191	1.95748537202964	1.7984530766489	0.0721052381968936	NA
SA597_2026	cds	1.22465147585117	-2.37575027272713	1.94091313559167	-1.22403740237602	0.220938118261596	NA
SA597_2027	cds	3.19898617007481	-0.896789658689182	1.19977673058703	-0.747463787075117	0.454783654102488	0.947926217855059
SA597_2028	cds	0.49280817195393	-0.933447867582838	2.65354822044297	-0.351773470853683	0.725008155695834	NA
SA597_2029	cds	0.972455353666805	0.928516744819679	1.92537793784932	0.482251679821806	0.629627168466334	NA
SA597_2030	cds	3.74868332965905	0.729128957943564	1.00476604794522	0.725670378128975	0.468040865260414	0.94892431523834
SA597_2031	cds	0.51886854656934	0.502698377336711	2.65209116654631	0.189547924927238	0.849663397158722	NA
SA597_2032	cds	0.0429304712893331	0.533366996243296	4.04698303010695	0.131793731843052	0.89514744456904	NA
SA597_2033	cds	1.71513373231414	0.324023906249046	1.46173786414231	0.221670324206298	0.824570533244786	NA
SA597_2034	cds	0.272741385799978	-0.973481976085173	3.50715202286095	-0.277570510128916	0.781342072377809	NA
SA597_2035	cds	0.935525964810122	0.716919847707791	2.09983005147788	0.341418033903846	0.732788900751754	NA
SA597_2036	cds	0.475938075280007	0.125815301690742	2.93401806082656	0.0428815702843008	0.965795940018248	NA
SA597_2037	cds	1.53723851158672	-0.277708479365347	1.50558919537001	-0.184451695203019	0.853659118544759	NA
SA597_2038	cds	4.80840586025613	-1.20199792869823	0.914417028593917	-1.31449643993017	0.188679195354652	0.806929696378568
SA597_2039	cds	0.217116585583881	-0.492636613951927	3.83761921030365	-0.128370374170851	0.897855875139924	NA
SA597_2040	cds	4.3220143075038	-2.60447673307231	1.05035961444986	-2.47960479177071	0.0131528074972738	0.312379178060253
SA597_2041	cds	1.72040984837517	-2.01501753204466	1.55149824754467	-1.29875591882462	0.194027706929674	NA
SA597_2042	cds	0	NA	NA	NA	NA	NA
SA597_2043	cds	0	NA	NA	NA	NA	NA
SA597_2044	cds	0.0429304712893331	0.533366996243296	4.04698303010695	0.131793731843052	0.89514744456904	NA
SA597_2045	cds	0.174186114294548	-1.16802017323135	4.05506583760622	-0.288039755704893	0.77331630698403	NA
SA597_2046	cds	1.06249206399263	0.743207505736658	1.93308274679025	0.384467507648446	0.700631973921085	NA
SA597_2047	cds	4.02187828199028	-0.0564726768101196	0.997791990636453	-0.0565976449401021	0.954865710605193	0.992418444366647
SA597_2048	cds	1.0818931316051	0.132623382558152	1.98678436143251	0.066752781596553	0.946778514341993	NA
SA597_2049	cds	0.913155386509015	-2.60078128738019	1.98260175394632	-1.3118021721727	0.189586891842999	NA
SA597_2050	cds	0.473507785633967	-0.743028811046817	2.84887795907156	-0.260814545839291	0.794235526626659	NA
SA597_2051	cds	0.344682432274792	1.55557122315285	3.23193142835006	0.481313189230313	0.630293924553744	NA
SA597_2052	cds	0.272741385799978	-0.973481976085173	3.50715202286095	-0.277570510128916	0.781342072377809	NA
SA597_2053	cds	0.157835928544656	-0.393885238057851	4.04188960362838	-0.0974507660239564	0.922368431080567	NA
SA597_2054	cds	0.157835928544656	-0.393885238057851	4.04188960362838	-0.0974507660239564	0.922368431080567	NA
SA597_2055	cds	0.644123107141905	-0.388926696977747	2.45051102228497	-0.158712486269535	0.873895400257048	NA
SA597_2056	cds	0.391302699878428	-1.35970812939126	3.07112564520396	-0.442739336150136	0.657954286647296	NA
SA597_2057	cds	0	NA	NA	NA	NA	NA
SA597_2058	cds	1.80269999816722	-1.05716380472339	1.46468981843234	-0.721766336748949	0.470438149386243	NA
SA597_2059	cds	0.292041772119941	-1.17112321432212	3.74159268945205	-0.313001256824036	0.754279707287529	NA
SA597_2060	cds	0.0858609425786661	0.917705217467736	4.04010252673348	0.227148992233552	0.820307889253335	NA
SA597_2061	cds	0	NA	NA	NA	NA	NA
SA597_2062	cds	0	NA	NA	NA	NA	NA
SA597_2063	cds	0	NA	NA	NA	NA	NA
SA597_2064	cds	0.157835928544656	-0.393885238057851	4.04188960362838	-0.0974507660239564	0.922368431080567	NA
SA597_2065	cds	0	NA	NA	NA	NA	NA
SA597_2066	cds	0.924577113984476	-0.226695610079279	2.01056802806102	-0.112752021774614	0.910227156763992	NA
SA597_2067	cds	2.15709883464306	1.92148876763125	1.41072906210585	1.36205372048051	0.173180932124027	0.806929696378568
SA597_2068	cds	0	NA	NA	NA	NA	NA
SA597_2069	cds	1.89287132927673	-2.24895854542271	1.52899498404714	-1.470873723516	0.141325270023076	NA
SA597_2070	cds	8.78821172352282	0.106611191533315	0.675620480566378	0.157797453747913	0.874616405135129	0.985168286643959
SA597_2071	cds	3.97921921054132	1.3775027217774	1.02958550584649	1.33791969093899	0.180922617498056	0.806929696378568
SA597_2072	cds	0.962745164801287	-0.461494441968795	1.90584983055836	-0.242146277513161	0.808666820692329	NA
SA597_2073	cds	1.45625899300827	-0.891831436252347	1.7028454559105	-0.523730109010679	0.600466270749566	NA
SA597_2074	cds	1.12953237634866	-0.606827662648931	1.90674400699506	-0.318253347288745	0.750292769371393	NA
SA597_2075	cds	0.706407214360942	1.56609373717316	2.371418144541	0.660403877223553	0.508994684725502	NA
SA597_2076	cds	3.08472683049012	1.01134546923278	1.14068838077487	0.886609775533762	0.375289028998164	0.90082186683426
SA597_2077	cds	16.3121248781868	-0.0504119371341996	0.476518339903788	-0.10579222857273	0.915747202887918	0.985168286643959
SA597_2078	cds	11.5065302758157	0.174138266873164	0.571809473505533	0.304538967858635	0.760717309588228	0.97511068578006
SA597_2079	cds	7.35489434428502	1.1794829499708	0.788570848213347	1.49572223300308	0.13472605407075	0.731906372628074
SA597_2080	cds	0.561799017858673	0.787616415998687	2.56015608471789	0.307643905268172	0.758353307798186	NA
SA597_2081	cds	4.80334530367097	-0.349331811056533	0.891552871845244	-0.391823998428183	0.695188261860911	0.967174535295726
SA597_2082	cds	20.3822239741362	0.353304781705547	0.462104629819169	0.764555814651332	0.444536088719456	0.947926217855059
SA597_2083	cds	23.5150956459973	0.194650090636301	0.415253907046327	0.46874957064422	0.639248649967813	0.964166105872218
SA597_2084	cds	34.9286572794244	0.900392686198253	0.445903952534866	2.01925253427273	0.0434609785820737	0.489205440594976
SA597_2085	cds	4.94858466469987	-0.088312207516463	0.915027849260571	-0.0965131362808548	0.923113041386733	0.985168286643959
SA597_2086	cds	14.3578290288464	0.195201623514267	0.517471316589631	0.377222113103262	0.706008548222237	0.967174535295726
SA597_2087	cds	6.89254895462186	0.799893070921338	0.811441980805718	0.985767423725215	0.324247254886215	0.876522050810298
SA597_2088	cds	6.41466074320169	0.362283347800762	0.769563011480462	0.470765021702138	0.637808545616388	0.964166105872218
SA597_2089	cds	5.84661583004463	-0.52120668828441	0.793009159156332	-0.657251788666492	0.51101903060002	0.964166105872218
SA597_2090	cds	1.39558673099005	1.66042337599223	1.78415293894683	0.930650808989705	0.352034222893576	NA
SA597_2091	cds	7.4687005904075	0.632103159342993	0.714880972611165	0.884207558405395	0.37658417891718	0.90082186683426
SA597_2092	cds	5.04452316145776	0.748068671061464	0.878667808727937	0.851366880214329	0.394565583699251	0.919200581589408
SA597_2093	cds	10.439668358347	-0.027688467171974	0.60176029527508	-0.0460124527812472	0.963300324538555	0.992418444366647
SA597_2094	cds	3.42635838090233	1.34083650263502	1.06866967183476	1.25467816479996	0.209595615415961	0.824740143500675
SA597_2095	cds	8.70817756083544	0.282348574047335	0.651809104070612	0.43317678793383	0.66488634075542	0.964166105872218
SA597_2096	cds	16.0315401583255	0.227638807738062	0.486311266672106	0.468092810795492	0.639718220188354	0.964166105872218
SA597_2097	cds	9.67600259234046	0.242631434736708	0.630711430153872	0.384694843214612	0.700463516251989	0.967174535295726
SA597_2098	cds	10.1359709419673	0.545666570628665	0.616650241903432	0.884888277906678	0.376216890850753	0.90082186683426
SA597_2099	cds	3.20323449755027	0.59039657390603	1.07570509579622	0.548846125404868	0.583111052990359	0.964166105872218
SA597_2100	cds	16.6384896542198	0.122858042619285	0.512546805899994	0.239701118424794	0.810561967840374	0.980896537391751
SA597_2101	cds	2.25458148199027	0.641855015724144	1.29428759428542	0.495913750976275	0.619955263924216	0.964166105872218
SA597_2102	cds	8.14987637327119	1.86361015268221	0.806729114741004	2.31008168495383	0.020883632215476	0.36546356377083
SA597_2103	cds	10.0449032968996	-0.122345718588708	0.611543270390604	-0.200060608157071	0.841433180655073	0.985168286643959
SA597_2104	cds	11.0308965519839	0.145575141657684	0.611504780019978	0.238060513039535	0.811834160392118	0.980896537391751
SA597_2105	cds	0.157835928544656	-0.393885238057851	4.04188960362838	-0.0974507660239564	0.922368431080567	NA
SA597_2106	cds	2.87805864422405	-0.290240721900005	1.16406525174904	-0.249333722026243	0.803102648410208	0.978137841012432
SA597_2107	cds	1.5704055444008	-2.13559810171339	1.78295668057561	-1.1977846265025	0.231000873682103	NA
SA597_2108	cds	0.554572368248936	2.32731515840557	2.78443319234804	0.835830848734785	0.403250069245436	NA
SA597_2109	cds	0.93432124234117	-0.725321082109577	2.06947912534224	-0.35048485062135	0.725974857504595	NA
SA597_2110	cds	0.217116585583881	-0.492636613951927	3.83761921030365	-0.128370374170851	0.897855875139924	NA
SA597_2111	cds	0.633774003824663	-0.248487251081669	2.33952838867449	-0.106212539366729	0.915413722248581	NA
SA597_2112	cds	0.0858609425786661	0.917705217467736	4.04010252673348	0.227148992233552	0.820307889253335	NA
SA597_2113	cds	5.29754394342288	-0.107087403394942	0.851902668541162	-0.12570380085594	0.899966393088346	0.985168286643959
SA597_2114	cds	5.76688079135328	-0.226636492356121	0.807928867612299	-0.28051540357248	0.779082109330154	0.97511068578006
SA597_2115	cds	0	NA	NA	NA	NA	NA
SA597_2116	cds	0.387612903564125	1.81347009834924	3.07236196665986	0.590252749522469	0.555021212190291	NA
SA597_2117	cds	0	NA	NA	NA	NA	NA
SA597_2118	cds	0.114905457255323	-1.06803554532648	4.05863953808327	-0.2631511212821	0.792434102912824	NA
SA597_2119	cds	0.260047056873214	-0.0995831982621674	3.58498699094132	-0.0277778408997851	0.977839339542392	NA
SA597_2120	cds	1.92902718289801	0.107161233636602	1.3624892617817	0.0786510665753571	0.937310168056821	NA
SA597_2121	cds	0.388838470741213	0.612229912166788	3.08712215183183	0.198317359034045	0.84279677086846	NA
SA597_2122	cds	0.157835928544656	-0.393885238057851	4.04188960362838	-0.0974507660239564	0.922368431080567	NA
SA597_2123	cds	1.33523344979261	0.128346764773891	1.62776131172007	0.0788486394471841	0.937153015762354	NA
SA597_2124	cds	0.841180400543025	-1.91755206508506	2.05790018271687	-0.931800327921385	0.351439725148037	NA
SA597_2125	cds	2.25194499971562	0.991722888836659	1.33445073841526	0.743169350720573	0.457379156826351	0.947926217855059
SA597_2126	cds	0.720860513580416	-0.41103840044254	2.29748629284546	-0.17890787932992	0.858010035798966	NA
SA597_2127	cds	0.935512870027082	0.316498223084613	2.07570918376529	0.152477151211757	0.878810610402838	NA
SA597_2128	cds	0.946394979051395	-0.161817383822206	1.98116626797318	-0.0816778411979283	0.934902899634854	NA
SA597_2129	cds	1.61816478055543	-0.625851113784418	1.65281435186068	-0.37865784083969	0.704941964119241	NA
SA597_2130	cds	1.37274327603913	-1.59062248340728	1.65565443339632	-0.960721302297585	0.336692317341089	NA
SA597_2131	cds	1.00750095077611	0.12951141293047	2.15473711954988	0.0601054354869628	0.952071660899772	NA
SA597_2132	cds	0.935512870027082	0.316498223084613	2.07570918376529	0.152477151211757	0.878810610402838	NA
SA597_2133	cds	0.0429304712893331	0.533366996243296	4.04698303010695	0.131793731843052	0.89514744456904	NA
SA597_2134	cds	0.292041772119941	-1.17112321432212	3.74159268945205	-0.313001256824036	0.754279707287529	NA
SA597_2135	cds	0.473473846142791	2.24295788289422	2.83955583492197	0.789897439349296	0.42958766694899	NA
SA597_2136	cds	0	NA	NA	NA	NA	NA
SA597_2137	cds	1.53536093517487	1.01596142211184	1.7083847281435	0.594691233991472	0.552049882480048	NA
SA597_2138	cds	0.553333706288808	2.57256072971596	2.66263452166516	0.966171176999211	0.333958533018472	NA
SA597_2139	cds	0.344682432274792	1.55557122315285	3.23193142835006	0.481313189230313	0.630293924553744	NA
SA597_2140	cds	0	NA	NA	NA	NA	NA
SA597_2141	cds	0	NA	NA	NA	NA	NA
SA597_2142	cds	1.55653889790669	-0.356142671849914	1.55657059064942	-0.2287995635979	0.819024705992175	NA
SA597_2143	cds	0.29575087855281	1.56501802603439	3.41354159963767	0.458473400822333	0.646612368153255	NA
SA597_2144	cds	0.114905457255323	-1.06803554532648	4.05863953808327	-0.2631511212821	0.792434102912824	NA
SA597_2145	cds	0.410656335808133	0.597338615288422	2.85283762093763	0.209384022036311	0.83414846489473	NA
SA597_2146	cds	0.636758143885909	-2.86431872688816	2.53706671044238	-1.12898833723955	0.258902753614119	NA
SA597_2147	cds	0.874419993085406	0.509283198273202	2.06781649867675	0.246290325374184	0.805457498565269	NA
SA597_2148	cds	0.257582827735998	1.73755659175376	3.89660463583152	0.445915548058411	0.655658250699591	NA
SA597_2149	cds	0	NA	NA	NA	NA	NA
SA597_2150	cds	0.301751960985459	1.21893634485722	3.71101045461231	0.328464810262726	0.742560246988339	NA
SA597_2151	cds	2.29625244661134	2.48576646216234	1.48241094819456	1.67684032905301	0.0935737091602872	0.617748639952602
SA597_2152	cds	1.31717172543277	-0.20667307218647	1.66467064099833	-0.124152530294236	0.901194506693455	NA
SA597_2153	cds	0.617423818074771	0.236562163945979	2.46236748872033	0.0960710231229206	0.92346416502939	NA
SA597_2154	cds	0.449877700664597	-1.35397702929382	2.7329488843144	-0.49542713259838	0.620298646169394	NA
SA597_2155	cds	1.1302719720929	-2.40635327003935	1.84121455004432	-1.30693800458042	0.191233767476208	NA
SA597_2156	cds	5.27944941675288	-0.879209377582575	0.830326478775519	-1.05887190166348	0.289658122417118	0.85992255092582
SA597_2157	cds	1.02204513195908	3.3085843385475	2.04889087927207	1.6148172516259	0.106350276058325	NA
SA597_2158	cds	1.17322175350079	0.708315387988739	1.74703629230799	0.405438279163046	0.685155378290905	NA
SA597_2159	cds	0	NA	NA	NA	NA	NA
SA597_2160	cds	0.561832957349849	-1.96264494086894	2.4739151509305	-0.79333559201929	0.427582325345358	NA
SA597_2161	cds	9.01031799854619	-0.324290782008493	0.667627012800425	-0.485736460315206	0.627154029485906	0.964166105872218
SA597_2162	cds	2.61066633162196	0.39861872790357	1.16460355296831	0.342278474840283	0.732141332963587	0.968510029940052
SA597_2163	cds	0	NA	NA	NA	NA	NA
SA597_2164	cds	0.736505043077251	-0.646133680321003	2.28457363238934	-0.282824624761706	0.777311276848701	NA
SA597_2165	cds	0.0858609425786661	0.917705217467736	4.04010252673348	0.227148992233552	0.820307889253335	NA
SA597_2166	cds	0	NA	NA	NA	NA	NA
SA597_2167	cds	2.59552086834102	1.2848097696826	1.25213564693111	1.02609471492292	0.304846941239456	0.867698365874358
SA597_2168	cds	3.9778944966613	0.187250927796028	0.958264853164734	0.195406235737039	0.845074935297442	0.985168286643959
SA597_2169	cds	0.252820407263477	1.23517353768356	3.97012217876418	0.311117260897004	0.755711479573365	NA
SA597_2170	cds	0	NA	NA	NA	NA	NA
SA597_2171	cds	0.292041772119941	-1.17112321432212	3.74159268945205	-0.313001256824036	0.754279707287529	NA
SA597_2172	cds	0.835198628228942	1.92873966984697	2.20668002887454	0.874045917219215	0.382093248354291	NA
SA597_2173	cds	0.257582827735998	1.73755659175376	3.89660463583152	0.445915548058411	0.655658250699591	NA
SA597_2174	cds	0	NA	NA	NA	NA	NA
SA597_2175	cds	0.0858609425786661	0.917705217467736	4.04010252673348	0.227148992233552	0.820307889253335	NA
SA597_2176	cds	0.434233171167761	-0.954104621169154	2.96169745978113	-0.322147901372635	0.747340650869679	NA
SA597_2177	cds	1.22032799253729	0.440840095516372	1.72155194532025	0.25607132954351	0.79789575976923	NA
SA597_2178	cds	1.72905362841799	-0.270511605103577	1.4878873002773	-0.181809203595703	0.855732461477752	NA
SA597_2179	cds	4.8124626244756	-0.991524883307706	0.871765334902718	-1.1373759010713	0.255381177196892	0.85770418217198
SA597_2180	cds	0.0429304712893331	0.533366996243296	4.04698303010695	0.131793731843052	0.89514744456904	NA
SA597_2181	cds	0.979715942767718	-1.57464707521866	2.01328197135755	-0.78212942728379	0.434138514142441	NA
SA597_2182	cds	0.302977528162547	0.187836643912349	3.38285985672646	0.0555259903950367	0.955719424545285	NA
SA597_2183	cds	0.965228704057069	1.99874541130255	2.10026296221264	0.951664361683957	0.341267228917107	NA
SA597_2184	cds	1.37635170117949	0.133363974635746	1.74370823030096	0.0764829644766474	0.939034866651843	NA
SA597_2185	cds	0	NA	NA	NA	NA	NA
SA597_2186	cds	1.53721920146816	-2.84149601081966	1.65110769271341	-1.72096346189871	0.0852574543574759	NA
SA597_2187	cds	0.602265260010791	2.64951846105151	2.5888425355371	1.02343747241538	0.306101049565068	NA
SA597_2188	cds	0.446927500094526	-1.59553044557342	2.69570011098145	-0.591879801122435	0.553931080563798	NA
SA597_2189	cds	0.338681349842143	1.8176737421668	3.22336777765085	0.563905166133878	0.572818674000172	NA
SA597_2190	cds	0.157835928544656	-0.393885238057851	4.04188960362838	-0.0974507660239564	0.922368431080567	NA
SA597_2191	cds	1.30684094435072	-0.467694643808551	1.87050845429188	-0.250036102609121	0.802559429304393	NA
SA597_2192	cds	0.200766399833989	-0.00898487287243682	3.96546975350417	-0.00226577768358897	0.998192172514875	NA
SA597_2193	cds	0.919814693511954	-0.710897376271056	1.94501499941927	-0.365497117751438	0.71474035792261	NA
SA597_2194	cds	0.595019300282488	-0.844197008393818	2.49915146864409	-0.337793454692778	0.735518842671555	NA
SA597_2195	cds	2.09225823103138	-2.5367726559062	1.51695956674209	-1.67227440435628	0.0944702244628357	0.617748639952602
SA597_2196	cds	0.252820407263477	1.23517353768356	3.97012217876418	0.311117260897004	0.755711479573365	NA
SA597_2197	cds	0.260047056873214	-0.0995831982621674	3.58498699094132	-0.0277778408997851	0.977839339542392	NA
SA597_2198	cds	1.94784159778512	-0.772605229619101	1.39719310821827	-0.552969539482158	0.580284268300499	NA
SA597_2199	cds	0.0858609425786661	0.917705217467736	4.04010252673348	0.227148992233552	0.820307889253335	NA
SA597_2200	cds	0.0429304712893331	0.533366996243296	4.04698303010695	0.131793731843052	0.89514744456904	NA
SA597_2201	cds	0.157835928544656	-0.393885238057851	4.04188960362838	-0.0974507660239564	0.922368431080567	NA
SA597_2202	cds	1.24165988617135	-0.653859600335198	1.81649442434838	-0.359956844111841	0.718879406703241	NA
SA597_2203	cds	0.70992475753781	-1.20581641331388	2.19633595366721	-0.549012737008897	0.582996708896933	NA
SA597_2204	cds	4.5168223354134	0.500806425356549	0.899894357410228	0.556516908048852	0.577857539101476	0.964166105872218
SA597_2205	cds	1.90323974271254	-0.495294191932249	1.4252140136364	-0.347522678835102	0.728198683698827	NA
SA597_2206	cds	0.0858609425786661	0.917705217467736	4.04010252673348	0.227148992233552	0.820307889253335	NA
SA597_2207	cds	0.595019300282488	-0.844197008393818	2.49915146864409	-0.337793454692778	0.735518842671555	NA
SA597_2208	cds	0.401532799667978	-0.0750624764351227	3.03949269582696	-0.0246957252235477	0.980297664819556	NA
SA597_2209	cds	0.302977528162547	0.187836643912349	3.38285985672646	0.0555259903950367	0.955719424545285	NA
SA597_2210	cds	0.549138628423084	-1.33044526608485	2.51628508963055	-0.528733914756931	0.596990046913722	NA
SA597_2211	cds	0	NA	NA	NA	NA	NA
SA597_2212	cds	0.29575087855281	1.56501802603439	3.41354159963767	0.458473400822333	0.646612368153255	NA
SA597_2213	cds	0.157835928544656	-0.393885238057851	4.04188960362838	-0.0974507660239564	0.922368431080567	NA
SA597_2214	cds	0.29575087855281	1.56501802603439	3.41354159963767	0.458473400822333	0.646612368153255	NA
SA597_2215	cds	0	NA	NA	NA	NA	NA
SA597_2216	cds	0.0429304712893331	0.533366996243296	4.04698303010695	0.131793731843052	0.89514744456904	NA
SA597_2217	cds	0	NA	NA	NA	NA	NA
SA597_2218	cds	0	NA	NA	NA	NA	NA
SA597_2219	cds	0	NA	NA	NA	NA	NA
SA597_2220	cds	4.99465360436125	-0.241721013616865	0.861153928285261	-0.28069431686642	0.778944868070088	0.97511068578006
SA597_2221	cds	9.64355899666378	-0.250517326218915	0.616012449813424	-0.406675751918311	0.684246152077919	0.964166105872218
SA597_2222	cds	1.62446333498874	1.06557751984429	1.69952049045656	0.626987156570286	0.5306676540697	NA
SA597_2223	cds	4.76491056883295	-0.881482423055736	0.911137264382464	-0.967452937679125	0.333317657134964	0.885741004315418
SA597_2224	cds	0	NA	NA	NA	NA	NA
SA597_2225	cds	1.55660563970802	0.791407841250909	1.78876052292064	0.442433646712372	0.658175435699898	NA
SA597_2226	cds	0.0429304712893331	0.533366996243296	4.04698303010695	0.131793731843052	0.89514744456904	NA
SA597_2227	cds	0.982804456984048	0.75036014617847	2.08465644622091	0.359944271651442	0.718888808823135	NA
SA597_2228	cds	1.65135112348807	-0.0378142930255391	1.75671592263451	-0.0215255594477847	0.982826414693503	NA
SA597_2229	cds	0	NA	NA	NA	NA	NA
SA597_2230	cds	0.217116585583881	-0.492636613951927	3.83761921030365	-0.128370374170851	0.897855875139924	NA
SA597_2231	cds	0.302977528162547	0.187836643912349	3.38285985672646	0.0555259903950367	0.955719424545285	NA
SA597_2232	cds	0.870224915219681	-3.32877100436768	2.12606235101941	-1.56569773354558	0.117419397138919	NA
SA597_2233	cds	0.670703392681346	0.277698008333711	2.25514711152392	0.123139642161108	0.901996520236911	NA
SA597_2234	cds	1.01290228570036	-0.936040560587774	1.93670684311466	-0.483315564209196	0.628871690509869	NA
SA597_2235	cds	0.114905457255323	-1.06803554532648	4.05863953808327	-0.2631511212821	0.792434102912824	NA
SA597_2236	cds	0.867240775158435	-0.952254196493369	2.22149343027914	-0.428654968551364	0.668174336350971	NA
SA597_2237	cds	0.910691157371799	-1.02843251548716	1.99553478033093	-0.515366870887915	0.606296678222462	NA
SA597_2238	cds	0.302977528162547	0.187836643912349	3.38285985672646	0.0555259903950367	0.955719424545285	NA
SA597_2239	cds	3.96335031547833	-0.46743511375458	0.953651728281958	-0.49015285128952	0.624025741531432	0.964166105872218
SA597_2240	cds	0.157835928544656	-0.393885238057851	4.04188960362838	-0.0974507660239564	0.922368431080567	NA
SA597_2241	cds	1.05165698924253	-0.398471944959181	1.86853144219038	-0.21325407534597	0.831128792149372	NA
SA597_2242	cds	0.561799017858673	0.787616415998687	2.56015608471789	0.307643905268172	0.758353307798186	NA
SA597_2243	cds	1.38367903208174	-0.793473192816928	1.66050731937415	-0.477849861641074	0.632757069336871	NA
SA597_2244	cds	0	NA	NA	NA	NA	NA
SA597_2245	cds	0.0429304712893331	0.533366996243296	4.04698303010695	0.131793731843052	0.89514744456904	NA
SA597_2246	cds	0.916105587079085	-2.50944756635503	2.02725752125669	-1.23785337582541	0.215770432868356	NA
SA597_2247	cds	2.17518828315855	-0.408991325516887	1.2685140391558	-0.322417657899217	0.747136308810898	0.968510029940052
SA597_2248	cds	0.401532799667978	-0.0750624764351227	3.03949269582696	-0.0246957252235477	0.980297664819556	NA
SA597_2249	cds	0.808446089552065	1.4057990599893	2.27884075749503	0.616892187558819	0.537305840165731	NA
SA597_2250	cds	0.217116585583881	-0.492636613951927	3.83761921030365	-0.128370374170851	0.897855875139924	NA
SA597_2251	cds	1.09405405741624	0.201994855323043	1.96380606308533	0.102858861228735	0.918074988443587	NA
SA597_2252	cds	3.95324503714345	-0.11217846417461	0.998281028244604	-0.112371627828956	0.910528750532363	0.985168286643959
SA597_2253	cds	1.21244311835726	-0.355579056185367	1.70870410980658	-0.208098672054822	0.835151924010643	NA
SA597_2254	cds	1.23545261111009	0.921873074637445	1.78336844387777	0.516927995335006	0.605206424057923	NA
SA597_2255	cds	4.34155990409805	-0.957521647924426	0.943536216125579	-1.01482235823048	0.310190513927445	0.870365788024265
SA597_2256	cds	0.114905457255323	-1.06803554532648	4.05863953808327	-0.2631511212821	0.792434102912824	NA
SA597_2257	cds	0.755338768082925	1.61567351933736	2.22088507376727	0.7274908271578	0.466925332518891	NA
SA597_2258	cds	1.87516095556607	-0.413396498036756	1.47336795773486	-0.280579264579845	0.77903312187708	NA
SA597_2259	cds	0.0429304712893331	0.533366996243296	4.04698303010695	0.131793731843052	0.89514744456904	NA
SA597_2260	cds	0.114905457255323	-1.06803554532648	4.05863953808327	-0.2631511212821	0.792434102912824	NA
SA597_2261	cds	0.940946609852934	3.27632725251614	2.09806865217777	1.56159201421524	0.118384131949346	NA
SA597_2262	cds	0.174186114294548	-1.16802017323135	4.05506583760622	-0.288039755704893	0.77331630698403	NA
SA597_2263	cds	0.574493346785438	-0.044888709518869	2.54790669525113	-0.0176178780810671	0.985943694244023	NA
SA597_2264	cds	0.575718913962525	-0.643816770255323	2.47414955303059	-0.260217402568373	0.79469608122714	NA
SA597_2265	cds	17.031001277572	0.12351085891206	0.489154421441501	0.252498706948376	0.800655613442104	0.977788376455499
SA597_2266	cds	5.00281825734552	0.559294494978644	0.864131434757749	0.647233132000848	0.517481071212284	0.964166105872218
SA597_2267	cds	8.41675484634247	0.909229362902457	0.684345512741644	1.32861156531863	0.183976154459516	0.806929696378568
SA597_2268	cds	0.0429304712893331	0.533366996243296	4.04698303010695	0.131793731843052	0.89514744456904	NA
SA597_2269	cds	0.459587889530115	0.587854330210699	2.75728289311028	0.213200586591819	0.831170510751725	NA
SA597_2270	cds	0.647659960437339	1.24039464029419	2.42476725875964	0.511552041051848	0.608964557701377	NA
SA597_2271	cds	1.34618230061825	0.831944488276174	1.72140729972912	0.483293226656521	0.628887548703525	NA
SA597_2272	cds	0.466227886414488	-2.30445539450054	2.89109167986158	-0.797088314615771	0.425399742409154	NA
SA597_2273	cds	27.2796988094183	-0.753323793197578	0.434325217260674	-1.73446938667033	0.0828348329654262	0.584300805478754
SA597_2274	cds	0.841180400543025	-1.91755206508506	2.05790018271687	-0.931800327921385	0.351439725148037	NA
SA597_2275	cds	1.05954186342256	0.460954132104851	1.87187644199348	0.246252435130788	0.805486827586153	NA
SA597_2276	cds	1.11159587085205	1.09876058739061	1.97022786540092	0.557681985259621	0.577061561257894	NA
SA597_2277	cds	0	NA	NA	NA	NA	NA
SA597_2278	cds	0	NA	NA	NA	NA	NA
SA597_2279	cds	0.0429304712893331	0.533366996243296	4.04698303010695	0.131793731843052	0.89514744456904	NA
SA597_2280	cds	0	NA	NA	NA	NA	NA
SA597_2281	cds	0	NA	NA	NA	NA	NA
SA597_2282	cds	0	NA	NA	NA	NA	NA
SA597_2283	cds	0.301751960985459	1.21893634485722	3.71101045461231	0.328464810262726	0.742560246988339	NA
SA597_2284	cds	0	NA	NA	NA	NA	NA
SA597_2285	cds	0	NA	NA	NA	NA	NA
SA597_2286	cds	0.466227886414488	-2.30445539450054	2.89109167986158	-0.797088314615771	0.425399742409154	NA
SA597_2287	cds	0.157835928544656	-0.393885238057851	4.04188960362838	-0.0974507660239564	0.922368431080567	NA
SA597_2288	cds	0.257582827735998	1.73755659175376	3.89660463583152	0.445915548058411	0.655658250699591	NA
SA597_2289	cds	1.05772964352011	0.443753958248106	1.98502500856475	0.223550814893237	0.82310683903452	NA
SA597_2290	cds	0	NA	NA	NA	NA	NA
SA597_2291	cds	0.986375249770658	-0.176424107240155	1.90580607410133	-0.0925719094075961	0.926243660940917	NA
SA597_2292	cds	0.679654675684066	0.783506680482394	2.44068075522709	0.321019731402558	0.748195438136913	NA
SA597_2293	cds	0.991030773615145	-3.39618440386271	2.22988750300638	-1.52302947986565	0.127751330180807	NA
SA597_2294	cds	2.01067841823834	1.94963461926353	1.54035866716393	1.26570172312734	0.205619891191584	NA
SA597_2295	cds	6.54129444300899	-0.304379884325013	0.785664628771328	-0.38741706470994	0.698447472488606	0.967174535295726
SA597_2296	cds	0.157835928544656	-0.393885238057851	4.04188960362838	-0.0974507660239564	0.922368431080567	NA
SA597_2297	cds	1.31408690407902	2.30592698736965	1.87317562218484	1.23102551627276	0.218313321082765	NA
SA597_2298	cds	0.0429304712893331	0.533366996243296	4.04698303010695	0.131793731843052	0.89514744456904	NA
SA597_2299	cds	1.55483357463227	1.3010425280715	1.57501659363598	0.826050045014444	0.408775703627356	NA
SA597_2300	cds	1.35406717479828	1.62905250816707	1.71253074358001	0.951254460262458	0.341475218466835	NA
SA597_2301	cds	0.719048293677965	-1.033535035599	2.40475987250104	-0.429787209699274	0.667350437724371	NA
SA597_2302	cds	1.26824017171079	-0.229650671052501	1.74689072251552	-0.131462528303891	0.895409427347066	NA
SA597_2303	cds	1.76101440417354	0.577349461939358	1.43040246686028	0.403627283450256	0.686486819483575	NA
SA597_2304	cds	1.66178781331478	-0.522468999960794	1.59495899690728	-0.327575192198603	0.743232881619522	NA
SA597_2305	cds	0.0429304712893331	0.533366996243296	4.04698303010695	0.131793731843052	0.89514744456904	NA
SA597_2306	cds	1.3515836355425	-0.0705709878513928	1.63018968430047	-0.0432900468767692	0.965470325227754	NA
SA597_2307	cds	0.252820407263477	1.23517353768356	3.97012217876418	0.311117260897004	0.755711479573365	NA
SA597_2308	cds	1.9939758939559	-3.31372687518704	1.63128350589724	-2.03136172419302	0.0422183141914374	NA
SA597_2309	cds	0.792268156939609	1.8185423942471	2.25257395944348	0.807317507433312	0.4194835799151	NA
SA597_2310	cds	0	NA	NA	NA	NA	NA
SA597_2311	cds	0	NA	NA	NA	NA	NA
SA597_2312	cds	1.80441153677717	-0.457537725096207	1.49260520883724	-0.306536331500971	0.759196321774661	NA
SA597_2313	cds	0.200766399833989	-0.00898487287243682	3.96546975350417	-0.00226577768358897	0.998192172514875	NA
SA597_2314	cds	1.02556267513595	0.53984805514137	1.96752033211912	0.274379911774495	0.783792678934546	NA
SA597_2315	cds	0	NA	NA	NA	NA	NA
SA597_2316	cds	0.0429304712893331	0.533366996243296	4.04698303010695	0.131793731843052	0.89514744456904	NA
SA597_2317	cds	0.128791413867999	1.19152185427695	4.03612358514568	0.295214412824761	0.767830092550625	NA
SA597_2318	cds	0	NA	NA	NA	NA	NA
SA597_2319	cds	0.114905457255323	-1.06803554532648	4.05863953808327	-0.2631511212821	0.792434102912824	NA
SA597_2320	cds	0.292041772119941	-1.17112321432212	3.74159268945205	-0.313001256824036	0.754279707287529	NA
SA597_2321	cds	0.820620507554799	1.49210542057438	2.31951039307378	0.643284645341497	0.520039417664774	NA
SA597_2322	cds	0.128791413867999	1.19152185427695	4.03612358514568	0.295214412824761	0.767830092550625	NA
SA597_2323	cds	0	NA	NA	NA	NA	NA
SA597_2324	cds	0.0858609425786661	0.917705217467736	4.04010252673348	0.227148992233552	0.820307889253335	NA
SA597_2325	cds	0.315671857089311	-0.58316765889771	3.32387713041827	-0.17544801929075	0.860727611750094	NA
SA597_2326	cds	1.21613291467156	-1.80321774227277	1.7896773342754	-1.0075658375608	0.313662936202144	NA
SA597_2327	cds	0.74621523194277	0.838191582105585	2.2803962886569	0.367564000290169	0.713198362016719	NA
SA597_2328	cds	0.377902714698607	-0.0855466317154501	3.14951325293678	-0.0271618579904948	0.978330637387829	NA
SA597_2329	cds	0.338681349842143	1.8176737421668	3.22336777765085	0.563905166133878	0.572818674000172	NA
SA597_2330	cds	0	NA	NA	NA	NA	NA
SA597_2331	cds	0.252820407263477	1.23517353768356	3.97012217876418	0.311117260897004	0.755711479573365	NA
SA597_2332	cds	0.388838470741213	0.612229912166788	3.08712215183183	0.198317359034045	0.84279677086846	NA
SA597_2333	cds	1.64495165613204	-1.07365423494353	1.64937397038223	-0.650946513175976	0.51508101455203	NA
SA597_2334	cds	0.549138628423084	-1.33044526608485	2.51628508963055	-0.528733914756931	0.596990046913722	NA
SA597_2335	cds	51.8493916185996	-0.915418077335402	0.636890181441866	-1.43732483873903	0.150625714268299	0.758834090821355
SA597_2336	cds	0	NA	NA	NA	NA	NA
SA597_2337	cds	0	NA	NA	NA	NA	NA
SA597_2338	cds	0.453586807097466	0.868668430171733	2.73763183732589	0.31730651957213	0.751011030880775	NA
SA597_2339	cds	0.535738643243263	-0.626863941681168	2.57998974239472	-0.242971486041382	0.808027486486825	NA
SA597_2340	cds	0.128791413867999	1.19152185427695	4.03612358514568	0.295214412824761	0.767830092550625	NA
SA597_2341	cds	2.2763084650937	-1.23050720561369	1.37930570414298	-0.892120725606841	0.372328227098375	0.90082186683426
SA597_2342	cds	1.49428873017883	-3.32620227074709	1.68743012037496	-1.97116445332147	0.0487050683701797	NA
SA597_2343	cds	0.846614140368877	1.23798678668705	2.36381457841538	0.523724152474323	0.600470414298941	NA
SA597_2344	cds	0.157835928544656	-0.393885238057851	4.04188960362838	-0.0974507660239564	0.922368431080567	NA
SA597_2345	cds	1.37572741610038	-3.22120675764635	1.7519228813922	-1.83866926555954	0.0659638465899095	NA
SA597_2346	cds	0.0429304712893331	0.533366996243296	4.04698303010695	0.131793731843052	0.89514744456904	NA
SA597_2347	cds	0	NA	NA	NA	NA	NA
SA597_2348	cds	0.292041772119941	-1.17112321432212	3.74159268945205	-0.313001256824036	0.754279707287529	NA
SA597_2349	cds	0	NA	NA	NA	NA	NA
SA597_2350	cds	0	NA	NA	NA	NA	NA
SA597_2351	cds	1.59598576551033	-0.00844311690293405	1.65218776969931	-0.00511026473974606	0.995922616409229	NA
SA597_2352	cds	4.80098391409927	2.54600507728585	1.04682548002028	2.4321198957027	0.0150107375468732	0.322004531247442
SA597_2353	cds	0	NA	NA	NA	NA	NA
SA597_2354	cds	2.75934478453529	0.831878629208651	1.1706124152509	0.710635406194931	0.477310196622226	0.953187029290631
SA597_2355	cds	1.82634939325516	1.19452807018188	1.53337720487633	0.779017756611441	0.435969254952436	NA
SA597_2356	cds	2.13770618106767	-2.43379411775909	1.42911749944126	-1.7030049094708	0.088567149647063	0.61351202620101
SA597_2357	cds	1.22230625024165	-1.87478696082464	1.82936194804269	-1.02483106901319	0.305442903879218	NA
SA597_2358	cds	1.68177513624407	-0.33895743591249	1.56132133030917	-0.21709652544449	0.828133121692225	NA
SA597_2359	cds	0.564783157919919	-1.83372391465633	2.4965535138206	-0.734502146461139	0.46264275244871	NA
SA597_2360	cds	0.631309774687447	1.46398712606186	2.43398195899493	0.601478215831309	0.547521516844659	NA
SA597_2361	cds	2.89854696536735	-1.52259835555516	1.16542239103604	-1.30647769192216	0.191390160450192	0.806929696378568
SA597_2362	cds	0	NA	NA	NA	NA	NA
SA597_2363	cds	3.70935660276413	-1.22160307083149	1.04439609664593	-1.16967410616974	0.242132142350362	0.838385483623807
SA597_2364	cds	0.406947229375263	-2.05980984076422	3.0258488010212	-0.680737861081839	0.496037374967699	NA
SA597_2365	cds	0.217116585583881	-0.492636613951927	3.83761921030365	-0.128370374170851	0.897855875139924	NA
SA597_2366	cds	0	NA	NA	NA	NA	NA
SA597_2367	cds	2.69178416384667	1.78862370154984	1.27084626380789	1.40742728092894	0.159300726378997	0.778933698838477
SA597_2368	cds	1.152642550394	0.267801111702698	1.88550012772632	0.142031871419512	0.887054831124119	NA
SA597_2369	cds	0.502518360819448	0.864037257193951	2.65349802146314	0.325621971527803	0.744710386575667	NA
SA597_2370	cds	0.348372228589095	-2.04335432326204	3.46520987824492	-0.5896769301307	0.555407264716243	NA
SA597_2371	cds	1.29049075860082	-0.170222865743009	1.82533720648403	-0.0932555722517118	0.92570052642064	NA
SA597_2372	cds	0.762599357183837	-1.51438345596052	2.22196601179896	-0.681551134409312	0.495522822788011	NA
SA597_2373	cds	0.587140641437986	1.57147450278651	2.6537107035787	0.592180037058026	0.553730035807805	NA
SA597_2374	cds	2.36222635014468	1.96943377276295	1.39624181658937	1.41052484559854	0.158384765404881	0.778933698838477
SA597_2375	cds	0.923523799944823	0.88888812587006	2.02794706968574	0.438319194399786	0.661154913686235	NA
SA597_2376	cds	0	NA	NA	NA	NA	NA
SA597_2377	cds	0	NA	NA	NA	NA	NA
SA597_2378	cds	0	NA	NA	NA	NA	NA
SA597_2379	cds	3.68044517428158	-0.196383786871734	1.05941868952352	-0.185369381165116	0.852939322498515	0.985168286643959
SA597_2380	cds	0.677362699684286	2.75976252872228	2.48177344931208	1.11201227069588	0.266132874467671	NA
SA597_2381	cds	0.260047056873214	-0.0995831982621674	3.58498699094132	-0.0277778408997851	0.977839339542392	NA
SA597_2382	cds	10.4507205218072	1.14635189390822	0.628600086647438	1.82365850444302	0.0682037158638062	0.556157963252573
SA597_2383	cds	0.171721885157332	1.40565572726871	4.03346404978335	0.348498389949507	0.727465922766015	NA
SA597_2384	cds	1.36243432754859	-0.462955634276865	3.87685885882309	-0.119415137650228	0.904946468997706	NA
SA597_2385	cds	0	NA	NA	NA	NA	NA
SA597_2386	cds	0.29575087855281	1.56501802603439	3.41354159963767	0.458473400822333	0.646612368153255	NA
SA597_2387	cds	1.6907509568175	1.41337538344815	1.72701816409669	0.818390572161356	0.413134203362832	NA
SA597_2388	cds	1.17263510077543	-0.0179535845444861	1.80054168297885	-0.00997121294897398	0.992044254969196	NA
SA597_2389	cds	0.893253718091079	3.05736382514895	2.17862936403184	1.4033427969092	0.160514641994493	NA
SA597_2390	cds	1.74709450806969	1.5911951695977	1.61417087995232	0.985766246535621	0.324247832685007	NA
SA597_2391	cds	9.48822097004408	0.00837851863019684	0.713259121540311	0.0117468089466604	0.990627618048545	0.992418444366647
SA597_2392	cds	1.99802424413828	2.46535846674266	1.53575924525746	1.60530270246191	0.108427204738766	NA
SA597_2393	cds	0.214652356446665	1.58210620426765	4.03153379525892	0.392432826962335	0.694738434906429	NA
SA597_2394	cds	0.863584918335308	-1.07974130674274	2.07011502720867	-0.521585174036757	0.601959188220417	NA
SA597_2395	cds	21.6741770662747	-0.966844379871046	0.439378454523019	-2.20048199887414	0.0277727157257217	0.410419021280109
SA597_2396	cds	0.0429304712893331	0.533366996243296	4.04698303010695	0.131793731843052	0.89514744456904	NA
SA597_2397	cds	2.35304956439479	0.985248889407446	1.33494718878008	0.738043345600658	0.460488109468081	0.947926217855059
SA597_2398	cds	4.67032955319203	1.21292936661027	0.922685538905778	1.31456418841103	0.188656412330342	0.806929696378568
SA597_2399	cds	0.771688953832817	1.39952195274884	2.24982163392493	0.62205906977048	0.533903027353275	NA
SA597_2400	cds	2.55339787177827	-1.28692803754074	1.28911596148281	-0.998302771816156	0.318132563946096	0.874207252165924
SA597_2401	cds	0.0429304712893331	0.533366996243296	4.04698303010695	0.131793731843052	0.89514744456904	NA
SA597_2402	cds	0.157835928544656	-0.393885238057851	4.04188960362838	-0.0974507660239564	0.922368431080567	NA
SA597_2403	cds	0	NA	NA	NA	NA	NA
SA597_2404	cds	1.195506279882	-0.916361510639989	1.82894163665835	-0.501033763064342	0.61634736140721	NA
SA597_2405	cds	0.387646843055301	-1.43110697574056	3.06166160134665	-0.467428201441692	0.64019354962648	NA
SA597_2406	cds	0	NA	NA	NA	NA	NA
SA597_2407	cds	2.74812924968844	-0.438932457657532	1.22063271200505	-0.359594211543396	0.71915061293679	0.968510029940052
SA597_2408	cds	0.406947229375263	-2.05980984076422	3.0258488010212	-0.680737861081839	0.496037374967699	NA
SA597_2409	cds	0	NA	NA	NA	NA	NA
SA597_2410	cds	6.89807752274003	1.5706407222048	0.792200165446933	1.98263114640818	0.0474086456681859	0.492605458895994
SA597_2411	cds	1.55060455727537	0.819562542214416	1.68027486574374	0.487755044679345	0.625723357491695	NA
SA597_2412	cds	0.853840789978614	-0.271761183361143	2.13145805950659	-0.127500131728631	0.8985445689288	NA
SA597_2413	cds	1.25478693692123	-0.995060895337439	1.74073968532276	-0.571631073690918	0.56757193919093	NA
SA597_2414	cds	0.633774003824663	-0.248487251081669	2.33952838867449	-0.106212539366729	0.915413722248581	NA
SA597_2415	cds	0.114905457255323	-1.06803554532648	4.05863953808327	-0.2631511212821	0.792434102912824	NA
SA597_2416	cds	0.0429304712893331	0.533366996243296	4.04698303010695	0.131793731843052	0.89514744456904	NA
SA597_2417	cds	0.229810914510645	-1.63428860420327	4.0371417113536	-0.40481328649108	0.685614761669358	NA
SA597_2418	cds	0	NA	NA	NA	NA	NA
SA597_2419	cds	0.0429304712893331	0.533366996243296	4.04698303010695	0.131793731843052	0.89514744456904	NA
SA597_2420	cds	2.5399300076161	0.462647291770391	1.19692703412669	0.386529235767452	0.699104754785626	0.967174535295726
SA597_2421	cds	0	NA	NA	NA	NA	NA
SA597_2422	cds	5.52201668081712	1.93577120316207	0.914041920539433	2.11781446743674	0.0341907835941984	0.464017777349835
SA597_2423	cds	0.214652356446665	1.58210620426765	4.03153379525892	0.392432826962335	0.694738434906429	NA
SA597_2424	cds	0	NA	NA	NA	NA	NA
SA597_2425	cds	0.252820407263477	1.23517353768356	3.97012217876418	0.311117260897004	0.755711479573365	NA
SA597_2426	cds	5.9032624868536	5.93622962643397	1.37012084252779	4.33263216073846	1.47337163054195e-05	0.002449480335776
SA597_2427	cds	5.23313953156209	5.73358699901606	1.40613200931728	4.07755954705837	4.55108764241531e-05	0.00432353326029455
SA597_2428	cds	0	NA	NA	NA	NA	NA
SA597_2429	cds	0	NA	NA	NA	NA	NA
SA597_2430	cds	0	NA	NA	NA	NA	NA
SA597_2431	cds	0	NA	NA	NA	NA	NA
SA597_2432	cds	0	NA	NA	NA	NA	NA
SA597_2433	cds	0.252820407263477	1.23517353768356	3.97012217876418	0.311117260897004	0.755711479573365	NA
SA597_2434	cds	0.561832957349849	-1.96264494086894	2.4739151509305	-0.79333559201929	0.427582325345358	NA
SA597_2435	cds	0	NA	NA	NA	NA	NA
SA597_2436	cds	0	NA	NA	NA	NA	NA
SA597_2437	cds	0	NA	NA	NA	NA	NA
SA597_2438	cds	0.0429304712893331	0.533366996243296	4.04698303010695	0.131793731843052	0.89514744456904	NA
SA597_2439	cds	0	NA	NA	NA	NA	NA
SA597_2440	cds	0.0429304712893331	0.533366996243296	4.04698303010695	0.131793731843052	0.89514744456904	NA
SA597_2441	cds	0	NA	NA	NA	NA	NA
SA597_2442	cds	0.679826928821501	1.1973475988223	2.62766614269205	0.455669607096895	0.648627580575757	NA
SA597_2443	cds	1.88607740149011	-1.9002852007011	1.54229875220634	-1.232112259692	0.217907152409688	NA
SA597_2444	cds	0.34590799945188	0.418149151827871	3.22078057440653	0.12982851273714	0.89670210392465	NA
SA597_2445	cds	0.286627342412655	0.496083117404997	3.45511710598189	0.143579248456187	0.885832728180969	NA
SA597_2446	cds	2.09905683956396	1.92020412493936	1.50468290757704	1.27615201533154	0.201901787293086	0.822712948604465
SA597_2447	cds	0	NA	NA	NA	NA	NA
SA597_2448	cds	0	NA	NA	NA	NA	NA
SA597_2449	cds	0.157835928544656	-0.393885238057851	4.04188960362838	-0.0974507660239564	0.922368431080567	NA
SA597_2450	cds	0.502518360819448	0.864037257193951	2.65349802146314	0.325621971527803	0.744710386575667	NA
SA597_2451	cds	2.97654603674713	1.29179458441324	1.2356410318305	1.04544487528028	0.295817405475675	0.861033316057345
SA597_2452	cds	1.8372658391792	-0.305334677673049	1.40125100504972	-0.217901487008899	0.827505868519752	NA
SA597_2453	cds	0.890199143365925	-2.17486813851345	2.27405739664584	-0.956382253904984	0.338879147081063	NA
SA597_2454	cds	1.22092774004569	1.55476654785158	1.99732266278225	0.778425327476032	0.43631831231968	NA
SA597_2455	cds	7.10679887443796	-0.684099770081881	0.718377459273479	-0.952284570250486	0.340952680890271	0.892602107502465
SA597_2456	cds	3.30249542530876	0.491801367233953	1.05625669081361	0.465607812486499	0.641496249848067	0.964166105872218
SA597_2457	cds	1.70292537482023	1.70403292353296	1.59724505721075	1.06685753437778	0.286036173325983	NA
SA597_2458	cds	0	NA	NA	NA	NA	NA
SA597_2459	cds	21.0357303131229	-0.0140726748301914	0.418125740670306	-0.0336565617979683	0.973151017994753	0.992418444366647
SA597_2460	cds	49.5946100734044	-0.343936665298683	0.291839340319601	-1.17851371553276	0.238591867696881	0.8382627653164
SA597_2461	cds	0.475938075280007	0.125815301690742	2.93401806082656	0.0428815702843008	0.965795940018248	NA
SA597_2462	cds	9.70761886182114	0.336103216525525	0.648467941954297	0.518303519388493	0.604246517810456	0.964166105872218
SA597_2463	cds	0.229810914510645	-1.63428860420327	4.0371417113536	-0.40481328649108	0.685614761669358	NA
SA597_2464	cds	0.292041772119941	-1.17112321432212	3.74159268945205	-0.313001256824036	0.754279707287529	NA
SA597_2465	cds	0.555797935426024	0.99910883350093	2.55250551048162	0.391422791997191	0.69548474794553	NA
SA597_2466	cds	0.301751960985459	1.21893634485722	3.71101045461231	0.328464810262726	0.742560246988339	NA
SA597_2467	cds	0.482631321774122	-0.389715350961056	2.89503928667338	-0.134614874746266	0.8929163803139	NA
SA597_2468	cds	0.214652356446665	1.58210620426765	4.03153379525892	0.392432826962335	0.694738434906429	NA
SA597_2469	cds	0	NA	NA	NA	NA	NA
SA597_2470	cds	1.59343686974515	-0.0357117132669233	1.68454664498645	-0.0211995989385088	0.983086434212139	NA
SA597_2471	cds	6.00467104600093	-0.863738457711168	0.810940807487921	-1.06510666344045	0.286827664215424	0.85770418217198
SA597_2472	cds	0.509158357703822	-1.58325783638875	2.62997114540734	-0.602005782137026	0.547170288530822	NA
SA597_2473	cds	0.939735672048456	-1.73454165228658	1.96240184630323	-0.883887087425089	0.376757168354908	NA
SA597_2474	cds	1.51669946330663	0.101015200738582	1.60461156968042	0.0629530552111753	0.949803886641372	NA
SA597_2475	cds	0	NA	NA	NA	NA	NA
SA597_2476	cds	0.0429304712893331	0.533366996243296	4.04698303010695	0.131793731843052	0.89514744456904	NA
SA597_2477	cds	0	NA	NA	NA	NA	NA
SA597_2478	cds	1.06078052538269	0.0244049087879985	1.89947798275889	0.0128482188314453	0.989748886598057	NA
SA597_2479	cds	0.0429304712893331	0.533366996243296	4.04698303010695	0.131793731843052	0.89514744456904	NA
SA597_2480	cds	0.475938075280007	0.125815301690742	2.93401806082656	0.0428815702843008	0.965795940018248	NA
SA597_2481	cds	0.539447749676132	1.2281590217534	2.56807640901088	0.47824084106066	0.632478797104759	NA
SA597_2482	cds	0.377902714698607	-0.0855466317154501	3.14951325293678	-0.0271618579904948	0.978330637387829	NA
SA597_2483	cds	0.292041772119941	-1.17112321432212	3.74159268945205	-0.313001256824036	0.754279707287529	NA
SA597_2484	cds	0.0858609425786661	0.917705217467736	4.04010252673348	0.227148992233552	0.820307889253335	NA
SA597_2485	cds	0.833953750933288	-1.49325977649158	2.14586619924974	-0.695877393014377	0.486505616130609	NA
SA597_2486	cds	0.0429304712893331	0.533366996243296	4.04698303010695	0.131793731843052	0.89514744456904	NA
SA597_2487	cds	16.2516376071091	-1.29921220493028	0.533275333800305	-2.43628782841247	0.0148388718344416	0.322004531247442
SA597_2488	cds	4.68549652529309	-1.15866788045616	0.958066414907004	-1.20938158610708	0.226516279648073	0.832228320253969
SA597_2489	cds	12.9906854972264	-0.593366692200649	0.568383399502298	-1.04395500065665	0.296506209589672	0.861033316057345
SA597_2490	cds	9.73622557652018	-0.745312301367164	0.67463502033245	-1.10476372987558	0.269261980498168	0.85770418217198
SA597_2491	cds	8.47507350914264	-1.08376130792921	0.685523110061661	-1.580925999463	0.113894958795358	0.676251317847438
SA597_2492	cds	2.23760701116127	-0.823281760770749	1.32518905805344	-0.621256080985198	0.534431145651449	0.964166105872218
SA597_2493	cds	0.260047056873214	-0.0995831982621674	3.58498699094132	-0.0277778408997851	0.977839339542392	NA
SA597_2494	cds	14.4912238945587	-2.31024856106747	0.554968650981937	-4.16284515707296	3.14306518073494e-05	0.00387743721290985
SA597_2495	cds	2.9855933202964	-2.65543239863455	1.27349880159116	-2.08514715154561	0.0370559453347439	0.474918389574579
SA597_2496	cds	0	NA	NA	NA	NA	NA
SA597_2497	cds	0.406947229375263	-2.05980984076422	3.0258488010212	-0.680737861081839	0.496037374967699	NA
SA597_2498	cds	13.5476772239667	-0.839848897110201	0.539204135156325	-1.55757132104841	0.119334901508963	0.678824851509992
SA597_2499	cds	3.09824542178908	0.620989115629408	1.12812839273055	0.55045961047603	0.582004172251759	0.964166105872218
SA597_2500	cds	6.02637030494871	-0.628825740856971	0.785540476313447	-0.800500750525369	0.423420728889052	0.929755237068483
SA597_2501	cds	3.54757080662804	-0.51363165660467	1.07359273660445	-0.47842318515416	0.632349034921625	0.964166105872218
SA597_2502	cds	1.11216321345884	-0.978866605332221	1.97108778713139	-0.496612384147946	0.619462418329233	NA
SA597_2503	cds	1.51542064651981	-0.26678829601461	1.53562561956343	-0.173732642003235	0.862075583002095	NA
SA597_2504	cds	0.503743927996536	-0.0502676833128886	2.62059972230386	-0.0191817479354293	0.98469611796253	NA
SA597_2505	cds	1.33650605124391	-2.05451710494591	1.71257095495412	-1.1996683109699	0.230268184849593	NA
SA597_2506	cds	2.60809520585671	-0.156005205789674	1.25867956060072	-0.123943544229174	0.901359975428223	0.985168286643959
SA597_2507	cds	0.804304261296083	-0.913124077862702	2.25247281329881	-0.40538739134676	0.685192777606063	NA
SA597_2508	cds	0.128791413867999	1.19152185427695	4.03612358514568	0.295214412824761	0.767830092550625	NA
SA597_2509	cds	0.0429304712893331	0.533366996243296	4.04698303010695	0.131793731843052	0.89514744456904	NA
SA597_2510	cds	0	NA	NA	NA	NA	NA
SA597_2511	cds	4.85104408699696	-2.00103761727232	0.953874217507415	-2.09780029750805	0.0359227902377483	0.474918389574579
SA597_2512	cds	0.0858609425786661	0.917705217467736	4.04010252673348	0.227148992233552	0.820307889253335	NA
SA597_2513	cds	0	NA	NA	NA	NA	NA
SA597_2514	cds	0.581133343669811	-2.68363074579689	2.48057710946949	-1.08185741759539	0.279315888652415	NA
SA597_2515	cds	0.334972243409274	-0.488262715672907	3.28441843750229	-0.148660326010171	0.881821668546081	NA
SA597_2516	cds	0.114905457255323	-1.06803554532648	4.05863953808327	-0.2631511212821	0.792434102912824	NA
SA597_2517	cds	0	NA	NA	NA	NA	NA
SA597_2518	cds	0.174186114294548	-1.16802017323135	4.05506583760622	-0.288039755704893	0.77331630698403	NA
SA597_2519	cds	0	NA	NA	NA	NA	NA
SA597_2520	cds	0	NA	NA	NA	NA	NA
SA597_2521	cds	0.252820407263477	1.23517353768356	3.97012217876418	0.311117260897004	0.755711479573365	NA
SA597_2522	cds	0	NA	NA	NA	NA	NA
SA597_2523	cds	0	NA	NA	NA	NA	NA
SA597_2524	cds	1.15930185739694	2.17585142943966	1.94651634564237	1.11781821627684	0.263644639822253	NA
SA597_2525	cds	0.929524882377472	0.784719866846564	1.97430065268195	0.397467257978453	0.691022926570943	NA
SA597_2526	cds	0	NA	NA	NA	NA	NA
SA597_2527	cds	0.114905457255323	-1.06803554532648	4.05863953808327	-0.2631511212821	0.792434102912824	NA
SA597_2528	cds	0	NA	NA	NA	NA	NA
SA597_2529	cds	6.23673531627423	-3.12038599419123	0.928845140173159	-3.35942544050941	0.000781047240548392	0.0357994090934562
SA597_2530	cds	0.301751960985459	1.21893634485722	3.71101045461231	0.328464810262726	0.742560246988339	NA
SA597_2531	cds	0.688126202589457	2.86608298808227	2.46831838514489	1.16114801288653	0.245581712133517	NA
SA597_2532	cds	0.559334788721458	2.52693221140197	2.66108148053187	0.949588439846234	0.342321414666401	NA
SA597_2533	cds	0.816917616457456	3.13809054132829	2.32945328124697	1.34713607119369	0.177936412664298	NA
SA597_2534	cds	0.0429304712893331	0.533366996243296	4.04698303010695	0.131793731843052	0.89514744456904	NA
SA597_2535	cds	0.214652356446665	1.58210620426765	4.03153379525892	0.392432826962335	0.694738434906429	NA
SA597_2536	cds	0.588379303398114	1.3079268676584	2.50044527013912	0.523077582732147	0.600920264872799	NA
SA597_2537	cds	1.14295167164705	2.31546016270426	1.93999948163481	1.19353648525362	0.2326593319591	NA
SA597_2538	cds	1.05772964352011	0.443753958248106	1.98502500856475	0.223550814893237	0.82310683903452	NA
SA597_2539	cds	0.717170717266113	1.72851397907251	2.32623598463176	0.743051861673495	0.457450282408228	NA
SA597_2540	cds	0.332022042839203	-1.18469990688433	3.01820684669062	-0.392517798501224	0.694675663065794	NA
SA597_2541	cds	1.08430992905955	0.911726647838012	1.92714337223748	0.473097466941168	0.636143643891548	NA
SA597_2542	cds	0.157835928544656	-0.393885238057851	4.04188960362838	-0.0974507660239564	0.922368431080567	NA
SA597_2543	cds	0.647659960437339	1.24039464029419	2.42476725875964	0.511552041051848	0.608964557701377	NA
SA597_2544	cds	0	NA	NA	NA	NA	NA
SA597_2545	cds	0.114905457255323	-1.06803554532648	4.05863953808327	-0.2631511212821	0.792434102912824	NA
SA597_2546	cds	3.91498610436314	-1.07597036159561	1.02287547573087	-1.05190747762019	0.292842000859951	0.861033316057345
SA597_2547	cds	1.79656060208832	-2.36007848990854	1.58568932729007	-1.48836121255978	0.136655659873465	NA
SA597_2548	cds	0.174186114294548	-1.16802017323135	4.05506583760622	-0.288039755704893	0.77331630698403	NA
SA597_2549	cds	0	NA	NA	NA	NA	NA
SA597_2550	cds	0.844889506975894	-0.293640273590839	2.06136148926531	-0.142449674702856	0.886724827667433	NA
SA597_2551	cds	0.886594411088139	0.625222106521589	2.04328654489212	0.305988461620589	0.759613431001533	NA
SA597_2552	cds	0.200766399833989	-0.00898487287243682	3.96546975350417	-0.00226577768358897	0.998192172514875	NA
SA597_2553	cds	0.0858609425786661	0.917705217467736	4.04010252673348	0.227148992233552	0.820307889253335	NA
SA597_2554	cds	0.0429304712893331	0.533366996243296	4.04698303010695	0.131793731843052	0.89514744456904	NA
SA597_2555	cds	0	NA	NA	NA	NA	NA
SA597_2556	cds	0	NA	NA	NA	NA	NA
SA597_2557	cds	10.8563571603974	-1.17027017681464	0.619182090142944	-1.89002588324943	0.0587544984832527	0.52976334540807
SA597_2558	cds	0.403997028805193	-2.27672766698602	2.99225294327641	-0.760874067181325	0.446732289316471	NA
SA597_2559	cds	0.0429304712893331	0.533366996243296	4.04698303010695	0.131793731843052	0.89514744456904	NA
SA597_2560	cds	0.683344471998369	-2.09432323175168	2.35586302021966	-0.888983448433435	0.374011975221694	NA
SA597_2561	cds	1.45861043395332	0.904013571354744	1.65376287311947	0.546640383605612	0.584625819091334	NA
SA597_2562	cds	0.338681349842143	1.8176737421668	3.22336777765085	0.563905166133878	0.572818674000172	NA
SA597_2563	cds	1.46297154962095	1.21116824374033	1.6778616376686	0.721852277058588	0.470385304693257	NA
SA597_2564	cds	0.917350464374739	0.661578439319327	2.02907807948991	0.326048783438457	0.744387446197045	NA
SA597_2565	cds	0.0858609425786661	0.917705217467736	4.04010252673348	0.227148992233552	0.820307889253335	NA
SA597_2566	cds	2.26953384742564	0.703522784120145	1.29984275743452	0.541236838145466	0.588344349316055	0.964166105872218
SA597_2567	cds	1.29583983179871	0.771942845503103	1.75619442276415	0.439554320123684	0.660259931421438	NA
SA597_2568	cds	0	NA	NA	NA	NA	NA
SA597_2569	cds	0	NA	NA	NA	NA	NA
SA597_2570	cds	0.58484245010268	-0.240232415442958	2.3878138160633	-0.100607682988877	0.919861897512959	NA
SA597_2571	cds	0	NA	NA	NA	NA	NA
SA597_2572	cds	12.2489962060704	2.28581717442038	0.635503473302288	3.59686023829659	0.000322081424385257	0.017848678934683
SA597_2573	cds	1.49258340690441	-0.863145668557169	1.59602370329514	-0.540810056125812	0.588638510789826	NA
SA597_2574	cds	0.636724204394733	0.489594044325112	2.517013316272	0.194513887217037	0.845773522963098	NA
SA597_2575	cds	0.808618342689501	1.63329096751765	2.25215357704692	0.7252129624567	0.468321391812284	NA
SA597_2576	cds	0.430543374853458	2.04336204449022	2.94865264083935	0.692981606646134	0.488321094514285	NA
SA597_2577	cds	1.04443033963279	0.315062787982342	1.8643995128607	0.168988881304155	0.865805387054842	NA
SA597_2578	cds	0.377902714698607	-0.0855466317154501	3.14951325293678	-0.0271618579904948	0.978330637387829	NA
SA597_2579	cds	1.01538582495614	1.05751997679206	1.8865721575085	0.560551035688276	0.575103638900306	NA
SA597_2580	cds	0	NA	NA	NA	NA	NA
SA597_2581	cds	0.157835928544656	-0.393885238057851	4.04188960362838	-0.0974507660239564	0.922368431080567	NA
SA597_2582	cds	0	NA	NA	NA	NA	NA
SA597_2583	cds	0	NA	NA	NA	NA	NA
SA597_2584	cds	0	NA	NA	NA	NA	NA
SA597_2585	cds	0.171721885157332	1.40565572726871	4.03346404978335	0.348498389949507	0.727465922766015	NA
SA597_2586	cds	0	NA	NA	NA	NA	NA
SA597_2587	cds	0	NA	NA	NA	NA	NA
SA597_2588	cds	0.879182413557927	0.74357567639522	2.17306022788471	0.34217904632999	0.732216153117133	NA
SA597_2589	cds	0.769205414577035	-1.34454366484859	2.26276863562217	-0.594202890954823	0.552376419422357	NA
SA597_2590	cds	0.80796011811921	-0.842127289989526	2.13923354105237	-0.393658417292416	0.693833245624703	NA
SA597_2591	cds	0.0858609425786661	0.917705217467736	4.04010252673348	0.227148992233552	0.820307889253335	NA
SA597_2592	cds	0.0429304712893331	0.533366996243296	4.04698303010695	0.131793731843052	0.89514744456904	NA
SA597_2593	cds	0.229810914510645	-1.63428860420327	4.0371417113536	-0.40481328649108	0.685614761669358	NA
SA597_2594	cds	1.47973613495877	1.27270487741502	1.66982116703451	0.762180347537009	0.445952373701452	NA
SA597_2595	cds	1.32859345290823	1.28019383851506	1.74711745012868	0.732746295001959	0.463713182238582	NA
SA597_2596	cds	0	NA	NA	NA	NA	NA
SA597_2597	cds	0.229810914510645	-1.63428860420327	4.0371417113536	-0.40481328649108	0.685614761669358	NA
SA597_2598	cds	2.14785530709183	0.197064852422156	1.40418951874089	0.140340637636194	0.888390857828466	0.985168286643959
SA597_2599	cds	0.200766399833989	-0.00898487287243682	3.96546975350417	-0.00226577768358897	0.998192172514875	NA
SA597_2600	cds	0.252820407263477	1.23517353768356	3.97012217876418	0.311117260897004	0.755711479573365	NA
SA597_2601	cds	0.0858609425786661	0.917705217467736	4.04010252673348	0.227148992233552	0.820307889253335	NA
SA597_2602	cds	0	NA	NA	NA	NA	NA