"tag"	"moltype"	"baseMean"	"log2FoldChange"	"lfcSE"	"stat"	"pvalue"	"padj"
SA597_0001	cds	3.33200841786925	-0.382741969049526	1.01200584804228	-0.378201341217483	0.705281029188839	NA
SA597_0002	cds	4.27114854575296	-0.300167056907875	0.933600671831786	-0.321515467977254	0.747819792257662	0.880218189707762
SA597_0003	cds	2.42564056062421	-0.267901424188288	1.20213736634185	-0.222854252508199	0.823648942186783	NA
SA597_0004	cds	3.02561688083144	0.861826998613668	1.15761295687189	0.744486309951561	0.456582320385061	NA
SA597_0005	cds	17.2763681804825	0.696577699234719	0.496386497544756	1.40329703301793	0.160528282594435	0.443439513305418
SA597_0006	cds	48.2866583382587	0.394404309569974	0.295956755640491	1.33264168515576	0.182649418615881	0.467515484347072
SA597_0007	cds	5.56619888106229	-1.39174744754627	0.810782625309504	-1.71654818949159	0.086061755900165	0.311141333786313
SA597_0008	cds	0.977653085077793	-3.25345018188042	2.10238074785625	-1.54750759832532	0.121740893672008	NA
SA597_0009	cds	11.4785651597324	-0.815295452299029	0.549173700661742	-1.4845857536816	0.137653591605482	0.398588052473682
SA597_0010	cds	1.77065328347414	0.807510829567587	1.58001244988811	0.511078776388609	0.609295896592083	NA
SA597_0011	cds	0.411588220123595	-0.433740587995967	2.78855334322204	-0.155543227835405	0.876393077720668	NA
SA597_0012	cds	1.58387980349626	-0.602125360369807	1.55251702300016	-0.387838169533387	0.698135796906531	NA
SA597_0013	cds	2.21700776427017	-0.574709536667293	1.20882467359028	-0.475428363784445	0.634481681745139	NA
SA597_0014	cds	15.7392315649749	0.665368232858756	0.531772389233343	1.25122749193131	0.210851490718198	0.49437187112094
SA597_0015	cds	3.25444861417201	1.31702854754372	1.13169327502506	1.16376811332961	0.244517997633679	NA
SA597_0016	cds	21.1175197870406	0.174510922047361	0.432286102992628	0.40369311166669	0.686438405609007	0.851183622955169
SA597_0017	cds	1.39047027640425	-0.949955333409714	1.61956524036014	-0.586549593518365	0.557506244682063	NA
SA597_0018	cds	2.24744609547324	0.107042288234122	1.24617856000578	0.0858964290266923	0.93154875024455	NA
SA597_0019	cds	19.750604516413	0.356522130741353	0.430791953219407	0.827597006111607	0.407898764352938	0.677674661394742
SA597_0020	cds	11.5011521021875	0.0470404645456185	0.553511307968932	0.0849855529026676	0.932272876267122	0.965976212722916
SA597_0021	cds	1.36233508401732	-0.227772499596867	1.61169274350812	-0.141325014035294	0.887613189586764	NA
SA597_0022	cds	4.14030027864554	0.381839266307848	0.922856206538324	0.413758138703043	0.679051244128496	NA
SA597_0023	cds	3.86147115204084	-0.51903932751861	0.953667253246701	-0.544256212794948	0.586265174225076	NA
SA597_0024	cds	0.704191938602265	-2.77002162877229	2.34034074576629	-1.18359757389316	0.236572401237056	NA
SA597_0025	cds	0.363426696969626	-3.07125053359427	3.45193772490101	-0.889717827595612	0.373617418926999	NA
SA597_0026	cds	1.78208737272912	-2.31406054907684	1.48002200133939	-1.5635311819572	0.11792770728375	NA
SA597_0027	cds	0.944252581844047	-1.09478221462374	1.89019518120857	-0.579190035773846	0.562460953440472	NA
SA597_0028	cds	0	NA	NA	NA	NA	NA
SA597_0029	cds	0.181713348484813	-2.48889673675343	4.07674451622297	-0.61051084433894	0.54152346201155	NA
SA597_0030	cds	0.0673040951571122	-0.591757537069432	4.08037509321427	-0.145025279184145	0.884690912881144	NA
SA597_0031	cds	0.51352178971731	-0.274772459104139	2.55155255057026	-0.107688340200059	0.914242918895606	NA
SA597_0032	cds	0.537308003155596	0.357592563158294	2.49313253634402	0.143431028212674	0.885949779338552	NA
SA597_0033	cds	0.134608190314224	0.0260717689886992	4.05060522065858	0.00643651197004588	0.994864441933606	NA
SA597_0034	cds	0	NA	NA	NA	NA	NA
SA597_0035	cds	0	NA	NA	NA	NA	NA
SA597_0036	cds	0	NA	NA	NA	NA	NA
SA597_0037	cds	0.408069336789752	-0.950587951266581	3.02254430490958	-0.314499261341685	0.753141877387954	NA
SA597_0038	cds	5.09857631503062	-0.6284288324323	0.864271444225391	-0.727119745342892	0.46715260387811	0.742652857447252
SA597_0039	cds	0	NA	NA	NA	NA	NA
SA597_0040	cds	0	NA	NA	NA	NA	NA
SA597_0041	cds	0	NA	NA	NA	NA	NA
SA597_0042	cds	0.0863782740423349	-0.589842747063684	4.08030001320842	-0.144558670968873	0.885059330175046	NA
SA597_0043	cds	0.181713348484813	-2.48889673675343	4.07674451622297	-0.61051084433894	0.54152346201155	NA
SA597_0044	cds	0	NA	NA	NA	NA	NA
SA597_0045	cds	0	NA	NA	NA	NA	NA
SA597_0046	cds	0.143496597596447	-0.589842394113521	4.08029999937606	-0.144558584957899	0.885059398088552	NA
SA597_0047	cds	0	NA	NA	NA	NA	NA
SA597_0048	cds	0	NA	NA	NA	NA	NA
SA597_0049	cds	0	NA	NA	NA	NA	NA
SA597_0050	cds	0	NA	NA	NA	NA	NA
SA597_0051	cds	0.0673040951571122	-0.591757537069432	4.08037509321427	-0.145025279184145	0.884690912881144	NA
SA597_0052	cds	0.181713348484813	-2.48889673675343	4.07674451622297	-0.61051084433894	0.54152346201155	NA
SA597_0053	cds	0	NA	NA	NA	NA	NA
SA597_0054	cds	0.0863782740423349	-0.589842747063684	4.08030001320842	-0.144558670968873	0.885059330175046	NA
SA597_0055	cds	0.584413161326185	-0.928689620141648	2.4306803945244	-0.382069819723609	0.702409577080217	NA
SA597_0056	cds	0	NA	NA	NA	NA	NA
SA597_0057	cds	1.17412745348283	-0.40316510259147	1.65497067132467	-0.243608608646079	0.807533960400661	NA
SA597_0058	cds	0	NA	NA	NA	NA	NA
SA597_0059	cds	0.522478590117453	-2.32072517112052	2.5920296287953	-0.895331266795406	0.37061003093158	NA
SA597_0060	cds	0.359839420517863	-1.59166982809088	3.17603717528783	-0.501149621445044	0.616265826536178	NA
SA597_0061	cds	0	NA	NA	NA	NA	NA
SA597_0062	cds	2.21012783331759	-0.763192158542439	1.2532596085376	-0.608965734907065	0.542547151177318	NA
SA597_0063	cds	0.268091622527148	-1.52728953514846	3.52028221276744	-0.433854288616195	0.664394255821853	NA
SA597_0064	cds	0.450861335995341	1.56494580811021	2.55873896683836	0.611608229050381	0.540796992271738	NA
SA597_0065	cds	2.28640981888967	2.71968556450345	1.54572449052208	1.75948921116262	0.0784944511496538	NA
SA597_0066	cds	1.5965231146211	-1.55907828912752	1.57949167371411	-0.98707597835031	0.323605392950771	NA
SA597_0067	cds	0	NA	NA	NA	NA	NA
SA597_0068	cds	0	NA	NA	NA	NA	NA
SA597_0069	cds	0	NA	NA	NA	NA	NA
SA597_0070	cds	1.88161204658591	-0.607734653134745	1.33227558581905	-0.456162868706421	0.648272864205627	NA
SA597_0071	cds	13.3357775307894	-0.750691407217107	0.50588865434591	-1.4839063908	0.137833756207585	0.398588052473682
SA597_0072	cds	0.32520994608126	-1.52805464581154	3.30151042816959	-0.462835020230033	0.64348262705709	NA
SA597_0073	cds	1.76620005088838	-1.32330925533477	1.48419082292916	-0.891603178574519	0.372605665845851	NA
SA597_0074	cds	0.0863782740423349	-0.589842747063684	4.08030001320842	-0.144558670968873	0.885059330175046	NA
SA597_0075	cds	1.44093648219357	-1.78503080779054	1.59850020999215	-1.11669100612712	0.264126464684785	NA
SA597_0076	cds	0.268091622527148	-1.52728953514846	3.52028221276744	-0.433854288616195	0.664394255821853	NA
SA597_0077	cds	0.32520994608126	-1.52805464581154	3.30151042816959	-0.462835020230033	0.64348262705709	NA
SA597_0078	cds	0.286993195192894	0.842918101631456	3.8171349647936	0.220824809551117	0.825228845175245	NA
SA597_0079	cds	0	NA	NA	NA	NA	NA
SA597_0080	cds	0	NA	NA	NA	NA	NA
SA597_0081	cds	0.416957744071975	-1.59004903520421	3.04895045824276	-0.521507009372864	0.602013623973367	NA
SA597_0082	cds	0.421773991726595	-0.228076024535843	2.71237529226215	-0.0840871929435788	0.932987107130464	NA
SA597_0083	cds	0.345408883067783	1.18143587151546	3.13737802260879	0.376567905748595	0.706494742389515	NA
SA597_0084	cds	0.491314376401146	-1.58930220093791	2.89307994439657	-0.549346105701688	0.582767952266608	NA
SA597_0085	cds	0.273461146475528	-2.5609900062129	3.85473596947409	-0.664374947206125	0.506450363291634	NA
SA597_0086	cds	0.143496597596447	-0.589842394113521	4.08029999937606	-0.144558584957899	0.885059398088552	NA
SA597_0087	cds	0.181713348484813	-2.48889673675343	4.07674451622297	-0.61051084433894	0.54152346201155	NA
SA597_0088	cds	22.782969358188	1.54644172920504	0.47558045309296	3.25169320805278	0.00114719775825551	0.0168456933975415
SA597_0089	cds	0	NA	NA	NA	NA	NA
SA597_0090	cds	0	NA	NA	NA	NA	NA
SA597_0091	cds	0	NA	NA	NA	NA	NA
SA597_0092	cds	0	NA	NA	NA	NA	NA
SA597_0093	cds	0	NA	NA	NA	NA	NA
SA597_0094	cds	3.51119388701122	0.40558511006025	1.1011129844812	0.36834104744605	0.712618949241641	NA
SA597_0095	cds	1.67798590673588	-2.00507226177254	1.59663575876297	-1.25581069493647	0.209184613097145	NA
SA597_0096	cds	0.34076524163264	-1.59403081819311	3.2352685358705	-0.492704330573974	0.622221517293827	NA
SA597_0097	cds	2.95997316506397	-0.167032937757545	1.20087984933495	-0.139092131365222	0.889377346046446	NA
SA597_0098	cds	0.926234767942205	1.14734321070072	1.95372810774799	0.587258383677163	0.55703018653589	NA
SA597_0099	cds	9.58969748417773	0.385189907789446	0.67041877283202	0.574551196056616	0.56559486670964	0.791510781267261
SA597_0100	cds	10.4687033935447	0.287906301565305	0.660741109663109	0.43573238800307	0.663030904050254	0.838937062267669
SA597_0101	cds	0.143496597596447	-0.589842394113521	4.08029999937606	-0.144558584957899	0.885059398088552	NA
SA597_0102	cds	0.181713348484813	-2.48889673675343	4.07674451622297	-0.61051084433894	0.54152346201155	NA
SA597_0103	cds	0.134608190314224	0.0260717689886992	4.05060522065858	0.00643651197004588	0.994864441933606	NA
SA597_0104	cds	0	NA	NA	NA	NA	NA
SA597_0105	cds	0.0673040951571122	-0.591757537069432	4.08037509321427	-0.145025279184145	0.884690912881144	NA
SA597_0106	cds	2.26220865921268	-0.801409620654753	1.24215270058482	-0.64517802060684	0.518811827974077	NA
SA597_0107	cds	0	NA	NA	NA	NA	NA
SA597_0108	cds	4.0920749383184	-0.718208860941985	0.965638580127563	-0.743765706675791	0.45701823030823	NA
SA597_0109	cds	1.84715517836879	-1.03783300954968	1.32435664560483	-0.783650697864474	0.433245099000004	NA
SA597_0110	cds	2.39014996125775	-0.457402416763535	1.26268540289267	-0.362245746815223	0.717168396567723	NA
SA597_0111	cds	1.60350725867524	-1.29456653269478	1.44716680614787	-0.894552395200876	0.37102640930587	NA
SA597_0112	cds	6.64553632907542	-1.11804040437836	0.723176620957292	-1.54601292682606	0.122101445910097	0.380629088367789
SA597_0113	cds	2.62161338415884	-3.84472484111821	1.47121955666201	-2.6132910099709	0.00896749095749385	NA
SA597_0114	cds	2.56802717062373	-1.09346220281096	1.23122185432617	-0.888111430908117	0.374480814437375	NA
SA597_0115	cds	3.21957182088756	-0.643934166732229	1.10399604828336	-0.583275789558761	0.559707657896678	NA
SA597_0116	cds	1.44277235230374	-1.36023344603111	1.60681898347374	-0.846538073063129	0.397252643789647	NA
SA597_0117	cds	1.22452526615424	-0.263806813538043	1.74205103547448	-0.151434606774416	0.879632891979468	NA
SA597_0118	cds	0.969150326698472	-4.23584314140705	2.23267692801827	-1.89720379525165	0.0578010461514367	NA
SA597_0119	cds	1.75836955240875	-5.02345693333401	1.76011280346383	-2.85405396940926	0.0043165197652741	NA
SA597_0120	cds	2.48799316571008	-1.84535220211194	1.4175384923113	-1.30180041820458	0.192984620815257	NA
SA597_0121	cds	1.68657969206716	-0.903076490742814	1.64541127070465	-0.548845450873853	0.583111515936377	NA
SA597_0122	cds	2.2258961715524	-0.623001096127683	1.21946469587553	-0.510880797316067	0.609434528157529	NA
SA597_0123	cds	3.28568276482545	-0.620723547539909	0.999363068632541	-0.62111915781445	0.534521225059112	NA
SA597_0124	cds	4.24033416095592	-0.547868807867933	0.891480071006786	-0.614560914692352	0.53884473316594	0.78505316215821
SA597_0125	cds	0.17275654808467	0.266607862849256	4.03713777391306	0.0660388319100744	0.947346909522635	NA
SA597_0126	cds	0.546922292951056	-3.44656378660011	2.98402119592562	-1.15500646956062	0.24808777715325	NA
SA597_0127	cds	5.21433157646403	-0.616095086511669	0.804811103962271	-0.765515141973676	0.443964853354313	0.718768665474825
SA597_0128	cds	0.510388555286369	-1.58727364485414	2.85899609594257	-0.555185663634437	0.578767673886585	NA
SA597_0129	cds	0	NA	NA	NA	NA	NA
SA597_0130	cds	0	NA	NA	NA	NA	NA
SA597_0131	cds	1.30201513291435	0.0439121440650802	1.66987929592509	0.0262965977075328	0.979020768610435	NA
SA597_0132	cds	0.6616620287489	2.10390226081685	2.22990636438536	0.943493545029079	0.345428515447445	NA
SA597_0133	cds	2.51553771800039	-0.0362117866526789	1.18537118454914	-0.0305489007364831	0.975629294412409	NA
SA597_0134	cds	0.259134822127005	0.783589504847009	3.94179180307186	0.198790180708264	0.84242687736122	NA
SA597_0135	cds	0.900734700125222	-0.727938534932818	2.08216489844107	-0.349606573176712	0.726633977205899	NA
SA597_0136	cds	0.752353461756234	-0.833424958817839	2.01966181122698	-0.412655700169684	0.679858885796481	NA
SA597_0137	cds	6.56160126746999	0.298952374021869	0.773309404438987	0.386588307740483	0.699061015294219	0.8573099923828
SA597_0138	cds	1.33363338865148	-1.45180419740587	1.62508531881615	-0.893371062181207	0.371658494134108	NA
SA597_0139	cds	2.73411683043925	-0.742217843589183	1.08706373574396	-0.682773069493689	0.494750249354896	NA
SA597_0140	cds	0	NA	NA	NA	NA	NA
SA597_0141	cds	0.220986464356559	0.582592012543925	3.70056013947742	0.157433466984865	0.874903239472391	NA
SA597_0142	cds	0	NA	NA	NA	NA	NA
SA597_0143	cds	0	NA	NA	NA	NA	NA
SA597_0144	cds	0.316321538799037	-0.89703510255552	3.30285119618121	-0.271594161914615	0.785934088898211	NA
SA597_0145	cds	0.273461146475528	-2.5609900062129	3.85473596947409	-0.664374947206125	0.506450363291634	NA
SA597_0146	cds	1.44406971662451	-1.12192321314652	1.62270650915408	-0.691390098466656	0.489320424810984	NA
SA597_0147	cds	0	NA	NA	NA	NA	NA
SA597_0148	cds	4.32435258593014	1.06106658465482	0.957255757298123	1.10844628153473	0.267669126535267	0.55844355662174
SA597_0149	cds	1.44630600614195	-2.36402483954074	1.85064082802034	-1.2774087784876	0.20145796716266	NA
SA597_0150	cds	1.9293438529968	-3.25727125615052	1.69455306649375	-1.92220079769484	0.054580496502326	NA
SA597_0151	cds	0.307364738398894	1.05106504191408	3.23859054902674	0.324543972448122	0.745526236998209	NA
SA597_0152	cds	0.608856864159788	-1.55541142896962	2.29553140435518	-0.677582291411316	0.498036577285938	NA
SA597_0153	cds	0.273461146475528	-2.5609900062129	3.85473596947409	-0.664374947206125	0.506450363291634	NA
SA597_0154	cds	3.2907135989827	-2.16231758896002	1.11800430876744	-1.9340869905447	0.0531024331733952	NA
SA597_0155	cds	0.440675564392341	1.48188053400623	2.63202787184915	0.56301855685332	0.573422247836651	NA
SA597_0156	cds	0.72007771662379	2.26623816546774	2.19492329355652	1.03249082649976	0.301842242877101	NA
SA597_0157	cds	0.181713348484813	-2.48889673675343	4.07674451622297	-0.61051084433894	0.54152346201155	NA
SA597_0158	cds	0.278104787910671	0.853807386329895	3.40645166405163	0.250644210026564	0.802089197828311	NA
SA597_0159	cds	0.446217694560198	-0.729792642415262	2.94257943426404	-0.248011195183857	0.804125744860559	NA
SA597_0160	cds	0.939939422879048	1.39238990792118	1.93148942943411	0.720889219843737	0.470977675957362	NA
SA597_0161	cds	0	NA	NA	NA	NA	NA
SA597_0162	cds	5.87117471333932	5.26861280580652	1.33970355452218	3.93267061807986	8.40073128444344e-05	0.00203809045944323
SA597_0163	cds	0.748040302791235	2.28567333208649	2.13500624827069	1.07056985614812	0.284362883335251	NA
SA597_0164	cds	1.60782041764024	-4.94827510038443	1.80467728981978	-2.74191686696439	0.00610817987007036	NA
SA597_0165	cds	1.08998546895793	-2.14812170006897	1.86716706792255	-1.15047107298171	0.249949901801846	NA
SA597_0166	cds	1.86678263354777	-1.79948993970155	1.42659482641316	-1.26138824169575	0.207169002602632	NA
SA597_0167	cds	0.273461146475528	-2.5609900062129	3.85473596947409	-0.664374947206125	0.506450363291634	NA
SA597_0168	cds	1.8751309912214	0.796419386258699	1.40347081447875	0.56746415959814	0.570398870134356	NA
SA597_0169	cds	2.08463586347339	-1.60671196894811	1.33799728572742	-1.2008335039892	0.229815792611955	NA
SA597_0170	cds	2.92813022431303	-1.09833687949126	1.26855249310268	-0.865819022439424	0.386589415771914	NA
SA597_0171	cds	0.134608190314224	0.0260717689886992	4.05060522065858	0.00643651197004588	0.994864441933606	NA
SA597_0172	cds	2.64740807392677	-3.29960586376838	1.33488577886066	-2.47182636598664	0.013442478851614	NA
SA597_0173	cds	0.268091622527148	-1.52728953514846	3.52028221276744	-0.433854288616195	0.664394255821853	NA
SA597_0174	cds	0	NA	NA	NA	NA	NA
SA597_0175	cds	0.0673040951571122	-0.591757537069432	4.08037509321427	-0.145025279184145	0.884690912881144	NA
SA597_0176	cds	162.531173797923	-0.186804145334029	0.192851165062108	-0.968644110985109	0.332722786630277	0.618864383132315
SA597_0177	cds	80.9256023382732	-0.278212997758479	0.259524486196704	-1.07201059073713	0.283715275265681	0.563391898926156
SA597_0178	cds	0	NA	NA	NA	NA	NA
SA597_0179	cds	1.93728835625374	-1.60980673887093	1.48402208325181	-1.08475928831429	0.278028281186218	NA
SA597_0180	cds	0.153682369199447	0.151160703051939	4.04334970568065	0.0373850183771064	0.970178017923845	NA
SA597_0181	cds	0.771496033759378	-2.0951839353628	2.23834735358682	-0.936040571185429	0.34925229919253	NA
SA597_0182	cds	0.863175438632172	-0.891508362727115	2.1839020163831	-0.408218114200745	0.683113550515924	NA
SA597_0183	cds	0.240060643241782	0.688961921302325	3.59015104527089	0.191903324571777	0.847817933214535	NA
SA597_0184	cds	0.273461146475528	-2.5609900062129	3.85473596947409	-0.664374947206125	0.506450363291634	NA
SA597_0185	cds	0	NA	NA	NA	NA	NA
SA597_0186	cds	0.424010281244034	-2.55583308435556	3.29117372514098	-0.776571915615327	0.437411376281595	NA
SA597_0187	cds	0.424010281244034	-2.55583308435556	3.29117372514098	-0.776571915615327	0.437411376281595	NA
SA597_0188	cds	1.03175561398768	0.263411340089878	1.877950793523	0.14026530460669	0.888450376190035	NA
SA597_0189	cds	0	NA	NA	NA	NA	NA
SA597_0190	cds	1.53138691586351	-2.35188136625642	1.87060230125936	-1.25728561580035	0.208650230700016	NA
SA597_0191	cds	1.72569338786903	-0.285054312161375	1.38190647388562	-0.206276124722005	0.836575227202688	NA
SA597_0192	cds	1.05971820015513	0.262061027134713	1.74902079275252	0.149832996966431	0.880896375399105	NA
SA597_0193	cds	0	NA	NA	NA	NA	NA
SA597_0194	cds	0.714309317087345	-0.923130035988199	2.31882276496059	-0.398102886489424	0.690554346759809	NA
SA597_0195	cds	10.8239541243364	-0.624018819511054	0.578698616024674	-1.07831400012273	0.280893651326529	0.562710452305542
SA597_0196	cds	39.2874650744623	-0.780506747296194	0.300683800480575	-2.59577252265912	0.00943785255779665	0.0810203342653928
SA597_0197	cds	0	NA	NA	NA	NA	NA
SA597_0198	cds	0.593301568608407	-1.08110049931827	2.48248731930986	-0.435490844569075	0.663206183089338	NA
SA597_0199	cds	0.541552769002675	-2.31994746431751	2.56598414946168	-0.904116054186935	0.365933866433506	NA
SA597_0200	cds	0.0863782740423349	-0.589842747063684	4.08030001320842	-0.144558670968873	0.885059330175046	NA
SA597_0201	cds	0.0673040951571122	-0.591757537069432	4.08037509321427	-0.145025279184145	0.884690912881144	NA
SA597_0202	cds	0	NA	NA	NA	NA	NA
SA597_0203	cds	0.181713348484813	-2.48889673675343	4.07674451622297	-0.61051084433894	0.54152346201155	NA
SA597_0204	cds	0.34076524163264	-1.59403081819311	3.2352685358705	-0.492704330573974	0.622221517293827	NA
SA597_0205	cds	0	NA	NA	NA	NA	NA
SA597_0206	cds	0	NA	NA	NA	NA	NA
SA597_0207	cds	2.29751342567451	-1.93465282116336	1.25468876809679	-1.54193842358053	0.123088557682016	NA
SA597_0208	cds	1.57535729578395	0.290648161630604	1.57704496699329	0.184299222732208	0.853778723653037	NA
SA597_0209	cds	2.40346896729169	-0.118267007339958	1.19067109044471	-0.0993280245813189	0.920877828039198	NA
SA597_0210	cds	2.33494912761688	0.694492596678319	1.26630597832796	0.548439799356655	0.58338995486166	NA
SA597_0211	cds	3.18484138019875	0.461094212433576	1.09020088558804	0.422944265161616	0.672335925797117	NA
SA597_0212	cds	2.81507041410044	1.08414900106201	1.18989696468877	0.911128470140757	0.362227687212122	NA
SA597_0213	cds	12.6729779456961	0.600472157771902	0.574589295906856	1.04504584761572	0.29600178024286	0.579540327633389
SA597_0214	cds	19.0436065790005	0.49053323848029	0.455344265865925	1.07727992917062	0.281355226152771	0.562710452305542
SA597_0215	cds	1.24013418431916	-0.337381003889201	1.78148268340734	-0.189382140523483	0.849793320983906	NA
SA597_0216	cds	9.4807403746829	-1.2811507606618	0.631068796423544	-2.03012851835246	0.0423434773811588	0.20023440998887
SA597_0217	cds	0.424010281244034	-2.55583308435556	3.29117372514098	-0.776571915615327	0.437411376281595	NA
SA597_0218	cds	8.06550253594111	-2.06555543656784	0.73871604481122	-2.79614264652354	0.00517165685911543	0.0544487646676682
SA597_0219	cds	37.2108346530716	-1.59240248238201	0.31720928943673	-5.02003735517847	5.16614321480239e-07	2.51548485479006e-05
SA597_0220	cds	0.412712978224895	1.44761013288905	2.94302091411983	0.491878982559658	0.622804896970728	NA
SA597_0221	cds	0.728966123906012	2.25195356921364	2.15812913210784	1.04347489485681	0.296728402217391	NA
SA597_0222	cds	3.16912670511305	2.37697235789298	1.31031938247912	1.81404044668542	0.0696714989896208	NA
SA597_0223	cds	0.0863782740423349	-0.589842747063684	4.08030001320842	-0.144558670968873	0.885059330175046	NA
SA597_0224	cds	2.72145376998141	0.370801923574014	1.16631877613611	0.317925022867626	0.750541811104889	NA
SA597_0225	cds	1.14559338550784	-3.3530800723773	2.06556642896692	-1.62332231263766	0.104520522200396	NA
SA597_0226	cds	0.307364738398894	1.05106504191408	3.23859054902674	0.324543972448122	0.745526236998209	NA
SA597_0227	cds	2.15675620628512	-0.999687787762369	1.25709995644874	-0.795233332587532	0.426477785639533	NA
SA597_0228	cds	0	NA	NA	NA	NA	NA
SA597_0229	cds	0.373371469235229	1.2326132470128	3.0862270177355	0.399391632543358	0.689604658413683	NA
SA597_0230	cds	0.181713348484813	-2.48889673675343	4.07674451622297	-0.61051084433894	0.54152346201155	NA
SA597_0231	cds	2.36831705771634	1.0669982360771	1.34381589399882	0.794006262942767	0.427191785320868	NA
SA597_0232	cds	0.32520994608126	-1.52805464581154	3.30151042816959	-0.462835020230033	0.64348262705709	NA
SA597_0233	cds	0.835598501367628	-1.40459756989117	2.13713899860722	-0.657232669848126	0.511031321978477	NA
SA597_0234	cds	0	NA	NA	NA	NA	NA
SA597_0235	cds	1.01155667700116	-0.810659638254606	1.83249704741096	-0.442379778674103	0.658214409285233	NA
SA597_0236	cds	0	NA	NA	NA	NA	NA
SA597_0237	cds	0.210800692753559	0.401023397354802	3.81291790908073	0.105174936077102	0.916236998512372	NA
SA597_0238	cds	0.800514984910203	0.749055282803485	2.06969724835905	0.361915388058505	0.717415260346179	NA
SA597_0239	cds	58.5456721813966	-0.593789163584385	0.25691061196523	-2.31126756128216	0.0208180806171981	0.131538145213427
SA597_0240	cds	6.96533287973495	-2.23365974505768	0.77037285308546	-2.89945282483869	0.00373814592730855	0.042569090355881
SA597_0241	cds	1.53620316351813	-1.56998280779628	1.50645306422313	-1.04217173776065	0.297332063683274	NA
SA597_0242	cds	0.882318010635315	-2.13616752852996	2.0412885588492	-1.04647993997196	0.295339501807935	NA
SA597_0243	cds	1.47210069590988	-1.95695423150251	1.62574294113934	-1.20372918865701	0.228694266712491	NA
SA597_0244	cds	11.7661070147388	-0.876885416887193	0.550631882417373	-1.59250752614888	0.111270713395005	0.365229753378899
SA597_0245	cds	0.637944208428534	0.26060939552626	2.21394973760301	0.11771242639339	0.906295520400192	NA
SA597_0246	cds	2.91068846816348	-1.02797490131233	1.2022834579504	-0.855018751621833	0.392540766840802	NA
SA597_0247	cds	0.494447610832087	-0.365179077771949	2.57790344639025	-0.141657391506768	0.887350632101918	NA
SA597_0248	cds	1.40093748380859	-1.17685490535023	1.57987993565672	-0.744901481935107	0.456331279203059	NA
SA597_0249	cds	9.39486822145571	-0.838928607074326	0.61905930433596	-1.3551667848272	0.175364424588686	0.458533469251146
SA597_0250	cds	4.22799526345777	-0.863607366410696	0.961230531822098	-0.898439383499036	0.368951347943795	0.659970336518067
SA597_0251	cds	0.0673040951571122	-0.591757537069432	4.08037509321427	-0.145025279184145	0.884690912881144	NA
SA597_0252	cds	0.153682369199447	0.151160703051939	4.04334970568065	0.0373850183771064	0.970178017923845	NA
SA597_0253	cds	0.153682369199447	0.151160703051939	4.04334970568065	0.0373850183771064	0.970178017923845	NA
SA597_0254	cds	0	NA	NA	NA	NA	NA
SA597_0255	cds	0.181713348484813	-2.48889673675343	4.07674451622297	-0.61051084433894	0.54152346201155	NA
SA597_0256	cds	0.570640113271422	-0.0706204708156288	2.32330744605559	-0.0303965241171697	0.975750816929102	NA
SA597_0257	cds	0.17275654808467	0.266607862849256	4.03713777391306	0.0660388319100744	0.947346909522635	NA
SA597_0258	cds	0.536010638834819	0.18366281692517	2.54367042494915	0.0722038575138292	0.942439675336801	NA
SA597_0259	cds	0.733279282871012	-0.900120617053088	2.13929928184124	-0.420754882074459	0.673934080671964	NA
SA597_0260	cds	0.484261839229087	-0.639529008261985	2.64969372083461	-0.241359596859574	0.809276424207635	NA
SA597_0261	cds	0	NA	NA	NA	NA	NA
SA597_0262	cds	0.634810973997593	-0.647636420152459	2.47546755717448	-0.26162185736406	0.793612991055194	NA
SA597_0263	cds	0.249017443641925	-1.52880116081559	3.61477840102551	-0.4229308110234	0.672345742225027	NA
SA597_0264	cds	0.181713348484813	-2.48889673675343	4.07674451622297	-0.61051084433894	0.54152346201155	NA
SA597_0265	cds	2.7136916646197	-0.979435737992107	1.15455324278304	-0.848324444207685	0.396257307869498	NA
SA597_0266	cds	0.870349991535698	-3.00202200862539	2.38349687799988	-1.25950322668119	0.207848625495641	NA
SA597_0267	cds	1.22940990692678	-0.701807184688612	1.72883303137374	-0.405942720871634	0.684784687399775	NA
SA597_0268	cds	4.31636878714459	-1.93858511779343	0.917767352295252	-2.11228380803175	0.0346621138251198	0.181518270070709
SA597_0269	cds	0.825027080861727	-1.04524089976777	2.20519568855809	-0.473990088585389	0.635506975101651	NA
SA597_0270	cds	1.23131417015486	-1.10946838646525	1.74086366900731	-0.637309173726339	0.523923476620645	NA
SA597_0271	cds	1.3932096546113	0.599943206996074	1.72806595281528	0.347176105182026	0.728459021025899	NA
SA597_0272	cds	0	NA	NA	NA	NA	NA
SA597_0273	cds	0	NA	NA	NA	NA	NA
SA597_0274	cds	0	NA	NA	NA	NA	NA
SA597_0275	cds	0.0673040951571122	-0.591757537069432	4.08037509321427	-0.145025279184145	0.884690912881144	NA
SA597_0276	cds	0	NA	NA	NA	NA	NA
SA597_0277	cds	0.134608190314224	0.0260717689886992	4.05060522065858	0.00643651197004588	0.994864441933606	NA
SA597_0278	cds	0.605723629728847	-3.42048237284618	2.64594948691907	-1.29272398802631	0.196106538147748	NA
SA597_0279	cds	7.32694170897081	0.318952889091245	0.71286645694362	0.447423056569024	0.654569631467297	0.8301133053608
SA597_0280	cds	0.0673040951571122	-0.591757537069432	4.08037509321427	-0.145025279184145	0.884690912881144	NA
SA597_0281	cds	0	NA	NA	NA	NA	NA
SA597_0282	cds	6.13098458720949	-1.13445228206007	0.785783557710525	-1.44372107424268	0.148817450934296	0.423674171537435
SA597_0283	cds	0.411588220123595	-0.433740587995967	2.78855334322204	-0.155543227835405	0.876393077720668	NA
SA597_0284	cds	0.0863782740423349	-0.589842747063684	4.08030001320842	-0.144558670968873	0.885059330175046	NA
SA597_0285	cds	0.897147423673459	-0.114060900436893	1.94922291963332	-0.0585160882770399	0.953337547860701	NA
SA597_0286	cds	0.210800692753559	0.401023397354802	3.81291790908073	0.105174936077102	0.916236998512372	NA
SA597_0287	cds	1.16035440542807	0.0910137875226091	1.82375325964482	0.0499046606449023	0.96019836327585	NA
SA597_0288	cds	0.427143515674975	-0.828139600180586	2.73852672326222	-0.302403329916781	0.762344616601714	NA
SA597_0289	cds	0.416957744071975	-1.59004903520421	3.04895045824276	-0.521507009372864	0.602013623973367	NA
SA597_0290	cds	0.63330056699339	-2.48030867273029	2.64451345078001	-0.937907376496312	0.348292012022877	NA
SA597_0291	cds	0	NA	NA	NA	NA	NA
SA597_0292	cds	0	NA	NA	NA	NA	NA
SA597_0293	cds	0.34076524163264	-1.59403081819311	3.2352685358705	-0.492704330573974	0.622221517293827	NA
SA597_0294	cds	0.494447610832087	-0.365179077771949	2.57790344639025	-0.141657391506768	0.887350632101918	NA
SA597_0295	cds	0	NA	NA	NA	NA	NA
SA597_0296	cds	0.697471427719562	-3.63234791704973	2.54387153785956	-1.42788181831934	0.153325877689418	NA
SA597_0297	cds	0	NA	NA	NA	NA	NA
SA597_0298	cds	0	NA	NA	NA	NA	NA
SA597_0299	cds	1.70190717443074	-0.615983170075053	1.47825107938724	-0.416697257092744	0.676899860898927	NA
SA597_0300	cds	1.50928217182969	0.984919799508308	1.599579569397	0.615736671280188	0.538068330164836	NA
SA597_0301	cds	1.55354414157554	1.35634432673425	1.67219439376353	0.811116417919325	0.417298818337323	NA
SA597_0302	cds	1.05076139975499	1.38868182480664	1.88770658990503	0.735644952575229	0.461946798090305	NA
SA597_0303	cds	0.354469896569483	-0.669498271178419	3.18374129863576	-0.210286643410788	0.833443959245847	NA
SA597_0304	cds	0.297178966795894	0.937987467754484	3.01414178604945	0.311195535689739	0.755651976669589	NA
SA597_0305	cds	0	NA	NA	NA	NA	NA
SA597_0306	cds	0.278104787910671	0.853807386329895	3.40645166405163	0.250644210026564	0.802089197828311	NA
SA597_0307	cds	0.143496597596447	-0.589842394113521	4.08029999937606	-0.144558584957899	0.885059398088552	NA
SA597_0308	cds	0.134608190314224	0.0260717689886992	4.05060522065858	0.00643651197004588	0.994864441933606	NA
SA597_0309	cds	0	NA	NA	NA	NA	NA
SA597_0310	cds	0.143496597596447	-0.589842394113521	4.08029999937606	-0.144558584957899	0.885059398088552	NA
SA597_0311	cds	0.153682369199447	0.151160703051939	4.04334970568065	0.0373850183771064	0.970178017923845	NA
SA597_0312	cds	0.762366627139758	0.655833138202642	2.2404594086274	0.292722615583753	0.769734181973351	NA
SA597_0313	cds	0.507979659549453	1.70375373668405	2.47725385432565	0.687759041613377	0.491604532786586	NA
SA597_0314	cds	1.08696967431371	1.20342706426002	2.00746538586152	0.599475872777532	0.548855594585	NA
SA597_0315	cds	0.181713348484813	-2.48889673675343	4.07674451622297	-0.61051084433894	0.54152346201155	NA
SA597_0316	cds	5.24258420863767	-0.124522484108229	0.832448288831606	-0.149585849089803	0.881091373347505	0.946274778676342
SA597_0317	cds	2.10812587060596	-0.282102771654534	1.33831047399333	-0.210790229275258	0.833050963159475	NA
SA597_0318	cds	1.72238754721861	-0.049205980181043	1.53524517021565	-0.0320508939781463	0.974431464198019	NA
SA597_0319	cds	1.1121928822741	-1.03163843754709	1.73644453089914	-0.594109641390562	0.552438782737149	NA
SA597_0320	cds	0.593301568608407	-1.08110049931827	2.48248731930986	-0.435490844569075	0.663206183089338	NA
SA597_0321	cds	0.17275654808467	0.266607862849256	4.03713777391306	0.0660388319100744	0.947346909522635	NA
SA597_0322	cds	0.786982936192838	-1.1525473173514	2.23076939887669	-0.516659103326311	0.605394149541724	NA
SA597_0323	cds	0.527053838434676	1.75317111696452	2.45404928066455	0.714399311691801	0.474980297485568	NA
SA597_0324	cds	0	NA	NA	NA	NA	NA
SA597_0325	cds	2.32918072808044	-0.417688465988279	1.2025415972426	-0.347338060443005	0.728337360445943	NA
SA597_0326	cds	0.939766816659571	2.60993796350884	1.99756331992153	1.30656081711161	0.191361911391274	NA
SA597_0327	cds	10.160409466112	1.20549404363066	0.65229688099767	1.84807574395709	0.0645913861979663	0.261173865930907
SA597_0328	cds	16.5975198812173	0.57081752902166	0.481307476054798	1.1859727043938	0.235633079092915	0.525933032535386
SA597_0329	cds	5.6672569986412	0.425969331153514	0.852748876192813	0.499524939927566	0.61740962152922	0.819575953452379
SA597_0330	cds	0	NA	NA	NA	NA	NA
SA597_0331	cds	0.0673040951571122	-0.591757537069432	4.08037509321427	-0.145025279184145	0.884690912881144	NA
SA597_0332	cds	0	NA	NA	NA	NA	NA
SA597_0333	cds	0	NA	NA	NA	NA	NA
SA597_0334	cds	0	NA	NA	NA	NA	NA
SA597_0335	cds	0	NA	NA	NA	NA	NA
SA597_0336	cds	1.63579623049285	-0.662398496517862	1.50282300679281	-0.440769467544615	0.659379899629632	NA
SA597_0337	cds	1.95380078251557	-0.713753028309817	1.38275286758918	-0.516182641916513	0.605726852513277	NA
SA597_0338	cds	15.0192464225131	-2.23907345740169	0.519633511700641	-4.30894737730389	1.64033388076638e-05	0.000481740160772442
SA597_0339	cds	0.278104787910671	0.853807386329895	3.40645166405163	0.250644210026564	0.802089197828311	NA
SA597_0340	cds	0.0863782740423349	-0.589842747063684	4.08030001320842	-0.144558670968873	0.885059330175046	NA
SA597_0341	cds	1.17747373059719	0.726989691626372	1.84513708457849	0.394003078525978	0.693578766370417	NA
SA597_0342	cds	0.153682369199447	0.151160703051939	4.04334970568065	0.0373850183771064	0.970178017923845	NA
SA597_0343	cds	53.5869352261669	0.795510784240941	0.297957606259114	2.66987909531377	0.00758785639113432	0.0730004114871198
SA597_0344	cds	15.8859497391997	1.8565636815832	0.580190119169082	3.19992295670611	0.00137464327713469	0.019667973042081
SA597_0345	cds	1.52305521988445	0.521765324066562	1.58326731533937	0.329549734913034	0.741740208293679	NA
SA597_0346	cds	7.14932181326581	-0.58323109050085	0.700201731963269	-0.83294722631655	0.404874493254583	0.677674661394742
SA597_0347	cds	16.6207619263361	-1.33219975724141	0.502037753789365	-2.65358480948097	0.00796417540674754	0.0740668312827521
SA597_0348	cds	1.68569438948405	0.107651004305768	1.49423241775443	0.0720443506824388	0.942566612787943	NA
SA597_0349	cds	6.40369861353247	-1.62385560745113	0.80258925433296	-2.0232710551311	0.0430452093938388	0.201842242367748
SA597_0350	cds	7.00561674893068	-1.47091728710923	0.697450931825791	-2.10899035328357	0.0349454143143911	0.181518270070709
SA597_0351	cds	10.7213939065024	-0.396559272731437	0.575277676953968	-0.689335408999659	0.490612220057658	0.760448941089369
SA597_0352	cds	42.4784577778102	-0.412642885342362	0.313278564765878	-1.31717561222467	0.187779766619729	0.470059844702035
SA597_0353	cds	66.2179082269732	-0.281624119236553	0.244163538867431	-1.15342413753866	0.248736338890734	0.538087846804562
SA597_0354	cds	0.269216380628449	0.867804197489092	3.86925197646256	0.224282161711907	0.822537755563737	NA
SA597_0355	cds	0.374668833556006	1.33979179983095	3.00005986556097	0.44658835485619	0.655172305216702	NA
SA597_0356	cds	2.40984580955465	-1.48590768690097	1.24083118079517	-1.19750995131243	0.231107851168728	NA
SA597_0357	cds	1.92558397032556	-1.81080152464847	1.40205589160058	-1.29153305192511	0.196518901773711	NA
SA597_0358	cds	0	NA	NA	NA	NA	NA
SA597_0359	cds	0	NA	NA	NA	NA	NA
SA597_0360	cds	0.273461146475528	-2.5609900062129	3.85473596947409	-0.664374947206125	0.506450363291634	NA
SA597_0361	cds	0	NA	NA	NA	NA	NA
SA597_0362	cds	0.673027724885959	-2.44688902118935	2.42719417250861	-1.008114245207	0.313399619693538	NA
SA597_0363	cds	0	NA	NA	NA	NA	NA
SA597_0364	cds	0	NA	NA	NA	NA	NA
SA597_0365	cds	0.249017443641925	-1.52880116081559	3.61477840102551	-0.4229308110234	0.672345742225027	NA
SA597_0366	cds	1.25072037532944	-1.8979742271819	1.82288278936772	-1.04119378286534	0.297785620575825	NA
SA597_0367	cds	0.440675564392341	1.48188053400623	2.63202787184915	0.56301855685332	0.573422247836651	NA
SA597_0368	cds	2.97824963330863	-0.665214811316502	1.06145960333637	-0.626698189196842	0.530857091078912	NA
SA597_0369	cds	0.507979659549453	1.70375373668405	2.47725385432565	0.687759041613377	0.491604532786586	NA
SA597_0370	cds	0	NA	NA	NA	NA	NA
SA597_0371	cds	0	NA	NA	NA	NA	NA
SA597_0372	cds	0	NA	NA	NA	NA	NA
SA597_0373	cds	0	NA	NA	NA	NA	NA
SA597_0374	cds	0	NA	NA	NA	NA	NA
SA597_0375	cds	0.273461146475528	-2.5609900062129	3.85473596947409	-0.664374947206125	0.506450363291634	NA
SA597_0376	cds	0	NA	NA	NA	NA	NA
SA597_0377	cds	0	NA	NA	NA	NA	NA
SA597_0378	cds	0	NA	NA	NA	NA	NA
SA597_0379	cds	0	NA	NA	NA	NA	NA
SA597_0380	cds	2.97871686147905	-1.57953775885517	1.18579140505177	-1.3320536412441	0.18284256244414	NA
SA597_0381	cds	1.51465169577807	0.742615517882253	1.66476781917776	0.446077530648711	0.655541242846604	NA
SA597_0382	cds	0.0673040951571122	-0.591757537069432	4.08037509321427	-0.145025279184145	0.884690912881144	NA
SA597_0383	cds	0.829843328516347	-0.350448152887844	1.99840207673009	-0.175364185700442	0.860793480146852	NA
SA597_0384	cds	3.16484611928234	2.53055627485023	1.44053830570218	1.75667406054622	0.0789733813478112	NA
SA597_0385	cds	0	NA	NA	NA	NA	NA
SA597_0386	cds	0	NA	NA	NA	NA	NA
SA597_0387	cds	0	NA	NA	NA	NA	NA
SA597_0388	cds	0	NA	NA	NA	NA	NA
SA597_0389	cds	0	NA	NA	NA	NA	NA
SA597_0390	cds	0.0673040951571122	-0.591757537069432	4.08037509321427	-0.145025279184145	0.884690912881144	NA
SA597_0391	cds	0.491314376401146	-1.58930220093791	2.89307994439657	-0.549346105701688	0.582767952266608	NA
SA597_0392	cds	0	NA	NA	NA	NA	NA
SA597_0393	cds	0	NA	NA	NA	NA	NA
SA597_0394	cds	0	NA	NA	NA	NA	NA
SA597_0395	cds	0.510388555286369	-1.58727364485414	2.85899609594257	-0.555185663634437	0.578767673886585	NA
SA597_0396	cds	2.227647577894	-1.19193257576216	1.29494210470364	-0.920452405889558	0.357336393506419	NA
SA597_0397	cds	4.43259958349751	0.591969935759211	0.961913653573677	0.61540860092789	0.538284912739837	0.78505316215821
SA597_0398	cds	1.65319237498301	-0.720276861733413	1.54910616908896	-0.464962877371416	0.641958041178186	NA
SA597_0399	cds	0.411588220123595	-0.433740587995967	2.78855334322204	-0.155543227835405	0.876393077720668	NA
SA597_0400	cds	2.46545372610456	-1.86235663247667	1.27423137723749	-1.46155295321186	0.143863754673109	NA
SA597_0401	cds	2.61291867311092	-0.00765324558459036	1.23423553491605	-0.00620079828208065	0.995052510491174	NA
SA597_0402	cds	1.55319892913658	3.32951832070566	1.71820392260351	1.93778996596667	0.0526488524452467	NA
SA597_0403	cds	1.60707518867788	2.16260678495953	1.68971708971087	1.27986323753734	0.200593238774196	NA
SA597_0404	cds	1.92199515005459	1.47966581348187	1.47335046577325	1.00428638525275	0.315240594110923	NA
SA597_0405	cds	7.17919924512751	3.65282255440672	1.15550051753093	3.16124700853623	0.00157095218653058	0.0213802760996113
SA597_0406	cds	0.307364738398894	1.05106504191408	3.23859054902674	0.324543972448122	0.745526236998209	NA
SA597_0407	cds	3.54986010397566	0.980354666689066	1.07954013996225	0.908122477709207	0.363813515903725	NA
SA597_0408	cds	3.92362583231864	1.82027863228075	1.17000679450782	1.55578466793987	0.119759305166249	NA
SA597_0409	cds	13.455349625428	0.150824472388138	0.52630344746627	0.286573217626138	0.774439123900072	0.896474092694214
SA597_0410	cds	0.210800692753559	0.401023397354802	3.81291790908073	0.105174936077102	0.916236998512372	NA
SA597_0411	cds	0.143496597596447	-0.589842394113521	4.08029999937606	-0.144558584957899	0.885059398088552	NA
SA597_0412	cds	0.545140045454438	-3.53627145687089	2.96195476613724	-1.19389786005498	0.232517924718851	NA
SA597_0413	cds	0.478892315280707	-0.0188308393664429	2.43644570570629	-0.00772881551283497	0.993833358822706	NA
SA597_0414	cds	1.66616771239721	-2.42125912544929	1.56768005413875	-1.54448550841547	0.122470759265723	NA
SA597_0415	cds	0	NA	NA	NA	NA	NA
SA597_0416	cds	38.9468679901327	2.68492187305471	0.413671572572588	6.49046744101224	8.55704579916438e-11	1.19370788898343e-08
SA597_0417	cds	14.1122418089721	2.28727373416434	0.643523521530216	3.55429701889606	0.000378990934940837	0.00755274791774953
SA597_0418	cds	21.7137011054997	-2.36916293893477	0.442121967484733	-5.35861846542738	8.38607406806057e-08	6.68489904282543e-06
SA597_0419	cds	11.4275311035118	-0.622600168871805	0.576251390332144	-1.08043152574946	0.279950063518916	0.562710452305542
SA597_0420	cds	7.75310381596372	-0.174213382256199	0.696317672085199	-0.250192389537519	0.80243857041269	0.902743391714277
SA597_0421	cds	0.134608190314224	0.0260717689886992	4.05060522065858	0.00643651197004588	0.994864441933606	NA
SA597_0422	cds	0.416957744071975	-1.59004903520421	3.04895045824276	-0.521507009372864	0.602013623973367	NA
SA597_0423	cds	11.5622399160869	-0.420991811080839	0.551143247074251	-0.763851890258438	0.444955509987844	0.718768665474825
SA597_0424	cds	8.59333289129226	1.0671129509027	0.769274625559737	1.38716774926282	0.165390617145189	0.447999827024348
SA597_0425	cds	13.9315434018495	0.437177044439874	0.519346015020679	0.841783766112976	0.399909000380411	0.677591894909377
SA597_0426	cds	1.55226154775913	0.572251245197967	1.67601049223661	0.34143655296233	0.73277496130469	NA
SA597_0427	cds	0.646832615710756	0.194385937471823	2.41087333199941	0.0806288471865143	0.935737124149796	NA
SA597_0428	cds	5.27848309074108	0.430405699439566	0.854216633154765	0.50386012486084	0.614359673250527	0.819575953452379
SA597_0429	cds	0.316321538799037	-0.89703510255552	3.30285119618121	-0.271594161914615	0.785934088898211	NA
SA597_0430	cds	0.422898749827896	1.52173510345236	2.90707843368853	0.523458564384715	0.60065517865519	NA
SA597_0431	cds	0.0863782740423349	-0.589842747063684	4.08030001320842	-0.144558670968873	0.885059330175046	NA
SA597_0432	cds	0.556382182040819	0.420735077908806	2.43429090721882	0.172836811188478	0.862779701307166	NA
SA597_0433	cds	0.201912285471336	0.469275494969938	4.02726832755294	0.116524516571033	0.907236857029302	NA
SA597_0434	cds	1.42531279352427	-0.693736257713639	1.63218631716688	-0.425034967158539	0.670811184439765	NA
SA597_0435	cds	9.21518980267087	-0.0525936454429056	0.626378538973859	-0.0839646350736491	0.933084549565684	0.965976212722916
SA597_0436	cds	9.72762265427051	-0.0692022343431886	0.596516737309576	-0.116010549268586	0.90764418114289	0.961659461539588
SA597_0437	cds	1.55640210050465	-0.562897591470768	1.5303870300768	-0.36781388002388	0.713012018692071	NA
SA597_0438	cds	2.75023038111301	-1.41436525751634	1.19658000822448	-1.18200642480649	0.237203151582273	NA
SA597_0439	cds	11.4527265984912	-1.47737324989165	0.592307434125573	-2.49426761302212	0.012621734406753	0.0961969229533946
SA597_0440	cds	5.0665902130205	-0.364417556218041	0.808335422809252	-0.450824677398846	0.65211591409065	0.8301133053608
SA597_0441	cds	8.57485431297527	-0.0709875514053246	0.652148794760624	-0.108851771214852	0.913320060247302	0.962987208412805
SA597_0442	cds	8.747944578793	-1.07567390140348	0.648982470391289	-1.65747759065807	0.0974229558450234	0.333509259886645
SA597_0443	cds	9.33334571198465	-0.697073429501596	0.619587751952344	-1.12506005372942	0.260563587167739	0.551125459143498
SA597_0444	cds	0	NA	NA	NA	NA	NA
SA597_0445	cds	11.070917835567	0.417875290903972	0.591949134284792	0.705931078704693	0.480230999217078	0.754841964966562
SA597_0446	cds	6.28529538875051	1.60863887827187	0.866510047225408	1.85645727181442	0.0633884079271023	0.258180522797979
SA597_0447	cds	101.914331987051	0.670958746233511	0.210670511704324	3.18487262790343	0.00144817733554111	0.0202020738307984
SA597_0448	cds	1.82690107494951	0.731161286084375	1.40484305942857	0.520457627759347	0.602744653357378	NA
SA597_0449	cds	13.9958560681757	0.606290591313911	0.558899730946852	1.08479313505264	0.278013286714645	0.562070340531783
SA597_0450	cds	3.90734579518936	0.119220799287376	0.959823409359047	0.124211181061931	0.901148069591769	NA
SA597_0451	cds	5.96360741364152	0.0353227382318914	0.865240684864896	0.0408241762665228	0.967436065548664	0.986890904161159
SA597_0452	cds	1.64177305623241	1.0191601756948	1.73191961316478	0.588456974531553	0.55622560513724	NA
SA597_0453	cds	1.15617803269891	0.504659147360064	1.75488427456523	0.287574032472935	0.773672824641883	NA
SA597_0454	cds	7.59436415923669	-0.733883364930634	0.672928812346122	-1.09058098191991	0.275457301669131	0.562070340531783
SA597_0455	cds	0.547425381640676	1.87921382754575	2.6149441498621	0.718643963254378	0.472360318261152	NA
SA597_0456	cds	1.09899131602687	1.48722815720686	1.85297521366699	0.802616325484287	0.42219652939089	NA
SA597_0457	cds	44.8062651659399	0.131733608779184	0.292712526434628	0.450044316120529	0.652678486581824	0.8301133053608
SA597_0458	cds	13.9812503955829	1.35598935208564	0.568719685775624	2.38428418428374	0.0171123819212551	0.119358863900754
SA597_0459	cds	29.5293171773567	1.27251457185212	0.381636757504406	3.33436061078952	0.000854957389092459	0.0144565522155634
SA597_0460	cds	2.77300429740809	-0.16015931555361	1.18354744736667	-0.135321415216564	0.892357753915724	NA
SA597_0461	cds	0.268091622527148	-1.52728953514846	3.52028221276744	-0.433854288616195	0.664394255821853	NA
SA597_0462	cds	2.15982104759814	-0.127902198965596	1.27250369730028	-0.10051224152586	0.919937664722013	NA
SA597_0463	cds	14.1810281141974	0.546651462318206	0.511111802404494	1.06953402317559	0.284829106429901	0.563598019105974
SA597_0464	cds	0.134608190314224	0.0260717689886992	4.05060522065858	0.00643651197004588	0.994864441933606	NA
SA597_0465	cds	4.00451370761647	-0.0515271816735586	0.968768106040072	-0.0531883547283371	0.957581834062929	NA
SA597_0466	cds	0.667204158916757	0.43641192562232	2.30708677999932	0.189161469523244	0.849966265295251	NA
SA597_0467	cds	3.06900945943389	-1.9929798101307	1.09759781423816	-1.81576510473831	0.0694064122826421	NA
SA597_0468	cds	31.4826365638279	2.33588793233333	0.427593118499126	5.46287540953049	4.68483414325726e-08	4.35689575322925e-06
SA597_0469	cds	13.1922248661069	2.41766082643044	0.664759822833631	3.63689372219401	0.000275945718216537	0.00570287817647511
SA597_0470	cds	29.7307954104223	2.48758825323629	0.450780280071759	5.51840522580156	3.42089878254259e-08	3.81772304131753e-06
SA597_0471	cds	115.101633409165	2.0480234769275	0.225405544162713	9.0859498799599	1.02797099989913e-19	5.73607817943712e-17
SA597_0472	cds	7.77227454436733	1.78091959249304	0.77885510605189	2.28658652765433	0.0222199683426192	0.137763803724239
SA597_0473	cds	3.73569465875687	2.05534505458629	1.15475973483905	1.77988978362912	0.0750939999874738	NA
SA597_0474	cds	14.0102947724112	0.00276448045260832	0.500820604558091	0.00551990159240276	0.995595778107885	0.999638681024635
SA597_0475	cds	3.17279714518711	1.04098815160135	1.16555736588497	0.893124767660803	0.371790360731444	NA
SA597_0476	cds	4.40657250459704	2.03884853383445	1.14883332140123	1.77471221965226	0.0759454166154319	0.288843326906135
SA597_0477	cds	1.31691293907041	0.477386470744158	1.77565187257392	0.26885138811143	0.788044046657486	NA
SA597_0478	cds	6.78899268995441	1.51981676959848	0.828612086250486	1.83417161639016	0.0666285232928461	0.265562257124344
SA597_0479	cds	2.09064371852802	1.21460255007358	1.48563226944303	0.817566079477356	0.413605003014697	NA
SA597_0480	cds	1.2638667751439	-0.0413832319747621	1.71922296371397	-0.0240708929837487	0.980796060627097	NA
SA597_0481	cds	0.546196410437819	0.306229815257112	2.30940460565583	0.132601197082201	0.894508785647646	NA
SA597_0482	cds	0.633803655683011	2.08812524306845	2.4918230198259	0.837990991516862	0.402035762945337	NA
SA597_0483	cds	7.84618325443964	0.587344214614886	0.686259876439683	0.855862676486389	0.392073741882865	0.677328631488046
SA597_0484	cds	15.3188418985491	0.710033679055294	0.536603256647438	1.32320046563155	0.185768721212117	0.470059844702035
SA597_0485	cds	37.2820422410001	1.31596106882464	0.358667255229181	3.66903041646155	0.000243472113573956	0.00522528612977951
SA597_0486	cds	25.198106741037	1.15295486027501	0.419421674090436	2.74891578451525	0.00597927465468488	0.0617858380984105
SA597_0487	cds	22.6402777407551	1.1548180826066	0.437667422617561	2.63857445843233	0.00832554151235277	0.0761582321949646
SA597_0488	cds	1.10363495746202	2.8695428409829	1.8898967989104	1.51835954356731	0.128923784630842	NA
SA597_0489	cds	129.871056027115	1.00286158750792	0.193250087375447	5.18944959419116	2.10916586838309e-07	1.17691455455776e-05
SA597_0490	cds	121.730350802442	0.714453450483523	0.19170779301835	3.72678355550804	0.000193938865590906	0.00450907862498857
SA597_0491	cds	11.7800923896041	0.322684848162139	0.611277160107621	0.527886316094859	0.597578242830762	0.810751084938933
SA597_0492	cds	21.2158109542853	0.681825982395003	0.425713399424912	1.60160799100068	0.109242322632636	0.360693585970479
SA597_0493	cds	28.5656511330297	0.806411800773379	0.392776125235674	2.0531079894164	0.0400621052820964	0.196623074811557
SA597_0494	cds	186.900451411643	0.566194489934181	0.163961344950052	3.45321935549299	0.000553938360305313	0.0103032535016788
SA597_0495	cds	224.249216621488	0.420035041664632	0.169756188331918	2.47434303156804	0.013348146315657	0.0974784251582178
SA597_0496	cds	1.69218867153373	0.548216889757424	1.49886911332072	0.365753677145872	0.714548888547564	NA
SA597_0497	cds	6.79289244649992	-0.578942686972918	0.744093076141587	-0.778051436757026	0.4365386904213	0.713670135560668
SA597_0498	cds	7.44191941198052	0.465441881108215	0.748063052411745	0.622196056345299	0.533812958877631	0.78505316215821
SA597_0499	cds	0.650419892162519	-0.798796779019382	2.61490205931561	-0.30547866072982	0.760001620015946	NA
SA597_0500	cds	4.82243920463734	-1.14287844577666	0.887668684972623	-1.28750564836238	0.197918102143801	0.486512339190488
SA597_0501	cds	10.3877743165508	0.534257826180785	0.599432214359806	0.891273130442902	0.372782659902185	0.662460905176494
SA597_0502	cds	4.01163309408724	0.719759695612908	0.964279250515117	0.7464224655134	0.455412252470593	NA
SA597_0503	cds	0.66173042186682	0.737816949980974	2.35607736994299	0.313154805268057	0.754163052874027	NA
SA597_0504	cds	0	NA	NA	NA	NA	NA
SA597_0505	cds	1.15728956411505	-1.62176706307917	1.77148628632985	-0.915483837269289	0.359937683683901	NA
SA597_0506	cds	1.52059270153399	2.05742528159506	1.67915016449043	1.22527771792193	0.220470600795666	NA
SA597_0507	cds	1.21804421078972	1.82946682003092	1.77866583973315	1.02856128406075	0.30368587886717	NA
SA597_0508	cds	3.31660752302357	-1.87544643943946	1.08956528327052	-1.72127954904178	0.0852001087079717	NA
SA597_0509	cds	6.82423388291601	-0.69583359264833	0.701154015541218	-0.992411905551476	0.320996633627129	0.612680437313158
SA597_0510	cds	25.7661743256259	-1.71310808025795	0.416598105274263	-4.11213603367241	3.92015187953425e-05	0.00109372237439005
SA597_0511	cds	0.970206691681853	-0.584799354346672	1.86301752704488	-0.313899008386831	0.753597743541474	NA
SA597_0512	cds	1.34671139534802	0.759448699430573	1.6244986511074	0.467497279183868	0.640144138258985	NA
SA597_0513	cds	10.1565503897034	2.19429401340942	0.739287104741917	2.96812158542309	0.00299625784318231	0.0355725931169304
SA597_0514	cds	6.58967974960495	1.69904347860794	0.835365491116274	2.0338923461365	0.041962450837088	0.200128611684574
SA597_0515	cds	2.49091683300256	2.91655190884545	1.51697948653371	1.92260471201872	0.054529711794835	NA
SA597_0516	cds	0.614625263696232	2.03581446971884	2.58228569853353	0.788376929351765	0.430476261399616	NA
SA597_0517	cds	5.89489517787867	-0.0244710062375608	0.785294968832152	-0.0311615472004778	0.975140705899647	0.992935244328473
SA597_0518	cds	8.80286381403071	0.864229063924876	0.696492313630887	1.24083072707516	0.214668287574138	0.49703279861564
SA597_0519	cds	0	NA	NA	NA	NA	NA
SA597_0520	cds	4.41784831471748	-1.4579607944476	0.938148968733289	-1.55408239313654	0.120164764439046	0.380629088367789
SA597_0521	cds	0	NA	NA	NA	NA	NA
SA597_0522	cds	0.705248303585646	0.526643028651253	2.14034506837134	0.246055197563071	0.805639504150433	NA
SA597_0523	cds	0	NA	NA	NA	NA	NA
SA597_0524	cds	0	NA	NA	NA	NA	NA
SA597_0525	cds	0.416957744071975	-1.59004903520421	3.04895045824276	-0.521507009372864	0.602013623973367	NA
SA597_0526	cds	7.00546061624572	-0.247522414577391	0.744316502798957	-0.332549948370885	0.739474030200091	0.877928742237555
SA597_0527	cds	0.249017443641925	-1.52880116081559	3.61477840102551	-0.4229308110234	0.672345742225027	NA
SA597_0528	cds	0	NA	NA	NA	NA	NA
SA597_0529	cds	1.45519441342418	-2.65642046240533	1.80587476044594	-1.47098819950801	0.141294308203295	NA
SA597_0530	cds	4.05102475014548	-1.53880045141289	0.998154412927466	-1.5416456927739	0.123159715536725	NA
SA597_0531	cds	0.644996745600593	-0.348951643903902	2.40670073286624	-0.144991705507282	0.884717420633955	NA
SA597_0532	cds	1.15040963316246	-1.92027274319935	1.79427594113758	-1.0702215301298	0.284519605416505	NA
SA597_0533	cds	2.60376663265726	-0.22191877496149	1.1593999403463	-0.191408302897795	0.848205715557114	NA
SA597_0534	cds	22.6217026129197	0.0934331050999042	0.396025120964551	0.235927218132881	0.813489147321675	0.906803897661523
SA597_0535	cds	6.63187917698817	0.294675859371481	0.735769753596335	0.400500099292134	0.688788210360929	0.852203595080706
SA597_0536	cds	0.973408319230714	-0.918829249947664	2.04341146307704	-0.449654544153363	0.652959552227331	NA
SA597_0537	cds	3.09886352556369	-0.122318134791583	1.11500205687803	-0.109702160670511	0.912645586793769	NA
SA597_0538	cds	0.855797438354152	0.529979150932618	2.05579419493543	0.257797766059586	0.796562988657522	NA
SA597_0539	cds	0.50815226576893	0.203729880962668	2.54938204686526	0.0799134367534969	0.936306103025561	NA
SA597_0540	cds	6.23607462769855	5.36005110087885	1.34850261513663	3.97481698642147	7.04333962536375e-05	0.00178644705043317
SA597_0541	cds	0.756928710073457	2.27241633496929	2.19167785697706	1.03683866118153	0.299811054389318	NA
SA597_0542	cds	0.570640113271422	-0.0706204708156288	2.32330744605559	-0.0303965241171697	0.975750816929102	NA
SA597_0543	cds	1.10905964784316	-2.0517921645722	1.85966989016077	-1.10330988065566	0.269892617224344	NA
SA597_0544	cds	0.181713348484813	-2.48889673675343	4.07674451622297	-0.61051084433894	0.54152346201155	NA
SA597_0545	cds	0	NA	NA	NA	NA	NA
SA597_0546	cds	0.181713348484813	-2.48889673675343	4.07674451622297	-0.61051084433894	0.54152346201155	NA
SA597_0547	cds	1.30208352603227	-0.844086317561677	1.66240262959204	-0.507750831559271	0.611628095429204	NA
SA597_0548	cds	4.78355019384928	-0.399839637133693	0.888379525950024	-0.450077501173959	0.652654559024682	0.8301133053608
SA597_0549	cds	0.408069336789752	-0.950587951266581	3.02254430490958	-0.314499261341685	0.753141877387954	NA
SA597_0550	cds	8.22566331628608	0.165342104174678	0.675712869226302	0.244692844704877	0.806694268753832	0.905303651110223
SA597_0551	cds	1.37659301524793	-0.597360480638949	1.81883327073074	-0.328430588032377	0.742586118570304	NA
SA597_0552	cds	18.9568810797224	-0.729533286993268	0.432986435255368	-1.68488716410481	0.0920103435222955	0.322904224436735
SA597_0553	cds	0.459818136395484	-0.0953091964398681	2.64717540981159	-0.0360041106783519	0.971279081233605	NA
SA597_0554	cds	5.02196234370475	-0.809286104453014	0.842966336114039	-0.960045579262053	0.337032275908814	0.619804600377311
SA597_0555	cds	0	NA	NA	NA	NA	NA
SA597_0556	cds	1.00259987660102	0.16831868468217	1.88232416356187	0.0894206683102156	0.928747598331423	NA
SA597_0557	cds	0.181713348484813	-2.48889673675343	4.07674451622297	-0.61051084433894	0.54152346201155	NA
SA597_0558	cds	1.30783869888355	-1.75180441880827	1.80304171309877	-0.971582856947637	0.33125811439496	NA
SA597_0559	cds	1.32467658825134	-0.516865035137961	1.60540791384464	-0.321952464965848	0.747488706121501	NA
SA597_0560	cds	10.3895789575994	-1.58309828917941	0.60744835166547	-2.60614467853761	0.00915677747187676	0.0810203342653928
SA597_0561	cds	0.657086780431677	-1.1789175446494	2.37201411616877	-0.497011184129697	0.619181164474185	NA
SA597_0562	cds	0.574227389723185	-1.21376240925642	2.50167412201806	-0.48518006345179	0.627548622779595	NA
SA597_0563	cds	6.01483049072359	-0.888422632040186	0.770340729299761	-1.15328529084495	0.248793305511787	0.538087846804562
SA597_0564	cds	0	NA	NA	NA	NA	NA
SA597_0565	cds	0	NA	NA	NA	NA	NA
SA597_0566	cds	0	NA	NA	NA	NA	NA
SA597_0567	cds	0.0673040951571122	-0.591757537069432	4.08037509321427	-0.145025279184145	0.884690912881144	NA
SA597_0568	cds	0.536183245054295	-1.27546881010051	2.75693185481522	-0.462640673498258	0.643621949270086	NA
SA597_0569	cds	0.0863782740423349	-0.589842747063684	4.08030001320842	-0.144558670968873	0.885059330175046	NA
SA597_0570	cds	0	NA	NA	NA	NA	NA
SA597_0571	cds	1.54956260601602	0.391172725870687	1.7639776874389	0.221756050916169	0.824503793895556	NA
SA597_0572	cds	0	NA	NA	NA	NA	NA
SA597_0573	cds	0.345408883067783	1.18143587151546	3.13737802260879	0.376567905748595	0.706494742389515	NA
SA597_0574	cds	0	NA	NA	NA	NA	NA
SA597_0575	cds	14.2472582414877	2.06720788821228	0.616362124734443	3.35388533015868	0.000796853780701195	0.0138951378009771
SA597_0576	cds	3.11526671935977	-1.25676860132272	1.03845546201593	-1.21022869761115	0.226191149111573	NA
SA597_0577	cds	2.40623589926885	-2.21826392449622	1.45317259265809	-1.52649722111718	0.126886081983975	NA
SA597_0578	cds	1.9490887479625	-1.00711555457172	1.34523785486653	-0.748652404426751	0.45406673773944	NA
SA597_0579	cds	2.36946116226676	-0.892103524975509	1.2047973426987	-0.740459406207879	0.459021283876633	NA
SA597_0580	cds	0.50333601811431	-0.501542051283748	2.62477003397838	-0.191080378391686	0.848462620170462	NA
SA597_0581	cds	1.10689175144364	-1.51739725824583	1.79840419333914	-0.84374650807972	0.398811072650767	NA
SA597_0582	cds	5.34266717815241	1.07217516070402	0.886779569067342	1.20906615139055	0.226637432041967	0.509934222094425
SA597_0583	cds	1.48909800534754	-0.755337328453779	1.5581710872945	-0.484758916792182	0.627847368288943	NA
SA597_0584	cds	0.998237670967219	-2.02882656385808	1.98672403408342	-1.02119193660134	0.307163511868406	NA
SA597_0585	cds	0.83985649389987	0.940564270900689	2.03981532937196	0.461102658342253	0.644724954605367	NA
SA597_0586	cds	0.876948486686935	-1.45601674774108	1.98223002481028	-0.73453470561795	0.462622916247097	NA
SA597_0587	cds	1.04528766270505	1.56380948871342	1.87130909117424	0.835676744204845	0.403336781704872	NA
SA597_0588	cds	8.65156024628835	0.201325314585775	0.703383266051189	0.286224202796322	0.774706407681482	0.896474092694214
SA597_0589	cds	8.40776345460914	-1.02262068719693	0.648100744375531	-1.57787303296845	0.114594781364264	0.370065692713684
SA597_0590	cds	1.73380229002447	0.845674310315581	1.51397129630897	0.558580147706445	0.576448291788248	NA
SA597_0591	cds	3.33205746453805	1.04054012065352	1.1214705371874	0.927835450107451	0.353492932112556	NA
SA597_0592	cds	2.41100484382037	1.89730195120181	1.39613672715154	1.35896571897566	0.174157451932417	NA
SA597_0593	cds	1.20008156332063	0.0934391405825707	1.71135708577168	0.0545994412033754	0.95645758395142	NA
SA597_0594	cds	1.66840245809544	0.260413440518368	1.46270683320095	0.178035293612792	0.858695258197821	NA
SA597_0595	cds	0.49909125226723	1.72643194670119	2.49475232060502	0.692025389631667	0.488921384573204	NA
SA597_0596	cds	1.93689450002986	-0.823660068060157	1.38132925151631	-0.59628076880006	0.550987676147529	NA
SA597_0597	cds	2.58607930122557	2.96252615216279	1.50350108197509	1.9704183706147	0.0487904418729427	NA
SA597_0598	cds	0.134608190314224	0.0260717689886992	4.05060522065858	0.00643651197004588	0.994864441933606	NA
SA597_0599	cds	1.57911260251044	2.15432157694314	1.70641820716965	1.26248159325281	0.206775545561966	NA
SA597_0600	cds	1.04639919412119	-0.404208839375095	1.84280742683564	-0.219344047288315	0.826382052432865	NA
SA597_0601	cds	0.0863782740423349	-0.589842747063684	4.08030001320842	-0.144558670968873	0.885059330175046	NA
SA597_0602	cds	1.03510189110205	1.51653993750969	1.9101389307779	0.793942217015641	0.427229071082861	NA
SA597_0603	cds	0.963085761391873	1.1304911998101	2.11602090935349	0.534253321795153	0.593166282303585	NA
SA597_0604	cds	0.904979465972301	-3.14287181052807	2.16474003035621	-1.45184722712912	0.146544088915144	NA
SA597_0605	cds	0.596766829328704	-0.725342483091249	2.70304590754729	-0.268342643040575	0.78843558502304	NA
SA597_0606	cds	1.45911217234608	0.636087697101304	1.633963364156	0.389291284648764	0.697060682687134	NA
SA597_0607	cds	0.920796850875905	2.59226329741523	2.00590560541684	1.29231569542204	0.196247838667221	NA
SA597_0608	cds	1.60815090011039	-0.186266883734126	1.44040880074696	-0.129315291351687	0.897108172276742	NA
SA597_0609	cds	1.70230605001881	1.27918040056979	1.50917884298503	0.847600273828174	0.396660621805245	NA
SA597_0610	cds	8.40426566129012	-0.13207523768406	0.678654100564421	-0.19461348214682	0.845695547641196	0.923479678246159
SA597_0611	cds	0.359839420517863	-1.59166982809088	3.17603717528783	-0.501149621445044	0.616265826536178	NA
SA597_0612	cds	0.421601385507118	1.43038837998445	2.91586397351156	0.490553878019845	0.623742014245673	NA
SA597_0613	cds	0.692101903771182	-2.44457857101014	2.40943409689053	-1.01458619439517	0.310303122972866	NA
SA597_0614	cds	5.49416842426718	0.398516023426701	0.806568642152567	0.494088168817403	0.621243913068459	0.821455221545498
SA597_0615	cds	2.15451991676768	-0.428016886830524	1.24170383033589	-0.344701269637498	0.73031896354238	NA
SA597_0616	cds	2.05084971133674	-0.481751837189932	1.37059867214484	-0.351490080196884	0.725220713197984	NA
SA597_0617	cds	4.18970857563228	0.714969978776205	0.977498357507195	0.731428317280772	0.464517574078293	NA
SA597_0618	cds	4.88466884121645	0.58325668403427	0.920714124237507	0.633482933171353	0.526418322496407	0.784185216047418
SA597_0619	cds	0.652773621466678	2.12066939845452	2.25851098957379	0.938967934291396	0.347747207914594	NA
SA597_0620	cds	0.273461146475528	-2.5609900062129	3.85473596947409	-0.664374947206125	0.506450363291634	NA
SA597_0621	cds	0	NA	NA	NA	NA	NA
SA597_0622	cds	0	NA	NA	NA	NA	NA
SA597_0623	cds	0.34076524163264	-1.59403081819311	3.2352685358705	-0.492704330573974	0.622221517293827	NA
SA597_0624	cds	0	NA	NA	NA	NA	NA
SA597_0625	cds	1.00242727038154	1.26856274507765	1.8926828819664	0.670245796147148	0.502701114372326	NA
SA597_0626	cds	0.608856864159788	-1.55541142896962	2.29553140435518	-0.677582291411316	0.498036577285938	NA
SA597_0627	cds	1.84004901858318	-0.887732409365654	1.5064796078345	-0.589276087607805	0.55567608310179	NA
SA597_0628	cds	0.771496033759378	-2.0951839353628	2.23834735358682	-0.936040571185429	0.34925229919253	NA
SA597_0629	cds	1.85363468991409	0.0821405042841057	1.38225441048543	0.059425026001732	0.952613580411369	NA
SA597_0630	cds	1.68290138866344	-1.28933748233136	1.44950143634344	-0.88950410810484	0.373732216365887	NA
SA597_0631	cds	16.5146825217125	-0.592790099013532	0.473978106091395	-1.2506697912735	0.211054976221524	0.49437187112094
SA597_0632	cds	0.268091622527148	-1.52728953514846	3.52028221276744	-0.433854288616195	0.664394255821853	NA
SA597_0633	cds	1.00137090539816	-0.973283480683483	1.77948786133985	-0.54694583864745	0.584415942458234	NA
SA597_0634	cds	0	NA	NA	NA	NA	NA
SA597_0635	cds	1.06860660743735	0.214282865348417	1.77922231656455	0.12043625091336	0.904137576306912	NA
SA597_0636	cds	1.49732892323445	-0.125164824878626	1.54910881565062	-0.0807979553237886	0.935602634170159	NA
SA597_0637	cds	0.273461146475528	-2.5609900062129	3.85473596947409	-0.664374947206125	0.506450363291634	NA
SA597_0638	cds	0.510388555286369	-1.58727364485414	2.85899609594257	-0.555185663634437	0.578767673886585	NA
SA597_0639	cds	0.644996745600593	-0.348951643903902	2.40670073286624	-0.144991705507282	0.884717420633955	NA
SA597_0640	cds	1.3378229880658	0.788665121757509	1.61658056284844	0.487860079406046	0.625648952609233	NA
SA597_0641	cds	0.143496597596447	-0.589842394113521	4.08029999937606	-0.144558584957899	0.885059398088552	NA
SA597_0642	cds	0.836723259468929	0.46978795793393	2.22086514607307	0.211533761410326	0.832470790401644	NA
SA597_0643	cds	2.43591581535996	2.93077420175011	1.51500551574793	1.93449738056117	0.0530520038154568	NA
SA597_0644	cds	2.33186493985474	2.8899995990501	1.5349247286192	1.88282822288616	0.0597236509652853	NA
SA597_0645	cds	8.65057730537351	3.29609694011353	0.981820690881463	3.35712719310727	0.00078756873207618	0.0138951378009771
SA597_0646	cds	1.76966531160868	-1.36259870334428	1.39249918383658	-0.978527470005461	0.327813511865045	NA
SA597_0647	cds	7.41410450750411	0.760315950448183	0.729209456785031	1.04265783085191	0.297106794848925	0.579669900439511
SA597_0648	cds	1.38572242186755	-2.41214911325736	1.80669372672038	-1.33511788831859	0.181837765633691	NA
SA597_0649	cds	1.06089812468919	-4.33888781791307	2.03915467900722	-2.1277874908565	0.0333547069837209	NA
SA597_0650	cds	18.5729286675367	-0.108008651959833	0.490967896940033	-0.219991271594333	0.825877952458048	0.914364875935696
SA597_0651	cds	20.9005409492655	0.604463961267016	0.434697222890933	1.39054019541937	0.164364902327292	0.447841475121182
SA597_0652	cds	4.65193560776468	0.241284408019467	0.890626477596037	0.270915377084609	0.786456117949132	0.899267446343475
SA597_0653	cds	2.83077035921733	2.055526403654	1.33681154189028	1.53763364486474	0.124138216236613	NA
SA597_0654	cds	0.134608190314224	0.0260717689886992	4.05060522065858	0.00643651197004588	0.994864441933606	NA
SA597_0655	cds	0.98687197483016	1.4169773776959	1.90731466476372	0.742917466044566	0.457531650519787	NA
SA597_0656	cds	0.0673040951571122	-0.591757537069432	4.08037509321427	-0.145025279184145	0.884690912881144	NA
SA597_0657	cds	0.354469896569483	-0.669498271178419	3.18374129863576	-0.210286643410788	0.833443959245847	NA
SA597_0658	cds	0	NA	NA	NA	NA	NA
SA597_0659	cds	0.44980497101196	-2.12895931667939	2.9417424958595	-0.723706891298575	0.469245701491924	NA
SA597_0660	cds	0.0863782740423349	-0.589842747063684	4.08030001320842	-0.144558670968873	0.885059330175046	NA
SA597_0661	cds	0.134608190314224	0.0260717689886992	4.05060522065858	0.00643651197004588	0.994864441933606	NA
SA597_0662	cds	1.07678390271071	1.15127882046038	1.89911767549992	0.606217737485554	0.544370175843163	NA
SA597_0663	cds	8.09736705066187	1.1386731120914	0.706227822735303	1.61233114221015	0.106889900003821	0.357865120015151
SA597_0664	cds	6.89771670736797	0.525702930312907	0.750656215599581	0.700324488611615	0.483724681772017	0.757658333714973
SA597_0665	cds	1.88524836970648	1.49958067578796	1.47939708044754	1.01364312232812	0.310753073249883	NA
SA597_0666	cds	1.66426190534992	1.25107363795237	1.52349428138679	0.821186960290753	0.411539782841722	NA
SA597_0667	cds	4.55064172493637	0.301790527330382	0.923544004401504	0.326774388542488	0.743838531912581	0.879368433913602
SA597_0668	cds	2.42262476597999	0.816968017906121	1.30135714983067	0.627781557132433	0.530147049439667	NA
SA597_0669	cds	2.17454624753473	0.675745942434495	1.31151611081162	0.515240290884657	0.606385117333267	NA
SA597_0670	cds	2.90106915900384	-2.04042014382979	1.1371013656293	-1.79440479582977	0.0727485820130103	NA
SA597_0671	cds	12.74734701392	-1.01306681530488	0.58455142973519	-1.73306703871003	0.0830837540531272	0.305004833958191
SA597_0672	cds	0	NA	NA	NA	NA	NA
SA597_0673	cds	0.0673040951571122	-0.591757537069432	4.08037509321427	-0.145025279184145	0.884690912881144	NA
SA597_0674	cds	3.98901203467863	0.0586164155873988	0.934765917105425	0.0627070526586047	0.949999781239355	NA
SA597_0675	cds	18.8723078717799	1.26583435716847	0.528237550639203	2.39633542832524	0.0165599280941777	0.116967593374065
SA597_0676	cds	8.06570084865572	-1.02331731402286	0.687327349785492	-1.48883543531656	0.136530708664095	0.398588052473682
SA597_0677	cds	0	NA	NA	NA	NA	NA
SA597_0678	cds	0.0863782740423349	-0.589842747063684	4.08030001320842	-0.144558670968873	0.885059330175046	NA
SA597_0679	cds	0.240060643241782	0.688961921302325	3.59015104527089	0.191903324571777	0.847817933214535	NA
SA597_0680	cds	0.542677527103976	-0.0825921409360238	2.73189642322017	-0.0302325301332874	0.975881605087718	NA
SA597_0681	cds	0.0863782740423349	-0.589842747063684	4.08030001320842	-0.144558670968873	0.885059330175046	NA
SA597_0682	cds	2.25874339849238	-0.844633022530357	1.20725174871136	-0.699632883888495	0.484156600801809	NA
SA597_0683	cds	0.273461146475528	-2.5609900062129	3.85473596947409	-0.664374947206125	0.506450363291634	NA
SA597_0684	cds	0.249017443641925	-1.52880116081559	3.61477840102551	-0.4229308110234	0.672345742225027	NA
SA597_0685	cds	0.546922292951056	-3.44656378660011	2.98402119592562	-1.15500646956062	0.24808777715325	NA
SA597_0686	cds	3.01780418498172	-0.318477883695981	1.14530675612999	-0.278072125211347	0.780956993052468	NA
SA597_0687	cds	7.55147138193896	-0.333153330505728	0.737045835327469	-0.452011685755891	0.651260563999603	0.8301133053608
SA597_0688	cds	0.0863782740423349	-0.589842747063684	4.08030001320842	-0.144558670968873	0.885059330175046	NA
SA597_0689	cds	0.450929729113261	-0.0356006909431165	2.90890332695311	-0.0122385266685387	0.99023531228646	NA
SA597_0690	cds	0.297178966795894	0.937987467754484	3.01414178604945	0.311195535689739	0.755651976669589	NA
SA597_0691	cds	1.09121444016079	-0.555087676230786	1.8720471591456	-0.296513724838068	0.766837787081581	NA
SA597_0692	cds	1.33462136051694	1.56308564511843	1.78818168705285	0.874120150338074	0.382052824968701	NA
SA597_0693	cds	3.46525239456399	-1.70708294403448	1.09749336475659	-1.55543805443697	0.11984177690183	NA
SA597_0694	cds	0.153682369199447	0.151160703051939	4.04334970568065	0.0373850183771064	0.970178017923845	NA
SA597_0695	cds	0.0673040951571122	-0.591757537069432	4.08037509321427	-0.145025279184145	0.884690912881144	NA
SA597_0696	cds	46.8209104689434	-0.249645201391521	0.288820093333993	-0.86436230426264	0.387388893806239	0.673404992971594
SA597_0697	cds	25.676797262614	0.763679593147187	0.403104085279046	1.89449728007231	0.0581590350524939	0.245431023179208
SA597_0698	cds	4.29398264784499	0.476770657864377	0.911956988233457	0.522799500432498	0.601113787297883	0.810751084938933
SA597_0699	cds	1.87858148143732	1.64400087165481	1.52986798822375	1.07460309275677	0.28255246660035	NA
SA597_0700	cds	0.153682369199447	0.151160703051939	4.04334970568065	0.0373850183771064	0.970178017923845	NA
SA597_0701	cds	0	NA	NA	NA	NA	NA
SA597_0702	cds	7.2752959815313	1.50610800377468	0.797939575673572	1.88749630885687	0.0590936023446188	0.245931735726932
SA597_0703	cds	8.83062853090297	1.13162210227124	0.687428207833165	1.64616768613295	0.0997292401279633	0.337266157523658
SA597_0704	cds	3.09476375327343	-0.668844724341858	1.26935044732897	-0.526918886544903	0.598249917750397	NA
SA597_0705	cds	2.59519548116002	0.0901838640112826	1.13882193935233	0.0791904870243123	0.93688111108509	NA
SA597_0706	cds	1.10257859247864	0.692798494061947	1.80690633457603	0.383416938003321	0.701410646468919	NA
SA597_0707	cds	2.12397582864384	1.03102244313974	1.38537946822338	0.744216632907035	0.456745427021987	NA
SA597_0708	cds	28.6380904258328	0.769548997480639	0.387930268922788	1.98373021939622	0.047285922844098	0.211865908712869
SA597_0709	cds	2.33926228658188	-0.375558830635716	1.23719142421405	-0.303557576689718	0.761464976116058	NA
SA597_0710	cds	2.41131423627569	0.312691604591357	1.22506592476651	0.255244716443283	0.798534095812752	NA
SA597_0711	cds	5.35088486935415	0.510802962855103	0.845350471878599	0.604249929286677	0.545677490146345	0.78968438895501
SA597_0712	cds	24.0646677202689	1.51897602564587	0.433786908092539	3.50166405972268	0.000462362208656094	0.0088964866355207
SA597_0713	cds	4.62007635269015	1.22389637113138	0.970573905529337	1.26100275739835	0.207307853692931	0.494349497267758
SA597_0714	cds	0.408069336789752	-0.950587951266581	3.02254430490958	-0.314499261341685	0.753141877387954	NA
SA597_0715	cds	2.75107827935771	-2.87345349817647	1.28626735587024	-2.2339473089033	0.0254865402216119	NA
SA597_0716	cds	68.3527795963079	1.43853967303667	0.273458478412231	5.2605414956932	1.43631784310644e-07	8.90517062725995e-06
SA597_0717	cds	119.189739619008	0.353057526388153	0.199209746846809	1.77229042241419	0.0763463602710067	0.288843326906135
SA597_0718	cds	59.350528618245	0.508688498757883	0.267138063945598	1.90421571244701	0.0568820962078133	0.244155459107383
SA597_0719	cds	109.17730271634	0.475591118135006	0.214597652407567	2.21619907207445	0.0266778714104599	0.153225070729324
SA597_0720	cds	41.0641278378702	0.828997371512684	0.335410392248744	2.47159119297023	0.0134513239017612	0.0974784251582178
SA597_0721	cds	86.5235065264934	0.120294029364645	0.210433676543393	0.571648185502473	0.567560343985664	0.791510781267261
SA597_0722	cds	0.416957744071975	-1.59004903520421	3.04895045824276	-0.521507009372864	0.602013623973367	NA
SA597_0723	cds	1.37637176524352	-0.306873767469594	1.83049195106078	-0.167645515890828	0.866862161404808	NA
SA597_0724	cds	3.97476887395241	-0.124783363765702	0.942003455490718	-0.13246592996912	0.894615769457459	NA
SA597_0725	cds	16.7584925400769	0.233996470852807	0.482408063728846	0.485059202875043	0.627634350457879	0.82764813685662
SA597_0726	cds	1.71490071735872	0.0938137809727162	1.48657938853186	0.0631071449640953	0.949681184783471	NA
SA597_0727	cds	0	NA	NA	NA	NA	NA
SA597_0728	cds	1.48916639846546	-1.56368445258318	1.67516990340239	-0.933448272564605	0.350588566352815	NA
SA597_0729	cds	0	NA	NA	NA	NA	NA
SA597_0730	cds	0.134608190314224	0.0260717689886992	4.05060522065858	0.00643651197004588	0.994864441933606	NA
SA597_0731	cds	32.4173010785092	-0.418304703532995	0.335621681056888	-1.24635781042433	0.212633062847716	0.49437187112094
SA597_0732	cds	0	NA	NA	NA	NA	NA
SA597_0733	cds	0	NA	NA	NA	NA	NA
SA597_0734	cds	0	NA	NA	NA	NA	NA
SA597_0735	cds	2.75615318135515	-2.30372237168628	1.19033371200565	-1.93535841961883	0.0529463280479439	NA
SA597_0736	cds	38.649542712457	-0.855928624852912	0.329340376262955	-2.5989179783092	0.00935181156178118	0.0810203342653928
SA597_0737	cds	0.510388555286369	-1.58727364485414	2.85899609594257	-0.555185663634437	0.578767673886585	NA
SA597_0738	cds	0	NA	NA	NA	NA	NA
SA597_0739	cds	0	NA	NA	NA	NA	NA
SA597_0740	cds	0.430730792126738	-2.12846624022136	2.98227716428824	-0.71370503912548	0.475409589774526	NA
SA597_0741	cds	0.0673040951571122	-0.591757537069432	4.08037509321427	-0.145025279184145	0.884690912881144	NA
SA597_0742	cds	0.510388555286369	-1.58727364485414	2.85899609594257	-0.555185663634437	0.578767673886585	NA
SA597_0743	cds	0.7905702126446	-2.01079139882772	2.0966341467903	-0.959056877856354	0.337530092508105	NA
SA597_0744	cds	0.641531484880297	-0.726909061467387	2.37179633031661	-0.306480388798963	0.759238909366877	NA
SA597_0745	cds	0.268091622527148	-1.52728953514846	3.52028221276744	-0.433854288616195	0.664394255821853	NA
SA597_0746	cds	2.79201008317539	0.229754794805131	1.18529760825266	0.193837221306664	0.846303341318291	NA
SA597_0747	cds	0.577692650443481	-0.818868116984831	2.53073622194981	-0.323569129758586	0.746264262516532	NA
SA597_0748	cds	0.181713348484813	-2.48889673675343	4.07674451622297	-0.61051084433894	0.54152346201155	NA
SA597_0749	cds	6.17829821211876	-0.487394549715454	0.745876278834298	-0.65345227291205	0.513464748715643	0.780690271889179
SA597_0750	cds	3.60003010345927	1.12791061237791	1.0595321492958	1.06453646840972	0.287085742928294	NA
SA597_0751	cds	3.24516133130172	0.316571747533634	1.05524090877447	0.299999502389736	0.764177535187106	NA
SA597_0752	cds	7.75812808693759	-0.635770713701885	0.667417692901162	-0.952582948375683	0.34080142013967	0.62349899159979
SA597_0753	cds	1.16080844744889	-1.21997902341511	1.85961119333851	-0.656039836598807	0.51179849293561	NA
SA597_0754	cds	0.455174494960341	-3.27676257124952	2.88714413014109	-1.13494942529571	0.256396509373601	NA
SA597_0755	cds	0.268091622527148	-1.52728953514846	3.52028221276744	-0.433854288616195	0.664394255821853	NA
SA597_0756	cds	3.67868666806828	-0.653480867541455	1.00354332640919	-0.651173547114999	0.514934464271394	NA
SA597_0757	cds	2.18209685403223	-0.295195175621683	1.27764017406864	-0.23104719279579	0.817278139180858	NA
SA597_0758	cds	1.79675736569738	-1.02395473458729	1.4650111881904	-0.698939873525529	0.484589607358456	NA
SA597_0759	cds	6.28640015723676	-1.90352758203944	0.802740360613963	-2.37128675152644	0.0177262724841252	0.120625122513925
SA597_0760	cds	0.879184776204375	-4.02303634597745	2.1861012711161	-1.84027903882216	0.0657272811328127	NA
SA597_0761	cds	5.82717459266364	-0.269774359579977	0.766606369050841	-0.351907276630108	0.724907801875837	0.871723753960666
SA597_0762	cds	11.4550186015588	0.967713258662782	0.601656481525149	1.60841491511852	0.107744337208863	0.357865120015151
SA597_0763	cds	11.0242489573229	1.04038257639315	0.612098030731356	1.69969927063817	0.0891875066163001	0.317216734961756
SA597_0764	cds	3.62577271443286	-0.218613979858312	1.01588790329624	-0.215194982782035	0.829615302459371	NA
SA597_0765	cds	11.7644617937601	0.958988899140698	0.578107788006123	1.65884099650036	0.0971478368246414	0.333509259886645
SA597_0766	cds	0	NA	NA	NA	NA	NA
SA597_0767	cds	1.12814705341354	1.54870576326122	1.86971869255302	0.828309504220945	0.407495241709819	NA
SA597_0768	cds	2.26085612845914	1.44124895299702	1.40539920263352	1.02550858880261	0.305123274919847	NA
SA597_0769	cds	1.58370719727678	0.0456138522505568	1.49064976081085	0.0305999795859121	0.975588558431445	NA
SA597_0770	cds	0.589782685274565	-1.65667171934551	2.46866738076885	-0.671079357329036	0.502169976524175	NA
SA597_0771	cds	1.37938601606853	1.06337218556567	1.69780372481522	0.626322212646459	0.531103619652335	NA
SA597_0772	cds	10.4612962367848	0.608377839914412	0.604891682925764	1.00576327479291	0.314529457402984	0.609400823718282
SA597_0773	cds	0.259134822127005	0.783589504847009	3.94179180307186	0.198790180708264	0.84242687736122	NA
SA597_0774	cds	0.0863782740423349	-0.589842747063684	4.08030001320842	-0.144558670968873	0.885059330175046	NA
SA597_0775	cds	0.546922292951056	-3.44656378660011	2.98402119592562	-1.15500646956062	0.24808777715325	NA
SA597_0776	cds	4.85773133545793	-1.10337533167532	0.953650562002874	-1.15700171072933	0.247271661412939	0.538087846804562
SA597_0777	cds	1.5755446725078	-1.24926786126483	1.53565566127455	-0.813507801760703	0.415926975056578	NA
SA597_0778	cds	0.0673040951571122	-0.591757537069432	4.08037509321427	-0.145025279184145	0.884690912881144	NA
SA597_0779	cds	11.3206121150534	-0.188473013425682	0.56347835289525	-0.334481373520872	0.73801634410624	0.877928742237555
SA597_0780	cds	8.26340418826361	-0.552686328966566	0.656342292863555	-0.842070265737793	0.39974862369647	0.677591894909377
SA597_0781	cds	1.41295912552175	-0.692641365393474	1.52743711671749	-0.453466370440166	0.650212953947704	NA
SA597_0782	cds	13.4164655900889	-1.11776331820829	0.540000180064819	-2.0699313805305	0.0384587708002122	0.191607090236772
SA597_0783	cds	3.63817846122971	1.14640166562232	1.06035902866056	1.0811448147619	0.279632701289277	NA
SA597_0784	cds	0	NA	NA	NA	NA	NA
SA597_0785	cds	0.777300253279458	2.36501455964449	2.13853246874175	1.1059053786712	0.268767476503416	NA
SA597_0786	cds	1.22123261165342	-1.21772586599598	1.76804400575576	-0.688741831103612	0.490985746942839	NA
SA597_0787	cds	0.603314733991931	0.46897235045938	2.41619249021524	0.194095608010768	0.846101020534666	NA
SA597_0788	cds	4.23797585570701	-0.0714906484960899	0.896347302556392	-0.0797577549373973	0.936429923913483	0.967644254710599
SA597_0789	cds	18.132936473223	0.106101140896311	0.454230995280977	0.233584105881368	0.815307868106479	0.906803897661523
SA597_0790	cds	1.92878559787442	-1.85230269770673	1.40352017103309	-1.31975495324966	0.186916845978703	NA
SA597_0791	cds	6.57122609919606	3.6265925038574	1.17785467011656	3.07898130038277	0.00207709718726729	0.0269539588487244
SA597_0792	cds	0.911908443593682	2.60337867342224	2.02770570423833	1.28390360986835	0.199175684027679	NA
SA597_0793	cds	0.556313788922899	1.86740427822876	2.42670803239231	0.769521612531124	0.441583719374477	NA
SA597_0794	cds	0.776071282076601	0.985047823539616	2.04702562677421	0.481209326671642	0.630367732833837	NA
SA597_0795	cds	0.402699812841372	-0.321843629936373	2.74869422062455	-0.11708964479259	0.906789015548014	NA
SA597_0796	cds	0.497966494165929	0.0681580865975056	2.5921802092296	0.0262937300249516	0.979023055899199	NA
SA597_0797	cds	5.3557497607937	0.695639763624009	0.843028787919974	0.825167270195337	0.409276632419405	0.677674661394742
SA597_0798	cds	0.201912285471336	0.469275494969938	4.02726832755294	0.116524516571033	0.907236857029302	NA
SA597_0799	cds	0.641531484880297	-0.726909061467387	2.37179633031661	-0.306480388798963	0.759238909366877	NA
SA597_0800	cds	9.80314602498414	-0.284334129642888	0.611562416986368	-0.464930678775223	0.641981099892265	0.8301133053608
SA597_0801	cds	0.44980497101196	-2.12895931667939	2.9417424958595	-0.723706891298575	0.469245701491924	NA
SA597_0802	cds	2.53790455138643	0.484751217118863	1.17819927196542	0.411433981206102	0.680754341050747	NA
SA597_0803	cds	4.11591328606391	-2.20982351772949	0.973349633880209	-2.27032860629961	0.0231876526466652	NA
SA597_0804	cds	6.09884891569781	0.278712378943974	0.767526576946138	0.363130590282521	0.716507334310738	0.869154549011722
SA597_0805	cds	6.14628108079357	-0.732994657580874	0.764510411957691	-0.958776553093484	0.337671323503051	0.619804600377311
SA597_0806	cds	11.6807345557274	-0.230156885061046	0.560139044222483	-0.410892415793871	0.681151423883897	0.850803867535825
SA597_0807	cds	1.34381916025448	-1.28265599145064	1.66370141375464	-0.770965259058078	0.440727523959251	NA
SA597_0808	cds	8.44599861075778	1.43053206702289	0.743049210111734	1.92521847484069	0.0542020317487724	0.234455300122597
SA597_0809	cds	6.47104046039898	0.937862102251791	0.772370205306982	1.21426499340305	0.224646548849145	0.509677146923949
SA597_0810	cds	31.9161742843672	0.478473501555164	0.345997260086147	1.38288234258281	0.166700945314129	0.44936776562939
SA597_0811	cds	0.393743012441229	1.40385094493479	2.95155303491958	0.475631278966003	0.634337087370304	NA
SA597_0812	cds	0.316321538799037	-0.89703510255552	3.30285119618121	-0.271594161914615	0.785934088898211	NA
SA597_0813	cds	1.37160914020245	-0.529510028228386	1.65367313828181	-0.320202351946379	0.74881494039126	NA
SA597_0814	cds	6.58283433848973	1.04547185163864	0.820591028757971	1.2740473817037	0.202646624607577	0.493209921110217
SA597_0815	cds	7.68158919058839	0.101699083735392	0.715174477986609	0.142201779937253	0.886920625891983	0.946274778676342
SA597_0816	cds	11.4361690039894	-0.727957966009848	0.594352763084938	-1.22479108573744	0.220653944504061	0.506686835527844
SA597_0817	cds	0.627758436825534	0.122388114758975	2.42688009220599	0.0504302273326272	0.95977954909659	NA
SA597_0818	cds	13.2208862787869	-0.370790779317218	0.525035202023478	-0.706220797935445	0.480050838501932	0.754841964966562
SA597_0819	cds	2.28452490211071	-0.126536132180353	1.35025389118693	-0.0937128439371667	0.9253372671941	NA
SA597_0820	cds	7.05985951067226	2.11544845906036	0.897441766336657	2.35719858202676	0.0184133970471465	0.123791271714551
SA597_0821	cds	0.657018387313757	0.322177712876268	2.20126007882898	0.146360585000778	0.883636740800505	NA
SA597_0822	cds	204.056741119237	0.840704457300494	0.16776566784984	5.0111829677391	5.40964484901089e-07	2.51548485479006e-05
SA597_0823	cds	1.45921638544764	0.651570316284014	1.61653010925181	0.403067231816415	0.686898765830129	NA
SA597_0824	cds	3.08964309199211	0.0416479676662023	1.0402230490727	0.0400375358951418	0.968063200955469	NA
SA597_0825	cds	3.69900304484152	0.631496491976794	1.00875803399569	0.626013841471415	0.531305862586074	NA
SA597_0826	cds	0.705248303585646	0.526643028651253	2.14034506837134	0.246055197563071	0.805639504150433	NA
SA597_0827	cds	5.88456977607435	0.472724731383856	0.801789661663225	0.589586962749358	0.55546759431889	0.78968438895501
SA597_0828	cds	22.5968192945783	0.369575403190133	0.420481383777242	0.878934044285589	0.379437038365476	0.663717452689453
SA597_0829	cds	0.424010281244034	-2.55583308435556	3.29117372514098	-0.776571915615327	0.437411376281595	NA
SA597_0830	cds	0.268091622527148	-1.52728953514846	3.52028221276744	-0.433854288616195	0.664394255821853	NA
SA597_0831	cds	0.316321538799037	-0.89703510255552	3.30285119618121	-0.271594161914615	0.785934088898211	NA
SA597_0832	cds	0.459818136395484	-0.0953091964398681	2.64717540981159	-0.0360041106783519	0.971279081233605	NA
SA597_0833	cds	1.19903842502242	0.888871461801475	1.83755964157276	0.483723870339627	0.628581850176644	NA
SA597_0834	cds	0.49909125226723	1.72643194670119	2.49475232060502	0.692025389631667	0.488921384573204	NA
SA597_0835	cds	2.83717515813426	-0.306489976734337	1.12930869085763	-0.271396102071596	0.786086399682208	NA
SA597_0836	cds	0	NA	NA	NA	NA	NA
SA597_0837	cds	0.0863782740423349	-0.589842747063684	4.08030001320842	-0.144558670968873	0.885059330175046	NA
SA597_0838	cds	0.0673040951571122	-0.591757537069432	4.08037509321427	-0.145025279184145	0.884690912881144	NA
SA597_0839	cds	0	NA	NA	NA	NA	NA
SA597_0840	cds	0	NA	NA	NA	NA	NA
SA597_0841	cds	0	NA	NA	NA	NA	NA
SA597_0842	cds	0.0863782740423349	-0.589842747063684	4.08030001320842	-0.144558670968873	0.885059330175046	NA
SA597_0843	cds	2.53516517317937	-0.381098534392795	1.17324506845788	-0.3248243224186	0.745314035250159	NA
SA597_0844	cds	28.8157357843713	-0.219294226419596	0.381322562619848	-0.575088515384329	0.565231434685755	0.791510781267261
SA597_0845	cds	11.8653654517407	1.35933524051282	0.609160809536087	2.2314883348258	0.0256487993662788	0.152255638791314
SA597_0846	cds	0.0673040951571122	-0.591757537069432	4.08037509321427	-0.145025279184145	0.884690912881144	NA
SA597_0847	cds	6.69029795250148	-1.18443425507407	0.74937711608894	-1.58055834591765	0.113979056291101	0.370065692713684
SA597_0848	cds	0.690990372355043	0.862243688602745	2.27649118628815	0.378759950311358	0.704866130332963	NA
SA597_0849	cds	0.561751705989199	0.0161024761807906	2.46219239361975	0.00653989356092431	0.994781957094601	NA
SA597_0850	cds	2.61344931557064	-1.4452415501168	1.24680627152341	-1.15915486080362	0.246393067103266	NA
SA597_0851	cds	0.718952958522489	0.878885845718448	2.09999887256321	0.418517294081068	0.675568944882622	NA
SA597_0852	cds	1.94347822467673	0.347919442316959	1.35694133362894	0.256399767399302	0.797642167443862	NA
SA597_0853	cds	3.85592747805377	1.13198990075772	1.04556276184929	1.0826608808787	0.27895897363496	NA
SA597_0854	cds	0.0673040951571122	-0.591757537069432	4.08037509321427	-0.145025279184145	0.884690912881144	NA
SA597_0855	cds	2.53431727493467	0.850330573476122	1.27230102819795	0.668340710751845	0.503916132101771	NA
SA597_0856	cds	5.92074045813461	-0.0544709131283834	0.791895063115178	-0.0687855192758801	0.945160344728732	0.971269746516819
SA597_0857	cds	5.09656434817869	0.627031654889936	0.991224806291832	0.632582690535821	0.527006193580254	0.784185216047418
SA597_0858	cds	1.76183326930983	0.11177088194164	1.38829464568527	0.0805094813907235	0.935832055655992	NA
SA597_0859	cds	1.36136820216669	3.13652081044539	1.8159654391207	1.72719190733284	0.0841332037613264	NA
SA597_0860	cds	0.297178966795894	0.937987467754484	3.01414178604945	0.311195535689739	0.755651976669589	NA
SA597_0861	cds	9.94444045001665	-0.887900105830912	0.636333132417715	-1.39533848010928	0.162913793390962	0.447812299074664
SA597_0862	cds	1.59808256829411	2.16820180406417	1.66892998721239	1.29915683742115	0.19389011074171	NA
SA597_0863	cds	0.153682369199447	0.151160703051939	4.04334970568065	0.0373850183771064	0.970178017923845	NA
SA597_0864	cds	2.37067536296525	0.197611014455125	1.28394087865615	0.153909745954936	0.877680899509633	NA
SA597_0865	cds	3.02351737754984	0.399235521488764	1.10856100795339	0.360138520680812	0.71874354744392	NA
SA597_0866	cds	0.459818136395484	-0.0953091964398681	2.64717540981159	-0.0360041106783519	0.971279081233605	NA
SA597_0867	cds	5.15161750012851	-0.388910840252133	0.839437133980677	-0.46329954264459	0.643149673570922	0.8301133053608
SA597_0868	cds	7.57135789434463	0.219291904476416	0.70876646194613	0.309399380826068	0.757017741330216	0.887428360635001
SA597_0869	cds	1.22268939604407	-0.802551907915236	1.91684754742953	-0.418683222351955	0.675447658912066	NA
SA597_0870	cds	3.44960452824144	-0.346057951953331	1.01925622607501	-0.339520076601292	0.734217975391567	NA
SA597_0871	cds	1.67675235958828	0.038782866282673	1.50997391307507	0.0256844611332996	0.979509017988558	NA
SA597_0872	cds	0	NA	NA	NA	NA	NA
SA597_0873	cds	4.51391274721817	0.0890587440931686	0.875003921318121	0.101780965688713	0.918930534358562	0.962987208412805
SA597_0874	cds	1.6923612777532	-0.0434774515788457	1.42873004619578	-0.0304308372982085	0.975723451630989	NA
SA597_0875	cds	1.40585296573615	-0.466792335036909	1.66057668887278	-0.281102545979839	0.778631748463926	NA
SA597_0876	cds	1.02508872571853	0.483222161825002	1.84260180139546	0.262249912845544	0.793128774644182	NA
SA597_0877	cds	0	NA	NA	NA	NA	NA
SA597_0878	cds	0	NA	NA	NA	NA	NA
SA597_0879	cds	0	NA	NA	NA	NA	NA
SA597_0880	cds	0.134608190314224	0.0260717689886992	4.05060522065858	0.00643651197004588	0.994864441933606	NA
SA597_0881	cds	0.34076524163264	-1.59403081819311	3.2352685358705	-0.492704330573974	0.622221517293827	NA
SA597_0882	cds	0.354469896569483	-0.669498271178419	3.18374129863576	-0.210286643410788	0.833443959245847	NA
SA597_0883	cds	0.143496597596447	-0.589842394113521	4.08029999937606	-0.144558584957899	0.885059398088552	NA
SA597_0884	cds	0	NA	NA	NA	NA	NA
SA597_0885	cds	0.636887843445153	-3.71405954188409	2.54828212703572	-1.45747580398583	0.144985085641701	NA
SA597_0886	cds	1.13591070259446	0.380699299064852	1.714935073107	0.221990502751295	0.824321276599296	NA
SA597_0887	cds	0.547425381640676	1.87921382754575	2.6149441498621	0.718643963254378	0.472360318261152	NA
SA597_0888	cds	3.57553277801212	1.29215900430957	1.07568946242398	1.20123794965676	0.229658912381751	NA
SA597_0889	cds	1.87519938433932	0.241087161075669	1.42689612427324	0.168959153350046	0.865828770314263	NA
SA597_0890	cds	13.5261418032995	0.477043660805375	0.54066548075938	0.882326831991111	0.377600090416798	0.663717452689453
SA597_0891	cds	0	NA	NA	NA	NA	NA
SA597_0892	cds	0.181713348484813	-2.48889673675343	4.07674451622297	-0.61051084433894	0.54152346201155	NA
SA597_0893	cds	0.363426696969626	-3.07125053359427	3.45193772490101	-0.889717827595612	0.373617418926999	NA
SA597_0894	cds	3.53497706832397	0.50092864874548	1.05399186263092	0.475268041913613	0.634595934618215	NA
SA597_0895	cds	0	NA	NA	NA	NA	NA
SA597_0896	cds	0	NA	NA	NA	NA	NA
SA597_0897	cds	15.5094859785906	0.141701480584804	0.520439321798127	0.272272817694141	0.785412255297196	0.899267446343475
SA597_0898	cds	0	NA	NA	NA	NA	NA
SA597_0899	cds	1.56769785970458	1.10218160864402	1.54290860636579	0.714353140618053	0.475008840020937	NA
SA597_0900	cds	4.012729854999	0.459462488571204	0.962505370299492	0.477360961038834	0.633105108279148	NA
SA597_0901	cds	0.32520994608126	-1.52805464581154	3.30151042816959	-0.462835020230033	0.64348262705709	NA
SA597_0902	cds	12.4534125610423	-0.369356293521859	0.576858363744551	-0.640289396385384	0.521984473122165	0.784185216047418
SA597_0903	cds	6.22374144708049	0.555799360531333	0.771322157229224	0.720580052474959	0.471167930374564	0.744792365861208
SA597_0904	cds	135.978152304308	-0.217820211417452	0.194624897347694	-1.11917958280703	0.26306353390117	0.5518400448002
SA597_0905	cds	68.2434008286148	-0.163712755401118	0.23507547941656	-0.69642633849962	0.486161873204877	0.757658333714973
SA597_0906	cds	0	NA	NA	NA	NA	NA
SA597_0907	cds	7.70161820610999	-1.54225381307566	0.706336092220485	-2.18345604884401	0.0290022422469569	0.158659325233352
SA597_0908	cds	0.589782685274565	-1.65667171934551	2.46866738076885	-0.671079357329036	0.502169976524175	NA
SA597_0909	cds	3.06592527167174	-0.478079735791028	1.03835525304318	-0.460420202420977	0.645214636519249	NA
SA597_0910	cds	0.424010281244034	-2.55583308435556	3.29117372514098	-0.776571915615327	0.437411376281595	NA
SA597_0911	cds	0	NA	NA	NA	NA	NA
SA597_0912	cds	0	NA	NA	NA	NA	NA
SA597_0913	cds	0	NA	NA	NA	NA	NA
SA597_0914	cds	2.19904511680109	-2.08343621963443	1.32848163618768	-1.56828379322821	0.116814916485755	NA
SA597_0915	cds	4.45555222577603	-1.02324216041325	0.872191759681351	-1.17318485190354	0.24072168530004	0.531665660637923
SA597_0916	cds	2.39520222942114	-0.950597195515322	1.20402977585724	-0.789513029142923	0.429812217688926	NA
SA597_0917	cds	1.69132754660386	0.291595358881577	1.65908261540563	0.175756985320641	0.860484864237749	NA
SA597_0918	cds	0.577692650443481	-0.818868116984831	2.53073622194981	-0.323569129758586	0.746264262516532	NA
SA597_0919	cds	4.119357253632	-0.19072113455517	0.976738878947175	-0.195263174903765	0.845186924310669	NA
SA597_0920	cds	3.55835117948903	-1.45100747386312	1.00358186017515	-1.44582871755961	0.148225249232376	NA
SA597_0921	cds	0.153682369199447	0.151160703051939	4.04334970568065	0.0373850183771064	0.970178017923845	NA
SA597_0922	cds	1.64283399716054	-0.238391676091403	1.44683027790091	-0.16476823835707	0.869126404424031	NA
SA597_0923	cds	0	NA	NA	NA	NA	NA
SA597_0924	cds	0	NA	NA	NA	NA	NA
SA597_0925	cds	5.71112276257621	0.229183777742055	0.874404975082336	0.262102554620614	0.793242377311324	0.90148522716847
SA597_0926	cds	1.57352142567378	-0.0221834771199241	1.52906767131074	-0.0145078452289218	0.988424820335371	NA
SA597_0927	cds	2.01292758239932	-0.883821690274389	1.29740035719143	-0.681225101700804	0.495729067104919	NA
SA597_0928	cds	6.26259961671353	-0.188580403470168	0.740336276443485	-0.254722630067641	0.798937336387979	0.902743391714277
SA597_0929	cds	86.8866648112095	0.311024010521681	0.215098113670662	1.44596344995332	0.148187453679459	0.423674171537435
SA597_0930	cds	0	NA	NA	NA	NA	NA
SA597_0931	cds	3.2027682076842	0.786765704118486	1.08719349012546	0.72366668055352	0.469270393548977	NA
SA597_0932	cds	1.52066109465191	1.08137926738132	1.59179847638937	0.679344328708104	0.496919715204029	NA
SA597_0933	cds	3.80688046415663	0.926907535303684	1.152102438492	0.804535694340623	0.421087663467433	NA
SA597_0934	cds	17.7433604263621	0.0430896377325191	0.445388106038297	0.0967462694857281	0.92292789440966	0.964407799776387
SA597_0935	cds	3.63701788314478	0.494960381224026	1.03309537843588	0.479104244927901	0.631864470028443	NA
SA597_0936	cds	1.15628224580046	0.518186347671644	1.80503778265553	0.287077839949312	0.774052719507501	NA
SA597_0937	cds	0.637944208428534	0.26060939552626	2.21394973760301	0.11771242639339	0.906295520400192	NA
SA597_0938	cds	43.6749536861786	0.466228928004922	0.295640863921796	1.57701111348481	0.114792967923625	0.370065692713684
SA597_0939	cds	57.1729164439748	0.458737949069622	0.266506446480302	1.72130151119451	0.085196125415449	0.310715280926932
SA597_0940	cds	146.906166851989	0.0701369551638016	0.197062744642565	0.355911794951486	0.721906622348786	0.871723753960666
SA597_0941	cds	81.4695825502899	0.458001501473299	0.228280917211682	2.0063065588991	0.0448235506789039	0.203345864055515
SA597_0942	cds	0.286993195192894	0.842918101631456	3.8171349647936	0.220824809551117	0.825228845175245	NA
SA597_0943	cds	0.537308003155596	0.357592563158294	2.49313253634402	0.143431028212674	0.885949779338552	NA
SA597_0944	cds	1.13400643936638	1.25172588745061	1.88883921882509	0.662695837197417	0.507525376415307	NA
SA597_0945	cds	0.0673040951571122	-0.591757537069432	4.08037509321427	-0.145025279184145	0.884690912881144	NA
SA597_0946	cds	0.307364738398894	1.05106504191408	3.23859054902674	0.324543972448122	0.745526236998209	NA
SA597_0947	cds	2.85165931819789	-0.740179593516659	1.09786566488204	-0.674198690416451	0.500185002114743	NA
SA597_0948	cds	13.8221065288614	-0.0457404373041706	0.507157156359994	-0.0901898686246729	0.928136335182368	0.964459461676854
SA597_0949	cds	1.08774917944049	-0.659919345799674	1.70325867890477	-0.387445168472011	0.698426670248857	NA
SA597_0950	cds	2.17890845316853	1.59851254719637	1.47289466471731	1.08528639928448	0.27779482779225	NA
SA597_0951	cds	2.1037084985394	0.970558261049429	1.35465878279134	0.716459578883435	0.47370761789127	NA
SA597_0952	cds	5.93392440991198	-0.184637570471409	0.761206387924467	-0.242559144800201	0.808346933815046	0.905303651110223
SA597_0953	cds	0.249017443641925	-1.52880116081559	3.61477840102551	-0.4229308110234	0.672345742225027	NA
SA597_0954	cds	9.53607340363753	0.397383476854358	0.660517550726844	0.60162440258714	0.547424181555082	0.78968438895501
SA597_0955	cds	1.86735411535531	-0.321335608975555	1.33067992715852	-0.241482269640697	0.809181356713148	NA
SA597_0956	cds	3.24729381060147	1.40595004113861	1.22947399286523	1.14353784569458	0.252815350831995	NA
SA597_0957	cds	3.65457001269541	-0.628967126173956	1.02891447831999	-0.611291938666209	0.541006326838738	NA
SA597_0958	cds	18.9678891275257	0.251656266471319	0.450518763307429	0.55859219852202	0.576440065526152	0.796172169711864
SA597_0959	cds	2.10970467072808	-0.367191866441771	1.29822381928387	-0.282841726509317	0.7772981666297	NA
SA597_0960	cds	3.23594746091354	0.506885347424296	1.09884671330391	0.461288495735897	0.644591637568201	NA
SA597_0961	cds	2.53477131695549	0.245644435764567	1.2254654799482	0.200449902330134	0.841128734925141	NA
SA597_0962	cds	2.35359647426007	0.747012366195084	1.40597324680114	0.53131335741607	0.595201650656426	NA
SA597_0963	cds	1.8143079514288	-0.768979905593686	1.35595820349251	-0.567111805963517	0.570638222340073	NA
SA597_0964	cds	0.201912285471336	0.469275494969938	4.02726832755294	0.116524516571033	0.907236857029302	NA
SA597_0965	cds	0	NA	NA	NA	NA	NA
SA597_0966	cds	0.0673040951571122	-0.591757537069432	4.08037509321427	-0.145025279184145	0.884690912881144	NA
SA597_0967	cds	0.541552769002675	-2.31994746431751	2.56598414946168	-0.904116054186935	0.365933866433506	NA
SA597_0968	cds	0.77501491709322	-1.57658769537204	2.2772201411656	-0.692329945125578	0.488730148815523	NA
SA597_0969	cds	1.18783210841967	-0.0110961040013498	1.80209682533417	-0.00615732953155398	0.995087192873987	NA
SA597_0970	cds	8.52111981849843	-0.213984588028074	0.669588787115213	-0.319576122159964	0.749289677618615	0.880218189707762
SA597_0971	cds	0.210800692753559	0.401023397354802	3.81291790908073	0.105174936077102	0.916236998512372	NA
SA597_0972	cds	0.427143515674975	-0.828139600180586	2.73852672326222	-0.302403329916781	0.762344616601714	NA
SA597_0973	cds	0.455174494960341	-3.27676257124952	2.88714413014109	-1.13494942529571	0.256396509373601	NA
SA597_0974	cds	0.0673040951571122	-0.591757537069432	4.08037509321427	-0.145025279184145	0.884690912881144	NA
SA597_0975	cds	0	NA	NA	NA	NA	NA
SA597_0976	cds	0	NA	NA	NA	NA	NA
SA597_0977	cds	0.0863782740423349	-0.589842747063684	4.08030001320842	-0.144558670968873	0.885059330175046	NA
SA597_0978	cds	0	NA	NA	NA	NA	NA
SA597_0979	cds	0	NA	NA	NA	NA	NA
SA597_0980	cds	0.475373431946864	-0.484911522971865	2.8636347853811	-0.16933427595144	0.865533716947072	NA
SA597_0981	cds	2.94923068215781	-1.48994196083308	1.07362171577126	-1.38777181845912	0.165206538844255	NA
SA597_0982	cds	9.8309476472625	0.14114073096746	0.605878389228159	0.232952244999632	0.815798488577213	0.906803897661523
SA597_0983	cds	0.0863782740423349	-0.589842747063684	4.08030001320842	-0.144558670968873	0.885059330175046	NA
SA597_0984	cds	0.522478590117453	-2.32072517112052	2.5920296287953	-0.895331266795406	0.37061003093158	NA
SA597_0985	cds	0.0863782740423349	-0.589842747063684	4.08030001320842	-0.144558670968873	0.885059330175046	NA
SA597_0986	cds	0.603314733991931	0.46897235045938	2.41619249021524	0.194095608010768	0.846101020534666	NA
SA597_0987	cds	0.32520994608126	-1.52805464581154	3.30151042816959	-0.462835020230033	0.64348262705709	NA
SA597_0988	cds	2.64034120966977	1.95643232902162	1.36742973045122	1.43073701372285	0.152505600876065	NA
SA597_0989	cds	3.66504428648539	1.47472012342802	1.09184478247216	1.35066828829731	0.176801714958897	NA
SA597_0990	cds	14.8081796115801	0.221729669353219	0.494323038179976	0.448552165744883	0.653754746942468	0.8301133053608
SA597_0991	cds	3.34134474740834	2.39085237858667	1.30454647172885	1.83270771137666	0.066846049898653	NA
SA597_0992	cds	1.73587915947203	-0.217985334435059	1.39282113302765	-0.156506337580629	0.875633924134416	NA
SA597_0993	cds	25.4010332209953	0.344510491865817	0.394537047156427	0.873201881417296	0.382553049541633	0.667076880138223
SA597_0994	cds	11.0369862869897	0.545989122982364	0.594375218498028	0.91859334977334	0.358308311699273	0.644954961058691
SA597_0995	cds	3.44802576865488	1.21675841619814	1.13452365758009	1.07248395224606	0.283502718108067	NA
SA597_0996	cds	1.96137247902789	2.48695769771689	1.59437622722893	1.55983114602712	0.118799789102673	NA
SA597_0997	cds	1.10257859247864	0.692798494061947	1.80690633457603	0.383416938003321	0.701410646468919	NA
SA597_0998	cds	0	NA	NA	NA	NA	NA
SA597_0999	cds	3.10100724430996	0.477452317951882	1.09807902540337	0.434806882661739	0.663702608672722	NA
SA597_1000	cds	0	NA	NA	NA	NA	NA
SA597_1001	cds	0.134608190314224	0.0260717689886992	4.05060522065858	0.00643651197004588	0.994864441933606	NA
SA597_1002	cds	0.421601385507118	1.43038837998445	2.91586397351156	0.490553878019845	0.623742014245673	NA
SA597_1003	cds	0.618870029543311	0.191992899240008	2.40372789260239	0.0798729755688557	0.936338283513225	NA
SA597_1004	cds	0.181713348484813	-2.48889673675343	4.07674451622297	-0.61051084433894	0.54152346201155	NA
SA597_1005	cds	0.740331820043071	-1.76952765723487	2.32480964311765	-0.761149482699959	0.446567787745627	NA
SA597_1006	cds	7.65142229699387	-0.703873787704271	0.712386370293666	-0.988050609971825	0.323127862661037	0.613283494438295
SA597_1007	cds	0	NA	NA	NA	NA	NA
SA597_1008	cds	1.44752020684044	-0.129858495189967	1.69360751137252	-0.0766756726797512	0.938881557942969	NA
SA597_1009	cds	0.273461146475528	-2.5609900062129	3.85473596947409	-0.664374947206125	0.506450363291634	NA
SA597_1010	cds	0	NA	NA	NA	NA	NA
SA597_1011	cds	0.181713348484813	-2.48889673675343	4.07674451622297	-0.61051084433894	0.54152346201155	NA
SA597_1012	cds	0.769419164311817	0.195470172956839	2.27905610390406	0.0857680390675751	0.931650813956848	NA
SA597_1013	cds	3.606512702643	-1.01856210202269	1.00910179945509	-1.00937497343946	0.312794836158695	NA
SA597_1014	cds	0.470003907998484	0.0585924803631896	2.60227990040926	0.0225158255858544	0.98203648820832	NA
SA597_1015	cds	0	NA	NA	NA	NA	NA
SA597_1016	cds	1.14190687478314	-2.41643364542882	1.98951481143229	-1.21458439592575	0.224524643232183	NA
SA597_1017	cds	0	NA	NA	NA	NA	NA
SA597_1018	cds	0.558618471558258	-0.935139056819547	2.75230738735698	-0.339765485902922	0.734033141512403	NA
SA597_1019	cds	2.03960757475036	-1.86636497406789	1.32123596986104	-1.41259019330528	0.157776254166892	NA
SA597_1020	cds	3.56997240179492	-0.643085173760705	1.11512003986563	-0.576695916825415	0.564144891229522	NA
SA597_1021	cds	1.09010290874465	1.49390999928927	1.98492849257023	0.752626608404844	0.451674323503292	NA
SA597_1022	cds	4.39957188700838	0.038812202875413	0.90844779190165	0.0427236471059801	0.965921829112663	0.986890904161159
SA597_1023	cds	4.57964416201711	-2.13671426981584	0.915535130262619	-2.33384192390621	0.019604000667215	0.127198050840767
SA597_1024	cds	8.14417734659946	-1.79018704702992	0.693641897642648	-2.58085195417678	0.00985568369234366	0.0833253257625419
SA597_1025	cds	1.15192004016667	-1.09783078436705	1.72041529140237	-0.638119638818235	0.523395803464519	NA
SA597_1026	cds	8.05239045282663	-0.7212619982001	0.664337245597981	-1.0856865289118	0.277617702600675	0.562070340531783
SA597_1027	cds	0.85428703134995	-0.786871527403553	2.12912749314018	-0.369574640287521	0.711699449422695	NA
SA597_1028	cds	7.1052654257576	-0.596323550417056	0.767891157615652	-0.776573013639949	0.437410728246861	0.713670135560668
SA597_1029	cds	3.60110119841146	0.0194417272944177	1.06650698638443	0.0182293482767771	0.985455889984367	NA
SA597_1030	cds	12.4995574005456	-0.139720504758739	0.523806494164954	-0.266740688241141	0.789668823860557	0.900648852180852
SA597_1031	cds	44.8314050660444	-0.483076968735918	0.28860129063622	-1.67385588495109	0.0941589260066231	0.328379254448098
SA597_1032	cds	1.5725141073592	1.35939469513641	1.60746551105912	0.845675808148901	0.397733622356532	NA
SA597_1033	cds	8.09481962512341	-0.00691032050734359	0.669554335435871	-0.0103207762859829	0.991765358136351	0.998926118844917
SA597_1034	cds	3.51756153684912	0.671373061518195	1.19866503653656	0.560100646180579	0.575410789720696	NA
SA597_1035	cds	1.55437885367064	0.755976842010199	1.59529612705605	0.473878691980073	0.635586414829821	NA
SA597_1036	cds	1.69773080170158	-0.268586984697301	1.42797419199627	-0.188089523047908	0.85080647391926	NA
SA597_1037	cds	0.459818136395484	-0.0953091964398681	2.64717540981159	-0.0360041106783519	0.971279081233605	NA
SA597_1038	cds	3.97653635094465	0.262160637474676	0.936024910421321	0.280078697218296	0.779417128057452	NA
SA597_1039	cds	13.2983878284129	0.277936771965512	0.534367554126126	0.520122843947803	0.602977957436662	0.810751084938933
SA597_1040	cds	0.712300840757705	0.0305261476043488	2.31854986157635	0.0131660518111931	0.989495314022987	NA
SA597_1041	cds	0.0673040951571122	-0.591757537069432	4.08037509321427	-0.145025279184145	0.884690912881144	NA
SA597_1042	cds	0.904131567727598	0.722698687064655	2.13421850090676	0.338624506702385	0.734892618540264	NA
SA597_1043	cds	0.32520994608126	-1.52805464581154	3.30151042816959	-0.462835020230033	0.64348262705709	NA
SA597_1044	cds	1.23471103775724	-0.147794499999946	1.70986657237503	-0.0864362766006109	0.931119610271029	NA
SA597_1045	cds	0.575456360926042	0.479568612173776	2.41421881005623	0.198643391467323	0.842541708453841	NA
SA597_1046	cds	0.489078086883707	0.133784122852633	2.54834213631598	0.052498493411108	0.958131495764932	NA
SA597_1047	cds	0.922094215196682	2.63194051312368	2.19770620081707	1.19758524235185	0.231078524137641	NA
SA597_1048	cds	6.50277619645839	2.40035034776264	0.952645287782417	2.51966852567991	0.0117465394681401	0.0910356808780854
SA597_1049	cds	0.942175712396487	0.798855495464406	1.97167767899674	0.405165359416602	0.685355966008497	NA
SA597_1050	cds	0.890480535404301	0.131231865591719	1.9746878570836	0.066457017558985	0.947013977039388	NA
SA597_1051	cds	0.143496597596447	-0.589842394113521	4.08029999937606	-0.144558584957899	0.885059398088552	NA
SA597_1052	cds	1.53620316351813	-1.56998280779628	1.50645306422313	-1.04217173776065	0.297332063683274	NA
SA597_1053	cds	0.0863782740423349	-0.589842747063684	4.08030001320842	-0.144558670968873	0.885059330175046	NA
SA597_1054	cds	1.59702620331072	0.457799078176478	1.48867328578575	0.307521524398715	0.758446442154872	NA
SA597_1055	cds	5.23660738289811	-0.66604598420437	0.806586294525583	-0.825759114337696	0.408940751319169	0.677674661394742
SA597_1056	cds	2.76913195377875	-0.992410968245762	1.11379796102756	-0.891015249597142	0.372920989233817	NA
SA597_1057	cds	4.18219378911841	1.6629265168916	1.06115885635264	1.56708536797904	0.117094738837583	NA
SA597_1058	cds	4.5846673325912	0.438499861561517	0.880195448094173	0.498184650364838	0.618353900364608	0.819575953452379
SA597_1059	cds	0.0863782740423349	-0.589842747063684	4.08030001320842	-0.144558670968873	0.885059330175046	NA
SA597_1060	cds	2.13864736543132	-0.597530162207941	1.36645738344815	-0.437284154958509	0.661905285076199	NA
SA597_1061	cds	1.51712898463291	-1.61827552967438	1.50907184364003	-1.07236480257357	0.283556210641363	NA
SA597_1062	cds	0.541552769002675	-2.31994746431751	2.56598414946168	-0.904116054186935	0.365933866433506	NA
SA597_1063	cds	1.4556975021138	0.390398557622634	1.61131410369246	0.242285819213028	0.808558701114157	NA
SA597_1064	cds	0.99712613955108	0.489350957300086	1.91269503797887	0.255843690490868	0.798071536179982	NA
SA597_1065	cds	2.47420250318546	-0.411727450561865	1.22965189468316	-0.334832526459005	0.737751422791748	NA
SA597_1066	cds	0.939436334189427	-2.0059901334105	2.01483892966967	-0.995608186774207	0.319440555441293	NA
SA597_1067	cds	5.20305402277788	-0.494594569996445	0.838555090543982	-0.589817622686656	0.555312926650244	0.78968438895501
SA597_1068	cds	1.46947055016856	-0.10238682440857	1.61958106429389	-0.0632180918052465	0.949592838417413	NA
SA597_1069	cds	2.16460147526913	-0.386590210230457	1.27394535930286	-0.303459019970849	0.761540073236267	NA
SA597_1070	cds	0.853561148836713	1.21817495590867	1.98386163493527	0.614042297334118	0.539187377078696	NA
SA597_1071	cds	71.1637530298033	-0.604703757395203	0.269820391476081	-2.24113438605254	0.0250173714300549	0.151042831311628
SA597_1072	cds	1.83701845343459	1.44405319805503	1.49464464682997	0.966151520441836	0.333968367411778	NA
SA597_1073	cds	5.29567080902813	0.35194757489194	0.820020255386463	0.429193757812815	0.667782225298549	0.843037288951562
SA597_1074	cds	3.98033209413509	1.70497148866571	1.13102838321713	1.50745243352428	0.131694727491397	NA
SA597_1075	cds	1.94708027163286	-0.755848925589441	1.42230061506225	-0.531426983567997	0.595122926881271	NA
SA597_1076	cds	1.69799289105381	3.47829592833725	1.67032475535823	2.08240697934892	0.0373053114868235	NA
SA597_1077	cds	4.55636107780401	-0.116549370942226	0.901792366929832	-0.129241913345331	0.897166232245378	0.953559538272231
SA597_1078	cds	11.6456316928208	0.421858871703542	0.578638594107747	0.729054155736091	0.465968536024026	0.742652857447252
SA597_1079	cds	48.8993450060019	-0.354782361223593	0.311749283533854	-1.13803745497643	0.2551048427546	0.547494239450257
SA597_1080	cds	1.18424483196791	0.520038930333236	1.76233199263678	0.295085677673683	0.767928430407977	NA
SA597_1081	cds	1.51489269511547	-0.680530400992944	1.46980813988096	-0.463006281247061	0.643359864790885	NA
SA597_1082	cds	1.97576719649433	0.690288919176234	1.36783073465821	0.504659605670229	0.613797937159683	NA
SA597_1083	cds	0.845784272970629	-1.0984961145581	2.06610377630895	-0.531675188416981	0.594950979281795	NA
SA597_1084	cds	17.0504663934093	1.45933030211772	0.520793746752213	2.80212715920349	0.00507668592044353	0.0544487646676682
SA597_1085	cds	0.594530539811265	0.535459473236202	2.43227625038592	0.220147474264587	0.825756302501226	NA
SA597_1086	cds	3.14917031128314	-0.607445697400274	1.02870824783472	-0.590493659090278	0.554859735627295	NA
SA597_1087	cds	0.710064551240266	0.907295126127586	2.24601407664748	0.403957898376961	0.68624367915755	NA
SA597_1088	cds	1.03510189110205	1.51653993750969	1.9101389307779	0.793942217015641	0.427229071082861	NA
SA597_1089	cds	11.9930738209154	0.727719497630967	0.60055468356367	1.21174560376868	0.225609776505762	0.509677146923949
SA597_1090	cds	0.78849334319704	0.262059479471239	2.11601875178748	0.123845537403611	0.901437575693305	NA
SA597_1091	cds	1.79757427516257	-1.70493216745436	1.60265042541866	-1.06382036931665	0.287410081956519	NA
SA597_1092	cds	1.5610457419398	0.564416505402243	1.57697702084202	0.357910418441529	0.720410353729615	NA
SA597_1093	cds	12.3969991294147	-0.00101660294009207	0.56478097782918	-0.00179999500691318	0.998563812549999	0.999638681024635
SA597_1094	cds	20.887768515488	0.123539678748118	0.415789548967287	0.297120692559392	0.766374366966838	0.894637859346226
SA597_1095	cds	0.297178966795894	0.937987467754484	3.01414178604945	0.311195535689739	0.755651976669589	NA
SA597_1096	cds	0.359839420517863	-1.59166982809088	3.17603717528783	-0.501149621445044	0.616265826536178	NA
SA597_1097	cds	0.0863782740423349	-0.589842747063684	4.08030001320842	-0.144558670968873	0.885059330175046	NA
SA597_1098	cds	4.85412471255705	0.148779335521578	0.877113839726892	0.169623746408908	0.86530604623917	0.940028438169372
SA597_1099	cds	5.70751325517428	0.528308665284073	0.812790866949621	0.649993358398328	0.515696511728518	0.78106749382784
SA597_1100	cds	2.59327146859895	1.0674514403383	1.35101450404637	0.79011101445707	0.429462937888216	NA
SA597_1101	cds	5.41948632883205	0.569227721143528	0.83989152745332	0.677739568191042	0.497936833609434	0.767107207816634
SA597_1102	cds	4.32932825365463	1.53393582573433	1.03379118043621	1.48379658751498	0.137862892701471	0.398588052473682
SA597_1103	cds	6.09008079216778	0.75565607406823	0.843010443585152	0.896378069593751	0.37005087594646	0.659970336518067
SA597_1104	cds	40.7111162819985	-0.38145919390742	0.384319362016184	-0.992557834989735	0.320925481605072	0.612680437313158
SA597_1105	cds	34.5263587728235	0.464207266050108	0.345912102660053	1.34198041201903	0.179602346935241	0.463941220149699
SA597_1106	cds	5.03598081941717	-1.75030702876106	0.93803576788939	-1.86592781285868	0.0620514657433638	0.254593513858802
SA597_1107	cds	5.614469636682	-0.275603502927091	0.783086036554455	-0.35194536750998	0.724879234725753	0.871723753960666
SA597_1108	cds	0.278104787910671	0.853807386329895	3.40645166405163	0.250644210026564	0.802089197828311	NA
SA597_1109	cds	0.220986464356559	0.582592012543925	3.70056013947742	0.157433466984865	0.874903239472391	NA
SA597_1110	cds	2.29089558407415	0.440818627648753	1.27646551807308	0.345343153737675	0.729836407903909	NA
SA597_1111	cds	10.7779198579806	0.380956407931279	0.592397685297813	0.64307544979647	0.520175143617076	0.784185216047418
SA597_1112	cds	11.6137268260869	0.763710711664702	0.579908756882103	1.31694978322248	0.187855457649738	0.470059844702035
SA597_1113	cds	3.98500826816895	-0.0578084412595284	0.955919250466825	-0.0604741888305916	0.951777972545374	NA
SA597_1114	cds	6.58643768559214	1.4025215553523	0.802769614607089	1.74710344018035	0.0806193967749255	0.301269355341223
SA597_1115	cds	0.998355110753938	1.52980369503748	2.03566792066884	0.751499632874722	0.452352021636173	NA
SA597_1116	cds	0.517109066169073	-1.38689426712137	2.56906533380021	-0.53984390699393	0.58930468432468	NA
SA597_1117	cds	19.6357236065946	0.566488134585988	0.435714627540825	1.30013568234615	0.19355446988717	0.477891124765668
SA597_1118	cds	1.13166593674738	1.70279006585912	1.81839600878505	0.936424220924698	0.349054812126073	NA
SA597_1119	cds	1.96262079667987	-0.215163763384327	1.29007055489794	-0.166784492962362	0.867539620600102	NA
SA597_1120	cds	4.24068095774965	-1.09442904888543	1.01947791045806	-1.07351913921676	0.283038256067924	0.563391898926156
SA597_1121	cds	7.25288164529567	0.000324216698743866	0.715953235445743	0.000452846195383157	0.999638681024635	0.999638681024635
SA597_1122	cds	42.0567482781346	0.145371858049392	0.303793142675982	0.478522512947048	0.632278354689374	0.82801689613687
SA597_1123	cds	18.4348966145651	0.0408218817493897	0.452787525985773	0.0901568161810897	0.928162600215898	0.964459461676854
SA597_1124	cds	6.60615288033816	0.148176062698635	0.738879350032147	0.200541621162086	0.841057010087749	0.923479678246159
SA597_1125	cds	0.50333601811431	-0.501542051283748	2.62477003397838	-0.191080378391686	0.848462620170462	NA
SA597_1126	cds	0.946488871361487	-3.05371210436627	2.07155090335936	-1.47411878675739	0.14044961109197	NA
SA597_1127	cds	2.25657550209286	-0.749025989608316	1.27026140097887	-0.589662874925673	0.555416689531598	NA
SA597_1128	cds	4.95462567541335	-0.423844392431044	0.880814356178348	-0.481196053922199	0.630377165168573	0.82764813685662
SA597_1129	cds	2.15076003409644	0.434317142315951	1.3415361412442	0.323746136211543	0.746130238675297	NA
SA597_1130	cds	2.29247438419627	0.385640709375949	1.26860729873769	0.303987459129137	0.761137445497117	NA
SA597_1131	cds	1.04187299247276	1.40008005814714	2.00749016397294	0.697428103645749	0.485534918862261	NA
SA597_1132	cds	0.767010268574901	2.31280626287567	2.36869672319977	0.976404552015169	0.32886402662379	NA
SA597_1133	cds	20.4189669661111	-0.839455616429116	0.423504837511472	-1.98216299337166	0.0474610010557501	0.211865908712869
SA597_1134	cds	26.258066696938	0.684801827096903	0.386740965615123	1.77069896385997	0.0766107748783298	0.288843326906135
SA597_1135	cds	0.484261839229087	-0.639529008261985	2.64969372083461	-0.241359596859574	0.809276424207635	NA
SA597_1136	cds	2.07423704918696	-2.01455085409817	1.38900947076738	-1.45035069702239	0.146960748313217	NA
SA597_1137	cds	2.74655211824485	0.165668093685236	1.19429395168117	0.138716346551057	0.889674300307749	NA
SA597_1138	cds	1.75542060706324	0.907481092364213	1.57254627738381	0.57707751143194	0.563887095298099	NA
SA597_1139	cds	0.411588220123595	-0.433740587995967	2.78855334322204	-0.155543227835405	0.876393077720668	NA
SA597_1140	cds	2.87972615800245	1.15020924611276	1.22764056574361	0.936926717973066	0.348796254667907	NA
SA597_1141	cds	1.51130541866371	-0.235358330313589	1.61563212764601	-0.14567569330062	0.884177410580093	NA
SA597_1142	cds	1.30391939614243	-0.457436790191433	1.61656074512406	-0.282969131578367	0.777200499756342	NA
SA597_1143	cds	3.21735816520415	0.6026476796161	1.1427616236539	0.527360796111769	0.597943062635846	NA
SA597_1144	cds	3.15750046344298	-0.190134727923793	1.07466204296173	-0.176925135831343	0.859567194535474	NA
SA597_1145	cds	0.497966494165929	0.0681580865975056	2.5921802092296	0.0262937300249516	0.979023055899199	NA
SA597_1146	cds	8.03103750093856	-1.2689550059256	0.658048489685806	-1.92836094271941	0.053810246368181	0.234455300122597
SA597_1147	cds	7.11963194289712	0.761780447434159	0.775440673349374	0.982383918738474	0.325910745741952	0.61646846143732
SA597_1148	cds	35.6221547508685	0.151849874132877	0.323615563097936	0.469229207270612	0.638905810640043	0.8301133053608
SA597_1149	cds	0.60324634087401	1.93408061468953	2.59654148349593	0.744867981883935	0.456351532730677	NA
SA597_1150	cds	1.78684845395098	1.18790694078474	1.53185801399609	0.775468045948916	0.43806314012044	NA
SA597_1151	cds	0.450861335995341	1.56494580811021	2.55873896683836	0.611608229050381	0.540796992271738	NA
SA597_1152	cds	0.977983567547937	1.44010173195649	1.90238980506239	0.756996136188427	0.449052177295326	NA
SA597_1153	cds	0.480017073382008	1.67177955657685	2.79484034432671	0.598166388992639	0.549728915867502	NA
SA597_1154	cds	1.02631769692138	1.54762271166784	1.88994202376124	0.81887311473601	0.412858810477749	NA
SA597_1155	cds	0.469935514880564	1.61904238392279	2.55690912636872	0.633202943047933	0.526601124082533	NA
SA597_1156	cds	13.7164341260757	0.267171931600655	0.531896798498953	0.50230031907436	0.615456284820208	0.819575953452379
SA597_1157	cds	0.34076524163264	-1.59403081819311	3.2352685358705	-0.492704330573974	0.622221517293827	NA
SA597_1158	cds	0.43048979278934	1.43254349937073	3.28770128948457	0.435727997538159	0.663034089881907	NA
SA597_1159	cds	0	NA	NA	NA	NA	NA
SA597_1160	cds	0.762539233359235	-0.636595495409228	2.06450761345437	-0.308352214959413	0.757814338482545	NA
SA597_1161	cds	0	NA	NA	NA	NA	NA
SA597_1162	cds	0	NA	NA	NA	NA	NA
SA597_1163	cds	0	NA	NA	NA	NA	NA
SA597_1164	cds	0	NA	NA	NA	NA	NA
SA597_1165	cds	0.181713348484813	-2.48889673675343	4.07674451622297	-0.61051084433894	0.54152346201155	NA
SA597_1166	cds	0	NA	NA	NA	NA	NA
SA597_1167	cds	0	NA	NA	NA	NA	NA
SA597_1168	cds	0	NA	NA	NA	NA	NA
SA597_1169	cds	0.424010281244034	-2.55583308435556	3.29117372514098	-0.776571915615327	0.437411376281595	NA
SA597_1170	cds	0	NA	NA	NA	NA	NA
SA597_1171	cds	0	NA	NA	NA	NA	NA
SA597_1172	cds	0	NA	NA	NA	NA	NA
SA597_1173	cds	0	NA	NA	NA	NA	NA
SA597_1174	cds	0	NA	NA	NA	NA	NA
SA597_1175	cds	0	NA	NA	NA	NA	NA
SA597_1176	cds	0	NA	NA	NA	NA	NA
SA597_1177	cds	0	NA	NA	NA	NA	NA
SA597_1178	cds	0	NA	NA	NA	NA	NA
SA597_1179	cds	0	NA	NA	NA	NA	NA
SA597_1180	cds	0	NA	NA	NA	NA	NA
SA597_1181	cds	0.134608190314224	0.0260717689886992	4.05060522065858	0.00643651197004588	0.994864441933606	NA
SA597_1182	cds	0	NA	NA	NA	NA	NA
SA597_1183	cds	0	NA	NA	NA	NA	NA
SA597_1184	cds	0.0673040951571122	-0.591757537069432	4.08037509321427	-0.145025279184145	0.884690912881144	NA
SA597_1185	cds	0	NA	NA	NA	NA	NA
SA597_1186	cds	0	NA	NA	NA	NA	NA
SA597_1187	cds	0.424010281244034	-2.55583308435556	3.29117372514098	-0.776571915615327	0.437411376281595	NA
SA597_1188	cds	0.153682369199447	0.151160703051939	4.04334970568065	0.0373850183771064	0.970178017923845	NA
SA597_1189	cds	0.364483061953006	1.2517916804915	2.77893730654224	0.450456970563714	0.652380974045142	NA
SA597_1190	cds	2.74485587833601	-1.10075608149755	1.12795121907321	-0.975889792824542	0.329119080855525	NA
SA597_1191	cds	0	NA	NA	NA	NA	NA
SA597_1192	cds	0	NA	NA	NA	NA	NA
SA597_1193	cds	0	NA	NA	NA	NA	NA
SA597_1194	cds	0.181713348484813	-2.48889673675343	4.07674451622297	-0.61051084433894	0.54152346201155	NA
SA597_1195	cds	0	NA	NA	NA	NA	NA
SA597_1196	cds	0.143496597596447	-0.589842394113521	4.08029999937606	-0.144558584957899	0.885059398088552	NA
SA597_1197	cds	2.24609510853892	-0.0152314063732405	1.23962356839905	-0.0122871222857691	0.990196541508976	NA
SA597_1198	cds	0.416957744071975	-1.59004903520421	3.04895045824276	-0.521507009372864	0.602013623973367	NA
SA597_1199	cds	0.422898749827896	1.52173510345236	2.90707843368853	0.523458564384715	0.60065517865519	NA
SA597_1200	cds	6.88060547422412	2.40415376519948	0.942849416558044	2.54988094915099	0.0107759709823286	0.0858998829734191
SA597_1201	cds	10.8623877490309	1.37918225458663	0.627925777598213	2.19640967736974	0.0280626336184838	0.15658949559114
SA597_1202	cds	3.3085511430819	2.57900450759501	1.32558543147723	1.9455588801402	0.0517077504549897	NA
SA597_1203	cds	6.15548524057712	1.10020743614121	0.82138249415187	1.33945810140164	0.180421585613772	0.463941220149699
SA597_1204	cds	0.455174494960341	-3.27676257124952	2.88714413014109	-1.13494942529571	0.256396509373601	NA
SA597_1205	cds	8.33840855884791	0.044383807485148	0.705775021391689	0.0628866227053904	0.949856787293998	0.974301631084652
SA597_1206	cds	24.5704486422638	1.43318547473503	0.436234653719688	3.28535448184717	0.00101854139636459	0.0159414085510093
SA597_1207	cds	3.16159082858437	0.602939666401054	1.06511784362577	0.566077894581679	0.571340829620649	NA
SA597_1208	cds	0.919567879673047	1.27867914911118	1.960301139397	0.652287101921754	0.514215979065222	NA
SA597_1209	cds	0.297178966795894	0.937987467754484	3.01414178604945	0.311195535689739	0.755651976669589	NA
SA597_1210	cds	0.721189248039928	-0.0733395832439092	2.20827760541081	-0.033211215412505	0.973506154451322	NA
SA597_1211	cds	20.1179351024534	-1.10105458975073	0.43146179340541	-2.5519167782167	0.0107132105064581	0.0858998829734191
SA597_1212	cds	0.679507236431265	0.674124974545033	2.37744365363188	0.283550347666584	0.776754992646194	NA
SA597_1213	cds	1.34470291901838	1.60016608603968	1.80849157549314	0.884807044568816	0.376260709376193	NA
SA597_1214	cds	64.5447491415344	-0.0707746565358158	0.253100862841955	-0.279630245986202	0.779761199499783	0.897127318187379
SA597_1215	cds	1.30906767008641	-0.510761832982469	1.86509549446857	-0.273852912356106	0.784197659134896	NA
SA597_1216	cds	1.68898858780408	-3.76507892908569	1.92234501957999	-1.95858646119015	0.050161236408564	NA
SA597_1217	cds	0	NA	NA	NA	NA	NA
SA597_1218	cds	1.59148561696208	-1.87372193514233	1.56895110917023	-1.19425132127494	0.232379673098362	NA
SA597_1219	cds	2.08906646222511	-0.954255916121042	1.34609798113592	-0.708905242778673	0.478383281424087	NA
SA597_1220	cds	5.97688901533704	-0.0830773582997066	0.786617688797725	-0.105613386887705	0.915889102957929	0.962987208412805
SA597_1221	cds	13.9320759910123	0.106848913798556	0.515085505340791	0.207439177943597	0.835666888378624	0.92154569904204
SA597_1222	cds	3.4434372936525	-0.652228324461424	1.00821627469775	-0.646913108655138	0.517688181363212	NA
SA597_1223	cds	2.07344277355581	-0.262687750591202	1.2849891369188	-0.204427993236648	0.838019056614676	NA
SA597_1224	cds	0.677285717418201	0.487959992663288	2.55049671925122	0.191319592368087	0.848275212110554	NA
SA597_1225	cds	4.82455691343272	-0.183085479382123	0.851917680755015	-0.21490982464393	0.829837624902114	0.916929494446296
SA597_1226	cds	7.3592326274915	0.33313905932516	0.724793985868864	0.459632758853265	0.645779841325061	0.8301133053608
SA597_1227	cds	7.17896586883772	0.0931650083774191	0.70971650631871	0.131270736340437	0.895561140458209	0.953559538272231
SA597_1228	cds	0.967797795944937	1.38779255478206	1.94548224364417	0.713341157091476	0.475634675373915	NA
SA597_1229	cds	0	NA	NA	NA	NA	NA
SA597_1230	cds	2.26981292885929	0.753826899292278	1.28449755188728	0.586865189571363	0.55729425047576	NA
SA597_1231	cds	6.24350723231453	-0.73380994713083	0.762328933794773	-0.962589657299272	0.335753489940884	0.619804600377311
SA597_1232	cds	0.680908813853599	0.804791776637657	2.34297188741756	0.343491862177101	0.731228461895123	NA
SA597_1233	cds	1.39696455845393	-0.435994866812985	1.78639787809702	-0.244063694968914	0.807181489620291	NA
SA597_1234	cds	1.94427250030788	-1.39087908507388	1.33712065231253	-1.04020462377002	0.298244843799701	NA
SA597_1235	cds	0.561751705989199	0.0161024761807906	2.46219239361975	0.00653989356092431	0.994781957094601	NA
SA597_1236	cds	0.268091622527148	-1.52728953514846	3.52028221276744	-0.433854288616195	0.664394255821853	NA
SA597_1237	cds	0.489078086883707	0.133784122852633	2.54834213631598	0.052498493411108	0.958131495764932	NA
SA597_1238	cds	0	NA	NA	NA	NA	NA
SA597_1239	cds	0	NA	NA	NA	NA	NA
SA597_1240	cds	0	NA	NA	NA	NA	NA
SA597_1241	cds	0.0863782740423349	-0.589842747063684	4.08030001320842	-0.144558670968873	0.885059330175046	NA
SA597_1242	cds	0	NA	NA	NA	NA	NA
SA597_1243	cds	0	NA	NA	NA	NA	NA
SA597_1244	cds	0.181713348484813	-2.48889673675343	4.07674451622297	-0.61051084433894	0.54152346201155	NA
SA597_1245	cds	0.316321538799037	-0.89703510255552	3.30285119618121	-0.271594161914615	0.785934088898211	NA
SA597_1246	cds	2.57388501275736	0.442232754238933	1.18604533873578	0.372863279164618	0.709250203318088	NA
SA597_1247	cds	3.15141828366653	1.78065625405199	1.22829839035685	1.4496935500621	0.147143995184134	NA
SA597_1248	cds	0.0673040951571122	-0.591757537069432	4.08037509321427	-0.145025279184145	0.884690912881144	NA
SA597_1249	cds	0.0863782740423349	-0.589842747063684	4.08030001320842	-0.144558670968873	0.885059330175046	NA
SA597_1250	cds	0	NA	NA	NA	NA	NA
SA597_1251	cds	0	NA	NA	NA	NA	NA
SA597_1252	cds	0	NA	NA	NA	NA	NA
SA597_1253	cds	0.181713348484813	-2.48889673675343	4.07674451622297	-0.61051084433894	0.54152346201155	NA
SA597_1254	cds	0.210800692753559	0.401023397354802	3.81291790908073	0.105174936077102	0.916236998512372	NA
SA597_1255	cds	0.806455990666125	2.42962412618225	2.10711064678144	1.15305958417203	0.248885928888823	NA
SA597_1256	cds	1.80732380737466	-1.01204045765524	1.48963754278252	-0.679387051272105	0.496892652217366	NA
SA597_1257	cds	0.0673040951571122	-0.591757537069432	4.08037509321427	-0.145025279184145	0.884690912881144	NA
SA597_1258	cds	0	NA	NA	NA	NA	NA
SA597_1259	cds	0.0673040951571122	-0.591757537069432	4.08037509321427	-0.145025279184145	0.884690912881144	NA
SA597_1260	cds	0.17275654808467	0.266607862849256	4.03713777391306	0.0660388319100744	0.947346909522635	NA
SA597_1261	cds	0	NA	NA	NA	NA	NA
SA597_1262	cds	2.87342228480216	0.0735030497673034	1.21867682645368	0.0603138159122918	0.951905698472145	NA
SA597_1263	cds	3.92641997407459	0.128847902951058	0.954205821890498	0.135031562368568	0.892586919696659	NA
SA597_1264	cds	1.86186103185625	3.62606736601553	1.64113591681919	2.20948632520546	0.027140832529622	NA
SA597_1265	cds	2.66707482463436	1.26703219333143	1.25786557413743	1.00728743943905	0.313796664031908	NA
SA597_1266	cds	1.43551179181244	1.99537452364301	1.74945877287389	1.14056675960712	0.254050256518867	NA
SA597_1267	cds	3.78713406590729	4.61606405074004	1.42836578798564	3.23171003503932	0.00123051853986246	NA
SA597_1268	cds	4.06430147244051	2.59933918561237	1.23989812212123	2.09641351917317	0.0360455241649043	NA
SA597_1269	cds	1.1978452738032	0.819889331839695	1.74828479916724	0.468967831917449	0.639092629492424	NA
SA597_1270	cds	0.0863782740423349	-0.589842747063684	4.08030001320842	-0.144558670968873	0.885059330175046	NA
SA597_1271	cds	3.69707903228044	1.35305639047157	1.08968266728656	1.24169763463417	0.214348143018433	NA
SA597_1272	cds	0.288290559513671	0.968165254208453	3.33782811827016	0.29005845115542	0.771771521144022	NA
SA597_1273	cds	0.0673040951571122	-0.591757537069432	4.08037509321427	-0.145025279184145	0.884690912881144	NA
SA597_1274	cds	87.8296567651388	-1.146772641133	0.23359423113036	-4.90925069332312	9.14250443366095e-07	3.92424421075601e-05
SA597_1275	cds	0.402631419723452	1.38642971758907	2.98584927138357	0.464333458114123	0.64240885626797	NA
SA597_1276	cds	2.84493880731518	-0.768095459508258	1.07211917915617	-0.716427309986936	0.4737275367479	NA
SA597_1277	cds	1.18420901198427	-0.318769345887753	1.79495848058042	-0.177591487121572	0.859043810562191	NA
SA597_1278	cds	5.21134681113488	0.422833863793416	0.914166311734284	0.462534943987652	0.643697749320111	0.8301133053608
SA597_1279	cds	1.68283299554552	-0.651728284709043	1.4477176706034	-0.450176369289883	0.652583273854229	NA
SA597_1280	cds	12.9450654829897	1.81792862286035	0.664165855761573	2.73716061596663	0.00619720276226122	0.0628734389334866
SA597_1281	cds	1.14178331523246	2.91352706811052	1.87362100651306	1.55502476647228	0.119940171006314	NA
SA597_1282	cds	0.843306984115792	2.43566199735936	2.12107067597473	1.14831722721359	0.250837629904934	NA
SA597_1283	cds	12.3144979341574	0.831793118678756	0.587851917457731	1.41497049507977	0.157077147026637	0.436064915626188
SA597_1284	cds	0.0673040951571122	-0.591757537069432	4.08037509321427	-0.145025279184145	0.884690912881144	NA
SA597_1285	cds	0	NA	NA	NA	NA	NA
SA597_1286	cds	0	NA	NA	NA	NA	NA
SA597_1287	cds	7.82270599003724	-1.04771212946996	0.685843809208701	-1.52762497146219	0.126605678100663	0.384690046343661
SA597_1288	cds	13.6582810746817	-0.757721027849777	0.519314036933832	-1.45908058315459	0.144542929730629	0.415747189637583
SA597_1289	cds	0.6718478003519	2.15799375432425	2.22612155904747	0.969396188430803	0.332347553345387	NA
SA597_1290	cds	0.489078086883707	0.133784122852633	2.54834213631598	0.052498493411108	0.958131495764932	NA
SA597_1291	cds	0.229874871638782	0.545837605872166	3.69667641622493	0.147656311890447	0.882614011662787	NA
SA597_1292	cds	0.259134822127005	0.783589504847009	3.94179180307186	0.198790180708264	0.84242687736122	NA
SA597_1293	cds	0.269216380628449	0.867804197489092	3.86925197646256	0.224282161711907	0.822537755563737	NA
SA597_1294	cds	1.18230474875619	0.179113559549585	1.81725161669832	0.0985628835895649	0.921485341080136	NA
SA597_1295	cds	0.949622105792428	-1.6503903014784	1.94206636004999	-0.84981148709868	0.395429902116991	NA
SA597_1296	cds	8.85213572766547	1.97504869929194	0.78266083996893	2.52350519973676	0.0116191342220993	0.0910356808780854
SA597_1297	cds	8.81076619615055	0.36543876771804	0.664327939295387	0.550087910054843	0.582259078608223	0.799766991929987
SA597_1298	cds	2.66580541696755	0.0132587407491046	1.18532150809314	0.0111857758916686	0.991075228229419	NA
SA597_1299	cds	4.51036586669479	-0.467526835895587	0.907267843391152	-0.51531291371254	0.606334376399102	0.813304283727641
SA597_1300	cds	1.16523904620061	-0.338127703592481	1.73677918629339	-0.194686639649401	0.845638271794537	NA
SA597_1301	cds	2.76207941660669	-0.762094315904312	1.09744932275822	-0.69442324132921	0.487416822676042	NA
SA597_1302	cds	1.40977072465806	2.06508872324985	1.72026948597678	1.20044489545618	0.229966601576631	NA
SA597_1303	cds	6.33629374028321	-0.823567631516023	0.743837798912448	-1.10718712160117	0.26821303436313	0.55844355662174
SA597_1304	cds	0.220986464356559	0.582592012543925	3.70056013947742	0.157433466984865	0.874903239472391	NA
SA597_1305	cds	0	NA	NA	NA	NA	NA
SA597_1306	cds	0	NA	NA	NA	NA	NA
SA597_1307	cds	1.50269844718283	-0.422529419416685	1.58457621616813	-0.266651370319352	0.789737599349817	NA
SA597_1308	cds	4.36723386852198	-1.25029407074857	0.923657756966197	-1.3536334874242	0.175853337669794	0.458533469251146
SA597_1309	cds	4.27322545573608	0.491336767363397	0.971647350027581	0.505673964272583	0.613085548489206	0.819575953452379
SA597_1310	cds	5.79943365938447	0.317053292137516	0.806566235886468	0.393090211356361	0.694252853597332	0.856911413542523
SA597_1311	cds	3.93050690420656	-0.334878668286014	0.952255266346354	-0.351669011578049	0.725086503035975	NA
SA597_1312	cds	1.53509163210199	0.112215532700784	1.50912274598629	0.0743581216300897	0.94072543060984	NA
SA597_1313	cds	2.89478334369283	-0.36314799246122	1.09248619992941	-0.332405107254154	0.739583382566579	NA
SA597_1314	cds	0.0863782740423349	-0.589842747063684	4.08030001320842	-0.144558670968873	0.885059330175046	NA
SA597_1315	cds	0	NA	NA	NA	NA	NA
SA597_1316	cds	0.689693008034266	0.746496945433077	2.14725521388831	0.347651709309998	0.728101767290807	NA
SA597_1317	cds	21.3230806906733	-1.00751354825597	0.478213680703533	-2.10682711287923	0.0351325684007824	0.181518270070709
SA597_1318	cds	0.832079618033786	-1.96235122381281	2.25899738547673	-0.868682379372778	0.385020881869424	NA
SA597_1319	cds	2.06886752523858	-1.67716683845548	1.32923517249129	-1.26175327975416	0.207037578453008	NA
SA597_1320	cds	0.430730792126738	-2.12846624022136	2.98227716428824	-0.71370503912548	0.475409589774526	NA
SA597_1321	cds	0.556382182040819	0.420735077908806	2.43429090721882	0.172836811188478	0.862779701307166	NA
SA597_1322	cds	18.0733197707993	-0.146611597561571	0.439614504391049	-0.333500364744917	0.73875661416719	0.877928742237555
SA597_1323	cds	0.537239610037676	1.8219796698313	2.41023162289383	0.755935509485911	0.449687862575222	NA
SA597_1324	cds	1.40512708322291	0.901576381604035	1.59645823527627	0.564735338314701	0.572253794135127	NA
SA597_1325	cds	0.881523735004158	1.22692941882914	2.00714330081642	0.611281425860366	0.541013285360502	NA
SA597_1326	cds	9.44530394166778	0.179583900927486	0.631090384117859	0.284561301276217	0.775980263031013	0.896474092694214
SA597_1327	cds	1.88642829424053	-0.295997906123143	1.32123349836857	-0.224031487612624	0.822732802297482	NA
SA597_1328	cds	1.59820612784478	-1.66721222230127	1.50703730873836	-1.10628463717133	0.268603339150284	NA
SA597_1329	cds	2.02663223733616	-0.638792017690194	1.32246415300048	-0.483031631701221	0.629073276661967	NA
SA597_1330	cds	1.07325024887249	1.5706792474406	1.85298025164523	0.847650289875469	0.396632758287153	NA
SA597_1331	cds	0.345408883067783	1.18143587151546	3.13737802260879	0.376567905748595	0.706494742389515	NA
SA597_1332	cds	24.6521372569481	0.341180112250984	0.401733177610856	0.849270439349851	0.395730825669805	0.677591894909377
SA597_1333	cds	0.744589812575313	0.705875393682301	2.48274696146416	0.284312257607607	0.776171093371054	NA
SA597_1334	cds	0.653885152882816	-0.517254602127458	2.4595676712658	-0.210303057797656	0.833431148877328	NA
SA597_1335	cds	2.35816385924763	0.0598325398003259	1.27931443074773	0.0467692213597209	0.962697159975566	NA
SA597_1336	cds	2.771049443692	0.0940366442769001	1.15334577695859	0.0815337829777969	0.935017459372894	NA
SA597_1337	cds	0.786325446797521	-0.0199588688559468	2.19794270497168	-0.00908070479307784	0.992754745417514	NA
SA597_1338	cds	2.62558018974955	0.618590435354229	1.17942107264543	0.52448650418526	0.599940204145274	NA
SA597_1339	cds	0	NA	NA	NA	NA	NA
SA597_1340	cds	2.55496523457783	-1.20088585286613	1.23041538386158	-0.976000356153893	0.329064287840312	NA
SA597_1341	cds	1.96100617657411	-0.682932122898975	1.35577213758461	-0.503721904269003	0.6144568136019	NA
SA597_1342	cds	2.0390542984566	-1.16312873809546	1.32680308688436	-0.876640060302206	0.380682172894066	NA
SA597_1343	cds	0.947598858958413	0.247410475345785	1.97923831995411	0.125002872494668	0.900521276256892	NA
SA597_1344	cds	57.7983308011551	-0.372247346595656	0.284012215918742	-1.31067371659168	0.189968022194497	0.471120695042352
SA597_1345	cds	4.45611872875496	-0.411907511915564	0.897372727118596	-0.459014966097946	0.646223418803106	0.8301133053608
SA597_1346	cds	6.18046112968966	-0.447069980356696	0.794758662387024	-0.562522941258596	0.573759777635053	0.794436615186997
SA597_1347	cds	24.8924251291043	-0.362847141838296	0.374541464016179	-0.968776962495724	0.332656483266057	0.618864383132315
SA597_1348	cds	0	NA	NA	NA	NA	NA
SA597_1349	cds	0.153682369199447	0.151160703051939	4.04334970568065	0.0373850183771064	0.970178017923845	NA
SA597_1350	cds	1.04639919412119	-0.404208839375095	1.84280742683564	-0.219344047288315	0.826382052432865	NA
SA597_1351	cds	0.950125194482048	1.43689691089772	2.06184458660985	0.696898747960588	0.485866161383229	NA
SA597_1352	cds	10.0122689867984	-1.2436191060975	0.700973722301578	-1.7741308504607	0.0760415088764477	0.288843326906135
SA597_1353	cds	0.7803844410416	-2.77332194519175	2.29412135984609	-1.2088819683793	0.226708194556085	NA
SA597_1354	cds	0.181713348484813	-2.48889673675343	4.07674451622297	-0.61051084433894	0.54152346201155	NA
SA597_1355	cds	0.297178966795894	0.937987467754484	3.01414178604945	0.311195535689739	0.755651976669589	NA
SA597_1356	cds	1.50046215766539	0.271140355331398	1.51086956485298	0.179459803571979	0.857576677006559	NA
SA597_1357	cds	0.421773991726595	-0.228076024535843	2.71237529226215	-0.0840871929435788	0.932987107130464	NA
SA597_1358	cds	1.29397462387683	-2.33238083745757	1.83498700938636	-1.27106122578903	0.20370686806915	NA
SA597_1359	cds	0.0673040951571122	-0.591757537069432	4.08037509321427	-0.145025279184145	0.884690912881144	NA
SA597_1360	cds	8.38656376249143	-0.908502893820375	0.641434478715637	-1.41636117790159	0.156669784306756	0.436064915626188
SA597_1361	cds	5.86324762480574	-0.848956240502635	0.77847072211847	-1.09054357008103	0.275473771541756	0.562070340531783
SA597_1362	cds	0.711003476436928	-0.251700602823959	2.58502361464537	-0.097368782783243	0.922433534635815	NA
SA597_1363	cds	0.723266117487488	-2.77043876223958	2.32349477518121	-1.19235850746577	0.233120702416496	NA
SA597_1364	cds	0.34076524163264	-1.59403081819311	3.2352685358705	-0.492704330573974	0.622221517293827	NA
SA597_1365	cds	0.0673040951571122	-0.591757537069432	4.08037509321427	-0.145025279184145	0.884690912881144	NA
SA597_1366	cds	1.92127081136056	-0.0242668055035968	1.41758781529866	-0.0171183790109569	0.986342176730028	NA
SA597_1367	cds	3.36244674907232	0.0668538077263507	1.02340232348277	0.0653250497798743	0.947915198097214	NA
SA597_1368	cds	0.596766829328704	-0.725342483091249	2.70304590754729	-0.268342643040575	0.78843558502304	NA
SA597_1369	cds	1.31868041606266	1.78232287819385	1.74572096215159	1.02096664749741	0.307270240736005	NA
SA597_1370	cds	0	NA	NA	NA	NA	NA
SA597_1371	cds	0	NA	NA	NA	NA	NA
SA597_1372	cds	2.36050436186662	-0.387971530703598	1.18052750400479	-0.328642517338608	0.742425907318148	NA
SA597_1373	cds	1.1526459226799	-4.43229709753148	2.00553670005816	-2.21003041101315	0.0271030517823414	NA
SA597_1374	cds	0	NA	NA	NA	NA	NA
SA597_1375	cds	16.3415022634062	0.733800144356846	0.487806091467558	1.50428655400596	0.132507599686406	0.397522799059217
SA597_1376	cds	6.63623317530099	0.81951473391744	0.771484241609547	1.06225725649002	0.288118913155883	0.56609279415839
SA597_1377	cds	2.04104958863664	-0.747550707065681	1.33763411786282	-0.5588603767524	0.57625701304184	NA
SA597_1378	cds	1.22459365927216	-1.26056884638665	1.71503727353175	-0.735009591826991	0.462333652525587	NA
SA597_1379	cds	3.31730102056257	-1.161423017968	1.03149453552646	-1.12596138706176	0.260181863634	NA
SA597_1380	cds	13.4462885713908	-0.150900619572672	0.52795687173693	-0.285819974416134	0.775016008671442	0.896474092694214
SA597_1381	cds	4.29660304244612	1.33743076807292	1.01512021049399	1.31750974342446	0.187667817272184	0.470059844702035
SA597_1382	cds	0	NA	NA	NA	NA	NA
SA597_1383	cds	0.99705774643316	1.46954460423663	1.88111937118755	0.781207522895745	0.434680449836463	NA
SA597_1384	cds	1.64853400357906	2.29071693656631	1.65522459147073	1.38393118877657	0.166379525684939	NA
SA597_1385	cds	8.87809670414243	0.552141142093247	0.654619798888638	0.843453166296878	0.398975048101703	0.677591894909377
SA597_1386	cds	6.6415894725642	0.203399216945263	0.767104181755439	0.265152011660014	0.790892361234081	0.900648852180852
SA597_1387	cds	14.4632345622089	0.0113469367243984	0.492410567728382	0.0230436498890443	0.981615454605679	0.997336610945105
SA597_1388	cds	6.48744519801427	-0.282376776619202	0.73735083705901	-0.382961220665982	0.701748517564178	0.858718580703534
SA597_1389	cds	5.03767547497123	-0.804819677779966	0.828928248828646	-0.970915973628903	0.331590123047067	0.618864383132315
SA597_1390	cds	2.6154495845793	-1.28281933509557	1.1576184611099	-1.10815383322898	0.267795385119296	NA
SA597_1391	cds	4.52039380258268	-0.504398911281172	0.856306807358714	-0.589039940996143	0.555834480635766	0.78968438895501
SA597_1392	cds	0.890548928522222	-0.864779452797648	2.10757677945003	-0.4103193113673	0.681571727772446	NA
SA597_1393	cds	5.58699347750961	-1.24405387670252	0.820215857463701	-1.51673960626587	0.129332440398713	0.390094604013417
SA597_1394	cds	1.74275909042461	0.0849969668187505	1.40639780435989	0.0604359353770723	0.951808438660432	NA
SA597_1395	cds	0.695235138202123	-1.00007689003791	2.16598383266916	-0.461719462054112	0.644282512601212	NA
SA597_1396	cds	4.73706710797424	0.251424165358944	0.860298283208299	0.292252315582116	0.770093714615792	0.896474092694214
SA597_1397	cds	2.96248129507383	-0.7653187407841	1.08913821310462	-0.702682847388614	0.482253419419954	NA
SA597_1398	cds	12.9178513610475	-0.0480959881214524	0.526725268363497	-0.0913113363079841	0.927245210549536	0.964459461676854
SA597_1399	cds	1.30329772673075	0.991585363077747	1.73579299401053	0.571257843820823	0.567824873235734	NA
SA597_1400	cds	0.0673040951571122	-0.591757537069432	4.08037509321427	-0.145025279184145	0.884690912881144	NA
SA597_1401	cds	0.673027724885959	-2.44688902118935	2.42719417250861	-1.008114245207	0.313399619693538	NA
SA597_1402	cds	3.88868965018127	-0.91860101892808	1.05373909927843	-0.871753757222367	0.383342726693283	NA
SA597_1403	cds	1.48395471023219	-0.849583506735084	1.79004985077076	-0.474614439575115	0.635061812323142	NA
SA597_1404	cds	8.70265752863823	-0.205276363710212	0.638438849595306	-0.321528622264031	0.747809825372334	0.880218189707762
SA597_1405	cds	2.44144471884266	0.366064498432909	1.22316810296782	0.299275706703529	0.764729688877221	NA
SA597_1406	cds	4.12939837566949	-0.592010510040213	0.983494828335591	-0.601945727607025	0.547210264328996	NA
SA597_1407	cds	4.43599316371497	-1.006013285428	0.922039550266297	-1.09107389714189	0.275240367575032	0.562070340531783
SA597_1408	cds	0	NA	NA	NA	NA	NA
SA597_1409	cds	0	NA	NA	NA	NA	NA
SA597_1410	cds	0	NA	NA	NA	NA	NA
SA597_1411	cds	0	NA	NA	NA	NA	NA
SA597_1412	cds	0	NA	NA	NA	NA	NA
SA597_1413	cds	0.153682369199447	0.151160703051939	4.04334970568065	0.0373850183771064	0.970178017923845	NA
SA597_1414	cds	2.87279718038107	-0.802189194371674	1.09298643893485	-0.733942495346447	0.462983786051107	NA
SA597_1415	cds	1.33004611219972	-0.875553918214574	1.5631597397516	-0.560118007103809	0.575398948706222	NA
SA597_1416	cds	3.00052543974272	-0.74297158260439	1.07480955266914	-0.691258819536282	0.489402905829829	NA
SA597_1417	cds	0.857874307801713	-1.53042682270495	1.9933430340976	-0.76776891710352	0.44262448401132	NA
SA597_1418	cds	0.421773991726595	-0.228076024535843	2.71237529226215	-0.0840871929435788	0.932987107130464	NA
SA597_1419	cds	4.33304884079727	-1.61815097946281	0.910327418343067	-1.7775483269614	0.0754780669523424	0.288843326906135
SA597_1420	cds	8.5220734736639	-1.15755445245426	0.645027785573506	-1.79458075813751	0.0727205211368581	0.287787594286289
SA597_1421	cds	17.6895826630423	0.88897007028582	0.471731432637955	1.88448343438689	0.0594996134823222	0.245931735726932
SA597_1422	cds	2.14126930385166	-1.39517997172173	1.34811332373818	-1.03491297590104	0.300709554182603	NA
SA597_1423	cds	1.60461724627217	0.354152622715614	1.50619042348517	0.235131373293519	0.814106768839585	NA
SA597_1424	cds	0.518165431152453	1.77522971565297	2.43272065300175	0.72973019465367	0.465555120660413	NA
SA597_1425	cds	1.71841960069256	0.301050443122426	1.46778165408424	0.20510574054712	0.837489511473332	NA
SA597_1426	cds	3.60091386222317	2.59195849788196	1.2793086361607	2.02606190923608	0.0427584408479925	NA
SA597_1427	cds	3.99020518589785	0.0916343467795698	0.930949394800952	0.0984310718620342	0.921590002693612	NA
SA597_1428	cds	0.556313788922899	1.86740427822876	2.42670803239231	0.769521612531124	0.441583719374477	NA
SA597_1429	cds	12.4118183884288	0.312113702021835	0.554796374714174	0.562573434591444	0.573725385781529	0.794436615186997
SA597_1430	cds	6.67818548358285	1.37184896825271	0.807277335790198	1.69935275949484	0.0892527372562646	0.317216734961756
SA597_1431	cds	3.12696289796697	-0.882666966198414	1.06081706070406	-0.832063320712992	0.405373204068125	NA
SA597_1432	cds	0.786982936192838	-1.1525473173514	2.23076939887669	-0.516659103326311	0.605394149541724	NA
SA597_1433	cds	10.8145235325824	-0.236116987114594	0.572465206189017	-0.412456485672654	0.680004868697689	0.850803867535825
SA597_1434	cds	2.022803961547	0.709093905160368	1.38384444050695	0.512408681499346	0.608365016341717	NA
SA597_1435	cds	3.90623580759244	-0.500207766366109	0.929023097700613	-0.538423390768381	0.590284781441634	NA
SA597_1436	cds	1.37603973895417	0.0805860850895101	1.55555090213553	0.0518054953900113	0.958683676745431	NA
SA597_1437	cds	1.16740694260013	-0.372799460693668	1.77189716188423	-0.210395653152485	0.833358885013325	NA
SA597_1438	cds	1.52842474383284	0.261726984570692	1.49857107354902	0.174651032033371	0.861353847028079	NA
SA597_1439	cds	2.86978138573685	0.23928449926447	1.09740533678068	0.218045685805055	0.82739351556692	NA
SA597_1440	cds	12.5696853376784	0.188567978243381	0.538966248460627	0.349869734481446	0.726436461633889	0.871723753960666
SA597_1441	cds	22.2298589032349	0.22705965450813	0.41553897703838	0.546422037534059	0.584775865067087	0.799766991929987
SA597_1442	cds	5.73256385691519	0.339417896371888	0.815015459467179	0.416455776917145	0.677076521084045	0.850803867535825
SA597_1443	cds	9.88737594882257	1.06869804322156	0.663778185959569	1.61002284471978	0.107392869167874	0.357865120015151
SA597_1444	cds	10.2979470961117	-0.103440496126463	0.62043782590975	-0.166721775827881	0.867588970711876	0.940028438169372
SA597_1445	cds	2.59143559848878	0.887649855789575	1.27026751261288	0.698789701362765	0.484683465549663	NA
SA597_1446	cds	41.524910811148	1.29770883052304	0.322762243305834	4.02063394166399	5.80417367291767e-05	0.00154225186166098
SA597_1447	cds	27.7037670893416	1.3078969080719	0.400261148509546	3.26760894216717	0.00108460114748516	0.0163569578458573
SA597_1448	cds	157.560849165986	0.83450310143197	0.172764032581937	4.8303057584407	1.36323546862315e-06	5.43346708208371e-05
SA597_1449	cds	55.9006728514818	0.432917214960676	0.337304660189473	1.28346052117245	0.199330782279137	0.487835861893677
SA597_1450	cds	33.5531918224797	0.878251547344019	0.353321629545621	2.4856999229667	0.0129296939453487	0.0961969229533946
SA597_1451	cds	0.210800692753559	0.401023397354802	3.81291790908073	0.105174936077102	0.916236998512372	NA
SA597_1452	cds	4.51509112793301	0.373625734665238	0.925427697954855	0.403733036617481	0.686409043119703	0.851183622955169
SA597_1453	cds	4.05368100526581	0.928592231081407	1.0041786420078	0.924728123299593	0.35510734673049	NA
SA597_1454	cds	0.181713348484813	-2.48889673675343	4.07674451622297	-0.61051084433894	0.54152346201155	NA
SA597_1455	cds	0.249017443641925	-1.52880116081559	3.61477840102551	-0.4229308110234	0.672345742225027	NA
SA597_1456	cds	2.28341337069457	0.932291912768757	1.35591988294267	0.687571533168655	0.491722639758536	NA
SA597_1457	cds	0.0673040951571122	-0.591757537069432	4.08037509321427	-0.145025279184145	0.884690912881144	NA
SA597_1458	cds	1.7922716005129	0.881429046860188	1.48602139066772	0.593146944179674	0.553082815943192	NA
SA597_1459	cds	0.973339926112794	0.0384711587491488	1.79959865615503	0.0213776325168775	0.982944416154146	NA
SA597_1460	cds	1.86174513588875	-2.19723316470343	1.64930432525324	-1.33221815468534	0.182788512533032	NA
SA597_1461	cds	1.63741085059861	-0.0815060962446998	1.43513568304748	-0.0567933033841258	0.954709848455011	NA
SA597_1462	cds	1.27595680997499	-0.435309826402757	1.75835486852773	-0.247566537446018	0.8044698040952	NA
SA597_1463	cds	1.71237438183509	-0.795893736325036	1.41957262677478	-0.560657286082841	0.575031190929818	NA
SA597_1464	cds	0.767182874794378	1.01965785665076	2.05337397027725	0.496576790886796	0.619487523199995	NA
SA597_1465	cds	0.885057388842375	0.676850312491967	2.13095680775693	0.317627419771322	0.750767572459378	NA
SA597_1466	cds	1.56345463767671	-1.02526969952939	1.63331863533619	-0.627721791295398	0.530186207519231	NA
SA597_1467	cds	0.0863782740423349	-0.589842747063684	4.08030001320842	-0.144558670968873	0.885059330175046	NA
SA597_1468	cds	0	NA	NA	NA	NA	NA
SA597_1469	cds	0	NA	NA	NA	NA	NA
SA597_1470	cds	0.307364738398894	1.05106504191408	3.23859054902674	0.324543972448122	0.745526236998209	NA
SA597_1471	cds	0.297178966795894	0.937987467754484	3.01414178604945	0.311195535689739	0.755651976669589	NA
SA597_1472	cds	0.402699812841372	-0.321843629936373	2.74869422062455	-0.11708964479259	0.906789015548014	NA
SA597_1473	cds	0.153682369199447	0.151160703051939	4.04334970568065	0.0373850183771064	0.970178017923845	NA
SA597_1474	cds	0.220986464356559	0.582592012543925	3.70056013947742	0.157433466984865	0.874903239472391	NA
SA597_1475	cds	2.05566595899136	-0.207659125957811	1.36220701295794	-0.152443148495391	0.878837427161444	NA
SA597_1476	cds	4.33504299004197	0.776826293050568	0.963175283299595	0.806526399212984	0.419939392575144	0.691227672734308
SA597_1477	cds	5.57030576027375	1.32730437747972	0.869430006830755	1.52663741422729	0.126851198077479	0.384690046343661
SA597_1478	cds	5.75020969201873	2.71775143786136	1.0929689276066	2.48657703729303	0.0128978641157814	0.0961969229533946
SA597_1479	cds	3.3708127212158	0.776889143371633	1.06791532640388	0.727481968058037	0.466930757614758	NA
SA597_1480	cds	0.249017443641925	-1.52880116081559	3.61477840102551	-0.4229308110234	0.672345742225027	NA
SA597_1481	cds	8.37523388633801	-0.351475023579094	0.668964067294997	-0.525401947223127	0.599303800169017	0.810751084938933
SA597_1482	cds	4.55182010565121	0.592700705559352	0.892355390116287	0.664198044998769	0.506563564569157	0.772301827949699
SA597_1483	cds	4.29739886189648	-0.573957723713615	0.906413694400029	-0.633218283505224	0.52659110767589	0.784185216047418
SA597_1484	cds	11.6940342153122	0.336455715823125	0.566116282997917	0.594322625806477	0.552296348380606	0.78968438895501
SA597_1485	cds	2.35882134864294	-0.326797049881562	1.27976249617299	-0.255357576783832	0.798446933639911	NA
SA597_1486	cds	0.220986464356559	0.582592012543925	3.70056013947742	0.157433466984865	0.874903239472391	NA
SA597_1487	cds	3.04198465752776	0.667205257454951	1.15305943852668	0.578639084128633	0.562832726886298	NA
SA597_1488	cds	2.37716964501493	0.519647393595891	1.24191133656141	0.418425517424363	0.675636033035512	NA
SA597_1489	cds	2.98668901793421	1.82040164227938	1.35175878245084	1.34669118922154	0.17807971111258	NA
SA597_1490	cds	1.1381469921119	-0.564787405188808	1.80825944529545	-0.312337594396764	0.754783971909299	NA
SA597_1491	cds	2.07293968486619	-2.39543745877333	1.48703845717832	-1.61087794818616	0.107206327258103	NA
SA597_1492	cds	8.47524059940516	0.0142089644241017	0.668327903483072	0.0212604686263285	0.983037878171699	0.997336610945105
SA597_1493	cds	8.22356460994851	-0.406189554074335	0.681417679788084	-0.596094827185372	0.551111879657048	0.78968438895501
SA597_1494	cds	2.13953112419522	0.888719264041891	1.38667126995189	0.640901187829995	0.521586884077128	NA
SA597_1495	cds	5.23468838970122	0.723685851671723	0.870526644225426	0.831319588518329	0.405793111513583	0.677674661394742
SA597_1496	cds	0.604612098312709	0.604110063221075	2.40719408617659	0.250960263939747	0.801844830980024	NA
SA597_1497	cds	3.13354662261384	-0.156982110660502	1.08267591694317	-0.144994553036448	0.884715172391449	NA
SA597_1498	cds	1.7898642485952	-0.534691237490737	1.34541517354633	-0.397417279070343	0.691059775610234	NA
SA597_1499	cds	11.468492292507	0.356524895480119	0.618150861904686	0.576760330611806	0.564101370878535	0.791510781267261
SA597_1500	cds	1.12148016514438	1.65919551599633	1.8347880467894	0.904298193406954	0.365837304487921	NA
SA597_1501	cds	1.89827732973422	0.562699554721264	1.39844825069036	0.402374241909545	0.687408623735166	NA
SA597_1502	cds	6.72795833945766	0.308506356444599	0.743018382234473	0.415206896385026	0.67799045073307	0.850803867535825
SA597_1503	cds	4.21431165800019	-0.417602011550542	0.893277361067013	-0.46749422939782	0.640146319739862	0.8301133053608
SA597_1504	cds	2.28060559936959	0.400564205592489	1.30499715767452	0.306946419949516	0.758884155377521	NA
SA597_1505	cds	3.58671264124454	-0.388176119212097	0.995673923448357	-0.389862695075624	0.696638080509612	NA
SA597_1506	cds	3.82862238128165	0.921877543392057	0.998228215527196	0.923513810822492	0.355739506518076	NA
SA597_1507	cds	1.26145787940699	1.70964982183936	1.82154748302546	0.938570000382181	0.34795156134439	NA
SA597_1508	cds	2.27535505902714	0.0545919636785769	1.23038078942315	0.0443699740339508	0.964609495318456	NA
SA597_1509	cds	18.6588597777838	0.31221886517222	0.461853040247014	0.676013445760224	0.499032108310821	0.767107207816634
SA597_1510	cds	8.65686924044847	0.754047721335068	0.661157125004576	1.14049700565482	0.254079299482627	0.547398645217398
SA597_1511	cds	7.79856178089427	-0.147325026731998	0.663857486858501	-0.221922671128058	0.824374081541546	0.914364875935696
SA597_1512	cds	12.0571697253403	0.759999280140529	0.55920326128446	1.35907519279278	0.174122762824123	0.458304253093683
SA597_1513	cds	0.326438917284117	1.12838177567236	3.19843035194661	0.352792354845435	0.724244115679131	NA
SA597_1514	cds	1.51057953615047	1.04957580787888	1.56152495472366	0.672147956844287	0.501489508811197	NA
SA597_1515	cds	0.714136710867868	0.465883830530996	2.1662816644456	0.215061521397415	0.829719353415969	NA
SA597_1516	cds	0	NA	NA	NA	NA	NA
SA597_1517	cds	0.249017443641925	-1.52880116081559	3.61477840102551	-0.4229308110234	0.672345742225027	NA
SA597_1518	cds	0	NA	NA	NA	NA	NA
SA597_1519	cds	0.143496597596447	-0.589842394113521	4.08029999937606	-0.144558584957899	0.885059398088552	NA
SA597_1520	cds	9.49166848735632	1.00488017740256	0.649919556713854	1.54616085486559	0.122065724785196	0.380629088367789
SA597_1521	cds	28.8626057737692	1.99700278325981	0.429784730434153	4.64651869144468	3.37583558625505e-06	0.000121082408382224
SA597_1522	cds	2.16805196548505	0.257191629012207	1.28941979317477	0.199463068872983	0.841900529638332	NA
SA597_1523	cds	0.431787157110118	1.50885295129027	2.61663987532776	0.576637605165775	0.564184290150825	NA
SA597_1524	cds	0	NA	NA	NA	NA	NA
SA597_1525	cds	6.51443935851187	1.06426418717967	0.793859624751394	1.34062012224511	0.180043820671501	0.463941220149699
SA597_1526	cds	4.19271979433175	1.15664662330011	1.0284721936226	1.12462605257809	0.260747529057139	0.551125459143498
SA597_1527	cds	8.0802145497281	-1.61000303596349	0.68476194546881	-2.35118649133054	0.0187136520355234	0.124312117093119
SA597_1528	cds	8.46801848813916	0.231497764578195	0.672275481744673	0.34434955738296	0.730583419082037	0.872945498603376
SA597_1529	cds	1.7753653180272	1.09397488238723	1.512562941412	0.723259080621123	0.469520727419691	NA
SA597_1530	cds	44.7442488123263	0.495575965617077	0.296941467946542	1.6689348545495	0.0951302911387981	0.329706226431362
SA597_1531	cds	0.17275654808467	0.266607862849256	4.03713777391306	0.0660388319100744	0.947346909522635	NA
SA597_1532	cds	10.4368720801469	2.07804087476123	0.700095696064106	2.96822403914757	0.00299525924723856	0.0355725931169304
SA597_1533	cds	25.0754402351274	1.17189513862332	0.441238362116202	2.65592305483787	0.00790916585245744	0.0740668312827521
SA597_1534	cds	0.431787157110118	1.50885295129027	2.61663987532776	0.576637605165775	0.564184290150825	NA
SA597_1535	cds	2.59822450248941	0.30851408762068	1.18363294891272	0.260650134743275	0.79436232369787	NA
SA597_1536	cds	1.48606744019895	2.14163283928298	1.69985348281894	1.25989260893911	0.207708105364833	NA
SA597_1537	cds	1.81487943323634	0.462475336528582	1.44124573907113	0.320885830910864	0.748296911895362	NA
SA597_1538	cds	2.52664306835093	1.99482624213974	1.38663893373375	1.43860538862006	0.150262358749559	NA
SA597_1539	cds	4.89393787803739	-0.477834959367607	0.825536780486551	-0.578817286718567	0.562712465626766	0.791510781267261
SA597_1540	cds	39.360770102522	-0.0957591676168594	0.341525152971027	-0.280386866922751	0.779180711799233	0.897127318187379
SA597_1541	cds	7.00440120415948	1.63030247357847	0.810398271500385	2.0117299492262	0.0442484117562656	0.202382079999969
SA597_1542	cds	5.40490959799725	1.32763088587658	0.926372647258775	1.43314992061258	0.151814997734799	0.430014054497553
SA597_1543	cds	2.85600833768209	0.489474300347578	1.19031926449995	0.411212617442772	0.680916637168438	NA
SA597_1544	cds	2.51201883466655	-0.167331877835336	1.17691069201161	-0.142178908706596	0.886938690947141	NA
SA597_1545	cds	2.46178044206502	-0.0163605622835053	1.18802992107417	-0.0137711702317336	0.989012543175288	NA
SA597_1546	cds	3.38900318187269	1.52016460477584	1.17780170669905	1.29067957375975	0.196814810447286	NA
SA597_1547	cds	7.36001520527939	0.821991874210124	0.74636702363969	1.10132394408537	0.270755693697852	0.561641922243128
SA597_1548	cds	0.307364738398894	1.05106504191408	3.23859054902674	0.324543972448122	0.745526236998209	NA
SA597_1549	cds	2.26428552866024	-1.5418398433563	1.28590378322171	-1.19903204537852	0.230515485375836	NA
SA597_1550	cds	0.153682369199447	0.151160703051939	4.04334970568065	0.0373850183771064	0.970178017923845	NA
SA597_1551	cds	6.87688096811708	1.03936226445106	0.821225820073451	1.26562297366405	0.205648097044871	0.494349497267758
SA597_1552	cds	4.87507674183559	-0.343819349151404	0.849146444839281	-0.404899945399264	0.68555105851854	0.851183622955169
SA597_1553	cds	7.26460329011595	-2.25680414362188	0.774249820991396	-2.91482682002061	0.00355885965899719	0.0413717435358423
SA597_1554	cds	59.8579647121166	-0.508484160744139	0.248565406638437	-2.04567549290469	0.0407883084665853	0.196623074811557
SA597_1555	cds	11.3353494007398	1.00114794042936	0.648885896531939	1.54287209165762	0.122861813437695	0.380871621656856
SA597_1556	cds	6.51686302475316	0.56428510228727	0.751895636699961	0.750483278189901	0.452963691202194	0.72839694435396
SA597_1557	cds	9.76071222122973	0.586499870817177	0.632414328213031	0.92739813861335	0.353719856741207	0.638756246154024
SA597_1558	cds	6.65675473142799	1.00173201268024	0.812007128680248	1.23364928373024	0.217333619922013	0.501124627754064
SA597_1559	cds	5.19000535395271	1.28509758764668	0.979074858823442	1.31256315701027	0.189330191242942	0.471120695042352
SA597_1560	cds	2.20143312226967	2.68667435579901	1.55737336909892	1.72513182073576	0.0845037191227866	NA
SA597_1561	cds	6.71326193365464	-0.114371698361685	0.803061841057491	-0.142419540456658	0.886748628655877	0.946274778676342
SA597_1562	cds	1.48483846899609	1.20319346053017	1.65163512212921	0.728486240338037	0.466315988571212	NA
SA597_1563	cds	1.29625996006307	0.485218912335558	1.84079103034004	0.26359261009976	0.792093853484408	NA
SA597_1564	cds	1.72730800797479	0.272394051534405	1.47390023608072	0.184811729360146	0.853376707641144	NA
SA597_1565	cds	4.50908331341395	0.375906206738169	1.04177725346069	0.360831651381753	0.718225300183874	0.86934862798829
SA597_1566	cds	6.72307524250433	-0.290330165992198	0.707538871644683	-0.410338113745358	0.681557936896978	0.850803867535825
SA597_1567	cds	27.4495614919537	0.236324257294419	0.382960678248075	0.617097970411815	0.537170107306499	0.78505316215821
SA597_1568	cds	19.5391595609493	0.551558929510698	0.43584741987308	1.26548627882508	0.20569706398506	0.494349497267758
SA597_1569	cds	0.762366627139758	0.655833138202642	2.2404594086274	0.292722615583753	0.769734181973351	NA
SA597_1570	cds	3.96548791059257	1.44442803697561	1.08082070894471	1.33641780271394	0.181412750606852	NA
SA597_1571	cds	0.17275654808467	0.266607862849256	4.03713777391306	0.0660388319100744	0.947346909522635	NA
SA597_1572	cds	3.01641121776424	0.537301158660416	1.10824386847857	0.484822135220149	0.627802519635675	NA
SA597_1573	cds	0.0673040951571122	-0.591757537069432	4.08037509321427	-0.145025279184145	0.884690912881144	NA
SA597_1574	cds	12.0674529876505	-0.312365758972546	0.545744462033167	-0.572366337550783	0.567073816307537	0.791510781267261
SA597_1575	cds	1.91321095587392	1.50190202261154	1.47500562156619	1.01823477866938	0.308566395205164	NA
SA597_1576	cds	4.97291880535258	0.994029711356544	0.910314471930861	1.09196298862317	0.274849369541016	0.562070340531783
SA597_1577	cds	0.153682369199447	0.151160703051939	4.04334970568065	0.0373850183771064	0.970178017923845	NA
SA597_1578	cds	0.641531484880297	-0.726909061467387	2.37179633031661	-0.306480388798963	0.759238909366877	NA
SA597_1579	cds	2.93928765345791	3.14553912233728	1.4692310102389	2.14094250694165	0.0322786747187357	NA
SA597_1580	cds	5.71386214078327	0.645332309328572	0.884699288993539	0.72943690286303	0.465734451175157	0.742652857447252
SA597_1581	cds	1.6492598860923	0.95543630592001	1.59385583206866	0.599449640736926	0.548873082541367	NA
SA597_1582	cds	2.29008180278294	-1.68222761767629	1.57367024582352	-1.06898355747711	0.285077078498522	NA
SA597_1583	cds	1.83239415844857	-3.37401864032205	1.61772765883584	-2.08565305902607	0.0370100613705925	NA
SA597_1584	cds	4.63651994241462	-0.264001410997207	0.951297224594491	-0.27751727238534	0.78138294502032	0.897143381319627
SA597_1585	cds	2.11076103571146	0.753948612662944	1.34770682824949	0.559430728448734	0.575867794906682	NA
SA597_1586	cds	0.210800692753559	0.401023397354802	3.81291790908073	0.105174936077102	0.916236998512372	NA
SA597_1587	cds	0.522478590117453	-2.32072517112052	2.5920296287953	-0.895331266795406	0.37061003093158	NA
SA597_1588	cds	15.0557648330115	0.00238661503667285	0.501261933628889	0.00476121340273125	0.996201115688193	0.999638681024635
SA597_1589	cds	1.72737640109271	-0.351944204255385	1.42191750740553	-0.247513799093418	0.804510613539149	NA
SA597_1590	cds	0	NA	NA	NA	NA	NA
SA597_1591	cds	0.181713348484813	-2.48889673675343	4.07674451622297	-0.61051084433894	0.54152346201155	NA
SA597_1592	cds	7.69243249212227	0.695945973788093	0.696192805193253	0.999645455392071	0.317482117110398	0.61096472990652
SA597_1593	cds	6.78391435294757	0.547833623425777	0.786058025237606	0.696937892415996	0.485841662687934	0.757658333714973
SA597_1594	cds	8.80208103649633	-1.91269666564275	0.665405013026033	-2.8744849049821	0.00404687114230931	0.0451630819481719
SA597_1595	cds	7.90112657467303	-1.07698090737607	0.684061427196657	-1.57439210070597	0.115396828910719	0.370065692713684
SA597_1596	cds	3.99247575157972	1.31130907171787	1.03175934826483	1.27094469647712	0.203748323845536	NA
SA597_1597	cds	6.47814164135596	0.946570486106802	0.800347581369359	1.18269925235141	0.236928360625018	0.526717231987092
SA597_1598	cds	1.14303163288444	-0.993500235868975	1.80588867075441	-0.550144785754671	0.582220070761224	NA
SA597_1599	cds	0.363426696969626	-3.07125053359427	3.45193772490101	-0.889717827595612	0.373617418926999	NA
SA597_1600	cds	1.66014069905352	-1.11794841322278	1.53554846330888	-0.728045021004262	0.466586027285898	NA
SA597_1601	cds	3.40525351878228	0.186224087613771	1.0822949576891	0.172064081321597	0.863387150520228	NA
SA597_1602	cds	0.210800692753559	0.401023397354802	3.81291790908073	0.105174936077102	0.916236998512372	NA
SA597_1603	cds	1.19902519833725	-2.2802351584592	1.87309277431902	-1.21736370441566	0.223465866190105	NA
SA597_1604	cds	11.6399918721993	0.0950893056965932	0.564331231461779	0.1684991019375	0.8661906501203	0.940028438169372
SA597_1605	cds	12.753703328263	-0.439605913382345	0.524799072828985	-0.837665186816361	0.402218770752892	0.677674661394742
SA597_1606	cds	10.0081915043509	-0.665156929930217	0.593174953815587	-1.12135032953028	0.262138770048184	0.5518400448002
SA597_1607	cds	12.4740604203671	-1.13637790471659	0.540833505974147	-2.10116032413663	0.0356268949480417	0.182383553954195
SA597_1608	cds	4.2009522155023	-1.00635304366047	0.943740610467988	-1.06634496014899	0.286267732412828	0.564443090764515
SA597_1609	cds	1.30570662246767	-0.543073769638701	1.90584661537434	-0.284951456878932	0.775681332507163	NA
SA597_1610	cds	5.71728348949465	-1.53177375317384	0.830648717430306	-1.84406924495415	0.0651730493495689	0.261629939115536
SA597_1611	cds	0.580825884874422	0.0901313119329983	2.41547701883411	0.0373140838145926	0.970234576053346	NA
SA597_1612	cds	1.67729086537766	0.231420492916972	1.48242423887692	0.156109490689585	0.875946717594366	NA
SA597_1613	cds	1.87041895666833	0.575941059903674	1.39871956878229	0.411763067278084	0.680513094050835	NA
SA597_1614	cds	10.8814408379013	0.59679151639775	0.597057901213344	0.999553837550676	0.317526472532062	0.61096472990652
SA597_1615	cds	1.47797330854788	0.0411653006190768	1.61502860844986	0.0254888987128148	0.979665003155886	NA
SA597_1616	cds	1.38285127678883	1.65164727251869	1.74852888357898	0.944592501748106	0.34486695658558	NA
SA597_1617	cds	0.259134822127005	0.783589504847009	3.94179180307186	0.198790180708264	0.84242687736122	NA
SA597_1618	cds	2.65847646335833	2.28417951552634	1.47705863770875	1.54643793903106	0.121998837489727	NA
SA597_1619	cds	2.20139730228604	1.76682032605154	1.41914791576146	1.244986732129	0.213136627330468	NA
SA597_1620	cds	2.30591694978089	-1.84553269975809	1.24466649129291	-1.48275277969524	0.138140106066102	NA
SA597_1621	cds	1.57906355584164	-0.991206868537876	1.42528532820802	-0.695444518315569	0.486776769572704	NA
SA597_1622	cds	1.80363729664996	-0.834332765948394	1.4054098296296	-0.593657983855346	0.552740890528173	NA
SA597_1623	cds	0.6761609593169	-1.07986191115051	2.18092606151539	-0.495139165974374	0.620501888808196	NA
SA597_1624	cds	2.59598975679118	-1.10468462147007	1.13664034015181	-0.971885813345788	0.33110735822959	NA
SA597_1625	cds	0.63330056699339	-2.48030867273029	2.64451345078001	-0.937907376496312	0.348292012022877	NA
SA597_1626	cds	0.143496597596447	-0.589842394113521	4.08029999937606	-0.144558584957899	0.885059398088552	NA
SA597_1627	cds	0	NA	NA	NA	NA	NA
SA597_1628	cds	2.78906725759384	-0.635712292664004	1.13945607812432	-0.557908553799163	0.57690683022058	NA
SA597_1629	cds	0.153682369199447	0.151160703051939	4.04334970568065	0.0373850183771064	0.970178017923845	NA
SA597_1630	cds	0.364483061953006	1.2517916804915	2.77893730654224	0.450456970563714	0.652380974045142	NA
SA597_1631	cds	0.469935514880564	1.61904238392279	2.55690912636872	0.633202943047933	0.526601124082533	NA
SA597_1632	cds	0.431787157110118	1.50885295129027	2.61663987532776	0.576637605165775	0.564184290150825	NA
SA597_1633	cds	0.522478590117453	-2.32072517112052	2.5920296287953	-0.895331266795406	0.37061003093158	NA
SA597_1634	cds	0.0863782740423349	-0.589842747063684	4.08030001320842	-0.144558670968873	0.885059330175046	NA
SA597_1635	cds	10.0411220946596	0.860083268230879	0.626272032604405	1.3733381397444	0.169647251010761	0.451996589539736
SA597_1636	cds	0.0673040951571122	-0.591757537069432	4.08037509321427	-0.145025279184145	0.884690912881144	NA
SA597_1637	cds	0	NA	NA	NA	NA	NA
SA597_1638	cds	0	NA	NA	NA	NA	NA
SA597_1639	cds	2.11283790515902	-0.0686388962216989	1.27545312608217	-0.0538153028269553	0.957082317294444	NA
SA597_1640	cds	4.13659401858785	0.86057196002602	0.984276696533937	0.874319145273342	0.381944475911758	NA
SA597_1641	cds	7.45621619532029	0.574563075416133	0.709002556151328	0.81038223407124	0.417720525386345	0.689609624750237
SA597_1642	cds	5.58761356256651	-1.66540160188017	0.801106374060188	-2.07887698288997	0.0376286587926574	0.189160284741467
SA597_1643	cds	1.72472804983761	-0.817584078177752	1.64458785240563	-0.497136152977067	0.619093041610754	NA
SA597_1644	cds	0.0673040951571122	-0.591757537069432	4.08037509321427	-0.145025279184145	0.884690912881144	NA
SA597_1645	cds	0.584344768208264	0.436042390467201	2.46168428194718	0.177131727925034	0.859404920675753	NA
SA597_1646	cds	0.902902596524741	-0.930662934533084	1.94230268864058	-0.47915442838853	0.631828771420689	NA
SA597_1647	cds	0.0863782740423349	-0.589842747063684	4.08030001320842	-0.144558670968873	0.885059330175046	NA
SA597_1648	cds	0	NA	NA	NA	NA	NA
SA597_1649	cds	0.522478590117453	-2.32072517112052	2.5920296287953	-0.895331266795406	0.37061003093158	NA
SA597_1650	cds	0.608856864159788	-1.55541142896962	2.29553140435518	-0.677582291411316	0.498036577285938	NA
SA597_1651	cds	0	NA	NA	NA	NA	NA
SA597_1652	cds	0.0863782740423349	-0.589842747063684	4.08030001320842	-0.144558670968873	0.885059330175046	NA
SA597_1653	cds	0	NA	NA	NA	NA	NA
SA597_1654	cds	0.269216380628449	0.867804197489092	3.86925197646256	0.224282161711907	0.822537755563737	NA
SA597_1655	cds	0.411588220123595	-0.433740587995967	2.78855334322204	-0.155543227835405	0.876393077720668	NA
SA597_1656	cds	0.0673040951571122	-0.591757537069432	4.08037509321427	-0.145025279184145	0.884690912881144	NA
SA597_1657	cds	0	NA	NA	NA	NA	NA
SA597_1658	cds	0	NA	NA	NA	NA	NA
SA597_1659	cds	0.181713348484813	-2.48889673675343	4.07674451622297	-0.61051084433894	0.54152346201155	NA
SA597_1660	cds	0.446217694560198	-0.729792642415262	2.94257943426404	-0.248011195183857	0.804125744860559	NA
SA597_1661	cds	0	NA	NA	NA	NA	NA
SA597_1662	cds	1.11683652370924	0.346289752379128	1.71732804978366	0.201644497929649	0.840194655381965	NA
SA597_1663	cds	0	NA	NA	NA	NA	NA
SA597_1664	cds	0.240060643241782	0.688961921302325	3.59015104527089	0.191903324571777	0.847817933214535	NA
SA597_1665	cds	0	NA	NA	NA	NA	NA
SA597_1666	cds	0	NA	NA	NA	NA	NA
SA597_1667	cds	0	NA	NA	NA	NA	NA
SA597_1668	cds	0	NA	NA	NA	NA	NA
SA597_1669	cds	3.21519181262385	-1.06837898194702	1.10137301656171	-0.970042815541559	0.332025150936405	NA
SA597_1670	cds	5.66130508245276	2.24318174150231	1.00172737669003	2.23931360338216	0.0251355183761394	0.151042831311628
SA597_1671	cds	1.71824699447309	1.0425113341898	1.5137087272113	0.688713300946884	0.491003704256457	NA
SA597_1672	cds	1.8595073025521	1.62698091457638	1.52677565883173	1.06563194478835	0.286590052761841	NA
SA597_1673	cds	0.595655297912566	2.00772270934398	2.53511493856921	0.791965160552885	0.428380990851091	NA
SA597_1674	cds	0.637944208428534	0.26060939552626	2.21394973760301	0.11771242639339	0.906295520400192	NA
SA597_1675	cds	0.402699812841372	-0.321843629936373	2.74869422062455	-0.11708964479259	0.906789015548014	NA
SA597_1676	cds	0.767182874794378	1.01965785665076	2.05337397027725	0.496576790886796	0.619487523199995	NA
SA597_1677	cds	4.9475909408712	-0.481023613997475	0.826741018507563	-0.581831073128344	0.560680471679278	0.791510781267261
SA597_1678	cds	0	NA	NA	NA	NA	NA
SA597_1679	cds	6.09667236855787	-0.989509211965955	0.792143214726256	-1.24915443769585	0.211608592954439	0.49437187112094
SA597_1680	cds	9.30453024874388	-0.352205367521603	0.618115222712282	-0.569805360845394	0.568809719154429	0.791510781267261
SA597_1681	cds	13.2329326891972	-0.0835204880793076	0.527242539396508	-0.158409995094301	0.874133738276146	0.945284158833506
SA597_1682	cds	2.91513513756584	0.287213431355653	1.15791225041467	0.248044211685985	0.804100199460147	NA
SA597_1683	cds	5.87035741596758	-0.305235024117582	0.809501165619838	-0.377065577025899	0.706124871875028	0.862183103952441
SA597_1684	cds	0.229874871638782	0.545837605872166	3.69667641622493	0.147656311890447	0.882614011662787	NA
SA597_1685	cds	0.427143515674975	-0.828139600180586	2.73852672326222	-0.302403329916781	0.762344616601714	NA
SA597_1686	cds	0.746811331588378	0.879833954045467	2.2745192852209	0.386821936293242	0.698888036209003	NA
SA597_1687	cds	0.345408883067783	1.18143587151546	3.13737802260879	0.376567905748595	0.706494742389515	NA
SA597_1688	cds	1.3174514448598	0.681071996994148	1.68906508715335	0.403224246462867	0.686783264217328	NA
SA597_1689	cds	3.6690673994442	0.0226742648772061	0.981098210493328	0.0231111061407448	0.981561646633967	NA
SA597_1690	cds	0.181713348484813	-2.48889673675343	4.07674451622297	-0.61051084433894	0.54152346201155	NA
SA597_1691	cds	0.220986464356559	0.582592012543925	3.70056013947742	0.157433466984865	0.874903239472391	NA
SA597_1692	cds	5.92950854112907	-1.45442063344402	0.813085103800464	-1.7887680227394	0.0736521828180618	0.288843326906135
SA597_1693	cds	0.518165431152453	1.77522971565297	2.43272065300175	0.72973019465367	0.465555120660413	NA
SA597_1694	cds	1.364018097241	-0.324523766795202	1.677787141339	-0.193423682181881	0.8466271699279	NA
SA597_1695	cds	2.04475430487512	0.729382532353801	1.36373368036739	0.534842354379123	0.592758872550073	NA
SA597_1696	cds	2.55888299349974	0.2323359988625	1.18061024982994	0.196793140577906	0.843989419180683	NA
SA597_1697	cds	0.307364738398894	1.05106504191408	3.23859054902674	0.324543972448122	0.745526236998209	NA
SA597_1698	cds	10.9609355901504	0.787474580835719	0.625715100613622	1.25851938056707	0.208203982679854	0.49437187112094
SA597_1699	cds	1.86728572223739	0.273495048656234	1.36507782875132	0.200351249500849	0.841205883674151	NA
SA597_1700	cds	1.44452375864534	-2.4159984319476	1.70203736953742	-1.41947437535065	0.155760762357504	NA
SA597_1701	cds	2.03986966410258	1.19507539866441	1.44936883219878	0.824548846446082	0.409627773167554	NA
SA597_1702	cds	1.44277235230374	-1.36023344603111	1.60681898347374	-0.846538073063129	0.397252643789647	NA
SA597_1703	cds	3.01879061302797	3.23342052721528	1.48079398871242	2.18357215916767	0.028993701209065	NA
SA597_1704	cds	1.41401549050513	0.875170412969777	1.59503044600616	0.548685710144994	0.583221154467239	NA
SA597_1705	cds	0.63330056699339	-2.48030867273029	2.64451345078001	-0.937907376496312	0.348292012022877	NA
SA597_1706	cds	4.00010952169951	0.18558028242997	0.987227508136642	0.187981271693135	0.850891332479522	NA
SA597_1707	cds	0	NA	NA	NA	NA	NA
SA597_1708	cds	0.872703720839856	0.227860870021481	2.09180104887875	0.10893046934058	0.913257639397637	NA
SA597_1709	cds	0.491314376401146	-1.58930220093791	2.89307994439657	-0.549346105701688	0.582767952266608	NA
SA597_1710	cds	0.143496597596447	-0.589842394113521	4.08029999937606	-0.144558584957899	0.885059398088552	NA
SA597_1711	cds	1.25072037532944	-1.8979742271819	1.82288278936772	-1.04119378286534	0.297785620575825	NA
SA597_1712	cds	2.18224150359773	0.603212195091122	1.3846370804574	0.435646425770902	0.663093281514262	NA
SA597_1713	cds	0.424010281244034	-2.55583308435556	3.29117372514098	-0.776571915615327	0.437411376281595	NA
SA597_1714	cds	0.814288032964967	-0.033017985645198	2.00476891921691	-0.0164697214370698	0.986859657604079	NA
SA597_1715	cds	2.73046116086956	-0.0869852825055704	1.14855128749719	-0.0757347829848507	0.939630102629765	NA
SA597_1716	cds	8.48275618286305	-0.92691266046228	0.763877399377713	-1.21343118832601	0.224965008162309	0.509677146923949
SA597_1717	cds	0.0673040951571122	-0.591757537069432	4.08037509321427	-0.145025279184145	0.884690912881144	NA
SA597_1718	cds	2.70719738257002	-1.33006748529565	1.13072175540394	-1.17629954402045	0.239475197927482	NA
SA597_1719	cds	0.833362211850189	0.0191778368517229	2.02164434648279	0.00948625651444975	0.992431175906039	NA
SA597_1720	cds	1.878705040988	-1.44548053499053	1.52500386882555	-0.947853683875398	0.343203946482054	NA
SA597_1721	cds	1.57097574370103	3.32103530961713	1.78985761147648	1.85547458542111	0.0635284851721327	NA
SA597_1722	cds	1.29854987219405	-0.144224945319767	1.58349713016367	-0.09108001686423	0.927429010869006	NA
SA597_1723	cds	0.153682369199447	0.151160703051939	4.04334970568065	0.0373850183771064	0.970178017923845	NA
SA597_1724	cds	0.201912285471336	0.469275494969938	4.02726832755294	0.116524516571033	0.907236857029302	NA
SA597_1725	cds	2.57489387489115	-3.60397201835431	1.44971125243734	-2.48599299501546	0.0129190508555536	NA
SA597_1726	cds	0.143496597596447	-0.589842394113521	4.08029999937606	-0.144558584957899	0.885059398088552	NA
SA597_1727	cds	0	NA	NA	NA	NA	NA
SA597_1728	cds	2.66249957631714	0.166315477599528	1.12721835392703	0.147545040426386	0.88270183159602	NA
SA597_1729	cds	3.11095356039477	-0.286419016529691	1.04526129579053	-0.274016667108174	0.784071813201725	NA
SA597_1730	cds	11.2836601958871	0.575478092755593	0.580736293541945	0.990945630839978	0.321712129270171	0.612680437313158
SA597_1731	cds	0.843375377233713	1.15369543325598	1.98616935493176	0.580864582565074	0.561331724228818	NA
SA597_1732	cds	3.42076763099453	-0.0861632160199254	1.16425284481626	-0.0740073055466949	0.941004572218776	NA
SA597_1733	cds	1.06379035978273	-0.237945838063227	2.06933283195482	-0.114986740841708	0.908455631605389	NA
SA597_1734	cds	1.32903879388513	0.824274934481851	1.75040247837893	0.470905945725822	0.637707901919468	NA
SA597_1735	cds	3.61238377146179	1.28421353465647	1.0641082165781	1.20684486281496	0.227491895069883	NA
SA597_1736	cds	0	NA	NA	NA	NA	NA
SA597_1737	cds	15.6769818728443	0.565402591866933	0.502642934324825	1.1248593250921	0.260648650445966	0.551125459143498
SA597_1738	cds	4.17491498257777	0.595222877231229	0.949096158479418	0.627147072415568	0.530562833526713	NA
SA597_1739	cds	0.181713348484813	-2.48889673675343	4.07674451622297	-0.61051084433894	0.54152346201155	NA
SA597_1740	cds	3.01320959021538	0.758633125753004	1.12094357313585	0.676780833517532	0.498545020550422	NA
SA597_1741	cds	4.72984196458271	0.598110648065117	0.899531057515684	0.664913838235862	0.50610560418362	0.772301827949699
SA597_1742	cds	2.92567073808811	-0.157817354022644	1.13745043932592	-0.138746576172734	0.889650411555474	NA
SA597_1743	cds	4.17023592404286	0.915300671405043	1.00944353118153	0.906737864111829	0.364545435205454	NA
SA597_1744	cds	1.26922152858791	0.579257041066873	1.72715461477296	0.33538227331374	0.737336738262942	NA
SA597_1745	cds	1.91277626030222	-0.799793835377456	1.33471258072213	-0.599225516361537	0.549022509398703	NA
SA597_1746	cds	2.32893972874304	0.462863998433866	1.25934098917927	0.367544614533289	0.713212819312391	NA
SA597_1747	cds	2.20537997878089	-1.55842569102838	1.30995236925393	-1.18968118811523	0.234171721958082	NA
SA597_1748	cds	0.134608190314224	0.0260717689886992	4.05060522065858	0.00643651197004588	0.994864441933606	NA
SA597_1749	cds	0.721189248039928	-0.0733395832439092	2.20827760541081	-0.033211215412505	0.973506154451322	NA
SA597_1750	cds	2.09192785616363	-0.300186735517675	1.33123858763651	-0.225494316575233	0.82159474624682	NA
SA597_1751	cds	5.5869428870216	-1.18367264701418	0.829988434824138	-1.42613149454905	0.153830389294313	0.432563033314378
SA597_1752	cds	2.16519057154652	-0.342262897441749	1.33379571363593	-0.256608185153586	0.797481255706375	NA
SA597_1753	cds	0.594426326709708	0.511986251534396	2.43062779400462	0.210639511650966	0.833168578128671	NA
SA597_1754	cds	1.00483616611846	-0.898411258740988	1.93067401890857	-0.465335551181691	0.641691179549135	NA
SA597_1755	cds	3.60475975248219	0.783402152948086	1.10024956258542	0.712022235307423	0.476451007152041	NA
SA597_1756	cds	1.42420126210813	0.925064553227274	1.58561690334181	0.583409871121851	0.55961741431184	NA
SA597_1757	cds	0.153682369199447	0.151160703051939	4.04334970568065	0.0373850183771064	0.970178017923845	NA
SA597_1758	cds	0.210800692753559	0.401023397354802	3.81291790908073	0.105174936077102	0.916236998512372	NA
SA597_1759	cds	0	NA	NA	NA	NA	NA
SA597_1760	cds	0	NA	NA	NA	NA	NA
SA597_1761	cds	0.0673040951571122	-0.591757537069432	4.08037509321427	-0.145025279184145	0.884690912881144	NA
SA597_1762	cds	0	NA	NA	NA	NA	NA
SA597_1763	cds	0	NA	NA	NA	NA	NA
SA597_1764	cds	0.0863782740423349	-0.589842747063684	4.08030001320842	-0.144558670968873	0.885059330175046	NA
SA597_1765	cds	0	NA	NA	NA	NA	NA
SA597_1766	cds	0	NA	NA	NA	NA	NA
SA597_1767	cds	0	NA	NA	NA	NA	NA
SA597_1768	cds	0.0673040951571122	-0.591757537069432	4.08037509321427	-0.145025279184145	0.884690912881144	NA
SA597_1769	cds	0.0673040951571122	-0.591757537069432	4.08037509321427	-0.145025279184145	0.884690912881144	NA
SA597_1770	cds	0.596766829328704	-0.725342483091249	2.70304590754729	-0.268342643040575	0.78843558502304	NA
SA597_1771	cds	0	NA	NA	NA	NA	NA
SA597_1772	cds	0	NA	NA	NA	NA	NA
SA597_1773	cds	0.143496597596447	-0.589842394113521	4.08029999937606	-0.144558584957899	0.885059398088552	NA
SA597_1774	cds	0	NA	NA	NA	NA	NA
SA597_1775	cds	0	NA	NA	NA	NA	NA
SA597_1776	cds	0	NA	NA	NA	NA	NA
SA597_1777	cds	0	NA	NA	NA	NA	NA
SA597_1778	cds	0	NA	NA	NA	NA	NA
SA597_1779	cds	0	NA	NA	NA	NA	NA
SA597_1780	cds	0.181713348484813	-2.48889673675343	4.07674451622297	-0.61051084433894	0.54152346201155	NA
SA597_1781	cds	0	NA	NA	NA	NA	NA
SA597_1782	cds	0.249017443641925	-1.52880116081559	3.61477840102551	-0.4229308110234	0.672345742225027	NA
SA597_1783	cds	0.268091622527148	-1.52728953514846	3.52028221276744	-0.433854288616195	0.664394255821853	NA
SA597_1784	cds	0.0863782740423349	-0.589842747063684	4.08030001320842	-0.144558670968873	0.885059330175046	NA
SA597_1785	cds	0.0673040951571122	-0.591757537069432	4.08037509321427	-0.145025279184145	0.884690912881144	NA
SA597_1786	cds	0.0863782740423349	-0.589842747063684	4.08030001320842	-0.144558670968873	0.885059330175046	NA
SA597_1787	cds	0	NA	NA	NA	NA	NA
SA597_1788	cds	0.0673040951571122	-0.591757537069432	4.08037509321427	-0.145025279184145	0.884690912881144	NA
SA597_1789	cds	0	NA	NA	NA	NA	NA
SA597_1790	cds	0	NA	NA	NA	NA	NA
SA597_1791	cds	0.181713348484813	-2.48889673675343	4.07674451622297	-0.61051084433894	0.54152346201155	NA
SA597_1792	cds	0.374668833556006	1.33979179983095	3.00005986556097	0.44658835485619	0.655172305216702	NA
SA597_1793	cds	0	NA	NA	NA	NA	NA
SA597_1794	cds	0.273461146475528	-2.5609900062129	3.85473596947409	-0.664374947206125	0.506450363291634	NA
SA597_1795	cds	0.268091622527148	-1.52728953514846	3.52028221276744	-0.433854288616195	0.664394255821853	NA
SA597_1796	cds	0.181713348484813	-2.48889673675343	4.07674451622297	-0.61051084433894	0.54152346201155	NA
SA597_1797	cds	0.0673040951571122	-0.591757537069432	4.08037509321427	-0.145025279184145	0.884690912881144	NA
SA597_1798	cds	0	NA	NA	NA	NA	NA
SA597_1799	cds	0.0673040951571122	-0.591757537069432	4.08037509321427	-0.145025279184145	0.884690912881144	NA
SA597_1800	cds	0.0863782740423349	-0.589842747063684	4.08030001320842	-0.144558670968873	0.885059330175046	NA
SA597_1801	cds	0	NA	NA	NA	NA	NA
SA597_1802	cds	0.181713348484813	-2.48889673675343	4.07674451622297	-0.61051084433894	0.54152346201155	NA
SA597_1803	cds	0.153682369199447	0.151160703051939	4.04334970568065	0.0373850183771064	0.970178017923845	NA
SA597_1804	cds	0.17275654808467	0.266607862849256	4.03713777391306	0.0660388319100744	0.947346909522635	NA
SA597_1805	cds	0.0673040951571122	-0.591757537069432	4.08037509321427	-0.145025279184145	0.884690912881144	NA
SA597_1806	cds	0.364483061953006	1.2517916804915	2.77893730654224	0.450456970563714	0.652380974045142	NA
SA597_1807	cds	0	NA	NA	NA	NA	NA
SA597_1808	cds	0.0863782740423349	-0.589842747063684	4.08030001320842	-0.144558670968873	0.885059330175046	NA
SA597_1809	cds	0	NA	NA	NA	NA	NA
SA597_1810	cds	0	NA	NA	NA	NA	NA
SA597_1811	cds	0.0863782740423349	-0.589842747063684	4.08030001320842	-0.144558670968873	0.885059330175046	NA
SA597_1812	cds	0	NA	NA	NA	NA	NA
SA597_1813	cds	0.134608190314224	0.0260717689886992	4.05060522065858	0.00643651197004588	0.994864441933606	NA
SA597_1814	cds	0	NA	NA	NA	NA	NA
SA597_1815	cds	1.10010284744301	-0.651139288690934	1.92464696979848	-0.338316220537375	0.735124901436493	NA
SA597_1816	cds	0.286993195192894	0.842918101631456	3.8171349647936	0.220824809551117	0.825228845175245	NA
SA597_1817	cds	0.0673040951571122	-0.591757537069432	4.08037509321427	-0.145025279184145	0.884690912881144	NA
SA597_1818	cds	0.134608190314224	0.0260717689886992	4.05060522065858	0.00643651197004588	0.994864441933606	NA
SA597_1819	cds	0.0863782740423349	-0.589842747063684	4.08030001320842	-0.144558670968873	0.885059330175046	NA
SA597_1820	cds	0.249017443641925	-1.52880116081559	3.61477840102551	-0.4229308110234	0.672345742225027	NA
SA597_1821	cds	0	NA	NA	NA	NA	NA
SA597_1822	cds	0	NA	NA	NA	NA	NA
SA597_1823	cds	0.201912285471336	0.469275494969938	4.02726832755294	0.116524516571033	0.907236857029302	NA
SA597_1824	cds	3.81249560392272	0.42224735325865	0.994395801518562	0.424627047513502	0.67110857258023	NA
SA597_1825	cds	0.871578962738555	-0.889706799773261	2.11890117725404	-0.419890653383969	0.674565336005073	NA
SA597_1826	cds	0.359839420517863	-1.59166982809088	3.17603717528783	-0.501149621445044	0.616265826536178	NA
SA597_1827	cds	7.08845524937084	0.103531646712868	0.710715771105622	0.145672364286795	0.884180038714642	0.946274778676342
SA597_1828	cds	18.9380596824686	0.385194424418333	0.455191427712623	0.846225128522234	0.397427166299274	0.677591894909377
SA597_1829	cds	0	NA	NA	NA	NA	NA
SA597_1830	cds	4.10974450765575	-0.946085887099482	0.952777688193937	-0.992976534634076	0.320721389960877	NA
SA597_1831	cds	1.86612514415245	-1.02766638144026	1.41530608686856	-0.72610892511176	0.467771998027239	NA
SA597_1832	cds	0.0673040951571122	-0.591757537069432	4.08037509321427	-0.145025279184145	0.884690912881144	NA
SA597_1833	cds	0.589714292156644	0.0110124326199471	2.46335517522304	0.00447050134333552	0.996433067880192	NA
SA597_1834	cds	0.430730792126738	-2.12846624022136	2.98227716428824	-0.71370503912548	0.475409589774526	NA
SA597_1835	cds	1.40753597895983	-0.551927050273856	1.57920065384516	-0.349497734141625	0.726715671596525	NA
SA597_1836	cds	0.518165431152453	1.77522971565297	2.43272065300175	0.72973019465367	0.465555120660413	NA
SA597_1837	cds	0.220986464356559	0.582592012543925	3.70056013947742	0.157433466984865	0.874903239472391	NA
SA597_1838	cds	3.09887520842964	3.31581936828154	1.44942315255575	2.28768207713172	0.0221560421918694	NA
SA597_1839	cds	0.446217694560198	-0.729792642415262	2.94257943426404	-0.248011195183857	0.804125744860559	NA
SA597_1840	cds	1.37009873319824	-1.20468775256867	1.68086780296471	-0.716705829241207	0.473555628307119	NA
SA597_1841	cds	0.0863782740423349	-0.589842747063684	4.08030001320842	-0.144558670968873	0.885059330175046	NA
SA597_1842	cds	0.570640113271422	-0.0706204708156288	2.32330744605559	-0.0303965241171697	0.975750816929102	NA
SA597_1843	cds	0	NA	NA	NA	NA	NA
SA597_1844	cds	0	NA	NA	NA	NA	NA
SA597_1845	cds	3.83752551853268	-0.785201122220242	0.978732195228956	-0.802263505837324	0.422400547905504	NA
SA597_1846	cds	3.00792168607008	1.7072339829752	1.24747342148755	1.36855339245578	0.171138921386792	NA
SA597_1847	cds	0	NA	NA	NA	NA	NA
SA597_1848	cds	0	NA	NA	NA	NA	NA
SA597_1849	cds	0	NA	NA	NA	NA	NA
SA597_1850	cds	8.73951672940888	-0.35463524464417	0.647932417684601	-0.547333695559586	0.584149498437225	0.799766991929987
SA597_1851	cds	0.278104787910671	0.853807386329895	3.40645166405163	0.250644210026564	0.802089197828311	NA
SA597_1852	cds	1.01155667700116	-0.810659638254606	1.83249704741096	-0.442379778674103	0.658214409285233	NA
SA597_1853	cds	1.94113772205773	0.820847188617447	1.38777080355044	0.59148613482674	0.554194742532478	NA
SA597_1854	cds	0.259134822127005	0.783589504847009	3.94179180307186	0.198790180708264	0.84242687736122	NA
SA597_1855	cds	0	NA	NA	NA	NA	NA
SA597_1856	cds	32.4435557357483	0.050455884695786	0.354073909126305	0.142500995965188	0.886684292733305	0.946274778676342
SA597_1857	cds	1.72744479421063	-0.943402303305417	1.51789133424426	-0.621521634666376	0.534256464276737	NA
SA597_1858	cds	0	NA	NA	NA	NA	NA
SA597_1859	cds	0	NA	NA	NA	NA	NA
SA597_1860	cds	0	NA	NA	NA	NA	NA
SA597_1861	cds	0	NA	NA	NA	NA	NA
SA597_1862	cds	0.402699812841372	-0.321843629936373	2.74869422062455	-0.11708964479259	0.906789015548014	NA
SA597_1863	cds	0.0673040951571122	-0.591757537069432	4.08037509321427	-0.145025279184145	0.884690912881144	NA
SA597_1864	cds	0.967902009046493	1.40196624707565	1.96302224366194	0.714187652025962	0.475111151288551	NA
SA597_1865	cds	0.143496597596447	-0.589842394113521	4.08029999937606	-0.144558584957899	0.885059398088552	NA
SA597_1866	cds	0	NA	NA	NA	NA	NA
SA597_1867	cds	0	NA	NA	NA	NA	NA
SA597_1868	cds	0.393743012441229	1.40385094493479	2.95155303491958	0.475631278966003	0.634337087370304	NA
SA597_1869	cds	0.0673040951571122	-0.591757537069432	4.08037509321427	-0.145025279184145	0.884690912881144	NA
SA597_1870	cds	0	NA	NA	NA	NA	NA
SA597_1871	cds	0	NA	NA	NA	NA	NA
SA597_1872	cds	0	NA	NA	NA	NA	NA
SA597_1873	cds	0	NA	NA	NA	NA	NA
SA597_1874	cds	2.93602911591058	-0.466808368188794	1.06385568871543	-0.438789182725006	0.660814299095306	NA
SA597_1875	cds	0.748834578422392	-1.34666934910124	2.46132840758881	-0.547131112186887	0.584288659016521	NA
SA597_1876	cds	0.594357933591788	1.93889654790216	2.32246314607978	0.834844915052769	0.403805033130335	NA
SA597_1877	cds	1.1037585170127	-2.58466538505667	2.00904774988173	-1.28651267009897	0.198264199862905	NA
SA597_1878	cds	0	NA	NA	NA	NA	NA
SA597_1879	cds	0	NA	NA	NA	NA	NA
SA597_1880	cds	6.35504245606247	-0.764639648002559	0.7864498599029	-0.972267511239644	0.330917482164511	0.618864383132315
SA597_1881	cds	3.75551561042366	-1.6918141829773	1.01706465945066	-1.66342834475352	0.0962267231936243	NA
SA597_1882	cds	1.25385360976038	-1.03196291188222	1.65588971875363	-0.623207512067272	0.533148165856187	NA
SA597_1883	cds	0.201912285471336	0.469275494969938	4.02726832755294	0.116524516571033	0.907236857029302	NA
SA597_1884	cds	75.4935416800754	2.15734553284282	0.276828813068596	7.79306716280377	6.54018343563699e-15	1.82471117854272e-12
SA597_1885	cds	12.0198261851316	2.06680762840925	0.683915362516857	3.02202252162205	0.00251091865866826	0.0318430138985656
SA597_1886	cds	0.229874871638782	0.545837605872166	3.69667641622493	0.147656311890447	0.882614011662787	NA
SA597_1887	cds	5.64849026550822	-0.0566078710581756	0.819580618960187	-0.0690693139254498	0.944934446617725	0.971269746516819
SA597_1888	cds	4.11447608840443	3.60065374960965	1.41803638951693	2.53918289842777	0.0111111719403727	NA
SA597_1889	cds	0.871406356519078	0.0845595098304465	1.98114193610401	0.0426822068068157	0.965954863554011	NA
SA597_1890	cds	23.4136590298519	-0.867237622162954	0.395617597268742	-2.19211083670235	0.0283715044597312	0.156745539490396
SA597_1891	cds	2.83504765766313	-1.43546037233084	1.15026136076464	-1.2479427904773	0.212052008745942	NA
SA597_1892	cds	1.24495043197378	0.066489015934256	1.75021201764786	0.0379891208972567	0.969696356034535	NA
SA597_1893	cds	0.546196410437819	0.306229815257112	2.30940460565583	0.132601197082201	0.894508785647646	NA
SA597_1894	cds	29.3467370448028	-0.979560094989493	0.346190751604367	-2.82953860104545	0.0046615176352356	0.0510024870678719
SA597_1895	cds	21.5391683569754	-0.531524250446962	0.421118498579908	-1.26217264793488	0.206886668603161	0.494349497267758
SA597_1896	cds	1.88777928117486	-0.0936890814337202	1.44767894541958	-0.0647167534833258	0.94839952343494	NA
SA597_1897	cds	1.94711454779729	2.59228944950929	1.59449203277827	1.62577761206648	0.103996972602487	NA
SA597_1898	cds	0.286993195192894	0.842918101631456	3.8171349647936	0.220824809551117	0.825228845175245	NA
SA597_1899	cds	0.134608190314224	0.0260717689886992	4.05060522065858	0.00643651197004588	0.994864441933606	NA
SA597_1900	cds	0.316253145681117	1.02683618396731	3.25966757589216	0.315012546543575	0.75275212772712	NA
SA597_1901	cds	0.756928710073457	2.27241633496929	2.19167785697706	1.03683866118153	0.299811054389318	NA
SA597_1902	cds	3.66839056359976	2.02233732444937	1.15875525376566	1.74526701637578	0.0809384005333111	NA
SA597_1903	cds	0.240060643241782	0.688961921302325	3.59015104527089	0.191903324571777	0.847817933214535	NA
SA597_1904	cds	0	NA	NA	NA	NA	NA
SA597_1905	cds	0	NA	NA	NA	NA	NA
SA597_1906	cds	0	NA	NA	NA	NA	NA
SA597_1907	cds	0.491314376401146	-1.58930220093791	2.89307994439657	-0.549346105701688	0.582767952266608	NA
SA597_1908	cds	2.56022079428447	1.14970800354128	1.38096660462976	0.832538599910257	0.405104999872259	NA
SA597_1909	cds	0.393743012441229	1.40385094493479	2.95155303491958	0.475631278966003	0.634337087370304	NA
SA597_1910	cds	1.00674042934654	-1.49185376132053	1.91510492187847	-0.778993226051143	0.435983705084718	NA
SA597_1911	cds	0.546196410437819	0.306229815257112	2.30940460565583	0.132601197082201	0.894508785647646	NA
SA597_1912	cds	5.01648880640131	5.03583296579341	1.3636778079113	3.69283194063751	0.000221770587797666	0.0049499195196439
SA597_1913	cds	3.19940720060102	3.29137634373505	1.46638229203109	2.24455543525158	0.0247966863887655	NA
SA597_1914	cds	0.0673040951571122	-0.591757537069432	4.08037509321427	-0.145025279184145	0.884690912881144	NA
SA597_1915	cds	1.23824314777624	3.04145241669991	1.83702449300499	1.65564064511993	0.0977946139186445	NA
SA597_1916	cds	1.90760043258814	3.62316308241147	1.65969557398298	2.18302870671427	0.0290336960521908	NA
SA597_1917	cds	1.16851693019705	1.69757555739266	1.87708658010164	0.904367212140391	0.365800718043694	NA
SA597_1918	cds	2.20614515682274	2.78695050139205	1.53949474483879	1.81030205574615	0.070248958439439	NA
SA597_1919	cds	0.17275654808467	0.266607862849256	4.03713777391306	0.0660388319100744	0.947346909522635	NA
SA597_1920	cds	1.04521926958713	2.76417341299585	1.91823641730623	1.4409972556342	0.149585458109578	NA
SA597_1921	cds	0.143496597596447	-0.589842394113521	4.08029999937606	-0.144558584957899	0.885059398088552	NA
SA597_1922	cds	1.71798490512086	-2.68468397144343	1.59208109301655	-1.68627338344726	0.0917431551862815	NA
SA597_1923	cds	5.10352322915712	0.882369207777956	0.935874759259207	0.942828299457928	0.3457687341437	0.62846564707552
SA597_1924	cds	9.21420984996633	-0.666239987761386	0.694207824831732	-0.959712587398269	0.337199886398931	0.619804600377311
SA597_1925	cds	2.57691557790596	-1.12954289769425	1.15736326422408	-0.975962286526796	0.329083153732634	NA
SA597_1926	cds	1.27980771959819	-0.643021681689831	1.80651220679176	-0.355946491406107	0.721880637766341	NA
SA597_1927	cds	4.10168465216911	-0.153623660181368	0.93670025838727	-0.164005143380513	0.869727094807596	NA
SA597_1928	cds	3.72821394866094	-0.536478118010963	0.972142285463146	-0.551851437832863	0.581050142179539	NA
SA597_1929	cds	1.18895686652097	0.846578090773825	1.76510702338627	0.47961856111688	0.631498645718199	NA
SA597_1930	cds	5.02994610195474	0.56012633888509	0.8923004094397	0.627732917030498	0.530178917918799	0.784721050924907
SA597_1931	cds	2.07613310509407	-1.88614575585049	1.449663761329	-1.30109188500465	0.193227005128218	NA
SA597_1932	cds	0.0673040951571122	-0.591757537069432	4.08037509321427	-0.145025279184145	0.884690912881144	NA
SA597_1933	cds	1.69773080170158	-0.268586984697301	1.42797419199627	-0.188089523047908	0.85080647391926	NA
SA597_1934	cds	0.416957744071975	-1.59004903520421	3.04895045824276	-0.521507009372864	0.602013623973367	NA
SA597_1935	cds	0.364483061953006	1.2517916804915	2.77893730654224	0.450456970563714	0.652380974045142	NA
SA597_1936	cds	1.94538248790481	-0.000133737076611302	1.34675341334787	-9.93033136473343e-05	0.999920767419334	NA
SA597_1937	cds	1.46689059203138	-1.49532002706989	1.72465839898687	-0.867023885975509	0.385928922356005	NA
SA597_1938	cds	4.04330651625712	-0.850663007679961	0.937274992267752	-0.907591704353242	0.364093978817531	NA
SA597_1939	cds	2.76973427674131	0.412281336807355	1.20954619164941	0.340856215044706	0.73321182828583	NA
SA597_1940	cds	11.8059502683454	1.43995174730687	0.616557482608354	2.33547039477185	0.0195188607334698	0.127198050840767
SA597_1941	cds	10.3812815783203	-0.00642574124495272	0.582886132983443	-0.0110240077458409	0.991204292577	0.998926118844917
SA597_1942	cds	5.21634507215785	0.211815192859673	0.837668147108083	0.252862895158341	0.800374163208216	0.902743391714277
SA597_1943	cds	2.06181498806652	-1.31097366326488	1.31952730464051	-0.993517647307829	0.320457754773391	NA
SA597_1944	cds	1.27169881744275	-2.48467551319928	1.75861350679247	-1.41286047423295	0.157696752808598	NA
SA597_1945	cds	0.0863782740423349	-0.589842747063684	4.08030001320842	-0.144558670968873	0.885059330175046	NA
SA597_1946	cds	0.316253145681117	1.02683618396731	3.25966757589216	0.315012546543575	0.75275212772712	NA
SA597_1947	cds	1.82919098708049	0.288781748801123	1.46173311676954	0.197561200117937	0.843388394222337	NA
SA597_1948	cds	3.10412381704633	-2.27564769347755	1.24917837048123	-1.82171557501503	0.0684981534701912	NA
SA597_1949	cds	3.4612273349021	0.353556902561918	1.08812040041477	0.324924431549255	0.745238265596569	NA
SA597_1950	cds	0.32520994608126	-1.52805464581154	3.30151042816959	-0.462835020230033	0.64348262705709	NA
SA597_1951	cds	0	NA	NA	NA	NA	NA
SA597_1952	cds	0	NA	NA	NA	NA	NA
SA597_1953	cds	0	NA	NA	NA	NA	NA
SA597_1954	cds	0	NA	NA	NA	NA	NA
SA597_1955	cds	0.34076524163264	-1.59403081819311	3.2352685358705	-0.492704330573974	0.622221517293827	NA
SA597_1956	cds	0.134608190314224	0.0260717689886992	4.05060522065858	0.00643651197004588	0.994864441933606	NA
SA597_1957	cds	3.08891875329808	-0.912711127907709	1.08791434063625	-0.838954956117153	0.401494586839927	NA
SA597_1958	cds	10.0367889866151	-0.509567740566835	0.577007671985065	-0.883121256973556	0.377170760211306	0.663717452689453
SA597_1959	cds	0.143496597596447	-0.589842394113521	4.08029999937606	-0.144558584957899	0.885059398088552	NA
SA597_1960	cds	21.8374764291217	-0.948356828154434	0.398602721798768	-2.37920309192772	0.0173501138866569	0.119523006774748
SA597_1961	cds	42.2711413819998	-0.0222496409156316	0.294985122332957	-0.0754263155364081	0.939875522072011	0.969409503357084
SA597_1962	cds	13.6964830956013	-0.366076309790411	0.506392232882592	-0.722910593842554	0.469734814552625	0.744636438978309
SA597_1963	cds	44.7986003665051	0.17448175298458	0.292013229767281	0.597513178165363	0.550164811294924	0.78968438895501
SA597_1964	cds	5.01770435117251	-1.25431727866746	0.837152523498983	-1.49831391945745	0.134051709294296	0.39787688184158
SA597_1965	cds	11.6382017208374	-0.712921011984025	0.571624217413087	-1.24718475926437	0.212329759887157	0.49437187112094
SA597_1966	cds	7.96047045150031	-0.0695645059159714	0.691276426455496	-0.10063196610459	0.919842620222268	0.962987208412805
SA597_1967	cds	15.7855718476691	0.0625161744093702	0.542362312531223	0.115266442680365	0.9082339358985	0.961659461539588
SA597_1968	cds	1.76384174563947	-0.229500738890709	1.39946194967927	-0.163992124932947	0.86973734327596	NA
SA597_1969	cds	7.97060065378668	0.0102513784956767	0.675704915932847	0.0151713836231665	0.987895451595268	0.998926118844917
SA597_1970	cds	7.51744577428412	-0.473349619456187	0.681702503924264	-0.694363914950172	0.487454017569311	0.757658333714973
SA597_1971	cds	17.1298113175178	0.291582338634326	0.470404526796346	0.619854448723368	0.535353617553	0.78505316215821
SA597_1972	cds	9.3615654086757	-0.0917615581892432	0.613600824626918	-0.149546015106867	0.881122802756722	0.946274778676342
SA597_1973	cds	0	NA	NA	NA	NA	NA
SA597_1974	cds	0.594426326709708	0.511986251534396	2.43062779400462	0.210639511650966	0.833168578128671	NA
SA597_1975	cds	1.5556078248735	1.90185732444032	1.69227107346101	1.12384910093078	0.261077047296793	NA
SA597_1976	cds	1.65537349806769	1.26740731870202	1.55333162121491	0.815928357726175	0.414541112067889	NA
SA597_1977	cds	1.4479190824285	2.10356331570384	1.69551195426836	1.24066557620442	0.214729316020198	NA
SA597_1978	cds	8.11187226020476	1.25736880846601	0.816618734985793	1.53972564502562	0.123627242969528	0.381127080535894
SA597_1979	cds	7.34215831473107	-0.134460083879698	0.690694732952206	-0.194673677769311	0.845648419739459	0.923479678246159
SA597_1980	cds	11.0193807784985	0.0917526039013167	0.592649241847569	0.154817719187964	0.876965021745445	0.946274778676342
SA597_1981	cds	7.61365889061042	1.8581362135693	0.837926951012819	2.2175396212323	0.0265862386624619	0.153225070729324
SA597_1982	cds	5.51795463770546	0.486663532194422	0.808004975236225	0.602302643064968	0.546972701812084	0.78968438895501
SA597_1983	cds	0	NA	NA	NA	NA	NA
SA597_1984	cds	47.7640301601253	-0.615763057453418	0.292173378104287	-2.10752622791537	0.0350719906753475	0.181518270070709
SA597_1985	cds	0.273461146475528	-2.5609900062129	3.85473596947409	-0.664374947206125	0.506450363291634	NA
SA597_1986	cds	4.64699734437859	0.360910159488567	0.929799366912805	0.388159179637743	0.697898239392536	0.8573099923828
SA597_1987	cds	1.70565387095238	-0.853457404552372	1.57628152350659	-0.541437168313548	0.588206294252553	NA
SA597_1988	cds	0.0863782740423349	-0.589842747063684	4.08030001320842	-0.144558670968873	0.885059330175046	NA
SA597_1989	cds	0.459818136395484	-0.0953091964398681	2.64717540981159	-0.0360041106783519	0.971279081233605	NA
SA597_1990	cds	2.37231798026054	1.76462316203443	1.41643212037166	1.24582261066729	0.212829526669713	NA
SA597_1991	cds	1.39062815265491	3.17995868768814	1.76632121079328	1.80032865384658	0.0718087590271392	NA
SA597_1992	cds	3.20072715822027	2.1480872004651	1.3049770253789	1.64607281100708	0.0997487693961717	NA
SA597_1993	cds	3.17536542045834	-1.16250525732511	1.11962327155411	-1.03830037018744	0.299130236409762	NA
SA597_1994	cds	3.65369948061667	-0.524144755819231	0.982181046674809	-0.533653909932117	0.593581002617606	NA
SA597_1995	cds	13.0537111969342	0.749675564724762	0.564030637768173	1.32913979228358	0.183801854203632	0.468317053176376
SA597_1996	cds	8.35482497932916	0.0681827042092139	0.651738380685524	0.104616677841647	0.916679980324136	0.962987208412805
SA597_1997	cds	1.63507034797961	0.490416082966931	1.48189262086034	0.330939014111704	0.740690551809422	NA
SA597_1998	cds	26.2810311812934	1.23294762435504	0.411628101670231	2.99529507181898	0.00274179466920074	0.0339982538980892
SA597_1999	cds	0.33539571768426	-0.775739324919161	2.9537037404855	-0.262632746231906	0.792833657968799	NA
SA597_2000	cds	4.2485064368651	-1.59870422200014	0.917220239755259	-1.742988382405	0.0813356441672667	0.301269355341223
SA597_2001	cds	0	NA	NA	NA	NA	NA
SA597_2002	cds	3.10397096015984	-2.62304506077166	1.19058769733664	-2.20315149118326	0.0275840729997218	NA
SA597_2003	cds	2.03719867901345	-0.594159764805881	1.33575159723546	-0.44481306706695	0.656454850395808	NA
SA597_2004	cds	0.54732116853912	1.86540286566258	2.67779106885136	0.696620019149869	0.486040624112141	NA
SA597_2005	cds	3.49679459360003	3.43616374984288	1.4129941774885	2.43183149979458	0.0150226942252738	NA
SA597_2006	cds	4.86474477684787	0.22735040504414	0.879530728896172	0.258490576366182	0.79602832083799	0.902743391714277
SA597_2007	cds	0.153682369199447	0.151160703051939	4.04334970568065	0.0373850183771064	0.970178017923845	NA
SA597_2008	cds	0.181713348484813	-2.48889673675343	4.07674451622297	-0.61051084433894	0.54152346201155	NA
SA597_2009	cds	1.09010290874465	1.49390999928927	1.98492849257023	0.752626608404844	0.451674323503292	NA
SA597_2010	cds	0.949952588262571	2.64802663538066	1.97833827748772	1.338510539635	0.180730066935364	NA
SA597_2011	cds	23.112184168416	0.491760296009398	0.421020906292068	1.1680187103779	0.242799217784691	0.533393557180542
SA597_2012	cds	1.10145383437734	-0.220713924662428	1.83695888558353	-0.120151804373301	0.904362895637931	NA
SA597_2013	cds	1.27124477542192	-0.874895764638804	1.73738668887948	-0.503569971059847	0.614563598876869	NA
SA597_2014	cds	0.153682369199447	0.151160703051939	4.04334970568065	0.0373850183771064	0.970178017923845	NA
SA597_2015	cds	0.506923294566072	-2.13400239951712	2.84948762710691	-0.748907410306526	0.453913013618388	NA
SA597_2016	cds	0.99224149877854	1.20594197015979	1.94066963570869	0.621405079963241	0.534333130482801	NA
SA597_2017	cds	0.778493404498679	2.39821268172042	2.35307080509359	1.01918424066505	0.308115506912795	NA
SA597_2018	cds	10.7583675149342	-0.218516036698333	0.601134485850863	-0.363506073668423	0.716226876652642	0.869154549011722
SA597_2019	cds	1.7054944508825	-1.02581405887056	1.43115347159293	-0.716774321714628	0.47351335844547	NA
SA597_2020	cds	1.92519832142266	-1.42945375658866	1.36381356026915	-1.04812988976774	0.294578766857823	NA
SA597_2021	cds	1.6012709691578	-0.487976117785233	1.44151123692226	-0.338517040510277	0.734973587823922	NA
SA597_2022	cds	9.42300594481909	0.935041789969195	0.672693045793016	1.38999770521918	0.164529574193266	0.447841475121182
SA597_2023	cds	2.55905559971922	-0.159465378061943	1.15705614872072	-0.137819913267177	0.890382746031187	NA
SA597_2024	cds	0	NA	NA	NA	NA	NA
SA597_2025	cds	0.584172161988788	1.87864840454747	2.41777571847663	0.777015167366787	0.437149821843684	NA
SA597_2026	cds	1.98384023813057	-1.48830790969357	1.38789595111664	-1.07234833309813	0.283563605189849	NA
SA597_2027	cds	4.92581478811733	-0.700333488876577	0.906006797496101	-0.772989221286268	0.439528759705079	0.715035125117884
SA597_2028	cds	1.20008156332063	0.0934391405825707	1.71135708577168	0.0545994412033754	0.95645758395142	NA
SA597_2029	cds	0.743465054474012	-0.702496020770946	2.10040690809981	-0.334457108316445	0.738034651723526	NA
SA597_2030	cds	4.25027893322152	-0.0132114812278258	0.907174214991996	-0.0145633341529029	0.988380551256544	0.998926118844917
SA597_2031	cds	0.51352178971731	-0.274772459104139	2.55155255057026	-0.107688340200059	0.914242918895606	NA
SA597_2032	cds	0.0673040951571122	-0.591757537069432	4.08037509321427	-0.145025279184145	0.884690912881144	NA
SA597_2033	cds	2.37604488691363	0.0233506383038551	1.25941968067263	0.0185407919712547	0.985207435863625	NA
SA597_2034	cds	0.430730792126738	-2.12846624022136	2.98227716428824	-0.71370503912548	0.475409589774526	NA
SA597_2035	cds	0.752353461756234	-0.833424958817839	2.01966181122698	-0.412655700169684	0.679858885796481	NA
SA597_2036	cds	0.273461146475528	-2.5609900062129	3.85473596947409	-0.664374947206125	0.506450363291634	NA
SA597_2037	cds	2.72980367147425	0.238424945640751	1.11771341162379	0.213314918798704	0.831081337821704	NA
SA597_2038	cds	6.42088633181952	-1.63913172756028	0.77333097910522	-2.11957334161995	0.0340420426175709	0.181518270070709
SA597_2039	cds	0.637944208428534	0.26060939552626	2.21394973760301	0.11771242639339	0.906295520400192	NA
SA597_2040	cds	7.70932380435711	-1.55835241522992	0.704240241866417	-2.21281364311117	0.0269104962929637	0.153225070729324
SA597_2041	cds	2.67263630125134	-1.6878807391731	1.17016492827856	-1.4424297792416	0.149181167991334	NA
SA597_2042	cds	0.0863782740423349	-0.589842747063684	4.08030001320842	-0.144558670968873	0.885059330175046	NA
SA597_2043	cds	0.0673040951571122	-0.591757537069432	4.08037509321427	-0.145025279184145	0.884690912881144	NA
SA597_2044	cds	0	NA	NA	NA	NA	NA
SA597_2045	cds	0.446217694560198	-0.729792642415262	2.94257943426404	-0.248011195183857	0.804125744860559	NA
SA597_2046	cds	1.88618729490314	0.997116898477188	1.48798189630119	0.670113595438097	0.502785378776623	NA
SA597_2047	cds	6.05386260725794	-0.298154586552849	0.762194008619692	-0.391179388949537	0.695664642176995	0.856911413542523
SA597_2048	cds	2.00150826364871	0.5640360980919	1.47592341328562	0.38215810726674	0.702344093323044	NA
SA597_2049	cds	2.05313962346773	-0.965610107396132	1.29591868454653	-0.745116278444602	0.456201429111503	NA
SA597_2050	cds	0.976927202564557	-0.565711200972528	1.89188896418468	-0.299019240389895	0.764925365099181	NA
SA597_2051	cds	0.210800692753559	0.401023397354802	3.81291790908073	0.105174936077102	0.916236998512372	NA
SA597_2052	cds	0.517109066169073	-1.38689426712137	2.56906533380021	-0.53984390699393	0.58930468432468	NA
SA597_2053	cds	0.181713348484813	-2.48889673675343	4.07674451622297	-0.61051084433894	0.54152346201155	NA
SA597_2054	cds	0.316321538799037	-0.89703510255552	3.30285119618121	-0.271594161914615	0.785934088898211	NA
SA597_2055	cds	0.700604662150503	-1.70926457217999	2.35680835619238	-0.725245464990397	0.46830145539672	NA
SA597_2056	cds	0.546922292951056	-3.44656378660011	2.98402119592562	-1.15500646956062	0.24808777715325	NA
SA597_2057	cds	0.143496597596447	-0.589842394113521	4.08029999937606	-0.144558584957899	0.885059398088552	NA
SA597_2058	cds	2.55474398457343	-1.04231833344942	1.19133846330744	-0.874913692080168	0.381620868480221	NA
SA597_2059	cds	0.491314376401146	-1.58930220093791	2.89307994439657	-0.549346105701688	0.582767952266608	NA
SA597_2060	cds	0.153682369199447	0.151160703051939	4.04334970568065	0.0373850183771064	0.970178017923845	NA
SA597_2061	cds	0.0673040951571122	-0.591757537069432	4.08037509321427	-0.145025279184145	0.884690912881144	NA
SA597_2062	cds	0	NA	NA	NA	NA	NA
SA597_2063	cds	0	NA	NA	NA	NA	NA
SA597_2064	cds	0.32520994608126	-1.52805464581154	3.30151042816959	-0.462835020230033	0.64348262705709	NA
SA597_2065	cds	0.0673040951571122	-0.591757537069432	4.08037509321427	-0.145025279184145	0.884690912881144	NA
SA597_2066	cds	2.03993805722051	0.503241729427449	1.32940841806093	0.378545616674729	0.705025313181315	NA
SA597_2067	cds	2.19138413690251	1.09766558379597	1.32662855635611	0.827409886917376	0.408004778599436	NA
SA597_2068	cds	0	NA	NA	NA	NA	NA
SA597_2069	cds	3.52753023150859	-1.70491160770783	1.12481599802158	-1.51572489252159	0.129588930587207	NA
SA597_2070	cds	14.7174279927758	0.372851305978086	0.512730830398402	0.727187217683737	0.46711127546207	0.742652857447252
SA597_2071	cds	3.24393236009886	-0.0510156498383679	1.05624487079834	-0.0482990746263305	0.961477892036043	NA
SA597_2072	cds	1.64629925788083	-0.128628796876133	1.44050154145623	-0.0892944527821193	0.928847902499076	NA
SA597_2073	cds	2.15025694540682	-1.2986682736815	1.4820178443	-0.876283830640989	0.380875753019914	NA
SA597_2074	cds	1.88441981791089	0.0053836072060619	1.45998333622794	0.00368744428273486	0.997057851805505	NA
SA597_2075	cds	0.786257053679601	1.05883123819148	2.03434341246684	0.520478121689172	0.602730372871531	NA
SA597_2076	cds	5.19336481721667	1.08244746432324	0.888616344594583	1.21812689008898	0.223175756758345	0.509677146923949
SA597_2077	cds	25.4337055159299	0.0765080168125557	0.413174836211355	0.185171046509277	0.853094877893287	0.929740120829012
SA597_2078	cds	21.3696331418461	0.585013223905935	0.426437212174908	1.37186250918924	0.170106243375169	0.451996589539736
SA597_2079	cds	9.235019564289	0.850057113816595	0.668167515303622	1.27222155274987	0.20329441192715	0.493209921110217
SA597_2080	cds	0.858930672785093	0.982704867202764	1.99298280319932	0.493082461938576	0.621954322394147	NA
SA597_2081	cds	9.42314730699968	0.193137331431631	0.634994986542696	0.304155679217548	0.761009289011796	0.890237281485497
SA597_2082	cds	29.948690140067	0.33467552398692	0.353757856963334	0.946058207327979	0.34411889848101	0.627510932524196
SA597_2083	cds	40.4904125060101	0.47443295808425	0.309334085693812	1.53372350486412	0.125097688711536	0.383541265390314
SA597_2084	cds	43.6821651866462	0.497384365913231	0.360363333788002	1.3802302267684	0.167515770057043	0.449393267749181
SA597_2085	cds	6.23037903801385	-0.491543150878179	0.757699696208039	-0.648730827448053	0.516512374950668	0.78106749382784
SA597_2086	cds	25.4251111651129	0.606290806774905	0.390937327517369	1.55086445856969	0.120934169355794	0.380629088367789
SA597_2087	cds	9.43962059694383	0.569438737909013	0.677641366804284	0.840324640442852	0.400726389462535	0.677591894909377
SA597_2088	cds	12.9809762105609	0.976642026931333	0.577560265825816	1.69097856054016	0.0908408974578793	0.320817853047447
SA597_2089	cds	12.8372875010849	0.4922170364793	0.549286984780416	0.896101764865355	0.37019841457017	0.659970336518067
SA597_2090	cds	2.44980784702066	1.83513138920049	1.44355991843676	1.27125404755472	0.203638284427385	NA
SA597_2091	cds	12.9041409892306	0.937172261246882	0.566926959452238	1.65307407880615	0.0983157880459653	0.334513473961272
SA597_2092	cds	7.35194406981067	0.648700556085306	0.736887101493833	0.880325567879051	0.378682965601374	0.663717452689453
SA597_2093	cds	19.5666194613109	0.59711603625083	0.439126679277671	1.35978082049817	0.173899293493549	0.458304253093683
SA597_2094	cds	6.78659572075639	1.79541280769439	0.857748705114182	2.09316877657704	0.0363340909239923	0.184312933959888
SA597_2095	cds	14.8165502002039	0.444597092653513	0.503334395266113	0.8833036184989	0.377072249266012	0.663717452689453
SA597_2096	cds	27.1469812154859	0.438881181670731	0.374362837459915	1.17234174377077	0.241059878389596	0.531665660637923
SA597_2097	cds	21.4080212103942	1.16691464323773	0.44682371573444	2.61157723313698	0.00901256282309273	0.0810203342653928
SA597_2098	cds	18.6488043286613	1.02955163232055	0.465200595963352	2.21313480948692	0.0268883528705845	0.153225070729324
SA597_2099	cds	4.51194009087216	0.485616569367545	0.90184502111964	0.538470089644285	0.590252549230605	0.805283429023661
SA597_2100	cds	36.5089181051905	0.960170532571163	0.353270979031579	2.71794341896772	0.00656890703121727	0.0654544664896292
SA597_2101	cds	3.85441707104957	0.828601397180516	0.994057288225757	0.833554974139816	0.404531807117437	NA
SA597_2102	cds	10.3967510254948	1.56261565178852	0.676942741888432	2.30834242705576	0.0209800984300986	0.131538145213427
SA597_2103	cds	21.3036398118832	0.653271612509078	0.458556537967191	1.42462610042607	0.154265311164088	0.432563033314378
SA597_2104	cds	17.1388105608678	0.172253996719312	0.469468270964899	0.366912968080415	0.713683937959978	0.869154549011722
SA597_2105	cds	0.181713348484813	-2.48889673675343	4.07674451622297	-0.61051084433894	0.54152346201155	NA
SA597_2106	cds	3.74784140383993	-0.809417013597761	0.936202202856345	-0.864574993658674	0.387272102516761	NA
SA597_2107	cds	2.82148462016625	-1.37649153301126	1.29504015006778	-1.06289487081865	0.28782962932961	NA
SA597_2108	cds	0.0863782740423349	-0.589842747063684	4.08030001320842	-0.144558670968873	0.885059330175046	NA
SA597_2109	cds	1.81436157404235	-0.584704701291364	1.45044786950902	-0.403120107645983	0.686859869001524	NA
SA597_2110	cds	0.359839420517863	-1.59166982809088	3.17603717528783	-0.501149621445044	0.616265826536178	NA
SA597_2111	cds	0.935295781443904	-0.0236648320519634	1.93634523828059	-0.0122213908884228	0.990248983638388	NA
SA597_2112	cds	0.316253145681117	1.02683618396731	3.25966757589216	0.315012546543575	0.75275212772712	NA
SA597_2113	cds	9.8782158568792	0.424883096293434	0.626888963432432	0.677764518244273	0.497921011462124	0.767107207816634
SA597_2114	cds	8.49127058357276	-0.397846474850305	0.644581384922368	-0.617216823439947	0.537091720573367	0.78505316215821
SA597_2115	cds	0	NA	NA	NA	NA	NA
SA597_2116	cds	0.0863782740423349	-0.589842747063684	4.08030001320842	-0.144558670968873	0.885059330175046	NA
SA597_2117	cds	0	NA	NA	NA	NA	NA
SA597_2118	cds	0.268091622527148	-1.52728953514846	3.52028221276744	-0.433854288616195	0.664394255821853	NA
SA597_2119	cds	0.570640113271422	-0.0706204708156288	2.32330744605559	-0.0303965241171697	0.975750816929102	NA
SA597_2120	cds	4.12256390054504	0.940540210557074	1.0240295341821	0.918469808889149	0.358372957985773	NA
SA597_2121	cds	1.04057562815199	1.33274597877034	1.88453081359504	0.707203071000953	0.479440290395688	NA
SA597_2122	cds	1.22563525375116	1.76516865660079	1.87239484222591	0.942733133414504	0.345817421243271	NA
SA597_2123	cds	2.08714742849265	-0.0358709263880496	1.3059991840033	-0.0274662701381588	0.978087842222568	NA
SA597_2124	cds	1.42186230330835	-1.86402981044594	1.70743198486341	-1.09171541061125	0.274958209437294	NA
SA597_2125	cds	2.95560638348543	0.601248522354708	1.16045130749589	0.518116114369443	0.604377257741548	NA
SA597_2126	cds	1.88949313555355	0.595947108104621	1.40643707247843	0.423728241928693	0.671764016034865	NA
SA597_2127	cds	2.17767948196567	0.920493444051418	1.33777335527147	0.688078769415038	0.491403179210269	NA
SA597_2128	cds	1.44031481278189	-0.189296103777329	1.67033839217613	-0.113327996688571	0.909770522067759	NA
SA597_2129	cds	2.1030525529633	-0.910210595545202	1.3408241163122	-0.678844141056058	0.497236621927838	NA
SA597_2130	cds	1.84251153693364	-2.14065649157406	1.44028595905437	-1.48627186019332	0.137207226726967	NA
SA597_2131	cds	1.05978659327305	-0.620916670016038	1.83822496980721	-0.337780565607897	0.735528556392683	NA
SA597_2132	cds	1.51601745321677	0.0849292740708811	1.53340611816992	0.0553860279181889	0.955830926857299	NA
SA597_2133	cds	0.259134822127005	0.783589504847009	3.94179180307186	0.198790180708264	0.84242687736122	NA
SA597_2134	cds	0.558618471558258	-0.935139056819547	2.75230738735698	-0.339765485902922	0.734033141512403	NA
SA597_2135	cds	0	NA	NA	NA	NA	NA
SA597_2136	cds	0	NA	NA	NA	NA	NA
SA597_2137	cds	3.61626109391974	1.67852102174417	1.18804985293456	1.41283719500332	0.157703599046317	NA
SA597_2138	cds	1.7742896065947	3.5358824907924	1.67501314177343	2.11095805914023	0.0347759169746124	NA
SA597_2139	cds	0.0863782740423349	-0.589842747063684	4.08030001320842	-0.144558670968873	0.885059330175046	NA
SA597_2140	cds	0.0673040951571122	-0.591757537069432	4.08037509321427	-0.145025279184145	0.884690912881144	NA
SA597_2141	cds	0.240060643241782	0.688961921302325	3.59015104527089	0.191903324571777	0.847817933214535	NA
SA597_2142	cds	1.66767811940141	-1.70306489973796	1.48458570329696	-1.14716509525574	0.251313394488598	NA
SA597_2143	cds	0.297178966795894	0.937987467754484	3.01414178604945	0.311195535689739	0.755651976669589	NA
SA597_2144	cds	0.249017443641925	-1.52880116081559	3.61477840102551	-0.4229308110234	0.672345742225027	NA
SA597_2145	cds	0.421773991726595	-0.228076024535843	2.71237529226215	-0.0840871929435788	0.932987107130464	NA
SA597_2146	cds	1.25744088621214	-1.62826186897593	1.74227972747571	-0.934558236142151	0.350016010619203	NA
SA597_2147	cds	1.69917281558786	1.02091382941859	1.52335750242701	0.670173500174499	0.502747194721102	NA
SA597_2148	cds	1.04521926958713	2.76417341299585	1.91823641730623	1.4409972556342	0.149585458109578	NA
SA597_2149	cds	0.0863782740423349	-0.589842747063684	4.08030001320842	-0.144558670968873	0.885059330175046	NA
SA597_2150	cds	0.0673040951571122	-0.591757537069432	4.08037509321427	-0.145025279184145	0.884690912881144	NA
SA597_2151	cds	1.01148828388324	0.121246383210403	1.82276383547119	0.0665178784277669	0.946965524304893	NA
SA597_2152	cds	2.07349639616935	-0.148997249828111	1.37137814184448	-0.108647823150887	0.913481827850879	NA
SA597_2153	cds	1.49492002749753	1.24109454027648	1.69562317034572	0.731940068985634	0.464205148178931	NA
SA597_2154	cds	0.692101903771182	-2.44457857101014	2.40943409689053	-1.01458619439517	0.310303122972866	NA
SA597_2155	cds	2.40409063670337	-1.00135116204059	1.18109053297166	-0.847819141790219	0.396538701035263	NA
SA597_2156	cds	9.4066216540527	-0.329529462765472	0.599120852829352	-0.550021687960395	0.582304498159923	0.799766991929987
SA597_2157	cds	0.748040302791235	2.28567333208649	2.13500624827069	1.07056985614812	0.284362883335251	NA
SA597_2158	cds	1.15505327459761	-0.442940635178779	1.65747305599135	-0.267238513216043	0.789285524818361	NA
SA597_2159	cds	0.143496597596447	-0.589842394113521	4.08029999937606	-0.144558584957899	0.885059398088552	NA
SA597_2160	cds	1.41295912552175	-0.692641365393474	1.52743711671749	-0.453466370440166	0.650212953947704	NA
SA597_2161	cds	13.5033467969896	-0.342426694160313	0.536461661857062	-0.638305993712466	0.523274511115839	0.784185216047418
SA597_2162	cds	4.11244190557965	0.3885457351975	0.939203274112815	0.413697168554407	0.67909590097976	NA
SA597_2163	cds	0.143496597596447	-0.589842394113521	4.08029999937606	-0.144558584957899	0.885059398088552	NA
SA597_2164	cds	1.48854472905378	-0.0721513823448056	1.61826264320021	-0.0445857059408614	0.964437536336499	NA
SA597_2165	cds	0	NA	NA	NA	NA	NA
SA597_2166	cds	0	NA	NA	NA	NA	NA
SA597_2167	cds	2.56234825422004	0.346251052107437	1.18090449468054	0.293208344677447	0.76936290612971	NA
SA597_2168	cds	6.65739899413814	0.351897003531902	0.738302723804649	0.476629696987292	0.633625832706888	0.82801689613687
SA597_2169	cds	0	NA	NA	NA	NA	NA
SA597_2170	cds	0.229874871638782	0.545837605872166	3.69667641622493	0.147656311890447	0.882614011662787	NA
SA597_2171	cds	0.424010281244034	-2.55583308435556	3.29117372514098	-0.776571915615327	0.437411376281595	NA
SA597_2172	cds	0.478892315280707	-0.0188308393664429	2.43644570570629	-0.00772881551283497	0.993833358822706	NA
SA597_2173	cds	0	NA	NA	NA	NA	NA
SA597_2174	cds	0.143496597596447	-0.589842394113521	4.08029999937606	-0.144558584957899	0.885059398088552	NA
SA597_2175	cds	0.507979659549453	1.70375373668405	2.47725385432565	0.687759041613377	0.491604532786586	NA
SA597_2176	cds	0.546922292951056	-3.44656378660011	2.98402119592562	-1.15500646956062	0.24808777715325	NA
SA597_2177	cds	1.60815090011039	-0.186266883734126	1.44040880074696	-0.129315291351687	0.897108172276742	NA
SA597_2178	cds	2.44358998140814	-0.717031762746551	1.18506747995112	-0.60505564018694	0.545142027502117	NA
SA597_2179	cds	7.83319583127562	-0.781915209252417	0.670932312086549	-1.1654159371468	0.243850669290951	0.533602641036669
SA597_2180	cds	0.0673040951571122	-0.591757537069432	4.08037509321427	-0.145025279184145	0.884690912881144	NA
SA597_2181	cds	2.11838003532688	-0.704419989677304	1.27374403940433	-0.553031039114208	0.580242156197601	NA
SA597_2182	cds	0.715434075188646	0.618013587273898	2.25046855256581	0.274615517985926	0.783611642924281	NA
SA597_2183	cds	0.594426326709708	0.511986251534396	2.43062779400462	0.210639511650966	0.833168578128671	NA
SA597_2184	cds	1.62538920888545	-0.504767970807918	1.58991509285567	-0.317481086302097	0.750878588682822	NA
SA597_2185	cds	0	NA	NA	NA	NA	NA
SA597_2186	cds	2.74189525012454	-1.89650828318069	1.17145072077723	-1.61893987475837	0.105460200310627	NA
SA597_2187	cds	0.845797499655791	2.51758029826994	2.29891694008308	1.0951158149189	0.273465900968376	NA
SA597_2188	cds	1.61480301787517	0.400570193473552	1.47027013464465	0.272446664075352	0.785278596431626	NA
SA597_2189	cds	0.278104787910671	0.853807386329895	3.40645166405163	0.250644210026564	0.802089197828311	NA
SA597_2190	cds	0.181713348484813	-2.48889673675343	4.07674451622297	-0.61051084433894	0.54152346201155	NA
SA597_2191	cds	1.68787705638794	-0.711223136163599	1.53761184348439	-0.462550505953369	0.643686592336849	NA
SA597_2192	cds	0.50815226576893	0.203729880962668	2.54938204686526	0.0799134367534969	0.936306103025561	NA
SA597_2193	cds	1.31097193331449	-0.920934370868115	1.58374497848861	-0.581491580637545	0.56090919098738	NA
SA597_2194	cds	0.697471427719562	-3.63234791704973	2.54387153785956	-1.42788181831934	0.153325877689418	NA
SA597_2195	cds	4.09772286594259	-1.14589876009925	0.976851796329167	-1.17305282582817	0.240774622387866	NA
SA597_2196	cds	0	NA	NA	NA	NA	NA
SA597_2197	cds	0.484261839229087	-0.639529008261985	2.64969372083461	-0.241359596859574	0.809276424207635	NA
SA597_2198	cds	3.37545790647016	-0.156568424441854	1.04064438644286	-0.150453340720011	0.880406960344562	NA
SA597_2199	cds	0.269216380628449	0.867804197489092	3.86925197646256	0.224282161711907	0.822537755563737	NA
SA597_2200	cds	0	NA	NA	NA	NA	NA
SA597_2201	cds	0.33539571768426	-0.775739324919161	2.9537037404855	-0.262632746231906	0.792833657968799	NA
SA597_2202	cds	2.58814294398796	0.279719820037045	1.16311293058377	0.240492399905358	0.809948554405087	NA
SA597_2203	cds	1.63741085059861	-0.0815060962446998	1.43513568304748	-0.0567933033841258	0.954709848455011	NA
SA597_2204	cds	10.1456710800259	1.3046985728456	0.646061917876411	2.01946367173926	0.0434390494825439	0.201991580093829
SA597_2205	cds	3.42694307290445	-0.176587958145592	1.00716940253749	-0.175330940059033	0.860819601652244	NA
SA597_2206	cds	0.259134822127005	0.783589504847009	3.94179180307186	0.198790180708264	0.84242687736122	NA
SA597_2207	cds	1.1483327637149	-0.414080090883049	1.75458491469352	-0.235998889204731	0.813433532120237	NA
SA597_2208	cds	1.0162003184363	0.520447698039131	1.86258426582151	0.279422363642476	0.779920710587081	NA
SA597_2209	cds	0.609981622261089	0.230884963799282	2.63187720230715	0.0877263436139363	0.930094181163383	NA
SA597_2210	cds	1.16931120582821	-0.911831266985676	1.72428555204584	-0.528816857453687	0.596932502508671	NA
SA597_2211	cds	0	NA	NA	NA	NA	NA
SA597_2212	cds	0	NA	NA	NA	NA	NA
SA597_2213	cds	0.181713348484813	-2.48889673675343	4.07674451622297	-0.61051084433894	0.54152346201155	NA
SA597_2214	cds	0.143496597596447	-0.589842394113521	4.08029999937606	-0.144558584957899	0.885059398088552	NA
SA597_2215	cds	0	NA	NA	NA	NA	NA
SA597_2216	cds	0	NA	NA	NA	NA	NA
SA597_2217	cds	0	NA	NA	NA	NA	NA
SA597_2218	cds	0.0863782740423349	-0.589842747063684	4.08030001320842	-0.144558670968873	0.885059330175046	NA
SA597_2219	cds	0.0673040951571122	-0.591757537069432	4.08037509321427	-0.145025279184145	0.884690912881144	NA
SA597_2220	cds	7.50654232748887	-0.365138159729784	0.695674173830795	-0.524869505675504	0.599673909331195	0.810751084938933
SA597_2221	cds	15.2667703205919	-0.165241141398995	0.478971415316639	-0.344991655273953	0.730100644187076	0.872945498603376
SA597_2222	cds	1.34743727786126	-0.71965314540885	1.72595489098085	-0.416959417172182	0.676708091995122	NA
SA597_2223	cds	6.57484855246553	-1.52917038265483	0.760123750208493	-2.01173872311633	0.0442474863742087	0.202382079999969
SA597_2224	cds	0	NA	NA	NA	NA	NA
SA597_2225	cds	1.5493495633326	-0.188622405052307	1.58853602338833	-0.118739771887563	0.905481526019084	NA
SA597_2226	cds	0	NA	NA	NA	NA	NA
SA597_2227	cds	2.0035571764423	1.35417668482782	1.52596991986445	0.887420300491969	0.374852657937932	NA
SA597_2228	cds	1.35840911777444	-3.46326879346462	2.14874320165919	-1.61176486366095	0.107013116800732	NA
SA597_2229	cds	0	NA	NA	NA	NA	NA
SA597_2230	cds	0.580825884874422	0.0901313119329983	2.41547701883411	0.0373140838145926	0.970234576053346	NA
SA597_2231	cds	0.34076524163264	-1.59403081819311	3.2352685358705	-0.492704330573974	0.622221517293827	NA
SA597_2232	cds	1.81448055764828	-1.37438316056705	1.40758274918211	-0.976413757106389	0.328859466827482	NA
SA597_2233	cds	0.608856864159788	-1.55541142896962	2.29553140435518	-0.677582291411316	0.498036577285938	NA
SA597_2234	cds	2.34265915418426	0.145400793463227	1.21916173813986	0.119262923789811	0.90506705633156	NA
SA597_2235	cds	0.392514041238372	-0.574879945923865	2.82421681241081	-0.203553758124234	0.838702232144598	NA
SA597_2236	cds	1.08959982005503	-1.48920819366977	2.15453174080927	-0.69119807588001	0.489441072892772	NA
SA597_2237	cds	2.18230989671565	0.042157702826283	1.26210221813709	0.0334027642297542	0.973353405357664	NA
SA597_2238	cds	0.359839420517863	-1.59166982809088	3.17603717528783	-0.501149621445044	0.616265826536178	NA
SA597_2239	cds	5.87310137011938	-0.699213623315113	0.749215085716973	-0.933261538168296	0.35068494842625	0.635331822148856
SA597_2240	cds	0.181713348484813	-2.48889673675343	4.07674451622297	-0.61051084433894	0.54152346201155	NA
SA597_2241	cds	1.8882641643507	-0.056824479563583	1.34616563072961	-0.0422121009973969	0.966329615958615	NA
SA597_2242	cds	0.657018387313757	0.322177712876268	2.20126007882898	0.146360585000778	0.883636740800505	NA
SA597_2243	cds	1.68177663056214	-2.30024716822035	1.58859700654964	-1.44797400393973	0.147624321058616	NA
SA597_2244	cds	0.210800692753559	0.401023397354802	3.81291790908073	0.105174936077102	0.916236998512372	NA
SA597_2245	cds	0.0673040951571122	-0.591757537069432	4.08037509321427	-0.145025279184145	0.884690912881144	NA
SA597_2246	cds	1.80228630971564	-1.18954556691515	1.41518623461484	-0.840557615541603	0.400595811615564	NA
SA597_2247	cds	4.36444718721182	0.309994286086006	0.947817479686643	0.327061161805639	0.743621626166766	0.879368433913602
SA597_2248	cds	0.833362211850189	0.0191778368517229	2.02164434648279	0.00948625651444975	0.992431175906039	NA
SA597_2249	cds	0.999294035950599	0.902428858324795	1.95531488967831	0.461526101544321	0.644421199272137	NA
SA597_2250	cds	0.484261839229087	-0.639529008261985	2.64969372083461	-0.241359596859574	0.809276424207635	NA
SA597_2251	cds	1.8964950822376	0.378348145214065	1.4378613606608	0.263132563100651	0.792448406317142	NA
SA597_2252	cds	6.28409591802084	0.0324418043700401	0.778849446475984	0.041653498653466	0.966774924460266	0.986890904161159
SA597_2253	cds	2.01973912023398	-0.161262289905819	1.28171095439562	-0.125817985211697	0.899876004769415	NA
SA597_2254	cds	1.21563685887201	-0.187613487212197	1.71211474145006	-0.109579973041584	0.912742494192503	NA
SA597_2255	cds	7.35727733035597	-0.797108649516106	0.703037504336025	-1.13380672382325	0.256875629957033	0.549182381287449
SA597_2256	cds	0.181713348484813	-2.48889673675343	4.07674451622297	-0.61051084433894	0.54152346201155	NA
SA597_2257	cds	0.450929729113261	-0.0356006909431165	2.90890332695311	-0.0122385266685387	0.99023531228646	NA
SA597_2258	cds	2.01012637425773	-1.85748925255642	1.47445831628138	-1.25977739217549	0.207749677569569	NA
SA597_2259	cds	0	NA	NA	NA	NA	NA
SA597_2260	cds	0.181713348484813	-2.48889673675343	4.07674451622297	-0.61051084433894	0.54152346201155	NA
SA597_2261	cds	1.59124307380547	3.35729631680385	1.73207993773772	1.93830333326812	0.0525862259869208	NA
SA597_2262	cds	0.705248303585646	0.526643028651253	2.14034506837134	0.246055197563071	0.805639504150433	NA
SA597_2263	cds	0.49803488728385	-1.48655805480897	2.81686998008567	-0.527733997422117	0.597683973153082	NA
SA597_2264	cds	0.914992631355825	-1.3680103956146	1.96283739502888	-0.696955539505847	0.485830618413159	NA
SA597_2265	cds	42.6325484229649	1.21205354412816	0.369233766598229	3.28261836747727	0.00102847797103286	0.0159414085510093
SA597_2266	cds	11.6716741043205	1.43460234180907	0.620288146755109	2.31279986456916	0.0207336452440987	0.131538145213427
SA597_2267	cds	14.4528587291275	1.11079222514514	0.542125833197044	2.04895645461966	0.0404663731662207	0.196623074811557
SA597_2268	cds	0.0863782740423349	-0.589842747063684	4.08030001320842	-0.144558670968873	0.885059330175046	NA
SA597_2269	cds	0.546196410437819	0.306229815257112	2.30940460565583	0.132601197082201	0.894508785647646	NA
SA597_2270	cds	0.964383125712651	1.21701169603329	1.92664347230306	0.631674574735153	0.527599545231407	NA
SA597_2271	cds	1.41418809672461	0.137585564488758	1.5534654198904	0.088566866521216	0.929426141256243	NA
SA597_2272	cds	0.870227975804232	-1.7772027394544	2.23312181413733	-0.79583779451859	0.426126321066757	NA
SA597_2273	cds	40.0488509431298	-1.12389378389782	0.339485807754353	-3.31057663745124	0.00093103953372805	0.0152800017594192
SA597_2274	cds	1.77626380675991	-0.810224153248447	1.38409050406481	-0.58538379597936	0.558289681831676	NA
SA597_2275	cds	3.69143268901103	1.90834480986918	1.18009716729917	1.61710820324797	0.10585492644777	NA
SA597_2276	cds	1.53491902588252	0.822939907715252	1.67258409898317	0.492017058045422	0.622707284744597	NA
SA597_2277	cds	0	NA	NA	NA	NA	NA
SA597_2278	cds	0.0673040951571122	-0.591757537069432	4.08037509321427	-0.145025279184145	0.884690912881144	NA
SA597_2279	cds	0	NA	NA	NA	NA	NA
SA597_2280	cds	0	NA	NA	NA	NA	NA
SA597_2281	cds	0	NA	NA	NA	NA	NA
SA597_2282	cds	0	NA	NA	NA	NA	NA
SA597_2283	cds	0	NA	NA	NA	NA	NA
SA597_2284	cds	0	NA	NA	NA	NA	NA
SA597_2285	cds	0	NA	NA	NA	NA	NA
SA597_2286	cds	0.697471427719562	-3.63234791704973	2.54387153785956	-1.42788181831934	0.153325877689418	NA
SA597_2287	cds	0.470003907998484	0.0585924803631896	2.60227990040926	0.0225158255858544	0.98203648820832	NA
SA597_2288	cds	0.604543705194788	1.99984588476258	2.30675223110287	0.866953051046338	0.385967734235563	NA
SA597_2289	cds	1.00483616611846	-0.898411258740988	1.93067401890857	-0.465335551181691	0.641691179549135	NA
SA597_2290	cds	0	NA	NA	NA	NA	NA
SA597_2291	cds	1.83585787534965	0.135795272520722	1.36822984256684	0.0992488749302281	0.920940669805887	NA
SA597_2292	cds	0.424010281244034	-2.55583308435556	3.29117372514098	-0.776571915615327	0.437411376281595	NA
SA597_2293	cds	1.66454488497047	-2.77455986525804	1.76366986646369	-1.57317416258932	0.115678496244047	NA
SA597_2294	cds	1.76166066309036	0.820699318860659	1.5642203592912	0.524669886813484	0.599812694458121	NA
SA597_2295	cds	9.27326661259458	-0.506837946370897	0.664598052825417	-0.762623279162749	0.445688097229909	0.718768665474825
SA597_2296	cds	0.584344768208264	0.436042390467201	2.46168428194718	0.177131727925034	0.859404920675753	NA
SA597_2297	cds	2.01655071937028	2.41285390219897	1.59171882546199	1.51587947795909	0.129549830392243	NA
SA597_2298	cds	0.0673040951571122	-0.591757537069432	4.08037509321427	-0.145025279184145	0.884690912881144	NA
SA597_2299	cds	2.36414068498718	1.24770975027409	1.30091090387609	0.95910469084125	0.337506007539778	NA
SA597_2300	cds	1.79757273134336	1.36081785876399	1.49135151200577	0.912472913199235	0.361519822134392	NA
SA597_2301	cds	1.85692734441491	0.927187342534716	1.52691272229573	0.607230085253778	0.543698229088425	NA
SA597_2302	cds	2.7554257550227	0.56998418294086	1.16254558315385	0.4902897496669	0.62392887935906	NA
SA597_2303	cds	1.42538118664219	-1.53886011197812	1.52643087488138	-1.00814267930587	0.313385971103278	NA
SA597_2304	cds	3.7532599744571	0.341612065103674	1.01631397835159	0.336128472480278	0.736773988344196	NA
SA597_2305	cds	0.201912285471336	0.469275494969938	4.02726832755294	0.116524516571033	0.907236857029302	NA
SA597_2306	cds	3.56812180171594	1.10948730974443	1.09395944364359	1.01419418808537	0.310490101326392	NA
SA597_2307	cds	0.0673040951571122	-0.591757537069432	4.08037509321427	-0.145025279184145	0.884690912881144	NA
SA597_2308	cds	3.37351280389425	-1.96069906193296	1.09302344349766	-1.79383074864227	0.0728401874832456	NA
SA597_2309	cds	1.99394288664684	2.60110752926431	1.58967284389795	1.63625335819808	0.101786573308235	NA
SA597_2310	cds	0	NA	NA	NA	NA	NA
SA597_2311	cds	0.143496597596447	-0.589842394113521	4.08029999937606	-0.144558584957899	0.885059398088552	NA
SA597_2312	cds	4.31673513013393	0.822065167527192	0.989010671004348	0.831199492208085	0.405860941640204	0.677674661394742
SA597_2313	cds	1.76417222810962	2.41720721142263	1.619582964402	1.49248742704276	0.135571410870862	NA
SA597_2314	cds	1.36931922807146	0.2112845416554	1.64071341281411	0.128776019020293	0.897534881558014	NA
SA597_2315	cds	0	NA	NA	NA	NA	NA
SA597_2316	cds	0.49909125226723	1.72643194670119	2.49475232060502	0.692025389631667	0.488921384573204	NA
SA597_2317	cds	0.0863782740423349	-0.589842747063684	4.08030001320842	-0.144558670968873	0.885059330175046	NA
SA597_2318	cds	0.0863782740423349	-0.589842747063684	4.08030001320842	-0.144558670968873	0.885059330175046	NA
SA597_2319	cds	0.32520994608126	-1.52805464581154	3.30151042816959	-0.462835020230033	0.64348262705709	NA
SA597_2320	cds	0.769419164311817	0.195470172956839	2.27905610390406	0.0857680390675751	0.931650813956848	NA
SA597_2321	cds	1.69205188529788	2.20824349678694	1.65397506423986	1.3351129315857	0.181839387680639	NA
SA597_2322	cds	0.153682369199447	0.151160703051939	4.04334970568065	0.0373850183771064	0.970178017923845	NA
SA597_2323	cds	0.143496597596447	-0.589842394113521	4.08029999937606	-0.144558584957899	0.885059398088552	NA
SA597_2324	cds	0	NA	NA	NA	NA	NA
SA597_2325	cds	1.12035540704308	0.642279341971536	1.84571939459964	0.347983200399134	0.727852800110643	NA
SA597_2326	cds	2.14506002767792	-1.56500308199804	1.26836857079847	-1.23387090947297	0.217251011075443	NA
SA597_2327	cds	0.966673037843636	0.316709567914286	2.09108759366025	0.151456863344455	0.879615336291649	NA
SA597_2328	cds	0.62592256671537	-0.463661360671101	2.64263893708078	-0.17545392000592	0.860722975570403	NA
SA597_2329	cds	0.431787157110118	1.50885295129027	2.61663987532776	0.576637605165775	0.564184290150825	NA
SA597_2330	cds	0.0673040951571122	-0.591757537069432	4.08037509321427	-0.145025279184145	0.884690912881144	NA
SA597_2331	cds	0.229874871638782	0.545837605872166	3.69667641622493	0.147656311890447	0.882614011662787	NA
SA597_2332	cds	0.867819080067316	0.944143358887408	1.9882297339021	0.474866330982	0.634882250871526	NA
SA597_2333	cds	3.13042159550388	-0.747413797981548	1.08221138924858	-0.690635679320012	0.489794519628961	NA
SA597_2334	cds	0.815013915478203	-2.90705488056636	2.25408262323169	-1.28968426028612	0.197160306673924	NA
SA597_2335	cds	60.3434133896555	-2.40837474020754	0.355158111915525	-6.78113397781654	1.19236235402554e-11	2.2177939784875e-09
SA597_2336	cds	0	NA	NA	NA	NA	NA
SA597_2337	cds	0.0863782740423349	-0.589842747063684	4.08030001320842	-0.144558670968873	0.885059330175046	NA
SA597_2338	cds	0.411588220123595	-0.433740587995967	2.78855334322204	-0.155543227835405	0.876393077720668	NA
SA597_2339	cds	0.673027724885959	-2.44688902118935	2.42719417250861	-1.008114245207	0.313399619693538	NA
SA597_2340	cds	0	NA	NA	NA	NA	NA
SA597_2341	cds	2.67320276369469	-2.9060131017375	1.31865466429428	-2.20377114677916	0.0275404427090146	NA
SA597_2342	cds	2.85613189723277	-1.77361252633941	1.12622697097293	-1.57482689728804	0.115296406096355	NA
SA597_2343	cds	0.491314376401146	-1.58930220093791	2.89307994439657	-0.549346105701688	0.582767952266608	NA
SA597_2344	cds	0.249017443641925	-1.52880116081559	3.61477840102551	-0.4229308110234	0.672345742225027	NA
SA597_2345	cds	2.58636224031056	-1.87970890274404	1.21887838295821	-1.54216280231502	0.123034036787878	NA
SA597_2346	cds	0.286993195192894	0.842918101631456	3.8171349647936	0.220824809551117	0.825228845175245	NA
SA597_2347	cds	0	NA	NA	NA	NA	NA
SA597_2348	cds	0.855797438354152	0.529979150932618	2.05579419493543	0.257797766059586	0.796562988657522	NA
SA597_2349	cds	0	NA	NA	NA	NA	NA
SA597_2350	cds	0	NA	NA	NA	NA	NA
SA597_2351	cds	1.75540738037807	-0.967345202631492	1.41475798868785	-0.683753129769339	0.494131067839213	NA
SA597_2352	cds	6.97791645186195	2.49088477388606	0.925393218057178	2.69170415914174	0.00710879734479955	0.0695913845333008
SA597_2353	cds	0	NA	NA	NA	NA	NA
SA597_2354	cds	6.12511375867276	1.49699317255478	0.859403465602073	1.74189799375085	0.0815262950833775	0.301269355341223
SA597_2355	cds	1.9168666254436	0.450767303095617	1.42216277670998	0.316959008123119	0.751274706506996	NA
SA597_2356	cds	3.88827316012335	-1.19420042399911	0.943926006475661	-1.2651419876203	0.205820433809527	NA
SA597_2357	cds	1.76463602127063	-2.18204277817366	1.52189075953145	-1.43377096188261	0.151637634148936	NA
SA597_2358	cds	2.02670063045408	-1.1045559356453	1.41220210248027	-0.782151459557638	0.434125567387382	NA
SA597_2359	cds	0.941119347413107	-2.15617490682156	2.01091203308821	-1.07223730891414	0.283613456797807	NA
SA597_2360	cds	1.24600679695716	1.83653780439157	1.78006079856976	1.03172757125329	0.302199757568168	NA
SA597_2361	cds	5.79874473779021	-0.645295113459821	0.756287934133149	-0.853239995425093	0.393526228037413	0.677591894909377
SA597_2362	cds	0	NA	NA	NA	NA	NA
SA597_2363	cds	5.38866846849003	-1.62571745844154	0.823397661967038	-1.97440135372478	0.0483361242477419	0.214059978811429
SA597_2364	cds	0.894014189242518	-0.795262297618303	2.00773160692223	-0.396099904427668	0.692031328806716	NA
SA597_2365	cds	0.359839420517863	-1.59166982809088	3.17603717528783	-0.501149621445044	0.616265826536178	NA
SA597_2366	cds	0.278104787910671	0.853807386329895	3.40645166405163	0.250644210026564	0.802089197828311	NA
SA597_2367	cds	4.70240351658414	1.97463513965141	1.0437084180514	1.8919413750998	0.0584987922631445	0.245431023179208
SA597_2368	cds	1.5922099556561	0.175280877456892	1.48557082120779	0.117988906994273	0.906076447420843	NA
SA597_2369	cds	1.30312512051128	1.89497362846757	1.76628384710773	1.07285906032067	0.283334357062962	NA
SA597_2370	cds	1.28607418846007	0.443668057890877	1.72720763697715	0.256870134425388	0.797279026444714	NA
SA597_2371	cds	1.33709864937177	-1.45461740905957	1.73531840218912	-0.838242369368386	0.401894595597135	NA
SA597_2372	cds	2.70859741617314	0.577678936502141	1.20112320332346	0.480948944207993	0.630552785717538	NA
SA597_2373	cds	2.37750012748507	2.87800419152689	1.52443372388708	1.88791690083345	0.059037107254139	NA
SA597_2374	cds	2.39199905805307	1.24181650836322	1.29754441118973	0.957051255937044	0.338541384823236	NA
SA597_2375	cds	1.18414061886635	0.499955118672833	1.68457387699745	0.296784323620133	0.766631174482531	NA
SA597_2376	cds	0.143496597596447	-0.589842394113521	4.08029999937606	-0.144558584957899	0.885059398088552	NA
SA597_2377	cds	0	NA	NA	NA	NA	NA
SA597_2378	cds	0	NA	NA	NA	NA	NA
SA597_2379	cds	3.62236262014532	-1.65843411926083	0.999022937927444	-1.66005609711163	0.0969031678494054	NA
SA597_2380	cds	0.594357933591788	1.93889654790216	2.32246314607978	0.834844915052769	0.403805033130335	NA
SA597_2381	cds	0.484261839229087	-0.639529008261985	2.64969372083461	-0.241359596859574	0.809276424207635	NA
SA597_2382	cds	13.5806875974504	0.812533775276605	0.54709955590887	1.48516621243967	0.137499799907728	0.398588052473682
SA597_2383	cds	0.614729476797788	2.04866733852951	2.50678030467841	0.817250452584964	0.413785315487342	NA
SA597_2384	cds	2.98027631515205	0.210779767772038	1.22869411775263	0.171547795929526	0.863793051685347	NA
SA597_2385	cds	0	NA	NA	NA	NA	NA
SA597_2386	cds	0.286993195192894	0.842918101631456	3.8171349647936	0.220824809551117	0.825228845175245	NA
SA597_2387	cds	4.60848940654869	2.7158298206128	1.23021652781345	2.20760310011428	0.0272719528537688	0.153714643357606
SA597_2388	cds	1.81006318558172	0.202133184588245	1.39433400928992	0.144967549555206	0.884736492798409	NA
SA597_2389	cds	0.604647918296344	2.00382083988306	2.9025812990524	0.690358213407231	0.489968947920077	NA
SA597_2390	cds	2.41443428455703	1.57433774975042	1.41058982212928	1.11608472218661	0.264385871136834	NA
SA597_2391	cds	24.9930309148938	1.09745057213883	0.430289076278063	2.55049600987229	0.0107569755396697	0.0858998829734191
SA597_2392	cds	3.22624502866716	2.40065384270506	1.31402344683062	1.82694901563237	0.0677074355085105	NA
SA597_2393	cds	0.220986464356559	0.582592012543925	3.70056013947742	0.157433466984865	0.874903239472391	NA
SA597_2394	cds	1.14504010921408	-1.4011357677609	1.78699058056696	-0.784075631398326	0.432995733253606	NA
SA597_2395	cds	40.6132605325093	-0.224363355301026	0.337535801456643	-0.664709800657534	0.506236124050672	0.772301827949699
SA597_2396	cds	0	NA	NA	NA	NA	NA
SA597_2397	cds	2.86500095806587	0.477815755242852	1.21631913440976	0.392837489541527	0.694439513393641	NA
SA597_2398	cds	5.51582256128958	0.658733406171358	0.844652468605852	0.779886912849063	0.43545744234181	0.713670135560668
SA597_2399	cds	0.974568897315651	1.26556955630829	2.04845523018731	0.617816556426555	0.536696268444342	NA
SA597_2400	cds	4.37561302681506	-0.952976139366886	0.946674423293475	-1.0066566877887	0.314099782733477	0.609400823718282
SA597_2401	cds	0.143496597596447	-0.589842394113521	4.08029999937606	-0.144558584957899	0.885059398088552	NA
SA597_2402	cds	0.421773991726595	-0.228076024535843	2.71237529226215	-0.0840871929435788	0.932987107130464	NA
SA597_2403	cds	0	NA	NA	NA	NA	NA
SA597_2404	cds	2.68715632183416	0.362901800970979	1.23416853207023	0.294045579303693	0.76872307481326	NA
SA597_2405	cds	0.804274867581443	-1.21434647308062	2.38551738472371	-0.509049517248125	0.610717515892762	NA
SA597_2406	cds	0	NA	NA	NA	NA	NA
SA597_2407	cds	4.82742651469222	-0.170111711706544	0.865399182135405	-0.196570224721945	0.84416387319453	0.923479678246159
SA597_2408	cds	0.970206691681853	-0.584799354346672	1.86301752704488	-0.313899008386831	0.753597743541474	NA
SA597_2409	cds	0.229874871638782	0.545837605872166	3.69667641622493	0.147656311890447	0.882614011662787	NA
SA597_2410	cds	9.58949732418815	1.3458630776145	0.686342733692326	1.96091983137075	0.0498883755402137	0.219194594893222
SA597_2411	cds	2.57289992539295	1.02484896429373	1.42935878751222	0.716999100049238	0.473374651957213	NA
SA597_2412	cds	1.22452526615424	-0.263806813538043	1.74205103547448	-0.151434606774416	0.879632891979468	NA
SA597_2413	cds	2.15788096438642	-0.378707764784795	1.312841068217	-0.288464288597498	0.772991362771252	NA
SA597_2414	cds	0.743465054474012	-0.702496020770946	2.10040690809981	-0.334457108316445	0.738034651723526	NA
SA597_2415	cds	0.249017443641925	-1.52880116081559	3.61477840102551	-0.4229308110234	0.672345742225027	NA
SA597_2416	cds	0	NA	NA	NA	NA	NA
SA597_2417	cds	0.363426696969626	-3.07125053359427	3.45193772490101	-0.889717827595612	0.373617418926999	NA
SA597_2418	cds	0	NA	NA	NA	NA	NA
SA597_2419	cds	0.0863782740423349	-0.589842747063684	4.08030001320842	-0.144558670968873	0.885059330175046	NA
SA597_2420	cds	2.92225606785582	-0.27064212067536	1.07434630925439	-0.251913296805747	0.801108081604075	NA
SA597_2421	cds	0	NA	NA	NA	NA	NA
SA597_2422	cds	7.72116846365254	1.76834514891567	0.78988934870649	2.23872514778366	0.0251738052186047	0.151042831311628
SA597_2423	cds	0.949952588262571	2.64802663538066	1.97833827748772	1.338510539635	0.180730066935364	NA
SA597_2424	cds	0	NA	NA	NA	NA	NA
SA597_2425	cds	0	NA	NA	NA	NA	NA
SA597_2426	cds	14.9098619145698	6.61739174415832	1.24507968454805	5.314833922907	1.0675464647447e-07	7.44613659159429e-06
SA597_2427	cds	9.4195455003256	5.94634643604692	1.28134010052537	4.64072453020771	3.47189701454406e-06	0.000121082408382224
SA597_2428	cds	0	NA	NA	NA	NA	NA
SA597_2429	cds	0.288290559513671	0.968165254208453	3.33782811827016	0.29005845115542	0.771771521144022	NA
SA597_2430	cds	0.134608190314224	0.0260717689886992	4.05060522065858	0.00643651197004588	0.994864441933606	NA
SA597_2431	cds	0.153682369199447	0.151160703051939	4.04334970568065	0.0373850183771064	0.970178017923845	NA
SA597_2432	cds	0.922094215196682	2.63194051312368	2.19770620081707	1.19758524235185	0.231078524137641	NA
SA597_2433	cds	0.431787157110118	1.50885295129027	2.61663987532776	0.576637605165775	0.564184290150825	NA
SA597_2434	cds	1.74688487266576	-0.0880821262319127	1.65702792451435	-0.0531566939390766	0.957607060031734	NA
SA597_2435	cds	0	NA	NA	NA	NA	NA
SA597_2436	cds	0	NA	NA	NA	NA	NA
SA597_2437	cds	0	NA	NA	NA	NA	NA
SA597_2438	cds	0	NA	NA	NA	NA	NA
SA597_2439	cds	0	NA	NA	NA	NA	NA
SA597_2440	cds	0.143496597596447	-0.589842394113521	4.08029999937606	-0.144558584957899	0.885059398088552	NA
SA597_2441	cds	0	NA	NA	NA	NA	NA
SA597_2442	cds	0.838559129579093	0.828643998969013	2.1995811953092	0.376728079298082	0.706375693445478	NA
SA597_2443	cds	3.0705704569261	-1.7868909599015	1.14042340769774	-1.56686626023297	0.11714595553751	NA
SA597_2444	cds	0.696359896303423	0.562690007416063	2.3067218124863	0.243934922872024	0.807281221458537	NA
SA597_2445	cds	0.411588220123595	-0.433740587995967	2.78855334322204	-0.155543227835405	0.876393077720668	NA
SA597_2446	cds	2.49337935135303	1.51092190458067	1.34805070155375	1.12081979026397	0.262364578429077	NA
SA597_2447	cds	0.240060643241782	0.688961921302325	3.59015104527089	0.191903324571777	0.847817933214535	NA
SA597_2448	cds	0	NA	NA	NA	NA	NA
SA597_2449	cds	0.527122231552596	0.241802321079529	2.52406842398893	0.0957986395223767	0.923680497895272	NA
SA597_2450	cds	0.99705774643316	1.46954460423663	1.88111937118755	0.781207522895745	0.434680449836463	NA
SA597_2451	cds	4.28154740057495	1.28185348007592	1.0664172799126	1.20201866963462	0.229356294799428	0.513979166658959
SA597_2452	cds	3.84088502233221	0.440340738296557	0.978265073666837	0.450124153616182	0.652620921624525	NA
SA597_2453	cds	1.85746296570325	-1.27824848255014	1.48663046845331	-0.859829331952296	0.389883127863964	NA
SA597_2454	cds	1.12165277136386	0.722356024265033	1.79691978621072	0.401996811325847	0.687686372980378	NA
SA597_2455	cds	14.1952323822789	0.125692363495977	0.500235411977149	0.251266424740276	0.801608131778369	0.902743391714277
SA597_2456	cds	4.85454120261496	0.417362982259532	0.863928548266442	0.48309895893244	0.629025473232332	0.82764813685662
SA597_2457	cds	2.17577521873759	1.39192611882538	1.43405630095326	0.970621667991785	0.331736711849504	NA
SA597_2458	cds	0	NA	NA	NA	NA	NA
SA597_2459	cds	33.2405498906216	0.0797086570114488	0.33078818139902	0.240965855171526	0.809581580473121	0.905303651110223
SA597_2460	cds	90.9855160466678	0.124172062951008	0.238253841240805	0.521175492089995	0.602244525248266	0.810751084938933
SA597_2461	cds	0.51352178971731	-0.274772459104139	2.55155255057026	-0.107688340200059	0.914242918895606	NA
SA597_2462	cds	13.3284432543602	0.112714426411835	0.555944002457302	0.202744207894377	0.839334967774227	0.923479678246159
SA597_2463	cds	0.430730792126738	-2.12846624022136	2.98227716428824	-0.71370503912548	0.475409589774526	NA
SA597_2464	cds	0.424010281244034	-2.55583308435556	3.29117372514098	-0.776571915615327	0.437411376281595	NA
SA597_2465	cds	0.359839420517863	-1.59166982809088	3.17603717528783	-0.501149621445044	0.616265826536178	NA
SA597_2466	cds	0.220986464356559	0.582592012543925	3.70056013947742	0.157433466984865	0.874903239472391	NA
SA597_2467	cds	0.736798166204854	-0.393593339205763	2.29733336687643	-0.171326175330362	0.863967299800456	NA
SA597_2468	cds	0.507979659549453	1.70375373668405	2.47725385432565	0.687759041613377	0.491604532786586	NA
SA597_2469	cds	0	NA	NA	NA	NA	NA
SA597_2470	cds	3.29160900007699	0.262946920481782	1.06788389638777	0.246231749885196	0.805502839158557	NA
SA597_2471	cds	9.79107738362364	-0.513322486131984	0.595925553512851	-0.861386935173462	0.389024969236025	0.674148859731994
SA597_2472	cds	0.783849701761897	-2.64286713024535	2.33953828110731	-1.12965329594628	0.258622344167999	NA
SA597_2473	cds	2.41235737457391	-0.144503217338319	1.217578250422	-0.11868084641643	0.905528211631071	NA
SA597_2474	cds	3.17730395985085	0.527063970751706	1.10445338292096	0.47721703686377	0.633207580613283	NA
SA597_2475	cds	0.220986464356559	0.582592012543925	3.70056013947742	0.157433466984865	0.874903239472391	NA
SA597_2476	cds	0.0863782740423349	-0.589842747063684	4.08030001320842	-0.144558670968873	0.885059330175046	NA
SA597_2477	cds	0.0673040951571122	-0.591757537069432	4.08037509321427	-0.145025279184145	0.884690912881144	NA
SA597_2478	cds	1.08293293178587	-1.26479034967114	1.88868093654746	-0.669668616438302	0.503069062136309	NA
SA597_2479	cds	0	NA	NA	NA	NA	NA
SA597_2480	cds	0.733210889753091	0.530874607218384	2.29117661285144	0.231703922011361	0.816767984953427	NA
SA597_2481	cds	0.527122231552596	0.241802321079529	2.52406842398893	0.0957986395223767	0.923680497895272	NA
SA597_2482	cds	0.491314376401146	-1.58930220093791	2.89307994439657	-0.549346105701688	0.582767952266608	NA
SA597_2483	cds	0.424010281244034	-2.55583308435556	3.29117372514098	-0.776571915615327	0.437411376281595	NA
SA597_2484	cds	0.364483061953006	1.2517916804915	2.77893730654224	0.450456970563714	0.652380974045142	NA
SA597_2485	cds	1.2525562454396	-1.35089893567311	1.74611285144489	-0.773660725625644	0.439131451084429	NA
SA597_2486	cds	0.412712978224895	1.44761013288905	2.94302091411983	0.491878982559658	0.622804896970728	NA
SA597_2487	cds	25.7947163490422	-1.02059574306532	0.421502619516508	-2.42132716573865	0.0154639526541508	0.110626738218156
SA597_2488	cds	7.6035751856594	-0.662490396347391	0.683559128297343	-0.969177893941038	0.332456438639964	0.618864383132315
SA597_2489	cds	18.3180664868396	-0.921796475602304	0.486171215428217	-1.89603260404956	0.0579557333693957	0.245431023179208
SA597_2490	cds	13.5906787261974	-0.916323820544853	0.516959387575982	-1.7725257390943	0.0763073265610029	0.288843326906135
SA597_2491	cds	14.0071354286012	-0.900194774739491	0.525033319860631	-1.71454789760476	0.0864281482739757	0.311141333786313
SA597_2492	cds	4.84925787441441	0.094026387838152	0.917725881186184	0.102455852848588	0.918394852707433	0.962987208412805
SA597_2493	cds	0.34076524163264	-1.59403081819311	3.2352685358705	-0.492704330573974	0.622221517293827	NA
SA597_2494	cds	24.1327254088783	-1.77356362445604	0.387627431403799	-4.57543373035559	4.75234384555935e-06	0.000155988697989536
SA597_2495	cds	4.93036894641973	-1.87332052229631	0.878351602209825	-2.13276837838432	0.0329437314689558	0.178471865627935
SA597_2496	cds	0.201912285471336	0.469275494969938	4.02726832755294	0.116524516571033	0.907236857029302	NA
SA597_2497	cds	0.605723629728847	-3.42048237284618	2.64594948691907	-1.29272398802631	0.196106538147748	NA
SA597_2498	cds	22.4983949608875	-0.627253558912209	0.400170828937078	-1.56746447655443	0.117006163278939	0.373082509197989
SA597_2499	cds	4.5700237524577	0.579314183131895	0.919180867876872	0.630250479940904	0.528530716665252	0.784362074200028
SA597_2500	cds	9.29242042404424	-0.676227208627608	0.623010849406858	-1.08541802967222	0.277736550539881	0.562070340531783
SA597_2501	cds	7.87632194432758	0.415470506051814	0.705944323573712	0.588531548704254	0.556175564264012	0.78968438895501
SA597_2502	cds	2.50371952366172	-0.086708020865	1.23396684851331	-0.0702677069237849	0.943980585094205	NA
SA597_2503	cds	3.21519026880464	0.528162311174432	1.06435909909892	0.496225673855347	0.619735199126226	NA
SA597_2504	cds	0.695235138202123	-1.00007689003791	2.16598383266916	-0.461719462054112	0.644282512601212	NA
SA597_2505	cds	1.96163282481441	-2.06865362360218	1.41004481642021	-1.46708359870011	0.142353315226755	NA
SA597_2506	cds	3.55962058715583	-0.48470273036334	1.11162806870352	-0.436029589400927	0.662815261421179	NA
SA597_2507	cds	0.726853393939251	-3.93276924331835	2.66820237232318	-1.47393963970361	0.140497843665213	NA
SA597_2508	cds	0.229874871638782	0.545837605872166	3.69667641622493	0.147656311890447	0.882614011662787	NA
SA597_2509	cds	0.440675564392341	1.48188053400623	2.63202787184915	0.56301855685332	0.573422247836651	NA
SA597_2510	cds	0	NA	NA	NA	NA	NA
SA597_2511	cds	8.88714721624908	-0.996390878866058	0.664987249651555	-1.49836087742758	0.134039515171266	0.39787688184158
SA597_2512	cds	0.0863782740423349	-0.589842747063684	4.08030001320842	-0.144558670968873	0.885059330175046	NA
SA597_2513	cds	0	NA	NA	NA	NA	NA
SA597_2514	cds	0.879184776204375	-4.02303634597745	2.1861012711161	-1.84027903882216	0.0657272811328127	NA
SA597_2515	cds	0.62592256671537	-0.463661360671101	2.64263893708078	-0.17545392000592	0.860722975570403	NA
SA597_2516	cds	0.249017443641925	-1.52880116081559	3.61477840102551	-0.4229308110234	0.672345742225027	NA
SA597_2517	cds	0.143496597596447	-0.589842394113521	4.08029999937606	-0.144558584957899	0.885059398088552	NA
SA597_2518	cds	0.273461146475528	-2.5609900062129	3.85473596947409	-0.664374947206125	0.506450363291634	NA
SA597_2519	cds	0	NA	NA	NA	NA	NA
SA597_2520	cds	0.0673040951571122	-0.591757537069432	4.08037509321427	-0.145025279184145	0.884690912881144	NA
SA597_2521	cds	0	NA	NA	NA	NA	NA
SA597_2522	cds	0	NA	NA	NA	NA	NA
SA597_2523	cds	0	NA	NA	NA	NA	NA
SA597_2524	cds	0.561751705989199	0.0161024761807906	2.46219239361975	0.00653989356092431	0.994781957094601	NA
SA597_2525	cds	0.685049366599122	-1.28351208430844	2.23720733077176	-0.573711728302658	0.566162890455824	NA
SA597_2526	cds	0	NA	NA	NA	NA	NA
SA597_2527	cds	0.181713348484813	-2.48889673675343	4.07674451622297	-0.61051084433894	0.54152346201155	NA
SA597_2528	cds	0.143496597596447	-0.589842394113521	4.08029999937606	-0.144558584957899	0.885059398088552	NA
SA597_2529	cds	10.7740524898002	-1.83151659230725	0.584853679182183	-3.13158086800157	0.00173867895220272	0.0230995917935505
SA597_2530	cds	0.229874871638782	0.545837605872166	3.69667641622493	0.147656311890447	0.882614011662787	NA
SA597_2531	cds	0.61343211247701	1.98173298086194	2.33202430298029	0.849790878392355	0.395441361871001	NA
SA597_2532	cds	1.05540504119013	2.79869310675182	1.91296668490714	1.46301194308968	0.143464110981175	NA
SA597_2533	cds	1.1049323217828	2.89738510835815	2.08797591506554	1.38765255262401	0.165242870557505	NA
SA597_2534	cds	0.461047107598341	1.63471266135147	2.77521081622618	0.589040894404703	0.555833841083811	NA
SA597_2535	cds	0.393743012441229	1.40385094493479	2.95155303491958	0.475631278966003	0.634337087370304	NA
SA597_2536	cds	0.919567879673047	1.27867914911118	1.960301139397	0.652287101921754	0.514215979065222	NA
SA597_2537	cds	2.14772946894785	2.72832156925298	1.55279132131574	1.75704328830301	0.0789104310092355	NA
SA597_2538	cds	1.48495745260202	0.447807602542702	1.70085459783864	0.263283882767965	0.792331781281666	NA
SA597_2539	cds	0.843375377233713	1.15369543325598	1.98616935493176	0.580864582565074	0.561331724228818	NA
SA597_2540	cds	0.541552769002675	-2.31994746431751	2.56598414946168	-0.904116054186935	0.365933866433506	NA
SA597_2541	cds	1.88081777095476	1.22268073191718	1.48719864464307	0.822136798148191	0.410999044336823	NA
SA597_2542	cds	0.268091622527148	-1.52728953514846	3.52028221276744	-0.433854288616195	0.664394255821853	NA
SA597_2543	cds	0.907264802158539	1.11674267123352	2.0985445060137	0.532151054234647	0.594621379618954	NA
SA597_2544	cds	0.143496597596447	-0.589842394113521	4.08029999937606	-0.144558584957899	0.885059398088552	NA
SA597_2545	cds	0.249017443641925	-1.52880116081559	3.61477840102551	-0.4229308110234	0.672345742225027	NA
SA597_2546	cds	5.20222045161812	-2.25686798046244	0.883584626890116	-2.55421825117732	0.0106426523268258	0.0858998829734191
SA597_2547	cds	3.78756856173249	-0.828413953495935	0.958642875889583	-0.864152829307994	0.387503940981052	NA
SA597_2548	cds	0.867819080067316	0.944143358887408	1.9882297339021	0.474866330982	0.634882250871526	NA
SA597_2549	cds	0	NA	NA	NA	NA	NA
SA597_2550	cds	0.949622105792428	-1.6503903014784	1.94206636004999	-0.84981148709868	0.395429902116991	NA
SA597_2551	cds	1.96003929472348	1.50923484373925	1.50318164254285	1.00402692597161	0.315365635291846	NA
SA597_2552	cds	0.354469896569483	-0.669498271178419	3.18374129863576	-0.210286643410788	0.833443959245847	NA
SA597_2553	cds	0	NA	NA	NA	NA	NA
SA597_2554	cds	0	NA	NA	NA	NA	NA
SA597_2555	cds	0	NA	NA	NA	NA	NA
SA597_2556	cds	0.0673040951571122	-0.591757537069432	4.08037509321427	-0.145025279184145	0.884690912881144	NA
SA597_2557	cds	17.29844329085	-0.996948576740335	0.487554230432147	-2.04479525458467	0.0408750478102878	0.196623074811557
SA597_2558	cds	0.636887843445153	-3.71405954188409	2.54828212703572	-1.45747580398583	0.144985085641701	NA
SA597_2559	cds	0.0673040951571122	-0.591757537069432	4.08037509321427	-0.145025279184145	0.884690912881144	NA
SA597_2560	cds	1.0382366693522	-3.17654255907263	2.13221658599161	-1.48978418981547	0.136280989509501	NA
SA597_2561	cds	3.89714067713724	1.64819704755791	1.07811041680453	1.52878315789129	0.126318208957072	NA
SA597_2562	cds	0.988100946033017	2.69916062771559	1.95469188703755	1.3808624497881	0.167321257489118	NA
SA597_2563	cds	3.02440113631375	1.66657959130787	1.23867898098384	1.34544915744365	0.178480229666368	NA
SA597_2564	cds	1.80462526851542	1.15555137653215	1.49319651808887	0.773877625974597	0.439003161856957	NA
SA597_2565	cds	0.153682369199447	0.151160703051939	4.04334970568065	0.0373850183771064	0.970178017923845	NA
SA597_2566	cds	2.8250703527988	0.301836798655678	1.10868802530944	0.272246828472269	0.78543223721691	NA
SA597_2567	cds	1.52658887372267	-0.0221274698185886	1.51405393057691	-0.0146147170663579	0.988339557985943	NA
SA597_2568	cds	0	NA	NA	NA	NA	NA
SA597_2569	cds	0	NA	NA	NA	NA	NA
SA597_2570	cds	0.598671092556787	-2.32111897314643	2.51446431075473	-0.923106748112775	0.355951578331898	NA
SA597_2571	cds	0.269216380628449	0.867804197489092	3.86925197646256	0.224282161711907	0.822537755563737	NA
SA597_2572	cds	20.2774852103232	2.45047628786101	0.549545180137519	4.45909886289567	8.23049539352511e-06	0.000255145357199278
SA597_2573	cds	2.6992059202013	-0.503772342804631	1.15544448763447	-0.435998741779452	0.66283764245999	NA
SA597_2574	cds	0.577692650443481	-0.818868116984831	2.53073622194981	-0.323569129758586	0.746264262516532	NA
SA597_2575	cds	1.63493356174377	2.16189798939117	1.66064728027968	1.30184056245048	0.19297089443609	NA
SA597_2576	cds	0.0673040951571122	-0.591757537069432	4.08037509321427	-0.145025279184145	0.884690912881144	NA
SA597_2577	cds	1.71126285041895	0.563229797703208	1.45390811729508	0.387390228449284	0.698467336742649	NA
SA597_2578	cds	0.78849334319704	0.262059479471239	2.11601875178748	0.123845537403611	0.901437575693305	NA
SA597_2579	cds	1.3276372164628	0.733343626475873	1.6354301242236	0.448410247318894	0.653857147625012	NA
SA597_2580	cds	0	NA	NA	NA	NA	NA
SA597_2581	cds	0.181713348484813	-2.48889673675343	4.07674451622297	-0.61051084433894	0.54152346201155	NA
SA597_2582	cds	0	NA	NA	NA	NA	NA
SA597_2583	cds	0	NA	NA	NA	NA	NA
SA597_2584	cds	0	NA	NA	NA	NA	NA
SA597_2585	cds	0.556209575821342	1.85475973093438	2.6338140772444	0.704210576957239	0.481301645116981	NA
SA597_2586	cds	0	NA	NA	NA	NA	NA
SA597_2587	cds	0	NA	NA	NA	NA	NA
SA597_2588	cds	1.76647691074498	1.11514773454269	1.50926415728816	0.738868493734313	0.459986855453378	NA
SA597_2589	cds	1.6998986981011	-0.28496702473329	1.47071492466058	-0.193760884556914	0.846363116113129	NA
SA597_2590	cds	1.10330447499187	-0.925904715121784	1.78958403000029	-0.517385436838991	0.604887123731231	NA
SA597_2591	cds	0.134608190314224	0.0260717689886992	4.05060522065858	0.00643651197004588	0.994864441933606	NA
SA597_2592	cds	0	NA	NA	NA	NA	NA
SA597_2593	cds	0.430730792126738	-2.12846624022136	2.98227716428824	-0.71370503912548	0.475409589774526	NA
SA597_2594	cds	2.34506650610196	1.23459467534681	1.30349746105752	0.947140069106992	0.343567409210465	NA
SA597_2595	cds	1.54353097619201	0.657601978025556	1.7929351470037	0.366773990193967	0.713787610409771	NA
SA597_2596	cds	0.0673040951571122	-0.591757537069432	4.08037509321427	-0.145025279184145	0.884690912881144	NA
SA597_2597	cds	0.517109066169073	-1.38689426712137	2.56906533380021	-0.53984390699393	0.58930468432468	NA
SA597_2598	cds	2.98452266535391	-0.215016620164226	1.13020449719104	-0.190245765875662	0.849116549953513	NA
SA597_2599	cds	0.689693008034266	0.746496945433077	2.14725521388831	0.347651709309998	0.728101767290807	NA
SA597_2600	cds	0	NA	NA	NA	NA	NA
SA597_2601	cds	0.0673040951571122	-0.591757537069432	4.08037509321427	-0.145025279184145	0.884690912881144	NA
SA597_2602	cds	0	NA	NA	NA	NA	NA