"tag"	"moltype"	"baseMean"	"log2FoldChange"	"lfcSE"	"stat"	"pvalue"	"padj"
K8B78_00005	cds	1.38205600814952	-2.96312991251584	1.88154676689891	-1.57483723744989	0.115294018717267	NA
K8B78_00010	cds	2.49953071799522	-2.11419909663631	1.24925528772341	-1.69236753881517	0.0905759176449657	0.756487202558955
K8B78_00015	cds	0.672580516932451	-0.148909598872127	2.78448076579718	-0.0534784081474864	0.957350733829109	NA
K8B78_00020	cds	1.45689147530849	0.864634839397438	1.68072769062225	0.514440765283831	0.606943864343951	NA
K8B78_00025	cds	1.20418802672177	-1.5563918380644	1.88920448577919	-0.823834502712645	0.410033600162591	NA
K8B78_00030	cds	7.16841791295836	-0.952533306029886	0.671812552684317	-1.41785577275076	0.156232877038858	0.875299394903004
K8B78_00035	cds	1.16739011181555	-0.677981307131603	1.8044347881703	-0.37573056758625	0.707117210565544	NA
K8B78_00040	cds	0.186434739109616	0.69851164813038	4.0804728567969	0.171183995738842	0.864079091295167	NA
K8B78_00045	cds	0.127432626852749	0.69851164813038	4.0804728567969	0.171183995738842	0.864079091295167	NA
K8B78_00050	cds	0	NA	NA	NA	NA	NA
K8B78_00055	cds	0	NA	NA	NA	NA	NA
K8B78_00060	cds	0	NA	NA	NA	NA	NA
K8B78_00065	cds	0.818514540556071	1.71212294757121	2.50200087288057	0.684301498903969	0.493784800677486	NA
K8B78_00070	cds	0.307732586831542	-0.263261024083251	4.0804728567969	-0.0645172834919692	0.948558345545108	NA
K8B78_00075	cds	0.581670768854636	1.12621249336149	3.44583368212115	0.326833096793062	0.743794125291756	NA
K8B78_00080	cds	2.83330633494915	-1.20649538475923	1.06014591426072	-1.13804653541543	0.255101051255828	0.977226285358722
K8B78_00085	cds	2.01996923061234	1.44473362023379	1.33778549782059	1.07994414843593	0.280167052019951	0.977226285358722
K8B78_00100	cds	0.127432626852749	0.69851164813038	4.0804728567969	0.171183995738842	0.864079091295167	NA
K8B78_00105	cds	1.49635256938445	1.69566271975438	1.709665625787	0.991809564501144	0.321290431083357	0.977226285358722
K8B78_00110	cds	0.885058286164454	1.91074096666953	2.3740721256256	0.804836949157988	0.42091377656815	NA
K8B78_00115	cds	0.905241573287303	-0.404314626946667	2.48166148574107	-0.16292094198574	0.870580681807209	NA
K8B78_00120	cds	0.787891442619014	0.181730283580874	2.92497947891657	0.0621304473726388	0.950458950332107	NA
K8B78_00125	cds	0.167933342338746	-1.22504170351211	4.0804728567969	-0.300220525048105	0.764008950054848	NA
K8B78_00130	cds	0.742897800515833	0.126851337801608	3.01866113238771	0.0420223841757524	0.966480853884186	NA
K8B78_00135	cds	0.180299959978792	-1.22504170351211	4.0804728567969	-0.300220525048105	0.764008950054848	NA
K8B78_00140	cds	0	NA	NA	NA	NA	NA
K8B78_00145	cds	0.127432626852749	0.69851164813038	4.0804728567969	0.171183995738842	0.864079091295167	NA
K8B78_00150	cds	0	NA	NA	NA	NA	NA
K8B78_00155	cds	1.34951981924179	-1.94460270333033	1.87479608269585	-1.03723424711561	0.299626701022547	NA
K8B78_00160	cds	0	NA	NA	NA	NA	NA
K8B78_00165	cds	0	NA	NA	NA	NA	NA
K8B78_00170	cds	0	NA	NA	NA	NA	NA
K8B78_00175	cds	0	NA	NA	NA	NA	NA
K8B78_00180	cds	0.137912475505296	0.69851164813038	4.0804728567969	0.171183995738842	0.864079091295167	NA
K8B78_00185	cds	0	NA	NA	NA	NA	NA
K8B78_00190	cds	1.82948591739644	3.13973916971544	1.64896027365521	1.90407205065993	0.0569008011639914	0.649240172170325
K8B78_00195	cds	0	NA	NA	NA	NA	NA
K8B78_00200	cds	0.275824951010593	1.50446712001198	4.04727167565451	0.371723778530059	0.710098518947046	NA
K8B78_00205	cds	0.443758293349339	0.543465612909461	3.92506612144503	0.138460244004598	0.889876687614801	NA
K8B78_00210	cds	0.706645095173161	2.85142187144406	2.8148813710955	1.0129811866048	0.311069147243502	NA
K8B78_00215	cds	0	NA	NA	NA	NA	NA
K8B78_00220	cds	0	NA	NA	NA	NA	NA
K8B78_00225	cds	0	NA	NA	NA	NA	NA
K8B78_00230	cds	0	NA	NA	NA	NA	NA
K8B78_00235	cds	0.186434739109616	0.69851164813038	4.0804728567969	0.171183995738842	0.864079091295167	NA
K8B78_00240	cds	0	NA	NA	NA	NA	NA
K8B78_00245	cds	0.658122831568841	2.76058019123613	3.14672884800949	0.877285690815839	0.380331482389675	NA
K8B78_00250	cds	4.10732877451107	0.647233181444059	0.843048775640351	0.767729222965116	0.442648070944021	0.995826338602843
K8B78_00255	cds	0	NA	NA	NA	NA	NA
K8B78_00260	cds	0.984029620198932	-1.42352434548369	2.39361845624117	-0.594716481138403	0.552033003223165	NA
K8B78_00265	cds	7.184461009195	-0.669594825565448	0.654043275100004	-1.0237775557941	0.305940353739606	0.977226285358722
K8B78_00270	cds	0.581670768854636	1.12621249336149	3.44583368212115	0.326833096793062	0.743794125291756	NA
K8B78_00275	cds	2.18514339942771	-1.45978464731151	1.21083867483531	-1.20559796911844	0.227972542649729	0.977226285358722
K8B78_00280	cds	0.167933342338746	-1.22504170351211	4.0804728567969	-0.300220525048105	0.764008950054848	NA
K8B78_00285	cds	0	NA	NA	NA	NA	NA
K8B78_00290	cds	0	NA	NA	NA	NA	NA
K8B78_00295	cds	0	NA	NA	NA	NA	NA
K8B78_00300	cds	0	NA	NA	NA	NA	NA
K8B78_00305	cds	0	NA	NA	NA	NA	NA
K8B78_00310	cds	0	NA	NA	NA	NA	NA
K8B78_00315	cds	0	NA	NA	NA	NA	NA
K8B78_00320	cds	0	NA	NA	NA	NA	NA
K8B78_00325	cds	0	NA	NA	NA	NA	NA
K8B78_00330	cds	0	NA	NA	NA	NA	NA
K8B78_00335	cds	0	NA	NA	NA	NA	NA
K8B78_00340	cds	6.78278826230524	-1.05191495423023	0.711219398214419	-1.47903017953555	0.139132249036007	0.846788428179565
K8B78_00345	cds	0	NA	NA	NA	NA	NA
K8B78_00350	cds	0	NA	NA	NA	NA	NA
K8B78_00355	cds	0	NA	NA	NA	NA	NA
K8B78_00360	cds	0.167933342338746	-1.22504170351211	4.0804728567969	-0.300220525048105	0.764008950054848	NA
K8B78_00365	cds	0	NA	NA	NA	NA	NA
K8B78_00370	cds	0.187077008051562	-1.22504170351211	4.0804728567969	-0.300220525048106	0.764008950054848	NA
K8B78_00375	cds	0.475665929170288	-1.1311290285775	3.50396111995969	-0.322814377743586	0.746835823628213	NA
K8B78_00380	cds	2.77525860962742	-0.565932411887937	1.11508880927526	-0.507522277311491	0.611788409494674	0.99691600623528
K8B78_00385	cds	1.24630047506398	-0.37188818862744	1.76216715081599	-0.211040245787826	0.832855866916191	NA
K8B78_00390	cds	0.382297880558248	1.98126111884408	4.00840382402356	0.494276825845189	0.62111068916803	NA
K8B78_00395	cds	1.20186386742785	2.37611771336328	2.15011188764642	1.10511351851752	0.269110403602435	NA
K8B78_00400	cds	4.56385800017301	2.4496092128484	1.00452867367982	2.43856574434547	0.0147456761621836	0.321679408262595
K8B78_00405	cds	9.18281128985858	-0.554251445334753	0.598267020756215	-0.9264282103235	0.354223489206292	0.977226285358722
K8B78_00410	cds	0.186434739109616	0.69851164813038	4.0804728567969	0.171183995738842	0.864079091295167	NA
K8B78_00415	cds	0.180299959978792	-1.22504170351211	4.0804728567969	-0.300220525048105	0.764008950054848	NA
K8B78_00420	cds	0	NA	NA	NA	NA	NA
K8B78_00425	cds	0	NA	NA	NA	NA	NA
K8B78_00430	cds	0	NA	NA	NA	NA	NA
K8B78_00435	cds	0.445645062336838	0.508791661133043	3.60300484964475	0.141213149125572	0.887701558668137	NA
K8B78_00440	cds	0	NA	NA	NA	NA	NA
K8B78_00445	cds	0.776127056082575	2.96879026602713	2.66998746901507	1.11191168515944	0.266176124042453	NA
K8B78_00450	cds	2.29862457766684	-0.725511741051053	1.15975902130376	-0.62557111238114	0.531596291423053	0.99691600623528
K8B78_00455	cds	0.92580391812431	0.598273511273502	2.66346780576864	0.224622017197932	0.822273335296507	NA
K8B78_00460	cds	0.948405467943044	0.767887868089115	2.3024431854747	0.333510017938097	0.738749328678266	NA
K8B78_00465	cds	0.433278444696792	0.508318354154505	3.64486435972284	0.139461528327808	0.88908545474744	NA
K8B78_00470	cds	1.23889487390443	-0.446562032285954	2.01629725275311	-0.221476288615781	0.824721597137718	NA
K8B78_00475	cds	0.815576325255041	1.78714561177744	2.66828093128075	0.669774157146049	0.503001770092287	NA
K8B78_00480	cds	0.865517267983551	3.14188359780081	2.53581368799371	1.23900411638152	0.215343973637155	NA
K8B78_00485	cds	1.3482352813579	-0.200400917310671	1.69072874761442	-0.118529313228649	0.905648270203366	NA
K8B78_00490	cds	0.505289443535651	-1.19467404633347	3.41376167621414	-0.349958245374164	0.726370033918296	NA
K8B78_00495	cds	0.755809627719427	1.57570320426377	2.78073004750225	0.566650907260529	0.570951380914793	NA
K8B78_00500	cds	0	NA	NA	NA	NA	NA
K8B78_00505	cds	1.03227684767197	0.874302126804648	2.27812133981118	0.383782071448887	0.701139977314228	NA
K8B78_00510	cds	0	NA	NA	NA	NA	NA
K8B78_00515	cds	0.498512395462881	-1.17323735060797	3.72379865733845	-0.315064658046397	0.752712561745673	NA
K8B78_00520	cds	1.53886723289377	-2.02993312906944	1.7270290522216	-1.17539026136138	0.239838617874655	0.977226285358722
K8B78_00525	cds	1.49647974842028	-1.23889369269115	1.6106897079412	-0.769169683386573	0.441792585216922	0.995826338602843
K8B78_00530	cds	1.80994976191456	0.0105987682803496	1.33588054396675	0.00793391918777237	0.993669714785643	0.99691600623528
K8B78_00535	cds	0.354368081448363	-0.263261024083251	4.0804728567969	-0.0645172834919692	0.948558345545108	NA
K8B78_00540	cds	0	NA	NA	NA	NA	NA
K8B78_00545	cds	1.85118874069612	0.70739887467017	1.33344861114166	0.530503289560228	0.595763028850176	0.99691600623528
K8B78_00550	cds	0.860902025029566	0.436941532371016	2.58897270385436	0.168770235283097	0.865977371248067	NA
K8B78_00555	cds	1.27073177233016	-1.09490693021293	1.85331555084957	-0.590782789099796	0.55466596825337	NA
K8B78_00560	cds	0	NA	NA	NA	NA	NA
K8B78_00565	cds	0	NA	NA	NA	NA	NA
K8B78_00570	cds	0.127432626852749	0.69851164813038	4.0804728567969	0.171183995738842	0.864079091295167	NA
K8B78_00575	cds	0	NA	NA	NA	NA	NA
K8B78_00580	cds	0	NA	NA	NA	NA	NA
K8B78_00585	cds	1.65185399928641	1.01806487022427	1.66326776270825	0.612087177452764	0.540480080723422	0.99691600623528
K8B78_00590	cds	0.180299959978792	-1.22504170351211	4.0804728567969	-0.300220525048105	0.764008950054848	NA
K8B78_00595	cds	0.137912475505296	0.69851164813038	4.0804728567969	0.171183995738842	0.864079091295167	NA
K8B78_00600	cds	2.83037966075136	0.45802899096106	1.07052381952415	0.427855020698798	0.668756676075538	0.99691600623528
K8B78_00605	cds	0.741011031528334	0.20643260043732	2.61563951258094	0.0789224200981829	0.937094330202389	NA
K8B78_00610	cds	2.39670386358648	0.808042246741956	1.13011415235983	0.715009404186876	0.474603232308083	0.995826338602843
K8B78_00615	cds	0	NA	NA	NA	NA	NA
K8B78_00620	cds	0	NA	NA	NA	NA	NA
K8B78_00625	cds	0	NA	NA	NA	NA	NA
K8B78_00630	cds	0	NA	NA	NA	NA	NA
K8B78_00635	cds	0.313867365962366	1.65967099818041	4.03330497508829	0.411491570419634	0.680712121089506	NA
K8B78_00640	cds	1.8999559207743	0.678001539558246	1.34014342191889	0.505917149216347	0.612914812863399	0.99691600623528
K8B78_00645	cds	0.355010350390309	-2.11530586616368	4.03834902213065	-0.523804617820684	0.600414441228318	NA
K8B78_00650	cds	0	NA	NA	NA	NA	NA
K8B78_00655	cds	0.638856849519224	1.22971136221433	2.832591591603	0.434129426162147	0.664194458129097	NA
K8B78_00660	cds	0.451779841467662	2.19438269905978	3.5176110788112	0.623827549406454	0.532740844974173	NA
K8B78_00665	cds	0.776127056082575	2.96879026602713	2.66998746901507	1.11191168515944	0.266176124042453	NA
K8B78_00670	cds	0.63949911846117	-0.434363173868756	3.05166825770162	-0.142336301717114	0.886814373797052	NA
K8B78_00675	cds	0.335866684677493	-2.0464605018051	4.04466926930001	-0.505964855356212	0.612881321734113	NA
K8B78_00680	cds	0	NA	NA	NA	NA	NA
K8B78_00685	cds	1.67677970839907	-1.46811081903837	1.5154271814642	-0.968776881525837	0.332656523673808	0.977226285358722
K8B78_00690	cds	6.00960915067849	1.29134774147631	0.79899872519922	1.61620751166321	0.10604945525935	0.778968558238482
K8B78_00695	cds	0.186434739109616	0.69851164813038	4.0804728567969	0.171183995738842	0.864079091295167	NA
K8B78_00700	cds	0	NA	NA	NA	NA	NA
K8B78_00705	cds	0	NA	NA	NA	NA	NA
K8B78_00710	cds	0	NA	NA	NA	NA	NA
K8B78_00715	cds	0	NA	NA	NA	NA	NA
K8B78_00720	cds	0.186434739109616	0.69851164813038	4.0804728567969	0.171183995738842	0.864079091295167	NA
K8B78_00725	cds	0.354368081448363	-0.263261024083251	4.0804728567969	-0.0645172834919692	0.948558345545108	NA
K8B78_00730	cds	0.127432626852749	0.69851164813038	4.0804728567969	0.171183995738842	0.864079091295167	NA
K8B78_00735	cds	0.167933342338746	-1.22504170351211	4.0804728567969	-0.300220525048105	0.764008950054848	NA
K8B78_00740	cds	0.553169438198025	0.911155068850801	3.54940523763143	0.256706407932961	0.797405424468214	NA
K8B78_00745	cds	0.137912475505296	0.69851164813038	4.0804728567969	0.171183995738842	0.864079091295167	NA
K8B78_00750	cds	0.167933342338746	-1.22504170351211	4.0804728567969	-0.300220525048105	0.764008950054848	NA
K8B78_00755	cds	0	NA	NA	NA	NA	NA
K8B78_00760	cds	0.66274293722185	-1.74501693705617	2.7853562433719	-0.626496858780146	0.530989096612172	NA
K8B78_00765	cds	0	NA	NA	NA	NA	NA
K8B78_00770	cds	0.779624978026832	-0.856311404001791	2.94534133099495	-0.290734182483537	0.771254626447002	NA
K8B78_00775	cds	0.254865253705499	1.4271214034099	4.05189147764595	0.352211161449719	0.724679906979001	NA
K8B78_00780	cds	0.137912475505296	0.69851164813038	4.0804728567969	0.171183995738842	0.864079091295167	NA
K8B78_00785	cds	0.324347214614913	1.70326611696879	4.02960700440772	0.422687898622794	0.672522985931288	NA
K8B78_00790	cds	33.4873167231507	0.036380035714792	0.399093750993217	0.0911566157682342	0.927368146973996	0.99691600623528
K8B78_00795	cds	200.604519570532	-1.04174150025989	0.33657685861051	-3.09510732425431	0.00196741692672365	0.0975510892833811
K8B78_00800	cds	0.137912475505296	0.69851164813038	4.0804728567969	0.171183995738842	0.864079091295167	NA
K8B78_00805	cds	1.22749772017865	2.47470675568731	2.10346346067427	1.17649143992928	0.239398551073948	NA
K8B78_00810	cds	0.877107475441352	0.527157175667764	2.56728938531966	0.205336094435698	0.83730954553434	NA
K8B78_00815	cds	0	NA	NA	NA	NA	NA
K8B78_00820	cds	1.72207422349139	2.98858331798109	1.6649461517417	1.79500298844784	0.0726532238007256	0.708666691171012
K8B78_00825	cds	0	NA	NA	NA	NA	NA
K8B78_00830	cds	0.366734699088408	-0.263261024083251	4.0804728567969	-0.0645172834919692	0.948558345545108	NA
K8B78_00835	cds	0	NA	NA	NA	NA	NA
K8B78_00840	cds	0.180299959978792	-1.22504170351211	4.0804728567969	-0.300220525048105	0.764008950054848	NA
K8B78_00845	cds	0.917608190927349	-0.423185524236283	2.3186925326419	-0.182510409758429	0.855182185752197	NA
K8B78_00850	cds	0.137912475505296	0.69851164813038	4.0804728567969	0.171183995738842	0.864079091295167	NA
K8B78_00855	cds	0.137912475505296	0.69851164813038	4.0804728567969	0.171183995738842	0.864079091295167	NA
K8B78_00860	cds	0.324347214614913	1.70326611696879	4.02960700440772	0.422687898622794	0.672522985931288	NA
K8B78_00865	cds	0	NA	NA	NA	NA	NA
K8B78_00870	cds	0.97633526705293	2.08191173253098	2.38635504686486	0.872423294792678	0.382977496900479	NA
K8B78_00875	cds	1.56980054210143	-0.91295657953323	1.52380800869996	-0.5991283510264	0.549087297124042	0.99691600623528
K8B78_00880	cds	0	NA	NA	NA	NA	NA
K8B78_00885	cds	8.80128953568232	-0.181983730466412	0.634004775642352	-0.287038422198053	0.774082900843389	0.99691600623528
K8B78_00890	cds	0	NA	NA	NA	NA	NA
K8B78_00895	cds	0.167933342338746	-1.22504170351211	4.0804728567969	-0.300220525048105	0.764008950054848	NA
K8B78_00900	cds	0	NA	NA	NA	NA	NA
K8B78_00905	cds	0	NA	NA	NA	NA	NA
K8B78_00910	cds	0	NA	NA	NA	NA	NA
K8B78_00915	cds	0	NA	NA	NA	NA	NA
K8B78_00920	cds	0	NA	NA	NA	NA	NA
K8B78_00925	cds	0	NA	NA	NA	NA	NA
K8B78_00930	cds	0	NA	NA	NA	NA	NA
K8B78_00935	cds	0	NA	NA	NA	NA	NA
K8B78_00940	cds	0.187077008051562	-1.22504170351211	4.0804728567969	-0.300220525048106	0.764008950054848	NA
K8B78_00945	cds	0.641712502521536	-1.67033432300782	3.27963129392823	-0.509305520440729	0.610538089027687	NA
K8B78_00950	cds	0	NA	NA	NA	NA	NA
K8B78_00955	cds	0.167933342338746	-1.22504170351211	4.0804728567969	-0.300220525048105	0.764008950054848	NA
K8B78_00960	cds	0.573077689189587	1.06543145367017	3.18855300769029	0.334142619269779	0.738271940933396	NA
K8B78_00965	cds	0.884935969827653	0.424832144257259	2.55099251987123	0.166536021155681	0.867735138162634	NA
K8B78_00970	cds	1.00231242247912	-2.44483097245782	2.36772998129767	-1.032563253314	0.30180833222465	NA
K8B78_00975	cds	3.4581143926761	0.901572492989786	0.973916060077167	0.92571888887257	0.354592088948142	0.977226285358722
K8B78_00980	cds	2.68581273731036	-0.157621477945491	1.02723513588713	-0.153442451916686	0.878049369458546	0.99691600623528
K8B78_00985	cds	0.305845817844043	-0.263261024083251	4.0804728567969	-0.0645172834919692	0.948558345545108	NA
K8B78_00990	cds	1.72120181895553	-0.816404027486787	1.39605086728472	-0.584795329897017	0.558685344907507	0.99691600623528
K8B78_00995	cds	1.43057827175384	-2.96316770029545	1.85182161180275	-1.60013668779402	0.109568263666394	NA
K8B78_01000	cds	7.52981340155183	-1.00061661518291	0.653579885132528	-1.53097829040441	0.125774758201914	0.822373419012514
K8B78_01005	cds	0.137912475505296	0.69851164813038	4.0804728567969	0.171183995738842	0.864079091295167	NA
K8B78_01010	cds	1.9229247034037	1.3798904037111	1.37740678141694	1.00180311461194	0.316438692665021	0.977226285358722
K8B78_01015	cds	0	NA	NA	NA	NA	NA
K8B78_01020	cds	0.691724182645267	-0.206340671038667	2.74810033219514	-0.0750848390145367	0.940147210484735	NA
K8B78_01025	cds	0.318212435484088	-0.263261024083251	4.0804728567969	-0.0645172834919692	0.948558345545108	NA
K8B78_01030	cds	0	NA	NA	NA	NA	NA
K8B78_01035	cds	0.127432626852749	0.69851164813038	4.0804728567969	0.171183995738842	0.864079091295167	NA
K8B78_01040	cds	0	NA	NA	NA	NA	NA
K8B78_01045	cds	0.275824951010593	1.50446712001198	4.04727167565451	0.371723778530059	0.710098518947046	NA
K8B78_01050	cds	0.500302105071982	2.32662894841565	3.66057090796865	0.635591826223291	0.525042498415123	NA
K8B78_01055	cds	0	NA	NA	NA	NA	NA
K8B78_01060	cds	0	NA	NA	NA	NA	NA
K8B78_01065	cds	0.167933342338746	-1.22504170351211	4.0804728567969	-0.300220525048105	0.764008950054848	NA
K8B78_01070	cds	0	NA	NA	NA	NA	NA
K8B78_01075	cds	0.186434739109616	0.69851164813038	4.0804728567969	0.171183995738842	0.864079091295167	NA
K8B78_01080	cds	0	NA	NA	NA	NA	NA
K8B78_01085	cds	0.463299311530242	-1.08589908874976	3.84946604212242	-0.282090834642367	0.777873860867089	NA
K8B78_01090	cds	0	NA	NA	NA	NA	NA
K8B78_01095	cds	1.60668101930637	-0.471129125972961	1.53874482658437	-0.306177553180634	0.759469462205088	0.99691600623528
K8B78_01100	cds	1.09589906558184	-2.50336785028767	2.1500923774601	-1.16430711374592	0.244299574707423	NA
K8B78_01105	cds	10.2197203641863	0.196648348264688	0.558657745166169	0.352001471323371	0.724837159050515	0.99691600623528
K8B78_01110	cds	0.360599919957584	-2.13538510402601	4.03655995906709	-0.529011119785158	0.596797736081313	NA
K8B78_01115	cds	1.09589906558184	-2.50336785028767	2.1500923774601	-1.16430711374592	0.244299574707423	NA
K8B78_01120	cds	0	NA	NA	NA	NA	NA
K8B78_01125	cds	0	NA	NA	NA	NA	NA
K8B78_01130	cds	0.137912475505296	0.69851164813038	4.0804728567969	0.171183995738842	0.864079091295167	NA
K8B78_01135	cds	0	NA	NA	NA	NA	NA
K8B78_01140	cds	0	NA	NA	NA	NA	NA
K8B78_01145	cds	0	NA	NA	NA	NA	NA
K8B78_01150	cds	0	NA	NA	NA	NA	NA
K8B78_01155	cds	0	NA	NA	NA	NA	NA
K8B78_01160	cds	0	NA	NA	NA	NA	NA
K8B78_01165	cds	0	NA	NA	NA	NA	NA
K8B78_01170	cds	1.4425727938842	0.766385361676252	1.62784218542876	0.470798317267095	0.637784766323368	NA
K8B78_01175	cds	0.167933342338746	-1.22504170351211	4.0804728567969	-0.300220525048105	0.764008950054848	NA
K8B78_01180	cds	0.355010350390309	-2.11530586616368	4.03834902213065	-0.523804617820684	0.600414441228318	NA
K8B78_01185	cds	0.180299959978792	-1.22504170351211	4.0804728567969	-0.300220525048105	0.764008950054848	NA
K8B78_01190	cds	0	NA	NA	NA	NA	NA
K8B78_01195	cds	0	NA	NA	NA	NA	NA
K8B78_01200	cds	0.360599919957584	-2.13538510402601	4.03655995906709	-0.529011119785158	0.596797736081313	NA
K8B78_01205	cds	0.647642982916294	2.73914537473229	3.19981779421612	0.856031671454381	0.391980261200989	NA
K8B78_01210	cds	0.324347214614913	1.70326611696879	4.02960700440772	0.422687898622794	0.672522985931288	NA
K8B78_01215	cds	1.55340450880874	-0.44687895482991	1.73417540849544	-0.257689592783247	0.796646478676936	0.99691600623528
K8B78_01220	cds	0.737308230948557	0.150694308260531	2.8185441495898	0.0534652999075649	0.95736117774985	NA
K8B78_01225	cds	0.482442977243058	-1.15370312374256	3.48273473276398	-0.33126356506255	0.740445409928513	NA
K8B78_01230	cds	0.137912475505296	0.69851164813038	4.0804728567969	0.171183995738842	0.864079091295167	NA
K8B78_01235	cds	0	NA	NA	NA	NA	NA
K8B78_01240	cds	0.167933342338746	-1.22504170351211	4.0804728567969	-0.300220525048105	0.764008950054848	NA
K8B78_01245	cds	0	NA	NA	NA	NA	NA
K8B78_01250	cds	0.747788079601104	0.187596365998716	2.60378847425712	0.072047467700785	0.942564132213342	NA
K8B78_01255	cds	0	NA	NA	NA	NA	NA
K8B78_01260	cds	0	NA	NA	NA	NA	NA
K8B78_01265	cds	1.2830983899702	-1.10292779773682	1.75052314204084	-0.630056107942093	0.528657875363909	NA
K8B78_01270	cds	0	NA	NA	NA	NA	NA
K8B78_01275	cds	0.355010350390309	-2.11530586616368	4.03834902213065	-0.523804617820684	0.600414441228318	NA
K8B78_01280	cds	5.97008884801161	0.125685899072386	0.721043133016503	0.174311207356729	0.86162089188288	0.99691600623528
K8B78_01285	cds	0	NA	NA	NA	NA	NA
K8B78_01290	cds	0.137912475505296	0.69851164813038	4.0804728567969	0.171183995738842	0.864079091295167	NA
K8B78_01295	cds	0	NA	NA	NA	NA	NA
K8B78_01300	cds	0	NA	NA	NA	NA	NA
K8B78_01305	cds	0	NA	NA	NA	NA	NA
K8B78_01310	cds	0	NA	NA	NA	NA	NA
K8B78_01315	cds	0.324347214614913	1.70326611696879	4.02960700440772	0.422687898622794	0.672522985931288	NA
K8B78_01320	cds	0.127432626852749	0.69851164813038	4.0804728567969	0.171183995738842	0.864079091295167	NA
K8B78_01325	cds	0.66951998529462	-1.76003044541965	2.96464332784572	-0.593673589294328	0.55273045090361	NA
K8B78_01330	cds	0.366734699088408	-0.263261024083251	4.0804728567969	-0.0645172834919692	0.948558345545108	NA
K8B78_01335	cds	0	NA	NA	NA	NA	NA
K8B78_01340	cds	0	NA	NA	NA	NA	NA
K8B78_01345	cds	0	NA	NA	NA	NA	NA
K8B78_01350	cds	0.137912475505296	0.69851164813038	4.0804728567969	0.171183995738842	0.864079091295167	NA
K8B78_01355	cds	0.187077008051562	-1.22504170351211	4.0804728567969	-0.300220525048106	0.764008950054848	NA
K8B78_01360	cds	0	NA	NA	NA	NA	NA
K8B78_01365	cds	1.07402206320352	0.976274237096933	2.01792645987912	0.483800701614971	0.628527317098237	NA
K8B78_01370	cds	0.324347214614913	1.70326611696879	4.02960700440772	0.422687898622794	0.672522985931288	NA
K8B78_01375	cds	0.137912475505296	0.69851164813038	4.0804728567969	0.171183995738842	0.864079091295167	NA
K8B78_01380	cds	0.313867365962366	1.65967099818041	4.03330497508829	0.411491570419634	0.680712121089506	NA
K8B78_01385	cds	0.354368081448363	-0.263261024083251	4.0804728567969	-0.0645172834919692	0.948558345545108	NA
K8B78_01390	cds	0	NA	NA	NA	NA	NA
K8B78_01395	cds	0	NA	NA	NA	NA	NA
K8B78_01400	cds	0	NA	NA	NA	NA	NA
K8B78_01405	cds	0	NA	NA	NA	NA	NA
K8B78_01410	cds	0.167933342338746	-1.22504170351211	4.0804728567969	-0.300220525048105	0.764008950054848	NA
K8B78_01415	cds	0	NA	NA	NA	NA	NA
K8B78_01420	cds	0	NA	NA	NA	NA	NA
K8B78_01425	cds	0.708736162896725	0.0688288605153188	3.12044919101177	0.0220573565862169	0.982402202706498	NA
K8B78_01430	cds	0.137912475505296	0.69851164813038	4.0804728567969	0.171183995738842	0.864079091295167	NA
K8B78_01435	cds	0.265345102358046	1.46627794599376	4.04952495999157	0.362086407783695	0.717287460514729	NA
K8B78_01440	cds	0.522301423787109	-1.08739745598522	3.64479994092956	-0.298342151450951	0.765442036036677	NA
K8B78_01445	cds	0.254865253705499	1.4271214034099	4.05189147764595	0.352211161449719	0.724679906979001	NA
K8B78_01450	cds	1.55646504044657	0.244339326976455	1.48118132887458	0.164962467601523	0.868973523783851	0.99691600623528
K8B78_01455	cds	0.366734699088408	-0.263261024083251	4.0804728567969	-0.0645172834919692	0.948558345545108	NA
K8B78_01460	cds	0	NA	NA	NA	NA	NA
K8B78_01465	cds	0	NA	NA	NA	NA	NA
K8B78_01470	cds	0	NA	NA	NA	NA	NA
K8B78_01475	cds	0.137912475505296	0.69851164813038	4.0804728567969	0.171183995738842	0.864079091295167	NA
K8B78_01480	cds	0	NA	NA	NA	NA	NA
K8B78_01485	cds	0	NA	NA	NA	NA	NA
K8B78_01490	cds	0.187077008051562	-1.22504170351211	4.0804728567969	-0.300220525048106	0.764008950054848	NA
K8B78_01495	cds	1.86534613297004	-1.10516192231734	1.39975790855873	-0.789537901918534	0.429797686355072	0.994504174645922
K8B78_01500	cds	1.73117543085809	-0.071490656947581	1.42158591535187	-0.0502893677937755	0.959891796321895	0.99691600623528
K8B78_01505	cds	1.49459297943278	-1.20329191587109	1.67777986861382	-0.71719296338038	0.473255040489669	NA
K8B78_01510	cds	1.78087145711274	0.605553911857741	1.39617414301567	0.433723769264036	0.664489043904808	0.99691600623528
K8B78_01515	cds	7.38203158175428	-0.8792674771532	0.654109315576007	-1.34422099825764	0.178876933398522	0.925493698888006
K8B78_01520	cds	0	NA	NA	NA	NA	NA
K8B78_01525	cds	0.275824951010593	1.50446712001198	4.04727167565451	0.371723778530059	0.710098518947046	NA
K8B78_01530	cds	0.127432626852749	0.69851164813038	4.0804728567969	0.171183995738842	0.864079091295167	NA
K8B78_01535	cds	0	NA	NA	NA	NA	NA
K8B78_01540	cds	0	NA	NA	NA	NA	NA
K8B78_01545	cds	0	NA	NA	NA	NA	NA
K8B78_01550	cds	0	NA	NA	NA	NA	NA
K8B78_01555	cds	0	NA	NA	NA	NA	NA
K8B78_01560	cds	111.386929623485	-0.182646237217334	0.290322003375268	-0.629116068000008	0.529273071827624	0.99691600623528
K8B78_01565	cds	0.692366451587213	-1.78722689530898	2.91706132810279	-0.612680603623569	0.540087550147936	NA
K8B78_01570	cds	0	NA	NA	NA	NA	NA
K8B78_01575	cds	0	NA	NA	NA	NA	NA
K8B78_01580	cds	0	NA	NA	NA	NA	NA
K8B78_01585	cds	16.3782035571956	0.977445453399059	0.484130857218283	2.0189695385567	0.0434903856699272	0.577829981102629
K8B78_01590	cds	2.41142018127912	-0.584897321205531	1.25468894901191	-0.466169182143628	0.641094406550732	0.99691600623528
K8B78_01595	cds	0.127432626852749	0.69851164813038	4.0804728567969	0.171183995738842	0.864079091295167	NA
K8B78_01600	cds	0	NA	NA	NA	NA	NA
K8B78_01605	cds	0.560711071549542	1.06482705654544	3.22080499066556	0.330608981180633	0.740939861376401	NA
K8B78_01610	cds	0.668877716352674	-0.207450822647699	2.79165428676526	-0.0743110719802186	0.940762867225562	NA
K8B78_01615	cds	0.137912475505296	0.69851164813038	4.0804728567969	0.171183995738842	0.864079091295167	NA
K8B78_01620	cds	6.54223769102472	0.0318457802404348	0.709699051271569	0.0448722316640788	0.964209150464358	0.99691600623528
K8B78_01625	cds	0	NA	NA	NA	NA	NA
K8B78_01630	cds	0	NA	NA	NA	NA	NA
K8B78_01635	cds	0	NA	NA	NA	NA	NA
K8B78_01640	cds	0.678715296063275	1.38030600471708	2.95049848026178	0.467821289843406	0.6399123944579	NA
K8B78_01645	cds	2.77324982040232	2.05566011034049	1.1743037046792	1.75053531905707	0.0800259851999443	0.743991581155733
K8B78_01650	cds	5.80460495305095	-0.703341871372448	0.802596221329346	-0.876333394901234	0.38084881549563	0.977226285358722
K8B78_01655	cds	9.61157020938348	3.0074135899396	0.767277772047362	3.91958909732884	8.87000661888624e-05	0.00879608989706218
K8B78_01660	cds	0.627734731924732	2.6621629920876	3.24480009202598	0.820439754864962	0.411965460123284	NA
K8B78_01665	cds	1.02334285717943	-2.48688944958708	2.22605842790069	-1.11717168714766	0.263920923849851	NA
K8B78_01670	cds	0.313867365962366	1.65967099818041	4.03330497508829	0.411491570419634	0.680712121089506	NA
K8B78_01675	cds	0.686736844181598	2.77847227794302	3.12027848904267	0.89045650498827	0.373220813325148	NA
K8B78_01680	cds	11.8971248727002	0.405079781719682	0.557449214802766	0.726666700684125	0.467430157034552	0.995826338602843
K8B78_01685	cds	3.70699865207003	-1.72003051336269	0.947352138577189	-1.81561896925253	0.0694288417149573	0.691289107369558
K8B78_01690	cds	0.809645844860282	-2.08535291472788	2.90250869488124	-0.718465690871325	0.472470195172279	NA
K8B78_01695	cds	0.186434739109616	0.69851164813038	4.0804728567969	0.171183995738842	0.864079091295167	NA
K8B78_01700	cds	0	NA	NA	NA	NA	NA
K8B78_01705	cds	6.56506052328124	0.35396344771106	0.698402054590099	0.50681902406316	0.612281806761186	0.99691600623528
K8B78_01710	cds	1.02542906220397	1.02956749130062	2.50540646904586	0.410938306426865	0.681117772844223	NA
K8B78_01715	cds	5.48018460919291	0.488641474970469	0.758057863104296	0.644596539068206	0.519188678287092	0.99691600623528
K8B78_01720	cds	1.19765589512286	-1.68428315100658	2.0982928575486	-0.802692124193903	0.422152706205948	NA
K8B78_01725	cds	0.553811707139971	-1.19398726081186	3.27867660372625	-0.364167438610713	0.715732980225861	NA
K8B78_01730	cds	2.12510166576081	-0.537472199790934	1.19379702132835	-0.450220757958404	0.652551270090983	0.99691600623528
K8B78_01735	cds	1.81776643139736	-1.09099651721999	1.33163251203626	-0.81929249050228	0.412619556020305	0.994504174645922
K8B78_01740	cds	0	NA	NA	NA	NA	NA
K8B78_01745	cds	0.167933342338746	-1.22504170351211	4.0804728567969	-0.300220525048105	0.764008950054848	NA
K8B78_01750	cds	0	NA	NA	NA	NA	NA
K8B78_01755	cds	0	NA	NA	NA	NA	NA
K8B78_01760	cds	0.127432626852749	0.69851164813038	4.0804728567969	0.171183995738842	0.864079091295167	NA
K8B78_01765	cds	0.913672298777211	1.91493369962033	2.73426124601185	0.700347745634556	0.483710160995933	NA
K8B78_01770	cds	0.180299959978792	-1.22504170351211	4.0804728567969	-0.300220525048105	0.764008950054848	NA
K8B78_01775	cds	0.137912475505296	0.69851164813038	4.0804728567969	0.171183995738842	0.864079091295167	NA
K8B78_01780	cds	0.560588755212741	-1.21718809362355	3.52448636706556	-0.34535190857809	0.729829826928805	NA
K8B78_01785	cds	0	NA	NA	NA	NA	NA
K8B78_01790	cds	0	NA	NA	NA	NA	NA
K8B78_01795	cds	0.360599919957584	-2.13538510402601	4.03655995906709	-0.529011119785158	0.596797736081313	NA
K8B78_01800	cds	0	NA	NA	NA	NA	NA
K8B78_01805	cds	0	NA	NA	NA	NA	NA
K8B78_01810	cds	0.127432626852749	0.69851164813038	4.0804728567969	0.171183995738842	0.864079091295167	NA
K8B78_01815	cds	0.441942261757061	0.466636572070784	3.93136025806872	0.118695957999031	0.905516238959443	NA
K8B78_01820	cds	0.180299959978792	-1.22504170351211	4.0804728567969	-0.300220525048105	0.764008950054848	NA
K8B78_01825	cds	0.559304217328849	2.47866304558315	3.80883830619107	0.650766151336541	0.515197453457181	NA
K8B78_01830	cds	0.451779841467662	2.19438269905978	3.5176110788112	0.623827549406454	0.532740844974173	NA
K8B78_01835	cds	10.6758729906862	-0.240320971724749	0.622593824802537	-0.385999607048736	0.699496959826355	0.99691600623528
K8B78_01840	cds	0	NA	NA	NA	NA	NA
K8B78_01845	cds	0	NA	NA	NA	NA	NA
K8B78_01850	cds	0.186434739109616	0.69851164813038	4.0804728567969	0.171183995738842	0.864079091295167	NA
K8B78_01855	cds	0.137912475505296	0.69851164813038	4.0804728567969	0.171183995738842	0.864079091295167	NA
K8B78_01860	cds	0.501586642955874	-1.21838532813931	3.71328709703541	-0.328115035627609	0.742824685975804	NA
K8B78_01865	cds	0	NA	NA	NA	NA	NA
K8B78_01870	cds	0.433278444696792	0.508318354154505	3.64486435972284	0.139461528327808	0.88908545474744	NA
K8B78_01875	cds	0.622242221735853	-0.450663388423368	3.0913928337388	-0.145780045649626	0.884095028866897	NA
K8B78_01880	cds	0	NA	NA	NA	NA	NA
K8B78_01885	cds	0.187077008051562	-1.22504170351211	4.0804728567969	-0.300220525048106	0.764008950054848	NA
K8B78_01890	cds	0	NA	NA	NA	NA	NA
K8B78_01895	cds	0	NA	NA	NA	NA	NA
K8B78_01900	cds	4.07271820548229	0.517128464753202	0.935216414180116	0.552950586529811	0.580297246694148	0.99691600623528
K8B78_01905	cds	3.68421699544886	1.32243184924954	1.01332795198445	1.30503836064105	0.191879785842485	0.977226285358722
K8B78_01910	cds	1.1797567294556	-0.694401304682122	1.88583118593647	-0.368220289207539	0.712708982923171	NA
K8B78_01915	cds	0.167933342338746	-1.22504170351211	4.0804728567969	-0.300220525048105	0.764008950054848	NA
K8B78_01920	cds	0.818309661920551	-2.12097660873265	2.67176862005502	-0.793847413586651	0.427284266489553	NA
K8B78_01925	cds	0.295365969191496	-0.263261024083251	4.0804728567969	-0.0645172834919692	0.948558345545108	NA
K8B78_01930	cds	2.05296835058515	-0.745628279563345	1.24449452963056	-0.599141468130593	0.549078550704953	0.99691600623528
K8B78_01935	cds	0	NA	NA	NA	NA	NA
K8B78_01940	cds	0.498512395462881	-1.17323735060797	3.72379865733845	-0.315064658046397	0.752712561745673	NA
K8B78_01945	cds	0.186434739109616	0.69851164813038	4.0804728567969	0.171183995738842	0.864079091295167	NA
K8B78_01950	cds	0.167933342338746	-1.22504170351211	4.0804728567969	-0.300220525048105	0.764008950054848	NA
K8B78_01955	cds	0.180299959978792	-1.22504170351211	4.0804728567969	-0.300220525048105	0.764008950054848	NA
K8B78_01960	cds	0.137912475505296	0.69851164813038	4.0804728567969	0.171183995738842	0.864079091295167	NA
K8B78_01965	cds	0.275824951010593	1.50446712001198	4.04727167565451	0.371723778530059	0.710098518947046	NA
K8B78_01970	cds	0	NA	NA	NA	NA	NA
K8B78_01975	cds	0	NA	NA	NA	NA	NA
K8B78_01980	cds	2.18665807290553	0.55283404445564	1.16528389800238	0.474420049400278	0.635200398547196	0.99691600623528
K8B78_01985	cds	0.127432626852749	0.69851164813038	4.0804728567969	0.171183995738842	0.864079091295167	NA
K8B78_01990	cds	0.186434739109616	0.69851164813038	4.0804728567969	0.171183995738842	0.864079091295167	NA
K8B78_01995	cds	0.254865253705499	1.4271214034099	4.05189147764595	0.352211161449719	0.724679906979001	NA
K8B78_02000	cds	0.986447882894817	0.828158441615279	2.13028782015245	0.388754248970927	0.69745794778557	NA
K8B78_02005	cds	0.660856168234351	-1.71698794967029	2.9817050324996	-0.575840980565043	0.564722671060833	NA
K8B78_02010	cds	0.127432626852749	0.69851164813038	4.0804728567969	0.171183995738842	0.864079091295167	NA
K8B78_02015	cds	0.313867365962366	1.65967099818041	4.03330497508829	0.411491570419634	0.680712121089506	NA
K8B78_02020	cds	0.324989483556859	-0.263261024083251	4.0804728567969	-0.0645172834919693	0.948558345545108	NA
K8B78_02030	cds	1.43747763616341	-1.34128614566912	1.70997076427542	-0.784391273635296	0.432810557202077	NA
K8B78_02035	cds	0.666445737801627	-1.73003831560749	2.96994082615123	-0.58251608933551	0.560219107322238	NA
K8B78_02040	cds	0.688663651007436	-1.80377068198474	3.16749917301559	-0.569462084584374	0.569042594404721	NA
K8B78_02050	cds	2.29354017982477	1.12153198527887	1.19904325393133	0.935355736001752	0.349605000424127	0.977226285358722
K8B78_02055	cds	0.366734699088408	-0.263261024083251	4.0804728567969	-0.0645172834919692	0.948558345545108	NA
K8B78_02060	cds	1.72059958785192	-2.31981459363311	1.60531967575819	-1.4450795244489	0.148435549559846	0.85746749503018
K8B78_02065	cds	0.898464525214533	-0.390526441914356	2.49204329882622	-0.156709332497673	0.875473931692159	NA
K8B78_02070	cds	3.02926357979974	1.22243067536862	1.05999701065398	1.15323973849174	0.248811996915394	0.977226285358722
K8B78_02075	cds	0	NA	NA	NA	NA	NA
K8B78_02095	cds	0.187077008051562	-1.22504170351211	4.0804728567969	-0.300220525048106	0.764008950054848	NA
K8B78_02100	cds	0	NA	NA	NA	NA	NA
K8B78_02105	cds	1.59264700839402	-0.907261083364996	1.50492228680207	-0.60286241443929	0.546600221483486	0.99691600623528
K8B78_02110	cds	0.441942261757061	0.466636572070784	3.93136025806872	0.118695957999031	0.905516238959443	NA
K8B78_02115	cds	0.127432626852749	0.69851164813038	4.0804728567969	0.171183995738842	0.864079091295167	NA
K8B78_02120	cds	0.650376319581804	-1.71690085668109	3.00521993453529	-0.571306225195323	0.567792082632712	NA
K8B78_02125	cds	0.413737426515889	2.08394723742054	4.00152043369365	0.520788853125242	0.602513869088731	NA
K8B78_02130	cds	0	NA	NA	NA	NA	NA
K8B78_02135	cds	0.540899879936376	-2.72085188676932	3.86359718547871	-0.704227629369752	0.481291027250867	NA
K8B78_02140	cds	0.494167325941158	0.6925769161751	3.44810528973007	0.200857241290714	0.840810202785729	NA
K8B78_02145	cds	2.74722128735961	-0.00792935954498609	1.08646006765402	-0.00729834421076136	0.994176815530978	0.99691600623528
K8B78_02150	cds	0	NA	NA	NA	NA	NA
K8B78_02155	cds	0.187077008051562	-1.22504170351211	4.0804728567969	-0.300220525048106	0.764008950054848	NA
K8B78_02160	cds	7.63286741980713	-0.638052189018229	0.68476274543671	-0.931785780214004	0.351447244822987	0.977226285358722
K8B78_02165	cds	0.137912475505296	0.69851164813038	4.0804728567969	0.171183995738842	0.864079091295167	NA
K8B78_02170	cds	1.500824817942	-2.10243220205654	1.82178691793712	-1.15404945625431	0.248479893479749	0.977226285358722
K8B78_02175	cds	3.36199899544419	0.450108432270461	0.929356031624854	0.48432292571826	0.628156708123132	0.99691600623528
K8B78_02180	cds	8.20933167580796	-1.11435141219871	0.653189257873193	-1.70601613355841	0.0880050757914508	0.756487202558955
K8B78_02185	cds	0.127432626852749	0.69851164813038	4.0804728567969	0.171183995738842	0.864079091295167	NA
K8B78_02190	cds	0.867076841998729	-2.1854967842365	2.59707524749457	-0.841522318748706	0.400055387073616	NA
K8B78_02195	cds	0.180299959978792	-1.22504170351211	4.0804728567969	-0.300220525048105	0.764008950054848	NA
K8B78_02200	cds	8.5969811716641	-0.0522811256852925	0.62585184089326	-0.0835359461604733	0.93342539636107	0.99691600623528
K8B78_02205	cds	0.360599919957584	-2.13538510402601	4.03655995906709	-0.529011119785158	0.596797736081313	NA
K8B78_02210	cds	0.492280556953659	0.73467888349412	3.45367416799552	0.212723855163361	0.831542358865209	NA
K8B78_02215	cds	0.265345102358046	1.46627794599376	4.04952495999157	0.362086407783695	0.717287460514729	NA
K8B78_02220	cds	0.435165213684291	0.466342655327242	3.95783343212454	0.117827761911878	0.906204131942968	NA
K8B78_02225	cds	0	NA	NA	NA	NA	NA
K8B78_02230	cds	0.167933342338746	-1.22504170351211	4.0804728567969	-0.300220525048105	0.764008950054848	NA
K8B78_02235	cds	1.31617978844149	-0.966514557046635	1.74016896295452	-0.555414202656305	0.578611380236872	NA
K8B78_02240	cds	0.186434739109616	0.69851164813038	4.0804728567969	0.171183995738842	0.864079091295167	NA
K8B78_02245	cds	0	NA	NA	NA	NA	NA
K8B78_02250	cds	4.25495651339016	0.682886904751348	0.848393252030654	0.804917888157218	0.420867065058541	0.994504174645922
K8B78_02255	cds	1.13177967541483	0.127723030813931	1.90886103241903	0.0669105967615001	0.946652876950198	NA
K8B78_02260	cds	2.9039754905638	-0.167577806376035	1.08576640772123	-0.154340570111892	0.877341210209736	0.99691600623528
K8B78_02265	cds	0.443758293349339	0.543465612909461	3.92506612144503	0.138460244004598	0.889876687614801	NA
K8B78_02270	cds	0.127432626852749	0.69851164813038	4.0804728567969	0.171183995738842	0.864079091295167	NA
K8B78_02275	cds	0.305845817844043	-0.263261024083251	4.0804728567969	-0.0645172834919692	0.948558345545108	NA
K8B78_02280	cds	0	NA	NA	NA	NA	NA
K8B78_02285	cds	1.45305264253675	0.781862887575507	1.71032464602769	0.457142969547576	0.647568286843354	NA
K8B78_02370	cds	0	NA	NA	NA	NA	NA
K8B78_02375	cds	0.392777729210795	2.01616148884186	4.00601077044006	0.503284090926291	0.614764550031466	NA
K8B78_02380	cds	2.21601141383863	-0.946664704322201	1.19212133584306	-0.794100965949681	0.427136655332171	0.994504174645922
K8B78_02385	cds	1.11020403115097	-0.725559500103831	2.15736908076983	-0.336316815964065	0.736631970437941	NA
K8B78_02390	cds	1.77634841083813	1.25773733710705	1.43218245367628	0.878196303745067	0.379837197558847	0.977226285358722
K8B78_02395	cds	1.93340455205624	1.38787713143811	1.37518890624714	1.00922653253915	0.312866004746867	0.977226285358722
K8B78_02400	cds	2.28173384872741	2.47547491369013	1.40385527458485	1.76334053695256	0.0778430722522485	0.735184571271236
K8B78_02405	cds	9.57754892105675	1.83221999026937	0.662280578917962	2.76653135935657	0.00566561354996756	0.218686511049756
K8B78_02410	cds	1.35076431928734	-1.03893203994974	1.71927066661678	-0.604286492012439	0.545653185490957	NA
K8B78_02415	cds	1.04211442738257	2.16742302077155	2.17173772837642	0.998013246466874	0.318272935350316	NA
K8B78_02420	cds	0.6327220703884	-0.40863901826657	2.86471827084967	-0.14264544699726	0.886570202956251	NA
K8B78_02425	cds	0.451779841467662	2.19438269905978	3.5176110788112	0.623827549406454	0.532740844974173	NA
K8B78_02430	cds	1.17352489094638	0.212790619878114	1.80115769568778	0.11814102695592	0.90595591624874	NA
K8B78_02435	cds	0	NA	NA	NA	NA	NA
K8B78_02440	cds	0	NA	NA	NA	NA	NA
K8B78_02445	cds	0	NA	NA	NA	NA	NA
K8B78_02450	cds	0	NA	NA	NA	NA	NA
K8B78_02455	cds	0	NA	NA	NA	NA	NA
K8B78_02460	cds	0.127432626852749	0.69851164813038	4.0804728567969	0.171183995738842	0.864079091295167	NA
K8B78_02465	cds	0.492280556953659	0.73467888349412	3.45367416799552	0.212723855163361	0.831542358865209	NA
K8B78_02470	cds	1.15566576311745	-1.66851016694753	1.93955722035045	-0.860253128621825	0.389649523957493	NA
K8B78_02475	cds	3.10389903102222	-0.102332945026096	1.01319014285548	-0.101000730956275	0.919549879925656	0.99691600623528
K8B78_02480	cds	2.91654698683937	0.825470459829161	1.01416965090312	0.813937253095748	0.41568089795746	0.994504174645922
K8B78_02485	cds	2.2131102803995	1.65100347639622	1.2939533220372	1.27593743010519	0.201977638268573	0.977226285358722
K8B78_02490	cds	0.373511747161178	-0.263261024083251	4.0804728567969	-0.0645172834919693	0.948558345545108	NA
K8B78_02495	cds	10.7106367927047	0.0393741771966984	0.627545303567918	0.0627431628805696	0.949971026074164	0.99691600623528
K8B78_02500	cds	13.6372089923901	-0.0322405018756829	0.539925484636216	-0.0597128729669161	0.95238431888647	0.99691600623528
K8B78_02505	cds	1.19343314193794	0.349653575647902	1.83131379179803	0.19093045507215	0.848580079374326	NA
K8B78_02510	cds	4.27191769592456	-0.241612734522713	0.850191894613579	-0.28418611851449	0.776267752925606	0.99691600623528
K8B78_02515	cds	2.1697985286483	0.133189053219836	1.29319058181318	0.10299259451232	0.917968848421095	0.99691600623528
K8B78_02520	cds	14.7682143656703	-0.472777976747516	0.543446417964393	-0.869962449137888	0.384320925670489	0.977226285358722
K8B78_02525	cds	20.5977287188058	0.0593672522533987	0.445338243766791	0.133308228260961	0.893949620471763	0.99691600623528
K8B78_02530	cds	1.0123685966804	0.767360814674369	2.20329066719911	0.348279428628389	0.727630341483237	NA
K8B78_02535	cds	1.73180398394487	-0.0280366468210658	1.39805911316639	-0.0200539780879272	0.984000312919276	0.99691600623528
K8B78_02540	cds	1.14211166697191	-1.657796741253	2.05433056594237	-0.80697662232978	0.419679951937613	NA
K8B78_02545	cds	0.137912475505296	0.69851164813038	4.0804728567969	0.171183995738842	0.864079091295167	NA
K8B78_02550	cds	1.53920814372126	0.235549810656844	1.56697586189822	0.150321275767134	0.880511148072078	0.99691600623528
K8B78_02555	cds	0.654079120161581	-1.70163762777167	2.99615204392567	-0.567941013281197	0.570075021824299	NA
K8B78_02560	cds	0	NA	NA	NA	NA	NA
K8B78_02565	cds	0.254865253705499	1.4271214034099	4.05189147764595	0.352211161449719	0.724679906979001	NA
K8B78_02570	cds	0	NA	NA	NA	NA	NA
K8B78_02575	cds	0	NA	NA	NA	NA	NA
K8B78_02580	cds	0.413737426515889	2.08394723742054	4.00152043369365	0.520788853125242	0.602513869088731	NA
K8B78_02585	cds	0.137912475505296	0.69851164813038	4.0804728567969	0.171183995738842	0.864079091295167	NA
K8B78_02590	cds	0.186434739109616	0.69851164813038	4.0804728567969	0.171183995738842	0.864079091295167	NA
K8B78_02595	cds	0.541170053368639	2.47394191420263	3.50890675161183	0.705046354699	0.480781389264864	NA
K8B78_02600	cds	0.838422791547633	1.80824311989004	2.60389785327037	0.694437040845889	0.487408171237564	NA
K8B78_02605	cds	0.127432626852749	0.69851164813038	4.0804728567969	0.171183995738842	0.864079091295167	NA
K8B78_02610	cds	1.43970531597839	0.763768608549159	1.85497575772022	0.411740479825912	0.680529651455678	NA
K8B78_02615	cds	1.45059434200252	1.58158584599747	1.7427962904304	0.907498974310346	0.364142991636878	NA
K8B78_02620	cds	1.00635613388638	0.943702556756846	2.19017316578251	0.430880339281154	0.666555379726444	NA
K8B78_02625	cds	0.314509634904312	-0.263261024083251	4.0804728567969	-0.0645172834919693	0.948558345545108	NA
K8B78_02630	cds	0.167933342338746	-1.22504170351211	4.0804728567969	-0.300220525048105	0.764008950054848	NA
K8B78_02635	cds	0.793878364654376	-0.941361276324518	2.53679584659842	-0.371082788387085	0.710575870158513	NA
K8B78_02640	cds	1.07499094721833	-0.7136106571628	2.22925889585362	-0.320111162723227	0.748884063921365	NA
K8B78_02645	cds	0	NA	NA	NA	NA	NA
K8B78_02650	cds	4.27392220235009	0.694702184985592	0.882123217794606	0.787534180000856	0.430969227910242	0.994504174645922
K8B78_02655	cds	0	NA	NA	NA	NA	NA
K8B78_02660	cds	0.666445737801627	-1.73003831560749	2.96994082615123	-0.58251608933551	0.560219107322238	NA
K8B78_02665	cds	0	NA	NA	NA	NA	NA
K8B78_02670	cds	1.19710962053454	2.40091283601563	2.14061662611753	1.1215987051218	0.262033102462347	NA
K8B78_02675	cds	5.73167854009052	-0.458815572665954	0.72990362868854	-0.628597467709997	0.529612618582935	0.99691600623528
K8B78_02680	cds	4.35897134372866	-0.789545751489736	0.901845329622849	-0.875478006655447	0.381313871899297	0.977226285358722
K8B78_02685	cds	0.254865253705499	1.4271214034099	4.05189147764595	0.352211161449719	0.724679906979001	NA
K8B78_02690	cds	0	NA	NA	NA	NA	NA
K8B78_02695	cds	0.307732586831542	-0.263261024083251	4.0804728567969	-0.0645172834919692	0.948558345545108	NA
K8B78_02700	cds	0.275824951010593	1.50446712001198	4.04727167565451	0.371723778530059	0.710098518947046	NA
K8B78_02705	cds	0.167933342338746	-1.22504170351211	4.0804728567969	-0.300220525048105	0.764008950054848	NA
K8B78_02710	cds	0	NA	NA	NA	NA	NA
K8B78_02715	cds	2.2876503171678	0.573828964298176	1.18625828214118	0.483730206934719	0.628577352529982	0.99691600623528
K8B78_02720	cds	2.2327483579588	0.134993289610113	1.14171995396248	0.118236778766633	0.90588004909169	0.99691600623528
K8B78_02725	cds	4.05712948325379	0.0309570125427762	0.871137907079996	0.0355362937270659	0.971652106432321	0.99691600623528
K8B78_02730	cds	0	NA	NA	NA	NA	NA
K8B78_02735	cds	0.65596588914908	-1.72999106632451	2.9932129894474	-0.577971254442503	0.563283526705327	NA
K8B78_02740	cds	2.76294901352743	-0.194267971627609	1.05340781338836	-0.184418578596577	0.853685096163488	0.99691600623528
K8B78_02745	cds	0.510781953724529	2.35454080487821	3.62570551032311	0.649402108961792	0.516078501202484	NA
K8B78_02750	cds	2.89484416353968	2.19271614581492	1.18382428874789	1.85223108417054	0.0639926469762348	0.691289107369558
K8B78_02755	cds	0.541170053368639	2.47394191420263	3.50890675161183	0.705046354699	0.480781389264864	NA
K8B78_02760	cds	0	NA	NA	NA	NA	NA
K8B78_02765	cds	0.295365969191496	-0.263261024083251	4.0804728567969	-0.0645172834919692	0.948558345545108	NA
K8B78_02770	cds	0	NA	NA	NA	NA	NA
K8B78_02775	cds	0	NA	NA	NA	NA	NA
K8B78_02780	cds	0	NA	NA	NA	NA	NA
K8B78_02785	cds	0	NA	NA	NA	NA	NA
K8B78_02790	cds	0.137912475505296	0.69851164813038	4.0804728567969	0.171183995738842	0.864079091295167	NA
K8B78_02795	cds	1.99881647957522	0.785336706032523	1.27745273574612	0.614767720211453	0.538708129830411	0.99691600623528
K8B78_02800	cds	0	NA	NA	NA	NA	NA
K8B78_02805	cds	0.137912475505296	0.69851164813038	4.0804728567969	0.171183995738842	0.864079091295167	NA
K8B78_02810	cds	0	NA	NA	NA	NA	NA
K8B78_02815	cds	8.10780176408607	0.258279365200269	0.620755061254982	0.416072910751795	0.677356651742234	0.99691600623528
K8B78_02820	cds	2.0355743566431	2.20347453849687	1.55607871897084	1.41604310349684	0.156762884823301	0.875299394903004
K8B78_02825	cds	0	NA	NA	NA	NA	NA
K8B78_02830	cds	2.48507303263161	-0.929766996198014	1.14574768411867	-0.811493672721852	0.417082225008413	0.994504174645922
K8B78_02835	cds	0.167933342338746	-1.22504170351211	4.0804728567969	-0.300220525048105	0.764008950054848	NA
K8B78_02840	cds	0.366734699088408	-0.263261024083251	4.0804728567969	-0.0645172834919692	0.948558345545108	NA
K8B78_02845	cds	0	NA	NA	NA	NA	NA
K8B78_02850	cds	0.127432626852749	0.69851164813038	4.0804728567969	0.171183995738842	0.864079091295167	NA
K8B78_02855	cds	0.127432626852749	0.69851164813038	4.0804728567969	0.171183995738842	0.864079091295167	NA
K8B78_02860	cds	13.1126721233571	-0.124997360701071	0.562712565946421	-0.222133586959869	0.824209892319928	0.99691600623528
K8B78_02865	cds	1.34984701421411	1.46150167251289	1.75312238276861	0.833656387527732	0.404474640818528	NA
K8B78_02870	cds	5.70815968519855	0.0682647986908067	0.739728067649848	0.092283639997178	0.926472686290173	0.99691600623528
K8B78_02875	cds	91.5427946569928	0.184626796333749	0.410868091975259	0.449357835129399	0.653173542953503	0.99691600623528
K8B78_02880	cds	0.127432626852749	0.69851164813038	4.0804728567969	0.171183995738842	0.864079091295167	NA
K8B78_02885	cds	0.167933342338746	-1.22504170351211	4.0804728567969	-0.300220525048105	0.764008950054848	NA
K8B78_02890	cds	0	NA	NA	NA	NA	NA
K8B78_02895	cds	0	NA	NA	NA	NA	NA
K8B78_02900	cds	0.937925619290497	0.745550748095854	2.18061011160057	0.341900069218985	0.732426097542376	NA
K8B78_02905	cds	0.63949911846117	-0.434363173868756	3.05166825770162	-0.142336301717114	0.886814373797052	NA
K8B78_02910	cds	0.167933342338746	-1.22504170351211	4.0804728567969	-0.300220525048105	0.764008950054848	NA
K8B78_02915	cds	1.07687771620583	-0.756124776672778	2.07976586769011	-0.36356245114868	0.71618477024794	NA
K8B78_02920	cds	0.180299959978792	-1.22504170351211	4.0804728567969	-0.300220525048105	0.764008950054848	NA
K8B78_02925	cds	0	NA	NA	NA	NA	NA
K8B78_02930	cds	0	NA	NA	NA	NA	NA
K8B78_02935	cds	3.11525234923541	-0.112447258411827	0.968452223376462	-0.116110279575574	0.907565141996817	0.99691600623528
K8B78_02940	cds	0.589692316972959	2.58316084755199	3.088962577741	0.836255144742184	0.403011381536293	NA
K8B78_02945	cds	0.127432626852749	0.69851164813038	4.0804728567969	0.171183995738842	0.864079091295167	NA
K8B78_02950	cds	0.167933342338746	-1.22504170351211	4.0804728567969	-0.300220525048105	0.764008950054848	NA
K8B78_02955	cds	0.180299959978792	-1.22504170351211	4.0804728567969	-0.300220525048105	0.764008950054848	NA
K8B78_02960	cds	0.137912475505296	0.69851164813038	4.0804728567969	0.171183995738842	0.864079091295167	NA
K8B78_02965	cds	3.07950777159438	-0.791410862357646	0.977881208182217	-0.80931186297035	0.418335784314453	0.994504174645922
K8B78_02970	cds	2.39658154724968	0.283641541297478	1.1039308765243	0.256937773305624	0.797226810296722	0.99691600623528
K8B78_02975	cds	1.28993245958303	-0.327576183355227	1.96750693157021	-0.166493026326367	0.867768970767006	NA
K8B78_02980	cds	1.64965404728095	2.9802896157261	1.73790540003961	1.71487447801139	0.086368242816307	0.756487202558955
K8B78_02985	cds	1.45662130187623	-1.35360706330099	1.62127657111177	-0.8349020071096	0.403772884598083	NA
K8B78_02990	cds	0.348233302317538	-2.0914301623042	4.0405079446271	-0.517615654013327	0.604726457624848	NA
K8B78_02995	cds	0.348233302317538	-2.0914301623042	4.0405079446271	-0.517615654013327	0.604726457624848	NA
K8B78_03000	cds	0	NA	NA	NA	NA	NA
K8B78_03005	cds	0.167933342338746	-1.22504170351211	4.0804728567969	-0.300220525048105	0.764008950054848	NA
K8B78_03010	cds	2.56029213640351	0.960413644853221	1.09605814325817	0.876243336871043	0.380897761720294	0.977226285358722
K8B78_03015	cds	1.09942282438396	3.49775057260572	2.18209888702242	1.60292945173468	0.108950230506184	NA
K8B78_03020	cds	22.0003031947502	-1.204635061094	0.452504884709792	-2.66214819286776	0.00776436865585368	0.243147334222786
K8B78_03025	cds	1.61422265265789	-0.305019470150005	1.47204856630148	-0.207207477479065	0.835847827856764	0.99691600623528
K8B78_03030	cds	0.314509634904312	-0.263261024083251	4.0804728567969	-0.0645172834919693	0.948558345545108	NA
K8B78_03035	cds	0.739604177307641	1.4991459375159	3.06094779045137	0.489765275380548	0.624300005333493	NA
K8B78_03040	cds	0.648694429229825	2.7059630581961	3.19192173602703	0.847753573546009	0.396575223563777	NA
K8B78_03045	cds	0.834077722025911	3.09427165582026	2.58225291956225	1.19828372828205	0.23080657904619	NA
K8B78_03050	cds	0.180299959978792	-1.22504170351211	4.0804728567969	-0.300220525048105	0.764008950054848	NA
K8B78_03055	cds	0.747665763264303	-1.80279289712314	3.03502311595605	-0.593996430421008	0.552514500456588	NA
K8B78_03060	cds	6.68915758236487	0.574765428317503	0.677157522033563	0.848791321982856	0.395997419834319	0.989993549585797
K8B78_03065	cds	1.9345519927234	4.29181196971911	1.59568582608547	2.68963470099108	0.00715302723718759	0.236447289229257
K8B78_03070	cds	0.600172165625506	2.60665845344819	3.33773716650986	0.780965763153206	0.434822631407208	NA
K8B78_03075	cds	2.0261440475815	0.326334994117294	1.29036954297116	0.252900415927275	0.800345168054598	0.99691600623528
K8B78_03080	cds	9.62171458980702	2.30410776471013	0.709123164959106	3.24923494050995	0.00115715863243476	0.0625917623907893
K8B78_03085	cds	0.137912475505296	0.69851164813038	4.0804728567969	0.171183995738842	0.864079091295167	NA
K8B78_03090	cds	0	NA	NA	NA	NA	NA
K8B78_03095	cds	0.462901959062155	0.543958531667296	3.85275040483314	0.141187067551773	0.887722162333544	NA
K8B78_03100	cds	0.127432626852749	0.69851164813038	4.0804728567969	0.171183995738842	0.864079091295167	NA
K8B78_03105	cds	0.127432626852749	0.69851164813038	4.0804728567969	0.171183995738842	0.864079091295167	NA
K8B78_03110	cds	0.845199839620403	1.80850230242989	2.59308622751531	0.697432381245106	0.485532242666939	NA
K8B78_03115	cds	2.30554948283507	0.113192928731315	1.23146455964954	0.0919173254677568	0.926763726002608	0.99691600623528
K8B78_03120	cds	16.6197841375074	-0.0483411188672655	0.473013283836798	-0.102198226813318	0.918599335185665	0.99691600623528
K8B78_03125	cds	0.254865253705499	1.4271214034099	4.05189147764595	0.352211161449719	0.724679906979001	NA
K8B78_03130	cds	0	NA	NA	NA	NA	NA
K8B78_03135	cds	0	NA	NA	NA	NA	NA
K8B78_03140	cds	0	NA	NA	NA	NA	NA
K8B78_03145	cds	0.875220706453853	0.591994312922929	2.3938100519575	0.247302125095028	0.804674414271667	NA
K8B78_03150	cds	0	NA	NA	NA	NA	NA
K8B78_03155	cds	0.452422110409608	0.509052668131472	3.5805595003791	0.142171263479234	0.886944729614482	NA
K8B78_03160	cds	0.494809594883104	-1.19482002802744	3.44483788617959	-0.346843615724548	0.728708808105765	NA
K8B78_03165	cds	0.494167325941158	0.6925769161751	3.44810528973007	0.200857241290714	0.840810202785729	NA
K8B78_03170	cds	0.307732586831542	-0.263261024083251	4.0804728567969	-0.0645172834919692	0.948558345545108	NA
K8B78_03175	cds	33.7601159656612	-0.610407987756592	0.687330115361056	-0.888085614342598	0.374494700220427	0.977226285358722
K8B78_03180	cds	0.318212435484088	-0.263261024083251	4.0804728567969	-0.0645172834919692	0.948558345545108	NA
K8B78_03185	cds	0	NA	NA	NA	NA	NA
K8B78_03190	cds	0	NA	NA	NA	NA	NA
K8B78_03195	cds	0	NA	NA	NA	NA	NA
K8B78_03200	cds	0	NA	NA	NA	NA	NA
K8B78_03205	cds	0	NA	NA	NA	NA	NA
K8B78_03210	cds	0	NA	NA	NA	NA	NA
K8B78_03215	cds	0	NA	NA	NA	NA	NA
K8B78_03220	cds	0	NA	NA	NA	NA	NA
K8B78_03225	cds	522.415149473723	-0.224004850339135	0.499432656529765	-0.448518628909049	0.653778944726447	0.99691600623528
K8B78_03230	cds	0	NA	NA	NA	NA	NA
K8B78_03235	cds	0	NA	NA	NA	NA	NA
K8B78_03240	cds	0	NA	NA	NA	NA	NA
K8B78_03245	cds	0.137912475505296	0.69851164813038	4.0804728567969	0.171183995738842	0.864079091295167	NA
K8B78_03250	cds	0.324347214614913	1.70326611696879	4.02960700440772	0.422687898622794	0.672522985931288	NA
K8B78_03255	cds	8.85857564747267	-0.705300742677025	0.677913647776182	-1.0403990906374	0.298154524020848	0.977226285358722
K8B78_03260	cds	0.187077008051562	-1.22504170351211	4.0804728567969	-0.300220525048106	0.764008950054848	NA
K8B78_03265	cds	2.24662964907666	2.4043856379478	1.4049413786303	1.71137790837356	0.0870113726480385	0.756487202558955
K8B78_03270	cds	0	NA	NA	NA	NA	NA
K8B78_03275	cds	0.494167325941158	0.6925769161751	3.44810528973007	0.200857241290714	0.840810202785729	NA
K8B78_03280	cds	0	NA	NA	NA	NA	NA
K8B78_03285	cds	0.127432626852749	0.69851164813038	4.0804728567969	0.171183995738842	0.864079091295167	NA
K8B78_03290	cds	41.5318323827141	-0.451978935704284	0.383754040990239	-1.17778286982464	0.238883179541417	0.977226285358722
K8B78_03295	cds	0.811135261379693	-0.919750590697125	2.50973320952043	-0.366473451125458	0.714011819695068	NA
K8B78_03300	cds	0.819156809498016	0.302525655432982	2.35893073273606	0.128246943089376	0.897953551546983	NA
K8B78_03305	cds	0.127432626852749	0.69851164813038	4.0804728567969	0.171183995738842	0.864079091295167	NA
K8B78_03310	cds	0.56259784053704	1.02671540503086	3.50017169912601	0.293332868581055	0.769267732536912	NA
K8B78_03315	cds	1.01646874972827	-0.114347082320215	2.17382655828324	-0.0526017505327194	0.958049222180187	NA
K8B78_03320	cds	0.619713183806409	1.2299349473872	2.87083308660324	0.428424401657726	0.66834216215254	NA
K8B78_03325	cds	4.97575632518908	3.07539699725099	1.09401385271993	2.81111339642085	0.00493703825397359	0.209824125793877
K8B78_03330	cds	0	NA	NA	NA	NA	NA
K8B78_03335	cds	1.12065755782034	1.08920913890586	1.96310648046294	0.554839561555013	0.579004404514255	NA
K8B78_03340	cds	0	NA	NA	NA	NA	NA
K8B78_03345	cds	0.550231222896995	1.02606480822376	3.53807131962986	0.290006818836852	0.771811020998502	NA
K8B78_03350	cds	0.561231024154687	-2.76875688547317	3.79276836737113	-0.730009485760469	0.465384386405062	NA
K8B78_03355	cds	0.324989483556859	-0.263261024083251	4.0804728567969	-0.0645172834919693	0.948558345545108	NA
K8B78_03360	cds	0	NA	NA	NA	NA	NA
K8B78_03365	cds	0	NA	NA	NA	NA	NA
K8B78_03370	cds	2.27938385257562	0.182794332469175	1.13665815426479	0.160817332619594	0.87223727346621	0.99691600623528
K8B78_03375	cds	0.318212435484088	-0.263261024083251	4.0804728567969	-0.0645172834919692	0.948558345545108	NA
K8B78_03380	cds	1.13177967541483	0.127723030813931	1.90886103241903	0.0669105967615001	0.946652876950198	NA
K8B78_03385	cds	3.45439816004141	0.44937451625286	0.933117156770473	0.481584239441218	0.630101324400207	0.99691600623528
K8B78_03390	cds	2.90468660594931	0.41823407786632	1.0305364432198	0.405841133147697	0.684859333420681	0.99691600623528
K8B78_03395	cds	0.522301423787109	-1.08739745598522	3.64479994092956	-0.298342151450951	0.765442036036677	NA
K8B78_03400	cds	0.864740857801306	0.562306718104094	2.58806480496146	0.217269180055354	0.827998574154046	NA
K8B78_03405	cds	1.77510391079258	0.647432164711277	1.40518437313353	0.460745349215291	0.644981315060883	0.99691600623528
K8B78_03410	cds	16.2523197444793	0.237740306505957	0.484265613372639	0.490929564150195	0.62347626612124	0.99691600623528
K8B78_03415	cds	1.17416715988832	-0.686907293991059	1.79944326889388	-0.381733231530719	0.702659248182104	NA
K8B78_03420	cds	0.180299959978792	-1.22504170351211	4.0804728567969	-0.300220525048105	0.764008950054848	NA
K8B78_03425	cds	2.74405026428848	-0.226044709153984	1.05983050109135	-0.213283830689167	0.83110558464842	0.99691600623528
K8B78_03430	cds	2.10275657351918	1.54389724468938	1.39292707953258	1.10838339449001	0.267696273278836	0.977226285358722
K8B78_03435	cds	1.36938803239501	0.665649701127	1.63461257270515	0.407221694144566	0.683845169426598	NA
K8B78_03440	cds	0.313867365962366	1.65967099818041	4.03330497508829	0.411491570419634	0.680712121089506	NA
K8B78_03445	cds	0.666445737801627	-1.73003831560749	2.96994082615123	-0.58251608933551	0.560219107322238	NA
K8B78_03450	cds	1.22423041895364	1.32019510316964	1.99739754209725	0.660957608760969	0.508639499612776	NA
K8B78_03455	cds	0	NA	NA	NA	NA	NA
K8B78_03460	cds	5.14425204981922	-0.29238612056448	0.750150900830358	-0.389769738649692	0.696706822563535	0.99691600623528
K8B78_03465	cds	0	NA	NA	NA	NA	NA
K8B78_03470	cds	0.679082528873935	2.8014722724432	3.12398647699236	0.896761971626823	0.369845944166504	NA
K8B78_03475	cds	0.372869478219233	1.88438229328003	4.01534856034508	0.469294823341086	0.638858914945502	NA
K8B78_03480	cds	4.62049400857503	5.56094739067252	1.36246295256498	4.08154025781284	4.47382263852075e-05	0.00879608989706218
K8B78_03485	cds	0.127432626852749	0.69851164813038	4.0804728567969	0.171183995738842	0.864079091295167	NA
K8B78_03490	cds	0.855037419331005	3.12637518179793	2.52217128376603	1.23955704432957	0.215139277181858	NA
K8B78_03495	cds	0.589692316972959	2.58316084755199	3.088962577741	0.836255144742184	0.403011381536293	NA
K8B78_03500	cds	2.1465810318708	-0.332071241364794	1.26372614263065	-0.262771521584205	0.792726686848291	0.99691600623528
K8B78_03505	cds	9.37278219257326	0.816100505591653	0.588827845487097	1.38597471543919	0.165754624322131	0.880571441711322
K8B78_03510	cds	4.34218978287138	-0.00366813002899821	0.832619073434416	-0.0044055320686659	0.99648490535087	0.99691600623528
K8B78_03515	cds	2.24976033821026	0.191280177029922	1.18283074654995	0.161713903352481	0.871531155366307	0.99691600623528
K8B78_03520	cds	3.61893920917018	3.23717219157075	1.27286385817939	2.54321950518805	0.0109836204300048	0.287276325173669
K8B78_03525	cds	1.39836927781843	1.51104542406752	1.71105336793437	0.8831082959684	0.377177762296849	NA
K8B78_03530	cds	0.180299959978792	-1.22504170351211	4.0804728567969	-0.300220525048105	0.764008950054848	NA
K8B78_03535	cds	0.127432626852749	0.69851164813038	4.0804728567969	0.171183995738842	0.864079091295167	NA
K8B78_03540	cds	0	NA	NA	NA	NA	NA
K8B78_03545	cds	0.137912475505296	0.69851164813038	4.0804728567969	0.171183995738842	0.864079091295167	NA
K8B78_03550	cds	0	NA	NA	NA	NA	NA
K8B78_03555	cds	0	NA	NA	NA	NA	NA
K8B78_03560	cds	0	NA	NA	NA	NA	NA
K8B78_03565	cds	0	NA	NA	NA	NA	NA
K8B78_03570	cds	0.254865253705499	1.4271214034099	4.05189147764595	0.352211161449719	0.724679906979001	NA
K8B78_03575	cds	13.7931453864497	-0.157112336560145	0.503499024778041	-0.312040994775322	0.755009368329523	0.99691600623528
K8B78_03580	cds	0.167933342338746	-1.22504170351211	4.0804728567969	-0.300220525048105	0.764008950054848	NA
K8B78_03585	cds	0.295365969191496	-0.263261024083251	4.0804728567969	-0.0645172834919692	0.948558345545108	NA
K8B78_03590	cds	0.335866684677493	-2.0464605018051	4.04466926930001	-0.505964855356212	0.612881321734113	NA
K8B78_03595	cds	0.660856168234351	-1.71698794967029	2.9817050324996	-0.575840980565043	0.564722671060833	NA
K8B78_03600	cds	0.127432626852749	0.69851164813038	4.0804728567969	0.171183995738842	0.864079091295167	NA
K8B78_03605	cds	0.324347214614913	1.70326611696879	4.02960700440772	0.422687898622794	0.672522985931288	NA
K8B78_03610	cds	2.47120328261699	-0.829533003429955	1.10366063366949	-0.751619635713466	0.452279831522712	0.995826338602843
K8B78_03615	cds	0	NA	NA	NA	NA	NA
K8B78_03620	cds	1.48125747777792	0.0744881733321465	1.51835283083221	0.0490585401624465	0.960872643755946	NA
K8B78_03625	cds	0.355010350390309	-2.11530586616368	4.03834902213065	-0.523804617820684	0.600414441228318	NA
K8B78_03630	cds	0.265345102358046	1.46627794599376	4.04952495999157	0.362086407783695	0.717287460514729	NA
K8B78_03635	cds	0.573077689189587	1.06543145367017	3.18855300769029	0.334142619269779	0.738271940933396	NA
K8B78_03640	cds	1.91289406996107	0.171416401875927	1.31473015960179	0.130381432740424	0.89626465571782	0.99691600623528
K8B78_03645	cds	0.672580516932451	-0.148909598872127	2.78448076579718	-0.0534784081474864	0.957350733829109	NA
K8B78_03650	cds	0.127432626852749	0.69851164813038	4.0804728567969	0.171183995738842	0.864079091295167	NA
K8B78_03655	cds	0.137912475505296	0.69851164813038	4.0804728567969	0.171183995738842	0.864079091295167	NA
K8B78_03660	cds	0	NA	NA	NA	NA	NA
K8B78_03665	cds	0.516166644656285	-2.66064147411341	3.59969646388679	-0.739129396271532	0.459828428148679	NA
K8B78_03670	cds	0	NA	NA	NA	NA	NA
K8B78_03675	cds	0.691724182645267	-0.206340671038667	2.74810033219514	-0.0750848390145367	0.940147210484735	NA
K8B78_03680	cds	0.275824951010593	1.50446712001198	4.04727167565451	0.371723778530059	0.710098518947046	NA
K8B78_03685	cds	0.5470346590672	-1.1730111795767	3.56588886203557	-0.32895337599139	0.742190929077915	NA
K8B78_03690	cds	0.324989483556859	-0.263261024083251	4.0804728567969	-0.0645172834919693	0.948558345545108	NA
K8B78_03695	cds	0.777411593966467	0.157535745176906	2.72354600591321	0.0578421458036228	0.953874366860678	NA
K8B78_03700	cds	1.64137415063386	1.00418495227544	1.57929996564596	0.635841812270742	0.524879531726642	0.99691600623528
K8B78_03705	cds	0	NA	NA	NA	NA	NA
K8B78_03710	cds	0	NA	NA	NA	NA	NA
K8B78_03715	cds	0.939812388277996	0.693198876776213	2.29053044041839	0.302636832300553	0.762166641843672	NA
K8B78_03720	cds	0.180299959978792	-1.22504170351211	4.0804728567969	-0.300220525048105	0.764008950054848	NA
K8B78_03725	cds	1.8686905538953	0.636283355224882	1.42827706882228	0.445490142714079	0.655965581776797	0.99691600623528
K8B78_03730	cds	0.186434739109616	0.69851164813038	4.0804728567969	0.171183995738842	0.864079091295167	NA
K8B78_03735	cds	0	NA	NA	NA	NA	NA
K8B78_03740	cds	0	NA	NA	NA	NA	NA
K8B78_03745	cds	47.1494981340811	-0.726142843826829	0.432800779626536	-1.67777619174674	0.0933907988391476	0.760652167106493
K8B78_03750	cds	2.18308941356605	2.34483537960808	1.41879628166739	1.6526934908882	0.098393259804529	0.777703441857612
K8B78_03755	cds	1.15092334112765	0.0927847838639571	2.00092035351739	0.0463710530510882	0.963014508004218	NA
K8B78_03760	cds	0.551649902021186	2.49715525658985	3.82257346287055	0.65326547176797	0.513585148096308	NA
K8B78_03765	cds	0.62594502231563	-0.393475953600981	3.08321277521679	-0.12761881267611	0.898450642508201	NA
K8B78_03770	cds	0	NA	NA	NA	NA	NA
K8B78_03775	cds	0	NA	NA	NA	NA	NA
K8B78_03780	cds	2.25727671460337	-1.1916896532138	1.18864733043902	-1.00255948311738	0.316073453031614	0.977226285358722
K8B78_03785	cds	2.18092064624279	-0.314274054553392	1.19322536127349	-0.263381976911702	0.792256180683233	0.99691600623528
K8B78_03790	cds	0.541170053368639	2.47394191420263	3.50890675161183	0.705046354699	0.480781389264864	NA
K8B78_03795	cds	1.06535824614325	1.03620763787176	2.01185984931845	0.515049613531872	0.60651835096711	NA
K8B78_03800	cds	0.919424222519627	-0.328694930885124	2.29561822126906	-0.143183621666592	0.88614516455313	NA
K8B78_03805	cds	0.481800708301112	0.693003590515408	3.4857574990322	0.198810040775303	0.842411341376322	NA
K8B78_03810	cds	3.15308502285264	0.677831393792151	0.994593211916921	0.681516207501294	0.495544914932901	0.99691600623528
K8B78_03815	cds	0.619713183806409	1.2299349473872	2.87083308660324	0.428424401657726	0.66834216215254	NA
K8B78_03820	cds	1.01494921355143	1.01070855748992	2.33692272801198	0.432495497337101	0.665381324045301	NA
K8B78_03825	cds	2.83916607794869	-0.0292658223041587	1.02933251975026	-0.0284318446591576	0.977317726096644	0.99691600623528
K8B78_03830	cds	9.33517372682616	3.24089026378251	0.805558303747848	4.02316039534856	5.74223613990425e-05	0.00879608989706218
K8B78_03835	cds	1.08234010673728	3.47774108421886	2.36604412939469	1.46985470009326	0.14160111064963	NA
K8B78_03840	cds	2.06509005175134	-0.693310116992342	1.26278350977495	-0.54903323620048	0.582982641202723	0.99691600623528
K8B78_03845	cds	0.852880476911243	-0.754672590757515	2.44360780906971	-0.308835398199526	0.757446740636614	NA
K8B78_03850	cds	34.9198271072338	1.21141710229723	0.372330865877124	3.2536037522525	0.00113951105152406	0.0625917623907893
K8B78_03855	cds	8.61276591937198	0.00603543367030555	0.622639245924502	0.00969330749677377	0.992265980720412	0.99691600623528
K8B78_03860	cds	4.50647248347138	1.38350021630696	0.864939340229123	1.59953438577608	0.109701914517267	0.778968558238482
K8B78_03865	cds	5.76195672820078	0.530002201539158	0.750970660876068	0.705756202140929	0.480339763326077	0.995826338602843
K8B78_03870	cds	1.94492402211882	0.317791461373122	1.29572959098302	0.24526063430567	0.806254630269691	0.99691600623528
K8B78_03875	cds	10.8719930871362	0.213931075136104	0.619189112008701	0.345501997672559	0.729717008710316	0.99691600623528
K8B78_03880	cds	0.127432626852749	0.69851164813038	4.0804728567969	0.171183995738842	0.864079091295167	NA
K8B78_03885	cds	15.3278055107382	-0.438299551659544	0.502192207264244	-0.872772506859947	0.382787087883724	0.977226285358722
K8B78_03890	cds	1.25921230226758	0.423079241704193	1.76352741279772	0.239905112125819	0.810403817675114	NA
K8B78_03895	cds	1.95580122323946	-0.11886608950262	1.34118207556261	-0.0886278542402658	0.92937767070523	0.99691600623528
K8B78_03900	cds	0.541170053368639	2.47394191420263	3.50890675161183	0.705046354699	0.480781389264864	NA
K8B78_03910	cds	0.127432626852749	0.69851164813038	4.0804728567969	0.171183995738842	0.864079091295167	NA
K8B78_03915	cds	0	NA	NA	NA	NA	NA
K8B78_03920	cds	0	NA	NA	NA	NA	NA
K8B78_03925	cds	0	NA	NA	NA	NA	NA
K8B78_03930	cds	0	NA	NA	NA	NA	NA
K8B78_03935	cds	20.0731712697219	-0.569802738237374	0.500315575522304	-1.1388866669652	0.25475042739002	0.977226285358722
K8B78_03940	cds	0	NA	NA	NA	NA	NA
K8B78_03945	cds	0	NA	NA	NA	NA	NA
K8B78_03950	cds	0	NA	NA	NA	NA	NA
K8B78_03955	cds	0.451779841467662	2.19438269905978	3.5176110788112	0.623827549406454	0.532740844974173	NA
K8B78_03960	cds	17.7080667594102	-1.02509568985091	0.496774486389175	-2.06350309433533	0.0390648541146377	0.566916785322181
K8B78_03965	cds	0.186434739109616	0.69851164813038	4.0804728567969	0.171183995738842	0.864079091295167	NA
K8B78_03970	cds	0	NA	NA	NA	NA	NA
K8B78_03975	cds	0	NA	NA	NA	NA	NA
K8B78_03980	cds	1.17247344463285	0.306520838538649	1.99657910128662	0.153523012607476	0.877985843984231	NA
K8B78_03985	cds	0.392777729210795	2.01616148884186	4.00601077044006	0.503284090926291	0.614764550031466	NA
K8B78_03990	cds	5.04936826270459	0.265464682890333	0.794546274220849	0.334108523950545	0.738297668133641	0.99691600623528
K8B78_03995	cds	4.23186513062371	0.716256549485968	0.885713241318482	0.808677702977253	0.418700556729892	0.994504174645922
K8B78_04000	cds	0.500944374013928	0.692342006617703	3.42790037607909	0.201972616079823	0.839938132196121	NA
K8B78_04005	cds	0.127432626852749	0.69851164813038	4.0804728567969	0.171183995738842	0.864079091295167	NA
K8B78_04010	cds	0.456124910989385	0.543783129069735	3.8779984063521	0.140222628296862	0.888484093738356	NA
K8B78_04015	cds	0	NA	NA	NA	NA	NA
K8B78_04020	cds	0	NA	NA	NA	NA	NA
K8B78_04025	cds	1.43705396171215	0.688869449949736	1.71652316685069	0.401316721645887	0.688186953880315	NA
K8B78_04030	cds	1.25425128578709	0.497826989496888	1.89479469102506	0.262734000604345	0.792755608467358	NA
K8B78_04035	cds	0	NA	NA	NA	NA	NA
K8B78_04040	cds	13.0731696523207	-0.604288010171415	0.515423308305694	-1.17241110449164	0.241032043336391	0.977226285358722
K8B78_04045	cds	0	NA	NA	NA	NA	NA
K8B78_04050	cds	0.318212435484088	-0.263261024083251	4.0804728567969	-0.0645172834919692	0.948558345545108	NA
K8B78_04055	cds	0	NA	NA	NA	NA	NA
K8B78_04060	cds	0.137912475505296	0.69851164813038	4.0804728567969	0.171183995738842	0.864079091295167	NA
K8B78_04065	cds	0.167933342338746	-1.22504170351211	4.0804728567969	-0.300220525048105	0.764008950054848	NA
K8B78_04070	cds	0	NA	NA	NA	NA	NA
K8B78_04075	cds	21.0029888706134	-0.886936544154709	0.452670506378877	-1.95934246136274	0.0500726941939889	0.60802557235558
K8B78_04080	cds	0.451779841467662	2.19438269905978	3.5176110788112	0.623827549406454	0.532740844974173	NA
K8B78_04085	cds	0.137912475505296	0.69851164813038	4.0804728567969	0.171183995738842	0.864079091295167	NA
K8B78_04090	cds	1.21439283924304	0.38168376617042	1.84176393502884	0.207238158436652	0.835823867990603	NA
K8B78_04095	cds	1.83481902938661	0.0675044519253227	1.41648703813879	0.0476562440091374	0.961990206675246	0.99691600623528
K8B78_04100	cds	0.186434739109616	0.69851164813038	4.0804728567969	0.171183995738842	0.864079091295167	NA
K8B78_04105	cds	3.88978216954145	-1.03298406368219	0.893915727344902	-1.1555720881546	0.247856230360471	0.977226285358722
K8B78_04110	cds	0	NA	NA	NA	NA	NA
K8B78_04115	cds	0	NA	NA	NA	NA	NA
K8B78_04120	cds	0.137912475505296	0.69851164813038	4.0804728567969	0.171183995738842	0.864079091295167	NA
K8B78_04125	cds	0.127432626852749	0.69851164813038	4.0804728567969	0.171183995738842	0.864079091295167	NA
K8B78_04130	cds	0.568732619667865	2.53522853848418	3.42613176446394	0.739968195263164	0.459319292989336	NA
K8B78_04135	cds	0.433278444696792	0.508318354154505	3.64486435972284	0.139461528327808	0.88908545474744	NA
K8B78_04140	cds	1.32816276946861	-1.1714651048264	1.95940536641708	-0.597867661742966	0.549928239024529	NA
K8B78_04145	cds	1.91669286489447	2.14919876781403	1.47003780024469	1.46200238351443	0.143740556716195	0.846788428179565
K8B78_04150	cds	0.127432626852749	0.69851164813038	4.0804728567969	0.171183995738842	0.864079091295167	NA
K8B78_04155	cds	0.186434739109616	0.69851164813038	4.0804728567969	0.171183995738842	0.864079091295167	NA
K8B78_04160	cds	0	NA	NA	NA	NA	NA
K8B78_04165	cds	0.137912475505296	0.69851164813038	4.0804728567969	0.171183995738842	0.864079091295167	NA
K8B78_04170	cds	1.14426860939168	1.21475526989772	2.02525337962232	0.599804094697648	0.548636804106047	NA
K8B78_04175	cds	0	NA	NA	NA	NA	NA
K8B78_04180	cds	0.127432626852749	0.69851164813038	4.0804728567969	0.171183995738842	0.864079091295167	NA
K8B78_04185	cds	0.834379080140373	-2.1310625414885	2.62591738133921	-0.811549729870657	0.417050046570564	NA
K8B78_04190	cds	0.413737426515889	2.08394723742054	4.00152043369365	0.520788853125242	0.602513869088731	NA
K8B78_04195	cds	0	NA	NA	NA	NA	NA
K8B78_04200	cds	0.367376968030354	-2.15873512061444	4.03450955624596	-0.535067544274974	0.592603151810088	NA
K8B78_04205	cds	1.67328178645481	0.370315707507998	1.54958284015729	0.238977677031071	0.81112289243951	0.99691600623528
K8B78_04210	cds	0.318212435484088	-0.263261024083251	4.0804728567969	-0.0645172834919692	0.948558345545108	NA
K8B78_04215	cds	2.67361038056804	0.210507060502127	1.12479049560885	0.187152239749483	0.851541270277534	0.99691600623528
K8B78_04220	cds	0.324989483556859	-0.263261024083251	4.0804728567969	-0.0645172834919693	0.948558345545108	NA
K8B78_04225	cds	2.77021561074766	0.69057567427632	1.02261751020869	0.675302023857765	0.499483898367455	0.99691600623528
K8B78_04230	cds	3.43116883836041	-0.354421075590582	0.944226945567929	-0.375355815944658	0.707395860370864	0.99691600623528
K8B78_04235	cds	0.441299992815115	2.16390865638955	3.87373777061704	0.558610000089104	0.576427913723258	NA
K8B78_04240	cds	0.186434739109616	0.69851164813038	4.0804728567969	0.171183995738842	0.864079091295167	NA
K8B78_04245	cds	0.638214580577278	2.68170646018354	2.97737256284543	0.900695631325585	0.367750172112461	NA
K8B78_04250	cds	0.638214580577278	2.68170646018354	2.97737256284543	0.900695631325585	0.367750172112461	NA
K8B78_04255	cds	0.348233302317538	-2.0914301623042	4.0405079446271	-0.517615654013327	0.604726457624848	NA
K8B78_04260	cds	0	NA	NA	NA	NA	NA
K8B78_04265	cds	0.568732619667865	2.53522853848418	3.42613176446394	0.739968195263164	0.459319292989336	NA
K8B78_04270	cds	0.452422110409608	0.509052668131472	3.5805595003791	0.142171263479234	0.886944729614482	NA
K8B78_04275	cds	0	NA	NA	NA	NA	NA
K8B78_04280	cds	0.360599919957584	-2.13538510402601	4.03655995906709	-0.529011119785158	0.596797736081313	NA
K8B78_04285	cds	1.5399845539035	1.71791579072147	1.68065549715375	1.02217009591247	0.30670040161632	0.977226285358722
K8B78_04290	cds	0	NA	NA	NA	NA	NA
K8B78_04295	cds	0.313867365962366	1.65967099818041	4.03330497508829	0.411491570419634	0.680712121089506	NA
K8B78_04300	cds	2.25368173328072	1.07069706918183	1.19700646223431	0.894478938052928	0.371065693872042	0.977226285358722
K8B78_04305	cds	0.180299959978792	-1.22504170351211	4.0804728567969	-0.300220525048105	0.764008950054848	NA
K8B78_04310	cds	2.49195868118602	0.0404440736748456	1.08658595401344	0.0372212373309818	0.970308605402377	0.99691600623528
K8B78_04315	cds	8.59376372844961	-0.0161859624882815	0.630081152734696	-0.0256886948895879	0.979505641054016	0.99691600623528
K8B78_04320	cds	0.265345102358046	1.46627794599376	4.04952495999157	0.362086407783695	0.717287460514729	NA
K8B78_04325	cds	3.96969240016183	-1.43951041448995	0.904434515538335	-1.5916137539633	0.111471517749709	0.778968558238482
K8B78_04330	cds	0.882901343744693	-2.13146384026234	2.55011509618961	-0.835830446808925	0.40325029538896	NA
K8B78_04335	cds	3.20466781809479	1.05281803720437	1.01100380328323	1.04135912623211	0.297708905009205	0.977226285358722
K8B78_04340	cds	0	NA	NA	NA	NA	NA
K8B78_04345	cds	0.265345102358046	1.46627794599376	4.04952495999157	0.362086407783695	0.717287460514729	NA
K8B78_04350	cds	1.53965735893118	-1.25035176962199	1.57285198706245	-0.794958317697278	0.426637749065787	0.994504174645922
K8B78_04355	cds	1.64919082011667	-0.240134349070031	1.40108739895913	-0.171391413018508	0.86391600629884	0.99691600623528
K8B78_04360	cds	0.445645062336838	0.508791661133043	3.60300484964475	0.141213149125572	0.887701558668137	NA
K8B78_04365	cds	6.75672940828005	-0.322662834895834	0.685808271345678	-0.470485481696965	0.638008204433347	0.99691600623528
K8B78_04370	cds	1.28081426851462	-0.362100771415555	1.97604982336232	-0.183244757867201	0.854605977180307	NA
K8B78_04375	cds	11.7869943269104	-0.559497378933154	0.582465088521104	-0.960568092336202	0.33676937845601	0.977226285358722
K8B78_04380	cds	2.4826273382254	-0.883243073881243	1.17332185101346	-0.752771350093187	0.451587325822188	0.995826338602843
K8B78_04385	cds	0.403257577863342	2.05038349947495	4.00371818233002	0.512119836137343	0.608567142646801	NA
K8B78_04390	cds	2.6158108237958	0.631069818727011	1.15756428213184	0.545170431109707	0.585636306009445	0.99691600623528
K8B78_04395	cds	0	NA	NA	NA	NA	NA
K8B78_04400	cds	13.550526640626	3.56160002086131	0.739588612428565	4.81565016146772	1.46721380018047e-06	0.000872992211107378
K8B78_04405	cds	0.254865253705499	1.4271214034099	4.05189147764595	0.352211161449719	0.724679906979001	NA
K8B78_04410	cds	0	NA	NA	NA	NA	NA
K8B78_04415	cds	0	NA	NA	NA	NA	NA
K8B78_04420	cds	0	NA	NA	NA	NA	NA
K8B78_04425	cds	0	NA	NA	NA	NA	NA
K8B78_04430	cds	3.13211569116689	0.154252507080585	1.05445389655928	0.146286630059329	0.883695119982669	0.99691600623528
K8B78_04435	cds	1.49796916493969	-0.616183023956342	1.60048327774557	-0.384998101838522	0.700238821858882	0.99691600623528
K8B78_04440	cds	0.324347214614913	1.70326611696879	4.02960700440772	0.422687898622794	0.672522985931288	NA
K8B78_04445	cds	2.80037548152044	-0.504784485384455	1.11076238171739	-0.454448668493786	0.649505929899378	0.99691600623528
K8B78_04450	cds	0	NA	NA	NA	NA	NA
K8B78_04455	cds	0.265345102358046	1.46627794599376	4.04952495999157	0.362086407783695	0.717287460514729	NA
K8B78_04460	cds	0.180299959978792	-1.22504170351211	4.0804728567969	-0.300220525048105	0.764008950054848	NA
K8B78_04465	cds	0	NA	NA	NA	NA	NA
K8B78_04470	cds	0.127432626852749	0.69851164813038	4.0804728567969	0.171183995738842	0.864079091295167	NA
K8B78_04475	cds	0.473779160182789	-1.08616096661862	3.81116417395538	-0.284994536325986	0.775648327810985	NA
K8B78_04480	cds	0	NA	NA	NA	NA	NA
K8B78_04485	cds	0.535310310369101	-2.70696077100111	3.26026045734112	-0.830289728817786	0.406374993876724	NA
K8B78_04490	cds	0	NA	NA	NA	NA	NA
K8B78_04495	cds	0	NA	NA	NA	NA	NA
K8B78_04500	cds	0	NA	NA	NA	NA	NA
K8B78_04505	cds	0	NA	NA	NA	NA	NA
K8B78_04510	cds	0	NA	NA	NA	NA	NA
K8B78_04515	cds	10.6629057868668	-0.488938402463663	1.01760384597953	-0.48048010470422	0.630886046699867	0.99691600623528
K8B78_04520	cds	15.5640922417416	0.178614222929857	0.576262252676748	0.309953015489372	0.756596686114565	0.99691600623528
K8B78_04525	cds	0.505289443535651	-1.19467404633347	3.41376167621414	-0.349958245374164	0.726370033918296	NA
K8B78_04530	cds	16.8268500764398	-0.848257094222472	0.546321931756827	-1.55266893916322	0.120502246514549	0.805604906473668
K8B78_04535	cds	7.2512905508134	0.0574856576937073	0.693961767357115	0.0828369232971374	0.933981209460708	0.99691600623528
K8B78_04540	cds	0	NA	NA	NA	NA	NA
K8B78_04545	cds	0.186434739109616	0.69851164813038	4.0804728567969	0.171183995738842	0.864079091295167	NA
K8B78_04550	cds	5.1050065942575	1.60487119156291	0.83880174694318	1.91329023504242	0.0557109071379884	0.649240172170325
K8B78_04555	cds	0.998609621899343	-2.45458875276161	2.25235690301713	-1.08978676934973	0.275807083408097	NA
K8B78_04560	cds	2.06801157944985	0.984972463827392	1.25249771571882	0.786406594971002	0.431629321029489	0.994504174645922
K8B78_04565	cds	0	NA	NA	NA	NA	NA
K8B78_04570	cds	0	NA	NA	NA	NA	NA
K8B78_04575	cds	0.741011031528334	0.20643260043732	2.61563951258094	0.0789224200981829	0.937094330202389	NA
K8B78_04580	cds	1.29725471721935	0.471988777367116	1.8306816824527	0.257821325187871	0.796544805620554	NA
K8B78_04585	cds	0	NA	NA	NA	NA	NA
K8B78_04590	cds	0.741011031528334	0.20643260043732	2.61563951258094	0.0789224200981829	0.937094330202389	NA
K8B78_04595	cds	1.11199374076007	1.15214568726437	2.06474968842338	0.558007439702841	0.576839303945579	NA
K8B78_04600	cds	1.02081381924999	-1.16589471222571	2.18829986194354	-0.532785626184805	0.594181984941783	NA
K8B78_04605	cds	0	NA	NA	NA	NA	NA
K8B78_04610	cds	0.127432626852749	0.69851164813038	4.0804728567969	0.171183995738842	0.864079091295167	NA
K8B78_04615	cds	0	NA	NA	NA	NA	NA
K8B78_04620	cds	0.254865253705499	1.4271214034099	4.05189147764595	0.352211161449719	0.724679906979001	NA
K8B78_04625	cds	5.42708904719553	0.0239528399470289	0.7365453673648	0.03252052216787	0.974056950360856	0.99691600623528
K8B78_04630	cds	2.22333367147495	-0.457586413983122	1.23595867630148	-0.370227923276868	0.711212672693503	0.99691600623528
K8B78_04635	cds	1.0430317324558	-1.24967019328893	2.18574606210785	-0.571736220850739	0.567500691782768	NA
K8B78_04640	cds	0.828789510573098	-2.12108482272099	2.65466839926584	-0.799001797477827	0.424289369730258	NA
K8B78_04645	cds	0	NA	NA	NA	NA	NA
K8B78_04650	cds	0.127432626852749	0.69851164813038	4.0804728567969	0.171183995738842	0.864079091295167	NA
K8B78_04655	cds	2.07198941616091	-0.051893201952883	1.21090682746654	-0.0428548264621267	0.965817258903384	0.99691600623528
K8B78_04660	cds	0	NA	NA	NA	NA	NA
K8B78_04665	cds	0.776127056082575	2.96879026602713	2.66998746901507	1.11191168515944	0.266176124042453	NA
K8B78_04670	cds	0.976610303184216	-0.281879261204554	2.10973289695914	-0.13360898036469	0.89371178256113	NA
K8B78_04685	cds	0	NA	NA	NA	NA	NA
K8B78_04690	cds	6.8956534935856	-0.963201194899959	0.698176604584371	-1.37959534675809	0.167711270966996	0.883081471020906
K8B78_04695	cds	0.988976920824261	-0.305778610318259	2.2063399926684	-0.138590884149474	0.889773447184962	NA
K8B78_04700	cds	0.265345102358046	1.46627794599376	4.04952495999157	0.362086407783695	0.717287460514729	NA
K8B78_04705	cds	1.9275448090567	-0.322707980413714	1.26110324030005	-0.255893387711011	0.79803316052432	0.99691600623528
K8B78_04710	cds	128.413461778685	-0.491807470009929	0.38342753438792	-1.28266080524191	0.199610937247813	0.977226285358722
K8B78_04715	cds	0	NA	NA	NA	NA	NA
K8B78_04720	cds	0.137912475505296	0.69851164813038	4.0804728567969	0.171183995738842	0.864079091295167	NA
K8B78_04725	cds	0	NA	NA	NA	NA	NA
K8B78_04730	cds	0	NA	NA	NA	NA	NA
K8B78_04735	cds	0	NA	NA	NA	NA	NA
K8B78_04740	cds	0.500944374013928	0.692342006617703	3.42790037607909	0.201972616079823	0.839938132196121	NA
K8B78_04745	cds	0	NA	NA	NA	NA	NA
K8B78_04750	cds	0	NA	NA	NA	NA	NA
K8B78_04755	cds	1.04581722796234	2.18189688637727	2.19603454711611	0.993562186552394	0.32043606114565	NA
K8B78_04760	cds	0	NA	NA	NA	NA	NA
K8B78_04765	cds	65.0781738526117	-1.48071546794171	0.373317727833814	-3.96636794221802	7.29761786399288e-05	0.00879608989706218
K8B78_04770	cds	0.137912475505296	0.69851164813038	4.0804728567969	0.171183995738842	0.864079091295167	NA
K8B78_04775	cds	0.127432626852749	0.69851164813038	4.0804728567969	0.171183995738842	0.864079091295167	NA
K8B78_04780	cds	2.04496081442119	2.26545344786095	1.54937395234983	1.46217344394173	0.143693686848687	0.846788428179565
K8B78_04785	cds	0.462259690120209	2.2258019220326	3.79437564664192	0.58660557870765	0.55746863508745	NA
K8B78_04790	cds	0.933580549768774	1.9854992156879	2.31577626807208	0.857379550461	0.391235157127162	NA
K8B78_04795	cds	0.186434739109616	0.69851164813038	4.0804728567969	0.171183995738842	0.864079091295167	NA
K8B78_04800	cds	4.59923133877534	-1.14677318360286	0.821606227202708	-1.39576982943184	0.16278381850976	0.880512472848245
K8B78_04805	cds	0	NA	NA	NA	NA	NA
K8B78_04810	cds	0	NA	NA	NA	NA	NA
K8B78_04815	cds	0	NA	NA	NA	NA	NA
K8B78_04820	cds	0.127432626852749	0.69851164813038	4.0804728567969	0.171183995738842	0.864079091295167	NA
K8B78_04825	cds	0.445645062336838	0.508791661133043	3.60300484964475	0.141213149125572	0.887701558668137	NA
K8B78_04830	cds	0.127432626852749	0.69851164813038	4.0804728567969	0.171183995738842	0.864079091295167	NA
K8B78_04835	cds	0	NA	NA	NA	NA	NA
K8B78_04840	cds	7.25719625937507	-1.53868522096127	0.711106456996285	-2.16379025365721	0.0304804504861974	0.490158595656418
K8B78_04845	cds	0	NA	NA	NA	NA	NA
K8B78_04850	cds	0.728247061420201	1.52021017686809	2.83030928928804	0.537118039580223	0.591186080678713	NA
K8B78_04855	cds	0.505289443535651	-1.19467404633347	3.41376167621414	-0.349958245374164	0.726370033918296	NA
K8B78_04860	cds	1.70216597249983	2.9411036487519	1.73635993104302	1.69383294106838	0.0902970326025789	0.756487202558955
K8B78_04865	cds	4.69951057670045	-0.8614457072059	0.829865943356468	-1.03805405451597	0.299244890148192	0.977226285358722
K8B78_04870	cds	3.80089333169143	-0.0321280558523668	0.990926004279166	-0.0324222552578362	0.974135314686963	0.99691600623528
K8B78_04875	cds	25.1438880471446	-0.533145044145396	0.461056123814101	-1.15635606297762	0.247535545438275	0.977226285358722
K8B78_04880	cds	14.4208261028826	0.0402465538536679	0.524212453330425	0.0767752723117767	0.938802322499447	0.99691600623528
K8B78_04885	cds	0	NA	NA	NA	NA	NA
K8B78_04890	cds	13.931680316537	-0.470108581787576	0.506030039754955	-0.929013190630396	0.352882250426792	0.977226285358722
K8B78_04895	cds	1.9554339904288	-0.70861647578829	1.37689843937646	-0.51464687265474	0.606799804582113	0.99691600623528
K8B78_04900	cds	0.686736844181598	2.77847227794302	3.12027848904267	0.89045650498827	0.373220813325148	NA
K8B78_04905	cds	1.19956792106877	1.26448374256974	1.87725049982649	0.673582850390296	0.500576559266203	NA
K8B78_04910	cds	0.180299959978792	-1.22504170351211	4.0804728567969	-0.300220525048105	0.764008950054848	NA
K8B78_04915	cds	0	NA	NA	NA	NA	NA
K8B78_04920	cds	0.186434739109616	0.69851164813038	4.0804728567969	0.171183995738842	0.864079091295167	NA
K8B78_04925	cds	1.28002414247721	-1.07034611402797	1.84481803883069	-0.580190615821599	0.561786081239321	NA
K8B78_04930	cds	1.02145608819194	-2.47093044066516	2.20799876490353	-1.11908144150303	0.26310539640014	NA
K8B78_04935	cds	0.654079120161581	-1.70163762777167	2.99615204392567	-0.567941013281197	0.570075021824299	NA
K8B78_04940	cds	0.583557537842134	1.09777651934506	3.16238532227106	0.347135597807764	0.728489451181971	NA
K8B78_04945	cds	2.05706850363302	-1.22568104942686	1.25115712546028	-0.979637988294998	0.327264846202305	0.977226285358722
K8B78_04950	cds	2.72184606693783	-0.616475323830962	1.04582201777472	-0.589464854777763	0.555549481619147	0.99691600623528
K8B78_04955	cds	0.313867365962366	1.65967099818041	4.03330497508829	0.411491570419634	0.680712121089506	NA
K8B78_04960	cds	0.374154016103124	-2.18180432531288	4.03251512939392	-0.541052979419523	0.588471066462487	NA
K8B78_04965	cds	0.307732586831542	-0.263261024083251	4.0804728567969	-0.0645172834919692	0.948558345545108	NA
K8B78_04970	cds	8.52258309481156	-1.07237843478973	0.633224879259793	-1.69351911131996	0.0903567002557454	0.756487202558955
K8B78_04975	cds	3.65400413990816	-0.209825166892811	0.904740588857185	-0.231917490468566	0.816602099424167	0.99691600623528
K8B78_04980	cds	0	NA	NA	NA	NA	NA
K8B78_04985	cds	1.09602138191864	-0.778801398102857	1.94419846683362	-0.400577107424241	0.688731502996364	NA
K8B78_04990	cds	1.37932267148401	-0.0798381814200418	1.84300539559012	-0.0433195592433294	0.965446799835123	NA
K8B78_04995	cds	53.1854140383918	-0.0187245578718878	0.327826040393149	-0.0571173597113645	0.954451707947797	0.99691600623528
K8B78_05000	cds	0	NA	NA	NA	NA	NA
K8B78_05005	cds	1.25038613103217	2.4325487360783	2.1399114808355	1.13675203757893	0.255641958724849	NA
K8B78_05010	cds	1.16550334282806	-0.636297155187104	1.87861666576603	-0.33870515831267	0.734831854359486	NA
K8B78_05015	cds	0.65596588914908	-1.72999106632451	2.9932129894474	-0.577971254442503	0.563283526705327	NA
K8B78_05020	cds	10.4006706203362	0.221649322247981	0.593184363821905	0.373660089116118	0.708657222128527	0.99691600623528
K8B78_05025	cds	1.63706911895048	-0.302942663479996	1.43445684340099	-0.211189806701847	0.832739164454785	0.99691600623528
K8B78_05030	cds	0.137912475505296	0.69851164813038	4.0804728567969	0.171183995738842	0.864079091295167	NA
K8B78_05035	cds	0.451779841467662	2.19438269905978	3.5176110788112	0.623827549406454	0.532740844974173	NA
K8B78_05040	cds	0.265345102358046	1.46627794599376	4.04952495999157	0.362086407783695	0.717287460514729	NA
K8B78_05045	cds	7.85495045840389	-0.351115649302826	0.626670129102789	-0.560287834056367	0.575283124337281	0.99691600623528
K8B78_05050	cds	18.2002949599545	0.640252222161046	0.457866275684491	1.39833889535519	0.162011323057876	0.880512472848245
K8B78_05055	cds	19.3508321111429	0.229458721534558	0.49379016274836	0.464688725788758	0.642154383231231	0.99691600623528
K8B78_05060	cds	13.3878142096898	-0.56237956675537	0.498853254398952	-1.12734468863586	0.259596774909942	0.977226285358722
K8B78_05065	cds	0	NA	NA	NA	NA	NA
K8B78_05070	cds	0	NA	NA	NA	NA	NA
K8B78_05075	cds	0	NA	NA	NA	NA	NA
K8B78_05080	cds	0	NA	NA	NA	NA	NA
K8B78_05085	cds	0	NA	NA	NA	NA	NA
K8B78_05090	cds	1.07583809479579	1.05276867195052	2.02104591053713	0.520902898079505	0.602434416447195	NA
K8B78_05095	cds	2.27617546384233	-1.15276578214993	1.22336474445852	-0.94229115835781	0.346043593639023	0.977226285358722
K8B78_05100	cds	0.360599919957584	-2.13538510402601	4.03655995906709	-0.529011119785158	0.596797736081313	NA
K8B78_05105	cds	2.15864629139638	1.65137857749779	1.31559236656109	1.25523575498879	0.209393189406755	0.977226285358722
K8B78_05110	cds	3.57420659124393	0.00779123952633786	0.886161280402027	0.00879212362201516	0.992984990683825	0.99691600623528
K8B78_05115	cds	3.41433483486184	-0.440830899993498	0.907616804221424	-0.485701562535142	0.627178775647428	0.99691600623528
K8B78_05120	cds	1.61358038371594	0.33154836133546	1.46461592967975	0.226372221288045	0.820911931385413	0.99691600623528
K8B78_05125	cds	0.348233302317538	-2.0914301623042	4.0405079446271	-0.517615654013327	0.604726457624848	NA
K8B78_05130	cds	0.895267961384739	-2.15219087836208	2.55251067803593	-0.843166258570997	0.399135466222607	NA
K8B78_05135	cds	0.265345102358046	1.46627794599376	4.04952495999157	0.362086407783695	0.717287460514729	NA
K8B78_05140	cds	3.02829411588548	0.0972497554661009	0.98393017475569	0.0988380659128053	0.921266844224455	0.99691600623528
K8B78_05145	cds	1.00559154860763	0.782040549375792	2.10702604284523	0.371158463860163	0.710519508027677	NA
K8B78_05150	cds	1.27567907295549	-0.271576132086956	1.74017388179276	-0.156062641169613	0.875983645517148	NA
K8B78_05155	cds	3.07648996574199	-2.57539985630032	1.17989886077461	-2.18272933546995	0.029055748258893	0.480226950390037
K8B78_05160	cds	0.859657524984013	-0.773633878533963	2.30682279035109	-0.335367710848832	0.737347722022481	NA
K8B78_05165	cds	0.492280556953659	0.73467888349412	3.45367416799552	0.212723855163361	0.831542358865209	NA
K8B78_05170	cds	0.520210356063545	2.42190994880227	3.57513130306784	0.677432447508715	0.49813161697956	NA
K8B78_05175	cds	0.372869478219233	1.88438229328003	4.01534856034508	0.469294823341086	0.638858914945502	NA
K8B78_05180	cds	0.127432626852749	0.69851164813038	4.0804728567969	0.171183995738842	0.864079091295167	NA
K8B78_05185	cds	0.559946486270795	0.910529646581719	3.52876829740785	0.258030442874522	0.79638341252889	NA
K8B78_05190	cds	0.180299959978792	-1.22504170351211	4.0804728567969	-0.300220525048105	0.764008950054848	NA
K8B78_05195	cds	0.127432626852749	0.69851164813038	4.0804728567969	0.171183995738842	0.864079091295167	NA
K8B78_05200	cds	0.167933342338746	-1.22504170351211	4.0804728567969	-0.300220525048105	0.764008950054848	NA
K8B78_05205	cds	0.275824951010593	1.50446712001198	4.04727167565451	0.371723778530059	0.710098518947046	NA
K8B78_05210	cds	1.57104504214698	-0.28664881540366	1.50783136625821	-0.190106680241703	0.849225535466362	0.99691600623528
K8B78_05215	cds	5.59434303873043	-0.798804932493609	0.746994206515936	-1.06935893950145	0.284907961748	0.977226285358722
K8B78_05220	cds	0	NA	NA	NA	NA	NA
K8B78_05225	cds	0.186434739109616	0.69851164813038	4.0804728567969	0.171183995738842	0.864079091295167	NA
K8B78_05230	cds	0	NA	NA	NA	NA	NA
K8B78_05235	cds	0.186434739109616	0.69851164813038	4.0804728567969	0.171183995738842	0.864079091295167	NA
K8B78_05240	cds	0	NA	NA	NA	NA	NA
K8B78_05245	cds	0	NA	NA	NA	NA	NA
K8B78_05250	cds	0	NA	NA	NA	NA	NA
K8B78_05255	cds	0	NA	NA	NA	NA	NA
K8B78_05260	cds	0.561231024154687	-2.76875688547317	3.79276836737113	-0.730009485760469	0.465384386405062	NA
K8B78_05265	cds	0	NA	NA	NA	NA	NA
K8B78_05270	cds	0	NA	NA	NA	NA	NA
K8B78_05275	cds	0.68802138206549	-0.263012146552714	2.94350557251445	-0.0893533713707359	0.928801079435	NA
K8B78_05280	cds	0.187077008051562	-1.22504170351211	4.0804728567969	-0.300220525048106	0.764008950054848	NA
K8B78_05285	cds	0	NA	NA	NA	NA	NA
K8B78_05290	cds	1.36568523181523	0.635948964679513	1.79574988712202	0.354141169235279	0.723233090159264	NA
K8B78_05295	cds	0.265345102358046	1.46627794599376	4.04952495999157	0.362086407783695	0.717287460514729	NA
K8B78_05300	cds	0.305845817844043	-0.263261024083251	4.0804728567969	-0.0645172834919692	0.948558345545108	NA
K8B78_05305	cds	10.2450961302066	0.405274093086812	0.638934284803591	0.634296989104903	0.525887021096939	0.99691600623528
K8B78_05310	cds	0	NA	NA	NA	NA	NA
K8B78_05315	cds	1.0529916285032	1.06675009653667	2.12300284648698	0.502472287449761	0.615335341350547	NA
K8B78_05320	cds	1.15566576311745	-1.66851016694753	1.93955722035045	-0.860253128621825	0.389649523957493	NA
K8B78_05325	cds	3.48828418162978	-0.312775831726672	0.915936597793091	-0.341481967726032	0.732740777613044	0.99691600623528
K8B78_05330	cds	4.46285985873104	-0.727476108796134	0.835709766803721	-0.870488939693094	0.384033260944096	0.977226285358722
K8B78_05335	cds	0.590334585914905	1.0980416821569	3.14541380625694	0.349092917431929	0.727019553583429	NA
K8B78_05340	cds	0.275824951010593	1.50446712001198	4.04727167565451	0.371723778530059	0.710098518947046	NA
K8B78_05345	cds	0.187077008051562	-1.22504170351211	4.0804728567969	-0.300220525048106	0.764008950054848	NA
K8B78_05350	cds	0	NA	NA	NA	NA	NA
K8B78_05355	cds	23.713829578602	0.996169707076799	0.445412282303924	2.23651153471576	0.0253182825872357	0.440222181505679
K8B78_05360	cds	0.324989483556859	-0.263261024083251	4.0804728567969	-0.0645172834919693	0.948558345545108	NA
K8B78_05365	cds	0	NA	NA	NA	NA	NA
K8B78_05370	cds	1.31514016703145	0.540641499608883	1.81901465723144	0.297216681272787	0.766301087191944	NA
K8B78_05375	cds	0.167933342338746	-1.22504170351211	4.0804728567969	-0.300220525048105	0.764008950054848	NA
K8B78_05380	cds	0.314509634904312	-0.263261024083251	4.0804728567969	-0.0645172834919693	0.948558345545108	NA
K8B78_05385	cds	0.579854737262358	1.0657640916142	3.17122158722924	0.336073674544255	0.73681530968987	NA
K8B78_05390	cds	0.382297880558248	1.98126111884408	4.00840382402356	0.494276825845189	0.62111068916803	NA
K8B78_05395	cds	4.02863778697783	0.377633418476575	0.859244557337019	0.439494687806858	0.660303130337691	0.99691600623528
K8B78_05400	cds	0	NA	NA	NA	NA	NA
K8B78_05405	cds	1.03931521602086	-0.115116470341932	2.14711850058666	-0.0536144000950478	0.957242383397356	NA
K8B78_05410	cds	9.20859139255344	-0.287290118052574	0.635688821270509	-0.451935142540947	0.651315706687224	0.99691600623528
K8B78_05415	cds	0	NA	NA	NA	NA	NA
K8B78_05420	cds	0	NA	NA	NA	NA	NA
K8B78_05425	cds	0	NA	NA	NA	NA	NA
K8B78_05430	cds	1.45689147530849	0.864634839397438	1.68072769062225	0.514440765283831	0.606943864343951	NA
K8B78_05435	cds	1.33683812763212	2.61033191357417	1.87216980189336	1.39428160358867	0.163232583947114	NA
K8B78_05440	cds	1.57714970162038	1.77902334395897	1.69778731024996	1.04784818052213	0.294708560216083	0.977226285358722
K8B78_05445	cds	0	NA	NA	NA	NA	NA
K8B78_05450	cds	0.710990164694884	1.49610937761385	2.84328390501265	0.526190639976628	0.598755756709287	NA
K8B78_05455	cds	0	NA	NA	NA	NA	NA
K8B78_05465	cds	5.24697727824973	1.45387127401243	0.80083806920546	1.81543726493281	0.0694567386890524	0.691289107369558
K8B78_05470	cds	1.33872489661962	2.59971765552754	1.8780254479806	1.38428244320276	0.166271987753616	NA
K8B78_05475	cds	11.5251982560838	0.631181799403977	0.569437917137218	1.10842952393681	0.267676360180695	0.977226285358722
K8B78_05480	cds	1.62795608668029	1.07770268825453	1.5129130831522	0.712336154836539	0.476256640619645	0.995826338602843
K8B78_05485	cds	8.92698249996261	-2.91216385401716	0.737019867634377	-3.95126913384896	7.7737841785065e-05	0.00879608989706218
K8B78_05490	cds	2.5751219172768	-1.700933118982	1.16105042033582	-1.46499505033557	0.14292226817969	0.846788428179565
K8B78_05495	cds	1.42225536552105	0.00395897807507702	1.56235981240779	0.00253397331628477	0.997978183977137	NA
K8B78_05500	cds	9.70337009885354	1.25293342168308	0.634785547174955	1.97379008904522	0.048405616258302	0.600027951535202
K8B78_05505	cds	0	NA	NA	NA	NA	NA
K8B78_05510	cds	1.47448042970515	0.0845695330019864	1.58895644495319	0.053223317272537	0.95755397744573	NA
K8B78_05515	cds	1.06101317662152	2.21525994493632	2.15482711708552	1.02804532547954	0.303928507326175	NA
K8B78_05520	cds	0.793878364654376	-0.941361276324518	2.53679584659842	-0.371082788387085	0.710575870158513	NA
K8B78_05525	cds	7.05661948877093	-1.302188634021	0.681230252490541	-1.91152496422505	0.0559371517966126	0.649240172170325
K8B78_05530	cds	0.137912475505296	0.69851164813038	4.0804728567969	0.171183995738842	0.864079091295167	NA
K8B78_05535	cds	0.666445737801627	-1.73003831560749	2.96994082615123	-0.58251608933551	0.560219107322238	NA
K8B78_05540	cds	0.180299959978792	-1.22504170351211	4.0804728567969	-0.300220525048105	0.764008950054848	NA
K8B78_05545	cds	3.1914024739357	0.0172142049047945	0.950443374231025	0.0181117627535906	0.985549694170938	0.99691600623528
K8B78_05550	cds	0.324989483556859	-0.263261024083251	4.0804728567969	-0.0645172834919693	0.948558345545108	NA
K8B78_05555	cds	1.41791029599933	0.718750469803694	1.66500577545638	0.431680466457651	0.665973666307965	NA
K8B78_05560	cds	0.718164565235741	0.205746209220557	3.07513476311803	0.0669064041316813	0.946656214705288	NA
K8B78_05565	cds	46.5301959927949	0.983802265587245	0.651030125296121	1.51114706886991	0.13075098471663	0.836525117273062
K8B78_05570	cds	0.295365969191496	-0.263261024083251	4.0804728567969	-0.0645172834919692	0.948558345545108	NA
K8B78_05575	cds	0	NA	NA	NA	NA	NA
K8B78_05580	cds	0.167933342338746	-1.22504170351211	4.0804728567969	-0.300220525048105	0.764008950054848	NA
K8B78_05585	cds	1.32635827897957	2.59966863615625	1.88648994736643	1.37804531626868	0.168189297320859	NA
K8B78_05590	cds	0.800655412727146	-0.950635951949264	2.39017442728347	-0.397726601497323	0.690831726476166	NA
K8B78_05595	cds	0.747145810659158	1.59900816148998	2.60564962091496	0.613669677095149	0.539433629923415	NA
K8B78_05600	cds	0.295365969191496	-0.263261024083251	4.0804728567969	-0.0645172834919692	0.948558345545108	NA
K8B78_05605	cds	1.3758241696403	-1.7824684918905	1.75189048866221	-1.01745428919569	0.308937367044097	NA
K8B78_05610	cds	1.25119075414926	-0.349528035704505	1.8570177377467	-0.188220084601142	0.850704128626503	NA
K8B78_05615	cds	1.03637700071983	0.0460005975544503	2.12315801913888	0.0216661205335566	0.982714289322989	NA
K8B78_05620	cds	0.715610270347893	-3.12526820975796	2.80824438366334	-1.1128903979792	0.265755504436132	NA
K8B78_05625	cds	0.913769358155609	-0.615743138756188	2.69129245032503	-0.22879086911637	0.819031463968868	NA
K8B78_05630	cds	0.475665929170288	-1.1311290285775	3.50396111995969	-0.322814377743586	0.746835823628213	NA
K8B78_05635	cds	1.17938463394592	3.5829494317644	2.06993026076922	1.73095176184	0.0834603684069	NA
K8B78_05640	cds	0.654079120161581	-1.70163762777167	2.99615204392567	-0.567941013281197	0.570075021824299	NA
K8B78_05645	cds	0	NA	NA	NA	NA	NA
K8B78_05650	cds	0.498512395462881	-1.17323735060797	3.72379865733845	-0.315064658046397	0.752712561745673	NA
K8B78_05655	cds	1.97442522014738	-0.324506453575963	1.3250860430505	-0.244894627996315	0.806538021304229	0.99691600623528
K8B78_05660	cds	0.628377000866677	1.20125328099899	3.05641743626466	0.393026576391699	0.694299852500982	NA
K8B78_05665	cds	8.70214430636946	-0.157175507774771	0.600021607989463	-0.261949745945701	0.793360186520302	0.99691600623528
K8B78_05670	cds	0	NA	NA	NA	NA	NA
K8B78_05675	cds	0.688663651007436	-1.80377068198474	3.16749917301559	-0.569462084584374	0.569042594404721	NA
K8B78_05680	cds	0.579212468320412	2.55979681519694	3.11456295519268	0.821879940146717	0.411145230832722	NA
K8B78_05685	cds	0	NA	NA	NA	NA	NA
K8B78_05690	cds	0.167933342338746	-1.22504170351211	4.0804728567969	-0.300220525048105	0.764008950054848	NA
K8B78_05695	cds	3.95460558181198	-2.53180558008029	1.05708463679108	-2.39508312954574	0.0166165974525207	0.32533169980102
K8B78_05700	cds	0.382297880558248	1.98126111884408	4.00840382402356	0.494276825845189	0.62111068916803	NA
K8B78_05705	cds	0.186434739109616	0.69851164813038	4.0804728567969	0.171183995738842	0.864079091295167	NA
K8B78_05710	cds	0.254865253705499	1.4271214034099	4.05189147764595	0.352211161449719	0.724679906979001	NA
K8B78_05715	cds	17.3338234720601	-0.279757282575641	0.474494874948287	-0.589589682304008	0.555465770614908	0.99691600623528
K8B78_05720	cds	0	NA	NA	NA	NA	NA
K8B78_05725	cds	0.787891442619014	0.181730283580874	2.92497947891657	0.0621304473726388	0.950458950332107	NA
K8B78_05730	cds	0.305845817844043	-0.263261024083251	4.0804728567969	-0.0645172834919692	0.948558345545108	NA
K8B78_05735	cds	0.137912475505296	0.69851164813038	4.0804728567969	0.171183995738842	0.864079091295167	NA
K8B78_05740	cds	0.167933342338746	-1.22504170351211	4.0804728567969	-0.300220525048105	0.764008950054848	NA
K8B78_05745	cds	0.314509634904312	-0.263261024083251	4.0804728567969	-0.0645172834919693	0.948558345545108	NA
K8B78_05750	cds	3.73291936585561	-1.72805651986711	0.947185337013284	-1.82441223733057	0.0680897733302122	0.691289107369558
K8B78_05755	cds	5.26322573824722	0.346660256794633	0.757240980524485	0.457793840680053	0.647100561321552	0.99691600623528
K8B78_05760	cds	0.127432626852749	0.69851164813038	4.0804728567969	0.171183995738842	0.864079091295167	NA
K8B78_05765	cds	1.98934613267528	0.809925341103571	1.31369375284894	0.616525228461447	0.537547926452415	0.99691600623528
K8B78_05770	cds	0.275824951010593	1.50446712001198	4.04727167565451	0.371723778530059	0.710098518947046	NA
K8B78_05775	cds	0	NA	NA	NA	NA	NA
K8B78_05780	cds	2.15023225350899	-0.996296649588037	1.2267635220883	-0.812134230965769	0.416714613113742	0.994504174645922
K8B78_05785	cds	0.137912475505296	0.69851164813038	4.0804728567969	0.171183995738842	0.864079091295167	NA
K8B78_05790	cds	0	NA	NA	NA	NA	NA
K8B78_05795	cds	0.167933342338746	-1.22504170351211	4.0804728567969	-0.300220525048105	0.764008950054848	NA
K8B78_05800	cds	5.48389227247171	-0.470471394363482	0.726769972446113	-0.647345669469531	0.517408250306302	0.99691600623528
K8B78_05805	cds	0.504647174593705	0.734113378816915	3.41676397976233	0.214856332824013	0.82987933111142	NA
K8B78_05810	cds	0	NA	NA	NA	NA	NA
K8B78_05815	cds	0.127432626852749	0.69851164813038	4.0804728567969	0.171183995738842	0.864079091295167	NA
K8B78_05820	cds	2.40271632638051	0.721939223314915	1.1267024760426	0.640754093175187	0.521682463246644	0.99691600623528
K8B78_05825	cds	5.72510637065327	0.0420825207254801	0.71675816925589	0.0587123000902362	0.953181262184667	0.99691600623528
K8B78_05830	cds	0	NA	NA	NA	NA	NA
K8B78_05835	cds	0.348233302317538	-2.0914301623042	4.0405079446271	-0.517615654013327	0.604726457624848	NA
K8B78_05840	cds	0	NA	NA	NA	NA	NA
K8B78_05845	cds	1.13851668564926	3.50771498459607	2.15590556517889	1.6270262674075	0.103731519113252	NA
K8B78_05850	cds	0.494167325941158	0.6925769161751	3.44810528973007	0.200857241290714	0.840810202785729	NA
K8B78_05855	cds	4.17343512981302	1.87805983062868	0.931141593742299	2.01694333412889	0.0437014271422157	0.577829981102629
K8B78_05860	cds	0.486145777822835	-1.13124141248384	3.47157849839712	-0.325857938400687	0.744531840479058	NA
K8B78_05865	cds	2.33736084050213	-0.516769561180991	1.22168359697229	-0.422997871512481	0.672296814008047	0.99691600623528
K8B78_05870	cds	2.01669010448382	-0.0851771191515112	1.26458312610204	-0.0673558877968439	0.94629838583476	0.99691600623528
K8B78_05875	cds	0.903559682935324	3.19342214567827	2.43138369424308	1.31341760382761	0.189042268824876	NA
K8B78_05880	cds	7.1392431286776	0.183432025950259	0.656101518732316	0.279578724805692	0.779800731572434	0.99691600623528
K8B78_05885	cds	2.51398354065981	-0.458847699943542	1.16091879113759	-0.395245303501302	0.692661861384677	0.99691600623528
K8B78_05890	cds	7.6017407730672	-0.603626000827841	0.660833838364582	-0.913430829029098	0.361015997633283	0.977226285358722
K8B78_05895	cds	0.759512428299204	1.59906147093885	2.58587149501863	0.618383966109396	0.536322264531282	NA
K8B78_05900	cds	1.5527622398668	0.215651065840001	1.63756397736762	0.131690162229057	0.895229367149636	0.99691600623528
K8B78_05905	cds	0.127432626852749	0.69851164813038	4.0804728567969	0.171183995738842	0.864079091295167	NA
K8B78_05910	cds	0.842400628258696	-0.790726897683001	2.45960466860959	-0.321485362170009	0.747842603316925	NA
K8B78_05915	cds	0.679357565005221	-0.169084232480076	2.77145249827401	-0.0610092478891043	0.951351844026682	NA
K8B78_05920	cds	1.30955059746418	0.550716802062214	1.82367649259037	0.301981631226693	0.762666065809939	NA
K8B78_05925	cds	0.998609621899343	-2.45458875276161	2.25235690301713	-1.08978676934973	0.275807083408097	NA
K8B78_05930	cds	0.137912475505296	0.69851164813038	4.0804728567969	0.171183995738842	0.864079091295167	NA
K8B78_05935	cds	0.573077689189587	1.06543145367017	3.18855300769029	0.334142619269779	0.738271940933396	NA
K8B78_05940	cds	0	NA	NA	NA	NA	NA
K8B78_05945	cds	0	NA	NA	NA	NA	NA
K8B78_05950	cds	1.24259767448421	-0.400945907502023	1.78357585342303	-0.224798909859947	0.822135714181029	NA
K8B78_05955	cds	1.39062276583139	-0.915550514156958	1.67317005829503	-0.547195133942278	0.58424467889012	NA
K8B78_05960	cds	0.314509634904312	-0.263261024083251	4.0804728567969	-0.0645172834919693	0.948558345545108	NA
K8B78_05965	cds	0.127432626852749	0.69851164813038	4.0804728567969	0.171183995738842	0.864079091295167	NA
K8B78_05970	cds	9.05265905796641	0.243127350597952	0.633162288601093	0.383988994567439	0.700986604460253	0.99691600623528
K8B78_05975	cds	4.3868043672604	-0.675339233973574	0.839997324676604	-0.803977839136067	0.42140977363039	0.994504174645922
K8B78_05980	cds	2.51914915197557	1.93375233461904	1.21927171503094	1.58598966151689	0.112741654808835	0.778968558238482
K8B78_05985	cds	1.1680323807575	-1.68270988732963	1.93001760641114	-0.87186245438383	0.383283418370842	NA
K8B78_05990	cds	0.307732586831542	-0.263261024083251	4.0804728567969	-0.0645172834919692	0.948558345545108	NA
K8B78_05995	cds	0	NA	NA	NA	NA	NA
K8B78_06000	cds	0.186434739109616	0.69851164813038	4.0804728567969	0.171183995738842	0.864079091295167	NA
K8B78_06005	cds	0	NA	NA	NA	NA	NA
K8B78_06010	cds	0.76693174531392	0.126787827929227	2.74221400953214	0.0462355700497857	0.963122491978418	NA
K8B78_06015	cds	0.167933342338746	-1.22504170351211	4.0804728567969	-0.300220525048105	0.764008950054848	NA
K8B78_06020	cds	1.13153475894097	0.265803470581521	2.13463633988865	0.124519322385089	0.900904102388189	NA
K8B78_06025	cds	0.127432626852749	0.69851164813038	4.0804728567969	0.171183995738842	0.864079091295167	NA
K8B78_06030	cds	1.43559086717591	-1.30781295682718	1.71831675497023	-0.761101207355587	0.44659661939481	NA
K8B78_06035	cds	5.61483416104689	1.30717095868299	0.766809369320926	1.70468829800633	0.0882525734666203	0.756487202558955
K8B78_06040	cds	1.7103498747933	1.91786025946932	1.5440957549855	1.2420604442937	0.21421426149989	0.977226285358722
K8B78_06045	cds	9.29914898479973	-0.360610006319371	0.600906419050693	-0.600110091832702	0.548432867309026	0.99691600623528
K8B78_06050	cds	0.167933342338746	-1.22504170351211	4.0804728567969	-0.300220525048105	0.764008950054848	NA
K8B78_06055	cds	0.313867365962366	1.65967099818041	4.03330497508829	0.411491570419634	0.680712121089506	NA
K8B78_06060	cds	0.413737426515889	2.08394723742054	4.00152043369365	0.520788853125242	0.602513869088731	NA
K8B78_06065	cds	0	NA	NA	NA	NA	NA
K8B78_06070	cds	0.836413706223333	0.310687838560645	2.6251354237866	0.118351166094318	0.905789417557164	NA
K8B78_06075	cds	0	NA	NA	NA	NA	NA
K8B78_06080	cds	0.68124433399272	-0.244709610372793	2.76791430358191	-0.0884093882733718	0.929551299753454	NA
K8B78_06085	cds	0.167933342338746	-1.22504170351211	4.0804728567969	-0.300220525048105	0.764008950054848	NA
K8B78_06090	cds	0.392777729210795	2.01616148884186	4.00601077044006	0.503284090926291	0.614764550031466	NA
K8B78_06095	cds	0.137912475505296	0.69851164813038	4.0804728567969	0.171183995738842	0.864079091295167	NA
K8B78_06100	cds	2.76651281016789	0.680401945205231	1.03402733632544	0.658011564397449	0.510530700202138	0.99691600623528
K8B78_06105	cds	1.56940318963334	-0.341771814097209	1.51707245713366	-0.225283777640357	0.821758518888397	0.99691600623528
K8B78_06110	cds	8.29307428164859	0.714638724671552	0.641899250930808	1.1133191441418	0.265571387223174	0.977226285358722
K8B78_06115	cds	0.186434739109616	0.69851164813038	4.0804728567969	0.171183995738842	0.864079091295167	NA
K8B78_06120	cds	0	NA	NA	NA	NA	NA
K8B78_06125	cds	0	NA	NA	NA	NA	NA
K8B78_06130	cds	0.632079801446454	1.22979068578696	2.84596480494404	0.432117320513084	0.665656146728562	NA
K8B78_06135	cds	0	NA	NA	NA	NA	NA
K8B78_06140	cds	0.318212435484088	-0.263261024083251	4.0804728567969	-0.0645172834919692	0.948558345545108	NA
K8B78_06145	cds	0.456124910989385	0.543783129069735	3.8779984063521	0.140222628296862	0.888484093738356	NA
K8B78_06150	cds	2.93295673598722	0.16941658645445	1.04102661287932	0.162739918805601	0.870723215278963	0.99691600623528
K8B78_06155	cds	0	NA	NA	NA	NA	NA
K8B78_06160	cds	0.904599304345358	0.74007848834085	2.50343097033785	0.295625682157705	0.767515958298251	NA
K8B78_06165	cds	0.307732586831542	-0.263261024083251	4.0804728567969	-0.0645172834919692	0.948558345545108	NA
K8B78_06170	cds	2.45200317526357	0.830185991946764	1.10485028292845	0.751401348014614	0.452411151713965	0.995826338602843
K8B78_06175	cds	0	NA	NA	NA	NA	NA
K8B78_06180	cds	0	NA	NA	NA	NA	NA
K8B78_06185	cds	0	NA	NA	NA	NA	NA
K8B78_06190	cds	0	NA	NA	NA	NA	NA
K8B78_06195	cds	0.180299959978792	-1.22504170351211	4.0804728567969	-0.300220525048105	0.764008950054848	NA
K8B78_06200	cds	0	NA	NA	NA	NA	NA
K8B78_06205	cds	0	NA	NA	NA	NA	NA
K8B78_06210	cds	7.94859250012434	-0.979558167037328	1.31017961048159	-0.747651817507116	0.454670200821051	0.995826338602843
K8B78_06215	cds	1.83997062874801	-0.496396786277107	1.31258317450574	-0.378183109397259	0.705294572088493	0.99691600623528
K8B78_06220	cds	0.186434739109616	0.69851164813038	4.0804728567969	0.171183995738842	0.864079091295167	NA
K8B78_06225	cds	0	NA	NA	NA	NA	NA
K8B78_06230	cds	0	NA	NA	NA	NA	NA
K8B78_06235	cds	0	NA	NA	NA	NA	NA
K8B78_06240	cds	0	NA	NA	NA	NA	NA
K8B78_06245	cds	0	NA	NA	NA	NA	NA
K8B78_06250	cds	0	NA	NA	NA	NA	NA
K8B78_06255	cds	0	NA	NA	NA	NA	NA
K8B78_06260	cds	0	NA	NA	NA	NA	NA
K8B78_06265	cds	0	NA	NA	NA	NA	NA
K8B78_06270	cds	0	NA	NA	NA	NA	NA
K8B78_06275	cds	0	NA	NA	NA	NA	NA
K8B78_06280	cds	1.35048928315605	0.586655889123766	1.76345083145715	0.332674934088754	0.739379672526232	NA
K8B78_06285	cds	8.44714759082857	1.56908668876042	0.662766920638372	2.36747888269542	0.0179097420715413	0.333009266642722
K8B78_06290	cds	0	NA	NA	NA	NA	NA
K8B78_06295	cds	0	NA	NA	NA	NA	NA
K8B78_06300	cds	0	NA	NA	NA	NA	NA
K8B78_06305	cds	0.318212435484088	-0.263261024083251	4.0804728567969	-0.0645172834919692	0.948558345545108	NA
K8B78_06310	cds	0	NA	NA	NA	NA	NA
K8B78_06315	cds	0	NA	NA	NA	NA	NA
K8B78_06320	cds	0	NA	NA	NA	NA	NA
K8B78_06325	cds	0	NA	NA	NA	NA	NA
K8B78_06330	cds	0	NA	NA	NA	NA	NA
K8B78_06335	cds	0	NA	NA	NA	NA	NA
K8B78_06340	cds	0	NA	NA	NA	NA	NA
K8B78_06345	cds	2.92548204235667	0.0919003123893637	1.04935074077026	0.087578260364981	0.930211881490322	0.99691600623528
K8B78_06350	cds	0.579212468320412	2.55979681519694	3.11456295519268	0.821879940146717	0.411145230832722	NA
K8B78_06355	cds	0	NA	NA	NA	NA	NA
K8B78_06360	cds	0	NA	NA	NA	NA	NA
K8B78_06365	cds	0.137912475505296	0.69851164813038	4.0804728567969	0.171183995738842	0.864079091295167	NA
K8B78_06370	cds	0.127432626852749	0.69851164813038	4.0804728567969	0.171183995738842	0.864079091295167	NA
K8B78_06375	cds	1.12254432680784	1.04556352170528	2.06635951018214	0.505993035845499	0.612861538572152	NA
K8B78_06380	cds	0	NA	NA	NA	NA	NA
K8B78_06385	cds	1.92547899829154	3.22876027309635	1.61941942934249	1.99377642048378	0.0461764935291992	0.597282905432034
K8B78_06390	cds	1.29931566528549	0.418296606827358	1.96784160883062	0.21256619686781	0.831665339843758	NA
K8B78_06395	cds	0.551649902021186	2.49715525658985	3.82257346287055	0.65326547176797	0.513585148096308	NA
K8B78_06400	cds	1.37518190069835	-0.855618153075035	1.76698871492401	-0.484223892234554	0.628226982432692	NA
K8B78_06405	cds	1.2261873454369	-3.90755204319496	2.05562025240516	-1.90091143469858	0.0573136140931194	NA
K8B78_06410	cds	0.307732586831542	-0.263261024083251	4.0804728567969	-0.0645172834919692	0.948558345545108	NA
K8B78_06415	cds	0.422798596044245	0.465810818510839	4.00720054546837	0.116243450564911	0.907459601572199	NA
K8B78_06420	cds	1.12038252168905	3.52173843425321	2.14702636279645	1.64028653549751	0.100945603856666	NA
K8B78_06425	cds	1.40914562188641	2.69979645725557	3.93881856430649	0.685433058968769	0.493070688849405	NA
K8B78_06430	cds	0.127432626852749	0.69851164813038	4.0804728567969	0.171183995738842	0.864079091295167	NA
K8B78_06435	cds	1.82466579580693	-0.34840016991556	1.36760414480064	-0.254752203874278	0.798914493218814	0.99691600623528
K8B78_06440	cds	1.90408239580534	-0.806419149837431	1.40508500710719	-0.573929083121953	0.566015791600319	0.99691600623528
K8B78_06445	cds	2.30964963588293	-0.267171621841524	1.13430174084033	-0.235538404131862	0.813790874958331	0.99691600623528
K8B78_06450	cds	0	NA	NA	NA	NA	NA
K8B78_06455	cds	0.265345102358046	1.46627794599376	4.04952495999157	0.362086407783695	0.717287460514729	NA
K8B78_06460	cds	0.621599952793907	1.20127656088624	3.07216549898006	0.391019481627882	0.695782835742964	NA
K8B78_06465	cds	8.95184959268274	-1.73899005588987	0.645927720249732	-2.69223630039834	0.00709746381199602	0.236447289229257
K8B78_06470	cds	0.186434739109616	0.69851164813038	4.0804728567969	0.171183995738842	0.864079091295167	NA
K8B78_06475	cds	0	NA	NA	NA	NA	NA
K8B78_06480	cds	9.82811050044609	-1.09146708731845	0.601759940504625	-1.81379153687627	0.0697098259532327	0.691289107369558
K8B78_06485	cds	0.167933342338746	-1.22504170351211	4.0804728567969	-0.300220525048105	0.764008950054848	NA
K8B78_06490	cds	0.945344936305213	-0.378953443563039	2.2616849582477	-0.167553594138347	0.866934481464411	NA
K8B78_06495	cds	1.10650123057119	-0.754292499753391	1.9337016126512	-0.390076987482686	0.696479618975372	NA
K8B78_06500	cds	0	NA	NA	NA	NA	NA
K8B78_06505	cds	0.180299959978792	-1.22504170351211	4.0804728567969	-0.300220525048105	0.764008950054848	NA
K8B78_06510	cds	1.98249834720729	0.87258196443994	1.32348222248922	0.659307657944038	0.509698225843162	0.99691600623528
K8B78_06515	cds	1.21004776972131	1.27838188843311	1.86986876701595	0.683674657271926	0.494180629844368	NA
K8B78_06520	cds	7.63240497386736	-1.67005932194853	0.68753200132638	-2.42906412898115	0.0151378545064751	0.321679408262595
K8B78_06525	cds	0.180299959978792	-1.22504170351211	4.0804728567969	-0.300220525048105	0.764008950054848	NA
K8B78_06530	cds	1.81861357897482	-0.0176823968964545	1.35429664615886	-0.0130565167879626	0.989582702815205	0.99691600623528
K8B78_06535	cds	3.77960701931347	0.163679145012259	0.912561620153429	0.17936229334819	0.857653236774548	0.99691600623528
K8B78_06540	cds	0.254865253705499	1.4271214034099	4.05189147764595	0.352211161449719	0.724679906979001	NA
K8B78_06545	cds	0.62594502231563	-0.393475953600981	3.08321277521679	-0.12761881267611	0.898450642508201	NA
K8B78_06550	cds	0.751490880180881	0.236051849624386	2.59854477456757	0.0908400162793684	0.927619713086922	NA
K8B78_06555	cds	0.186434739109616	0.69851164813038	4.0804728567969	0.171183995738842	0.864079091295167	NA
K8B78_06560	cds	0	NA	NA	NA	NA	NA
K8B78_06565	cds	2.01194768249401	0.870683873952535	1.24969998428627	0.696714319357058	0.485981595666244	0.99691600623528
K8B78_06570	cds	1.00824290287388	0.887779034836574	2.34001188440798	0.379390823077457	0.704397664222664	NA
K8B78_06575	cds	0.590731938382992	-0.352725095080504	3.42360739769187	-0.103027320047943	0.917941288063123	NA
K8B78_06580	cds	0.127432626852749	0.69851164813038	4.0804728567969	0.171183995738842	0.864079091295167	NA
K8B78_06585	cds	0.728644413888288	0.240354438597876	2.81726564594796	0.0853147941315279	0.93201113039813	NA
K8B78_06590	cds	2.25425326482744	0.617719122450516	1.21719210584828	0.50749517638386	0.611807420043959	0.99691600623528
K8B78_06595	cds	0.494167325941158	0.6925769161751	3.44810528973007	0.200857241290714	0.840810202785729	NA
K8B78_06600	cds	0.307732586831542	-0.263261024083251	4.0804728567969	-0.0645172834919692	0.948558345545108	NA
K8B78_06605	cds	0.939812388277996	0.693198876776213	2.29053044041839	0.302636832300553	0.762166641843672	NA
K8B78_06610	cds	0	NA	NA	NA	NA	NA
K8B78_06615	cds	0	NA	NA	NA	NA	NA
K8B78_06620	cds	0	NA	NA	NA	NA	NA
K8B78_06625	cds	0	NA	NA	NA	NA	NA
K8B78_06630	cds	0	NA	NA	NA	NA	NA
K8B78_06635	cds	0	NA	NA	NA	NA	NA
K8B78_06640	cds	0	NA	NA	NA	NA	NA
K8B78_06645	cds	0.137912475505296	0.69851164813038	4.0804728567969	0.171183995738842	0.864079091295167	NA
K8B78_06650	cds	2.08450389089642	0.898513165540956	1.26843765284879	0.708362104769583	0.478720419055049	0.995826338602843
K8B78_06655	cds	0.187077008051562	-1.22504170351211	4.0804728567969	-0.300220525048106	0.764008950054848	NA
K8B78_06660	cds	0.265345102358046	1.46627794599376	4.04952495999157	0.362086407783695	0.717287460514729	NA
K8B78_06665	cds	0	NA	NA	NA	NA	NA
K8B78_06670	cds	0	NA	NA	NA	NA	NA
K8B78_06675	cds	0	NA	NA	NA	NA	NA
K8B78_06680	cds	0	NA	NA	NA	NA	NA
K8B78_06685	cds	0.180299959978792	-1.22504170351211	4.0804728567969	-0.300220525048105	0.764008950054848	NA
K8B78_06690	cds	0	NA	NA	NA	NA	NA
K8B78_06695	cds	0.180299959978792	-1.22504170351211	4.0804728567969	-0.300220525048105	0.764008950054848	NA
K8B78_06700	cds	0.313867365962366	1.65967099818041	4.03330497508829	0.411491570419634	0.680712121089506	NA
K8B78_06705	cds	0	NA	NA	NA	NA	NA
K8B78_06710	cds	0	NA	NA	NA	NA	NA
K8B78_06715	cds	0	NA	NA	NA	NA	NA
K8B78_06720	cds	0.137912475505296	0.69851164813038	4.0804728567969	0.171183995738842	0.864079091295167	NA
K8B78_06725	cds	1.31183471891976	-0.17731181473875	1.80817102139952	-0.0980614182177921	0.921883523624049	NA
K8B78_06730	cds	0.441942261757061	0.466636572070784	3.93136025806872	0.118695957999031	0.905516238959443	NA
K8B78_06735	cds	0	NA	NA	NA	NA	NA
K8B78_06740	cds	0	NA	NA	NA	NA	NA
K8B78_06745	cds	0	NA	NA	NA	NA	NA
K8B78_06750	cds	0	NA	NA	NA	NA	NA
K8B78_06755	cds	0.561231024154687	-2.76875688547317	3.79276836737113	-0.730009485760469	0.465384386405062	NA
K8B78_06760	cds	0	NA	NA	NA	NA	NA
K8B78_06765	cds	0	NA	NA	NA	NA	NA
K8B78_06770	cds	0.324989483556859	-0.263261024083251	4.0804728567969	-0.0645172834919693	0.948558345545108	NA
K8B78_06775	cds	0.295365969191496	-0.263261024083251	4.0804728567969	-0.0645172834919692	0.948558345545108	NA
K8B78_06780	cds	8.85164777055708	-0.623480788445127	0.671892125563998	-0.927947753401286	0.353434671840164	0.977226285358722
K8B78_06785	cds	0.498512395462881	-1.17323735060797	3.72379865733845	-0.315064658046397	0.752712561745673	NA
K8B78_06790	cds	0.265345102358046	1.46627794599376	4.04952495999157	0.362086407783695	0.717287460514729	NA
K8B78_06795	cds	0.452422110409608	0.509052668131472	3.5805595003791	0.142171263479234	0.886944729614482	NA
K8B78_06800	cds	2.62357402338536	0.493228930182485	1.17635870627691	0.419284464467067	0.675008249046703	0.99691600623528
K8B78_06805	cds	0.275824951010593	1.50446712001198	4.04727167565451	0.371723778530059	0.710098518947046	NA
K8B78_06810	cds	0.786606904735122	2.98839874290574	2.86913614669986	1.04156742312248	0.297612278783617	NA
K8B78_06815	cds	0.422798596044245	0.465810818510839	4.00720054546837	0.116243450564911	0.907459601572199	NA
K8B78_06820	cds	0.275824951010593	1.50446712001198	4.04727167565451	0.371723778530059	0.710098518947046	NA
K8B78_06825	cds	1.66003790157987	0.448151728464095	1.47182655932534	0.304486779114463	0.760757063627185	0.99691600623528
K8B78_06830	cds	3.68043022674402	-1.20320354713484	1.0298347503812	-1.16834622903283	0.242667135047545	0.977226285358722
K8B78_06835	cds	4.33706908439193	-0.830377602605275	0.899934288742232	-0.922709149982305	0.356158796228021	0.977226285358722
K8B78_06840	cds	0.510781953724529	2.35454080487821	3.62570551032311	0.649402108961792	0.516078501202484	NA
K8B78_06845	cds	0	NA	NA	NA	NA	NA
K8B78_06850	cds	0	NA	NA	NA	NA	NA
K8B78_06855	cds	1.87150616905927	1.35000304354881	1.38058713767593	0.977847038196663	0.328149982575666	0.977226285358722
K8B78_06860	cds	1.01735593514407	-1.37577552340127	2.34635160188828	-0.586346701958088	0.557642553029742	NA
K8B78_06865	cds	0.462259690120209	2.2258019220326	3.79437564664192	0.58660557870765	0.55746863508745	NA
K8B78_06870	cds	0.373511747161178	-0.263261024083251	4.0804728567969	-0.0645172834919693	0.948558345545108	NA
K8B78_06875	cds	0.355010350390309	-2.11530586616368	4.03834902213065	-0.523804617820684	0.600414441228318	NA
K8B78_06880	cds	54.6772669580525	-0.262520921390358	0.332335028118657	-0.789928533493699	0.429569506485365	0.994504174645922
K8B78_06885	cds	5.88176515940329	0.259601925900374	0.706091262256053	0.36766058408783	0.713126334354018	0.99691600623528
K8B78_06890	cds	2.61797959111906	3.68038173422761	1.466018047262	2.51046141014516	0.0120573499841084	0.298921801689353
K8B78_06895	cds	0.859657524984013	-0.773633878533963	2.30682279035109	-0.335367710848832	0.737347722022481	NA
K8B78_06900	cds	0.736665962006611	1.57552911350041	2.81644475608648	0.55940352108651	0.575886358874621	NA
K8B78_06905	cds	0.137912475505296	0.69851164813038	4.0804728567969	0.171183995738842	0.864079091295167	NA
K8B78_06910	cds	0.127432626852749	0.69851164813038	4.0804728567969	0.171183995738842	0.864079091295167	NA
K8B78_06915	cds	0.186434739109616	0.69851164813038	4.0804728567969	0.171183995738842	0.864079091295167	NA
K8B78_06920	cds	2.62234323919496	-0.312156574309895	1.06734549955719	-0.292460664742016	0.769934430768659	0.99691600623528
K8B78_06925	cds	0.579212468320412	2.55979681519694	3.11456295519268	0.821879940146717	0.411145230832722	NA
K8B78_06930	cds	0	NA	NA	NA	NA	NA
K8B78_06935	cds	0	NA	NA	NA	NA	NA
K8B78_06940	cds	0.167933342338746	-1.22504170351211	4.0804728567969	-0.300220525048105	0.764008950054848	NA
K8B78_06945	cds	0.265345102358046	1.46627794599376	4.04952495999157	0.362086407783695	0.717287460514729	NA
K8B78_06950	cds	1.01033397059744	-1.19925668396277	2.20232568215491	-0.544541024826689	0.586069225475786	NA
K8B78_06955	cds	0.275824951010593	1.50446712001198	4.04727167565451	0.371723778530059	0.710098518947046	NA
K8B78_06960	cds	1.12500262734206	0.139014085356672	1.83762428049462	0.0756488074478718	0.939698504955442	NA
K8B78_06965	cds	0.764595761116497	2.97757375746527	3.20266337078997	0.929717991788448	0.352517116517459	NA
K8B78_06970	cds	0.392777729210795	2.01616148884186	4.00601077044006	0.503284090926291	0.614764550031466	NA
K8B78_06975	cds	0.65596588914908	-1.72999106632451	2.9932129894474	-0.577971254442503	0.563283526705327	NA
K8B78_06980	cds	1.22144492344709	-1.53020138260153	1.96964843651526	-0.77689061369185	0.437223309503395	NA
K8B78_06985	cds	0.127432626852749	0.69851164813038	4.0804728567969	0.171183995738842	0.864079091295167	NA
K8B78_06990	cds	0.187077008051562	-1.22504170351211	4.0804728567969	-0.300220525048106	0.764008950054848	NA
K8B78_06995	cds	0.717767212767654	1.49637516697409	2.82986943377046	0.528778871956771	0.596958855966235	NA
K8B78_07005	cds	0.788288795087101	-0.929359968490231	2.54514055268588	-0.36515074482212	0.714998883305119	NA
K8B78_07010	cds	1.39126503477334	-1.83386230839698	1.74685538997656	-1.04980773962153	0.293806516128833	NA
K8B78_07015	cds	0.992949894836301	3.34393174108403	2.31712918430318	1.44313565412609	0.148982261327173	NA
K8B78_07020	cds	0.372869478219233	1.88438229328003	4.01534856034508	0.469294823341086	0.638858914945502	NA
K8B78_07025	cds	10.9303900000141	-0.141906922179019	0.614900295497543	-0.230780377271077	0.817485426440172	0.99691600623528
K8B78_07030	cds	0.137912475505296	0.69851164813038	4.0804728567969	0.171183995738842	0.864079091295167	NA
K8B78_07035	cds	0	NA	NA	NA	NA	NA
K8B78_07040	cds	0.451779841467662	2.19438269905978	3.5176110788112	0.623827549406454	0.532740844974173	NA
K8B78_07045	cds	0.992949894836301	3.34393174108403	2.31712918430318	1.44313565412609	0.148982261327173	NA
K8B78_07050	cds	1.1373692449821	0.117582958501224	1.90367778134442	0.0617662083644134	0.950749013903991	NA
K8B78_07055	cds	0.265345102358046	1.46627794599376	4.04952495999157	0.362086407783695	0.717287460514729	NA
K8B78_07060	cds	0.137912475505296	0.69851164813038	4.0804728567969	0.171183995738842	0.864079091295167	NA
K8B78_07065	cds	0.668877716352674	-0.207450822647699	2.79165428676526	-0.0743110719802186	0.940762867225562	NA
K8B78_07070	cds	0.180299959978792	-1.22504170351211	4.0804728567969	-0.300220525048105	0.764008950054848	NA
K8B78_07075	cds	11.0095104006963	0.356884143303319	0.540917682466441	0.6597753315736	0.509398015963039	0.99691600623528
K8B78_07080	cds	0	NA	NA	NA	NA	NA
K8B78_07085	cds	0.737308230948557	0.150694308260531	2.8185441495898	0.0534652999075649	0.95736117774985	NA
K8B78_07090	cds	0.187077008051562	-1.22504170351211	4.0804728567969	-0.300220525048106	0.764008950054848	NA
K8B78_07095	cds	0.698623547054838	1.49562643293454	2.86819726851908	0.521451731842269	0.602052121915466	NA
K8B78_07100	cds	0.838422791547633	1.80824311989004	2.60389785327037	0.694437040845889	0.487408171237564	NA
K8B78_07105	cds	0	NA	NA	NA	NA	NA
K8B78_07110	cds	3.00164885465948	-1.06288842242578	1.05347113308313	-1.00893929510445	0.313003748301452	0.977226285358722
K8B78_07115	cds	0.649734050639859	-0.1423750503028	3.02783731816896	-0.0470220277187479	0.962495671364055	NA
K8B78_07120	cds	0	NA	NA	NA	NA	NA
K8B78_07125	cds	0.372869478219233	1.88438229328003	4.01534856034508	0.469294823341086	0.638858914945502	NA
K8B78_07130	cds	22.8156442898431	0.254898300078554	0.4275763752106	0.596146828629166	0.55107714284085	0.99691600623528
K8B78_07135	cds	0	NA	NA	NA	NA	NA
K8B78_07140	cds	1.13302417546038	1.06179947204183	1.95000313707518	0.544511673778345	0.586089417394065	NA
K8B78_07145	cds	8.702607817334	0.0363220854096416	0.601628872152055	0.0603729094312176	0.951858634431458	0.99691600623528
K8B78_07150	cds	0.314509634904312	-0.263261024083251	4.0804728567969	-0.0645172834919693	0.948558345545108	NA
K8B78_07155	cds	0.392777729210795	2.01616148884186	4.00601077044006	0.503284090926291	0.614764550031466	NA
K8B78_07160	cds	0	NA	NA	NA	NA	NA
K8B78_07165	cds	0.127432626852749	0.69851164813038	4.0804728567969	0.171183995738842	0.864079091295167	NA
K8B78_07170	cds	1.39054078343213	1.56155064626985	1.93761039005687	0.805915706420226	0.420291454290331	NA
K8B78_07175	cds	0	NA	NA	NA	NA	NA
K8B78_07180	cds	4.89504603805144	0.580245851008958	0.797183888188505	0.727869516188405	0.466693465318195	0.995826338602843
K8B78_07185	cds	0	NA	NA	NA	NA	NA
K8B78_07190	cds	0	NA	NA	NA	NA	NA
K8B78_07195	cds	0	NA	NA	NA	NA	NA
K8B78_07200	cds	1.23967128408668	1.24963859900524	1.94709981596834	0.641794831860618	0.521006405722637	NA
K8B78_07205	cds	0.186434739109616	0.69851164813038	4.0804728567969	0.171183995738842	0.864079091295167	NA
K8B78_07210	cds	0	NA	NA	NA	NA	NA
K8B78_07215	cds	0	NA	NA	NA	NA	NA
K8B78_07220	cds	2.03105073046904	-0.114771465443857	1.34038745042956	-0.0856255893824405	0.931764055776048	0.99691600623528
K8B78_07225	cds	0.127432626852749	0.69851164813038	4.0804728567969	0.171183995738842	0.864079091295167	NA
K8B78_07230	cds	2.00392613437569	0.366098216865458	1.23199284964376	0.297159368231171	0.766344840905321	0.99691600623528
K8B78_07235	cds	1.48587272073191	1.68588005509718	1.68364668922109	1.00132650507401	0.316668982850607	NA
K8B78_07240	cds	0	NA	NA	NA	NA	NA
K8B78_07245	cds	0	NA	NA	NA	NA	NA
K8B78_07250	cds	0	NA	NA	NA	NA	NA
K8B78_07255	cds	0.186434739109616	0.69851164813038	4.0804728567969	0.171183995738842	0.864079091295167	NA
K8B78_07260	cds	0.94594716740882	1.98528680702702	2.30035678146523	0.863034301036761	0.388118608048719	NA
K8B78_07265	cds	0.878158921754883	0.439065355281916	2.41294148955316	0.181962702859912	0.855611996006047	NA
K8B78_07270	cds	0.127432626852749	0.69851164813038	4.0804728567969	0.171183995738842	0.864079091295167	NA
K8B78_07275	cds	0.127432626852749	0.69851164813038	4.0804728567969	0.171183995738842	0.864079091295167	NA
K8B78_07280	cds	0	NA	NA	NA	NA	NA
K8B78_07285	cds	0.335866684677493	-2.0464605018051	4.04466926930001	-0.505964855356212	0.612881321734113	NA
K8B78_07290	cds	1.93974362992313	0.808217317067383	1.41772102468463	0.570082056339095	0.568622044794953	0.99691600623528
K8B78_07295	cds	0.462259690120209	2.2258019220326	3.79437564664192	0.58660557870765	0.55746863508745	NA
K8B78_07300	cds	2.56757542122626	0.481318052095657	1.07683715558771	0.446973852636952	0.654893939047814	0.99691600623528
K8B78_07305	cds	2.06943025857404	1.54756020550522	1.32129582714629	1.17124429950529	0.241500593467059	0.977226285358722
K8B78_07310	cds	1.43000129760864	-1.30321101965301	1.75416612062155	-0.742923377856168	0.457528071118362	NA
K8B78_07315	cds	0.348233302317538	-2.0914301623042	4.0405079446271	-0.517615654013327	0.604726457624848	NA
K8B78_07320	cds	0.313867365962366	1.65967099818041	4.03330497508829	0.411491570419634	0.680712121089506	NA
K8B78_07325	cds	0	NA	NA	NA	NA	NA
K8B78_07330	cds	0.265345102358046	1.46627794599376	4.04952495999157	0.362086407783695	0.717287460514729	NA
K8B78_07335	cds	0	NA	NA	NA	NA	NA
K8B78_07340	cds	0	NA	NA	NA	NA	NA
K8B78_07345	cds	9.11261690251145	0.0939078928604996	0.586374800784369	0.160149946305474	0.872762957423156	0.99691600623528
K8B78_07350	cds	1.02731583119147	0.979307361276016	2.19510017895412	0.446133333988711	0.655500935355179	NA
K8B78_07355	cds	0.186434739109616	0.69851164813038	4.0804728567969	0.171183995738842	0.864079091295167	NA
K8B78_07360	cds	0.295365969191496	-0.263261024083251	4.0804728567969	-0.0645172834919692	0.948558345545108	NA
K8B78_07365	cds	0	NA	NA	NA	NA	NA
K8B78_07370	cds	2.8712780125057	-1.1430377046477	1.02569634584332	-1.11440165432968	0.265106913941549	0.977226285358722
K8B78_07375	cds	2.40691353880677	-0.503979940064608	1.11772179154144	-0.45089927017489	0.652062149555378	0.99691600623528
K8B78_07380	cds	1.612938114774	1.01527299542191	1.51045353381981	0.672164335207562	0.5014790831222	0.99691600623528
K8B78_07385	cds	0.275824951010593	1.50446712001198	4.04727167565451	0.371723778530059	0.710098518947046	NA
K8B78_07390	cds	1.82807906317574	4.20370920984521	1.65540535586481	2.53938359867702	0.0111047991243603	0.287276325173669
K8B78_07395	cds	0.366734699088408	-0.263261024083251	4.0804728567969	-0.0645172834919692	0.948558345545108	NA
K8B78_07400	cds	0.709103395707385	1.51960035528716	2.86782744759625	0.529878586858794	0.596196113532057	NA
K8B78_07405	cds	0.127432626852749	0.69851164813038	4.0804728567969	0.171183995738842	0.864079091295167	NA
K8B78_07410	cds	1.61728318429572	0.349684445103743	1.43669387420848	0.243395236369611	0.807699233701013	0.99691600623528
K8B78_07415	cds	0	NA	NA	NA	NA	NA
K8B78_07420	cds	0.127432626852749	0.69851164813038	4.0804728567969	0.171183995738842	0.864079091295167	NA
K8B78_07425	cds	0.367376968030354	-2.15873512061444	4.03450955624596	-0.535067544274974	0.592603151810088	NA
K8B78_07430	cds	0.314509634904312	-0.263261024083251	4.0804728567969	-0.0645172834919693	0.948558345545108	NA
K8B78_07435	cds	3.03765178082927	0.19743929893023	0.964949024377361	0.204611118248064	0.837875968079787	0.99691600623528
K8B78_07440	cds	0.433278444696792	0.508318354154505	3.64486435972284	0.139461528327808	0.88908545474744	NA
K8B78_07445	cds	0	NA	NA	NA	NA	NA
K8B78_07450	cds	0.137912475505296	0.69851164813038	4.0804728567969	0.171183995738842	0.864079091295167	NA
K8B78_07455	cds	2.90505870145899	-1.10194513537601	1.06283934156994	-1.03679370181039	0.299832011415499	0.977226285358722
K8B78_07460	cds	0.880810276021129	0.570807562271345	2.53418330412047	0.225243202156386	0.821790082371946	NA
K8B78_07465	cds	2.2713623044573	-0.242127539093285	1.15706779764511	-0.209259595320229	0.834245591734781	0.99691600623528
K8B78_07470	cds	1.26877970854592	-1.4147336890861	1.92270937209825	-0.735802149620875	0.461851112840096	NA
K8B78_07475	cds	0.445645062336838	0.508791661133043	3.60300484964475	0.141213149125572	0.887701558668137	NA
K8B78_07480	cds	18.119989264061	-0.946268835342507	0.461052109837076	-2.05241189694782	0.0401296493017772	0.56850336510851
K8B78_07485	cds	0	NA	NA	NA	NA	NA
K8B78_07490	cds	0	NA	NA	NA	NA	NA
K8B78_07495	cds	0	NA	NA	NA	NA	NA
K8B78_07500	cds	0	NA	NA	NA	NA	NA
K8B78_07505	cds	0	NA	NA	NA	NA	NA
K8B78_07510	cds	0	NA	NA	NA	NA	NA
K8B78_07515	cds	0	NA	NA	NA	NA	NA
K8B78_07520	cds	0.366734699088408	-0.263261024083251	4.0804728567969	-0.0645172834919692	0.948558345545108	NA
K8B78_07525	cds	0.382297880558248	1.98126111884408	4.00840382402356	0.494276825845189	0.62111068916803	NA
K8B78_07530	cds	0.632079801446454	1.22979068578696	2.84596480494404	0.432117320513084	0.665656146728562	NA
K8B78_07535	cds	0.180299959978792	-1.22504170351211	4.0804728567969	-0.300220525048105	0.764008950054848	NA
K8B78_07540	cds	0.265345102358046	1.46627794599376	4.04952495999157	0.362086407783695	0.717287460514729	NA
K8B78_07545	cds	1.75518411869777	-2.38207271192278	1.68968545310133	-1.40977287077343	0.158606759684856	0.875299394903004
K8B78_07550	cds	0.433278444696792	0.508318354154505	3.64486435972284	0.139461528327808	0.88908545474744	NA
K8B78_07555	cds	2.18665807290553	0.55283404445564	1.16528389800238	0.474420049400278	0.635200398547196	0.99691600623528
K8B78_07560	cds	9.62940398547986	0.557513735861881	0.646110649311497	0.862876562173946	0.388205338366379	0.981635578838079
K8B78_07565	cds	0.494809594883104	-1.19482002802744	3.44483788617959	-0.346843615724548	0.728708808105765	NA
K8B78_07570	cds	0.822859610077793	0.349000569279637	2.6484705378985	0.131774382340896	0.895162749756479	NA
K8B78_07575	cds	0.265345102358046	1.46627794599376	4.04952495999157	0.362086407783695	0.717287460514729	NA
K8B78_07580	cds	1.26319013897864	-1.41001022754481	1.90834593636229	-0.738865108614735	0.459988911193221	NA
K8B78_07585	cds	0.355010350390309	-2.11530586616368	4.03834902213065	-0.523804617820684	0.600414441228318	NA
K8B78_07590	cds	0.307732586831542	-0.263261024083251	4.0804728567969	-0.0645172834919692	0.948558345545108	NA
K8B78_07595	cds	0	NA	NA	NA	NA	NA
K8B78_07600	cds	1.29104920069331	-0.224616502305875	1.84382684729042	-0.121820822077712	0.903040923135268	NA
K8B78_07605	cds	8.26463366688996	1.07636631484238	0.702303648220846	1.53262241705444	0.125368914851982	0.822373419012514
K8B78_07610	cds	0.462901959062155	0.543958531667296	3.85275040483314	0.141187067551773	0.887722162333544	NA
K8B78_07615	cds	0.757625659311705	1.6210873614928	2.58973374199613	0.625966807013638	0.531336713216383	NA
K8B78_07620	cds	1.80202420814986	1.2998717889276	1.41719140201978	0.917216818472809	0.359029035385327	0.977226285358722
K8B78_07625	cds	0.629019269808623	-0.478036563658964	3.31746081725228	-0.144097124274373	0.8854237755205	NA
K8B78_07630	cds	0.137912475505296	0.69851164813038	4.0804728567969	0.171183995738842	0.864079091295167	NA
K8B78_07635	cds	0.167933342338746	-1.22504170351211	4.0804728567969	-0.300220525048105	0.764008950054848	NA
K8B78_07640	cds	0.187077008051562	-1.22504170351211	4.0804728567969	-0.300220525048106	0.764008950054848	NA
K8B78_07645	cds	0.313867365962366	1.65967099818041	4.03330497508829	0.411491570419634	0.680712121089506	NA
K8B78_07650	cds	1.65263230042032	0.405867123682254	1.52915073499672	0.265419957884743	0.790685963176195	0.99691600623528
K8B78_07655	cds	4.01845929643975	-0.638953755331468	0.873431032013305	-0.73154460044618	0.464446572598076	0.995826338602843
K8B78_07660	cds	4.01479357772188	0.620724249915565	0.9141541203064	0.67901487957798	0.497128434054761	0.99691600623528
K8B78_07665	cds	52.3349066904874	-0.49453166476897	0.388377251198421	-1.27332809334993	0.202901641747963	0.977226285358722
K8B78_07670	cds	6.03301313656345	0.0178023626841756	0.706487013022732	0.0251984287835773	0.979896690208592	0.99691600623528
K8B78_07675	cds	0.928607992185041	-3.49404991023537	2.63677887377682	-1.32512056471031	0.18513116637309	NA
K8B78_07680	cds	0.76015469724115	0.152651160684655	2.58251579056596	0.0591094781461921	0.952864909374647	NA
K8B78_07685	cds	1.53503725327817	0.900582056906197	1.56337797074643	0.576048833844205	0.564582174245726	0.99691600623528
K8B78_07690	cds	1.62135321768615	1.07166610709514	1.63641017358644	0.654888440803581	0.512539583041017	0.99691600623528
K8B78_07695	cds	16.6770789894346	1.04766504400852	0.497986593602365	2.10380170363595	0.0353957481421288	0.540012054988888
K8B78_07700	cds	4.84203781003441	2.15555074919433	0.898852311173743	2.39811448710585	0.0164797135174647	0.32533169980102
K8B78_07705	cds	5.13142868209404	3.06644880406519	1.07716337070241	2.8467815444426	0.00441636573807754	0.202133662627395
K8B78_07710	cds	0.581670768854636	1.12621249336149	3.44583368212115	0.326833096793062	0.743794125291756	NA
K8B78_07715	cds	0.498512395462881	-1.17323735060797	3.72379865733845	-0.315064658046397	0.752712561745673	NA
K8B78_07720	cds	2.75082731236125	-0.228798213987337	1.06990087479363	-0.213849917667811	0.830664096591449	0.99691600623528
K8B78_07725	cds	0.360599919957584	-2.13538510402601	4.03655995906709	-0.529011119785158	0.596797736081313	NA
K8B78_07730	cds	1.07031926262374	0.934716462548363	2.2612570629296	0.413361434165022	0.679341825765827	NA
K8B78_07735	cds	0	NA	NA	NA	NA	NA
K8B78_07740	cds	0.511424222666475	0.733802507615734	3.3970027590373	0.216014692853441	0.828976294695782	NA
K8B78_07745	cds	1.83383584961718	-1.08143255010566	1.34682626132517	-0.80294881467608	0.422004319862252	0.994504174645922
K8B78_07750	cds	0	NA	NA	NA	NA	NA
K8B78_07755	cds	0	NA	NA	NA	NA	NA
K8B78_07760	cds	0.167933342338746	-1.22504170351211	4.0804728567969	-0.300220525048105	0.764008950054848	NA
K8B78_07765	cds	0.186434739109616	0.69851164813038	4.0804728567969	0.171183995738842	0.864079091295167	NA
K8B78_07770	cds	0.186434739109616	0.69851164813038	4.0804728567969	0.171183995738842	0.864079091295167	NA
K8B78_07775	cds	0.127432626852749	0.69851164813038	4.0804728567969	0.171183995738842	0.864079091295167	NA
K8B78_07780	cds	0	NA	NA	NA	NA	NA
K8B78_07785	cds	0	NA	NA	NA	NA	NA
K8B78_07790	cds	0.668877716352674	-0.207450822647699	2.79165428676526	-0.0743110719802186	0.940762867225562	NA
K8B78_07795	cds	0	NA	NA	NA	NA	NA
K8B78_07800	cds	0.443758293349339	0.543465612909461	3.92506612144503	0.138460244004598	0.889876687614801	NA
K8B78_07805	cds	0.540899879936376	-2.72085188676932	3.86359718547871	-0.704227629369752	0.481291027250867	NA
K8B78_07810	cds	0	NA	NA	NA	NA	NA
K8B78_07815	cds	0	NA	NA	NA	NA	NA
K8B78_07820	cds	0	NA	NA	NA	NA	NA
K8B78_07825	cds	0.187077008051562	-1.22504170351211	4.0804728567969	-0.300220525048106	0.764008950054848	NA
K8B78_07830	cds	0	NA	NA	NA	NA	NA
K8B78_07835	cds	0.324347214614913	1.70326611696879	4.02960700440772	0.422687898622794	0.672522985931288	NA
K8B78_07840	cds	0.906660252411494	0.656506581848633	2.52551889059034	0.259949186796688	0.794902969470284	NA
K8B78_07845	cds	0.609875604095808	-0.411963270579506	3.12113629111055	-0.131991439064304	0.894991063140997	NA
K8B78_07850	cds	0.265345102358046	1.46627794599376	4.04952495999157	0.362086407783695	0.717287460514729	NA
K8B78_07855	cds	0.137912475505296	0.69851164813038	4.0804728567969	0.171183995738842	0.864079091295167	NA
K8B78_07860	cds	2.16383792859611	-0.324670286403953	1.22510500650148	-0.265014251579225	0.790998483060543	0.99691600623528
K8B78_07865	cds	0.186434739109616	0.69851164813038	4.0804728567969	0.171183995738842	0.864079091295167	NA
K8B78_07870	cds	0.348233302317538	-2.0914301623042	4.0405079446271	-0.517615654013327	0.604726457624848	NA
K8B78_07875	cds	0.307732586831542	-0.263261024083251	4.0804728567969	-0.0645172834919692	0.948558345545108	NA
K8B78_07880	cds	0.641712502521536	-1.67033432300782	3.27963129392823	-0.509305520440729	0.610538089027687	NA
K8B78_07885	cds	0.187077008051562	-1.22504170351211	4.0804728567969	-0.300220525048106	0.764008950054848	NA
K8B78_07890	cds	0.741011031528334	0.20643260043732	2.61563951258094	0.0789224200981829	0.937094330202389	NA
K8B78_07895	cds	0.445645062336838	0.508791661133043	3.60300484964475	0.141213149125572	0.887701558668137	NA
K8B78_07900	cds	0.747145810659158	1.59900816148998	2.60564962091496	0.613669677095149	0.539433629923415	NA
K8B78_07905	cds	10.605627688846	-0.967510053089228	0.619767341127535	-1.56108589285949	0.118503486140997	0.801245161976059
K8B78_07910	cds	0.541445089499925	-1.15377849417852	3.31219033254659	-0.348343053489753	0.72758256409	NA
K8B78_07915	cds	1.47050259299409	1.65265839510395	1.73089841732988	0.954798027751029	0.339679844975798	NA
K8B78_07920	cds	2.80508671882805	1.57719498141023	1.11778326958681	1.41100249424313	0.158243878567042	0.875299394903004
K8B78_07925	cds	1.35702141475497	0.682940569926861	1.70127115079455	0.401429583760299	0.68810387211142	NA
K8B78_07930	cds	0.186434739109616	0.69851164813038	4.0804728567969	0.171183995738842	0.864079091295167	NA
K8B78_07940	cds	0.97229155564567	-1.30468154378195	2.38470786118884	-0.547103301421385	0.584307764267591	NA
K8B78_07945	cds	0	NA	NA	NA	NA	NA
K8B78_07950	cds	1.14399843595941	-1.70855600253923	2.18643476578387	-0.781434703324745	0.434546866991245	NA
K8B78_07955	cds	0	NA	NA	NA	NA	NA
K8B78_07960	cds	0.865247094551289	-0.775370480277539	2.59816962216067	-0.2984295073209	0.765375370919842	NA
K8B78_07965	cds	0.186434739109616	0.69851164813038	4.0804728567969	0.171183995738842	0.864079091295167	NA
K8B78_07970	cds	0.186434739109616	0.69851164813038	4.0804728567969	0.171183995738842	0.864079091295167	NA
K8B78_07975	cds	2.60002826661076	0.50385216046446	1.06505919751615	0.473074324544124	0.63616015395036	0.99691600623528
K8B78_07980	cds	3.96284354966906	0.0399946926674264	0.881962845843152	0.045347366792069	0.963830433006028	0.99691600623528
K8B78_07985	cds	0.167933342338746	-1.22504170351211	4.0804728567969	-0.300220525048105	0.764008950054848	NA
K8B78_07990	cds	0	NA	NA	NA	NA	NA
K8B78_07995	cds	0.307732586831542	-0.263261024083251	4.0804728567969	-0.0645172834919692	0.948558345545108	NA
K8B78_08000	cds	0.127432626852749	0.69851164813038	4.0804728567969	0.171183995738842	0.864079091295167	NA
K8B78_08005	cds	0.167933342338746	-1.22504170351211	4.0804728567969	-0.300220525048105	0.764008950054848	NA
K8B78_08010	cds	2.06111221504028	0.376721960963712	1.20897358942719	0.311604789598589	0.755340893787718	0.99691600623528
K8B78_08015	cds	5.50204015228708	-0.717566339119607	0.779815985273389	-0.920173929068717	0.35748187593464	0.977226285358722
K8B78_08020	cds	0.921310991507126	-0.381053584142431	2.29334198581128	-0.166156459219767	0.86803382357687	NA
K8B78_08025	cds	1.12564489628401	-0.780869099339776	1.91669191859207	-0.407404597350926	0.68371085094172	NA
K8B78_08030	cds	0	NA	NA	NA	NA	NA
K8B78_08035	cds	0.324989483556859	-0.263261024083251	4.0804728567969	-0.0645172834919693	0.948558345545108	NA
K8B78_08040	cds	1.57508875355424	1.82651647987615	1.63821641036337	1.11494212139592	0.264875225013468	0.977226285358722
K8B78_08045	cds	2.91706693944451	0.0332303302712292	0.992027140472983	0.0334974003386495	0.973277938899334	0.99691600623528
K8B78_08050	cds	21.0204087838885	-0.485485622780283	0.432615913543539	-1.12220934917463	0.261773438445412	0.977226285358722
K8B78_08055	cds	0.885058286164454	1.91074096666953	2.3740721256256	0.804836949157988	0.42091377656815	NA
K8B78_08060	cds	0.167933342338746	-1.22504170351211	4.0804728567969	-0.300220525048105	0.764008950054848	NA
K8B78_08065	cds	0.127432626852749	0.69851164813038	4.0804728567969	0.171183995738842	0.864079091295167	NA
K8B78_08070	cds	1.70485736460442	0.478816191066361	1.37947429306255	0.347100481302445	0.728515831928279	0.99691600623528
K8B78_08075	cds	0.265345102358046	1.46627794599376	4.04952495999157	0.362086407783695	0.717287460514729	NA
K8B78_08080	cds	2.07584007383615	0.923990861615893	1.26612983341678	0.729775760138602	0.465527263516042	0.995826338602843
K8B78_08085	cds	1.21004776972131	1.27838188843311	1.86986876701595	0.683674657271926	0.494180629844368	NA
K8B78_08090	cds	0.137912475505296	0.69851164813038	4.0804728567969	0.171183995738842	0.864079091295167	NA
K8B78_08095	cds	2.09274481472994	0.958791476338199	1.28735138717554	0.744778376665125	0.456405708916013	0.995826338602843
K8B78_08100	cds	0	NA	NA	NA	NA	NA
K8B78_08105	cds	0.451779841467662	2.19438269905978	3.5176110788112	0.623827549406454	0.532740844974173	NA
K8B78_08110	cds	0.530690204716092	2.44835269074216	3.52273235897188	0.695015244205699	0.487045748224506	NA
K8B78_08115	cds	5.46717572261092	0.684198595449399	0.761219741025668	0.898818775413666	0.368749197683986	0.977226285358722
K8B78_08120	cds	3.27182857568671	-0.207465398502451	0.98219908245091	-0.211225404512451	0.832711388007073	0.99691600623528
K8B78_08125	cds	0	NA	NA	NA	NA	NA
K8B78_08130	cds	7.50356120999435	-0.141010588072266	0.668673762121968	-0.210880994679353	0.83298013469077	0.99691600623528
K8B78_08135	cds	10.5212915538046	-0.458738545805137	0.564591749920835	-0.812513724951631	0.41649691435383	0.994504174645922
K8B78_08140	cds	0.186434739109616	0.69851164813038	4.0804728567969	0.171183995738842	0.864079091295167	NA
K8B78_08145	cds	0	NA	NA	NA	NA	NA
K8B78_08150	cds	0.186434739109616	0.69851164813038	4.0804728567969	0.171183995738842	0.864079091295167	NA
K8B78_08155	cds	0.798768643739648	-0.89679313973434	2.69138406579858	-0.333208905830483	0.738976596016166	NA
K8B78_08160	cds	0.883884523514122	0.500911851990719	2.73392206354129	0.183220969855256	0.854624641305831	NA
K8B78_08165	cds	0.137912475505296	0.69851164813038	4.0804728567969	0.171183995738842	0.864079091295167	NA
K8B78_08170	cds	0.826056173907588	1.8077725369653	2.62393087836462	0.688955853170953	0.490851049458014	NA
K8B78_08175	cds	1.20431034305858	-0.354182200905501	1.91836602606445	-0.184627019084627	0.853521592093088	NA
K8B78_08180	cds	1.99639821687933	-0.297478784736669	1.32439845233171	-0.224614264848266	0.822279366689369	0.99691600623528
K8B78_08185	cds	0.728644413888288	0.240354438597876	2.81726564594796	0.0853147941315279	0.93201113039813	NA
K8B78_08190	cds	1.82181014280462	0.651112104763332	1.3393522651273	0.486139547986241	0.62686822874596	0.99691600623528
K8B78_08195	cds	0.137912475505296	0.69851164813038	4.0804728567969	0.171183995738842	0.864079091295167	NA
K8B78_08200	cds	9.838760305851	1.13732130171845	0.606192692822774	1.87617124914926	0.0606317686338394	0.66807226550249
K8B78_08205	cds	0.486145777822835	-1.13124141248384	3.47157849839712	-0.325857938400687	0.744531840479058	NA
K8B78_08210	cds	1.18484006227289	0.277990498278155	2.09058832244281	0.132972376863432	0.894215226540242	NA
K8B78_08215	cds	1.11327827864396	-0.767589061568317	2.02089470731572	-0.379826350571167	0.704074320722331	NA
K8B78_08220	cds	0.314509634904312	-0.263261024083251	4.0804728567969	-0.0645172834919693	0.948558345545108	NA
K8B78_08225	cds	1.33872489661962	2.59971765552754	1.8780254479806	1.38428244320276	0.166271987753616	NA
K8B78_08230	cds	2.06788926311305	0.371173880696272	1.21926361430432	0.304424634953168	0.760804401888538	0.99691600623528
K8B78_08235	cds	3.21345881419088	-0.260163590326629	0.989186895673458	-0.263007518058056	0.792544784488404	0.99691600623528
K8B78_08240	cds	2.63895786697834	0.0814794842840372	1.07324768828896	0.075918620811508	0.939483842346919	0.99691600623528
K8B78_08245	cds	2.23068847491744	-2.78037811792015	1.465691841519	-1.89697318301141	0.0578314775210542	0.649240172170325
K8B78_08250	cds	6.05816926507029	-0.0305086649736066	0.712220072853438	-0.0428360083300891	0.965832259825259	0.99691600623528
K8B78_08255	cds	1.03597964825174	0.915384642205849	2.15355018642941	0.425058421194054	0.67079408716857	NA
K8B78_08260	cds	0	NA	NA	NA	NA	NA
K8B78_08265	cds	0.295365969191496	-0.263261024083251	4.0804728567969	-0.0645172834919692	0.948558345545108	NA
K8B78_08270	cds	1.30709229692995	1.38906559710723	1.80684416268293	0.768779967744781	0.442023942883482	NA
K8B78_08275	cds	2.89871904369265	-3.21807151514995	1.34772003334357	-2.38778932978105	0.0169500549476161	0.32533169980102
K8B78_08280	cds	1.36032686286666	1.47310733214843	1.75528523712088	0.83924099684488	0.401334085844498	NA
K8B78_08285	cds	0.814169471034348	3.03054859413785	2.81748443848277	1.07562212331856	0.282096289040737	NA
K8B78_08290	cds	3.8543338859908	0.67349439802125	1.81344787319268	0.371388892935491	0.710347897130367	0.99691600623528
K8B78_08295	cds	1.71352118166469	0.443981523419057	1.4375440986695	0.308847237333434	0.757437734306783	0.99691600623528
K8B78_08300	cds	0.840513859271197	-0.728259157067636	2.46070279609086	-0.295955756308551	0.767263869878707	NA
K8B78_08305	cds	4.08427742958295	-0.0662693612463599	0.907105569137432	-0.0730558421214143	0.941761680596543	0.99691600623528
K8B78_08310	cds	2.24585323889442	1.12510252973787	1.23481542484032	0.911150368795699	0.362216150361164	0.977226285358722
K8B78_08315	cds	45.6019373722746	0.00430332235624388	0.369654534254114	0.0116414705014429	0.990711660220903	0.99691600623528
K8B78_08320	cds	33.4497363477318	-0.12181491949413	0.371714818507568	-0.327710689563619	0.74313042024516	0.99691600623528
K8B78_08325	cds	0.462259690120209	2.2258019220326	3.79437564664192	0.58660557870765	0.55746863508745	NA
K8B78_08330	cds	1.22241438736136	1.25293535754461	1.85797736843925	0.674354477523648	0.500085976894393	NA
K8B78_08335	cds	0.127432626852749	0.69851164813038	4.0804728567969	0.171183995738842	0.864079091295167	NA
K8B78_08340	cds	0.392777729210795	2.01616148884186	4.00601077044006	0.503284090926291	0.614764550031466	NA
K8B78_08345	cds	0.127432626852749	0.69851164813038	4.0804728567969	0.171183995738842	0.864079091295167	NA
K8B78_08350	cds	2.68380365198606	-0.638828711034617	1.06394103225643	-0.600436200566282	0.548215568026858	0.99691600623528
K8B78_08355	cds	1.84033786155867	0.12880446012123	1.37126676463515	0.0939310012049337	0.925163967300408	0.99691600623528
K8B78_08360	cds	0.403257577863342	2.05038349947495	4.00371818233002	0.512119836137343	0.608567142646801	NA
K8B78_08365	cds	4.49794469860308	1.41788795346203	0.863649708585308	1.64173963050898	0.100643974828632	0.777703441857612
K8B78_08370	cds	0	NA	NA	NA	NA	NA
K8B78_08375	cds	0.275824951010593	1.50446712001198	4.04727167565451	0.371723778530059	0.710098518947046	NA
K8B78_08380	cds	0	NA	NA	NA	NA	NA
K8B78_08385	cds	0	NA	NA	NA	NA	NA
K8B78_08390	cds	0	NA	NA	NA	NA	NA
K8B78_08395	cds	0	NA	NA	NA	NA	NA
K8B78_08400	cds	0	NA	NA	NA	NA	NA
K8B78_08405	cds	0.324347214614913	1.70326611696879	4.02960700440772	0.422687898622794	0.672522985931288	NA
K8B78_08410	cds	72.1507609909978	-0.338544552234602	0.603890791323834	-0.560605588127041	0.575066441196132	0.99691600623528
K8B78_08415	cds	0.187077008051562	-1.22504170351211	4.0804728567969	-0.300220525048106	0.764008950054848	NA
K8B78_08420	cds	0.691081913703321	1.37962927683697	2.92484092956997	0.471693780981045	0.637145376767514	NA
K8B78_08425	cds	0	NA	NA	NA	NA	NA
K8B78_08430	cds	0	NA	NA	NA	NA	NA
K8B78_08435	cds	2.91635393310735	0.42273198813445	1.01382072799128	0.4169691706462	0.676700957777672	0.99691600623528
K8B78_08440	cds	2.86040081138507	-0.802273618898804	1.02672647071693	-0.781389826580204	0.434573252786453	0.994504174645922
K8B78_08445	cds	0.5470346590672	-1.1730111795767	3.56588886203557	-0.32895337599139	0.742190929077915	NA
K8B78_08450	cds	0.93422281871072	0.708858856437247	2.18314381909031	0.32469636230041	0.745410888083609	NA
K8B78_08455	cds	1.80391097713736	1.27594466856117	1.44448953432842	0.883318735261307	0.377064083965333	0.977226285358722
K8B78_08460	cds	0	NA	NA	NA	NA	NA
K8B78_08465	cds	0	NA	NA	NA	NA	NA
K8B78_08470	cds	0	NA	NA	NA	NA	NA
K8B78_08475	cds	2.57596906485427	-0.822861742879505	1.11815126632064	-0.73591272278141	0.461783814003338	0.995826338602843
K8B78_08480	cds	11.8637079112258	-1.21655496460274	0.546084835069941	-2.22777650371288	0.0258954224415106	0.440222181505679
K8B78_08485	cds	1.29077416456202	1.49460659053718	2.02888027920996	0.736665739153016	0.461325646570989	NA
K8B78_08490	cds	1.26661790342713	0.475978072571708	1.88370134449969	0.252682344768473	0.800513692081171	NA
K8B78_08495	cds	0.318212435484088	-0.263261024083251	4.0804728567969	-0.0645172834919692	0.948558345545108	NA
K8B78_08500	cds	0	NA	NA	NA	NA	NA
K8B78_08505	cds	1.02324579780104	-0.127576447387251	2.16572924301803	-0.0589069237526052	0.953026243273374	NA
K8B78_08510	cds	0.473779160182789	-1.08616096661862	3.81116417395538	-0.284994536325986	0.775648327810985	NA
K8B78_08515	cds	0.860299793925959	-2.17387553164793	2.4402789175305	-0.890830763660344	0.373019968459096	NA
K8B78_08520	cds	0.806790191857971	0.335614976038808	2.37644199841386	0.141225822579643	0.887691547044807	NA
K8B78_08525	cds	0.883884523514122	0.500911851990719	2.73392206354129	0.183220969855256	0.854624641305831	NA
K8B78_08530	cds	0.806790191857971	0.335614976038808	2.37644199841386	0.141225822579643	0.887691547044807	NA
K8B78_08535	cds	0.127432626852749	0.69851164813038	4.0804728567969	0.171183995738842	0.864079091295167	NA
K8B78_08540	cds	0.313867365962366	1.65967099818041	4.03330497508829	0.411491570419634	0.680712121089506	NA
K8B78_08545	cds	0.90420195187727	1.91090670302436	2.34893958688367	0.813518880474724	0.415920625834609	NA
K8B78_08550	cds	0.943528904712935	-0.49059859896861	2.61255409275446	-0.187785049247101	0.851045156242253	NA
K8B78_08555	cds	1.82181014280462	0.651112104763332	1.3393522651273	0.486139547986241	0.62686822874596	0.99691600623528
K8B78_08560	cds	1.47576496758904	-1.37070123367122	1.61174908009409	-0.85044331689099	0.395078661894182	NA
K8B78_08565	cds	0.348233302317538	-2.0914301623042	4.0405079446271	-0.517615654013327	0.604726457624848	NA
K8B78_08570	cds	0.494167325941158	0.6925769161751	3.44810528973007	0.200857241290714	0.840810202785729	NA
K8B78_08575	cds	0.500944374013928	0.692342006617703	3.42790037607909	0.201972616079823	0.839938132196121	NA
K8B78_08580	cds	0.800013143785201	0.353324772078257	2.38617452618007	0.148071638600501	0.882286231802173	NA
K8B78_08585	cds	0.422798596044245	0.465810818510839	4.00720054546837	0.116243450564911	0.907459601572199	NA
K8B78_08590	cds	0.553169438198025	0.911155068850801	3.54940523763143	0.256706407932961	0.797405424468214	NA
K8B78_08595	cds	0	NA	NA	NA	NA	NA
K8B78_08600	cds	0.366734699088408	-0.263261024083251	4.0804728567969	-0.0645172834919692	0.948558345545108	NA
K8B78_08605	cds	0.886945055151953	1.89272282923373	2.39034011561341	0.791821555798983	0.428464731613322	NA
K8B78_08610	cds	0.324989483556859	-0.263261024083251	4.0804728567969	-0.0645172834919693	0.948558345545108	NA
K8B78_08615	cds	0.313867365962366	1.65967099818041	4.03330497508829	0.411491570419634	0.680712121089506	NA
K8B78_08620	cds	0.187077008051562	-1.22504170351211	4.0804728567969	-0.300220525048106	0.764008950054848	NA
K8B78_08625	cds	4.05574704429369	-0.93299050795159	0.902398447385828	-1.03390083466387	0.301182524782562	0.977226285358722
K8B78_08630	cds	3.11894360871194	-1.69356248713089	1.11267961960619	-1.52205761414978	0.127994645184532	0.82779145526953
K8B78_08635	cds	0	NA	NA	NA	NA	NA
K8B78_08640	cds	5.01768486529786	-0.767325125845099	0.806604315005436	-0.95130302624271	0.341450571192626	0.977226285358722
K8B78_08645	cds	0	NA	NA	NA	NA	NA
K8B78_08650	cds	0.180299959978792	-1.22504170351211	4.0804728567969	-0.300220525048105	0.764008950054848	NA
K8B78_08655	cds	0	NA	NA	NA	NA	NA
K8B78_08660	cds	0	NA	NA	NA	NA	NA
K8B78_08665	cds	0	NA	NA	NA	NA	NA
K8B78_08670	cds	0	NA	NA	NA	NA	NA
K8B78_08675	cds	0	NA	NA	NA	NA	NA
K8B78_08680	cds	1.66560056926452	-1.45802807720193	1.53203586695255	-0.951693174195826	0.341252612108494	0.977226285358722
K8B78_08685	cds	0.137912475505296	0.69851164813038	4.0804728567969	0.171183995738842	0.864079091295167	NA
K8B78_08690	cds	0.127432626852749	0.69851164813038	4.0804728567969	0.171183995738842	0.864079091295167	NA
K8B78_08695	cds	0.187077008051562	-1.22504170351211	4.0804728567969	-0.300220525048106	0.764008950054848	NA
K8B78_08700	cds	0.137912475505296	0.69851164813038	4.0804728567969	0.171183995738842	0.864079091295167	NA
K8B78_08705	cds	0	NA	NA	NA	NA	NA
K8B78_08710	cds	0	NA	NA	NA	NA	NA
K8B78_08715	cds	8.29433764404859	-0.268353121696586	0.626287661853761	-0.428482210398785	0.668300082575243	0.99691600623528
K8B78_08720	cds	0	NA	NA	NA	NA	NA
K8B78_08725	cds	0	NA	NA	NA	NA	NA
K8B78_08730	cds	0	NA	NA	NA	NA	NA
K8B78_08735	cds	0.759512428299204	1.59906147093885	2.58587149501863	0.618383966109396	0.536322264531282	NA
K8B78_08740	cds	2.07159206369283	0.385295967222794	1.20065511888355	0.320904780367794	0.748282551170764	0.99691600623528
K8B78_08745	cds	1.15077548403218	-1.70914031305151	2.04838770720432	-0.834383211264326	0.40406507479382	NA
K8B78_08750	cds	7.79026657990038	-0.813938468333812	0.666023732480525	-1.22208628407639	0.221674999372312	0.977226285358722
K8B78_08755	cds	0.137912475505296	0.69851164813038	4.0804728567969	0.171183995738842	0.864079091295167	NA
K8B78_08760	cds	0	NA	NA	NA	NA	NA
K8B78_08765	cds	2.20006431195561	-0.325834449563984	1.17131679462739	-0.27817790290255	0.780875796602695	0.99691600623528
K8B78_08770	cds	0.354368081448363	-0.263261024083251	4.0804728567969	-0.0645172834919692	0.948558345545108	NA
K8B78_08775	cds	0.295365969191496	-0.263261024083251	4.0804728567969	-0.0645172834919692	0.948558345545108	NA
K8B78_08780	cds	0	NA	NA	NA	NA	NA
K8B78_08785	cds	1.14211166697191	-1.657796741253	2.05433056594237	-0.80697662232978	0.419679951937613	NA
K8B78_08790	cds	2.35752963054531	0.209329582628623	1.13438633455263	0.184531121587583	0.853596814850647	0.99691600623528
K8B78_08795	cds	0	NA	NA	NA	NA	NA
K8B78_08800	cds	0	NA	NA	NA	NA	NA
K8B78_08805	cds	0	NA	NA	NA	NA	NA
K8B78_08810	cds	0.542087358441871	-2.72293925723708	3.51712265995396	-0.77419513633702	0.438815404036875	NA
K8B78_08815	cds	0.553811707139971	-1.19398726081186	3.27867660372625	-0.364167438610713	0.715732980225861	NA
K8B78_08820	cds	0.186434739109616	0.69851164813038	4.0804728567969	0.171183995738842	0.864079091295167	NA
K8B78_08825	cds	12.5433964846485	-0.328109707868354	0.632508187216418	-0.518743811542298	0.603939405430799	0.99691600623528
K8B78_08830	cds	0.382297880558248	1.98126111884408	4.00840382402356	0.494276825845189	0.62111068916803	NA
K8B78_08835	cds	0	NA	NA	NA	NA	NA
K8B78_08840	cds	0	NA	NA	NA	NA	NA
K8B78_08845	cds	0.721199839915168	-3.13580784385817	3.31162639080803	-0.946908700982128	0.343685303822892	NA
K8B78_08850	cds	0.522301423787109	-1.08739745598522	3.64479994092956	-0.298342151450951	0.765442036036677	NA
K8B78_08855	cds	0	NA	NA	NA	NA	NA
K8B78_08860	cds	0.186434739109616	0.69851164813038	4.0804728567969	0.171183995738842	0.864079091295167	NA
K8B78_08865	cds	0.69680751546256	1.44074482983257	3.13844208973711	0.459063697413405	0.646188424966656	NA
K8B78_08870	cds	0	NA	NA	NA	NA	NA
K8B78_08875	cds	0.324989483556859	-0.263261024083251	4.0804728567969	-0.0645172834919693	0.948558345545108	NA
K8B78_08880	cds	0	NA	NA	NA	NA	NA
K8B78_08885	cds	0	NA	NA	NA	NA	NA
K8B78_08890	cds	0	NA	NA	NA	NA	NA
K8B78_08895	cds	0	NA	NA	NA	NA	NA
K8B78_08900	cds	0	NA	NA	NA	NA	NA
K8B78_08905	cds	0	NA	NA	NA	NA	NA
K8B78_08910	cds	0	NA	NA	NA	NA	NA
K8B78_08915	cds	0	NA	NA	NA	NA	NA
K8B78_08920	cds	0	NA	NA	NA	NA	NA
K8B78_08925	cds	0	NA	NA	NA	NA	NA
K8B78_08930	cds	0	NA	NA	NA	NA	NA
K8B78_08935	cds	0	NA	NA	NA	NA	NA
K8B78_08940	cds	0	NA	NA	NA	NA	NA
K8B78_08945	cds	0	NA	NA	NA	NA	NA
K8B78_08950	cds	0.127432626852749	0.69851164813038	4.0804728567969	0.171183995738842	0.864079091295167	NA
K8B78_08955	cds	0	NA	NA	NA	NA	NA
K8B78_08960	cds	0	NA	NA	NA	NA	NA
K8B78_08965	cds	0	NA	NA	NA	NA	NA
K8B78_08970	cds	0.137912475505296	0.69851164813038	4.0804728567969	0.171183995738842	0.864079091295167	NA
K8B78_08975	cds	0.137912475505296	0.69851164813038	4.0804728567969	0.171183995738842	0.864079091295167	NA
K8B78_08980	cds	0	NA	NA	NA	NA	NA
K8B78_09025	cds	0.137912475505296	0.69851164813038	4.0804728567969	0.171183995738842	0.864079091295167	NA
K8B78_09030	cds	0.67446728591995	-0.221964871301209	2.97256496941163	-0.0746711589436322	0.940476355418653	NA
K8B78_09035	cds	0.127432626852749	0.69851164813038	4.0804728567969	0.171183995738842	0.864079091295167	NA
K8B78_09040	cds	0.747665763264303	-1.80279289712314	3.03502311595605	-0.593996430421008	0.552514500456588	NA
K8B78_09045	cds	0	NA	NA	NA	NA	NA
K8B78_09050	cds	1.67382699601836	1.03924133678246	1.46962848494217	0.707145613623128	0.479475992309295	0.995826338602843
K8B78_09055	cds	1.31831147390284	-1.11399738216086	1.81599206861674	-0.613437360995414	0.539587188734653	NA
K8B78_09060	cds	0.180299959978792	-1.22504170351211	4.0804728567969	-0.300220525048105	0.764008950054848	NA
K8B78_09065	cds	0.275824951010593	1.50446712001198	4.04727167565451	0.371723778530059	0.710098518947046	NA
K8B78_09070	cds	0.896455439890233	-2.15374247265791	2.53056778398951	-0.851090607524636	0.394719022507371	NA
K8B78_09075	cds	0.186434739109616	0.69851164813038	4.0804728567969	0.171183995738842	0.864079091295167	NA
K8B78_09080	cds	6.7576127740197	0.358414146618042	0.710158338551741	0.504696103898424	0.61377229795801	0.99691600623528
K8B78_09085	cds	2.19932118596101	1.11769493110133	1.30298263373638	0.857797258507032	0.391004423839705	0.981635578838079
K8B78_09090	cds	1.32086576879069	0.606306738310226	1.72242962462378	0.352006682678057	0.724833250779617	NA
K8B78_09095	cds	0.715610270347893	-3.12526820975796	2.80824438366334	-1.1128903979792	0.265755504436132	NA
K8B78_09100	cds	7.81987369046347	-0.675831144569733	0.649520155805318	-1.04050834840036	0.298103787470533	0.977226285358722
K8B78_09105	cds	0.137912475505296	0.69851164813038	4.0804728567969	0.171183995738842	0.864079091295167	NA
K8B78_09110	cds	0.445645062336838	0.508791661133043	3.60300484964475	0.141213149125572	0.887701558668137	NA
K8B78_09115	cds	0.275824951010593	1.50446712001198	4.04727167565451	0.371723778530059	0.710098518947046	NA
K8B78_09120	cds	0	NA	NA	NA	NA	NA
K8B78_09125	cds	0.840513859271197	-0.728259157067636	2.46070279609086	-0.295955756308551	0.767263869878707	NA
K8B78_09130	cds	3.02536772548795	0.793216170052081	1.04573950561528	0.758521759762129	0.448138691523091	0.995826338602843
K8B78_09135	cds	0	NA	NA	NA	NA	NA
K8B78_09140	cds	0.668332506789126	-1.75835320326255	3.21526779081108	-0.546876129039003	0.584463836494733	NA
K8B78_09145	cds	1.32730190603598	-1.88279044507524	1.85844417314949	-1.01310035150773	0.311012230411178	NA
K8B78_09150	cds	0.318212435484088	-0.263261024083251	4.0804728567969	-0.0645172834919692	0.948558345545108	NA
K8B78_09155	cds	0.127432626852749	0.69851164813038	4.0804728567969	0.171183995738842	0.864079091295167	NA
K8B78_09160	cds	0.305845817844043	-0.263261024083251	4.0804728567969	-0.0645172834919692	0.948558345545108	NA
K8B78_09165	cds	0.186434739109616	0.69851164813038	4.0804728567969	0.171183995738842	0.864079091295167	NA
K8B78_09170	cds	0	NA	NA	NA	NA	NA
K8B78_09325	cds	14.7961711113652	0.14096325463974	0.499154426969215	0.282404095853955	0.777633674725641	0.99691600623528
K8B78_09330	cds	0.422798596044245	0.465810818510839	4.00720054546837	0.116243450564911	0.907459601572199	NA
K8B78_09335	cds	0	NA	NA	NA	NA	NA
K8B78_09340	cds	0.739124262540835	0.270972132025582	2.797398253136	0.0968657686555039	0.9228329935876	NA
K8B78_09345	cds	0.492280556953659	0.73467888349412	3.45367416799552	0.212723855163361	0.831542358865209	NA
K8B78_09350	cds	0.583557537842134	1.09777651934506	3.16238532227106	0.347135597807764	0.728489451181971	NA
K8B78_09355	cds	0.127432626852749	0.69851164813038	4.0804728567969	0.171183995738842	0.864079091295167	NA
K8B78_09360	cds	0	NA	NA	NA	NA	NA
K8B78_09365	cds	3.65909929762895	0.595026115534134	0.960846811097667	0.619272613138382	0.535736783072657	0.99691600623528
K8B78_09370	cds	0	NA	NA	NA	NA	NA
K8B78_09375	cds	0.488032546810334	-1.17328505354867	3.76011044736466	-0.312034731418857	0.755014128298027	NA
K8B78_09380	cds	0.167933342338746	-1.22504170351211	4.0804728567969	-0.300220525048105	0.764008950054848	NA
K8B78_09385	cds	0.373511747161178	-0.263261024083251	4.0804728567969	-0.0645172834919693	0.948558345545108	NA
K8B78_09390	cds	2.5397163595116	-0.0319638975611962	1.09222093592547	-0.029265047491616	0.976653203016328	0.99691600623528
K8B78_09395	cds	3.07996852790755	-0.065718186395355	1.06255351693794	-0.0618492954451285	0.950682846512162	0.99691600623528
K8B78_09400	cds	0	NA	NA	NA	NA	NA
K8B78_09405	cds	0.956222137425847	-1.3271911139915	2.29605732196301	-0.578030479159298	0.563243541676112	NA
K8B78_09410	cds	4.88644809568737	1.84842027100005	0.876448817587806	2.10898826481087	0.0349455945885876	0.540012054988888
K8B78_09415	cds	1.06101317662152	2.21525994493632	2.15482711708552	1.02804532547954	0.303928507326175	NA
K8B78_09420	cds	0.649734050639859	-0.1423750503028	3.02783731816896	-0.0470220277187479	0.962495671364055	NA
K8B78_09425	cds	0.180299959978792	-1.22504170351211	4.0804728567969	-0.300220525048105	0.764008950054848	NA
K8B78_09430	cds	0.968588755065893	-1.3421309468618	2.15263731318552	-0.623482153096975	0.532967726606605	NA
K8B78_09435	cds	0.295365969191496	-0.263261024083251	4.0804728567969	-0.0645172834919692	0.948558345545108	NA
K8B78_09440	cds	4.37270019885229	0.339445577546438	0.822705091764379	0.412596908593894	0.679901966577838	0.99691600623528
K8B78_09445	cds	0.492922825895605	-1.15371629464375	3.45082317871564	-0.334330748025504	0.738129990467506	NA
K8B78_09450	cds	0.167933342338746	-1.22504170351211	4.0804728567969	-0.300220525048105	0.764008950054848	NA
K8B78_09455	cds	0.167933342338746	-1.22504170351211	4.0804728567969	-0.300220525048105	0.764008950054848	NA
K8B78_09460	cds	2.89230844720602	-1.1649333651886	1.04063721488419	-1.1194423460228	0.262951474013813	0.977226285358722
K8B78_09465	cds	4.137844053191	-0.291813130080419	0.853841424536849	-0.341765018297991	0.732527737404564	0.99691600623528
K8B78_09470	cds	4.60891648249171	-0.720722590881258	0.818126011198678	-0.880943254481411	0.378348534336052	0.977226285358722
K8B78_09475	cds	0.620355452748354	-0.371538184291853	2.8904223300669	-0.128541141004558	0.897720742436252	NA
K8B78_09480	cds	9.64583556525754	-0.362494688899767	0.594537173621108	-0.609709039204302	0.542054565642515	0.99691600623528
K8B78_09485	cds	0	NA	NA	NA	NA	NA
K8B78_09490	cds	1.98284412073379	-0.286432715055181	1.24855884948968	-0.229410664280866	0.818549748274099	0.99691600623528
K8B78_09495	cds	14.4069750261963	0.66664915883118	0.564721114462307	1.18049271004489	0.237804308160768	0.977226285358722
K8B78_09500	cds	1.38409063423248	-1.00938310972045	1.76421316452257	-0.572143508516221	0.567224755282191	NA
K8B78_09505	cds	1.08170270049436	-1.04333296460162	2.25005871354944	-0.463691439836152	0.642868831033816	NA
K8B78_09510	cds	0	NA	NA	NA	NA	NA
K8B78_09515	cds	0.355010350390309	-2.11530586616368	4.03834902213065	-0.523804617820684	0.600414441228318	NA
K8B78_09520	cds	0.187077008051562	-1.22504170351211	4.0804728567969	-0.300220525048106	0.764008950054848	NA
K8B78_09525	cds	1.95143089675933	-1.35930141152718	1.32894062940841	-1.02284585288982	0.306380734280399	0.977226285358722
K8B78_09530	cds	57.762848182721	0.532201316414346	0.326269023334494	1.63117329060298	0.102853759435072	0.778968558238482
K8B78_09535	cds	0.127432626852749	0.69851164813038	4.0804728567969	0.171183995738842	0.864079091295167	NA
K8B78_09540	cds	0.787646526145155	0.391465745971442	2.54416886283161	0.153867831530549	0.877713948723927	NA
K8B78_09545	cds	1.19063393057623	-1.53551406062916	1.99818218489497	-0.76845548530895	0.442216627250979	NA
K8B78_09550	cds	0.748308032206249	-3.18337270912387	3.24567837667076	-0.980803499202285	0.32668965235554	NA
K8B78_09555	cds	0	NA	NA	NA	NA	NA
K8B78_09560	cds	0	NA	NA	NA	NA	NA
K8B78_09565	cds	0	NA	NA	NA	NA	NA
K8B78_09570	cds	0	NA	NA	NA	NA	NA
K8B78_09575	cds	0	NA	NA	NA	NA	NA
K8B78_09580	cds	0	NA	NA	NA	NA	NA
K8B78_09585	cds	0	NA	NA	NA	NA	NA
K8B78_09590	cds	0	NA	NA	NA	NA	NA
K8B78_09595	cds	0.187077008051562	-1.22504170351211	4.0804728567969	-0.300220525048106	0.764008950054848	NA
K8B78_09600	cds	0.313867365962366	1.65967099818041	4.03330497508829	0.411491570419634	0.680712121089506	NA
K8B78_09605	cds	1.02081381924999	-1.16589471222571	2.18829986194354	-0.532785626184805	0.594181984941783	NA
K8B78_09610	cds	0	NA	NA	NA	NA	NA
K8B78_09615	cds	0.137912475505296	0.69851164813038	4.0804728567969	0.171183995738842	0.864079091295167	NA
K8B78_09620	cds	0	NA	NA	NA	NA	NA
K8B78_09625	cds	0	NA	NA	NA	NA	NA
K8B78_09630	cds	0.186434739109616	0.69851164813038	4.0804728567969	0.171183995738842	0.864079091295167	NA
K8B78_09635	cds	0.137912475505296	0.69851164813038	4.0804728567969	0.171183995738842	0.864079091295167	NA
K8B78_09640	cds	0	NA	NA	NA	NA	NA
K8B78_09645	cds	0.127432626852749	0.69851164813038	4.0804728567969	0.171183995738842	0.864079091295167	NA
K8B78_09650	cds	0.307732586831542	-0.263261024083251	4.0804728567969	-0.0645172834919692	0.948558345545108	NA
K8B78_09655	cds	0.167933342338746	-1.22504170351211	4.0804728567969	-0.300220525048105	0.764008950054848	NA
K8B78_09660	cds	0	NA	NA	NA	NA	NA
K8B78_09665	cds	0.180299959978792	-1.22504170351211	4.0804728567969	-0.300220525048105	0.764008950054848	NA
K8B78_09670	cds	0.433278444696792	0.508318354154505	3.64486435972284	0.139461528327808	0.88908545474744	NA
K8B78_09675	cds	0	NA	NA	NA	NA	NA
K8B78_09680	cds	0	NA	NA	NA	NA	NA
K8B78_09685	cds	9.36573010836921	1.06723036099084	0.605060015207173	1.76384215477438	0.0777585580181955	0.735184571271236
K8B78_09690	cds	0	NA	NA	NA	NA	NA
K8B78_09695	cds	1.6352530873582	-0.352259619466873	1.50394967662972	-0.234223009546616	0.814811852754149	0.99691600623528
K8B78_09700	cds	0.403257577863342	2.05038349947495	4.00371818233002	0.512119836137343	0.608567142646801	NA
K8B78_09705	cds	34.4725790594373	-0.679442408932425	0.372238605245645	-1.82528732742283	0.0679576815215193	0.691289107369558
K8B78_09710	cds	0.366734699088408	-0.263261024083251	4.0804728567969	-0.0645172834919692	0.948558345545108	NA
K8B78_09715	cds	0	NA	NA	NA	NA	NA
K8B78_09720	cds	0	NA	NA	NA	NA	NA
K8B78_09725	cds	0.127432626852749	0.69851164813038	4.0804728567969	0.171183995738842	0.864079091295167	NA
K8B78_09730	cds	0.318212435484088	-0.263261024083251	4.0804728567969	-0.0645172834919692	0.948558345545108	NA
K8B78_09735	cds	11.0253989614332	-0.537695136653021	0.601194549587337	-0.894377929776806	0.371119716877933	0.977226285358722
K8B78_09740	cds	0.354368081448363	-0.263261024083251	4.0804728567969	-0.0645172834919692	0.948558345545108	NA
K8B78_09745	cds	0.313867365962366	1.65967099818041	4.03330497508829	0.411491570419634	0.680712121089506	NA
K8B78_09750	cds	0.127432626852749	0.69851164813038	4.0804728567969	0.171183995738842	0.864079091295167	NA
K8B78_09755	cds	0.710020700780617	-3.1152843317498	3.03554956089518	-1.02626699688313	0.304765749175237	NA
K8B78_09760	cds	0	NA	NA	NA	NA	NA
K8B78_09765	cds	0.63949911846117	-0.434363173868756	3.05166825770162	-0.142336301717114	0.886814373797052	NA
K8B78_09770	cds	2.98020924258758	-1.30277668431302	1.01702257624189	-1.28097125348687	0.200203763344819	0.977226285358722
K8B78_09775	cds	2.48863873599465	1.25418450255253	1.18554305411777	1.05789873948174	0.290101609936049	0.977226285358722
K8B78_09780	cds	3.80962788614692	-0.0726643958122981	0.888121906502705	-0.0818180424109116	0.934791408407439	0.99691600623528
K8B78_09785	cds	1.02883536736831	-0.139151660887446	2.15910292256523	-0.0644488317037336	0.948612848738315	NA
K8B78_09790	cds	2.68581273731036	-0.157621477945491	1.02723513588713	-0.153442451916686	0.878049369458546	0.99691600623528
K8B78_09795	cds	0.462259690120209	2.2258019220326	3.79437564664192	0.58660557870765	0.55746863508745	NA
K8B78_09800	cds	2.12614128717085	-1.51982253345588	1.26006003207982	-1.20615089341997	0.227759314400117	0.977226285358722
K8B78_09805	cds	0	NA	NA	NA	NA	NA
K8B78_09810	cds	0.561231024154687	-2.76875688547317	3.79276836737113	-0.730009485760469	0.465384386405062	NA
K8B78_09815	cds	0.961414354525036	-0.367715074562223	2.39802417973425	-0.153340853553434	0.878129485137138	NA
K8B78_09820	cds	0.441299992815115	2.16390865638955	3.87373777061704	0.558610000089104	0.576427913723258	NA
K8B78_09825	cds	0.768747776906198	0.243104010862954	2.76081814411802	0.0880550612798934	0.929832913482437	NA
K8B78_09830	cds	4.95868923012015	4.64375806743192	1.33748465138669	3.47200849192351	0.000516579995875127	0.0384206371932126
K8B78_09835	cds	0.451779841467662	2.19438269905978	3.5176110788112	0.623827549406454	0.532740844974173	NA
K8B78_09840	cds	0.392777729210795	2.01616148884186	4.00601077044006	0.503284090926291	0.614764550031466	NA
K8B78_09845	cds	2.5006477552047	1.39768322361567	1.17241200716085	1.19214338908072	0.233205026371723	0.977226285358722
K8B78_09850	cds	1.29111993808853	-0.324268403445444	1.74720629168697	-0.185592511306925	0.852764326649901	NA
K8B78_09855	cds	0.800655412727146	-0.950635951949264	2.39017442728347	-0.397726601497323	0.690831726476166	NA
K8B78_09860	cds	2.03012188429256	-0.748512163894501	1.24905320074612	-0.599263637007117	0.548997092414243	0.99691600623528
K8B78_09865	cds	0.710990164694884	1.49610937761385	2.84328390501265	0.526190639976628	0.598755756709287	NA
K8B78_09870	cds	1.90393375748536	-0.478679470866405	1.3428835349712	-0.356456430063141	0.721498775747651	0.99691600623528
K8B78_09875	cds	0.882901343744693	-2.13146384026234	2.55011509618961	-0.835830446808925	0.40325029538896	NA
K8B78_09880	cds	0	NA	NA	NA	NA	NA
K8B78_09885	cds	0.740888715191533	-1.78654174425458	2.8222567426831	-0.633018859423868	0.526721327334077	NA
K8B78_09890	cds	1.20391299059049	0.366318288928613	1.82318410620761	0.200922269825283	0.840759353988588	NA
K8B78_09895	cds	0.127432626852749	0.69851164813038	4.0804728567969	0.171183995738842	0.864079091295167	NA
K8B78_09900	cds	0.265345102358046	1.46627794599376	4.04952495999157	0.362086407783695	0.717287460514729	NA
K8B78_09905	cds	0.348233302317538	-2.0914301623042	4.0405079446271	-0.517615654013327	0.604726457624848	NA
K8B78_09910	cds	2.45521642669589	-0.163355738347145	1.14109348162851	-0.143157191743846	0.886166037555478	0.99691600623528
K8B78_09915	cds	0.265345102358046	1.46627794599376	4.04952495999157	0.362086407783695	0.717287460514729	NA
K8B78_09920	cds	0	NA	NA	NA	NA	NA
K8B78_09925	cds	0	NA	NA	NA	NA	NA
K8B78_09930	cds	0.186434739109616	0.69851164813038	4.0804728567969	0.171183995738842	0.864079091295167	NA
K8B78_09935	cds	0.372869478219233	1.88438229328003	4.01534856034508	0.469294823341086	0.638858914945502	NA
K8B78_09940	cds	0.295365969191496	-0.263261024083251	4.0804728567969	-0.0645172834919692	0.948558345545108	NA
K8B78_09945	cds	0.180299959978792	-1.22504170351211	4.0804728567969	-0.300220525048105	0.764008950054848	NA
K8B78_09950	cds	0.360599919957584	-2.13538510402601	4.03655995906709	-0.529011119785158	0.596797736081313	NA
K8B78_09955	cds	0.632079801446454	1.22979068578696	2.84596480494404	0.432117320513084	0.665656146728562	NA
K8B78_09960	cds	2.81409193184112	-1.15753558656937	1.05271284141524	-1.09957392085501	0.271517809937188	0.977226285358722
K8B78_09965	cds	0.836265849127872	-2.15207391298414	2.64397656764416	-0.813953474217695	0.41567160488397	NA
K8B78_09970	cds	0.167933342338746	-1.22504170351211	4.0804728567969	-0.300220525048105	0.764008950054848	NA
K8B78_09975	cds	0.679357565005221	-0.169084232480076	2.77145249827401	-0.0610092478891043	0.951351844026682	NA
K8B78_09980	cds	10.8196879349765	-0.165354105329908	0.547867169376822	-0.301814225367788	0.762793686004582	0.99691600623528
K8B78_09985	cds	0	NA	NA	NA	NA	NA
K8B78_09990	cds	1.36558923746161	-1.92025120506579	1.83360050943696	-1.04725712890178	0.294981003027098	NA
K8B78_09995	cds	0.734111667118763	-1.77217972249544	2.83464575214035	-0.6251856060523	0.531849247839679	NA
K8B78_10000	cds	1.0567651664782	0.96851563892533	2.27970144197469	0.424843192662279	0.670950988548351	NA
K8B78_10005	cds	12.3858886330562	0.568822415426434	0.558419895282242	1.01862849126988	0.3083793728132	0.977226285358722
K8B78_10010	cds	1.19637135723897	0.21582882054236	1.94021531969059	0.11123962291813	0.911426332049056	NA
K8B78_10015	cds	1.19142405661364	-0.671162697875706	1.9620875735972	-0.342065617716149	0.732301511485147	NA
K8B78_10020	cds	0	NA	NA	NA	NA	NA
K8B78_10025	cds	0	NA	NA	NA	NA	NA
K8B78_10030	cds	2.44816434249183	0.765237155586781	1.13023925101373	0.67705767155089	0.498369363867209	0.99691600623528
K8B78_10035	cds	1.16890478529337	3.57181049890612	2.07055495560738	1.72504984194363	0.0845184906285828	NA
K8B78_10040	cds	0	NA	NA	NA	NA	NA
K8B78_10045	cds	0.295365969191496	-0.263261024083251	4.0804728567969	-0.0645172834919692	0.948558345545108	NA
K8B78_10050	cds	0	NA	NA	NA	NA	NA
K8B78_10055	cds	0.137912475505296	0.69851164813038	4.0804728567969	0.171183995738842	0.864079091295167	NA
K8B78_10060	cds	0.492280556953659	0.73467888349412	3.45367416799552	0.212723855163361	0.831542358865209	NA
K8B78_10065	cds	1.51448673334466	1.66285292394296	1.75519123489472	0.947391310350694	0.343439417421718	0.977226285358722
K8B78_10070	cds	2.4521959328964	-2.1620854351782	1.31494152559161	-1.64424454859728	0.100125698319012	0.777703441857612
K8B78_10075	cds	21.3597949445686	0.21631818528451	0.425482615137346	0.508406636578283	0.611168199532802	0.99691600623528
K8B78_10080	cds	4.96169866794172	0.585232414275151	0.777989037011825	0.752237353527459	0.451908334016474	0.995826338602843
K8B78_10085	cds	0.452422110409608	0.509052668131472	3.5805595003791	0.142171263479234	0.886944729614482	NA
K8B78_10090	cds	0.534668041427155	-1.13176913104417	3.33094517190721	-0.339774169983156	0.734026601242915	NA
K8B78_10095	cds	0.510781953724529	2.35454080487821	3.62570551032311	0.649402108961792	0.516078501202484	NA
K8B78_10100	cds	6.0420178644512	0.517810878682333	0.709910130330368	0.729403422432303	0.46575492491069	0.995826338602843
K8B78_10105	cds	0.500944374013928	0.692342006617703	3.42790037607909	0.201972616079823	0.839938132196121	NA
K8B78_10110	cds	0.765647207430028	2.95114251612855	2.68768006495753	1.09802597214084	0.272193148358451	NA
K8B78_10115	cds	0.167933342338746	-1.22504170351211	4.0804728567969	-0.300220525048105	0.764008950054848	NA
K8B78_10120	cds	1.22140488560875	1.25419946205703	2.01241134498248	0.623232156380012	0.533131973272831	NA
K8B78_10125	cds	0.180299959978792	-1.22504170351211	4.0804728567969	-0.300220525048105	0.764008950054848	NA
K8B78_10130	cds	24.2721207888464	0.187669155652008	0.414173614915527	0.453117120196766	0.650464408089766	0.99691600623528
K8B78_10135	cds	47.7425864812885	-0.413035327767537	0.358943487588861	-1.15069737172843	0.249856758178759	0.977226285358722
K8B78_10140	cds	0.957711553945259	-0.402677945359366	2.24588833912739	-0.179295621400226	0.857705584762598	NA
K8B78_10145	cds	0	NA	NA	NA	NA	NA
K8B78_10150	cds	0	NA	NA	NA	NA	NA
K8B78_10155	cds	0	NA	NA	NA	NA	NA
K8B78_10160	cds	0.789533295132654	0.328160773065676	2.53941362741332	0.129226987491575	0.897178042317494	NA
K8B78_10165	cds	0.672580516932451	-0.148909598872127	2.78448076579718	-0.0534784081474864	0.957350733829109	NA
K8B78_10170	cds	0	NA	NA	NA	NA	NA
K8B78_10175	cds	0	NA	NA	NA	NA	NA
K8B78_10180	cds	0	NA	NA	NA	NA	NA
K8B78_10185	cds	0.127432626852749	0.69851164813038	4.0804728567969	0.171183995738842	0.864079091295167	NA
K8B78_10190	cds	0	NA	NA	NA	NA	NA
K8B78_10195	cds	0	NA	NA	NA	NA	NA
K8B78_10200	cds	1.15502349417551	-0.660930359454532	1.81368002080345	-0.364413982551202	0.715548895702282	NA
K8B78_10205	cds	0	NA	NA	NA	NA	NA
K8B78_10210	cds	0.481800708301112	0.693003590515408	3.4857574990322	0.198810040775303	0.842411341376322	NA
K8B78_10215	cds	0	NA	NA	NA	NA	NA
K8B78_10220	cds	0	NA	NA	NA	NA	NA
K8B78_10225	cds	0.473779160182789	-1.08616096661862	3.81116417395538	-0.284994536325986	0.775648327810985	NA
K8B78_10230	cds	0.445645062336838	0.508791661133043	3.60300484964475	0.141213149125572	0.887701558668137	NA
K8B78_10235	cds	0	NA	NA	NA	NA	NA
K8B78_10240	cds	0	NA	NA	NA	NA	NA
K8B78_10245	cds	0	NA	NA	NA	NA	NA
K8B78_10250	cds	0.747788079601104	0.187596365998716	2.60378847425712	0.072047467700785	0.942564132213342	NA
K8B78_10255	cds	0	NA	NA	NA	NA	NA
K8B78_10260	cds	0	NA	NA	NA	NA	NA
K8B78_10265	cds	0	NA	NA	NA	NA	NA
K8B78_10270	cds	1.83228999145717	0.661214551859261	1.32500677303529	0.499027299569621	0.617760152113288	0.99691600623528
K8B78_10275	cds	0.127432626852749	0.69851164813038	4.0804728567969	0.171183995738842	0.864079091295167	NA
K8B78_10280	cds	0.127432626852749	0.69851164813038	4.0804728567969	0.171183995738842	0.864079091295167	NA
K8B78_10285	cds	0	NA	NA	NA	NA	NA
K8B78_10290	cds	0	NA	NA	NA	NA	NA
K8B78_10295	cds	0	NA	NA	NA	NA	NA
K8B78_10300	cds	0	NA	NA	NA	NA	NA
K8B78_10305	cds	0	NA	NA	NA	NA	NA
K8B78_10310	cds	0	NA	NA	NA	NA	NA
K8B78_10315	cds	0	NA	NA	NA	NA	NA
K8B78_10320	cds	0	NA	NA	NA	NA	NA
K8B78_10325	cds	0.52853326229633	-2.69091161073173	3.55972040895867	-0.755933416556977	0.449689117473705	NA
K8B78_10330	cds	0	NA	NA	NA	NA	NA
K8B78_10335	cds	0	NA	NA	NA	NA	NA
K8B78_10340	cds	0	NA	NA	NA	NA	NA
K8B78_10345	cds	0	NA	NA	NA	NA	NA
K8B78_10350	cds	0.127432626852749	0.69851164813038	4.0804728567969	0.171183995738842	0.864079091295167	NA
K8B78_10355	cds	0	NA	NA	NA	NA	NA
K8B78_10360	cds	1.59227977558336	-1.90911184511484	1.67186530612378	-1.14190529471606	0.253493387572318	0.977226285358722
K8B78_10365	cds	0	NA	NA	NA	NA	NA
K8B78_10370	cds	0.180299959978792	-1.22504170351211	4.0804728567969	-0.300220525048105	0.764008950054848	NA
K8B78_10375	cds	0.403257577863342	2.05038349947495	4.00371818233002	0.512119836137343	0.608567142646801	NA
K8B78_10380	cds	0.649734050639859	-0.1423750503028	3.02783731816896	-0.0470220277187479	0.962495671364055	NA
K8B78_10385	cds	0.186434739109616	0.69851164813038	4.0804728567969	0.171183995738842	0.864079091295167	NA
K8B78_10390	cds	0.187077008051562	-1.22504170351211	4.0804728567969	-0.300220525048106	0.764008950054848	NA
K8B78_10395	cds	0.180299959978792	-1.22504170351211	4.0804728567969	-0.300220525048105	0.764008950054848	NA
K8B78_10400	cds	0	NA	NA	NA	NA	NA
K8B78_10405	cds	0	NA	NA	NA	NA	NA
K8B78_10410	cds	1.05222704322445	0.916386493260499	2.18387965998099	0.419614006235342	0.674767454775706	NA
K8B78_10415	cds	0.313867365962366	1.65967099818041	4.03330497508829	0.411491570419634	0.680712121089506	NA
K8B78_10420	cds	0.127432626852749	0.69851164813038	4.0804728567969	0.171183995738842	0.864079091295167	NA
K8B78_10425	cds	0.305845817844043	-0.263261024083251	4.0804728567969	-0.0645172834919692	0.948558345545108	NA
K8B78_10430	cds	0.335866684677493	-2.0464605018051	4.04466926930001	-0.505964855356212	0.612881321734113	NA
K8B78_10435	cds	0	NA	NA	NA	NA	NA
K8B78_10440	cds	0.668332506789126	-1.75835320326255	3.21526779081108	-0.546876129039003	0.584463836494733	NA
K8B78_10445	cds	0.180299959978792	-1.22504170351211	4.0804728567969	-0.300220525048105	0.764008950054848	NA
K8B78_10450	cds	0	NA	NA	NA	NA	NA
K8B78_10455	cds	0.127432626852749	0.69851164813038	4.0804728567969	0.171183995738842	0.864079091295167	NA
K8B78_10460	cds	0	NA	NA	NA	NA	NA
K8B78_10465	cds	0	NA	NA	NA	NA	NA
K8B78_10470	cds	0.167933342338746	-1.22504170351211	4.0804728567969	-0.300220525048105	0.764008950054848	NA
K8B78_10475	cds	0	NA	NA	NA	NA	NA
K8B78_10480	cds	0.167933342338746	-1.22504170351211	4.0804728567969	-0.300220525048105	0.764008950054848	NA
K8B78_10485	cds	0.335866684677493	-2.0464605018051	4.04466926930001	-0.505964855356212	0.612881321734113	NA
K8B78_10490	cds	0.348233302317538	-2.0914301623042	4.0405079446271	-0.517615654013327	0.604726457624848	NA
K8B78_10495	cds	0	NA	NA	NA	NA	NA
K8B78_10500	cds	0	NA	NA	NA	NA	NA
K8B78_10505	cds	0	NA	NA	NA	NA	NA
K8B78_10510	cds	0.167933342338746	-1.22504170351211	4.0804728567969	-0.300220525048105	0.764008950054848	NA
K8B78_10515	cds	0.374154016103124	-2.18180432531288	4.03251512939392	-0.541052979419523	0.588471066462487	NA
K8B78_10520	cds	0	NA	NA	NA	NA	NA
K8B78_10525	cds	0.186434739109616	0.69851164813038	4.0804728567969	0.171183995738842	0.864079091295167	NA
K8B78_10530	cds	0	NA	NA	NA	NA	NA
K8B78_10535	cds	0	NA	NA	NA	NA	NA
K8B78_10540	cds	0	NA	NA	NA	NA	NA
K8B78_10545	cds	5.16274162168659	-0.429210550032364	0.77496049775997	-0.553848294555658	0.579682673501711	0.99691600623528
K8B78_10550	cds	0	NA	NA	NA	NA	NA
K8B78_10555	cds	0	NA	NA	NA	NA	NA
K8B78_10560	cds	0	NA	NA	NA	NA	NA
K8B78_10565	cds	0	NA	NA	NA	NA	NA
K8B78_10570	cds	0	NA	NA	NA	NA	NA
K8B78_10575	cds	0.180299959978792	-1.22504170351211	4.0804728567969	-0.300220525048105	0.764008950054848	NA
K8B78_10580	cds	0	NA	NA	NA	NA	NA
K8B78_10585	cds	0	NA	NA	NA	NA	NA
K8B78_10590	cds	0	NA	NA	NA	NA	NA
K8B78_10595	cds	0	NA	NA	NA	NA	NA
K8B78_10600	cds	0	NA	NA	NA	NA	NA
K8B78_10605	cds	0	NA	NA	NA	NA	NA
K8B78_10610	cds	0	NA	NA	NA	NA	NA
K8B78_10615	cds	0	NA	NA	NA	NA	NA
K8B78_10620	cds	0	NA	NA	NA	NA	NA
K8B78_10625	cds	0	NA	NA	NA	NA	NA
K8B78_10630	cds	1.48371577831214	-0.572684104885873	1.58233889234411	-0.361922536099385	0.717409918590936	NA
K8B78_10635	cds	0	NA	NA	NA	NA	NA
K8B78_10640	cds	0.987090151836763	-0.257915714695465	2.00546412394372	-0.128606496429503	0.897669025594687	NA
K8B78_10645	cds	0.324347214614913	1.70326611696879	4.02960700440772	0.422687898622794	0.672522985931288	NA
K8B78_10650	cds	3.53726967239838	0.933125193255674	0.944412390013427	0.98804844485618	0.323128922971218	0.977226285358722
K8B78_10655	cds	0.180299959978792	-1.22504170351211	4.0804728567969	-0.300220525048105	0.764008950054848	NA
K8B78_10660	cds	0	NA	NA	NA	NA	NA
K8B78_10665	cds	2.03415187984466	1.46674775585339	1.36882768091311	1.07153572089874	0.283928618125485	0.977226285358722
K8B78_10670	cds	0.522943692729055	-2.67710595919875	3.57765183821809	-0.748285769621488	0.454287806089366	NA
K8B78_10675	cds	3.44237245322885	1.46949827154864	1.01225841593148	1.4517026960911	0.146584289343823	0.855075021172299
K8B78_10680	cds	0.265345102358046	1.46627794599376	4.04952495999157	0.362086407783695	0.717287460514729	NA
K8B78_10685	cds	0.127432626852749	0.69851164813038	4.0804728567969	0.171183995738842	0.864079091295167	NA
K8B78_10690	cds	0.488032546810334	-1.17328505354867	3.76011044736466	-0.312034731418857	0.755014128298027	NA
K8B78_10695	cds	2.44901338102096	0.282643364530835	2.05300226985215	0.137673186572361	0.890498711588559	0.99691600623528
K8B78_10700	cds	0	NA	NA	NA	NA	NA
K8B78_10705	cds	55.2840869152114	-0.492410945399169	0.365182472512419	-1.3483969863379	0.177530732760375	0.925493698888006
K8B78_10710	cds	0.180299959978792	-1.22504170351211	4.0804728567969	-0.300220525048105	0.764008950054848	NA
K8B78_10715	cds	0	NA	NA	NA	NA	NA
K8B78_10720	cds	0.318212435484088	-0.263261024083251	4.0804728567969	-0.0645172834919692	0.948558345545108	NA
K8B78_10725	cds	0.811135261379693	-0.919750590697125	2.50973320952043	-0.366473451125458	0.714011819695068	NA
K8B78_10730	cds	10.8467872741114	-0.57403962157889	0.552093468429771	-1.0397507929437	0.298455695771215	0.977226285358722
K8B78_10735	cds	0	NA	NA	NA	NA	NA
K8B78_10740	cds	0	NA	NA	NA	NA	NA
K8B78_10745	cds	0	NA	NA	NA	NA	NA
K8B78_10750	cds	0	NA	NA	NA	NA	NA
K8B78_10755	cds	0	NA	NA	NA	NA	NA
K8B78_10760	cds	0.505289443535651	-1.19467404633347	3.41376167621414	-0.349958245374164	0.726370033918296	NA
K8B78_10765	cds	1.68474423497733	-1.47408014233277	1.51252929232401	-0.974579566699061	0.329768853367283	0.977226285358722
K8B78_10770	cds	11.2015249839751	1.4384707117495	0.588797912813453	2.44306353749805	0.0145631731066631	0.321679408262595
K8B78_10775	cds	0.275824951010593	1.50446712001198	4.04727167565451	0.371723778530059	0.710098518947046	NA
K8B78_10780	cds	4.16227563425743	-1.24840394460221	0.899314525145845	-1.38817278015136	0.165084438769435	0.880571441711322
K8B78_10785	cds	1.18379986096341	-2.71770960110393	2.153067759538	-1.26224991715407	0.206858871948889	NA
K8B78_10790	cds	0.953488800760337	2.06480574387264	2.42563524496186	0.85124329726051	0.394634215849781	NA
K8B78_10795	cds	2.20363993349956	1.65814850877289	1.30775987598975	1.26793040466848	0.20482280505011	0.977226285358722
K8B78_10800	cds	2.90142177557541	0.768305274508104	1.06275589055347	0.722936735836842	0.469718752775904	0.995826338602843
K8B78_10805	cds	27.99993897824	0.666067841803106	0.394748332078511	1.68732275142491	0.0915413085449492	0.756487202558955
K8B78_10810	cds	25.2357326087549	-0.237173408419663	0.413098259112368	-0.574133158850106	0.565877696314525	0.99691600623528
K8B78_10815	cds	1.25216021806352	2.51141514492266	2.06732763666711	1.21481235019501	0.224437669372069	NA
K8B78_10820	cds	20.9501169928895	-0.478005469956143	0.453707141466583	-1.05355509373517	0.292086657956366	0.977226285358722
K8B78_10825	cds	30.6992618139446	-0.372074724101824	0.373578113285256	-0.995975703259993	0.319261950555281	0.977226285358722
K8B78_10830	cds	0.777411593966467	0.157535745176906	2.72354600591321	0.0578421458036228	0.953874366860678	NA
K8B78_10835	cds	0.422798596044245	0.465810818510839	4.00720054546837	0.116243450564911	0.907459601572199	NA
K8B78_10840	cds	0.167933342338746	-1.22504170351211	4.0804728567969	-0.300220525048105	0.764008950054848	NA
K8B78_10845	cds	0.180299959978792	-1.22504170351211	4.0804728567969	-0.300220525048105	0.764008950054848	NA
K8B78_10850	cds	0	NA	NA	NA	NA	NA
K8B78_10855	cds	0.187077008051562	-1.22504170351211	4.0804728567969	-0.300220525048106	0.764008950054848	NA
K8B78_10860	cds	0.855954724404236	-0.818373913678861	2.44098273154887	-0.335264114367405	0.737425861361646	NA
K8B78_10865	cds	0	NA	NA	NA	NA	NA
K8B78_10870	cds	0	NA	NA	NA	NA	NA
K8B78_10875	cds	0.127432626852749	0.69851164813038	4.0804728567969	0.171183995738842	0.864079091295167	NA
K8B78_10880	cds	0.167933342338746	-1.22504170351211	4.0804728567969	-0.300220525048105	0.764008950054848	NA
K8B78_10885	cds	0	NA	NA	NA	NA	NA
K8B78_10890	cds	0	NA	NA	NA	NA	NA
K8B78_10895	cds	0	NA	NA	NA	NA	NA
K8B78_10900	cds	0	NA	NA	NA	NA	NA
K8B78_10905	cds	0.127432626852749	0.69851164813038	4.0804728567969	0.171183995738842	0.864079091295167	NA
K8B78_10910	cds	0	NA	NA	NA	NA	NA
K8B78_10915	cds	0	NA	NA	NA	NA	NA
K8B78_10920	cds	0	NA	NA	NA	NA	NA
K8B78_10925	cds	0.186434739109616	0.69851164813038	4.0804728567969	0.171183995738842	0.864079091295167	NA
K8B78_10930	cds	0.127432626852749	0.69851164813038	4.0804728567969	0.171183995738842	0.864079091295167	NA
K8B78_10935	cds	0.348233302317538	-2.0914301623042	4.0405079446271	-0.517615654013327	0.604726457624848	NA
K8B78_10940	cds	0.137912475505296	0.69851164813038	4.0804728567969	0.171183995738842	0.864079091295167	NA
K8B78_10945	cds	0.127432626852749	0.69851164813038	4.0804728567969	0.171183995738842	0.864079091295167	NA
K8B78_10950	cds	0	NA	NA	NA	NA	NA
K8B78_10980	cds	0	NA	NA	NA	NA	NA
K8B78_10985	cds	0.463299311530242	-1.08589908874976	3.84946604212242	-0.282090834642367	0.777873860867089	NA
K8B78_10990	cds	0.947231705292712	-0.430388252092439	2.25959800283636	-0.190471159716107	0.848939940689015	NA
K8B78_10995	cds	0.482442977243058	-1.15370312374256	3.48273473276398	-0.33126356506255	0.740445409928513	NA
K8B78_11000	cds	0.921830944112271	-3.48478411497372	2.61822899619043	-1.33096994955145	0.183198898969291	NA
K8B78_11005	cds	0.392777729210795	2.01616148884186	4.00601077044006	0.503284090926291	0.614764550031466	NA
K8B78_11010	cds	3.34545510505604	0.111452795350985	0.932213303715376	0.119557181716658	0.904833940386428	0.99691600623528
K8B78_11015	cds	0.265345102358046	1.46627794599376	4.04952495999157	0.362086407783695	0.717287460514729	NA
K8B78_11020	cds	0.672580516932451	-0.148909598872127	2.78448076579718	-0.0534784081474864	0.957350733829109	NA
K8B78_11025	cds	0.127432626852749	0.69851164813038	4.0804728567969	0.171183995738842	0.864079091295167	NA
K8B78_11030	cds	0.374154016103124	-2.18180432531288	4.03251512939392	-0.541052979419523	0.588471066462487	NA
K8B78_11035	cds	0.127432626852749	0.69851164813038	4.0804728567969	0.171183995738842	0.864079091295167	NA
K8B78_11040	cds	0	NA	NA	NA	NA	NA
K8B78_11045	cds	0.486145777822835	-1.13124141248384	3.47157849839712	-0.325857938400687	0.744531840479058	NA
K8B78_11050	cds	1.49863669084004	0.924905072507766	1.57487975706024	0.587286152076934	0.557011539951917	0.99691600623528
K8B78_11055	cds	2.20103377586987	1.10790362254148	1.26163418337824	0.878149654739761	0.379862509249273	0.977226285358722
K8B78_11060	cds	0	NA	NA	NA	NA	NA
K8B78_11065	cds	2.95100998257294	-0.514719657605705	1.0471105871989	-0.491561888398645	0.623029091233047	0.99691600623528
K8B78_11070	cds	2.97492161103423	-0.97292626163191	1.00028530575683	-0.972648759341499	0.330727900176806	0.977226285358722
K8B78_11075	cds	1.70368360195408	-0.176111257150709	1.53908582463582	-0.114425884724383	0.908900195710309	0.99691600623528
K8B78_11080	cds	0.642559650099001	1.25985885870493	3.02551182166125	0.416411811609832	0.677108686793055	NA
K8B78_11085	cds	0.373511747161178	-0.263261024083251	4.0804728567969	-0.0645172834919693	0.948558345545108	NA
K8B78_11090	cds	1.94448605191294	-0.189653284465332	1.40512543763387	-0.134972493832788	0.892633622036475	0.99691600623528
K8B78_11095	cds	2.90979547952526	1.12173124976574	1.07914098781474	1.03946681891607	0.29858768207987	0.977226285358722
K8B78_11100	cds	25.8551349636184	-0.391482006026597	0.431994267037588	-0.90622037350448	0.364819221491435	0.977226285358722
K8B78_11105	cds	0	NA	NA	NA	NA	NA
K8B78_11110	cds	0.187077008051562	-1.22504170351211	4.0804728567969	-0.300220525048106	0.764008950054848	NA
K8B78_11115	cds	0.482442977243058	-1.15370312374256	3.48273473276398	-0.33126356506255	0.740445409928513	NA
K8B78_11120	cds	1.0334506103223	2.18180521303417	2.2096148598839	0.987414256052211	0.323439598404635	NA
K8B78_11125	cds	1.17480942883027	-1.6914301575445	1.94262978135145	-0.870690943679348	0.383922924679378	NA
K8B78_11130	cds	0	NA	NA	NA	NA	NA
K8B78_11135	cds	0.167933342338746	-1.22504170351211	4.0804728567969	-0.300220525048105	0.764008950054848	NA
K8B78_11140	cds	0	NA	NA	NA	NA	NA
K8B78_11145	cds	0.127432626852749	0.69851164813038	4.0804728567969	0.171183995738842	0.864079091295167	NA
K8B78_11150	cds	0	NA	NA	NA	NA	NA
K8B78_11155	cds	0	NA	NA	NA	NA	NA
K8B78_11160	cds	0.305845817844043	-0.263261024083251	4.0804728567969	-0.0645172834919692	0.948558345545108	NA
K8B78_11165	cds	1.35270266721642	-0.00707681350009919	1.74886715947272	-0.00404651288793875	0.996771358652732	NA
K8B78_11170	cds	0.628377000866677	1.20125328099899	3.05641743626466	0.393026576391699	0.694299852500982	NA
K8B78_11175	cds	0	NA	NA	NA	NA	NA
K8B78_11180	cds	3.00800300950551	-0.92625445494019	0.984280080351434	-0.941047648357848	0.346680441832543	0.977226285358722
K8B78_11185	cds	3.59417128387609	-1.06483493409417	0.972422660302675	-1.09503303199735	0.273502165364231	0.977226285358722
K8B78_11190	cds	1.54102417531353	0.285365657397069	1.51223400968283	0.188704694888405	0.850324271713052	0.99691600623528
K8B78_11195	cds	4.06457025955266	0.626148890098316	0.877663193017553	0.713427309108761	0.475581379256003	0.995826338602843
K8B78_11200	cds	0.504647174593705	0.734113378816915	3.41676397976233	0.214856332824013	0.82987933111142	NA
K8B78_11205	cds	0.504647174593705	0.734113378816915	3.41676397976233	0.214856332824013	0.82987933111142	NA
K8B78_11210	cds	0.611691635688086	-0.278012298293451	3.36586665952847	-0.082597537696992	0.934171559219647	NA
K8B78_11215	cds	5.74379702348191	0.418586297257231	0.799833034918773	0.52334209639108	0.600736211227128	0.99691600623528
K8B78_11220	cds	1.95513369733911	-1.34237392749874	1.3393864191921	-1.0022305051506	0.316232277808681	0.977226285358722
K8B78_11225	cds	1.36683373750716	-1.02404991575993	1.70835937426705	-0.599434715660622	0.548883032674752	NA
K8B78_11230	cds	0.877036738046132	0.688361764012992	2.54433422025318	0.270546911067562	0.7867395321553	NA
K8B78_11235	cds	2.26124968861541	0.245081676843724	1.1934002211129	0.205364195940213	0.83728759157677	0.99691600623528
K8B78_11240	cds	0.367376968030354	-2.15873512061444	4.03450955624596	-0.535067544274974	0.592603151810088	NA
K8B78_11245	cds	0	NA	NA	NA	NA	NA
K8B78_11250	cds	0	NA	NA	NA	NA	NA
K8B78_11255	cds	0.127432626852749	0.69851164813038	4.0804728567969	0.171183995738842	0.864079091295167	NA
K8B78_11260	cds	0.295365969191496	-0.263261024083251	4.0804728567969	-0.0645172834919692	0.948558345545108	NA
K8B78_11265	cds	0.52853326229633	-2.69091161073173	3.55972040895867	-0.755933416556977	0.449689117473705	NA
K8B78_11270	cds	4.1403986318791	-0.399858504657165	0.85445675190506	-0.467968102265746	0.639807400620522	0.99691600623528
K8B78_11275	cds	0.443758293349339	0.543465612909461	3.92506612144503	0.138460244004598	0.889876687614801	NA
K8B78_11280	cds	3.0910135258018	-1.07327476679255	1.0021309916445	-1.07099249074345	0.284172806107271	0.977226285358722
K8B78_11285	cds	1.76358444073	1.97736186621167	1.54703011860282	1.27816636692083	0.20119077225158	0.977226285358722
K8B78_11290	cds	0.967946486123947	-0.220709544149682	2.11940136160111	-0.1041376815871	0.917060087828199	NA
K8B78_11295	cds	7.14618311082497	0.626588166874098	0.668876714300467	0.936776768390576	0.348873397770616	0.977226285358722
K8B78_11300	cds	0.372869478219233	1.88438229328003	4.01534856034508	0.469294823341086	0.638858914945502	NA
K8B78_11305	cds	1.43926734577251	0.105465115294796	1.69124517439028	0.0623594478741482	0.950276587985733	NA
K8B78_11310	cds	0	NA	NA	NA	NA	NA
K8B78_11315	cds	0.167933342338746	-1.22504170351211	4.0804728567969	-0.300220525048105	0.764008950054848	NA
K8B78_11320	cds	0.579212468320412	2.55979681519694	3.11456295519268	0.821879940146717	0.411145230832722	NA
K8B78_11325	cds	0.603098556023037	-0.3908480486334	3.13775853229937	-0.124562819162182	0.900869665089071	NA
K8B78_11330	cds	0.137912475505296	0.69851164813038	4.0804728567969	0.171183995738842	0.864079091295167	NA
K8B78_11335	cds	0	NA	NA	NA	NA	NA
K8B78_11340	cds	0.791991595666878	-0.882332143303488	2.70289680821184	-0.326439448455013	0.744091895174312	NA
K8B78_11345	cds	3.61500759981961	0.0835749870155344	0.967245127448316	0.08640517759548	0.931144331199851	0.99691600623528
K8B78_11350	cds	3.95077887004294	0.267275136948984	0.880267551096525	0.303629432456128	0.761410225697986	0.99691600623528
K8B78_11355	cds	1.87160322843767	0.167704601080679	1.34933025713819	0.124287290078536	0.901087810319787	0.99691600623528
K8B78_11360	cds	1.04685684937238	0.0680891087718591	2.09104844087675	0.0325621862415153	0.974023724836329	NA
K8B78_11365	cds	3.08532261405656	4.99022785063625	1.42672244706981	3.49768650579877	0.000469312439242165	0.0384206371932126
K8B78_11370	cds	1.1099026730365	3.50992593655649	2.15768606744133	1.62670834720581	0.103799055090335	NA
K8B78_11375	cds	0.127432626852749	0.69851164813038	4.0804728567969	0.171183995738842	0.864079091295167	NA
K8B78_11380	cds	0.127432626852749	0.69851164813038	4.0804728567969	0.171183995738842	0.864079091295167	NA
K8B78_11385	cds	0.781511747014331	-0.915468805284779	2.55537329492724	-0.3582524741501	0.720154380953283	NA
K8B78_11390	cds	0.275824951010593	1.50446712001198	4.04727167565451	0.371723778530059	0.710098518947046	NA
K8B78_11395	cds	2.34344404069138	-0.70178109304889	1.14274352689693	-0.614119508473213	0.539136357742347	0.99691600623528
K8B78_11400	cds	0.137912475505296	0.69851164813038	4.0804728567969	0.171183995738842	0.864079091295167	NA
K8B78_11405	cds	0.560711071549542	1.06482705654544	3.22080499066556	0.330608981180633	0.740939861376401	NA
K8B78_11410	cds	11.1771011872833	0.0592190445000108	0.572110206599248	0.10350985494914	0.917558328390806	0.99691600623528
K8B78_11415	cds	9.24575178088763	0.0913381571566891	0.597619370514967	0.152836674417001	0.878527075480248	0.99691600623528
K8B78_11420	cds	22.0037852707897	-0.754326870736738	0.503579637377199	-1.49792965153537	0.134151528862268	0.846788428179565
K8B78_11425	cds	0	NA	NA	NA	NA	NA
K8B78_11430	cds	0.67446728591995	-0.221964871301209	2.97256496941163	-0.0746711589436322	0.940476355418653	NA
K8B78_11435	cds	0	NA	NA	NA	NA	NA
K8B78_11440	cds	8.35033031848389	1.05907840772976	0.669918780036616	1.58090568482327	0.113899604313862	0.778968558238482
K8B78_11445	cds	0.392777729210795	2.01616148884186	4.00601077044006	0.503284090926291	0.614764550031466	NA
K8B78_11450	cds	0.90420195187727	1.91090670302436	2.34893958688367	0.813518880474724	0.415920625834609	NA
K8B78_11455	cds	0.127432626852749	0.69851164813038	4.0804728567969	0.171183995738842	0.864079091295167	NA
K8B78_11460	cds	0.422798596044245	0.465810818510839	4.00720054546837	0.116243450564911	0.907459601572199	NA
K8B78_11465	cds	0.335866684677493	-2.0464605018051	4.04466926930001	-0.505964855356212	0.612881321734113	NA
K8B78_11470	cds	2.7321207531546	-0.680570304161977	1.93296516417531	-0.352086171429963	0.724773638843173	0.99691600623528
K8B78_11475	cds	0.127432626852749	0.69851164813038	4.0804728567969	0.171183995738842	0.864079091295167	NA
K8B78_11480	cds	0.127432626852749	0.69851164813038	4.0804728567969	0.171183995738842	0.864079091295167	NA
K8B78_11485	cds	4.06764936974468	-0.734600224106054	0.854765248220108	-0.8594175133298	0.390110210831599	0.981635578838079
K8B78_11535	cds	0	NA	NA	NA	NA	NA
K8B78_11540	cds	2.73982751110355	0.620072946513509	1.02972929169259	0.602170834136691	0.547060427736854	0.99691600623528
K8B78_11545	cds	0.488032546810334	-1.17328505354867	3.76011044736466	-0.312034731418857	0.755014128298027	NA
K8B78_11550	cds	1.45741142791363	-0.698689482811781	1.7067827260367	-0.409360530870966	0.682275100112194	NA
K8B78_11555	cds	0.254865253705499	1.4271214034099	4.05189147764595	0.352211161449719	0.724679906979001	NA
K8B78_11560	cds	0.630835301400901	-0.338405550265127	3.07205596126251	-0.110156050062986	0.9122856170531	NA
K8B78_11565	cds	2.33387663441304	0.231860776029622	1.14897367786949	0.201798161694666	0.84007451874092	0.99691600623528
K8B78_11570	cds	0.679999833947167	-1.75996869641154	2.94194757470339	-0.598232514931536	0.549684798724198	NA
K8B78_11575	cds	10.1274640232045	-0.608366764826492	0.598309288268527	-1.01680982855384	0.309243905614265	0.977226285358722
K8B78_11580	cds	0.993867199909533	-0.269112973569517	2.09075283045747	-0.128715824103719	0.897582513748219	NA
K8B78_11585	cds	0	NA	NA	NA	NA	NA
K8B78_11590	cds	0.348233302317538	-2.0914301623042	4.0405079446271	-0.517615654013327	0.604726457624848	NA
K8B78_11595	cds	0	NA	NA	NA	NA	NA
K8B78_11600	cds	0	NA	NA	NA	NA	NA
K8B78_11605	cds	0.307732586831542	-0.263261024083251	4.0804728567969	-0.0645172834919692	0.948558345545108	NA
K8B78_11610	cds	0	NA	NA	NA	NA	NA
K8B78_11615	cds	0.127432626852749	0.69851164813038	4.0804728567969	0.171183995738842	0.864079091295167	NA
K8B78_11620	cds	1.19637135723897	0.21582882054236	1.94021531969059	0.11123962291813	0.911426332049056	NA
K8B78_11625	cds	28.7201684490117	-0.564383688552405	0.473524107371372	-1.19187952580791	0.233308487301795	0.977226285358722
K8B78_11630	cds	3.01261825245949	-0.158676153019576	0.992124642061406	-0.159935703935227	0.872931722848995	0.99691600623528
K8B78_11635	cds	6.7862415675124	-0.604828942978387	0.681335158731057	-0.887711334469869	0.37469604739123	0.977226285358722
K8B78_11640	cds	0	NA	NA	NA	NA	NA
K8B78_11645	cds	0.63949911846117	-0.434363173868756	3.05166825770162	-0.142336301717114	0.886814373797052	NA
K8B78_11650	cds	4.19438406723939	-0.0138855005769469	0.864379233220074	-0.016064130237395	0.98718322974457	0.99691600623528
K8B78_11655	cds	1.11960611150681	1.14536419814175	2.23257406852884	0.513024053395231	0.607934495217023	NA
K8B78_11660	cds	0	NA	NA	NA	NA	NA
K8B78_11665	cds	0	NA	NA	NA	NA	NA
K8B78_11670	cds	0	NA	NA	NA	NA	NA
K8B78_11675	cds	0.313867365962366	1.65967099818041	4.03330497508829	0.411491570419634	0.680712121089506	NA
K8B78_11680	cds	0	NA	NA	NA	NA	NA
K8B78_11685	cds	0	NA	NA	NA	NA	NA
K8B78_11690	cds	0	NA	NA	NA	NA	NA
K8B78_11695	cds	0.127432626852749	0.69851164813038	4.0804728567969	0.171183995738842	0.864079091295167	NA
K8B78_11700	cds	1.74332345400745	-1.13261241838513	1.47402155973537	-0.768382532063146	0.442259955010554	0.995826338602843
K8B78_11705	cds	0.127432626852749	0.69851164813038	4.0804728567969	0.171183995738842	0.864079091295167	NA
K8B78_11710	cds	0	NA	NA	NA	NA	NA
K8B78_11715	cds	0.187077008051562	-1.22504170351211	4.0804728567969	-0.300220525048106	0.764008950054848	NA
K8B78_11720	cds	0	NA	NA	NA	NA	NA
K8B78_11725	cds	0.295365969191496	-0.263261024083251	4.0804728567969	-0.0645172834919692	0.948558345545108	NA
K8B78_11730	cds	0	NA	NA	NA	NA	NA
K8B78_11735	cds	0	NA	NA	NA	NA	NA
K8B78_11740	cds	0	NA	NA	NA	NA	NA
K8B78_11745	cds	0.530690204716092	2.44835269074216	3.52273235897188	0.695015244205699	0.487045748224506	NA
K8B78_11750	cds	0.445645062336838	0.508791661133043	3.60300484964475	0.141213149125572	0.887701558668137	NA
K8B78_11755	cds	0.830676279560596	-2.14284916272728	2.47958595754411	-0.864196361577097	0.387480030610881	NA
K8B78_11760	cds	0	NA	NA	NA	NA	NA
K8B78_11765	cds	0	NA	NA	NA	NA	NA
K8B78_11770	cds	0.462259690120209	2.2258019220326	3.79437564664192	0.58660557870765	0.55746863508745	NA
K8B78_11775	cds	0	NA	NA	NA	NA	NA
K8B78_11780	cds	0.137912475505296	0.69851164813038	4.0804728567969	0.171183995738842	0.864079091295167	NA
K8B78_11785	cds	0.984928346717978	2.11288459903411	2.41797636508926	0.873823511900257	0.382214374094642	NA
K8B78_11790	cds	10.4250658787634	-0.298912129124462	0.619506242793742	-0.482500592369304	0.629450377704469	0.99691600623528
K8B78_11795	cds	0.852880476911243	-0.754672590757515	2.44360780906971	-0.308835398199526	0.757446740636614	NA
K8B78_11800	cds	0	NA	NA	NA	NA	NA
K8B78_11805	cds	0.313867365962366	1.65967099818041	4.03330497508829	0.411491570419634	0.680712121089506	NA
K8B78_11810	cds	0	NA	NA	NA	NA	NA
K8B78_11815	cds	0.492922825895605	-1.15371629464375	3.45082317871564	-0.334330748025504	0.738129990467506	NA
K8B78_11820	cds	0.649978967113717	-0.402897550058265	3.26359812827535	-0.123451949113347	0.901749222198568	NA
K8B78_11825	cds	0.931790840159673	-0.35327012534704	2.27928733820337	-0.154991483270162	0.876828031536164	NA
K8B78_11830	cds	2.01565048307379	0.884131626475235	1.28994309110851	0.685403590723879	0.493089278829787	0.99691600623528
K8B78_11835	cds	1.86412688988289	0.195694356813517	1.30254201806013	0.150240340887401	0.880574999654386	0.99691600623528
K8B78_11840	cds	0.579854737262358	1.0657640916142	3.17122158722924	0.336073674544255	0.73681530968987	NA
K8B78_11845	cds	0	NA	NA	NA	NA	NA
K8B78_11850	cds	0.621599952793907	1.20127656088624	3.07216549898006	0.391019481627882	0.695782835742964	NA
K8B78_11855	cds	2.86502063323782	-0.953048537434027	1.06235986795549	-0.897105177050943	0.369662796472198	0.977226285358722
K8B78_11860	cds	10.2198593681256	-0.0298409905775239	0.562697393272168	-0.0530320398393782	0.957706379523146	0.99691600623528
K8B78_11865	cds	3.02215933675465	-0.243641380997326	0.976868195490082	-0.249410700565489	0.803043108784501	0.99691600623528
K8B78_11870	cds	0.305845817844043	-0.263261024083251	4.0804728567969	-0.0645172834919692	0.948558345545108	NA
K8B78_11875	cds	1.34118319715384	1.50860269734903	1.771165935623	0.851756838253774	0.394349066716262	NA
K8B78_11880	cds	1.37721652678131	0.580539501863617	1.77457431036451	0.327142965201818	0.743559756530659	NA
K8B78_11885	cds	1.64864561055312	-0.877446302492596	1.51694482622116	-0.578429938469409	0.562973886109957	0.99691600623528
K8B78_11890	cds	0.324347214614913	1.70326611696879	4.02960700440772	0.422687898622794	0.672522985931288	NA
K8B78_11895	cds	0.167933342338746	-1.22504170351211	4.0804728567969	-0.300220525048105	0.764008950054848	NA
K8B78_11900	cds	3.14536921042248	0.622078600762407	0.97940379905817	0.63516049392561	0.525323746176989	0.99691600623528
K8B78_11905	cds	1.94786223741985	0.222714773088891	1.28217012976171	0.173701420676742	0.86210012096063	0.99691600623528
K8B78_11910	cds	2.49055182696533	0.357273877488028	1.11342852798685	0.320877244032898	0.748303419434596	0.99691600623528
K8B78_11915	cds	0.318212435484088	-0.263261024083251	4.0804728567969	-0.0645172834919692	0.948558345545108	NA
K8B78_11920	cds	0.759512428299204	1.59906147093885	2.58587149501863	0.618383966109396	0.536322264531282	NA
K8B78_11925	cds	3.28750385921325	-1.67429637731571	1.04997173864164	-1.59461089827214	0.110799273999385	0.778968558238482
K8B78_11930	cds	0.800013143785201	0.353324772078257	2.38617452618007	0.148071638600501	0.882286231802173	NA
K8B78_11935	cds	0.335866684677493	-2.0464605018051	4.04466926930001	-0.505964855356212	0.612881321734113	NA
K8B78_11940	cds	0.445645062336838	0.508791661133043	3.60300484964475	0.141213149125572	0.887701558668137	NA
K8B78_11945	cds	3.46293937696462	0.844539358358566	0.964555313252358	0.875573797329347	0.381261775221789	0.977226285358722
K8B78_11950	cds	0.180299959978792	-1.22504170351211	4.0804728567969	-0.300220525048105	0.764008950054848	NA
K8B78_11955	cds	1.3372102231418	-1.02415076007014	1.72773346977717	-0.592771268245573	0.553334238567931	NA
K8B78_11960	cds	2.57182343136959	0.920794354922123	1.13185285302349	0.813528324342186	0.415915213590001	0.994504174645922
K8B78_11965	cds	3.05483155785435	-0.45867450259852	0.989800627841595	-0.463400900844776	0.643077033064043	0.99691600623528
K8B78_11970	cds	1.35571161991267	-0.23932010566394	1.77464866216652	-0.134854921295675	0.892726581476828	NA
K8B78_11975	cds	3.64169289888395	0.13467829179488	0.95661794654792	0.140785872020156	0.888039104389038	0.99691600623528
K8B78_11980	cds	0.710990164694884	1.49610937761385	2.84328390501265	0.526190639976628	0.598755756709287	NA
K8B78_11985	cds	0	NA	NA	NA	NA	NA
K8B78_11990	cds	1.73487823143787	-0.050451484512524	1.34412738470288	-0.0375347493747226	0.970058633664634	0.99691600623528
K8B78_11995	cds	0	NA	NA	NA	NA	NA
K8B78_12000	cds	0.127432626852749	0.69851164813038	4.0804728567969	0.171183995738842	0.864079091295167	NA
K8B78_12005	cds	0	NA	NA	NA	NA	NA
K8B78_12010	cds	0	NA	NA	NA	NA	NA
K8B78_12015	cds	0.167933342338746	-1.22504170351211	4.0804728567969	-0.300220525048105	0.764008950054848	NA
K8B78_12020	cds	1.02731583119147	0.979307361276016	2.19510017895412	0.446133333988711	0.655500935355179	NA
K8B78_12025	cds	0.787646526145155	0.391465745971442	2.54416886283161	0.153867831530549	0.877713948723927	NA
K8B78_12030	cds	0.127432626852749	0.69851164813038	4.0804728567969	0.171183995738842	0.864079091295167	NA
K8B78_12035	cds	0.6327220703884	-0.40863901826657	2.86471827084967	-0.14264544699726	0.886570202956251	NA
K8B78_12040	cds	0	NA	NA	NA	NA	NA
K8B78_12045	cds	0.167933342338746	-1.22504170351211	4.0804728567969	-0.300220525048105	0.764008950054848	NA
K8B78_12050	cds	0.5470346590672	-1.1730111795767	3.56588886203557	-0.32895337599139	0.742190929077915	NA
K8B78_12055	cds	0	NA	NA	NA	NA	NA
K8B78_12060	cds	0.433278444696792	0.508318354154505	3.64486435972284	0.139461528327808	0.88908545474744	NA
K8B78_12065	cds	0.127432626852749	0.69851164813038	4.0804728567969	0.171183995738842	0.864079091295167	NA
K8B78_12070	cds	0.180299959978792	-1.22504170351211	4.0804728567969	-0.300220525048105	0.764008950054848	NA
K8B78_12075	cds	0.354368081448363	-0.263261024083251	4.0804728567969	-0.0645172834919692	0.948558345545108	NA
K8B78_12080	cds	0.127432626852749	0.69851164813038	4.0804728567969	0.171183995738842	0.864079091295167	NA
K8B78_12085	cds	0.456124910989385	0.543783129069735	3.8779984063521	0.140222628296862	0.888484093738356	NA
K8B78_12090	cds	1.61675169058733	-0.981378782962927	1.52074451924778	-0.645327844711455	0.518714751899669	0.99691600623528
K8B78_12095	cds	0.638214580577278	2.68170646018354	2.97737256284543	0.900695631325585	0.367750172112461	NA
K8B78_12100	cds	0.742897800515833	0.126851337801608	3.01866113238771	0.0420223841757524	0.966480853884186	NA
K8B78_12105	cds	0.180299959978792	-1.22504170351211	4.0804728567969	-0.300220525048105	0.764008950054848	NA
K8B78_12110	cds	1.31272190433557	-1.10274444091225	1.74732745803583	-0.631103480827713	0.527972865337349	NA
K8B78_12115	cds	0.186434739109616	0.69851164813038	4.0804728567969	0.171183995738842	0.864079091295167	NA
K8B78_12120	cds	0.137912475505296	0.69851164813038	4.0804728567969	0.171183995738842	0.864079091295167	NA
K8B78_12125	cds	0.127432626852749	0.69851164813038	4.0804728567969	0.171183995738842	0.864079091295167	NA
K8B78_12130	cds	0.314509634904312	-0.263261024083251	4.0804728567969	-0.0645172834919693	0.948558345545108	NA
K8B78_12135	cds	0	NA	NA	NA	NA	NA
K8B78_12140	cds	1.34783792888981	0.487367970523393	1.89847216276669	0.256715889799058	0.797398104254796	NA
K8B78_12145	cds	0.392777729210795	2.01616148884186	4.00601077044006	0.503284090926291	0.614764550031466	NA
K8B78_12150	cds	0	NA	NA	NA	NA	NA
K8B78_12155	cds	0	NA	NA	NA	NA	NA
K8B78_12160	cds	0	NA	NA	NA	NA	NA
K8B78_12165	cds	0	NA	NA	NA	NA	NA
K8B78_12170	cds	0	NA	NA	NA	NA	NA
K8B78_12175	cds	0	NA	NA	NA	NA	NA
K8B78_12180	cds	0	NA	NA	NA	NA	NA
K8B78_12185	cds	0	NA	NA	NA	NA	NA
K8B78_12190	cds	0.313867365962366	1.65967099818041	4.03330497508829	0.411491570419634	0.680712121089506	NA
K8B78_12195	cds	1.00635613388638	0.943702556756846	2.19017316578251	0.430880339281154	0.666555379726444	NA
K8B78_12200	cds	1.05539835009584	-1.26883342876404	2.17251937895845	-0.584037795498214	0.55919488381792	NA
K8B78_12205	cds	0	NA	NA	NA	NA	NA
K8B78_12210	cds	1.85594298758943	0.666269322805495	1.44037495100096	0.462566585417556	0.643675064423009	0.99691600623528
K8B78_12215	cds	59.8711618892638	-0.108268372746522	0.320206382420125	-0.338120595624071	0.735272310566514	0.99691600623528
K8B78_12220	cds	0.98584565179121	-1.32598063379285	2.36651748263616	-0.56030882658673	0.575268807901747	NA
K8B78_12225	cds	0.314509634904312	-0.263261024083251	4.0804728567969	-0.0645172834919693	0.948558345545108	NA
K8B78_12230	cds	0.187077008051562	-1.22504170351211	4.0804728567969	-0.300220525048106	0.764008950054848	NA
K8B78_12235	cds	1.06411374609769	0.0764602044285052	2.09197067240923	0.0365493672721756	0.970844315591421	NA
K8B78_12240	cds	7.10984945380696	-0.00280346789808108	0.725305676187119	-0.00386522260906424	0.99691600623528	0.99691600623528
K8B78_12245	cds	0.709103395707385	1.51960035528716	2.86782744759625	0.529878586858794	0.596196113532057	NA
K8B78_12250	cds	0.324989483556859	-0.263261024083251	4.0804728567969	-0.0645172834919693	0.948558345545108	NA
K8B78_12255	cds	0	NA	NA	NA	NA	NA
K8B78_12260	cds	0.966701986078394	-1.29568926243111	2.41300120432275	-0.536961713947742	0.591294060454827	NA
K8B78_12265	cds	5.0844853522836	-0.369558925078946	0.755457014996291	-0.489185906997978	0.624710086035347	0.99691600623528
K8B78_12270	cds	0.768105507964252	1.64353670275642	2.76125922654696	0.59521275183269	0.551701267470677	NA
K8B78_12275	cds	0	NA	NA	NA	NA	NA
K8B78_12280	cds	2.44756211138823	-0.0812887666947191	1.10407222919019	-0.073626312251638	0.941307733806869	0.99691600623528
K8B78_12285	cds	0.167933342338746	-1.22504170351211	4.0804728567969	-0.300220525048105	0.764008950054848	NA
K8B78_12290	cds	0	NA	NA	NA	NA	NA
K8B78_12295	cds	2.73351369019507	2.7704155942465	1.32924430753607	2.08420346699233	0.0371416635328434	0.552482245051045
K8B78_12300	cds	1.04174719457191	0.897817392499172	2.1948856211298	0.409049739929969	0.682503159186513	NA
K8B78_12305	cds	0.717767212767654	1.49637516697409	2.82986943377046	0.528778871956771	0.596958855966235	NA
K8B78_12310	cds	0.825291588628841	1.71190722254596	2.49237670864879	0.686857334449271	0.492172635463954	NA
K8B78_12315	cds	1.03625468438303	-1.24288015409342	2.0734153704731	-0.59943616305392	0.548882067733987	NA
K8B78_12320	cds	0.392777729210795	2.01616148884186	4.00601077044006	0.503284090926291	0.614764550031466	NA
K8B78_12325	cds	0	NA	NA	NA	NA	NA
K8B78_12330	cds	2.9193628858036	0.319623886346688	1.03935472958293	0.30752146235477	0.758446489372479	0.99691600623528
K8B78_12335	cds	0.868443658381083	0.609680217821985	2.40400193280448	0.253610535624961	0.799796456444128	NA
K8B78_12340	cds	0.318212435484088	-0.263261024083251	4.0804728567969	-0.0645172834919692	0.948558345545108	NA
K8B78_12345	cds	3.38856197817172	0.132666596864515	0.935304409311817	0.141843228304813	0.887203838001211	0.99691600623528
K8B78_12350	cds	0.443758293349339	0.543465612909461	3.92506612144503	0.138460244004598	0.889876687614801	NA
K8B78_12355	cds	0.167933342338746	-1.22504170351211	4.0804728567969	-0.300220525048105	0.764008950054848	NA
K8B78_12360	cds	0.295365969191496	-0.263261024083251	4.0804728567969	-0.0645172834919692	0.948558345545108	NA
K8B78_12365	cds	0	NA	NA	NA	NA	NA
K8B78_12370	cds	1.87214843800122	0.725271689910385	1.29728091295891	0.559070655141411	0.576113500886639	0.99691600623528
K8B78_12375	cds	0.727879828609541	-0.00584326349149779	2.86263371609073	-0.0020412194052816	0.998371343682302	NA
K8B78_12380	cds	0.186434739109616	0.69851164813038	4.0804728567969	0.171183995738842	0.864079091295167	NA
K8B78_12385	cds	0	NA	NA	NA	NA	NA
K8B78_12390	cds	1.6562944832623	-0.666476221798819	2.55368009245458	-0.260986575322443	0.794102859926278	0.99691600623528
K8B78_12395	cds	1.82570570101722	-4.4689158633106	1.70917887531622	-2.6146566212877	0.00893171997554311	0.253065399307055
K8B78_12400	cds	3.10796906441265	0.275545490871321	0.950449298454499	0.289910773062149	0.771884499692967	0.99691600623528
K8B78_12405	cds	0.137912475505296	0.69851164813038	4.0804728567969	0.171183995738842	0.864079091295167	NA
K8B78_12410	cds	0.167933342338746	-1.22504170351211	4.0804728567969	-0.300220525048105	0.764008950054848	NA
K8B78_12415	cds	0	NA	NA	NA	NA	NA
K8B78_12420	cds	0.367376968030354	-2.15873512061444	4.03450955624596	-0.535067544274974	0.592603151810088	NA
K8B78_12425	cds	0.180299959978792	-1.22504170351211	4.0804728567969	-0.300220525048105	0.764008950054848	NA
K8B78_12430	cds	0	NA	NA	NA	NA	NA
K8B78_12435	cds	1.88503500824641	-0.530763916548359	1.35614498229867	-0.391376971840218	0.695518611380451	0.99691600623528
K8B78_12440	cds	0	NA	NA	NA	NA	NA
K8B78_12445	cds	1.22958878790222	0.437830911058214	1.80476716041023	0.242596895966732	0.808317686055443	NA
K8B78_12450	cds	2.14432703007264	-0.878587545367772	1.26923912019256	-0.692215935823409	0.488801732542984	0.99691600623528
K8B78_12455	cds	0.180299959978792	-1.22504170351211	4.0804728567969	-0.300220525048105	0.764008950054848	NA
K8B78_12460	cds	1.0254997995992	0.897051532532463	2.16485001580978	0.414371215549043	0.678602266013652	NA
K8B78_12465	cds	0.668602680221388	2.78131458255246	3.1214349404317	0.891037178614974	0.372909225098007	NA
K8B78_12470	cds	0.788288795087101	-0.929359968490231	2.54514055268588	-0.36515074482212	0.714998883305119	NA
K8B78_12475	cds	0.481800708301112	0.693003590515408	3.4857574990322	0.198810040775303	0.842411341376322	NA
K8B78_12480	cds	0.314509634904312	-0.263261024083251	4.0804728567969	-0.0645172834919693	0.948558345545108	NA
K8B78_12485	cds	0.167933342338746	-1.22504170351211	4.0804728567969	-0.300220525048105	0.764008950054848	NA
K8B78_12490	cds	0.167933342338746	-1.22504170351211	4.0804728567969	-0.300220525048105	0.764008950054848	NA
K8B78_12495	cds	1.21531014431627	-2.7518366932582	2.00898793385736	-1.369762678452	0.170760995837651	NA
K8B78_12500	cds	0.187077008051562	-1.22504170351211	4.0804728567969	-0.300220525048106	0.764008950054848	NA
K8B78_12505	cds	0.313867365962366	1.65967099818041	4.03330497508829	0.411491570419634	0.680712121089506	NA
K8B78_12510	cds	0.382297880558248	1.98126111884408	4.00840382402356	0.494276825845189	0.62111068916803	NA
K8B78_12515	cds	0.413737426515889	2.08394723742054	4.00152043369365	0.520788853125242	0.602513869088731	NA
K8B78_12520	cds	0.540802820557979	0.912289122459377	3.58786494964757	0.254270753013987	0.799286393130162	NA
K8B78_12525	cds	0	NA	NA	NA	NA	NA
K8B78_12530	cds	0	NA	NA	NA	NA	NA
K8B78_12535	cds	0.180299959978792	-1.22504170351211	4.0804728567969	-0.300220525048105	0.764008950054848	NA
K8B78_12540	cds	0.859382488852727	1.84659360220048	2.60136671102967	0.709855167428342	0.477793954454481	NA
K8B78_12545	cds	0.186434739109616	0.69851164813038	4.0804728567969	0.171183995738842	0.864079091295167	NA
K8B78_12550	cds	0.372869478219233	1.88438229328003	4.01534856034508	0.469294823341086	0.638858914945502	NA
K8B78_12555	cds	0	NA	NA	NA	NA	NA
K8B78_12560	cds	0	NA	NA	NA	NA	NA
K8B78_12565	cds	0.127432626852749	0.69851164813038	4.0804728567969	0.171183995738842	0.864079091295167	NA
K8B78_12570	cds	12.0462315520203	-0.313055512071476	0.588589912667838	-0.531873729627005	0.594813453239966	0.99691600623528
K8B78_12575	cds	8.13477364038493	0.554426546559501	0.658689064952031	0.841712085504072	0.399949131782621	0.994504174645922
K8B78_12580	cds	1.28792337425873	-1.42766716759087	1.99607322532252	-0.715237872779039	0.474462070545411	NA
K8B78_12585	cds	4.54407988419371	-0.716066356196014	0.795813764370445	-0.899791368603033	0.368231288591881	0.977226285358722
K8B78_12590	cds	0.187077008051562	-1.22504170351211	4.0804728567969	-0.300220525048106	0.764008950054848	NA
K8B78_12595	cds	0.627734731924732	2.6621629920876	3.24480009202598	0.820439754864962	0.411965460123284	NA
K8B78_12600	cds	0.167933342338746	-1.22504170351211	4.0804728567969	-0.300220525048105	0.764008950054848	NA
K8B78_12605	cds	0.186434739109616	0.69851164813038	4.0804728567969	0.171183995738842	0.864079091295167	NA
K8B78_12610	cds	0	NA	NA	NA	NA	NA
K8B78_12615	cds	0	NA	NA	NA	NA	NA
K8B78_12620	cds	0.668602680221388	2.78131458255246	3.1214349404317	0.891037178614974	0.372909225098007	NA
K8B78_12625	cds	0.649978967113717	-0.402897550058265	3.26359812827535	-0.123451949113347	0.901749222198568	NA
K8B78_12630	cds	0	NA	NA	NA	NA	NA
K8B78_12635	cds	0.791991595666878	-0.882332143303488	2.70289680821184	-0.326439448455013	0.744091895174312	NA
K8B78_12640	cds	1.87318805941125	-0.300831584624213	1.31591900197201	-0.228609499652633	0.819172440431644	0.99691600623528
K8B78_12645	cds	3.87389130797397	0.224274923430971	0.871067592035218	0.257471320804119	0.796814951878417	0.99691600623528
K8B78_12650	cds	1.14824644610274	-0.649760544233051	1.89382319156343	-0.343094617875413	0.731527279980507	NA
K8B78_12655	cds	1.51164557742203	0.210394018175629	1.54202616007227	0.136439979828727	0.891473469842988	0.99691600623528
K8B78_12660	cds	0.861544293971512	-0.830280507918937	2.43337027466096	-0.341205987664422	0.732948515974763	NA
K8B78_12665	cds	0.305845817844043	-0.263261024083251	4.0804728567969	-0.0645172834919692	0.948558345545108	NA
K8B78_12670	cds	1.75225744449998	0.648214908711953	1.47111599444021	0.440628007010835	0.659482323697537	0.99691600623528
K8B78_12675	cds	0.127432626852749	0.69851164813038	4.0804728567969	0.171183995738842	0.864079091295167	NA
K8B78_12680	cds	0.180299959978792	-1.22504170351211	4.0804728567969	-0.300220525048105	0.764008950054848	NA
K8B78_12685	cds	0.561231024154687	-2.76875688547317	3.79276836737113	-0.730009485760469	0.465384386405062	NA
K8B78_12690	cds	1.70856016518419	0.495647658344288	1.38627220987709	0.357539922399681	0.720687644801357	0.99691600623528
K8B78_12695	cds	0	NA	NA	NA	NA	NA
K8B78_12700	cds	0	NA	NA	NA	NA	NA
K8B78_12705	cds	1.09589906558184	-2.50336785028767	2.1500923774601	-1.16430711374592	0.244299574707423	NA
K8B78_12710	cds	1.64806863640792	-0.067682796867004	1.52415548935263	-0.0444067533396815	0.964580178574273	0.99691600623528
K8B78_12715	cds	0.275824951010593	1.50446712001198	4.04727167565451	0.371723778530059	0.710098518947046	NA
K8B78_12720	cds	0.843042897200642	-2.16316366661125	2.46330691572451	-0.878154343172872	0.379859965264612	NA
K8B78_12725	cds	0.433278444696792	0.508318354154505	3.64486435972284	0.139461528327808	0.88908545474744	NA
K8B78_12730	cds	0.783398516001829	-0.979752354088581	2.71953517019949	-0.360264638172233	0.718649240954697	NA
K8B78_12735	cds	3.82785910948553	-0.662802332167326	0.935904274956126	-0.708194577055861	0.478824433349392	0.995826338602843
K8B78_12740	cds	1.97165126574408	0.281976008480289	1.27112470482299	0.221831900057008	0.824444745419066	0.99691600623528
K8B78_12745	cds	0.318212435484088	-0.263261024083251	4.0804728567969	-0.0645172834919692	0.948558345545108	NA
K8B78_12750	cds	1.81901093144291	-0.519033454810408	1.36769775749417	-0.379494264698771	0.704320862449096	0.99691600623528
K8B78_12755	cds	0.137912475505296	0.69851164813038	4.0804728567969	0.171183995738842	0.864079091295167	NA
K8B78_12760	cds	0.127432626852749	0.69851164813038	4.0804728567969	0.171183995738842	0.864079091295167	NA
K8B78_12765	cds	0.335866684677493	-2.0464605018051	4.04466926930001	-0.505964855356212	0.612881321734113	NA
K8B78_12770	cds	0	NA	NA	NA	NA	NA
K8B78_12775	cds	0.127432626852749	0.69851164813038	4.0804728567969	0.171183995738842	0.864079091295167	NA
K8B78_12780	cds	0.180299959978792	-1.22504170351211	4.0804728567969	-0.300220525048105	0.764008950054848	NA
K8B78_12785	cds	0	NA	NA	NA	NA	NA
K8B78_12790	cds	0	NA	NA	NA	NA	NA
K8B78_12795	cds	0.137912475505296	0.69851164813038	4.0804728567969	0.171183995738842	0.864079091295167	NA
K8B78_12800	cds	0	NA	NA	NA	NA	NA
K8B78_12805	cds	0.137912475505296	0.69851164813038	4.0804728567969	0.171183995738842	0.864079091295167	NA
K8B78_12810	cds	0.777166677492608	0.367368473092727	2.72858947667331	0.13463676974252	0.892899068230493	NA
K8B78_12815	cds	2.50234147046017	0.880934535115035	1.10639017280297	0.796224114033157	0.425901784002605	0.994504174645922
K8B78_12820	cds	1.15447828461196	-1.67408879200813	2.07046779662112	-0.80855582237992	0.418770684577302	NA
K8B78_12825	cds	0.481800708301112	0.693003590515408	3.4857574990322	0.198810040775303	0.842411341376322	NA
K8B78_12830	cds	0.550231222896995	1.02606480822376	3.53807131962986	0.290006818836852	0.771811020998502	NA
K8B78_12835	cds	1.72715755630869	4.13919232780052	1.69432628939554	2.44297238005862	0.0145668520603619	0.321679408262595
K8B78_12840	cds	2.66590448631879	-0.25433257303637	1.03326189924965	-0.246145312452791	0.805569747595909	0.99691600623528
K8B78_12845	cds	0.275824951010593	1.50446712001198	4.04727167565451	0.371723778530059	0.710098518947046	NA
K8B78_12850	cds	0	NA	NA	NA	NA	NA
K8B78_12855	cds	9.42116137076376	1.38665612874662	0.683160533032937	2.0297661555337	0.0423803147040682	0.577829981102629
K8B78_12860	cds	8.05115203982889	-0.140604094621162	0.642677889798024	-0.218778484296931	0.826822607917404	0.99691600623528
K8B78_12865	cds	1.20724855835961	-0.529990918091307	1.92656695375377	-0.275096028746189	0.783242462524661	NA
K8B78_12870	cds	2.09972616153878	-0.038663483765238	1.18755098560069	-0.0325573253140631	0.974027601239989	0.99691600623528
K8B78_12875	cds	0	NA	NA	NA	NA	NA
K8B78_12880	cds	0	NA	NA	NA	NA	NA
K8B78_12885	cds	0	NA	NA	NA	NA	NA
K8B78_12890	cds	0	NA	NA	NA	NA	NA
K8B78_12895	cds	0	NA	NA	NA	NA	NA
K8B78_12900	cds	0	NA	NA	NA	NA	NA
K8B78_12905	cds	0	NA	NA	NA	NA	NA
K8B78_12910	cds	0	NA	NA	NA	NA	NA
K8B78_12915	cds	0	NA	NA	NA	NA	NA
K8B78_12920	cds	2.81502077801759	-0.64593511397792	1.78109130750717	-0.362662549222127	0.716856979084581	0.99691600623528
K8B78_12925	cds	0.127432626852749	0.69851164813038	4.0804728567969	0.171183995738842	0.864079091295167	NA
K8B78_12930	cds	0.522943692729055	-2.67710595919875	3.57765183821809	-0.748285769621488	0.454287806089366	NA
K8B78_12935	cds	1.18030193901915	0.204764483049403	1.86835559153463	0.109596098289413	0.912729705132601	NA
K8B78_12940	cds	1.55876098680566	0.839882605744469	1.59559147274966	0.526376970602074	0.5986263132761	0.99691600623528
K8B78_12945	cds	0	NA	NA	NA	NA	NA
K8B78_12950	cds	1.60301855266413	2.93057472426953	1.84382390267922	1.58940054959217	0.111969990610255	0.778968558238482
K8B78_12955	cds	0.865792304114838	0.473522545571273	2.43140161667751	0.194752912198166	0.845586386961283	NA
K8B78_12960	cds	1.05181786585287	-0.031716530864273	2.2566507758189	-0.01405469167145	0.988786347689989	NA
K8B78_12965	cds	0.857963809728536	0.58125695056684	2.59954799284705	0.223599238085327	0.823069156578621	NA
K8B78_12970	cds	0.392777729210795	2.01616148884186	4.00601077044006	0.503284090926291	0.614764550031466	NA
K8B78_12975	cds	0.776769325024521	1.6210618220061	2.55985813849103	0.633262366234745	0.5265623248157	NA
K8B78_12980	cds	0.137912475505296	0.69851164813038	4.0804728567969	0.171183995738842	0.864079091295167	NA
K8B78_12985	cds	0	NA	NA	NA	NA	NA
K8B78_12990	cds	0	NA	NA	NA	NA	NA
K8B78_12995	cds	1.31652069926897	1.45948724622008	1.81270511440237	0.805143227447262	0.420737033293218	NA
K8B78_13000	cds	0.127432626852749	0.69851164813038	4.0804728567969	0.171183995738842	0.864079091295167	NA
K8B78_13005	cds	0	NA	NA	NA	NA	NA
K8B78_13010	cds	0.335866684677493	-2.0464605018051	4.04466926930001	-0.505964855356212	0.612881321734113	NA
K8B78_13015	cds	0	NA	NA	NA	NA	NA
K8B78_13020	cds	0.541170053368639	2.47394191420263	3.50890675161183	0.705046354699	0.480781389264864	NA
K8B78_13025	cds	0.187077008051562	-1.22504170351211	4.0804728567969	-0.300220525048106	0.764008950054848	NA
K8B78_13030	cds	0.127432626852749	0.69851164813038	4.0804728567969	0.171183995738842	0.864079091295167	NA
K8B78_13035	cds	1.16051600436439	1.21865162472203	2.03997238578105	0.59738633386228	0.550249475754992	NA
K8B78_13040	cds	0.137912475505296	0.69851164813038	4.0804728567969	0.171183995738842	0.864079091295167	NA
K8B78_13045	cds	0.500944374013928	0.692342006617703	3.42790037607909	0.201972616079823	0.839938132196121	NA
K8B78_13050	cds	0.295365969191496	-0.263261024083251	4.0804728567969	-0.0645172834919692	0.948558345545108	NA
K8B78_13055	cds	0.180299959978792	-1.22504170351211	4.0804728567969	-0.300220525048105	0.764008950054848	NA
K8B78_13060	cds	3.58782656208566	1.59085711044552	1.00586767678904	1.58157692821377	0.113746184439438	0.778968558238482
K8B78_13065	cds	0	NA	NA	NA	NA	NA
K8B78_13070	cds	0.727604792478255	2.88927334740244	2.77564412543123	1.04093796496824	0.29790434029602	NA
K8B78_13075	cds	0.452422110409608	0.509052668131472	3.5805595003791	0.142171263479234	0.886944729614482	NA
K8B78_13080	cds	0.295365969191496	-0.263261024083251	4.0804728567969	-0.0645172834919692	0.948558345545108	NA
K8B78_13085	cds	0	NA	NA	NA	NA	NA
K8B78_13090	cds	0	NA	NA	NA	NA	NA
K8B78_13095	cds	0	NA	NA	NA	NA	NA
K8B78_13100	cds	0	NA	NA	NA	NA	NA
K8B78_13105	cds	0	NA	NA	NA	NA	NA
K8B78_13110	cds	0	NA	NA	NA	NA	NA
K8B78_13115	cds	0	NA	NA	NA	NA	NA
K8B78_13120	cds	0	NA	NA	NA	NA	NA
K8B78_13125	cds	0	NA	NA	NA	NA	NA
K8B78_13130	cds	0.452422110409608	0.509052668131472	3.5805595003791	0.142171263479234	0.886944729614482	NA
K8B78_13135	cds	0.433278444696792	0.508318354154505	3.64486435972284	0.139461528327808	0.88908545474744	NA
K8B78_13140	cds	0	NA	NA	NA	NA	NA
K8B78_13145	cds	2.98758852176396	-0.584402743387023	0.991618198765647	-0.589342495039401	0.555631543670258	0.99691600623528
K8B78_13150	cds	0.324347214614913	1.70326611696879	4.02960700440772	0.422687898622794	0.672522985931288	NA
K8B78_13155	cds	0	NA	NA	NA	NA	NA
K8B78_13160	cds	0	NA	NA	NA	NA	NA
K8B78_13165	cds	0.137912475505296	0.69851164813038	4.0804728567969	0.171183995738842	0.864079091295167	NA
K8B78_13170	cds	0.180299959978792	-1.22504170351211	4.0804728567969	-0.300220525048105	0.764008950054848	NA
K8B78_13175	cds	0.318212435484088	-0.263261024083251	4.0804728567969	-0.0645172834919692	0.948558345545108	NA
K8B78_13180	cds	0.710020700780617	-3.1152843317498	3.03554956089518	-1.02626699688313	0.304765749175237	NA
K8B78_13185	cds	431.524377403451	-0.386860821404109	0.411719224937956	-0.939622922544866	0.347411014041718	0.977226285358722
K8B78_13190	cds	19.4950135517217	0.721492537111667	0.488774280736985	1.47612623156804	0.139910008142602	0.846788428179565
K8B78_13195	cds	0	NA	NA	NA	NA	NA
K8B78_13200	cds	0	NA	NA	NA	NA	NA
K8B78_13205	cds	0.137912475505296	0.69851164813038	4.0804728567969	0.171183995738842	0.864079091295167	NA
K8B78_13210	cds	0	NA	NA	NA	NA	NA
K8B78_13215	cds	0	NA	NA	NA	NA	NA
K8B78_13220	cds	0.127432626852749	0.69851164813038	4.0804728567969	0.171183995738842	0.864079091295167	NA
K8B78_13225	cds	0.137912475505296	0.69851164813038	4.0804728567969	0.171183995738842	0.864079091295167	NA
K8B78_13230	cds	0.180299959978792	-1.22504170351211	4.0804728567969	-0.300220525048105	0.764008950054848	NA
K8B78_13235	cds	0	NA	NA	NA	NA	NA
K8B78_13240	cds	0.68802138206549	-0.263012146552714	2.94350557251445	-0.0893533713707359	0.928801079435	NA
K8B78_13245	cds	2.74247828547034	-1.15268336058396	1.09083080939254	-1.05670224076809	0.290647502028553	0.977226285358722
K8B78_13250	cds	0	NA	NA	NA	NA	NA
K8B78_13255	cds	0.751490880180881	0.236051849624386	2.59854477456757	0.0908400162793684	0.927619713086922	NA
K8B78_13260	cds	0.486145777822835	-1.13124141248384	3.47157849839712	-0.325857938400687	0.744531840479058	NA
K8B78_13265	cds	0.186434739109616	0.69851164813038	4.0804728567969	0.171183995738842	0.864079091295167	NA
K8B78_13270	cds	2.1511446958832	0.037404599177147	1.21690097970811	0.0307375865422666	0.975478815588381	0.99691600623528
K8B78_13275	cds	0.76015469724115	0.152651160684655	2.58251579056596	0.0591094781461921	0.952864909374647	NA
K8B78_13280	cds	0.443758293349339	0.543465612909461	3.92506612144503	0.138460244004598	0.889876687614801	NA
K8B78_13285	cds	1.49975887454879	0.777031388291882	1.59757731333519	0.486381085789023	0.626696998333345	0.99691600623528
K8B78_13290	cds	1.65364370889551	2.9046160185254	1.73762040827141	1.67160560770285	0.094602118261984	0.760652167106493
K8B78_13295	cds	0.609233335153862	1.201319007785	3.10144943003329	0.387341156090398	0.698503660735329	NA
K8B78_13300	cds	0	NA	NA	NA	NA	NA
K8B78_13305	cds	0	NA	NA	NA	NA	NA
K8B78_13310	cds	0.579212468320412	2.55979681519694	3.11456295519268	0.821879940146717	0.411145230832722	NA
K8B78_13315	cds	0	NA	NA	NA	NA	NA
K8B78_13320	cds	0.186434739109616	0.69851164813038	4.0804728567969	0.171183995738842	0.864079091295167	NA
K8B78_13325	cds	1.97685719869843	0.176604965234514	1.37424635901024	0.128510411598768	0.897745059279529	0.99691600623528
K8B78_13330	cds	0.382297880558248	1.98126111884408	4.00840382402356	0.494276825845189	0.62111068916803	NA
K8B78_13335	cds	0	NA	NA	NA	NA	NA
K8B78_13340	cds	0	NA	NA	NA	NA	NA
K8B78_13345	cds	0.127432626852749	0.69851164813038	4.0804728567969	0.171183995738842	0.864079091295167	NA
K8B78_13350	cds	1.17352489094638	0.212790619878114	1.80115769568778	0.11814102695592	0.90595591624874	NA
K8B78_13355	cds	3.57147325457842	0.906009657489029	0.922064032201964	0.982588655286123	0.325809930151139	0.977226285358722
K8B78_13360	cds	0.992949894836301	3.34393174108403	2.31712918430318	1.44313565412609	0.148982261327173	NA
K8B78_13365	cds	15.3770199773018	-0.386281889074738	0.5074340869479	-0.761245448444616	0.446510476941611	0.995826338602843
K8B78_13370	cds	0	NA	NA	NA	NA	NA
K8B78_13375	cds	0.127432626852749	0.69851164813038	4.0804728567969	0.171183995738842	0.864079091295167	NA
K8B78_13380	cds	2.96342739793005	0.821585536332032	1.00028933638796	0.821347890500138	0.41144813629048	0.994504174645922
K8B78_13385	cds	0	NA	NA	NA	NA	NA
K8B78_13390	cds	0.382297880558248	1.98126111884408	4.00840382402356	0.494276825845189	0.62111068916803	NA
K8B78_13395	cds	0.534668041427155	-1.13176913104417	3.33094517190721	-0.339774169983156	0.734026601242915	NA
K8B78_13400	cds	0.433278444696792	0.508318354154505	3.64486435972284	0.139461528327808	0.88908545474744	NA
K8B78_13405	cds	0	NA	NA	NA	NA	NA
K8B78_13410	cds	0.628377000866677	1.20125328099899	3.05641743626466	0.393026576391699	0.694299852500982	NA
K8B78_13415	cds	0	NA	NA	NA	NA	NA
K8B78_13420	cds	0.348233302317538	-2.0914301623042	4.0405079446271	-0.517615654013327	0.604726457624848	NA
K8B78_13425	cds	1.75991175980765	0.590215684905861	1.48854873800151	0.396504104862746	0.691733180247384	0.99691600623528
K8B78_13430	cds	1.08385964291412	2.22916760886116	2.11287745927883	1.05503875725099	0.2914075994355	NA
K8B78_13435	cds	0.372869478219233	1.88438229328003	4.01534856034508	0.469294823341086	0.638858914945502	NA
K8B78_13440	cds	0.615465173663083	-0.435408216511726	3.3540474252998	-0.129815760274412	0.896712193534453	NA
K8B78_13445	cds	2.82517401159727	-0.402165546751396	1.01879811625875	-0.394745082792491	0.693031027771754	0.99691600623528
K8B78_13450	cds	2.70128478712559	-5.0378732691166	1.47172303599723	-3.42311232881055	0.000619084885782157	0.0409283896711537
K8B78_13455	cds	0	NA	NA	NA	NA	NA
K8B78_13460	cds	0.180299959978792	-1.22504170351211	4.0804728567969	-0.300220525048105	0.764008950054848	NA
K8B78_13465	cds	30.7203314313257	-1.15610947032889	0.440353881081016	-2.62540997138661	0.00865446923747901	0.253065399307055
K8B78_13470	cds	0	NA	NA	NA	NA	NA
K8B78_13475	cds	0.422798596044245	0.465810818510839	4.00720054546837	0.116243450564911	0.907459601572199	NA
K8B78_13480	cds	3.89626968440325	0.490765502413211	0.885727947248318	0.554081537042912	0.57952304508607	0.99691600623528
K8B78_13485	cds	0.295365969191496	-0.263261024083251	4.0804728567969	-0.0645172834919692	0.948558345545108	NA
K8B78_13490	cds	2.96985171027184	-0.810525911118936	1.03593938679582	-0.782406694300821	0.433975600869898	0.994504174645922
K8B78_13495	cds	0	NA	NA	NA	NA	NA
K8B78_13500	cds	0	NA	NA	NA	NA	NA
K8B78_13505	cds	0	NA	NA	NA	NA	NA
K8B78_13510	cds	0.335866684677493	-2.0464605018051	4.04466926930001	-0.505964855356212	0.612881321734113	NA
K8B78_13515	cds	0	NA	NA	NA	NA	NA
K8B78_13520	cds	0.324989483556859	-0.263261024083251	4.0804728567969	-0.0645172834919693	0.948558345545108	NA
K8B78_13525	cds	4.41171149781887	-0.0557228351665404	0.854278022183603	-0.0652279863458366	0.947992478689882	0.99691600623528
K8B78_13530	cds	0.187077008051562	-1.22504170351211	4.0804728567969	-0.300220525048106	0.764008950054848	NA
K8B78_13535	cds	3.31469597492702	-0.273697541383244	0.958724256948816	-0.285480981001044	0.775275673383015	0.99691600623528
K8B78_13540	cds	1.31220195173042	0.647849068499159	1.79470590270196	0.360977844628367	0.718116009420832	NA
K8B78_13545	cds	1.92207755582623	0.31787591650408	1.32134640310824	0.240569706593466	0.809888631337858	0.99691600623528
K8B78_13550	cds	0.318212435484088	-0.263261024083251	4.0804728567969	-0.0645172834919692	0.948558345545108	NA
K8B78_13555	cds	0.482442977243058	-1.15370312374256	3.48273473276398	-0.33126356506255	0.740445409928513	NA
K8B78_13560	cds	0.522301423787109	-1.08739745598522	3.64479994092956	-0.298342151450951	0.765442036036677	NA
K8B78_13565	cds	0.180299959978792	-1.22504170351211	4.0804728567969	-0.300220525048105	0.764008950054848	NA
K8B78_13570	cds	0.463299311530242	-1.08589908874976	3.84946604212242	-0.282090834642367	0.777873860867089	NA
K8B78_13575	cds	0.541445089499925	-1.15377849417852	3.31219033254659	-0.348343053489753	0.72758256409	NA
K8B78_13580	cds	0.492922825895605	-1.15371629464375	3.45082317871564	-0.334330748025504	0.738129990467506	NA
K8B78_13585	cds	0.348233302317538	-2.0914301623042	4.0405079446271	-0.517615654013327	0.604726457624848	NA
K8B78_13590	cds	5.37624558027372	-0.756275398072584	0.745675459828892	-1.01421521669243	0.310480069257913	0.977226285358722
K8B78_13595	cds	3.37708712484624	-1.00817651121188	0.948075795117739	-1.06339231146248	0.287604078003881	0.977226285358722
K8B78_13600	cds	0	NA	NA	NA	NA	NA
K8B78_13605	cds	0.488032546810334	-1.17328505354867	3.76011044736466	-0.312034731418857	0.755014128298027	NA
K8B78_13610	cds	0	NA	NA	NA	NA	NA
K8B78_13615	cds	1.57216236315671	4.0072710803979	1.75428558150956	2.28427521871875	0.0223553613521893	0.403073939531897
K8B78_13620	cds	3.08966768357828	3.94983513306727	1.43402839559675	2.75436326449003	0.00588064567528755	0.218686511049756
K8B78_13625	cds	0	NA	NA	NA	NA	NA
K8B78_13630	cds	0	NA	NA	NA	NA	NA
K8B78_13635	cds	0	NA	NA	NA	NA	NA
K8B78_13640	cds	0	NA	NA	NA	NA	NA
K8B78_13645	cds	0	NA	NA	NA	NA	NA
K8B78_13650	cds	0.127432626852749	0.69851164813038	4.0804728567969	0.171183995738842	0.864079091295167	NA
K8B78_13655	cds	1.5272507034528	0.88643656334667	1.61356349902163	0.549365775740561	0.582754456051535	0.99691600623528
K8B78_13660	cds	0	NA	NA	NA	NA	NA
K8B78_13665	cds	0	NA	NA	NA	NA	NA
K8B78_13670	cds	0	NA	NA	NA	NA	NA
K8B78_13675	cds	0	NA	NA	NA	NA	NA
K8B78_13680	cds	0	NA	NA	NA	NA	NA
K8B78_13685	cds	0	NA	NA	NA	NA	NA
K8B78_13690	cds	1.1894972497878	2.37669995814174	2.16248310359661	1.09906059112732	0.271741637918825	NA
K8B78_13695	cds	0.99079295241654	-0.217064482593025	2.20414650564427	-0.0984800611198834	0.921551103911402	NA
K8B78_13700	cds	0.127432626852749	0.69851164813038	4.0804728567969	0.171183995738842	0.864079091295167	NA
K8B78_13705	cds	0	NA	NA	NA	NA	NA
K8B78_13710	cds	8.93103346967354	-0.19968765379352	0.592883730365347	-0.336807443966236	0.736262061148321	0.99691600623528
K8B78_13715	cds	0.854767245898742	-0.812969352334326	2.61588649569543	-0.310781585390691	0.755966669686615	NA
K8B78_13720	cds	0.137912475505296	0.69851164813038	4.0804728567969	0.171183995738842	0.864079091295167	NA
K8B78_13725	cds	0	NA	NA	NA	NA	NA
K8B78_13730	cds	0	NA	NA	NA	NA	NA
K8B78_13735	cds	0	NA	NA	NA	NA	NA
K8B78_13740	cds	0.452422110409608	0.509052668131472	3.5805595003791	0.142171263479234	0.886944729614482	NA
K8B78_13745	cds	0.313867365962366	1.65967099818041	4.03330497508829	0.411491570419634	0.680712121089506	NA
K8B78_13750	cds	2.61448595197437	-0.328631114863263	1.1286807873139	-0.291163913266707	0.770925960494491	0.99691600623528
K8B78_13755	cds	0.822012462500328	-2.10949101014799	2.66520617785595	-0.791492616096585	0.428656583304813	NA
K8B78_13760	cds	0.186434739109616	0.69851164813038	4.0804728567969	0.171183995738842	0.864079091295167	NA
K8B78_13765	cds	0.167933342338746	-1.22504170351211	4.0804728567969	-0.300220525048105	0.764008950054848	NA
K8B78_13770	cds	4.71541466899777	0.081507959674731	0.776602700285286	0.104954514895182	0.916411901161153	0.99691600623528
K8B78_13775	cds	15.9947162999515	-0.346664727923734	0.48431970762767	-0.715776629494992	0.474129285279327	0.995826338602843
K8B78_13780	cds	3.9507925858981	-0.0132308215918364	0.858066470211973	-0.0154193434321795	0.987697631433647	0.99691600623528
K8B78_13785	cds	2.40472541170481	1.26558236152754	1.15674029365707	1.09409378100452	0.273913849696025	0.977226285358722
K8B78_13790	cds	2.47057472953021	-0.856888540146273	1.20441629974423	-0.711455449688156	0.476802048383984	0.995826338602843
K8B78_13795	cds	0.137912475505296	0.69851164813038	4.0804728567969	0.171183995738842	0.864079091295167	NA
K8B78_13800	cds	0.186434739109616	0.69851164813038	4.0804728567969	0.171183995738842	0.864079091295167	NA
K8B78_13805	cds	0	NA	NA	NA	NA	NA
K8B78_13810	cds	0	NA	NA	NA	NA	NA
K8B78_13815	cds	0.127432626852749	0.69851164813038	4.0804728567969	0.171183995738842	0.864079091295167	NA
K8B78_13820	cds	0.180299959978792	-1.22504170351211	4.0804728567969	-0.300220525048105	0.764008950054848	NA
K8B78_13825	cds	0	NA	NA	NA	NA	NA
K8B78_13830	cds	0	NA	NA	NA	NA	NA
K8B78_13835	cds	5.38203838355229	-0.164432790584804	0.746918645639069	-0.220148193574836	0.825755742315222	0.99691600623528
K8B78_13840	cds	1.96591383908134	-0.699398904231545	1.31925353037952	-0.530147456971629	0.596009697640349	0.99691600623528
K8B78_13845	cds	0	NA	NA	NA	NA	NA
K8B78_13850	cds	0.305845817844043	-0.263261024083251	4.0804728567969	-0.0645172834919692	0.948558345545108	NA
K8B78_13855	cds	0.167933342338746	-1.22504170351211	4.0804728567969	-0.300220525048105	0.764008950054848	NA
K8B78_13860	cds	0.492922825895605	-1.15371629464375	3.45082317871564	-0.334330748025504	0.738129990467506	NA
K8B78_13865	cds	0	NA	NA	NA	NA	NA
K8B78_13870	cds	0	NA	NA	NA	NA	NA
K8B78_13875	cds	0	NA	NA	NA	NA	NA
K8B78_13880	cds	0	NA	NA	NA	NA	NA
K8B78_13885	cds	0.475665929170288	-1.1311290285775	3.50396111995969	-0.322814377743586	0.746835823628213	NA
K8B78_13890	cds	0.127432626852749	0.69851164813038	4.0804728567969	0.171183995738842	0.864079091295167	NA
K8B78_13895	cds	0	NA	NA	NA	NA	NA
K8B78_13900	cds	0.137912475505296	0.69851164813038	4.0804728567969	0.171183995738842	0.864079091295167	NA
K8B78_13905	cds	0	NA	NA	NA	NA	NA
K8B78_13910	cds	0.127432626852749	0.69851164813038	4.0804728567969	0.171183995738842	0.864079091295167	NA
K8B78_13915	cds	2.89897472004523	-0.0233671849124546	1.02214713957668	-0.0228608817729824	0.981761244057015	0.99691600623528
K8B78_13920	cds	0.127432626852749	0.69851164813038	4.0804728567969	0.171183995738842	0.864079091295167	NA
K8B78_13925	cds	0	NA	NA	NA	NA	NA
K8B78_13930	cds	5.52083882569791	-0.751837450048108	0.798210372872816	-0.941903883486493	0.34624185169198	0.977226285358722
K8B78_13935	cds	10.6158487258464	-0.659724485513429	0.570524198924324	-1.15634794590183	0.247538864239475	0.977226285358722
K8B78_13940	cds	5.44186715810985	0.871341636592188	0.845217471094043	1.030908217579	0.302583862654258	0.977226285358722
K8B78_13945	cds	8.73858034004611	0.977817223534886	0.662225639773358	1.47656201271449	0.13979308078897	0.846788428179565
K8B78_13950	cds	4.94076422759503	1.31467420795838	0.816006815326323	1.61110689673914	0.107156425428022	0.778968558238482
K8B78_13955	cds	3.27766199670308	1.42827412564019	1.01378319754009	1.40885559072773	0.158877873360545	0.875299394903004
K8B78_13960	cds	0.569374888609811	1.02707402550909	3.47980520985061	0.295152735159329	0.767877206251834	NA
K8B78_13965	cds	0	NA	NA	NA	NA	NA
K8B78_13970	cds	0	NA	NA	NA	NA	NA
K8B78_13975	cds	1.28434289001576	-0.315525816345204	1.75206592643359	-0.18008786746254	0.857083587253018	NA
K8B78_13980	cds	0	NA	NA	NA	NA	NA
K8B78_13985	cds	0.167933342338746	-1.22504170351211	4.0804728567969	-0.300220525048105	0.764008950054848	NA
K8B78_13990	cds	0.186434739109616	0.69851164813038	4.0804728567969	0.171183995738842	0.864079091295167	NA
K8B78_13995	cds	0.137912475505296	0.69851164813038	4.0804728567969	0.171183995738842	0.864079091295167	NA
K8B78_14000	cds	1.43313256664169	-0.602938877439027	1.69307555212369	-0.356120479492329	0.721750340884693	NA
K8B78_14005	cds	1.07213529421602	1.02150376848053	2.00423709488166	0.509672119675467	0.610281188627396	NA
K8B78_14010	cds	1.35931736111405	1.46779182903186	1.80308857456699	0.814043108993885	0.415620255373163	NA
K8B78_14015	cds	0.265345102358046	1.46627794599376	4.04952495999157	0.362086407783695	0.717287460514729	NA
K8B78_14020	cds	0.819799078439962	-0.99346293761779	2.49919793508709	-0.397512707445147	0.690989417687176	NA
K8B78_14025	cds	0.180299959978792	-1.22504170351211	4.0804728567969	-0.300220525048105	0.764008950054848	NA
K8B78_14030	cds	0.504647174593705	0.734113378816915	3.41676397976233	0.214856332824013	0.82987933111142	NA
K8B78_14035	cds	0.749032579646657	1.57564134417785	2.79323440295756	0.5640920584787	0.572691482454487	NA
K8B78_14040	cds	0	NA	NA	NA	NA	NA
K8B78_14045	cds	0	NA	NA	NA	NA	NA
K8B78_14050	cds	0.137912475505296	0.69851164813038	4.0804728567969	0.171183995738842	0.864079091295167	NA
K8B78_14055	cds	0	NA	NA	NA	NA	NA
K8B78_14060	cds	0.87892350703363	0.632970305435858	2.37022092732819	0.267051184190399	0.789429752334668	NA
K8B78_14065	cds	0.187077008051562	-1.22504170351211	4.0804728567969	-0.300220525048106	0.764008950054848	NA
K8B78_14070	cds	0	NA	NA	NA	NA	NA
K8B78_14075	cds	0	NA	NA	NA	NA	NA
K8B78_14080	cds	0.542087358441871	-2.72293925723708	3.51712265995396	-0.77419513633702	0.438815404036875	NA
K8B78_14085	cds	0	NA	NA	NA	NA	NA
K8B78_14090	cds	0	NA	NA	NA	NA	NA
K8B78_14095	cds	0	NA	NA	NA	NA	NA
K8B78_14100	cds	0	NA	NA	NA	NA	NA
K8B78_14105	cds	0.137912475505296	0.69851164813038	4.0804728567969	0.171183995738842	0.864079091295167	NA
K8B78_14110	cds	0	NA	NA	NA	NA	NA
K8B78_14115	cds	0.254865253705499	1.4271214034099	4.05189147764595	0.352211161449719	0.724679906979001	NA
K8B78_14120	cds	0	NA	NA	NA	NA	NA
K8B78_14125	cds	0	NA	NA	NA	NA	NA
K8B78_14130	cds	0	NA	NA	NA	NA	NA
K8B78_14135	cds	0.187077008051562	-1.22504170351211	4.0804728567969	-0.300220525048106	0.764008950054848	NA
K8B78_14140	cds	4.26724056873149	0.268198314547372	0.82328696919805	0.325765285473447	0.744601945371969	0.99691600623528
K8B78_14145	cds	0	NA	NA	NA	NA	NA
K8B78_14150	cds	0	NA	NA	NA	NA	NA
K8B78_14155	cds	0.254865253705499	1.4271214034099	4.05189147764595	0.352211161449719	0.724679906979001	NA
K8B78_14160	cds	0	NA	NA	NA	NA	NA
K8B78_14165	cds	0	NA	NA	NA	NA	NA
K8B78_14170	cds	0	NA	NA	NA	NA	NA
K8B78_14175	cds	0	NA	NA	NA	NA	NA
K8B78_14180	cds	0	NA	NA	NA	NA	NA
K8B78_14185	cds	0	NA	NA	NA	NA	NA
K8B78_14190	cds	0.167933342338746	-1.22504170351211	4.0804728567969	-0.300220525048105	0.764008950054848	NA
K8B78_14195	cds	0	NA	NA	NA	NA	NA
K8B78_14200	cds	0.127432626852749	0.69851164813038	4.0804728567969	0.171183995738842	0.864079091295167	NA
K8B78_14205	cds	0	NA	NA	NA	NA	NA
K8B78_14210	cds	0	NA	NA	NA	NA	NA
K8B78_14215	cds	0	NA	NA	NA	NA	NA
K8B78_14220	cds	1.10397219264174	0.222104080148289	2.18658221640519	0.10157591078987	0.919093300936251	NA
K8B78_14225	cds	0	NA	NA	NA	NA	NA
K8B78_14230	cds	0.710990164694884	1.49610937761385	2.84328390501265	0.526190639976628	0.598755756709287	NA
K8B78_14235	cds	0	NA	NA	NA	NA	NA
K8B78_14240	cds	0.254865253705499	1.4271214034099	4.05189147764595	0.352211161449719	0.724679906979001	NA
K8B78_14245	cds	0.938567888232443	-0.361890380710751	2.15311559758452	-0.168077543591593	0.866522275631079	NA
K8B78_14250	cds	2.83204705402366	0.746196709652966	1.06662559750807	0.699586351008532	0.484185668891479	0.99691600623528
K8B78_14255	cds	0	NA	NA	NA	NA	NA
K8B78_14260	cds	0	NA	NA	NA	NA	NA
K8B78_14265	cds	0.127432626852749	0.69851164813038	4.0804728567969	0.171183995738842	0.864079091295167	NA
K8B78_14270	cds	2.30425312004768	0.237677966152331	1.14900662862477	0.206855174053089	0.836122965217729	0.99691600623528
K8B78_14275	cds	5.42576684755028	-1.58998046391679	0.805406891535617	-1.9741331749537	0.0483666019960877	0.600027951535202
K8B78_14280	cds	0	NA	NA	NA	NA	NA
K8B78_14285	cds	0	NA	NA	NA	NA	NA
K8B78_14290	cds	5.42257971677608	0.0330412172248334	0.736697603331615	0.0448504475586848	0.964226514184339	0.99691600623528
K8B78_14295	cds	2.61340924870243	-1.71884314360121	1.15856535037963	-1.48359619337657	0.137916079875583	0.846788428179565
K8B78_14300	cds	0.540802820557979	0.912289122459377	3.58786494964757	0.254270753013987	0.799286393130162	NA
K8B78_14305	cds	0	NA	NA	NA	NA	NA
K8B78_14310	cds	0	NA	NA	NA	NA	NA
K8B78_14315	cds	6.31276348164381	-0.778971907341193	0.74036804198795	-1.05214145285038	0.292734656051117	0.977226285358722
K8B78_14320	cds	0.265345102358046	1.46627794599376	4.04952495999157	0.362086407783695	0.717287460514729	NA
K8B78_14325	cds	0	NA	NA	NA	NA	NA
K8B78_14330	cds	0.392777729210795	2.01616148884186	4.00601077044006	0.503284090926291	0.614764550031466	NA
K8B78_14335	cds	0.492280556953659	0.73467888349412	3.45367416799552	0.212723855163361	0.831542358865209	NA
K8B78_14340	cds	0	NA	NA	NA	NA	NA
K8B78_14345	cds	0.295365969191496	-0.263261024083251	4.0804728567969	-0.0645172834919692	0.948558345545108	NA
K8B78_14350	cds	0.367376968030354	-2.15873512061444	4.03450955624596	-0.535067544274974	0.592603151810088	NA
K8B78_14355	cds	0	NA	NA	NA	NA	NA
K8B78_14360	cds	5.50463717296037	-0.838241110840321	0.806087525114421	-1.03988845469521	0.298391726948298	0.977226285358722