"tag"	"moltype"	"baseMean"	"log2FoldChange"	"lfcSE"	"stat"	"pvalue"	"padj"
K8B78_00005	cds	1.87956443008938	-1.15258660524165	1.32827835010796	-0.867729723327926	0.385542310121176	NA
K8B78_00010	cds	3.58495900477321	-0.66738293265102	0.923866090571567	-0.722380591150533	0.470060516405577	0.900387397447457
K8B78_00015	cds	0.873488971868205	0.365932823055142	2.34631944217131	0.155960359223936	0.876064267554315	NA
K8B78_00020	cds	1.53874775721788	0.741876809026699	1.51524854025517	0.489607341183622	0.624411780652646	NA
K8B78_00025	cds	2.43782236441126	0.60408176450499	1.12293341754279	0.537949761818333	0.59061173248807	0.965146001870749
K8B78_00030	cds	7.46779034753306	-1.10565826797924	0.666718511361813	-1.65835843633749	0.0972451405968786	0.691585916564932
K8B78_00035	cds	1.27637472270867	-0.723163439357991	1.73207381977795	-0.417513059259045	0.676303174219662	NA
K8B78_00040	cds	0	NA	NA	NA	NA	NA
K8B78_00045	cds	0.339901624951872	1.64253523047859	4.01986317264604	0.408604760892249	0.682829736251643	NA
K8B78_00050	cds	0	NA	NA	NA	NA	NA
K8B78_00055	cds	0	NA	NA	NA	NA	NA
K8B78_00060	cds	0.0934020215157772	0.468845019313497	4.07760417783754	0.114980512787815	0.908460568131846	NA
K8B78_00065	cds	1.17253698629227	2.26426069330426	1.96189145472977	1.15412128833404	0.248450446737233	NA
K8B78_00070	cds	1.58230644219219	2.69998756209657	1.71728834127276	1.5722389171381	0.115895153097252	NA
K8B78_00075	cds	0.364938406729883	0.0647754228454347	4.05948601473725	0.0159565577046648	0.987269049207756	NA
K8B78_00080	cds	3.10213206844452	-1.14498226588117	1.01492197348086	-1.12814807029376	0.259257390778307	0.837120249742004
K8B78_00085	cds	3.02438152499007	2.11340028988544	1.18225414905025	1.78760234555592	0.0738401867948766	0.594216786158129
K8B78_00100	cds	0.598168323671833	2.47314154271161	3.04783141836091	0.811443023985112	0.417111300118844	NA
K8B78_00105	cds	1.26721137200378	1.1451811250106	1.7771787488525	0.644381509597745	0.519328071761555	NA
K8B78_00110	cds	0.868109884145579	1.68400622501465	2.52009870786588	0.668230264060068	0.503986619847687	NA
K8B78_00115	cds	0.568566172223303	-2.89091262120843	3.42174319451814	-0.844865455081451	0.398185963871056	NA
K8B78_00120	cds	0.949705732896357	0.283517029131226	2.53337015551928	0.111912990098801	0.91089239670056	NA
K8B78_00125	cds	0.43640106241829	0.32683492245364	3.74517257659287	0.0872683209570479	0.930458234140721	NA
K8B78_00130	cds	0.474578633543417	-1.37236758418988	3.87745796948326	-0.353934870472051	0.723387693479325	NA
K8B78_00135	cds	0.19058830601382	-1.43479834864703	4.0804728567969	-0.351625509836946	0.725119131391508	NA
K8B78_00140	cds	0.0934020215157772	0.468845019313497	4.07760417783754	0.114980512787815	0.908460568131846	NA
K8B78_00145	cds	0	NA	NA	NA	NA	NA
K8B78_00150	cds	0	NA	NA	NA	NA	NA
K8B78_00155	cds	1.74393126997053	-1.00877178103129	1.4526530880967	-0.694434059513139	0.487410040340706	NA
K8B78_00160	cds	0	NA	NA	NA	NA	NA
K8B78_00165	cds	0.164864677204183	0.5253622583282	4.07550263851856	0.128907353258191	0.897430958160564	NA
K8B78_00170	cds	0	NA	NA	NA	NA	NA
K8B78_00175	cds	0.164864677204183	0.5253622583282	4.07550263851856	0.128907353258191	0.897430958160564	NA
K8B78_00180	cds	0	NA	NA	NA	NA	NA
K8B78_00185	cds	0.268438969263466	1.32965265472497	4.04656032645725	0.328588368257216	0.742466841096623	NA
K8B78_00190	cds	1.90117667902542	3.02904145795426	1.57699797554798	1.92076432875681	0.0547614254705039	NA
K8B78_00195	cds	0	NA	NA	NA	NA	NA
K8B78_00200	cds	0.0934020215157772	0.468845019313497	4.07760417783754	0.114980512787815	0.908460568131846	NA
K8B78_00205	cds	0.178134363698329	-1.43479834864703	4.0804728567969	-0.351625509836946	0.725119131391508	NA
K8B78_00210	cds	0.423131375924144	1.98435850727811	3.99639820757582	0.49653673237978	0.619515778057768	NA
K8B78_00215	cds	0.0934020215157772	0.468845019313497	4.07760417783754	0.114980512787815	0.908460568131846	NA
K8B78_00220	cds	0.0934020215157772	0.468845019313497	4.07760417783754	0.114980512787815	0.908460568131846	NA
K8B78_00225	cds	0.164864677204183	0.5253622583282	4.07550263851856	0.128907353258191	0.897430958160564	NA
K8B78_00230	cds	0.795144637246893	2.89959698299291	2.53788610606851	1.14252447186637	0.253236079870504	NA
K8B78_00235	cds	0	NA	NA	NA	NA	NA
K8B78_00240	cds	0.329729354408367	1.60396708254584	4.02286249088009	0.398712878250765	0.690104777616397	NA
K8B78_00245	cds	0.361840990779243	1.77576031710939	4.0100758567944	0.442824619913525	0.657892593997463	NA
K8B78_00250	cds	5.03057607109754	0.879641631685206	0.826663516035065	1.06408667447215	0.287289436883802	0.860263341730269
K8B78_00255	cds	0.0934020215157772	0.468845019313497	4.07760417783754	0.114980512787815	0.908460568131846	NA
K8B78_00260	cds	0.815026698178264	-3.39526935530321	2.74127769763193	-1.238571837591	0.215504102927578	NA
K8B78_00265	cds	10.3809744783025	0.217144480974101	0.578860514960814	0.375124015824089	0.707568236967603	0.978062328950723
K8B78_00270	cds	1.86182565970789	3.0288380804289	1.5859410536992	1.90980495357261	0.0561583312646609	NA
K8B78_00275	cds	2.54837725140678	-1.11876694273155	1.10569695018166	-1.01182059202365	0.311623842342242	0.868679619490404
K8B78_00280	cds	0.178134363698329	-1.43479834864703	4.0804728567969	-0.351625509836946	0.725119131391508	NA
K8B78_00285	cds	0.164864677204183	0.5253622583282	4.07550263851856	0.128907353258191	0.897430958160564	NA
K8B78_00290	cds	0	NA	NA	NA	NA	NA
K8B78_00295	cds	0	NA	NA	NA	NA	NA
K8B78_00300	cds	0	NA	NA	NA	NA	NA
K8B78_00305	cds	0	NA	NA	NA	NA	NA
K8B78_00310	cds	0	NA	NA	NA	NA	NA
K8B78_00315	cds	0	NA	NA	NA	NA	NA
K8B78_00320	cds	0	NA	NA	NA	NA	NA
K8B78_00325	cds	0	NA	NA	NA	NA	NA
K8B78_00330	cds	0	NA	NA	NA	NA	NA
K8B78_00335	cds	0	NA	NA	NA	NA	NA
K8B78_00340	cds	9.58413368644777	-0.124162408932383	0.613440187606117	-0.202403447705167	0.839601333303932	0.992180666634815
K8B78_00345	cds	0	NA	NA	NA	NA	NA
K8B78_00350	cds	0	NA	NA	NA	NA	NA
K8B78_00355	cds	0	NA	NA	NA	NA	NA
K8B78_00360	cds	0.178134363698329	-1.43479834864703	4.0804728567969	-0.351625509836946	0.725119131391508	NA
K8B78_00365	cds	0	NA	NA	NA	NA	NA
K8B78_00370	cds	0.377162122030828	-0.436407283028976	4.07550223065566	-0.107080614444607	0.914725026164689	NA
K8B78_00375	cds	1.17563440224291	1.14690689646173	1.85129946250525	0.619514519228394	0.535577460000036	NA
K8B78_00380	cds	2.88353846184908	-0.660739315800925	1.07800333568294	-0.612928823065589	0.539923404022614	0.932654261338203
K8B78_00385	cds	1.12168231604799	-1.28241066738417	2.00089358420161	-0.640918976156283	0.521575326188564	NA
K8B78_00390	cds	0	NA	NA	NA	NA	NA
K8B78_00395	cds	0.635659047765335	1.14002988070765	2.97805645867102	0.382810029470159	0.701860624497653	NA
K8B78_00400	cds	3.39040114638227	1.79616090861278	1.05786215206644	1.69791584385937	0.0895236464644769	0.657324308287118
K8B78_00405	cds	10.0782261604235	-0.583220188799702	0.620822292008489	-0.939431776705155	0.347509104443655	0.868679619490404
K8B78_00410	cds	0.0934020215157772	0.468845019313497	4.07760417783754	0.114980512787815	0.908460568131846	NA
K8B78_00415	cds	0.19058830601382	-1.43479834864703	4.0804728567969	-0.351625509836946	0.725119131391508	NA
K8B78_00420	cds	0	NA	NA	NA	NA	NA
K8B78_00425	cds	0	NA	NA	NA	NA	NA
K8B78_00430	cds	0.186804043031554	1.02655082383797	4.0594861604713	0.25287703498878	0.800363236252842	NA
K8B78_00435	cds	0.365625253761509	-0.436407283028976	4.07550223065566	-0.107080614444607	0.914725026164689	NA
K8B78_00440	cds	0	NA	NA	NA	NA	NA
K8B78_00445	cds	0.175036947747689	0.5253622583282	4.07550263851856	0.128907353258191	0.897430958160564	NA
K8B78_00450	cds	2.6484331387051	-0.587420915704324	1.12383876477315	-0.522691451938743	0.601188987759778	0.966568044851734
K8B78_00455	cds	0.599631837400979	-1.44820114496088	3.38282073735354	-0.4281046077818	0.668574962230652	NA
K8B78_00460	cds	0.648928734259481	-0.296022672971513	2.95848795598807	-0.100058772378084	0.92029766589268	NA
K8B78_00465	cds	0.539975354477572	0.820636962991029	3.28598885810628	0.249738206192203	0.802789809894459	NA
K8B78_00470	cds	1.76486374208583	0.254355468427412	1.38047486179629	0.184252155158002	0.853815645897511	NA
K8B78_00475	cds	0.178134363698329	-1.43479834864703	4.0804728567969	-0.351625509836946	0.725119131391508	NA
K8B78_00480	cds	0.339901624951872	1.64253523047859	4.01986317264604	0.408604760892249	0.682829736251643	NA
K8B78_00485	cds	1.8342749530168	0.449040118242701	1.31771208019109	0.340772559493863	0.733274809670859	NA
K8B78_00490	cds	0.496287772356242	-1.43766018285208	3.4788146565491	-0.413261505652678	0.679415029798837	NA
K8B78_00495	cds	0.212297444826645	-1.43479834864703	4.0804728567969	-0.351625509836946	0.725119131391508	NA
K8B78_00500	cds	0.0934020215157772	0.468845019313497	4.07760417783754	0.114980512787815	0.908460568131846	NA
K8B78_00505	cds	0.517996911169067	-1.50422225137954	3.68301616296011	-0.408421300592546	0.682964397922598	NA
K8B78_00510	cds	0.268438969263466	1.32965265472497	4.04656032645725	0.328588368257216	0.742466841096623	NA
K8B78_00515	cds	0.710905966436007	-0.259366823128103	3.04037333514778	-0.0853075575060901	0.932016883416477	NA
K8B78_00520	cds	1.46162099235445	-3.11770678853498	1.84791490916011	-1.68714845747524	0.0915748093643073	NA
K8B78_00525	cds	1.44606963408832	-1.88471303779433	1.72588565543305	-1.09202659623556	0.274821411202587	NA
K8B78_00530	cds	1.55019277969476	-0.759320868299132	1.52126374801938	-0.499138212744328	0.617682018954616	NA
K8B78_00535	cds	0.178134363698329	-1.43479834864703	4.0804728567969	-0.351625509836946	0.725119131391508	NA
K8B78_00540	cds	0	NA	NA	NA	NA	NA
K8B78_00545	cds	1.74269798325593	0.456250650345168	1.3886054721018	0.328567515764275	0.742482604648342	NA
K8B78_00550	cds	1.24778390496294	1.14979324220955	1.8384087166612	0.625428519669845	0.531689848905287	NA
K8B78_00555	cds	1.99206477562812	0.123671732190558	1.31213245298957	0.0942524757380888	0.924908600653515	0.992180666634815
K8B78_00560	cds	0	NA	NA	NA	NA	NA
K8B78_00565	cds	0	NA	NA	NA	NA	NA
K8B78_00570	cds	0	NA	NA	NA	NA	NA
K8B78_00575	cds	0.0934020215157772	0.468845019313497	4.07760417783754	0.114980512787815	0.908460568131846	NA
K8B78_00580	cds	0.175036947747689	0.5253622583282	4.07550263851856	0.128907353258191	0.897430958160564	NA
K8B78_00585	cds	1.91714941383951	1.28915679297529	1.41966239207402	0.90807279263905	0.363839763974145	NA
K8B78_00590	cds	0.19058830601382	-1.43479834864703	4.0804728567969	-0.351625509836946	0.725119131391508	NA
K8B78_00595	cds	0	NA	NA	NA	NA	NA
K8B78_00600	cds	4.63923102253841	1.36360655953612	0.894834268804047	1.52386492904277	0.127542455906988	0.71284826047996
K8B78_00605	cds	0.637161638975615	-0.481133491421632	2.82233636561764	-0.170473476259922	0.864637791912475	NA
K8B78_00610	cds	2.64520117554437	0.870858203930209	1.07548455835304	0.809735664883754	0.418092115388447	0.868679619490404
K8B78_00615	cds	0	NA	NA	NA	NA	NA
K8B78_00620	cds	0	NA	NA	NA	NA	NA
K8B78_00625	cds	0	NA	NA	NA	NA	NA
K8B78_00630	cds	0	NA	NA	NA	NA	NA
K8B78_00635	cds	0.186804043031554	1.02655082383797	4.0594861604713	0.25287703498878	0.800363236252842	NA
K8B78_00640	cds	1.71602729925643	0.173433556939501	1.40043391598583	0.123842728285692	0.901439799922639	NA
K8B78_00645	cds	0.89519811068103	0.313245275801893	2.31361252058117	0.135392280693228	0.892301727051501	NA
K8B78_00650	cds	0	NA	NA	NA	NA	NA
K8B78_00655	cds	0.377162122030828	-0.436407283028976	4.07550223065566	-0.107080614444607	0.914725026164689	NA
K8B78_00660	cds	0.834495656564422	2.94176563245473	2.71634784110894	1.08298561323198	0.278814808866536	NA
K8B78_00665	cds	0.186804043031554	1.02655082383797	4.0594861604713	0.25287703498878	0.800363236252842	NA
K8B78_00670	cds	1.23150662218405	1.04150787466045	1.87018197095482	0.556901890209492	0.577594463101752	NA
K8B78_00675	cds	0.799744644407813	0.251457534174628	2.60942965570799	0.0963649407542289	0.923230735727359	NA
K8B78_00680	cds	0	NA	NA	NA	NA	NA
K8B78_00685	cds	1.5769623796976	-1.95734137960892	1.65969940055097	-1.17933487169975	0.238264857707104	NA
K8B78_00690	cds	7.95652931627516	1.70331465864453	0.737874376898492	2.30840738203171	0.0209764887987398	0.333236752778534
K8B78_00695	cds	0.164864677204183	0.5253622583282	4.07550263851856	0.128907353258191	0.897430958160564	NA
K8B78_00700	cds	0	NA	NA	NA	NA	NA
K8B78_00705	cds	0	NA	NA	NA	NA	NA
K8B78_00710	cds	0	NA	NA	NA	NA	NA
K8B78_00715	cds	0	NA	NA	NA	NA	NA
K8B78_00720	cds	0	NA	NA	NA	NA	NA
K8B78_00725	cds	0.364938406729883	0.0647754228454347	4.05948601473725	0.0159565577046648	0.987269049207756	NA
K8B78_00730	cds	0.0934020215157772	0.468845019313497	4.07760417783754	0.114980512787815	0.908460568131846	NA
K8B78_00735	cds	0.178134363698329	-1.43479834864703	4.0804728567969	-0.351625509836946	0.725119131391508	NA
K8B78_00740	cds	0.283990327529597	-0.492929289408242	4.07760393732822	-0.120886995643629	0.903780542599325	NA
K8B78_00745	cds	0.0934020215157772	0.468845019313497	4.07760417783754	0.114980512787815	0.908460568131846	NA
K8B78_00750	cds	0.353171311446018	-0.436407283028976	4.07550223065566	-0.107080614444607	0.914725026164689	NA
K8B78_00755	cds	0	NA	NA	NA	NA	NA
K8B78_00760	cds	0.674422136054571	-1.9727352399539	2.71065644172851	-0.727770295632134	0.466754210814995	NA
K8B78_00765	cds	0	NA	NA	NA	NA	NA
K8B78_00770	cds	0.534403091094987	-2.81065975959123	3.89840217035358	-0.720977374003542	0.470923435702864	NA
K8B78_00775	cds	0.25826669871996	1.28771198908827	4.05009992252185	0.317945733123163	0.750526101124417	NA
K8B78_00780	cds	0	NA	NA	NA	NA	NA
K8B78_00785	cds	0.175036947747689	0.5253622583282	4.07550263851856	0.128907353258191	0.897430958160564	NA
K8B78_00790	cds	47.4604369547923	0.70989821477661	0.437620597081822	1.62217733696817	0.104765382760488	0.693262285921256
K8B78_00795	cds	218.107204629271	-1.04662072207012	0.379165308331792	-2.760328276537	0.00577433061615796	0.154752060513033
K8B78_00800	cds	0	NA	NA	NA	NA	NA
K8B78_00805	cds	1.36070562704964	2.50921500534839	1.90574502688015	1.31665829896257	0.187953187614725	NA
K8B78_00810	cds	1.19962521282772	1.06738369377739	1.89866595445643	0.562175611392879	0.57399637628363	NA
K8B78_00815	cds	0.703337440471475	2.74115833355673	2.95663167268225	0.927122021617919	0.353863183591891	NA
K8B78_00820	cds	0.809101170772664	1.5437746931201	2.61345217327504	0.590703250247555	0.554719269813381	NA
K8B78_00825	cds	0	NA	NA	NA	NA	NA
K8B78_00830	cds	0.705526878713381	1.26327891418306	2.83586048374143	0.445465819431419	0.655983155720915	NA
K8B78_00835	cds	0	NA	NA	NA	NA	NA
K8B78_00840	cds	0.19058830601382	-1.43479834864703	4.0804728567969	-0.351625509836946	0.725119131391508	NA
K8B78_00845	cds	0.84945908380226	-1.11842828893979	2.26124797378291	-0.49460665168391	0.620877805958533	NA
K8B78_00850	cds	0.175036947747689	0.5253622583282	4.07550263851856	0.128907353258191	0.897430958160564	NA
K8B78_00855	cds	0	NA	NA	NA	NA	NA
K8B78_00860	cds	0.598168323671833	2.47314154271161	3.04783141836091	0.811443023985112	0.417111300118844	NA
K8B78_00865	cds	0.175036947747689	0.5253622583282	4.07550263851856	0.128907353258191	0.897430958160564	NA
K8B78_00870	cds	1.67325355498239	2.91452212703734	1.79900745780883	1.62007228729735	0.105216749627923	NA
K8B78_00875	cds	1.97185822802557	-0.441220491301226	1.25087876601235	-0.352728420442999	0.724292050696911	0.978062328950723
K8B78_00880	cds	0	NA	NA	NA	NA	NA
K8B78_00885	cds	10.5811504837956	0.0982281926362419	0.641101922049817	0.153217747846042	0.87822656216555	0.992180666634815
K8B78_00890	cds	0	NA	NA	NA	NA	NA
K8B78_00895	cds	0.623205105449844	1.13907640500064	3.01190484259792	0.378191365441057	0.705288439350114	NA
K8B78_00900	cds	0	NA	NA	NA	NA	NA
K8B78_00905	cds	0	NA	NA	NA	NA	NA
K8B78_00910	cds	0	NA	NA	NA	NA	NA
K8B78_00915	cds	0	NA	NA	NA	NA	NA
K8B78_00920	cds	0	NA	NA	NA	NA	NA
K8B78_00925	cds	0	NA	NA	NA	NA	NA
K8B78_00930	cds	0	NA	NA	NA	NA	NA
K8B78_00935	cds	0.175036947747689	0.5253622583282	4.07550263851856	0.128907353258191	0.897430958160564	NA
K8B78_00940	cds	0.212297444826645	-1.43479834864703	4.0804728567969	-0.351625509836946	0.725119131391508	NA
K8B78_00945	cds	0.534403091094987	-2.81065975959123	3.89840217035358	-0.720977374003542	0.470923435702864	NA
K8B78_00950	cds	0.526705667983427	2.30666066783363	3.2739277439042	0.704554543736787	0.481087495196907	NA
K8B78_00955	cds	0.611438010165978	1.04374771295863	2.86219183402362	0.364667280701219	0.715359785303997	NA
K8B78_00960	cds	0.985732943260713	1.93815882280951	2.15813318671375	0.898071923800403	0.369147206096329	NA
K8B78_00965	cds	0.764496514605163	-0.353850345725287	2.71720104417995	-0.130226045100052	0.896387589027998	NA
K8B78_00970	cds	1.42034600527868	-0.999389933864032	1.67844243070847	-0.595426995635584	0.551558084918824	NA
K8B78_00975	cds	2.60546583103347	0.076736863315765	1.0907081240228	0.0703550854950458	0.943911039200666	0.992180666634815
K8B78_00980	cds	2.70156706685718	-0.414100657826747	1.02876274553422	-0.402522991451944	0.687299171289348	0.978062328950723
K8B78_00985	cds	0.539975354477572	0.820636962991029	3.28598885810628	0.249738206192203	0.802789809894459	NA
K8B78_00990	cds	1.81654122671965	-0.727632733248913	1.3437731069464	-0.541484815768037	0.588173460801265	NA
K8B78_00995	cds	2.0326620120097	-0.96836082877868	1.23056460578998	-0.78692400563319	0.431326353882898	0.868679619490404
K8B78_01000	cds	8.97801480171702	-0.689537682848655	0.701321256348969	-0.983198037427729	0.325509980526431	0.868679619490404
K8B78_01005	cds	0	NA	NA	NA	NA	NA
K8B78_01010	cds	0.967082142917394	-0.516480627945398	2.2776820241861	-0.226757125209326	0.820612604387609	NA
K8B78_01015	cds	0.0934020215157772	0.468845019313497	4.07760417783754	0.114980512787815	0.908460568131846	NA
K8B78_01020	cds	0.567750428044649	-1.38549799324302	3.23192738316541	-0.428690941652914	0.668148153625082	NA
K8B78_01025	cds	0.283990327529597	-0.492929289408242	4.07760393732822	-0.120886995643629	0.903780542599325	NA
K8B78_01030	cds	0	NA	NA	NA	NA	NA
K8B78_01035	cds	0.0934020215157772	0.468845019313497	4.07760417783754	0.114980512787815	0.908460568131846	NA
K8B78_01040	cds	0.0934020215157772	0.468845019313497	4.07760417783754	0.114980512787815	0.908460568131846	NA
K8B78_01045	cds	0.0934020215157772	0.468845019313497	4.07760417783754	0.114980512787815	0.908460568131846	NA
K8B78_01050	cds	0.186804043031554	1.02655082383797	4.0594861604713	0.25287703498878	0.800363236252842	NA
K8B78_01055	cds	0	NA	NA	NA	NA	NA
K8B78_01060	cds	0.164864677204183	0.5253622583282	4.07550263851856	0.128907353258191	0.897430958160564	NA
K8B78_01065	cds	0.178134363698329	-1.43479834864703	4.0804728567969	-0.351625509836946	0.725119131391508	NA
K8B78_01070	cds	0.0934020215157772	0.468845019313497	4.07760417783754	0.114980512787815	0.908460568131846	NA
K8B78_01075	cds	0	NA	NA	NA	NA	NA
K8B78_01080	cds	0	NA	NA	NA	NA	NA
K8B78_01085	cds	0.449670748912435	-1.28826582669404	4.00337013694838	-0.321795333088046	0.747607750063061	NA
K8B78_01090	cds	0.351668720235738	1.74114095567477	4.01253614563899	0.43392530122554	0.664342686037428	NA
K8B78_01095	cds	1.44909092120324	-1.22680303972515	1.61100226180554	-0.761515404919546	0.446349281216421	NA
K8B78_01100	cds	1.00561500419208	-3.69848356090138	2.25237742970393	-1.64203543869978	0.10058265994854	NA
K8B78_01105	cds	9.01584887116141	-0.387489781896399	0.618823169867138	-0.626172064597376	0.531202088251652	0.932654261338203
K8B78_01110	cds	0.546041289231823	-1.31923598093358	3.57334297253782	-0.369188177869376	0.711987467128355	NA
K8B78_01115	cds	1.71912471520707	-0.400219125940761	1.35225140023528	-0.29596502978006	0.767256787780872	NA
K8B78_01120	cds	0.0934020215157772	0.468845019313497	4.07760417783754	0.114980512787815	0.908460568131846	NA
K8B78_01125	cds	0	NA	NA	NA	NA	NA
K8B78_01130	cds	0.175036947747689	0.5253622583282	4.07550263851856	0.128907353258191	0.897430958160564	NA
K8B78_01135	cds	0	NA	NA	NA	NA	NA
K8B78_01140	cds	0.175036947747689	0.5253622583282	4.07550263851856	0.128907353258191	0.897430958160564	NA
K8B78_01145	cds	0	NA	NA	NA	NA	NA
K8B78_01150	cds	0.0934020215157772	0.468845019313497	4.07760417783754	0.114980512787815	0.908460568131846	NA
K8B78_01155	cds	0	NA	NA	NA	NA	NA
K8B78_01160	cds	0.175036947747689	0.5253622583282	4.07550263851856	0.128907353258191	0.897430958160564	NA
K8B78_01165	cds	0	NA	NA	NA	NA	NA
K8B78_01170	cds	1.35445561297286	0.485394124239827	1.62517189806579	0.298672481857164	0.765189955476749	NA
K8B78_01175	cds	0.178134363698329	-1.43479834864703	4.0804728567969	-0.351625509836946	0.725119131391508	NA
K8B78_01180	cds	0.648698507244935	-0.573909161625073	2.79568318816561	-0.205284047940226	0.837350206558544	NA
K8B78_01185	cds	0.19058830601382	-1.43479834864703	4.0804728567969	-0.351625509836946	0.725119131391508	NA
K8B78_01190	cds	0	NA	NA	NA	NA	NA
K8B78_01195	cds	0	NA	NA	NA	NA	NA
K8B78_01200	cds	0.546041289231823	-1.31923598093358	3.57334297253782	-0.369188177869376	0.711987467128355	NA
K8B78_01205	cds	0.0934020215157772	0.468845019313497	4.07760417783754	0.114980512787815	0.908460568131846	NA
K8B78_01210	cds	0.795144637246893	2.89959698299291	2.53788610606851	1.14252447186637	0.253236079870504	NA
K8B78_01215	cds	1.64743183250411	-0.651034065221534	1.45899588057796	-0.446220632894204	0.655437880212619	NA
K8B78_01220	cds	0.555296485729158	-1.34803233779467	3.27224248045649	-0.411959793886246	0.680368892970596	NA
K8B78_01225	cds	0.483833830040751	-1.39943822241498	3.52861449682924	-0.396597084683661	0.691664602716006	NA
K8B78_01230	cds	0.268438969263466	1.32965265472497	4.04656032645725	0.328588368257216	0.742466841096623	NA
K8B78_01235	cds	0.186804043031554	1.02655082383797	4.0594861604713	0.25287703498878	0.800363236252842	NA
K8B78_01240	cds	0.518035988650201	0.66730474239965	3.40395669400722	0.196037964752743	0.844580450903806	NA
K8B78_01245	cds	0	NA	NA	NA	NA	NA
K8B78_01250	cds	0.720161162933341	-0.292245966404631	2.81161867941814	-0.103942248123458	0.917215179515143	NA
K8B78_01255	cds	0	NA	NA	NA	NA	NA
K8B78_01260	cds	0	NA	NA	NA	NA	NA
K8B78_01265	cds	2.10649818526253	0.197075395226683	1.18241265468375	0.166672264920399	0.867627929629529	0.992180666634815
K8B78_01270	cds	0	NA	NA	NA	NA	NA
K8B78_01275	cds	0.390431808524974	-2.34307254109578	4.03689655268722	-0.580414313449791	0.561635255000706	NA
K8B78_01280	cds	7.99747559493011	0.650412312526682	0.65818792833403	0.988186328748037	0.323061402378413	0.868679619490404
K8B78_01285	cds	0.0934020215157772	0.468845019313497	4.07760417783754	0.114980512787815	0.908460568131846	NA
K8B78_01290	cds	0.186804043031554	1.02655082383797	4.0594861604713	0.25287703498878	0.800363236252842	NA
K8B78_01295	cds	0	NA	NA	NA	NA	NA
K8B78_01300	cds	0.164864677204183	0.5253622583282	4.07550263851856	0.128907353258191	0.897430958160564	NA
K8B78_01305	cds	0	NA	NA	NA	NA	NA
K8B78_01310	cds	0	NA	NA	NA	NA	NA
K8B78_01315	cds	0	NA	NA	NA	NA	NA
K8B78_01320	cds	0	NA	NA	NA	NA	NA
K8B78_01325	cds	0.789533296383174	-1.41813480421267	2.63152130353449	-0.538903030086788	0.589953766334615	NA
K8B78_01330	cds	0.19058830601382	-1.43479834864703	4.0804728567969	-0.351625509836946	0.725119131391508	NA
K8B78_01335	cds	0	NA	NA	NA	NA	NA
K8B78_01340	cds	0	NA	NA	NA	NA	NA
K8B78_01345	cds	0	NA	NA	NA	NA	NA
K8B78_01350	cds	0.538472763267292	2.36448486914979	3.51822482723506	0.672067586711909	0.501540670287767	NA
K8B78_01355	cds	0.305699466342422	-0.492929289408243	4.07760393732822	-0.120886995643629	0.903780542599325	NA
K8B78_01360	cds	0.186804043031554	1.02655082383797	4.0594861604713	0.25287703498878	0.800363236252842	NA
K8B78_01365	cds	0.929591418823892	0.41718990378226	2.11590399691163	0.197168635434873	0.843695574103174	NA
K8B78_01370	cds	0	NA	NA	NA	NA	NA
K8B78_01375	cds	0.361840990779243	1.77576031710939	4.0100758567944	0.442824619913525	0.657892593997463	NA
K8B78_01380	cds	0.773205271419522	2.83561715900333	2.60240387922495	1.08961456046086	0.27588296643904	NA
K8B78_01385	cds	0.178134363698329	-1.43479834864703	4.0804728567969	-0.351625509836946	0.725119131391508	NA
K8B78_01390	cds	0	NA	NA	NA	NA	NA
K8B78_01395	cds	0	NA	NA	NA	NA	NA
K8B78_01400	cds	0	NA	NA	NA	NA	NA
K8B78_01405	cds	0.268438969263466	1.32965265472497	4.04656032645725	0.328588368257216	0.742466841096623	NA
K8B78_01410	cds	0.271536385214106	-0.492929289408243	4.07760393732822	-0.120886995643629	0.903780542599324	NA
K8B78_01415	cds	0	NA	NA	NA	NA	NA
K8B78_01420	cds	0	NA	NA	NA	NA	NA
K8B78_01425	cds	0.531305675144347	-1.23754666664994	3.63441983806728	-0.340507349670435	0.733474488886011	NA
K8B78_01430	cds	0	NA	NA	NA	NA	NA
K8B78_01435	cds	0	NA	NA	NA	NA	NA
K8B78_01440	cds	0.449670748912435	-1.28826582669404	4.00337013694838	-0.321795333088046	0.747607750063061	NA
K8B78_01445	cds	0	NA	NA	NA	NA	NA
K8B78_01450	cds	1.30985095680536	-0.582363640792864	1.65972620547098	-0.350879343155039	0.725678869215633	NA
K8B78_01455	cds	0.715699149256887	1.29474990754313	3.03821480065365	0.426154828573862	0.669995030232716	NA
K8B78_01460	cds	0	NA	NA	NA	NA	NA
K8B78_01465	cds	0	NA	NA	NA	NA	NA
K8B78_01470	cds	0	NA	NA	NA	NA	NA
K8B78_01475	cds	0	NA	NA	NA	NA	NA
K8B78_01480	cds	0	NA	NA	NA	NA	NA
K8B78_01485	cds	0	NA	NA	NA	NA	NA
K8B78_01490	cds	0.212297444826645	-1.43479834864703	4.0804728567969	-0.351625509836946	0.725119131391508	NA
K8B78_01495	cds	2.18444815225315	-0.672955418507814	1.23060621180898	-0.546848709237845	0.584482675789148	0.958051113831754
K8B78_01500	cds	2.03480530255958	0.0349293317191608	1.25526192896985	0.0278263292409624	0.9778006663928	0.992180666634815
K8B78_01505	cds	2.64171943440036	0.434622093935762	1.09239191762485	0.397862788000798	0.690731331352953	0.978062328950723
K8B78_01510	cds	2.04501665058422	0.696182678169364	1.32446931248342	0.525631414490082	0.599144325491732	0.966568044851734
K8B78_01515	cds	8.70258372731569	-0.631010316699468	0.626667013900312	-1.00693079849875	0.313968030399449	0.868679619490404
K8B78_01520	cds	0.0934020215157772	0.468845019313497	4.07760417783754	0.114980512787815	0.908460568131846	NA
K8B78_01525	cds	0.361840990779243	1.77576031710939	4.0100758567944	0.442824619913525	0.657892593997463	NA
K8B78_01530	cds	0.175036947747689	0.5253622583282	4.07550263851856	0.128907353258191	0.897430958160564	NA
K8B78_01535	cds	0	NA	NA	NA	NA	NA
K8B78_01540	cds	0	NA	NA	NA	NA	NA
K8B78_01545	cds	0	NA	NA	NA	NA	NA
K8B78_01550	cds	0	NA	NA	NA	NA	NA
K8B78_01555	cds	0.0934020215157772	0.468845019313497	4.07760417783754	0.114980512787815	0.908460568131846	NA
K8B78_01560	cds	114.313635729627	-0.364675458203307	0.381921395820568	-0.954844274748715	0.339656453691692	0.868679619490404
K8B78_01565	cds	0.801987238698665	-1.44088812462866	2.60880847827204	-0.552316560080733	0.580731486692958	NA
K8B78_01570	cds	0	NA	NA	NA	NA	NA
K8B78_01575	cds	0	NA	NA	NA	NA	NA
K8B78_01580	cds	0	NA	NA	NA	NA	NA
K8B78_01585	cds	18.6381142631906	1.08788956700707	0.567060527388824	1.91847168769892	0.0550512287421136	0.546434418625424
K8B78_01590	cds	4.48295403569317	0.812516940221527	0.927077740631626	0.876428054100352	0.38079737271553	0.868679619490404
K8B78_01595	cds	0.0934020215157772	0.468845019313497	4.07760417783754	0.114980512787815	0.908460568131846	NA
K8B78_01600	cds	0	NA	NA	NA	NA	NA
K8B78_01605	cds	0.446573332961795	0.367381098526842	3.69740598548356	0.099361849894013	0.920850972197706	NA
K8B78_01610	cds	1.26880619674414	1.20395011443987	1.7577129261316	0.684952643028883	0.493373805067738	NA
K8B78_01615	cds	0	NA	NA	NA	NA	NA
K8B78_01620	cds	6.61899333009018	-0.319466646549748	0.773788673978447	-0.412860329044628	0.679708947773451	0.978062328950723
K8B78_01625	cds	0	NA	NA	NA	NA	NA
K8B78_01630	cds	0	NA	NA	NA	NA	NA
K8B78_01635	cds	0	NA	NA	NA	NA	NA
K8B78_01640	cds	0.271536385214106	-0.492929289408243	4.07760393732822	-0.120886995643629	0.903780542599324	NA
K8B78_01645	cds	3.6770308496976	2.40082118525834	1.11105402787965	2.16085008020726	0.0307069220915314	0.40727900337612
K8B78_01650	cds	6.4223272063774	-0.532680961275524	0.691881090161269	-0.769902471465671	0.441357747761039	0.869734385293813
K8B78_01655	cds	9.74079804278561	2.90790474288172	0.800481073837866	3.63269643458267	0.000280474911177243	0.0196683750897582
K8B78_01660	cds	0.467010107578886	2.17343196062074	3.98554993873042	0.545327995893354	0.585527952730218	NA
K8B78_01665	cds	1.91043894573365	-0.111173239460753	1.28931323364704	-0.0862267109027349	0.931286197549319	NA
K8B78_01670	cds	0.186804043031554	1.02655082383797	4.0594861604713	0.25287703498878	0.800363236252842	NA
K8B78_01675	cds	0.373608086063109	1.8606872955514	4.00427593352854	0.464675093934342	0.642164146754237	NA
K8B78_01680	cds	15.4257551606663	0.82514483431745	0.54020685916793	1.5274608611753	0.12664645246876	0.71284826047996
K8B78_01685	cds	4.75995270767651	-0.858855383936123	0.80216404686646	-1.07067299674065	0.284316488573407	0.860263341730269
K8B78_01690	cds	1.35458451011989	-0.105071594342661	1.80619701765784	-0.0581728312667193	0.953610961571504	NA
K8B78_01695	cds	0.351668720235738	1.74114095567477	4.01253614563899	0.43392530122554	0.664342686037428	NA
K8B78_01700	cds	0	NA	NA	NA	NA	NA
K8B78_01705	cds	6.71593284828226	0.238329745995343	0.754414974084966	0.315913329112289	0.752068294484443	0.98594023036079
K8B78_01710	cds	0.871207300096219	0.432378898760165	2.48979552805969	0.173660404594397	0.862132357170785	NA
K8B78_01715	cds	6.52318133746853	0.699177268855069	0.711767704715924	0.982311032409261	0.325946641045245	0.868679619490404
K8B78_01720	cds	1.11147096802335	-2.76334218635904	2.15066252617169	-1.28487949770435	0.198834396436037	NA
K8B78_01725	cds	1.09445609602808	0.798211854715679	1.9172315138331	0.416335663667359	0.677164399216382	NA
K8B78_01730	cds	2.47955397150411	-0.40775265435834	1.14554625012995	-0.355946042608132	0.721880973874368	0.978062328950723
K8B78_01735	cds	2.68396426383361	0.0482604471980271	1.03748167414128	0.0465169153353691	0.962898252191762	0.992180666634815
K8B78_01740	cds	0.175036947747689	0.5253622583282	4.07550263851856	0.128907353258191	0.897430958160564	NA
K8B78_01745	cds	0.178134363698329	-1.43479834864703	4.0804728567969	-0.351625509836946	0.725119131391508	NA
K8B78_01750	cds	0	NA	NA	NA	NA	NA
K8B78_01755	cds	0	NA	NA	NA	NA	NA
K8B78_01760	cds	0.0934020215157772	0.468845019313497	4.07760417783754	0.114980512787815	0.908460568131846	NA
K8B78_01765	cds	0.178134363698329	-1.43479834864703	4.0804728567969	-0.351625509836946	0.725119131391508	NA
K8B78_01770	cds	0.19058830601382	-1.43479834864703	4.0804728567969	-0.351625509836946	0.725119131391508	NA
K8B78_01775	cds	0	NA	NA	NA	NA	NA
K8B78_01780	cds	0.42459488965329	-2.45007647905505	4.02773861920571	-0.608300763950324	0.542988014448732	NA
K8B78_01785	cds	0	NA	NA	NA	NA	NA
K8B78_01790	cds	0.175036947747689	0.5253622583282	4.07550263851856	0.128907353258191	0.897430958160564	NA
K8B78_01795	cds	0.38117661202764	-2.31423930346047	4.03947876423236	-0.572905426302013	0.566708730312384	NA
K8B78_01800	cds	0	NA	NA	NA	NA	NA
K8B78_01805	cds	0	NA	NA	NA	NA	NA
K8B78_01810	cds	0.795144637246893	2.89959698299291	2.53788610606851	1.14252447186637	0.253236079870504	NA
K8B78_01815	cds	0.912445235817401	1.70717009868937	2.6332785268823	0.648305935457043	0.516787095829261	NA
K8B78_01820	cds	0.19058830601382	-1.43479834864703	4.0804728567969	-0.351625509836946	0.725119131391508	NA
K8B78_01825	cds	0	NA	NA	NA	NA	NA
K8B78_01830	cds	0.516533397439921	2.28178869200432	3.60193011526067	0.633490550618078	0.526413349626302	NA
K8B78_01835	cds	12.2088462816629	-0.148964529779266	0.621669287033326	-0.239620217511696	0.810624690020806	0.992180666634815
K8B78_01840	cds	0	NA	NA	NA	NA	NA
K8B78_01845	cds	0	NA	NA	NA	NA	NA
K8B78_01850	cds	0	NA	NA	NA	NA	NA
K8B78_01855	cds	0.0934020215157772	0.468845019313497	4.07760417783754	0.114980512787815	0.908460568131846	NA
K8B78_01860	cds	0.42459488965329	-2.45007647905505	4.02773861920571	-0.608300763950324	0.542988014448732	NA
K8B78_01865	cds	0	NA	NA	NA	NA	NA
K8B78_01870	cds	1.14831594869291	2.21282837963731	1.98702104832058	1.11364113707179	0.265433171009425	NA
K8B78_01875	cds	0.402885750840465	-2.3833356276851	4.03337323753624	-0.590903813588287	0.554584870630229	NA
K8B78_01880	cds	0	NA	NA	NA	NA	NA
K8B78_01885	cds	0.305699466342422	-0.492929289408243	4.07760393732822	-0.120886995643629	0.903780542599325	NA
K8B78_01890	cds	0.0934020215157772	0.468845019313497	4.07760417783754	0.114980512787815	0.908460568131846	NA
K8B78_01895	cds	0.164864677204183	0.5253622583282	4.07550263851856	0.128907353258191	0.897430958160564	NA
K8B78_01900	cds	4.05662430168851	0.332641842392256	0.930556057451189	0.357465667681932	0.72074322382388	0.978062328950723
K8B78_01905	cds	3.26070644401847	0.895569053618381	1.08791562861269	0.823197158000578	0.410395884780032	0.868679619490404
K8B78_01910	cds	1.56903472957149	0.022187356226116	1.47239211139142	0.0150689181600876	0.987977197861331	NA
K8B78_01915	cds	0.364938406729883	0.0647754228454347	4.05948601473725	0.0159565577046648	0.987269049207756	NA
K8B78_01920	cds	0.911565213125816	-2.30544412994136	2.43331859296949	-0.947448532470182	0.343410270569492	NA
K8B78_01925	cds	0.798242053197533	1.59613381583512	2.43914192843001	0.654383329330284	0.512864871942266	NA
K8B78_01930	cds	2.03878071507526	-1.09933125791103	1.27085314222862	-0.865034063639486	0.387020092743174	0.868679619490404
K8B78_01935	cds	0	NA	NA	NA	NA	NA
K8B78_01940	cds	0.929821645838438	0.572070589080112	2.3556046021082	0.242855099097754	0.808117650066617	NA
K8B78_01945	cds	0	NA	NA	NA	NA	NA
K8B78_01950	cds	0.271536385214106	-0.492929289408243	4.07760393732822	-0.120886995643629	0.903780542599324	NA
K8B78_01955	cds	0.19058830601382	-1.43479834864703	4.0804728567969	-0.351625509836946	0.725119131391508	NA
K8B78_01960	cds	0.339901624951872	1.64253523047859	4.01986317264604	0.408604760892249	0.682829736251643	NA
K8B78_01965	cds	0	NA	NA	NA	NA	NA
K8B78_01970	cds	0	NA	NA	NA	NA	NA
K8B78_01975	cds	0	NA	NA	NA	NA	NA
K8B78_01980	cds	2.21326212680254	0.443494929483867	1.2051615500009	0.367996248705028	0.712876031332562	0.978062328950723
K8B78_01985	cds	0.186804043031554	1.02655082383797	4.0594861604713	0.25287703498878	0.800363236252842	NA
K8B78_01990	cds	0	NA	NA	NA	NA	NA
K8B78_01995	cds	0.268438969263466	1.32965265472497	4.04656032645725	0.328588368257216	0.742466841096623	NA
K8B78_02000	cds	1.59876577816705	1.72777955945077	1.5727892887531	1.09854484119773	0.271966648394701	NA
K8B78_02005	cds	0.66196819373908	-1.94771563343436	2.92305301075487	-0.666329220259803	0.505200692505238	NA
K8B78_02010	cds	0	NA	NA	NA	NA	NA
K8B78_02015	cds	0	NA	NA	NA	NA	NA
K8B78_02020	cds	0.212297444826645	-1.43479834864703	4.0804728567969	-0.351625509836946	0.725119131391508	NA
K8B78_02030	cds	1.98294757261525	-0.416427110856077	1.27112149236025	-0.327606065477538	0.743209535240743	0.98594023036079
K8B78_02035	cds	0.910979695961707	-0.626905428238388	2.22731198669099	-0.281462782036993	0.778355470298281	NA
K8B78_02040	cds	0.801757011684119	-2.03749450492398	2.83047999002699	-0.71984063201399	0.47162312445862	NA
K8B78_02050	cds	2.70111247296665	1.35424809239188	1.10160875153904	1.22933672277011	0.218945584156948	0.831119051059263
K8B78_02055	cds	0.19058830601382	-1.43479834864703	4.0804728567969	-0.351625509836946	0.725119131391508	NA
K8B78_02060	cds	2.05364522630976	-1.48151502562815	1.31813988287398	-1.12394370648884	0.261036908100847	0.837819058335651
K8B78_02065	cds	0.721893981158167	-1.85955578133524	2.78854300510046	-0.666855694150661	0.504864313798291	NA
K8B78_02070	cds	2.76351108169113	0.932677142921625	1.10889667091285	0.841085709233701	0.400299920413815	0.868679619490404
K8B78_02075	cds	0	NA	NA	NA	NA	NA
K8B78_02095	cds	0.305699466342422	-0.492929289408243	4.07760393732822	-0.120886995643629	0.903780542599325	NA
K8B78_02100	cds	0	NA	NA	NA	NA	NA
K8B78_02105	cds	2.32421379529294	0.00621521910133654	1.13228315369149	0.00548910321687077	0.995620351283938	0.995620351283938
K8B78_02110	cds	0.542026799235012	0.635045002110621	3.59240516370035	0.176774326161054	0.859685656189426	NA
K8B78_02115	cds	0.0934020215157772	0.468845019313497	4.07760417783754	0.114980512787815	0.908460568131846	NA
K8B78_02120	cds	0.837005141486769	-1.09461094556672	2.39741077950719	-0.456580472117394	0.647972617858315	NA
K8B78_02125	cds	0	NA	NA	NA	NA	NA
K8B78_02130	cds	0.164864677204183	0.5253622583282	4.07550263851856	0.128907353258191	0.897430958160564	NA
K8B78_02135	cds	0.921838813536838	-0.798500330153843	2.57159683132312	-0.310507588292136	0.756174989847638	NA
K8B78_02140	cds	0.283990327529597	-0.492929289408242	4.07760393732822	-0.120886995643629	0.903780542599325	NA
K8B78_02145	cds	2.90191010087856	-0.0173192382887936	1.03269406603499	-0.0167709284466894	0.986619362373699	0.994037553068238
K8B78_02150	cds	0	NA	NA	NA	NA	NA
K8B78_02155	cds	0.212297444826645	-1.43479834864703	4.0804728567969	-0.351625509836946	0.725119131391508	NA
K8B78_02160	cds	7.73593703951407	-0.904103993991178	0.681844742632692	-1.32596753697963	0.184850450477869	0.808992533336962
K8B78_02165	cds	0.268438969263466	1.32965265472497	4.04656032645725	0.328588368257216	0.742466841096623	NA
K8B78_02170	cds	2.13125197171469	-0.766675871185318	1.32419292264109	-0.578975961943817	0.562605392984844	0.950213606970018
K8B78_02175	cds	2.45637890509795	-0.805646457353584	1.1145154174207	-0.722867036885028	0.46976157684719	0.900387397447457
K8B78_02180	cds	9.35783619062348	-0.898429749983584	0.621182283007522	-1.44632223835126	0.148086841141239	0.763216796651002
K8B78_02185	cds	0.0934020215157772	0.468845019313497	4.07760417783754	0.114980512787815	0.908460568131846	NA
K8B78_02190	cds	1.52694158445289	-0.195484457685171	1.58675038380792	-0.123197989853982	0.901950317308245	NA
K8B78_02195	cds	1.34916875878032	2.52278068640487	1.83260891403735	1.37660614170376	0.16863405102376	NA
K8B78_02200	cds	10.261060651078	0.208815902161618	0.605072674122246	0.345108796169879	0.730012580852502	0.978216858342352
K8B78_02205	cds	0.836419624322661	0.293610986121206	2.51589413422971	0.116702440745226	0.907095856059807	NA
K8B78_02210	cds	0.69466776113825	1.32349490559804	2.81729472538005	0.469775097960154	0.638515707465043	NA
K8B78_02215	cds	0.0934020215157772	0.468845019313497	4.07760417783754	0.114980512787815	0.908460568131846	NA
K8B78_02220	cds	0.19058830601382	-1.43479834864703	4.0804728567969	-0.351625509836946	0.725119131391508	NA
K8B78_02225	cds	0	NA	NA	NA	NA	NA
K8B78_02230	cds	0.178134363698329	-1.43479834864703	4.0804728567969	-0.351625509836946	0.725119131391508	NA
K8B78_02235	cds	1.26724842335837	-1.32311680756511	1.79023112221357	-0.739075972452716	0.459860866095966	NA
K8B78_02240	cds	0.445070741751515	2.08381898575672	3.95768074674846	0.52652528566604	0.598523288235307	NA
K8B78_02245	cds	0.329729354408367	1.60396708254584	4.02286249088009	0.398712878250765	0.690104777616397	NA
K8B78_02250	cds	4.87952993393467	0.787295003241986	0.82626275236425	0.952838550435968	0.340671878607153	0.868679619490404
K8B78_02255	cds	2.6075724579664	1.80140928509329	1.22831634016076	1.46656787522466	0.142493644345286	0.741797857413726
K8B78_02260	cds	3.20212914963084	-0.0894036141291886	1.03569253256343	-0.086322543919388	0.931210017907568	0.992180666634815
K8B78_02265	cds	0.178134363698329	-1.43479834864703	4.0804728567969	-0.351625509836946	0.725119131391508	NA
K8B78_02270	cds	0	NA	NA	NA	NA	NA
K8B78_02275	cds	0.271536385214106	-0.492929289408243	4.07760393732822	-0.120886995643629	0.903780542599324	NA
K8B78_02280	cds	0	NA	NA	NA	NA	NA
K8B78_02285	cds	3.09943729412732	2.14622874409548	1.14469023505465	1.87494282590173	0.0608005895387218	0.571784459493494
K8B78_02370	cds	0	NA	NA	NA	NA	NA
K8B78_02375	cds	1.11310689637139	3.35090691322157	2.10009892650202	1.59559479362381	0.110579290683512	NA
K8B78_02380	cds	2.19748761173275	-1.27833303287716	1.19621971962097	-1.06864400570341	0.285230111506018	0.860263341730269
K8B78_02385	cds	1.84037996525219	0.478828303304299	1.3632062163003	0.351251555031654	0.725399635695783	NA
K8B78_02390	cds	2.13942797967625	1.47166677458005	1.27556364530365	1.1537384120333	0.248607430685884	0.831119051059263
K8B78_02395	cds	1.66722993390815	0.868568843808171	1.51683944706255	0.572617520918387	0.566903693876281	NA
K8B78_02400	cds	2.04922431624099	2.10247228451926	1.53525234004456	1.3694636573283	0.170854387563644	0.790391096710639
K8B78_02405	cds	11.062497486036	1.91455244823117	0.641287168767577	2.98548379177857	0.00283130142028215	0.0916928683581228
K8B78_02410	cds	2.54185327648762	0.581462216885645	1.12713604194303	0.515875808463442	0.605941151176823	0.968934611187537
K8B78_02415	cds	0.728830842266566	1.32401806649096	2.74105920418508	0.483031546516557	0.629073337145449	NA
K8B78_02420	cds	1.11480063711509	0.826292422838546	2.00014410978005	0.413116444359307	0.679521301862908	NA
K8B78_02425	cds	0.0934020215157772	0.468845019313497	4.07760417783754	0.114980512787815	0.908460568131846	NA
K8B78_02430	cds	1.36599248124218	0.447737504148441	1.56692723878048	0.28574237084353	0.775075449816995	NA
K8B78_02435	cds	0	NA	NA	NA	NA	NA
K8B78_02440	cds	0	NA	NA	NA	NA	NA
K8B78_02445	cds	0	NA	NA	NA	NA	NA
K8B78_02450	cds	0.186804043031554	1.02655082383797	4.0594861604713	0.25287703498878	0.800363236252842	NA
K8B78_02455	cds	0	NA	NA	NA	NA	NA
K8B78_02460	cds	0.164864677204183	0.5253622583282	4.07550263851856	0.128907353258191	0.897430958160564	NA
K8B78_02465	cds	0.446573332961795	0.367381098526842	3.69740598548356	0.099361849894013	0.920850972197706	NA
K8B78_02470	cds	2.82000789627751	0.940598205257982	1.04306367897822	0.901764891458391	0.367181773548364	0.868679619490404
K8B78_02475	cds	3.70627085714165	0.26193123904503	0.905317397632599	0.289325312569911	0.772332443607009	0.988676366406341
K8B78_02480	cds	4.46879266180381	1.49592513156349	0.921863754856449	1.62271824191247	0.104649649992149	0.693262285921256
K8B78_02485	cds	1.61021041290629	0.816052629821119	1.47637576744336	0.552740466090334	0.580441139762917	NA
K8B78_02490	cds	0.470564143546606	0.327379307427993	3.59206114012763	0.0911396812740111	0.9273816027341	NA
K8B78_02495	cds	14.2055169557077	0.59556225492048	0.632752192679606	0.941225114366445	0.346589509203444	0.868679619490404
K8B78_02500	cds	14.6591714218754	-0.0701681738801106	0.517716400045236	-0.135533998679547	0.892189685187582	0.992180666634815
K8B78_02505	cds	1.01432376100644	-0.458165786762254	1.91946229204308	-0.238694861921243	0.811342201204877	NA
K8B78_02510	cds	4.39645705363471	-0.392809359583232	0.876753338780393	-0.448027218384647	0.654133553171586	0.973182335208062
K8B78_02515	cds	3.57255000007741	1.14028979269065	0.976169653020366	1.16812665622464	0.242755679466293	0.831119051059263
K8B78_02520	cds	23.2901299605386	0.594949854520426	0.499352293823815	1.19144311917458	0.233479673997878	0.831119051059263
K8B78_02525	cds	28.3790144092657	0.671470578530755	0.445529110780646	1.50713065046237	0.131777171745269	0.717259033369811
K8B78_02530	cds	1.13810460066827	0.848994236090757	1.95694409810198	0.433836733974255	0.664407004353454	NA
K8B78_02535	cds	2.91792010528832	1.00961017654325	1.08428887980025	0.93112656170488	0.351788100244012	0.868679619490404
K8B78_02540	cds	1.79464093837342	-0.165972997548957	1.33358561269282	-0.124456199863929	0.900954078127002	NA
K8B78_02545	cds	0	NA	NA	NA	NA	NA
K8B78_02550	cds	2.18686074729871	0.892839945713233	1.18820595743407	0.751418506301148	0.452400828641402	0.881770342370151
K8B78_02555	cds	1.59009609883383	0.898469302618289	1.48055451574844	0.606846484247221	0.543952796039612	NA
K8B78_02560	cds	0.0934020215157772	0.468845019313497	4.07760417783754	0.114980512787815	0.908460568131846	NA
K8B78_02565	cds	0.186804043031554	1.02655082383797	4.0594861604713	0.25287703498878	0.800363236252842	NA
K8B78_02570	cds	0	NA	NA	NA	NA	NA
K8B78_02575	cds	0	NA	NA	NA	NA	NA
K8B78_02580	cds	0.351668720235738	1.74114095567477	4.01253614563899	0.43392530122554	0.664342686037428	NA
K8B78_02585	cds	0.186804043031554	1.02655082383797	4.0594861604713	0.25287703498878	0.800363236252842	NA
K8B78_02590	cds	0	NA	NA	NA	NA	NA
K8B78_02595	cds	0.361840990779243	1.77576031710939	4.0100758567944	0.442824619913525	0.657892593997463	NA
K8B78_02600	cds	1.14900279572454	2.16132199303602	2.03744310721272	1.06080115090564	0.28878027907861	NA
K8B78_02605	cds	0	NA	NA	NA	NA	NA
K8B78_02610	cds	1.19164238052612	-0.0194641872808229	1.79652330039208	-0.0108343639498441	0.99135559739692	NA
K8B78_02615	cds	1.68880491324852	1.79165302297763	3.89316560459482	0.460204677875267	0.64536931361316	NA
K8B78_02620	cds	1.51553602719478	1.61314502814086	1.5967340332184	1.01027785127707	0.31236218956422	NA
K8B78_02625	cds	0.563966165062383	0.790651106001303	3.20561749277049	0.246645492727822	0.8051825938564	NA
K8B78_02630	cds	0.446573332961795	0.367381098526842	3.69740598548356	0.099361849894013	0.920850972197706	NA
K8B78_02635	cds	1.18959093576868	0.171654992361388	1.84844886887863	0.0928643443978643	0.92601133235116	NA
K8B78_02640	cds	2.63255608369547	1.34938552834821	1.17312532289352	1.15024840229341	0.250041575804152	0.831119051059263
K8B78_02645	cds	0	NA	NA	NA	NA	NA
K8B78_02650	cds	3.26285719251688	-0.164201219657337	1.06004437563467	-0.154900326280233	0.876899896417982	0.992180666634815
K8B78_02655	cds	0.0934020215157772	0.468845019313497	4.07760417783754	0.114980512787815	0.908460568131846	NA
K8B78_02660	cds	0.982442351650113	-0.436069202298019	2.13407576483749	-0.204336326518017	0.838090684323172	NA
K8B78_02665	cds	0	NA	NA	NA	NA	NA
K8B78_02670	cds	1.52078583003274	2.60065965783127	1.80564688608652	1.44029249454628	0.149784663958057	NA
K8B78_02675	cds	6.51598560203941	-0.333353793788337	0.734308093848189	-0.453969929762554	0.6498504700387	0.973182335208062
K8B78_02680	cds	5.30509282543805	-0.361504289945524	0.860450969763887	-0.420133514457799	0.674387920736068	0.978062328950723
K8B78_02685	cds	0.268438969263466	1.32965265472497	4.04656032645725	0.328588368257216	0.742466841096623	NA
K8B78_02690	cds	0.164864677204183	0.5253622583282	4.07550263851856	0.128907353258191	0.897430958160564	NA
K8B78_02695	cds	0.19058830601382	-1.43479834864703	4.0804728567969	-0.351625509836946	0.725119131391508	NA
K8B78_02700	cds	0.25826669871996	1.28771198908827	4.05009992252185	0.317945733123163	0.750526101124417	NA
K8B78_02705	cds	0.178134363698329	-1.43479834864703	4.0804728567969	-0.351625509836946	0.725119131391508	NA
K8B78_02710	cds	0.0934020215157772	0.468845019313497	4.07760417783754	0.114980512787815	0.908460568131846	NA
K8B78_02715	cds	3.27958402510196	1.20256616885706	1.02311844139291	1.17539291660098	0.239837556069059	0.831119051059263
K8B78_02720	cds	3.37831197829142	0.910020725174842	0.978507718514526	0.930008734684634	0.352366562029017	0.868679619490404
K8B78_02725	cds	3.34251296881506	-0.810167015540726	0.932384574745518	-0.868919368128596	0.384891235065012	0.868679619490404
K8B78_02730	cds	0.164864677204183	0.5253622583282	4.07550263851856	0.128907353258191	0.897430958160564	NA
K8B78_02735	cds	1.70452950846824	0.975820173096936	1.44487089388862	0.675368420268116	0.499441723992409	NA
K8B78_02740	cds	2.24632405456216	-1.20150331167108	1.19324746754399	-1.00691880297394	0.313973795332369	0.868679619490404
K8B78_02745	cds	1.04164424068299	3.26693026218596	2.15159065080093	1.51837909361144	0.128918858945123	NA
K8B78_02750	cds	3.329433221782	2.34042915957292	1.15579895409138	2.02494486717443	0.0428730257757422	0.46983739377768
K8B78_02755	cds	0.526705667983427	2.30666066783363	3.2739277439042	0.704554543736787	0.481087495196907	NA
K8B78_02760	cds	0	NA	NA	NA	NA	NA
K8B78_02765	cds	0.808414323741038	1.61217660406446	2.57105356865607	0.627049013571182	0.53062710721986	NA
K8B78_02770	cds	0	NA	NA	NA	NA	NA
K8B78_02775	cds	0	NA	NA	NA	NA	NA
K8B78_02780	cds	0	NA	NA	NA	NA	NA
K8B78_02785	cds	0	NA	NA	NA	NA	NA
K8B78_02790	cds	0.0934020215157772	0.468845019313497	4.07760417783754	0.114980512787815	0.908460568131846	NA
K8B78_02795	cds	1.75332687381652	0.283106333205203	1.32402250199132	0.213822901634537	0.830685165030834	NA
K8B78_02800	cds	0.280206064547331	1.45997391166747	4.03476458448163	0.361848598870617	0.717465172801042	NA
K8B78_02805	cds	0.351668720235738	1.74114095567477	4.01253614563899	0.43392530122554	0.664342686037428	NA
K8B78_02810	cds	0.659458708816733	2.6111242334594	3.42428639337298	0.762530914035903	0.445743199792629	NA
K8B78_02815	cds	10.7459767758077	0.704415612092491	0.60681186469372	1.16084680125369	0.245704206406273	0.831119051059263
K8B78_02820	cds	2.41584978124131	2.46423024775821	1.35986400008385	1.81211521711456	0.069968395576406	0.594216786158129
K8B78_02825	cds	0	NA	NA	NA	NA	NA
K8B78_02830	cds	2.86456761482532	-0.857574531135504	1.0617550162491	-0.807695295064479	0.41926601275897	0.868679619490404
K8B78_02835	cds	0.178134363698329	-1.43479834864703	4.0804728567969	-0.351625509836946	0.725119131391508	NA
K8B78_02840	cds	0.355452983218003	-0.436407283028976	4.07550223065566	-0.107080614444607	0.914725026164689	NA
K8B78_02845	cds	0	NA	NA	NA	NA	NA
K8B78_02850	cds	0.25826669871996	1.28771198908827	4.05009992252185	0.317945733123163	0.750526101124417	NA
K8B78_02855	cds	0	NA	NA	NA	NA	NA
K8B78_02860	cds	12.5976180243354	-0.498749168921048	0.596237473552921	-0.836494167246902	0.402876956717652	0.868679619490404
K8B78_02865	cds	2.01511439116162	2.07158795693268	1.44259763565257	1.43601230567357	0.150998839691157	0.7692761306996
K8B78_02870	cds	5.52858553921463	-0.268916437323106	0.750298427185424	-0.358412636331767	0.720034536524652	0.978062328950723
K8B78_02875	cds	81.545843035162	-0.443136196863263	0.457145953918922	-0.969353864043729	0.332368662949816	0.868679619490404
K8B78_02880	cds	0.164864677204183	0.5253622583282	4.07550263851856	0.128907353258191	0.897430958160564	NA
K8B78_02885	cds	0.178134363698329	-1.43479834864703	4.0804728567969	-0.351625509836946	0.725119131391508	NA
K8B78_02890	cds	0	NA	NA	NA	NA	NA
K8B78_02895	cds	0.560412129094663	2.43413676294471	3.77225849891499	0.645273054231262	0.518750251405353	NA
K8B78_02900	cds	0.533587346916332	-1.28257874643733	3.34612529155715	-0.383302666422414	0.701495362443165	NA
K8B78_02905	cds	1.31314154841596	1.15327655185751	1.78489653254983	0.646130759305126	0.518194676492325	NA
K8B78_02910	cds	0.178134363698329	-1.43479834864703	4.0804728567969	-0.351625509836946	0.725119131391508	NA
K8B78_02915	cds	1.25169706509223	-0.487992051280596	1.71591298514248	-0.284392073202987	0.776109932997656	NA
K8B78_02920	cds	0.19058830601382	-1.43479834864703	4.0804728567969	-0.351625509836946	0.725119131391508	NA
K8B78_02925	cds	0	NA	NA	NA	NA	NA
K8B78_02930	cds	0.467010107578886	2.17343196062074	3.98554993873042	0.545327995893354	0.585527952730218	NA
K8B78_02935	cds	3.63028958545347	0.0449922023643855	0.945513228865465	0.0475849527968766	0.962047024372926	0.992180666634815
K8B78_02940	cds	0.806911732530758	2.94600651159358	2.53392951205994	1.16262370266119	0.244982209654762	NA
K8B78_02945	cds	0	NA	NA	NA	NA	NA
K8B78_02950	cds	0.178134363698329	-1.43479834864703	4.0804728567969	-0.351625509836946	0.725119131391508	NA
K8B78_02955	cds	0.19058830601382	-1.43479834864703	4.0804728567969	-0.351625509836946	0.725119131391508	NA
K8B78_02960	cds	0.268438969263466	1.32965265472497	4.04656032645725	0.328588368257216	0.742466841096623	NA
K8B78_02965	cds	3.2430059350639	-0.920027293305556	0.962172373580214	-0.956197993798308	0.338972213333319	0.868679619490404
K8B78_02970	cds	1.92148011650475	-0.550393858754369	1.30402763194752	-0.422072236254976	0.672972292251499	NA
K8B78_02975	cds	0.949157267086835	-1.76992440066139	2.52953765054866	-0.699702730369518	0.484112970983076	NA
K8B78_02980	cds	1.86342048444825	3.05673618053317	1.58900310755137	1.9236816882275	0.0543944947157368	NA
K8B78_02985	cds	2.28714444774739	0.0239163471364769	1.11749966866498	0.0214016592640681	0.982925249968446	0.992180666634815
K8B78_02990	cds	0.648928734259481	-0.296022672971513	2.95848795598807	-0.100058772378084	0.92029766589268	NA
K8B78_02995	cds	0.555526712743703	-0.760219312109891	3.25780901049704	-0.233352940476368	0.815487352518463	NA
K8B78_03000	cds	0.175036947747689	0.5253622583282	4.07550263851856	0.128907353258191	0.897430958160564	NA
K8B78_03005	cds	0.178134363698329	-1.43479834864703	4.0804728567969	-0.351625509836946	0.725119131391508	NA
K8B78_03010	cds	1.90906525167039	0.0842293884653771	1.25359020296908	0.0671905286638991	0.94643002511756	NA
K8B78_03015	cds	1.04164424068299	3.26693026218596	2.15159065080093	1.51837909361144	0.128918858945123	NA
K8B78_03020	cds	24.2386444608233	-1.10734040356004	0.482599323648991	-2.29453368311275	0.0217598625881505	0.333236752778534
K8B78_03025	cds	1.41629243780074	-1.24366129360719	1.68602758565775	-0.737628081643762	0.460740486021721	NA
K8B78_03030	cds	0.387334392574334	-0.436407283028975	4.07550223065566	-0.107080614444607	0.914725026164689	NA
K8B78_03035	cds	0.283990327529597	-0.492929289408242	4.07760393732822	-0.120886995643629	0.903780542599325	NA
K8B78_03040	cds	0.175036947747689	0.5253622583282	4.07550263851856	0.128907353258191	0.897430958160564	NA
K8B78_03045	cds	0.186804043031554	1.02655082383797	4.0594861604713	0.25287703498878	0.800363236252842	NA
K8B78_03050	cds	0.19058830601382	-1.43479834864703	4.0804728567969	-0.351625509836946	0.725119131391508	NA
K8B78_03055	cds	0.966621688888302	-0.985779020571033	2.49990845694597	-0.394326047352676	0.693340334979666	NA
K8B78_03060	cds	7.18254820049282	0.580171169008483	0.673747945988852	0.861110111670875	0.389177400576049	0.868679619490404
K8B78_03065	cds	1.86032306849761	4.14780841423761	1.59562711785875	2.59948478426699	0.00933638174436609	NA
K8B78_03070	cds	0.922253119873906	3.15556786011389	2.52844485204444	1.2480271648252	0.21202110928261	NA
K8B78_03075	cds	3.2219042782481	1.13614449463507	1.86727317484986	0.60845114144931	0.542888301375969	0.932654261338203
K8B78_03080	cds	15.4576094705105	3.007837278663	0.725083440181587	4.14826365074581	3.35006461645625e-05	0.00448908658605138
K8B78_03085	cds	0	NA	NA	NA	NA	NA
K8B78_03090	cds	0.0934020215157772	0.468845019313497	4.07760417783754	0.114980512787815	0.908460568131846	NA
K8B78_03095	cds	0.585905530889754	0.919067959525879	3.39668737567873	0.270577729969108	0.786715825997172	NA
K8B78_03100	cds	0	NA	NA	NA	NA	NA
K8B78_03105	cds	0.538472763267292	2.36448486914979	3.51822482723506	0.672067586711909	0.501540670287767	NA
K8B78_03110	cds	1.92810037720708	3.06968071857826	1.65140458687714	1.8588302000439	0.063051210327027	NA
K8B78_03115	cds	2.61487167943525	0.16560007723183	1.20813429565176	0.137070918214844	0.890974739368964	0.992180666634815
K8B78_03120	cds	18.3678830311982	0.0224973772766955	0.524418289023995	0.0428996809370737	0.965781503093249	0.992180666634815
K8B78_03125	cds	0.186804043031554	1.02655082383797	4.0594861604713	0.25287703498878	0.800363236252842	NA
K8B78_03130	cds	0	NA	NA	NA	NA	NA
K8B78_03135	cds	0.339901624951872	1.64253523047859	4.01986317264604	0.408604760892249	0.682829736251643	NA
K8B78_03140	cds	0.268438969263466	1.32965265472497	4.04656032645725	0.328588368257216	0.742466841096623	NA
K8B78_03145	cds	0.483833830040751	-1.39943822241498	3.52861449682924	-0.396597084683661	0.691664602716006	NA
K8B78_03150	cds	0	NA	NA	NA	NA	NA
K8B78_03155	cds	0.305699466342422	-0.492929289408243	4.07760393732822	-0.120886995643629	0.903780542599325	NA
K8B78_03160	cds	0.764726741619708	-0.102767271209704	2.50922902099719	-0.0409557160186452	0.967331199715235	NA
K8B78_03165	cds	0.564196392076929	0.91585460723624	3.47500860347931	0.263554630143722	0.792123122564404	NA
K8B78_03170	cds	0.88215865120143	1.72801150209094	2.30269130739893	0.75043124388343	0.452995019408067	NA
K8B78_03175	cds	31.8595266557848	-1.27167301130614	0.935724708271495	-1.35902472176376	0.174138755002371	0.790391096710639
K8B78_03180	cds	0.520317660422187	0.636732303821554	3.67983331960656	0.173032919841498	0.862625551597678	NA
K8B78_03185	cds	0	NA	NA	NA	NA	NA
K8B78_03190	cds	0	NA	NA	NA	NA	NA
K8B78_03195	cds	0.0934020215157772	0.468845019313497	4.07760417783754	0.114980512787815	0.908460568131846	NA
K8B78_03200	cds	0.0934020215157772	0.468845019313497	4.07760417783754	0.114980512787815	0.908460568131846	NA
K8B78_03205	cds	0.25826669871996	1.28771198908827	4.05009992252185	0.317945733123163	0.750526101124417	NA
K8B78_03210	cds	0	NA	NA	NA	NA	NA
K8B78_03215	cds	0	NA	NA	NA	NA	NA
K8B78_03220	cds	0	NA	NA	NA	NA	NA
K8B78_03225	cds	576.646641917081	-0.207709721218653	0.63483470932451	-0.327187090068948	0.743526384649176	0.98594023036079
K8B78_03230	cds	0	NA	NA	NA	NA	NA
K8B78_03235	cds	0	NA	NA	NA	NA	NA
K8B78_03240	cds	0.280206064547331	1.45997391166747	4.03476458448163	0.361848598870617	0.717465172801042	NA
K8B78_03245	cds	0.0934020215157772	0.468845019313497	4.07760417783754	0.114980512787815	0.908460568131846	NA
K8B78_03250	cds	0.0934020215157772	0.468845019313497	4.07760417783754	0.114980512787815	0.908460568131846	NA
K8B78_03255	cds	9.55470938144011	-0.64721074861508	0.671128269518808	-0.964362221068594	0.334864355963318	0.868679619490404
K8B78_03260	cds	0.212297444826645	-1.43479834864703	4.0804728567969	-0.351625509836946	0.725119131391508	NA
K8B78_03265	cds	1.16455415399067	0.981778810499663	1.96355505579021	0.500000653205294	0.617074617510178	NA
K8B78_03270	cds	0.186804043031554	1.02655082383797	4.0594861604713	0.25287703498878	0.800363236252842	NA
K8B78_03275	cds	0.88215865120143	1.72801150209094	2.30269130739893	0.75043124388343	0.452995019408067	NA
K8B78_03280	cds	0	NA	NA	NA	NA	NA
K8B78_03285	cds	0	NA	NA	NA	NA	NA
K8B78_03290	cds	46.5186757250932	-0.322582981427831	0.474935888768482	-0.679213740330922	0.497002442438225	0.923480127555311
K8B78_03295	cds	1.29293500081342	0.266535843794807	1.70215949117285	0.156586879888179	0.875570443313165	NA
K8B78_03300	cds	1.28126013905963	1.18214667181178	1.74736913955844	0.676529443635768	0.498704558624938	NA
K8B78_03305	cds	0	NA	NA	NA	NA	NA
K8B78_03310	cds	0.355452983218003	-0.436407283028976	4.07550223065566	-0.107080614444607	0.914725026164689	NA
K8B78_03315	cds	0.805123732130439	-1.08456108762099	2.44816897295106	-0.443009081319105	0.657759166100313	NA
K8B78_03320	cds	0.539975354477572	0.820636962991029	3.28598885810628	0.249738206192203	0.802789809894459	NA
K8B78_03325	cds	4.15942778718883	2.64426633103098	1.09430301859041	2.41639316177444	0.0156751255949634	0.289719562720702
K8B78_03330	cds	0	NA	NA	NA	NA	NA
K8B78_03335	cds	1.72564403377952	1.84959794861295	1.58738081363925	1.16518855004461	0.243942679344592	NA
K8B78_03340	cds	0	NA	NA	NA	NA	NA
K8B78_03345	cds	1.34688708700833	2.53117627253156	1.83480031901024	1.37953773296539	0.167729020668943	NA
K8B78_03350	cds	0.636892334479935	-3.03640148054773	3.49135631270599	-0.869691090965837	0.384469242237836	NA
K8B78_03355	cds	0.305699466342422	-0.492929289408243	4.07760393732822	-0.120886995643629	0.903780542599325	NA
K8B78_03360	cds	0	NA	NA	NA	NA	NA
K8B78_03365	cds	0	NA	NA	NA	NA	NA
K8B78_03370	cds	2.11142065296808	-0.103602418936653	1.21680109312704	-0.0851432658318927	0.9321474940077	0.992180666634815
K8B78_03375	cds	0.19058830601382	-1.43479834864703	4.0804728567969	-0.351625509836946	0.725119131391508	NA
K8B78_03380	cds	1.21266467230732	0.0791061579042771	1.82638052204531	0.0433130757525208	0.965451968061485	NA
K8B78_03385	cds	5.35207706142702	1.32320496919895	0.846302837715627	1.56351238614607	0.117932124644911	0.71284826047996
K8B78_03390	cds	2.88864041438441	0.309684679023629	1.03263300768837	0.299898101956746	0.764254882154214	0.988676366406341
K8B78_03395	cds	1.22287602033196	1.19870436301221	1.86246915885462	0.643610315539072	0.519828159372225	NA
K8B78_03400	cds	0.939076842335772	0.56024487805828	2.21437267657987	0.253003879601507	0.800265215225068	NA
K8B78_03405	cds	1.12099546901637	-1.02151823070319	1.85686400196029	-0.550130881758049	0.58222960661861	NA
K8B78_03410	cds	16.2275326075078	-0.018879604399614	0.54029039994387	-0.0349434385685463	0.972124842778645	0.992180666634815
K8B78_03415	cds	1.51699954092393	-0.0670399549437927	1.50059743337229	-0.0446755095356481	0.964365954761604	NA
K8B78_03420	cds	0.459027275277286	0.36728952357455	3.64147108301008	0.100862952142667	0.919659252987869	NA
K8B78_03425	cds	2.20902448000207	-1.30082387819915	1.21953482985835	-1.06665578247588	0.28612730108777	0.860263341730269
K8B78_03430	cds	1.21358174635349	0.109609560012694	1.7524047390944	0.0625480846789639	0.950126370836611	NA
K8B78_03435	cds	1.56137397007688	0.735919988658214	1.52861169671312	0.48143030060585	0.630210705637709	NA
K8B78_03440	cds	0.268438969263466	1.32965265472497	4.04656032645725	0.328588368257216	0.742466841096623	NA
K8B78_03445	cds	1.56319902183179	0.88466433871186	1.57200709780575	0.562761033297304	0.573597617723131	NA
K8B78_03450	cds	1.08223238072713	0.960257568668305	1.93508603348318	0.496235077951459	0.619728564968568	NA
K8B78_03455	cds	0.981948680278447	3.21933052554775	2.23499133307007	1.44042192822536	0.149748063424468	NA
K8B78_03460	cds	4.48990981733525	-1.04264603805907	0.855164644511928	-1.2192342664659	0.222755289602767	0.831119051059263
K8B78_03465	cds	0	NA	NA	NA	NA	NA
K8B78_03470	cds	0.939664773364065	3.14085337597851	2.46696605513475	1.27316440752848	0.202959707702316	NA
K8B78_03475	cds	1.05022168648613	3.28814404627843	3.94343986779148	0.833826343628248	0.404378848118103	NA
K8B78_03480	cds	2.46547401323223	4.50529428292906	1.51297242120092	2.9777768714072	0.00290347271673165	0.0916928683581228
K8B78_03485	cds	0.0934020215157772	0.468845019313497	4.07760417783754	0.114980512787815	0.908460568131846	NA
K8B78_03490	cds	0.548645033810798	2.38790119254632	3.47887994078308	0.686399425445196	0.4924612666961	NA
K8B78_03495	cds	0.268438969263466	1.32965265472497	4.04656032645725	0.328588368257216	0.742466841096623	NA
K8B78_03500	cds	2.38723699866266	-0.335092410369323	1.17469578175427	-0.285258886235978	0.775445808819729	0.988676366406341
K8B78_03505	cds	8.91504354432391	0.496524112615994	0.619727249393586	0.801197806134636	0.42301714109388	0.868679619490404
K8B78_03510	cds	5.53836546825398	0.506862653705722	0.7620949600368	0.665091202914197	0.505992160967524	0.923480127555311
K8B78_03515	cds	3.74918177256546	1.25247754310969	0.957590444578504	1.30794699362417	0.190891288629283	0.812045481788059
K8B78_03520	cds	5.31941191516227	3.71729163183615	1.20006425683808	3.09757715943516	0.00195109597132055	0.0821819602614576
K8B78_03525	cds	1.04493280616704	0.7682020060192	2.08059348193736	0.36922253803462	0.711961857964373	NA
K8B78_03530	cds	0.19058830601382	-1.43479834864703	4.0804728567969	-0.351625509836946	0.725119131391508	NA
K8B78_03535	cds	0	NA	NA	NA	NA	NA
K8B78_03540	cds	0.186804043031554	1.02655082383797	4.0594861604713	0.25287703498878	0.800363236252842	NA
K8B78_03545	cds	0	NA	NA	NA	NA	NA
K8B78_03550	cds	0	NA	NA	NA	NA	NA
K8B78_03555	cds	0	NA	NA	NA	NA	NA
K8B78_03560	cds	0	NA	NA	NA	NA	NA
K8B78_03565	cds	0	NA	NA	NA	NA	NA
K8B78_03570	cds	0.0934020215157772	0.468845019313497	4.07760417783754	0.114980512787815	0.908460568131846	NA
K8B78_03575	cds	12.081760165844	-0.922082795234952	0.557460674530262	-1.65407684768425	0.0981118995727355	0.691585916564932
K8B78_03580	cds	0.458340428245661	0.501169623511066	3.94470815740862	0.127048593587288	0.898901938015329	NA
K8B78_03585	cds	0.364938406729883	0.0647754228454347	4.05948601473725	0.0159565577046648	0.987269049207756	NA
K8B78_03590	cds	0.356268727396658	-2.22986277631651	4.04732815185054	-0.550946869800257	0.581670096394159	NA
K8B78_03595	cds	0.837005141486769	-1.09461094556672	2.39741077950719	-0.456580472117394	0.647972617858315	NA
K8B78_03600	cds	0	NA	NA	NA	NA	NA
K8B78_03605	cds	0	NA	NA	NA	NA	NA
K8B78_03610	cds	2.37647679709087	-1.31548244772114	1.14955966296414	-1.14433594888775	0.252484340116849	0.831119051059263
K8B78_03615	cds	0	NA	NA	NA	NA	NA
K8B78_03620	cds	1.62644861820405	0.0405146040088237	1.48218189204571	0.0273344346103873	0.978192992275015	NA
K8B78_03625	cds	0.833907725536129	0.156129291838642	2.39900253356588	0.0650809199465793	0.948109571898852	NA
K8B78_03630	cds	0	NA	NA	NA	NA	NA
K8B78_03635	cds	1.10266915534422	2.20104457801349	2.17573752256908	1.01163148366101	0.311714286630125	NA
K8B78_03640	cds	2.20195165153575	0.226786569746915	1.18886114902338	0.19075950958042	0.84871401275088	0.992180666634815
K8B78_03645	cds	1.17563440224291	1.14690689646173	1.85129946250525	0.619514519228394	0.535577460000036	NA
K8B78_03650	cds	0	NA	NA	NA	NA	NA
K8B78_03655	cds	0	NA	NA	NA	NA	NA
K8B78_03660	cds	0	NA	NA	NA	NA	NA
K8B78_03665	cds	0.990332950421633	-0.370891156635804	2.12488509234421	-0.174546453345687	0.861436026543483	NA
K8B78_03670	cds	0.164864677204183	0.5253622583282	4.07550263851856	0.128907353258191	0.897430958160564	NA
K8B78_03675	cds	0.58968979387202	-0.858000514113378	3.14948631463811	-0.27242554130989	0.785294835976722	NA
K8B78_03680	cds	0	NA	NA	NA	NA	NA
K8B78_03685	cds	0.38117661202764	-2.31423930346047	4.03947876423236	-0.572905426302013	0.566708730312384	NA
K8B78_03690	cds	0.212297444826645	-1.43479834864703	4.0804728567969	-0.351625509836946	0.725119131391508	NA
K8B78_03695	cds	0.704800954200622	-0.460333902249161	3.03030256767703	-0.151910210933835	0.879257754605771	NA
K8B78_03700	cds	1.83391966286724	1.18773855900422	1.44562483600719	0.821609126669925	0.411299393282274	NA
K8B78_03705	cds	0.25826669871996	1.28771198908827	4.05009992252185	0.317945733123163	0.750526101124417	NA
K8B78_03710	cds	0.423131375924144	1.98435850727811	3.99639820757582	0.49653673237978	0.619515778057768	NA
K8B78_03715	cds	0.732845332263378	-0.0815704835888151	2.73765094586982	-0.0297957939860365	0.976229913191985	NA
K8B78_03720	cds	0.470794370561152	0.503341013225485	3.88245512138655	0.129645030654141	0.896847274561067	NA
K8B78_03725	cds	1.84131073012853	0.254863898962296	2.43243519494062	0.104777261689193	0.916552553261987	NA
K8B78_03730	cds	0	NA	NA	NA	NA	NA
K8B78_03735	cds	0	NA	NA	NA	NA	NA
K8B78_03740	cds	0	NA	NA	NA	NA	NA
K8B78_03745	cds	53.4056831376769	-0.517475151928777	0.442801539003003	-1.16863900946213	0.242549104426867	0.831119051059263
K8B78_03750	cds	1.96895398773489	2.00016460128936	1.44634023156059	1.38291430857261	0.166691142423768	NA
K8B78_03755	cds	1.16359800246336	-0.220438068835704	1.91343110762441	-0.115205647048033	0.908282122785202	NA
K8B78_03760	cds	0.361840990779243	1.77576031710939	4.0100758567944	0.442824619913525	0.657892593997463	NA
K8B78_03765	cds	1.06257468667174	0.82722857185737	2.15866764371028	0.383212568302336	0.701562159882466	NA
K8B78_03770	cds	0.164864677204183	0.5253622583282	4.07550263851856	0.128907353258191	0.897430958160564	NA
K8B78_03775	cds	0	NA	NA	NA	NA	NA
K8B78_03780	cds	3.12483643626579	-0.332665277481721	0.959590625445249	-0.346674163607387	0.728836122322054	0.978216858342352
K8B78_03785	cds	3.89406629516963	0.903185594586288	0.930679781534193	0.970457951818206	0.331818274314276	0.868679619490404
K8B78_03790	cds	0.268438969263466	1.32965265472497	4.04656032645725	0.328588368257216	0.742466841096623	NA
K8B78_03795	cds	0.708624294664021	-0.210760913500852	2.66450991225323	-0.0790993167379975	0.936953626976181	NA
K8B78_03800	cds	0.711721710614662	-1.85907228712374	2.80860082999743	-0.66192114851915	0.508021757330741	NA
K8B78_03805	cds	0.715012302225261	1.36744764352479	2.77296801983183	0.493135021300289	0.621917186880167	NA
K8B78_03810	cds	3.22739473827557	0.498264141137446	0.974663907051743	0.51121636651617	0.609199559645896	0.968934611187537
K8B78_03815	cds	0.43640106241829	0.32683492245364	3.74517257659287	0.0872683209570479	0.930458234140721	NA
K8B78_03820	cds	1.23304829087546	1.21160599716476	1.87380712653152	0.646601232330397	0.517890060248616	NA
K8B78_03825	cds	2.9223039640025	-0.266293120901741	1.02741575928145	-0.259187304162026	0.795490726300813	0.992180666634815
K8B78_03830	cds	11.89413011356	3.51811251954357	0.799960008022766	4.39786049835063	1.09323205931602e-05	0.00195324127931129
K8B78_03835	cds	0.631874784783069	2.6002290515315	3.18615338327133	0.81610291117302	0.414441279059952	NA
K8B78_03840	cds	2.56073227771894	-0.162408228745381	1.06214564321027	-0.152905799485758	0.878472562366382	0.992180666634815
K8B78_03845	cds	1.59078294586545	0.816617741678416	1.48382414171185	0.550346714763858	0.582081588858713	NA
K8B78_03850	cds	38.0606955407185	1.21051200308997	0.408996144959385	2.95971494599338	0.00307923811650412	0.0916928683581228
K8B78_03855	cds	8.53612137690991	-0.172040825831684	0.620415075264221	-0.277299557491274	0.781550099316094	0.990332986367438
K8B78_03860	cds	4.40473400372615	1.15807658593316	0.914292740638496	1.26663653166973	0.205285283665677	0.831119051059263
K8B78_03865	cds	5.12221326711825	-0.0685546974435189	0.824519411185015	-0.0831450375983153	0.933736214972334	0.992180666634815
K8B78_03870	cds	2.37357255680019	0.540929809574181	1.19253955481977	0.453594857619571	0.650120455416448	0.973182335208062
K8B78_03875	cds	12.8357605847867	0.372171905521944	0.573651294351569	0.648777243573784	0.516482368430885	0.928300515679918
K8B78_03880	cds	0	NA	NA	NA	NA	NA
K8B78_03885	cds	20.9078955634305	0.243194980298581	0.560775779654358	0.433675970186297	0.664523758742819	0.973182335208062
K8B78_03890	cds	1.45916427574341	0.511336445950593	1.57054957556713	0.325578035806956	0.744743632382272	NA
K8B78_03895	cds	3.58836682882721	1.08384057253883	1.00889581807743	1.07428393806232	0.282695441649692	0.860263341730269
K8B78_03900	cds	0.0934020215157772	0.468845019313497	4.07760417783754	0.114980512787815	0.908460568131846	NA
K8B78_03910	cds	0.0934020215157772	0.468845019313497	4.07760417783754	0.114980512787815	0.908460568131846	NA
K8B78_03915	cds	0.0934020215157772	0.468845019313497	4.07760417783754	0.114980512787815	0.908460568131846	NA
K8B78_03920	cds	0	NA	NA	NA	NA	NA
K8B78_03925	cds	0	NA	NA	NA	NA	NA
K8B78_03930	cds	0	NA	NA	NA	NA	NA
K8B78_03935	cds	28.263538014902	0.239048469176678	0.521719998632164	0.458193034201125	0.646813763944745	0.973182335208062
K8B78_03940	cds	0	NA	NA	NA	NA	NA
K8B78_03945	cds	0.793549812506533	2.87211496854308	2.79589087719965	1.02726289926586	0.304296687265343	NA
K8B78_03950	cds	0	NA	NA	NA	NA	NA
K8B78_03955	cds	0.175036947747689	0.5253622583282	4.07550263851856	0.128907353258191	0.897430958160564	NA
K8B78_03960	cds	18.7359869561848	-1.0402764449231	0.505122299932402	-2.05945460151396	0.0394507097486693	0.459686530984495
K8B78_03965	cds	0.164864677204183	0.5253622583282	4.07550263851856	0.128907353258191	0.897430958160564	NA
K8B78_03970	cds	0	NA	NA	NA	NA	NA
K8B78_03975	cds	0	NA	NA	NA	NA	NA
K8B78_03980	cds	1.10772578252222	-0.132384608765053	1.79292094916915	-0.0738373930130057	0.941139772897836	NA
K8B78_03985	cds	0.423131375924144	1.98435850727811	3.99639820757582	0.49653673237978	0.619515778057768	NA
K8B78_03990	cds	4.50226445590977	-0.31950759147864	0.837719728283432	-0.381401536446255	0.702905321107278	0.978062328950723
K8B78_03995	cds	3.32380194221191	-0.117194148950257	0.966560883330948	-0.12124859485973	0.903494134877295	0.992180666634815
K8B78_04000	cds	0.377162122030828	-0.436407283028976	4.07550223065566	-0.107080614444607	0.914725026164689	NA
K8B78_04005	cds	0	NA	NA	NA	NA	NA
K8B78_04010	cds	0.717293973997247	1.34614300036094	2.59669791359341	0.518405700298845	0.604175238381673	NA
K8B78_04015	cds	0	NA	NA	NA	NA	NA
K8B78_04020	cds	0	NA	NA	NA	NA	NA
K8B78_04025	cds	2.05237488824058	1.32224266695878	1.32301462765243	0.999416513863475	0.317592963369716	0.868679619490404
K8B78_04030	cds	1.08532979667777	0.0326725376656854	1.97290502779827	0.0165606236515842	0.986787138021166	NA
K8B78_04035	cds	0.361840990779243	1.77576031710939	4.0100758567944	0.442824619913525	0.657892593997463	NA
K8B78_04040	cds	14.6669988903523	-0.458726241210481	0.524968995677232	-0.873815872913991	0.382218534835406	0.868679619490404
K8B78_04045	cds	0.0934020215157772	0.468845019313497	4.07760417783754	0.114980512787815	0.908460568131846	NA
K8B78_04050	cds	0.19058830601382	-1.43479834864703	4.0804728567969	-0.351625509836946	0.725119131391508	NA
K8B78_04055	cds	0	NA	NA	NA	NA	NA
K8B78_04060	cds	0.339901624951872	1.64253523047859	4.01986317264604	0.408604760892249	0.682829736251643	NA
K8B78_04065	cds	0.178134363698329	-1.43479834864703	4.0804728567969	-0.351625509836946	0.725119131391508	NA
K8B78_04070	cds	0.0934020215157772	0.468845019313497	4.07760417783754	0.114980512787815	0.908460568131846	NA
K8B78_04075	cds	19.6478041034661	-1.48271807298966	0.507129609461211	-2.92374581433915	0.00345847034638237	0.0975652687189975
K8B78_04080	cds	0.910486024590041	3.11916517193459	2.51540299384928	1.24002602348874	0.214965768877978	NA
K8B78_04085	cds	0.443475917011155	2.04456543407722	3.98471421140352	0.513102151272491	0.607879866775705	NA
K8B78_04090	cds	1.10772578252222	-0.132384608765053	1.79292094916915	-0.0738373930130057	0.941139772897836	NA
K8B78_04095	cds	2.12100357233546	0.0766096623742692	1.26315129807539	0.0606496327803294	0.951638245004371	0.992180666634815
K8B78_04100	cds	0	NA	NA	NA	NA	NA
K8B78_04105	cds	5.13063135241715	-0.249454496086369	0.779920493290913	-0.319846058966579	0.74908503012904	0.98594023036079
K8B78_04110	cds	0	NA	NA	NA	NA	NA
K8B78_04115	cds	0	NA	NA	NA	NA	NA
K8B78_04120	cds	0.164864677204183	0.5253622583282	4.07550263851856	0.128907353258191	0.897430958160564	NA
K8B78_04125	cds	0.526705667983427	2.30666066783363	3.2739277439042	0.704554543736787	0.481087495196907	NA
K8B78_04130	cds	0.186804043031554	1.02655082383797	4.0594861604713	0.25287703498878	0.800363236252842	NA
K8B78_04135	cds	0.716607126965621	1.4212505277204	2.77412391727846	0.51232409585896	0.608424204027263	NA
K8B78_04140	cds	1.67142264308892	-0.709306733867754	1.58805661121389	-0.446650786161565	0.655127220605867	NA
K8B78_04145	cds	1.96037654193175	2.03061565602902	1.43533585542502	1.41473206312939	0.15714706973914	NA
K8B78_04150	cds	0	NA	NA	NA	NA	NA
K8B78_04155	cds	0.339901624951872	1.64253523047859	4.01986317264604	0.408604760892249	0.682829736251643	NA
K8B78_04160	cds	0.175036947747689	0.5253622583282	4.07550263851856	0.128907353258191	0.897430958160564	NA
K8B78_04165	cds	0.608340594215338	2.49372993152054	3.01915845449119	0.825968550213374	0.408821932391046	NA
K8B78_04170	cds	0.812198586723304	0.2097341450258	2.43512923307833	0.0861285479952405	0.931364229922001	NA
K8B78_04175	cds	0	NA	NA	NA	NA	NA
K8B78_04180	cds	0.175036947747689	0.5253622583282	4.07550263851856	0.128907353258191	0.897430958160564	NA
K8B78_04185	cds	0.924249382455853	-1.72124783313701	2.36786720321941	-0.726919073331796	0.467275532247794	NA
K8B78_04190	cds	0.824323386020917	2.9310956056627	2.9741482449897	0.985524380165138	0.324366561935028	NA
K8B78_04195	cds	0.0934020215157772	0.468845019313497	4.07760417783754	0.114980512787815	0.908460568131846	NA
K8B78_04200	cds	0.907652052996521	0.281887291597079	2.29527775888128	0.122811842926789	0.902256095958172	NA
K8B78_04205	cds	1.27729179675484	-0.668222888627714	1.93164524647885	-0.34593458081695	0.729391879516753	NA
K8B78_04210	cds	0.623891952481469	1.0433137294584	2.83210692738517	0.368387831465696	0.71258406957118	NA
K8B78_04215	cds	2.42723923380506	-0.214876244932967	1.20977879247497	-0.177616144595635	0.859024444597042	0.992180666634815
K8B78_04220	cds	0.212297444826645	-1.43479834864703	4.0804728567969	-0.351625509836946	0.725119131391508	NA
K8B78_04225	cds	2.21545156504444	-0.129812889702363	1.12848480787243	-0.115032908548502	0.908419037924072	0.992180666634815
K8B78_04230	cds	4.28217774217912	0.0203643674679106	0.843787939762859	0.024134461407014	0.980745355094179	0.992180666634815
K8B78_04235	cds	0.25826669871996	1.28771198908827	4.05009992252185	0.317945733123163	0.750526101124417	NA
K8B78_04240	cds	0.445070741751515	2.08381898575672	3.95768074674846	0.52652528566604	0.598523288235307	NA
K8B78_04245	cds	0.723681981558486	2.77626549654776	2.90615665942574	0.955304831053515	0.339423565130073	NA
K8B78_04250	cds	0.784972366703387	2.88437634446497	2.55600292736432	1.1284714557973	0.259120865155643	NA
K8B78_04255	cds	0.368722669712149	-2.27250872208723	4.04330547814864	-0.562042302855575	0.574087197387305	NA
K8B78_04260	cds	0.164864677204183	0.5253622583282	4.07550263851856	0.128907353258191	0.897430958160564	NA
K8B78_04265	cds	0.175036947747689	0.5253622583282	4.07550263851856	0.128907353258191	0.897430958160564	NA
K8B78_04270	cds	0.997269811530032	1.92466078824817	2.14413020843222	0.897641748005349	0.369376574428268	NA
K8B78_04275	cds	0.175036947747689	0.5253622583282	4.07550263851856	0.128907353258191	0.897430958160564	NA
K8B78_04280	cds	0.474578633543417	-1.37236758418988	3.87745796948326	-0.353934870472051	0.723387693479325	NA
K8B78_04285	cds	1.00128430152684	0.7165025063213	2.11635760744643	0.338554554202124	0.73494532318864	NA
K8B78_04290	cds	0	NA	NA	NA	NA	NA
K8B78_04295	cds	0.609935418955698	2.5291551435641	3.23812488568078	0.781055466621502	0.43476987267539	NA
K8B78_04300	cds	1.84672889533229	0.438757094064696	1.28479888673419	0.341498656789752	0.732728215888344	NA
K8B78_04305	cds	1.75734338993987	2.86619465733454	1.65966056282051	1.72697642008411	0.0841718983798487	NA
K8B78_04310	cds	2.12446920878512	-0.859302924796285	1.27528902970018	-0.673810332233712	0.500431905144744	0.923480127555311
K8B78_04315	cds	8.4624393018359	-0.214854367105959	0.627848946079858	-0.342207100047646	0.732195042380471	0.978694620239233
K8B78_04320	cds	0	NA	NA	NA	NA	NA
K8B78_04325	cds	4.14978706170627	-1.66036047818733	0.902675303446311	-1.83937731745652	0.065859707984558	0.588346724662051
K8B78_04330	cds	0.995712038144259	-1.50913593873932	2.14908431833258	-0.70222276802532	0.482540248836856	NA
K8B78_04335	cds	2.75387117226279	0.503148738414122	1.09784309659363	0.458306601348849	0.646732182122457	0.973182335208062
K8B78_04340	cds	0.175036947747689	0.5253622583282	4.07550263851856	0.128907353258191	0.897430958160564	NA
K8B78_04345	cds	0	NA	NA	NA	NA	NA
K8B78_04350	cds	1.52365099284229	-1.97047642261703	1.62730403076257	-1.21088400530394	0.225939863496472	NA
K8B78_04355	cds	1.88781273287465	-0.111032991117183	1.28171657458551	-0.0866283492925021	0.930966931125831	NA
K8B78_04360	cds	0.88215865120143	1.72801150209094	2.30269130739893	0.75043124388343	0.452995019408067	NA
K8B78_04365	cds	6.29770523588596	-0.869951567603165	0.727958574231777	-1.1950564199635	0.232064987327538	0.831119051059263
K8B78_04370	cds	1.87003285888548	0.467953158974222	1.38894706728727	0.336912161734265	0.736183117033782	NA
K8B78_04375	cds	11.810161730362	-0.891698534685566	0.634051911942955	-1.40634941380918	0.159620393677296	0.771331809560936
K8B78_04380	cds	3.66331829587052	0.11507610175746	1.00707110269726	0.114268100285321	0.909025269117287	0.992180666634815
K8B78_04385	cds	0	NA	NA	NA	NA	NA
K8B78_04390	cds	2.51124806533904	0.333579017693845	1.09639910028834	0.304249627353869	0.760937718588323	0.988676366406341
K8B78_04395	cds	0.0934020215157772	0.468845019313497	4.07760417783754	0.114980512787815	0.908460568131846	NA
K8B78_04400	cds	18.0091079348745	3.87460889074214	0.738133731593621	5.24919635142119	1.5276418004553e-07	4.09408002522022e-05
K8B78_04405	cds	0	NA	NA	NA	NA	NA
K8B78_04410	cds	0.608340594215338	2.49372993152054	3.01915845449119	0.825968550213374	0.408821932391046	NA
K8B78_04415	cds	0	NA	NA	NA	NA	NA
K8B78_04420	cds	0	NA	NA	NA	NA	NA
K8B78_04425	cds	0	NA	NA	NA	NA	NA
K8B78_04430	cds	3.23821477836956	0.063014755100482	0.947646728638279	0.0664960403451517	0.946982910081128	0.992180666634815
K8B78_04435	cds	1.41812658589308	-1.19224984859784	1.7101596973542	-0.697157026003117	0.485704529504311	NA
K8B78_04440	cds	0.339901624951872	1.64253523047859	4.01986317264604	0.408604760892249	0.682829736251643	NA
K8B78_04445	cds	3.36298882091328	-0.0218084675431552	0.9368566942138	-0.023278338808751	0.981428250158413	0.992180666634815
K8B78_04450	cds	0.164864677204183	0.5253622583282	4.07550263851856	0.128907353258191	0.897430958160564	NA
K8B78_04455	cds	0	NA	NA	NA	NA	NA
K8B78_04460	cds	0.19058830601382	-1.43479834864703	4.0804728567969	-0.351625509836946	0.725119131391508	NA
K8B78_04465	cds	0	NA	NA	NA	NA	NA
K8B78_04470	cds	0.175036947747689	0.5253622583282	4.07550263851856	0.128907353258191	0.897430958160564	NA
K8B78_04475	cds	0.614535426116619	-0.476432625992128	3.08085552427928	-0.15464296272172	0.877102798036456	NA
K8B78_04480	cds	0	NA	NA	NA	NA	NA
K8B78_04485	cds	0.756057062286483	-1.93115164654404	2.55982892739622	-0.75440652532525	0.450605154545958	NA
K8B78_04490	cds	0.268438969263466	1.32965265472497	4.04656032645725	0.328588368257216	0.742466841096623	NA
K8B78_04495	cds	0	NA	NA	NA	NA	NA
K8B78_04500	cds	0	NA	NA	NA	NA	NA
K8B78_04505	cds	0	NA	NA	NA	NA	NA
K8B78_04510	cds	0	NA	NA	NA	NA	NA
K8B78_04515	cds	13.5831406957873	-0.0456631846571069	1.00137376854265	-0.0456005400696315	0.963628638708331	0.992180666634815
K8B78_04520	cds	15.9690686501379	0.0995002199764801	0.528567742091698	0.188244972314671	0.850684619797079	0.992180666634815
K8B78_04525	cds	0.496287772356242	-1.43766018285208	3.4788146565491	-0.413261505652678	0.679415029798837	NA
K8B78_04530	cds	20.671959787105	-0.299846220136309	0.490822837394513	-0.610905192855358	0.541262346840327	0.932654261338203
K8B78_04535	cds	7.97838731334448	0.0977541606532214	0.68754907821398	0.142177720472193	0.886939629486788	0.992180666634815
K8B78_04540	cds	0	NA	NA	NA	NA	NA
K8B78_04545	cds	0.516533397439921	2.28178869200432	3.60193011526067	0.633490550618078	0.526413349626302	NA
K8B78_04550	cds	5.132053158445	1.48989121974095	0.834660226229261	1.78502721577117	0.0742569024964904	0.594216786158129
K8B78_04555	cds	2.13974802635669	0.466672823522945	1.28144191940145	0.364177897146462	0.715725170918729	0.978062328950723
K8B78_04560	cds	2.80628158976629	1.46309340827542	1.0980229976436	1.33247974898093	0.182702591676616	0.808992533336962
K8B78_04565	cds	0.175036947747689	0.5253622583282	4.07550263851856	0.128907353258191	0.897430958160564	NA
K8B78_04570	cds	0.268438969263466	1.32965265472497	4.04656032645725	0.328588368257216	0.742466841096623	NA
K8B78_04575	cds	0.720391389947887	-0.0435688804239325	2.5936581756988	-0.0167982353388545	0.986597577694867	NA
K8B78_04580	cds	1.79342134248899	1.09134700746973	1.47395326399247	0.740421717655834	0.459044145025723	NA
K8B78_04585	cds	0.350073895495378	1.68033616293156	4.01699728645456	0.418306521788726	0.67572302192477	NA
K8B78_04590	cds	0.462124691227926	-1.3321724752534	3.62046201373557	-0.367956484614204	0.712905681554435	NA
K8B78_04595	cds	1.41985233390702	1.51185981904838	1.71765741311948	0.880187054473599	0.378757985258312	NA
K8B78_04600	cds	1.2860903732351	-0.361057292623739	1.73964525419986	-0.207546505100436	0.83558307742441	NA
K8B78_04605	cds	0.175036947747689	0.5253622583282	4.07550263851856	0.128907353258191	0.897430958160564	NA
K8B78_04610	cds	0.0934020215157772	0.468845019313497	4.07760417783754	0.114980512787815	0.908460568131846	NA
K8B78_04615	cds	0	NA	NA	NA	NA	NA
K8B78_04620	cds	0	NA	NA	NA	NA	NA
K8B78_04625	cds	5.42442572999124	-0.121542591767868	0.756726646288068	-0.160616244140556	0.872395660039009	0.992180666634815
K8B78_04630	cds	2.12109339200136	-0.90333156003859	1.29157066806528	-0.699405446696731	0.484298684915911	0.914470639261128
K8B78_04635	cds	1.91391159054022	0.583023412678124	1.42265340999997	0.409814090051727	0.681942329461301	NA
K8B78_04640	cds	1.0151395051851	-1.49455658474631	2.14455708426022	-0.696906879147897	0.485861072396017	NA
K8B78_04645	cds	0	NA	NA	NA	NA	NA
K8B78_04650	cds	0.329729354408367	1.60396708254584	4.02286249088009	0.398712878250765	0.690104777616397	NA
K8B78_04655	cds	2.26292341014804	-0.0455509316083431	1.13000351202811	-0.0403104336610327	0.967845635682554	0.992180666634815
K8B78_04660	cds	0	NA	NA	NA	NA	NA
K8B78_04665	cds	0.445070741751515	2.08381898575672	3.95768074674846	0.52652528566604	0.598523288235307	NA
K8B78_04670	cds	0.581020114538794	-2.9182959485411	3.12092582347471	-0.935073793356609	0.349750271136424	NA
K8B78_04685	cds	0	NA	NA	NA	NA	NA
K8B78_04690	cds	7.45993882624267	-0.932625818568222	0.682660822117551	-1.36616279761786	0.171887871423426	0.790391096710639
K8B78_04695	cds	1.30698376786927	0.330495101013569	1.6729553301233	0.197551659068632	0.84339585976293	NA
K8B78_04700	cds	0.186804043031554	1.02655082383797	4.0594861604713	0.25287703498878	0.800363236252842	NA
K8B78_04705	cds	2.64698714981814	0.46836490849873	1.17209158427582	0.39959753553568	0.689452971922725	0.978062328950723
K8B78_04710	cds	133.286153617643	-0.614039518055914	0.431609990119706	-1.42267216262907	0.154831213993661	0.771331809560936
K8B78_04715	cds	0	NA	NA	NA	NA	NA
K8B78_04720	cds	0	NA	NA	NA	NA	NA
K8B78_04725	cds	0	NA	NA	NA	NA	NA
K8B78_04730	cds	0	NA	NA	NA	NA	NA
K8B78_04735	cds	0	NA	NA	NA	NA	NA
K8B78_04740	cds	0.6557733618378	1.07161521323939	2.94886237755094	0.36339953379899	0.716306449979951	NA
K8B78_04745	cds	0	NA	NA	NA	NA	NA
K8B78_04750	cds	0.164864677204183	0.5253622583282	4.07550263851856	0.128907353258191	0.897430958160564	NA
K8B78_04755	cds	1.37110812460769	2.57022513406815	1.85021321591467	1.38915078108851	0.164786904758137	NA
K8B78_04760	cds	0	NA	NA	NA	NA	NA
K8B78_04765	cds	60.2879807250437	-2.65529167258665	0.475817303656219	-5.58048572883577	2.39847832316203e-08	1.28558438121485e-05
K8B78_04770	cds	0	NA	NA	NA	NA	NA
K8B78_04775	cds	0	NA	NA	NA	NA	NA
K8B78_04780	cds	2.74198602220083	2.65198429129375	1.34414069610472	1.97299605538254	0.0484960117568496	0.495274048407703
K8B78_04785	cds	0.186804043031554	1.02655082383797	4.0594861604713	0.25287703498878	0.800363236252842	NA
K8B78_04790	cds	0.178134363698329	-1.43479834864703	4.0804728567969	-0.351625509836946	0.725119131391508	NA
K8B78_04795	cds	0.329729354408367	1.60396708254584	4.02286249088009	0.398712878250765	0.690104777616397	NA
K8B78_04800	cds	5.69629125822322	-0.515393666002644	0.772600746601247	-0.667089267347871	0.504715115242587	0.923480127555311
K8B78_04805	cds	0	NA	NA	NA	NA	NA
K8B78_04810	cds	0	NA	NA	NA	NA	NA
K8B78_04815	cds	0	NA	NA	NA	NA	NA
K8B78_04820	cds	0.516533397439921	2.28178869200432	3.60193011526067	0.633490550618078	0.526413349626302	NA
K8B78_04825	cds	0.542257026249558	0.789275464852791	3.27770556561592	0.240801209581641	0.80970919209303	NA
K8B78_04830	cds	0	NA	NA	NA	NA	NA
K8B78_04835	cds	0.175036947747689	0.5253622583282	4.07550263851856	0.128907353258191	0.897430958160564	NA
K8B78_04840	cds	8.47715256335282	-1.13372070362031	0.637181804212418	-1.77927350738089	0.0751949321449577	0.594216786158129
K8B78_04845	cds	0	NA	NA	NA	NA	NA
K8B78_04850	cds	1.18407385456159	2.25416325061636	1.95156718971344	1.15505285316226	0.248068783443246	NA
K8B78_04855	cds	0.661152449560426	-0.607997953977075	2.76742412149064	-0.21969814791149	0.826106247181617	NA
K8B78_04860	cds	0.973965847976847	1.87676967237358	2.21530661745807	0.847182804214733	0.396893236681535	NA
K8B78_04865	cds	5.99599949849928	-0.217830457768027	0.723878066678989	-0.300921478070735	0.763474371849226	0.988676366406341
K8B78_04870	cds	3.95740993295744	-0.0733947218144195	1.64867171306651	-0.0445174871581355	0.96449191305852	0.992180666634815
K8B78_04875	cds	28.557599328839	-0.368504963759849	0.460369131630436	-0.800455413799701	0.423446986174529	0.868679619490404
K8B78_04880	cds	11.6438750926279	-1.02993720211065	0.567059444695228	-1.81627730874705	0.069327844230065	0.594216786158129
K8B78_04885	cds	0	NA	NA	NA	NA	NA
K8B78_04890	cds	12.811209184255	-1.12950958258964	0.558008249545099	-2.02418079573275	0.0429515527893775	0.46983739377768
K8B78_04895	cds	2.05522597248231	-0.826847717335272	1.29188150813919	-0.640033712167805	0.522150682514977	0.929809853249261
K8B78_04900	cds	0.0934020215157772	0.468845019313497	4.07760417783754	0.114980512787815	0.908460568131846	NA
K8B78_04905	cds	0.730333433476846	-0.269472061082479	2.62124746318341	-0.102802984024719	0.9181193369063	NA
K8B78_04910	cds	0.937804478140037	1.91795842059919	2.55996371490119	0.749213127293573	0.453728758225959	NA
K8B78_04915	cds	0	NA	NA	NA	NA	NA
K8B78_04920	cds	0.351668720235738	1.74114095567477	4.01253614563899	0.43392530122554	0.664342686037428	NA
K8B78_04925	cds	1.61960399062573	-0.466060945015127	1.4306122278074	-0.325777269308977	0.744592877805821	NA
K8B78_04930	cds	1.62954603415469	-0.617936126241673	1.45861468637071	-0.423645896353345	0.671824078073554	NA
K8B78_04935	cds	1.32006230483	0.404825263504082	1.6736159093662	0.241886600885258	0.808868032834342	NA
K8B78_04940	cds	0.377392349045374	0.0647754228454347	4.05948601473725	0.0159565577046648	0.987269049207756	NA
K8B78_04945	cds	2.51430640380854	-0.516915496509546	1.0991258619564	-0.470296909936645	0.638142904871127	0.973182335208062
K8B78_04950	cds	2.12866191796589	-2.61701894881846	1.45229013113903	-1.80199458269811	0.0715462578844957	0.594216786158129
K8B78_04955	cds	0.0934020215157772	0.468845019313497	4.07760417783754	0.114980512787815	0.908460568131846	NA
K8B78_04960	cds	0.693033858916756	-0.633208499066793	2.87605168758441	-0.220165896809255	0.825741955379686	NA
K8B78_04965	cds	0.19058830601382	-1.43479834864703	4.0804728567969	-0.351625509836946	0.725119131391508	NA
K8B78_04970	cds	9.36139406060322	-0.948012565220142	0.63084069640287	-1.50277648640271	0.132896691348154	0.717259033369811
K8B78_04975	cds	3.91491858619612	-0.308819920054503	0.87595136238236	-0.352553729940659	0.724423030957905	0.978062328950723
K8B78_04980	cds	0.25826669871996	1.28771198908827	4.05009992252185	0.317945733123163	0.750526101124417	NA
K8B78_04985	cds	1.38943443827983	-0.252034951689865	1.58341037592265	-0.159172224410242	0.873533186556494	NA
K8B78_04990	cds	1.55590303656181	-0.0120915034349667	1.69572043118863	-0.00713059960390469	0.994310652879721	NA
K8B78_04995	cds	50.7614879040495	-0.422433738000266	0.396378684538333	-1.06573273104299	0.286544477220052	0.860263341730269
K8B78_05000	cds	0	NA	NA	NA	NA	NA
K8B78_05005	cds	1.2220602761533	2.28613539489822	1.91619953886435	1.19305706348991	0.232847025545639	NA
K8B78_05010	cds	1.53235974965665	-0.0565301847317826	1.45917161382473	-0.0387412859434729	0.969096656678945	NA
K8B78_05015	cds	2.23123517645167	1.52802501500328	1.27159527202695	1.2016598745036	0.229495333371523	0.831119051059263
K8B78_05020	cds	12.4633338170585	0.483267566186282	0.543310051158472	0.889487623422088	0.373741071866742	0.868679619490404
K8B78_05025	cds	1.9993307797544	0.112832956798468	1.25231944631031	0.0900991812679312	0.928208399828583	0.992180666634815
K8B78_05030	cds	0.268438969263466	1.32965265472497	4.04656032645725	0.328588368257216	0.742466841096623	NA
K8B78_05035	cds	0.795144637246893	2.89959698299291	2.53788610606851	1.14252447186637	0.253236079870504	NA
K8B78_05040	cds	1.4607258831412	3.83589238730907	1.84829027535304	2.07537335366675	0.037951945798425	NA
K8B78_05045	cds	8.0620455110756	-0.548069963053912	0.630994115659863	-0.868581733889495	0.385075948950498	0.868679619490404
K8B78_05050	cds	16.8801050428989	0.231916376118523	0.519580990892077	0.446352696083708	0.655342496935606	0.973182335208062
K8B78_05055	cds	19.6102361042037	0.0375580363707239	0.557052892981856	0.0674227471823708	0.946245160756688	0.992180666634815
K8B78_05060	cds	14.906383413496	-0.441903384803716	0.503164593705877	-0.878248172330721	0.379809054948268	0.868679619490404
K8B78_05065	cds	0.0934020215157772	0.468845019313497	4.07760417783754	0.114980512787815	0.908460568131846	NA
K8B78_05070	cds	0	NA	NA	NA	NA	NA
K8B78_05075	cds	0.0934020215157772	0.468845019313497	4.07760417783754	0.114980512787815	0.908460568131846	NA
K8B78_05080	cds	0	NA	NA	NA	NA	NA
K8B78_05085	cds	0	NA	NA	NA	NA	NA
K8B78_05090	cds	1.13175567058817	0.975943240457968	1.91461090949186	0.509734503036435	0.610237477246391	NA
K8B78_05095	cds	4.84901695631616	0.907735016358953	0.821573941185414	1.1048731840852	0.26921454347417	0.848817619424441
K8B78_05100	cds	0.906287455270707	0.396678858985113	2.6106656052025	0.151945487845941	0.87922993067934	NA
K8B78_05105	cds	2.46915733408462	1.72942104427835	1.21918274099462	1.41850846975365	0.15604236766222	0.771331809560936
K8B78_05110	cds	3.5133090335634	-0.160047527984084	0.916571878057609	-0.174615359488506	0.861381878885047	0.992180666634815
K8B78_05115	cds	3.51144490432736	-0.619455953430398	0.923360878550185	-0.670870910627096	0.502302769084461	0.923480127555311
K8B78_05120	cds	2.32886898462935	0.977341745827593	1.19206298899514	0.819874247292461	0.412287799055362	0.868679619490404
K8B78_05125	cds	0.698452024120516	-0.230770007152966	2.861668291088	-0.0806417738462718	0.935726843644138	NA
K8B78_05130	cds	0.749899281739789	-3.29393557631218	2.87905738149388	-1.14410209309654	0.252581299747456	NA
K8B78_05135	cds	0.0934020215157772	0.468845019313497	4.07760417783754	0.114980512787815	0.908460568131846	NA
K8B78_05140	cds	1.9267669706973	-2.01782597229743	1.36602032164938	-1.47715662813936	0.139633656873343	NA
K8B78_05145	cds	0.661152449560426	-0.607997953977075	2.76742412149064	-0.21969814791149	0.826106247181617	NA
K8B78_05150	cds	2.02718400828374	0.738650339216191	1.26164052584863	0.585468145706038	0.558232979324267	0.94687619277787
K8B78_05155	cds	4.50622617759528	-0.76275670268865	0.863019603293902	-0.883823148138725	0.376791688487086	0.868679619490404
K8B78_05160	cds	0.942861105318038	-0.635273692495392	2.07943482194213	-0.305503055826517	0.75998304293763	NA
K8B78_05165	cds	1.84846373968367	2.96788625608602	1.64548551634108	1.80365383141473	0.071285591454676	NA
K8B78_05170	cds	0.0934020215157772	0.468845019313497	4.07760417783754	0.114980512787815	0.908460568131846	NA
K8B78_05175	cds	0.175036947747689	0.5253622583282	4.07550263851856	0.128907353258191	0.897430958160564	NA
K8B78_05180	cds	0.175036947747689	0.5253622583282	4.07550263851856	0.128907353258191	0.897430958160564	NA
K8B78_05185	cds	0.212297444826645	-1.43479834864703	4.0804728567969	-0.351625509836946	0.725119131391508	NA
K8B78_05190	cds	0.552429296793063	0.821181786328056	3.24379421293985	0.253154710940747	0.800148662198224	NA
K8B78_05195	cds	0.329729354408367	1.60396708254584	4.02286249088009	0.398712878250765	0.690104777616397	NA
K8B78_05200	cds	0.271536385214106	-0.492929289408243	4.07760393732822	-0.120886995643629	0.903780542599324	NA
K8B78_05205	cds	0.268438969263466	1.32965265472497	4.04656032645725	0.328588368257216	0.742466841096623	NA
K8B78_05210	cds	1.59697777776673	-0.461487287887514	1.50341242763543	-0.306959873022563	0.758873915331749	NA
K8B78_05215	cds	4.25626559405623	-3.23915460118289	1.09329715729979	-2.96273943415614	0.00304914562988635	0.0916928683581228
K8B78_05220	cds	0.175036947747689	0.5253622583282	4.07550263851856	0.128907353258191	0.897430958160564	NA
K8B78_05225	cds	0	NA	NA	NA	NA	NA
K8B78_05230	cds	0.164864677204183	0.5253622583282	4.07550263851856	0.128907353258191	0.897430958160564	NA
K8B78_05235	cds	0	NA	NA	NA	NA	NA
K8B78_05240	cds	0	NA	NA	NA	NA	NA
K8B78_05245	cds	0.0934020215157772	0.468845019313497	4.07760417783754	0.114980512787815	0.908460568131846	NA
K8B78_05250	cds	0	NA	NA	NA	NA	NA
K8B78_05255	cds	0	NA	NA	NA	NA	NA
K8B78_05260	cds	0.636892334479935	-3.03640148054773	3.49135631270599	-0.869691090965837	0.384469242237836	NA
K8B78_05265	cds	0.164864677204183	0.5253622583282	4.07550263851856	0.128907353258191	0.897430958160564	NA
K8B78_05270	cds	0	NA	NA	NA	NA	NA
K8B78_05275	cds	0.868070806664445	0.0728015118957268	2.48439199956693	0.0293035527036061	0.976622493472791	NA
K8B78_05280	cds	0.212297444826645	-1.43479834864703	4.0804728567969	-0.351625509836946	0.725119131391508	NA
K8B78_05285	cds	0	NA	NA	NA	NA	NA
K8B78_05290	cds	2.13896752564716	1.33369346498311	1.3098385829383	1.01821207769838	0.308577180966519	0.868679619490404
K8B78_05295	cds	0.805316907790398	2.9150320317372	2.71862407896514	1.07224535171734	0.283609845253049	NA
K8B78_05300	cds	0.69466776113825	1.32349490559804	2.81729472538005	0.469775097960154	0.638515707465043	NA
K8B78_05305	cds	12.4468369475155	0.752324952647856	0.597487359461235	1.25914789783376	0.207976916596347	0.831119051059263
K8B78_05310	cds	0	NA	NA	NA	NA	NA
K8B78_05315	cds	1.23464311561582	1.26297370309896	1.85346126312407	0.681413595323905	0.495609822749355	NA
K8B78_05320	cds	1.42669493535879	-0.991414365596741	1.56714281429406	-0.632625410111928	0.526978289526417	NA
K8B78_05325	cds	4.05214618331769	-0.148469620821366	0.858055417957885	-0.173030340132009	0.862627579324688	0.992180666634815
K8B78_05330	cds	4.42090590438443	-1.07772880794586	0.844195741168676	-1.27663378928433	0.201731566860507	0.831119051059263
K8B78_05335	cds	0.893695519470749	1.71243611786853	2.43447101619325	0.703411996478087	0.481799032527655	NA
K8B78_05340	cds	0.164864677204183	0.5253622583282	4.07550263851856	0.128907353258191	0.897430958160564	NA
K8B78_05345	cds	0.667540457121666	1.16667552013575	2.89683943703968	0.402740830305732	0.687138893578333	NA
K8B78_05350	cds	0	NA	NA	NA	NA	NA
K8B78_05355	cds	27.8617094839139	1.15921656513741	0.562181205949185	2.06199807619004	0.039207919132863	0.459686530984495
K8B78_05360	cds	0.480736414090111	0.367130809359923	3.5494398488179	0.103433450064576	0.917618965197743	NA
K8B78_05365	cds	0.0934020215157772	0.468845019313497	4.07760417783754	0.114980512787815	0.908460568131846	NA
K8B78_05370	cds	0.827749944989435	-1.07865948552032	2.41130676964158	-0.447333992962104	0.654633926712012	NA
K8B78_05375	cds	0.342999040902512	-0.436407283028976	4.07550223065566	-0.107080614444607	0.914725026164689	NA
K8B78_05380	cds	0.399101487858199	0.0647754228454349	4.05948601473725	0.0159565577046648	0.987269049207756	NA
K8B78_05385	cds	0.212297444826645	-1.43479834864703	4.0804728567969	-0.351625509836946	0.725119131391508	NA
K8B78_05390	cds	0.186804043031554	1.02655082383797	4.0594861604713	0.25287703498878	0.800363236252842	NA
K8B78_05395	cds	4.68474689261352	0.534816219162037	0.830676255314944	0.643832318234817	0.519684174303609	0.928502391422448
K8B78_05400	cds	0	NA	NA	NA	NA	NA
K8B78_05405	cds	1.18959093576868	0.171654992361388	1.84844886887863	0.0928643443978643	0.92601133235116	NA
K8B78_05410	cds	12.0321938344441	0.22754283343848	0.653184544867371	0.348359181530668	0.72757045333591	0.978216858342352
K8B78_05415	cds	0.0934020215157772	0.468845019313497	4.07760417783754	0.114980512787815	0.908460568131846	NA
K8B78_05420	cds	0	NA	NA	NA	NA	NA
K8B78_05425	cds	0	NA	NA	NA	NA	NA
K8B78_05430	cds	1.00186981869095	-0.433702574063888	2.01301429365241	-0.215449326629956	0.829417015769291	NA
K8B78_05435	cds	0.941167364574345	1.84864191614682	2.25286597809655	0.820573409213066	0.411889299079382	NA
K8B78_05440	cds	1.20979748337122	1.08667948447738	1.81969797195288	0.59717574082427	0.550390053948116	NA
K8B78_05445	cds	0	NA	NA	NA	NA	NA
K8B78_05450	cds	0.613719681937964	1.01873146087656	3.05972242883611	0.332948979709926	0.739172796162452	NA
K8B78_05455	cds	0.0934020215157772	0.468845019313497	4.07760417783754	0.114980512787815	0.908460568131846	NA
K8B78_05465	cds	3.28682482819644	0.275261096380226	0.959315171188984	0.28693499763906	0.774162092457393	0.988676366406341
K8B78_05470	cds	0.997500038544578	1.99656459691902	2.16020507064976	0.924247713351807	0.355357358873239	NA
K8B78_05475	cds	10.5440847846429	0.262199912276467	0.581224583010244	0.451116349756744	0.651905694521313	0.973182335208062
K8B78_05480	cds	1.0860166437094	-0.100577584813773	1.88370114839229	-0.0533935995630807	0.957418304749088	NA
K8B78_05485	cds	13.033694802201	-0.925145045260817	0.528153254189011	-1.75166021968641	0.0798322510150358	0.620146181797959
K8B78_05490	cds	2.34834057323567	-2.98692315395617	1.39123071636047	-2.14696463989101	0.0317960967960126	0.40727900337612
K8B78_05495	cds	1.37994901476795	-0.4121552186926	1.56773651254945	-0.262898271101917	0.792628988916212	NA
K8B78_05500	cds	13.2196164744691	1.68735550258568	0.672169084443627	2.51031405882398	0.0120623829277945	0.248670663434533
K8B78_05505	cds	0.361840990779243	1.77576031710939	4.0100758567944	0.442824619913525	0.657892593997463	NA
K8B78_05510	cds	2.38811702135425	1.02726244513908	1.2510234316937	0.821137653471708	0.411567864517864	0.868679619490404
K8B78_05515	cds	0.271536385214106	-0.492929289408243	4.07760393732822	-0.120886995643629	0.903780542599324	NA
K8B78_05520	cds	1.96439103192856	1.31726403766274	1.32341738908876	0.995350407606277	0.319565869419287	NA
K8B78_05525	cds	8.72249482329087	-0.748888952366355	0.649369451382117	-1.15325559398032	0.248805490853897	0.831119051059263
K8B78_05530	cds	0	NA	NA	NA	NA	NA
K8B78_05535	cds	0.81757767444593	-1.10878153393195	2.42865765172509	-0.456540893338498	0.648001071549839	NA
K8B78_05540	cds	0.459027275277286	0.36728952357455	3.64147108301008	0.100862952142667	0.919659252987869	NA
K8B78_05545	cds	2.16322320073692	-1.80007186838058	1.27199941611189	-1.41515148952099	0.157024084224285	0.771331809560936
K8B78_05550	cds	0.212297444826645	-1.43479834864703	4.0804728567969	-0.351625509836946	0.725119131391508	NA
K8B78_05555	cds	1.30629692083764	0.428749452264166	1.69414780298046	0.2530767690457	0.800208890265169	NA
K8B78_05560	cds	0.624707696660124	-0.440282313525839	3.05198519352988	-0.144260959869407	0.885294405289192	NA
K8B78_05565	cds	37.7789559460473	0.278325177286255	0.551567389762576	0.504607745947528	0.613834368285238	0.973182335208062
K8B78_05570	cds	0.271536385214106	-0.492929289408243	4.07760393732822	-0.120886995643629	0.903780542599324	NA
K8B78_05575	cds	0.0934020215157772	0.468845019313497	4.07760417783754	0.114980512787815	0.908460568131846	NA
K8B78_05580	cds	0.178134363698329	-1.43479834864703	4.0804728567969	-0.351625509836946	0.725119131391508	NA
K8B78_05585	cds	0.529803083934067	0.788491425063453	3.32116587396798	0.237414045243515	0.812335594650148	NA
K8B78_05590	cds	0.920921739490667	-0.880810761388933	2.16190990102262	-0.407422511443375	0.683697695921705	NA
K8B78_05595	cds	1.04474165663363	2.04117642818495	2.08228431779914	0.980258272483351	0.326958646589434	NA
K8B78_05600	cds	0.529803083934067	0.788491425063453	3.32116587396798	0.237414045243515	0.812335594650148	NA
K8B78_05605	cds	2.72540580538971	0.408661623106379	1.11316305173291	0.3671174878381	0.713531383271843	0.978062328950723
K8B78_05610	cds	3.4333984351976	1.7633032193004	1.08357611711465	1.62729981904339	0.103673436331266	0.693262285921256
K8B78_05615	cds	0.711721710614662	-1.85907228712374	2.80860082999743	-0.66192114851915	0.508021757330741	NA
K8B78_05620	cds	1.82342493177911	0.388800190703804	1.33054007021703	0.292212312433692	0.77012429830842	NA
K8B78_05625	cds	1.26333526322907	0.254251642433387	1.7910836543785	0.141954085623996	0.887116272684278	NA
K8B78_05630	cds	0.802026316179799	0.181160605373392	2.3234315935461	0.077971137982547	0.937851011631478	NA
K8B78_05635	cds	0.912080849330401	3.14215516265329	2.54483492313622	1.23471865860004	0.216935229231665	NA
K8B78_05640	cds	0.546857033410478	-2.84249032267851	3.50261322612768	-0.811534171536556	0.417058977361205	NA
K8B78_05645	cds	0	NA	NA	NA	NA	NA
K8B78_05650	cds	0.721078236979512	-0.235839190937195	2.8099623461397	-0.0839296623533723	0.933112355610106	NA
K8B78_05655	cds	1.85047408083342	-0.907765002411806	1.35293120238483	-0.67096168734351	0.502244936802418	NA
K8B78_05660	cds	0.212297444826645	-1.43479834864703	4.0804728567969	-0.351625509836946	0.725119131391508	NA
K8B78_05665	cds	10.3218644350621	0.104850635468463	0.577365752340527	0.181601757713234	0.855895269332957	0.992180666634815
K8B78_05670	cds	0	NA	NA	NA	NA	NA
K8B78_05675	cds	0.730294355995713	-2.08615694042544	2.98900554059991	-0.697943483907606	0.485212538883207	NA
K8B78_05680	cds	0.876779563478804	3.02333510263291	2.40709150539299	1.25601170369271	0.209111726800361	NA
K8B78_05685	cds	0.339901624951872	1.64253523047859	4.01986317264604	0.408604760892249	0.682829736251643	NA
K8B78_05690	cds	0.271536385214106	-0.492929289408243	4.07760393732822	-0.120886995643629	0.903780542599324	NA
K8B78_05695	cds	5.60414867055373	-0.964428598968931	0.810441883197155	-1.19000340303774	0.234045054515576	0.831119051059263
K8B78_05700	cds	0.164864677204183	0.5253622583282	4.07550263851856	0.128907353258191	0.897430958160564	NA
K8B78_05705	cds	0	NA	NA	NA	NA	NA
K8B78_05710	cds	0.45524301229502	2.11236965130923	3.90462450247576	0.540991752208147	0.588513267624989	NA
K8B78_05715	cds	19.6277463936021	-0.116777717880164	0.487516774762523	-0.239535794305844	0.810690144318324	0.992180666634815
K8B78_05720	cds	1.18051981859387	3.51659404309042	2.04557691725004	1.71912090590948	0.0855923588447121	NA
K8B78_05725	cds	1.46623913033628	1.33629824048571	1.68148770035328	0.794711873423136	0.426781124002121	NA
K8B78_05730	cds	0.43640106241829	0.32683492245364	3.74517257659287	0.0872683209570479	0.930458234140721	NA
K8B78_05735	cds	0	NA	NA	NA	NA	NA
K8B78_05740	cds	0.69307293639789	1.26438157280824	2.86425610530884	0.441434538784689	0.658898442444863	NA
K8B78_05745	cds	0.377162122030828	-0.436407283028976	4.07550223065566	-0.107080614444607	0.914725026164689	NA
K8B78_05750	cds	5.01685097465865	-0.855818139043943	0.89353496588631	-0.957789198764085	0.338169066851814	0.868679619490404
K8B78_05755	cds	5.65478845799709	0.366504396562156	0.741797133282841	0.494076318332725	0.62125228193774	0.973182335208062
K8B78_05760	cds	0	NA	NA	NA	NA	NA
K8B78_05765	cds	2.04416182892443	0.550788675968811	1.29159932578205	0.426439271819313	0.669787790178821	0.977086513230749
K8B78_05770	cds	0	NA	NA	NA	NA	NA
K8B78_05775	cds	0	NA	NA	NA	NA	NA
K8B78_05780	cds	1.92927886948383	-1.77299232251656	1.40616025497388	-1.26087500784147	0.207353883859444	NA
K8B78_05785	cds	0	NA	NA	NA	NA	NA
K8B78_05790	cds	0	NA	NA	NA	NA	NA
K8B78_05795	cds	0.507863718106696	0.637687864786353	3.7327305473025	0.170836832904316	0.864352066316819	NA
K8B78_05800	cds	5.33490688746106	-0.846197976055221	0.760702936371293	-1.11238952236961	0.265970707614033	0.848573210006675
K8B78_05805	cds	0.365625253761509	-0.436407283028976	4.07550223065566	-0.107080614444607	0.914725026164689	NA
K8B78_05810	cds	0.0934020215157772	0.468845019313497	4.07760417783754	0.114980512787815	0.908460568131846	NA
K8B78_05815	cds	0.0934020215157772	0.468845019313497	4.07760417783754	0.114980512787815	0.908460568131846	NA
K8B78_05820	cds	3.18230550707384	1.11439066112775	1.02490524069331	1.08731092093344	0.276899423788265	0.860263341730269
K8B78_05825	cds	4.92544197952594	-0.741050929203339	0.794389986588577	-0.932855325110155	0.350894671386687	0.868679619490404
K8B78_05830	cds	0	NA	NA	NA	NA	NA
K8B78_05835	cds	0.555526712743703	-0.760219312109891	3.25780901049704	-0.233352940476368	0.815487352518463	NA
K8B78_05840	cds	0	NA	NA	NA	NA	NA
K8B78_05845	cds	0.526705667983427	2.30666066783363	3.2739277439042	0.704554543736787	0.481087495196907	NA
K8B78_05850	cds	0.355452983218003	-0.436407283028976	4.07550223065566	-0.107080614444607	0.914725026164689	NA
K8B78_05855	cds	4.34225439157816	1.87436387597215	0.95202074578746	1.96882671335253	0.0489729935925527	0.495274048407703
K8B78_05860	cds	0.637161638975615	-0.481133491421632	2.82233636561764	-0.170473476259922	0.864637791912475	NA
K8B78_05865	cds	2.24809595026812	-1.05135762019904	1.21773406280557	-0.86337210423168	0.387932911808063	0.868679619490404
K8B78_05870	cds	2.31267692702362	0.0304831251174619	1.16088143719189	0.026258603282691	0.979051073310721	0.992180666634815
K8B78_05875	cds	0.795144637246893	2.89959698299291	2.53788610606851	1.14252447186637	0.253236079870504	NA
K8B78_05880	cds	10.4014698813695	0.925013551592314	0.603563978481394	1.53258574827429	0.125377955191457	0.71284826047996
K8B78_05885	cds	5.47963306773367	1.36555490672715	0.872403028980904	1.56527987795082	0.117517299137438	0.71284826047996
K8B78_05890	cds	10.4533060342185	0.136298703442993	0.56979901197226	0.239204878525884	0.810946719945993	0.992180666634815
K8B78_05895	cds	0.19058830601382	-1.43479834864703	4.0804728567969	-0.351625509836946	0.725119131391508	NA
K8B78_05900	cds	1.0952327627256	-1.32672018583232	2.11890562327136	-0.626134628773135	0.53122664048334	NA
K8B78_05905	cds	0	NA	NA	NA	NA	NA
K8B78_05910	cds	0.724175652930153	-1.8856258395777	2.78189022397302	-0.677821800201985	0.497884686957794	NA
K8B78_05915	cds	1.09057959951573	0.783398420756934	2.20102275019936	0.355924726668989	0.721896937596127	NA
K8B78_05920	cds	1.77507509011047	1.02261724538219	1.40565243756654	0.727503626111542	0.466917494814622	NA
K8B78_05925	cds	2.23560495659804	0.358888491168495	1.212756752134	0.295927844175664	0.767285186334301	0.988676366406341
K8B78_05930	cds	0.186804043031554	1.02655082383797	4.0594861604713	0.25287703498878	0.800363236252842	NA
K8B78_05935	cds	0.448855004733781	0.327032430077128	3.68725112295029	0.0886927467569549	0.929326097068051	NA
K8B78_05940	cds	0	NA	NA	NA	NA	NA
K8B78_05945	cds	0	NA	NA	NA	NA	NA
K8B78_05950	cds	1.6716919475846	0.200741431091944	1.36459725964215	0.147106723008213	0.88304778342015	NA
K8B78_05955	cds	1.32312064329951	-1.3714305307871	1.6716077156489	-0.820426059265182	0.41197326483929	NA
K8B78_05960	cds	0.480736414090111	0.367130809359923	3.5494398488179	0.103433450064576	0.917618965197743	NA
K8B78_05965	cds	0	NA	NA	NA	NA	NA
K8B78_05970	cds	7.98597375188883	-0.253724889145236	0.645922256982075	-0.392810259133519	0.694459626821396	0.978062328950723
K8B78_05975	cds	4.75045780008956	-0.641659003796748	0.808517198579998	-0.793624433622063	0.427414103800296	0.868679619490404
K8B78_05980	cds	1.76353822184115	1.0535863152856	1.4187746962607	0.742602978515483	0.457722084713261	NA
K8B78_05985	cds	1.07730788689504	-2.72313788376832	2.07036069415068	-1.31529635945172	0.188410321179349	NA
K8B78_05990	cds	0.635659047765335	1.14002988070765	2.97805645867102	0.382810029470159	0.701860624497653	NA
K8B78_05995	cds	0	NA	NA	NA	NA	NA
K8B78_06000	cds	0.361840990779243	1.77576031710939	4.0100758567944	0.442824619913525	0.657892593997463	NA
K8B78_06005	cds	0.0934020215157772	0.468845019313497	4.07760417783754	0.114980512787815	0.908460568131846	NA
K8B78_06010	cds	0.42459488965329	-2.45007647905505	4.02773861920571	-0.608300763950324	0.542988014448732	NA
K8B78_06015	cds	0.178134363698329	-1.43479834864703	4.0804728567969	-0.351625509836946	0.725119131391508	NA
K8B78_06020	cds	0.534403091094987	-2.81065975959123	3.89840217035358	-0.720977374003542	0.470923435702864	NA
K8B78_06025	cds	0.548645033810798	2.38790119254632	3.47887994078308	0.686399425445196	0.4924612666961	NA
K8B78_06030	cds	2.15570284859096	-0.13812744690966	1.29211049314637	-0.1069006463784	0.914867800395015	0.992180666634815
K8B78_06035	cds	8.29084824766949	1.94453862008518	0.737778315722575	2.63566789460424	0.00839718724118006	0.187537181719688
K8B78_06040	cds	0.845674820819995	0.279420684136518	2.35557605616431	0.118620956179828	0.905575661944283	NA
K8B78_06045	cds	9.70215838552296	-0.543346021272155	0.609498487505368	-0.891464101077643	0.372680242226289	0.868679619490404
K8B78_06050	cds	0.178134363698329	-1.43479834864703	4.0804728567969	-0.351625509836946	0.725119131391508	NA
K8B78_06055	cds	0.186804043031554	1.02655082383797	4.0594861604713	0.25287703498878	0.800363236252842	NA
K8B78_06060	cds	0.725276806298846	2.80357505888282	2.92536721072869	0.958366884198605	0.33787778791057	NA
K8B78_06065	cds	0	NA	NA	NA	NA	NA
K8B78_06070	cds	0.42459488965329	-2.45007647905505	4.02773861920571	-0.608300763950324	0.542988014448732	NA
K8B78_06075	cds	0	NA	NA	NA	NA	NA
K8B78_06080	cds	0.990881803968792	0.545058544032773	2.16915029810303	0.251277444679346	0.801599612376549	NA
K8B78_06085	cds	0.353171311446018	-0.436407283028976	4.07550223065566	-0.107080614444607	0.914725026164689	NA
K8B78_06090	cds	0	NA	NA	NA	NA	NA
K8B78_06095	cds	0.0934020215157772	0.468845019313497	4.07760417783754	0.114980512787815	0.908460568131846	NA
K8B78_06100	cds	2.07389085139344	-0.290210293660578	1.23133991988024	-0.235686579290636	0.813675884735882	0.992180666634815
K8B78_06105	cds	3.28947291258197	1.18376414560955	1.08062860603524	1.09544031964201	0.273323778133644	0.85673418175224
K8B78_06110	cds	11.6175389314564	1.26564966631832	0.595310443277587	2.12603303135431	0.0335005092819598	0.417587743607686
K8B78_06115	cds	0	NA	NA	NA	NA	NA
K8B78_06120	cds	0.175036947747689	0.5253622583282	4.07550263851856	0.128907353258191	0.897430958160564	NA
K8B78_06125	cds	0.679803249903744	2.64469147278978	3.05639218729577	0.865298466532775	0.386874992278218	NA
K8B78_06130	cds	1.05879042368948	2.08291554287892	2.18781994157306	0.952050716468596	0.34107126151337	NA
K8B78_06135	cds	0.175036947747689	0.5253622583282	4.07550263851856	0.128907353258191	0.897430958160564	NA
K8B78_06140	cds	0.283990327529597	-0.492929289408242	4.07760393732822	-0.120886995643629	0.903780542599325	NA
K8B78_06145	cds	0.365625253761509	-0.436407283028976	4.07550223065566	-0.107080614444607	0.914725026164689	NA
K8B78_06150	cds	3.40165260546155	0.287736297676251	0.988283666802284	0.291147478544554	0.770938529314302	0.988676366406341
K8B78_06155	cds	0.0934020215157772	0.468845019313497	4.07760417783754	0.114980512787815	0.908460568131846	NA
K8B78_06160	cds	0.614535426116619	-0.476432625992128	3.08085552427928	-0.15464296272172	0.877102798036456	NA
K8B78_06165	cds	0.448855004733781	0.327032430077128	3.68725112295029	0.0886927467569549	0.929326097068051	NA
K8B78_06170	cds	1.96357287388572	0.0713294160098772	1.27137478982141	0.0561041610868319	0.95525882909399	NA
K8B78_06175	cds	0	NA	NA	NA	NA	NA
K8B78_06180	cds	0	NA	NA	NA	NA	NA
K8B78_06185	cds	0	NA	NA	NA	NA	NA
K8B78_06190	cds	0	NA	NA	NA	NA	NA
K8B78_06195	cds	0.19058830601382	-1.43479834864703	4.0804728567969	-0.351625509836946	0.725119131391508	NA
K8B78_06200	cds	0	NA	NA	NA	NA	NA
K8B78_06205	cds	0	NA	NA	NA	NA	NA
K8B78_06210	cds	8.09542768763413	-1.2376233220125	0.772199548257962	-1.60272474233442	0.108995438445155	0.703874156706064
K8B78_06215	cds	2.13404686582708	-0.100870008615853	1.18586999751408	-0.0850599212622841	0.932213752984985	0.992180666634815
K8B78_06220	cds	0.164864677204183	0.5253622583282	4.07550263851856	0.128907353258191	0.897430958160564	NA
K8B78_06225	cds	0	NA	NA	NA	NA	NA
K8B78_06230	cds	0	NA	NA	NA	NA	NA
K8B78_06235	cds	0	NA	NA	NA	NA	NA
K8B78_06240	cds	0	NA	NA	NA	NA	NA
K8B78_06245	cds	0	NA	NA	NA	NA	NA
K8B78_06250	cds	0.0934020215157772	0.468845019313497	4.07760417783754	0.114980512787815	0.908460568131846	NA
K8B78_06255	cds	0	NA	NA	NA	NA	NA
K8B78_06260	cds	0	NA	NA	NA	NA	NA
K8B78_06265	cds	0	NA	NA	NA	NA	NA
K8B78_06270	cds	0	NA	NA	NA	NA	NA
K8B78_06275	cds	0.0934020215157772	0.468845019313497	4.07760417783754	0.114980512787815	0.908460568131846	NA
K8B78_06280	cds	0.708585217182887	-2.04092055993473	2.81533728930769	-0.724929324697933	0.468495389583646	NA
K8B78_06285	cds	8.44329219990076	1.41786942718594	0.670176992409413	2.11566413536286	0.0343733829143606	0.418730300956757
K8B78_06290	cds	0.0934020215157772	0.468845019313497	4.07760417783754	0.114980512787815	0.908460568131846	NA
K8B78_06295	cds	0	NA	NA	NA	NA	NA
K8B78_06300	cds	0	NA	NA	NA	NA	NA
K8B78_06305	cds	0.19058830601382	-1.43479834864703	4.0804728567969	-0.351625509836946	0.725119131391508	NA
K8B78_06310	cds	0	NA	NA	NA	NA	NA
K8B78_06315	cds	0	NA	NA	NA	NA	NA
K8B78_06320	cds	0	NA	NA	NA	NA	NA
K8B78_06325	cds	0.0934020215157772	0.468845019313497	4.07760417783754	0.114980512787815	0.908460568131846	NA
K8B78_06330	cds	0.164864677204183	0.5253622583282	4.07550263851856	0.128907353258191	0.897430958160564	NA
K8B78_06335	cds	0.268438969263466	1.32965265472497	4.04656032645725	0.328588368257216	0.742466841096623	NA
K8B78_06340	cds	0	NA	NA	NA	NA	NA
K8B78_06345	cds	3.09780136577928	0.0359705292351311	0.985279151934825	0.0365079573281284	0.970877333910204	0.992180666634815
K8B78_06350	cds	0.587996053128327	2.45424420954581	3.35176434921603	0.732224570059602	0.464031510050314	NA
K8B78_06355	cds	0	NA	NA	NA	NA	NA
K8B78_06360	cds	0	NA	NA	NA	NA	NA
K8B78_06365	cds	0	NA	NA	NA	NA	NA
K8B78_06370	cds	0	NA	NA	NA	NA	NA
K8B78_06375	cds	0.84795649259198	0.227540905021912	2.350383413786	0.0968101219942617	0.92287718550613	NA
K8B78_06380	cds	0	NA	NA	NA	NA	NA
K8B78_06385	cds	1.1121545788561	2.19177287213741	3.94699865322012	0.555301145175024	0.578688695697774	NA
K8B78_06390	cds	1.01050042054304	-0.607304821304857	2.37993108442478	-0.255177481936054	0.798586022294765	NA
K8B78_06395	cds	0.373608086063109	1.8606872955514	4.00427593352854	0.464675093934342	0.642164146754237	NA
K8B78_06400	cds	1.19578576766996	-1.51258151792765	1.96711211584914	-0.768935082927247	0.441931849264853	NA
K8B78_06405	cds	1.68956164123967	-1.80518229940996	1.46917336139123	-1.22870611927005	0.21918201107051	NA
K8B78_06410	cds	0.540662201509198	0.709018409158514	3.59828749810823	0.197043290601786	0.843793660811886	NA
K8B78_06415	cds	0.458340428245661	0.501169623511066	3.94470815740862	0.127048593587288	0.898901938015329	NA
K8B78_06420	cds	1.49688725297801	3.80560766278863	1.74867823125165	2.17627668417001	0.0295345778853035	NA
K8B78_06425	cds	0.621610280709484	1.07312687963392	3.0391130393443	0.353105286227012	0.72400950999918	NA
K8B78_06430	cds	0	NA	NA	NA	NA	NA
K8B78_06435	cds	1.53855458155793	-1.44855854795997	1.55398624222537	-0.932156610270616	0.351255595476585	NA
K8B78_06440	cds	4.1256661439021	1.08606262574553	0.923133144161336	1.17649618867516	0.239396654554462	0.831119051059263
K8B78_06445	cds	1.89087107134415	-1.3729871151172	1.32009815068303	-1.04006441824557	0.298309973333491	NA
K8B78_06450	cds	0	NA	NA	NA	NA	NA
K8B78_06455	cds	0.45524301229502	2.11236965130923	3.90462450247576	0.540991752208147	0.588513267624989	NA
K8B78_06460	cds	0.84440245662426	1.72399146161748	2.72355151543076	0.632993887521461	0.526737634610296	NA
K8B78_06465	cds	9.51372001991036	-1.71025345185917	0.642435318355641	-2.66214107941121	0.00776453275079537	0.187537181719688
K8B78_06470	cds	0.268438969263466	1.32965265472497	4.04656032645725	0.328588368257216	0.742466841096623	NA
K8B78_06475	cds	0	NA	NA	NA	NA	NA
K8B78_06480	cds	14.224028645085	-0.0837352100317159	0.563164856777559	-0.14868685256898	0.881800736041801	0.992180666634815
K8B78_06485	cds	0.364938406729883	0.0647754228454347	4.05948601473725	0.0159565577046648	0.987269049207756	NA
K8B78_06490	cds	1.24477630867819	0.20028662534933	1.81507602917258	0.110346135440196	0.912134869844436	NA
K8B78_06495	cds	1.12099546901637	-1.02151823070319	1.85686400196029	-0.550130881758049	0.58222960661861	NA
K8B78_06500	cds	0.0934020215157772	0.468845019313497	4.07760417783754	0.114980512787815	0.908460568131846	NA
K8B78_06505	cds	0.729061069281112	1.4222626598072	2.74698216671009	0.517754602502776	0.604629496222468	NA
K8B78_06510	cds	1.13276256430023	-0.843913350146223	1.92283777385921	-0.438889521320594	0.660741589811181	NA
K8B78_06515	cds	1.19734354105573	1.10969777392802	1.83112396764995	0.606020014773876	0.544501462637949	NA
K8B78_06520	cds	10.1030156643928	-0.803940473518538	0.593397925109555	-1.35480836635907	0.175478620351802	0.790391096710639
K8B78_06525	cds	0.283990327529597	-0.492929289408242	4.07760393732822	-0.120886995643629	0.903780542599325	NA
K8B78_06530	cds	2.41161213444085	0.549312713137259	1.13954655861659	0.482044993233205	0.629773984263125	0.973182335208062
K8B78_06535	cds	3.81910982977334	0.0239777001462965	0.927283232726076	0.0258580111233173	0.979370591107367	0.992180666634815
K8B78_06540	cds	0.68997552044725	2.66370859811683	3.04940776683125	0.873516696287813	0.382381509764548	NA
K8B78_06545	cds	0.649615581291106	-0.515558567717764	2.98435870546937	-0.172753552303519	0.862845147898402	NA
K8B78_06550	cds	0.988830359211353	0.745322413664372	2.03632046475866	0.36601430205275	0.714354403490391	NA
K8B78_06555	cds	0.339901624951872	1.64253523047859	4.01986317264604	0.408604760892249	0.682829736251643	NA
K8B78_06560	cds	0.0934020215157772	0.468845019313497	4.07760417783754	0.114980512787815	0.908460568131846	NA
K8B78_06565	cds	1.32025345436341	-0.393459000722368	1.64887265179721	-0.238623037560549	0.811397899709743	NA
K8B78_06570	cds	1.39683175341732	1.48207109840691	1.85996743649779	0.796826368744157	0.425551878587451	NA
K8B78_06575	cds	0.63647479194399	-0.271781081788913	3.22691605586738	-0.0842231644962512	0.932879001015374	NA
K8B78_06580	cds	0.0934020215157772	0.468845019313497	4.07760417783754	0.114980512787815	0.908460568131846	NA
K8B78_06585	cds	1.71182549373821	1.91165885166813	1.5855259139733	1.20569385515595	0.22793555522466	NA
K8B78_06590	cds	2.31002703475262	0.44463133761699	1.21845090718698	0.364915266585095	0.715174657923168	0.978062328950723
K8B78_06595	cds	0.448855004733781	0.327032430077128	3.68725112295029	0.0886927467569549	0.929326097068051	NA
K8B78_06600	cds	0.19058830601382	-1.43479834864703	4.0804728567969	-0.351625509836946	0.725119131391508	NA
K8B78_06605	cds	0.826247353779155	0.270793388327657	2.53329065318671	0.106893927859015	0.914873130457348	NA
K8B78_06610	cds	0.175036947747689	0.5253622583282	4.07550263851856	0.128907353258191	0.897430958160564	NA
K8B78_06615	cds	0	NA	NA	NA	NA	NA
K8B78_06620	cds	0	NA	NA	NA	NA	NA
K8B78_06625	cds	0	NA	NA	NA	NA	NA
K8B78_06630	cds	0	NA	NA	NA	NA	NA
K8B78_06635	cds	0	NA	NA	NA	NA	NA
K8B78_06640	cds	0	NA	NA	NA	NA	NA
K8B78_06645	cds	0.608340594215338	2.49372993152054	3.01915845449119	0.825968550213374	0.408821932391046	NA
K8B78_06650	cds	2.38497143158504	1.00402944684918	1.18266592639789	0.848954404146232	0.395906664230454	0.868679619490404
K8B78_06655	cds	0.842577404869354	1.61278136213145	2.51117447872135	0.642241857663612	0.520716159042456	NA
K8B78_06660	cds	0.618512864758844	2.51788507933734	3.25284048560352	0.774057347872126	0.438896878739409	NA
K8B78_06665	cds	0	NA	NA	NA	NA	NA
K8B78_06670	cds	0	NA	NA	NA	NA	NA
K8B78_06675	cds	0	NA	NA	NA	NA	NA
K8B78_06680	cds	0.175036947747689	0.5253622583282	4.07550263851856	0.128907353258191	0.897430958160564	NA
K8B78_06685	cds	0.459027275277286	0.36728952357455	3.64147108301008	0.100862952142667	0.919659252987869	NA
K8B78_06690	cds	0.280206064547331	1.45997391166747	4.03476458448163	0.361848598870617	0.717465172801042	NA
K8B78_06695	cds	0.470794370561152	0.503341013225485	3.88245512138655	0.129645030654141	0.896847274561067	NA
K8B78_06700	cds	0.0934020215157772	0.468845019313497	4.07760417783754	0.114980512787815	0.908460568131846	NA
K8B78_06705	cds	0	NA	NA	NA	NA	NA
K8B78_06710	cds	0.0934020215157772	0.468845019313497	4.07760417783754	0.114980512787815	0.908460568131846	NA
K8B78_06715	cds	0.0934020215157772	0.468845019313497	4.07760417783754	0.114980512787815	0.908460568131846	NA
K8B78_06720	cds	0.175036947747689	0.5253622583282	4.07550263851856	0.128907353258191	0.897430958160564	NA
K8B78_06725	cds	1.5814264195006	0.171216113214228	1.47211835738443	0.116305942627082	0.907410076042503	NA
K8B78_06730	cds	0.645601091294295	1.04255217807369	2.78194291225479	0.374756855534712	0.707841303912868	NA
K8B78_06735	cds	0	NA	NA	NA	NA	NA
K8B78_06740	cds	0	NA	NA	NA	NA	NA
K8B78_06745	cds	0	NA	NA	NA	NA	NA
K8B78_06750	cds	0.350073895495378	1.68033616293156	4.01699728645456	0.418306521788726	0.67572302192477	NA
K8B78_06755	cds	1.06002371040408	-0.567889449311659	2.17430316288012	-0.261182276237608	0.793951945395091	NA
K8B78_06760	cds	0	NA	NA	NA	NA	NA
K8B78_06765	cds	0.350073895495378	1.68033616293156	4.01699728645456	0.418306521788726	0.67572302192477	NA
K8B78_06770	cds	1.53414775005696	2.6729521979767	1.70421297629309	1.56843788608556	0.116778975217186	NA
K8B78_06775	cds	0.458340428245661	0.501169623511066	3.94470815740862	0.127048593587288	0.898901938015329	NA
K8B78_06780	cds	10.6372638349742	-0.250517030681071	0.61732827985928	-0.40580844723034	0.684883351481716	0.978062328950723
K8B78_06785	cds	1.21002771038577	1.18281045995256	2.00970622929124	0.588548934522481	0.55616389832187	NA
K8B78_06790	cds	0.280206064547331	1.45997391166747	4.03476458448163	0.361848598870617	0.717465172801042	NA
K8B78_06795	cds	1.07890473776194	2.04022240881553	2.04826382410625	0.99607403343452	0.319214175348331	NA
K8B78_06800	cds	3.79899754182742	1.22391929863957	1.01577146293248	1.20491601044409	0.228235727203545	0.831119051059263
K8B78_06805	cds	0.598168323671833	2.47314154271161	3.04783141836091	0.811443023985112	0.417111300118844	NA
K8B78_06810	cds	0.69157034518761	2.69271516193398	2.76799027325918	0.972805138785198	0.330650158213965	NA
K8B78_06815	cds	0.271536385214106	-0.492929289408243	4.07760393732822	-0.120886995643629	0.903780542599324	NA
K8B78_06820	cds	0.268438969263466	1.32965265472497	4.04656032645725	0.328588368257216	0.742466841096623	NA
K8B78_06825	cds	2.56611339156811	1.16987364398774	1.1445898464477	1.02208983210755	0.306738385144121	0.868679619490404
K8B78_06830	cds	4.31576676872849	-0.830127985284947	0.892635745823192	-0.929973944208788	0.352384575328917	0.868679619490404
K8B78_06835	cds	5.64300525801887	-0.186061465835529	0.796913581448849	-0.233477594267191	0.815390566018199	0.992180666634815
K8B78_06840	cds	0	NA	NA	NA	NA	NA
K8B78_06845	cds	0.0934020215157772	0.468845019313497	4.07760417783754	0.114980512787815	0.908460568131846	NA
K8B78_06850	cds	0	NA	NA	NA	NA	NA
K8B78_06855	cds	1.42363659688928	0.602980085889936	1.59327684932329	0.378452800683095	0.705094250438183	NA
K8B78_06860	cds	1.01428468352531	-1.84309683163683	2.26948754730199	-0.812120266457481	0.416722625208958	NA
K8B78_06865	cds	0.25826669871996	1.28771198908827	4.05009992252185	0.317945733123163	0.750526101124417	NA
K8B78_06870	cds	0.212297444826645	-1.43479834864703	4.0804728567969	-0.351625509836946	0.725119131391508	NA
K8B78_06875	cds	0.906965205964895	0.424728133402406	2.25240715991009	0.188566321827604	0.850432730509643	NA
K8B78_06880	cds	56.7401813869861	-0.391564381515753	0.420017482545795	-0.932257341152604	0.351203548008478	0.868679619490404
K8B78_06885	cds	4.84369568098919	-0.480598741906461	0.86578803562557	-0.5550997728436	0.578826418152312	0.958051113831754
K8B78_06890	cds	0.64583131830884	1.16529880152942	2.95194119524298	0.394756780184945	0.693022394181419	NA
K8B78_06895	cds	0.839286813258755	-1.14645071859944	2.2763419558677	-0.50363730090914	0.614516275518864	NA
K8B78_06900	cds	0.623205105449844	1.13907640500064	3.01190484259792	0.378191365441057	0.705288439350114	NA
K8B78_06905	cds	0.351668720235738	1.74114095567477	4.01253614563899	0.43392530122554	0.664342686037428	NA
K8B78_06910	cds	0.164864677204183	0.5253622583282	4.07550263851856	0.128907353258191	0.897430958160564	NA
K8B78_06915	cds	0.350073895495378	1.68033616293156	4.01699728645456	0.418306521788726	0.67572302192477	NA
K8B78_06920	cds	3.83119516385218	0.498105134913367	0.910686646484269	0.546955571201484	0.584409255845268	0.958051113831754
K8B78_06925	cds	0.186804043031554	1.02655082383797	4.0594861604713	0.25287703498878	0.800363236252842	NA
K8B78_06930	cds	0.164864677204183	0.5253622583282	4.07550263851856	0.128907353258191	0.897430958160564	NA
K8B78_06935	cds	0	NA	NA	NA	NA	NA
K8B78_06940	cds	0.178134363698329	-1.43479834864703	4.0804728567969	-0.351625509836946	0.725119131391508	NA
K8B78_06945	cds	0.0934020215157772	0.468845019313497	4.07760417783754	0.114980512787815	0.908460568131846	NA
K8B78_06950	cds	1.25238391212386	-0.650752901008636	1.81861653631166	-0.357828540550077	0.720471630595117	NA
K8B78_06955	cds	0.280206064547331	1.45997391166747	4.03476458448163	0.361848598870617	0.717465172801042	NA
K8B78_06960	cds	3.0512786019921	2.12651450153522	1.14360537087831	1.85948278635839	0.0629587369607395	0.58182556915442
K8B78_06965	cds	0.25826669871996	1.28771198908827	4.05009992252185	0.317945733123163	0.750526101124417	NA
K8B78_06970	cds	0.373608086063109	1.8606872955514	4.00427593352854	0.464675093934342	0.642164146754237	NA
K8B78_06975	cds	0.559310975725969	-2.87112465877485	3.45560430157046	-0.830860367163572	0.406052515260722	NA
K8B78_06980	cds	1.6847314070642	-0.521575273489664	1.40731060254214	-0.370618449507521	0.710921738497113	NA
K8B78_06985	cds	0.186804043031554	1.02655082383797	4.0594861604713	0.25287703498878	0.800363236252842	NA
K8B78_06990	cds	0.212297444826645	-1.43479834864703	4.0804728567969	-0.351625509836946	0.725119131391508	NA
K8B78_06995	cds	0.470564143546606	0.327379307427993	3.59206114012763	0.0911396812740111	0.9273816027341	NA
K8B78_07005	cds	1.02380918451832	-0.265335223172766	2.056188780376	-0.129042248311581	0.897324218958986	NA
K8B78_07010	cds	1.3587863156381	-2.96069344354851	1.84423265663562	-1.6053795777316	0.108410295962482	NA
K8B78_07015	cds	0.45524301229502	2.11236965130923	3.90462450247576	0.540991752208147	0.588513267624989	NA
K8B78_07020	cds	0	NA	NA	NA	NA	NA
K8B78_07025	cds	13.2065268374475	0.152404670113844	0.580355190184619	0.262605853607274	0.792854387851556	0.992180666634815
K8B78_07030	cds	0.630279960042709	2.56999336535804	3.17448881043297	0.809577074870052	0.418183288431266	NA
K8B78_07035	cds	0.175036947747689	0.5253622583282	4.07550263851856	0.128907353258191	0.897430958160564	NA
K8B78_07040	cds	0.361840990779243	1.77576031710939	4.0100758567944	0.442824619913525	0.657892593997463	NA
K8B78_07045	cds	0.433303646467649	2.01319736376948	3.69730552356264	0.544503923448988	0.586094749251242	NA
K8B78_07050	cds	0.686876078370062	-1.99913080695765	2.86395582315848	-0.69803130020104	0.485157619711153	NA
K8B78_07055	cds	0.516533397439921	2.28178869200432	3.60193011526067	0.633490550618078	0.526413349626302	NA
K8B78_07060	cds	0.970181584994582	3.17789210566152	2.25445677213723	1.40960436453562	0.158656537550386	NA
K8B78_07065	cds	0.813563184449118	0.109239021057665	2.4298968114297	0.044956238694511	0.964142190125031	NA
K8B78_07070	cds	0.19058830601382	-1.43479834864703	4.0804728567969	-0.351625509836946	0.725119131391508	NA
K8B78_07075	cds	11.5198190820514	0.265448123539647	0.54904947034629	0.483468499427249	0.628763121159935	0.973182335208062
K8B78_07080	cds	0	NA	NA	NA	NA	NA
K8B78_07085	cds	0.65887077778844	-0.539807139160774	2.77211280407539	-0.194727695917418	0.845606128729428	NA
K8B78_07090	cds	0.470564143546606	0.327379307427993	3.59206114012763	0.0911396812740111	0.9273816027341	NA
K8B78_07095	cds	0.178134363698329	-1.43479834864703	4.0804728567969	-0.351625509836946	0.725119131391508	NA
K8B78_07100	cds	1.00767230908808	2.00589698180584	2.25817760128245	0.888281320595275	0.374389444951193	NA
K8B78_07105	cds	0.445070741751515	2.08381898575672	3.95768074674846	0.52652528566604	0.598523288235307	NA
K8B78_07110	cds	2.9965063316278	-1.19412750508796	1.05005312912694	-1.13720674884404	0.255451866335265	0.831119051059263
K8B78_07115	cds	0.531305675144347	-1.23754666664994	3.63441983806728	-0.340507349670435	0.733474488886011	NA
K8B78_07120	cds	0	NA	NA	NA	NA	NA
K8B78_07125	cds	0	NA	NA	NA	NA	NA
K8B78_07130	cds	24.8935486686799	0.279737294518847	0.455842144630121	0.613671416331702	0.539432480386554	0.932654261338203
K8B78_07135	cds	0.526705667983427	2.30666066783363	3.2739277439042	0.704554543736787	0.481087495196907	NA
K8B78_07140	cds	1.03316571088317	0.68764038326692	2.07798709334473	0.330916580506808	0.740707497475237	NA
K8B78_07145	cds	7.929168167588	-0.479848606659865	0.661906049017027	-0.724949722656971	0.468482875247991	0.900387397447457
K8B78_07150	cds	0.305699466342422	-0.492929289408243	4.07760393732822	-0.120886995643629	0.903780542599325	NA
K8B78_07155	cds	0.445070741751515	2.08381898575672	3.95768074674846	0.52652528566604	0.598523288235307	NA
K8B78_07160	cds	0.175036947747689	0.5253622583282	4.07550263851856	0.128907353258191	0.897430958160564	NA
K8B78_07165	cds	0	NA	NA	NA	NA	NA
K8B78_07170	cds	1.06097986193138	0.767148846811925	2.18729386314327	0.3507296663419	0.725791167112845	NA
K8B78_07175	cds	0	NA	NA	NA	NA	NA
K8B78_07180	cds	4.13833535675614	-0.0485152876786446	0.861049793129716	-0.0563443462454161	0.955067491728465	0.992180666634815
K8B78_07185	cds	0	NA	NA	NA	NA	NA
K8B78_07190	cds	0	NA	NA	NA	NA	NA
K8B78_07195	cds	0.587996053128327	2.45424420954581	3.35176434921603	0.732224570059602	0.464031510050314	NA
K8B78_07200	cds	1.78174648073521	1.83463705207709	1.62561557957553	1.12857989005995	0.259075097956191	NA
K8B78_07205	cds	0	NA	NA	NA	NA	NA
K8B78_07210	cds	0	NA	NA	NA	NA	NA
K8B78_07215	cds	0	NA	NA	NA	NA	NA
K8B78_07220	cds	2.82330891806308	0.660076708730741	2.17210611425442	0.303887873800913	0.7612133164904	0.988676366406341
K8B78_07225	cds	0	NA	NA	NA	NA	NA
K8B78_07230	cds	2.28176536002477	0.475036344266887	1.14907582679794	0.413407308019561	0.679308221243027	0.978062328950723
K8B78_07235	cds	1.173809350488	0.960899639539825	1.87888485366118	0.511420185046159	0.609056863788261	NA
K8B78_07240	cds	0.443475917011155	2.04456543407722	3.98471421140352	0.513102151272491	0.607879866775705	NA
K8B78_07245	cds	0	NA	NA	NA	NA	NA
K8B78_07250	cds	0	NA	NA	NA	NA	NA
K8B78_07255	cds	0	NA	NA	NA	NA	NA
K8B78_07260	cds	0.892330921744936	1.74374347615807	2.28998731723732	0.76146425049277	0.446379823873587	NA
K8B78_07265	cds	1.05669990145091	0.823997014566987	2.20474982964726	0.373737193892342	0.708599850578467	NA
K8B78_07270	cds	0	NA	NA	NA	NA	NA
K8B78_07275	cds	0.280206064547331	1.45997391166747	4.03476458448163	0.361848598870617	0.717465172801042	NA
K8B78_07280	cds	0	NA	NA	NA	NA	NA
K8B78_07285	cds	0.356268727396658	-2.22986277631651	4.04732815185054	-0.550946869800257	0.581670096394159	NA
K8B78_07290	cds	1.53007807788466	-0.0218627756441108	1.53515717966532	-0.0142413923041269	0.988637397046155	NA
K8B78_07295	cds	0.186804043031554	1.02655082383797	4.0594861604713	0.25287703498878	0.800363236252842	NA
K8B78_07300	cds	3.09565100501851	0.836220395559698	1.0222127907387	0.818049238999842	0.413329072014879	0.868679619490404
K8B78_07305	cds	2.21225523309047	1.48900448085433	1.27209829137731	1.17051055798698	0.241795567842842	0.831119051059263
K8B78_07310	cds	1.54804000506981	-1.2187527454734	1.59132104520419	-0.765874836599685	0.44375077980439	NA
K8B78_07315	cds	0.708624294664021	-0.210760913500852	2.66450991225323	-0.0790993167379975	0.936953626976181	NA
K8B78_07320	cds	0.280206064547331	1.45997391166747	4.03476458448163	0.361848598870617	0.717465172801042	NA
K8B78_07325	cds	0	NA	NA	NA	NA	NA
K8B78_07330	cds	0.0934020215157772	0.468845019313497	4.07760417783754	0.114980512787815	0.908460568131846	NA
K8B78_07335	cds	0	NA	NA	NA	NA	NA
K8B78_07340	cds	0.175036947747689	0.5253622583282	4.07550263851856	0.128907353258191	0.897430958160564	NA
K8B78_07345	cds	9.23329720282268	-0.123822026447003	0.60550935517196	-0.204492342503674	0.837968775366365	0.992180666634815
K8B78_07350	cds	0.895428337695576	0.491575978792956	2.16059758935164	0.227518525992834	0.820020565274867	NA
K8B78_07355	cds	0	NA	NA	NA	NA	NA
K8B78_07360	cds	0.342999040902512	-0.436407283028976	4.07550223065566	-0.107080614444607	0.914725026164689	NA
K8B78_07365	cds	0.608340594215338	2.49372993152054	3.01915845449119	0.825968550213374	0.408821932391046	NA
K8B78_07370	cds	3.63014917810482	-0.598741204541818	0.913566537503705	-0.655388720976867	0.51221751151564	0.927529007339132
K8B78_07375	cds	3.06632342039109	-0.0948251067745013	1.09889827987919	-0.0862910685281318	0.931235038275876	0.992180666634815
K8B78_07380	cds	1.29224815378179	0.374965388339316	1.75099235295188	0.214144503662273	0.830434371761108	NA
K8B78_07385	cds	0.630279960042709	2.56999336535804	3.17448881043297	0.809577074870052	0.418183288431266	NA
K8B78_07390	cds	0.608340594215338	2.49372993152054	3.01915845449119	0.825968550213374	0.408821932391046	NA
K8B78_07395	cds	1.17094216155191	2.22571506467593	2.07970269808477	1.07020828829314	0.284525564459713	NA
K8B78_07400	cds	1.05331910243677	2.06094703059927	3.95078578171439	0.52165496801625	0.60191058388902	NA
K8B78_07405	cds	0	NA	NA	NA	NA	NA
K8B78_07410	cds	0.852556499752901	-2.36321041973489	2.36701703843616	-0.998391807646732	0.318089404605102	NA
K8B78_07415	cds	0.350073895495378	1.68033616293156	4.01699728645456	0.418306521788726	0.67572302192477	NA
K8B78_07420	cds	0.175036947747689	0.5253622583282	4.07550263851856	0.128907353258191	0.897430958160564	NA
K8B78_07425	cds	0.496287772356242	-1.43766018285208	3.4788146565491	-0.413261505652678	0.679415029798837	NA
K8B78_07430	cds	0.305699466342422	-0.492929289408243	4.07760393732822	-0.120886995643629	0.903780542599325	NA
K8B78_07435	cds	3.7915911303525	0.598971572617989	0.900687483390969	0.665015983527317	0.506040269978997	0.923480127555311
K8B78_07440	cds	0.446573332961795	0.367381098526842	3.69740598548356	0.099361849894013	0.920850972197706	NA
K8B78_07445	cds	0.0934020215157772	0.468845019313497	4.07760417783754	0.114980512787815	0.908460568131846	NA
K8B78_07450	cds	0.443475917011155	2.04456543407722	3.98471421140352	0.513102151272491	0.607879866775705	NA
K8B78_07455	cds	4.85886715405268	0.40820461797242	0.827615942249693	0.493229524872135	0.621850418347552	0.973182335208062
K8B78_07460	cds	0.826247353779155	0.270793388327657	2.53329065318671	0.106893927859015	0.914873130457348	NA
K8B78_07465	cds	1.82254490908752	-1.3293425598948	1.35650360828281	-0.979977164659078	0.32709739073923	NA
K8B78_07470	cds	1.31386544680217	-1.36524999304861	1.69403167467669	-0.80591763038266	0.420290344862254	NA
K8B78_07475	cds	0.623891952481469	1.0433137294584	2.83210692738517	0.368387831465696	0.71258406957118	NA
K8B78_07480	cds	18.6656685280259	-1.14983771533645	0.470225102889345	-2.44529207026838	0.0144734879026724	0.277063911279729
K8B78_07485	cds	0	NA	NA	NA	NA	NA
K8B78_07490	cds	0	NA	NA	NA	NA	NA
K8B78_07495	cds	0	NA	NA	NA	NA	NA
K8B78_07500	cds	0	NA	NA	NA	NA	NA
K8B78_07505	cds	0	NA	NA	NA	NA	NA
K8B78_07510	cds	0	NA	NA	NA	NA	NA
K8B78_07515	cds	0	NA	NA	NA	NA	NA
K8B78_07520	cds	0.520317660422187	0.636732303821554	3.67983331960656	0.173032919841498	0.862625551597678	NA
K8B78_07525	cds	0.164864677204183	0.5253622583282	4.07550263851856	0.128907353258191	0.897430958160564	NA
K8B78_07530	cds	0.809101170772664	1.5437746931201	2.61345217327504	0.590703250247555	0.554719269813381	NA
K8B78_07535	cds	0.19058830601382	-1.43479834864703	4.0804728567969	-0.351625509836946	0.725119131391508	NA
K8B78_07540	cds	0.351668720235738	1.74114095567477	4.01253614563899	0.43392530122554	0.664342686037428	NA
K8B78_07545	cds	2.12174116155185	-1.74424666338653	1.40052167249277	-1.24542639906598	0.212975054430281	0.831119051059263
K8B78_07550	cds	0.621610280709484	1.07312687963392	3.0391130393443	0.353105286227012	0.72400950999918	NA
K8B78_07555	cds	1.40475556953142	-1.2121866260693	1.56993346851479	-0.772126112590026	0.440039737735122	NA
K8B78_07560	cds	8.57100999481335	0.0510785070969527	0.639146277237865	0.0799167716624957	0.936303450636337	0.992180666634815
K8B78_07565	cds	0.496287772356242	-1.43766018285208	3.4788146565491	-0.413261505652678	0.679415029798837	NA
K8B78_07570	cds	0.556213559775329	-1.31955454345287	3.53694859826851	-0.373077104965239	0.709091058127903	NA
K8B78_07575	cds	0.268438969263466	1.32965265472497	4.04656032645725	0.328588368257216	0.742466841096623	NA
K8B78_07580	cds	0.971451923063769	-3.6583857848189	2.2740029784321	-1.60878671642784	0.107662986466343	NA
K8B78_07585	cds	0.833907725536129	0.156129291838642	2.39900253356588	0.0650809199465793	0.948109571898852	NA
K8B78_07590	cds	0.634064223024975	1.07257878685784	3.00529870938655	0.35689589973463	0.721169739340419	NA
K8B78_07595	cds	0.0934020215157772	0.468845019313497	4.07760417783754	0.114980512787815	0.908460568131846	NA
K8B78_07600	cds	2.30487817404454	1.00858291995277	1.19710456326015	0.842518649503789	0.399497705204175	0.868679619490404
K8B78_07605	cds	11.3974830456605	1.5487048813888	0.674194168460731	2.29711996015137	0.0216119274201204	0.333236752778534
K8B78_07610	cds	0.212297444826645	-1.43479834864703	4.0804728567969	-0.351625509836946	0.725119131391508	NA
K8B78_07615	cds	0.808414323741038	1.61217660406446	2.57105356865607	0.627049013571182	0.53062710721986	NA
K8B78_07620	cds	2.08309530570602	1.38543385181488	1.32419584817207	1.04624542791562	0.295447733931604	0.868679619490404
K8B78_07625	cds	1.12633750538441	0.769756251290716	1.9664848150873	0.391437678737703	0.6954737460151	NA
K8B78_07630	cds	0	NA	NA	NA	NA	NA
K8B78_07635	cds	0.458340428245661	0.501169623511066	3.94470815740862	0.127048593587288	0.898901938015329	NA
K8B78_07640	cds	0.212297444826645	-1.43479834864703	4.0804728567969	-0.351625509836946	0.725119131391508	NA
K8B78_07645	cds	0	NA	NA	NA	NA	NA
K8B78_07650	cds	1.36367173198906	-0.450928199648826	1.70446635118987	-0.26455682116226	0.791350886878513	NA
K8B78_07655	cds	4.40408218192257	-0.503458374930599	0.855932510026737	-0.588198682761649	0.556398941442001	0.94687619277787
K8B78_07660	cds	2.70255988200143	-0.727498669858898	1.17103430947731	-0.621244539097763	0.534438738565701	0.932654261338203
K8B78_07665	cds	59.5879425172677	-0.349011971990547	0.460061090060447	-0.758620929982778	0.448079348700585	0.876534784319393
K8B78_07670	cds	5.8293097695402	-0.372874306187433	0.727511793069046	-0.512533693253883	0.608277545713709	0.968934611187537
K8B78_07675	cds	1.6598857748196	-0.662194474824371	1.45451653446058	-0.455267753329426	0.648916622297222	NA
K8B78_07680	cds	1.03316571088317	0.68764038326692	2.07798709334473	0.330916580506808	0.740707497475237	NA
K8B78_07685	cds	1.30606669382309	0.30136430983389	1.73851762617543	0.173345559053585	0.862379814750675	NA
K8B78_07690	cds	2.53044771922952	1.76503298389889	1.23253228530621	1.43203793112842	0.152132966145816	0.7692761306996
K8B78_07695	cds	22.3160958081372	1.47608695300846	0.484989820432345	3.04354213392066	0.00233810697057269	0.0895160954447831
K8B78_07700	cds	7.73403125815023	2.8207231248715	0.838525053280187	3.36391037314537	0.000768464947937748	0.0457663568994036
K8B78_07705	cds	5.00656814786452	2.89254315386265	1.0949441606194	2.64172663583717	0.00824846008231322	0.187537181719688
K8B78_07710	cds	0.271536385214106	-0.492929289408243	4.07760393732822	-0.120886995643629	0.903780542599324	NA
K8B78_07715	cds	1.07115213247489	0.784687856225902	2.19611685657162	0.357306968378216	0.720862013843846	NA
K8B78_07720	cds	2.42770993238995	-0.87735412237916	1.13749628244702	-0.771302848121636	0.440527444587086	0.869734385293813
K8B78_07725	cds	0.804307987951784	0.132593401203742	2.5973457223304	0.0510495772910722	0.959286015054969	NA
K8B78_07730	cds	1.054874849696	0.636975521978286	2.15824855253244	0.295135387085455	0.767890458074773	NA
K8B78_07735	cds	0.186804043031554	1.02655082383797	4.0594861604713	0.25287703498878	0.800363236252842	NA
K8B78_07740	cds	0.65736818657816	1.14170343430258	2.92155008273476	0.390786877503694	0.695954775466062	NA
K8B78_07745	cds	2.83099629873731	0.235873121714569	1.07094861584143	0.220246908418895	0.825678865795314	0.992180666634815
K8B78_07750	cds	0.0934020215157772	0.468845019313497	4.07760417783754	0.114980512787815	0.908460568131846	NA
K8B78_07755	cds	0.164864677204183	0.5253622583282	4.07550263851856	0.128907353258191	0.897430958160564	NA
K8B78_07760	cds	0.178134363698329	-1.43479834864703	4.0804728567969	-0.351625509836946	0.725119131391508	NA
K8B78_07765	cds	0	NA	NA	NA	NA	NA
K8B78_07770	cds	0	NA	NA	NA	NA	NA
K8B78_07775	cds	0.164864677204183	0.5253622583282	4.07550263851856	0.128907353258191	0.897430958160564	NA
K8B78_07780	cds	0.0934020215157772	0.468845019313497	4.07760417783754	0.114980512787815	0.908460568131846	NA
K8B78_07785	cds	0	NA	NA	NA	NA	NA
K8B78_07790	cds	0.577235851556529	-0.822349879737666	3.18777903243506	-0.257969536586573	0.796430417956197	NA
K8B78_07795	cds	0	NA	NA	NA	NA	NA
K8B78_07800	cds	0.342999040902512	-0.436407283028976	4.07550223065566	-0.107080614444607	0.914725026164689	NA
K8B78_07805	cds	0.57176491804146	-2.89864205388305	3.73713543721854	-0.775632058986988	0.437966265687894	NA
K8B78_07810	cds	0	NA	NA	NA	NA	NA
K8B78_07815	cds	0.0934020215157772	0.468845019313497	4.07760417783754	0.114980512787815	0.908460568131846	NA
K8B78_07820	cds	0	NA	NA	NA	NA	NA
K8B78_07825	cds	0.212297444826645	-1.43479834864703	4.0804728567969	-0.351625509836946	0.725119131391508	NA
K8B78_07830	cds	0	NA	NA	NA	NA	NA
K8B78_07835	cds	0	NA	NA	NA	NA	NA
K8B78_07840	cds	0.939076842335772	0.56024487805828	2.21437267657987	0.253003879601507	0.800265215225068	NA
K8B78_07845	cds	0.483833830040751	-1.39943822241498	3.52861449682924	-0.396597084683661	0.691664602716006	NA
K8B78_07850	cds	0.175036947747689	0.5253622583282	4.07550263851856	0.128907353258191	0.897430958160564	NA
K8B78_07855	cds	0	NA	NA	NA	NA	NA
K8B78_07860	cds	3.25973660166099	0.599540096327243	0.962304800109411	0.623025154045867	0.533267992201176	0.932654261338203
K8B78_07865	cds	0.25826669871996	1.28771198908827	4.05009992252185	0.317945733123163	0.750526101124417	NA
K8B78_07870	cds	0.791854045636293	0.162954013085397	2.46733514944778	0.0660445392357287	0.947342365655472	NA
K8B78_07875	cds	0.283990327529597	-0.492929289408242	4.07760393732822	-0.120886995643629	0.903780542599325	NA
K8B78_07880	cds	0.814609155642319	-0.826523318871159	2.7474478942741	-0.30083311883501	0.763541752358868	NA
K8B78_07885	cds	0.305699466342422	-0.492929289408243	4.07760393732822	-0.120886995643629	0.903780542599325	NA
K8B78_07890	cds	1.68040070439896	1.79434960225986	1.52281691635348	1.17830947567655	0.238673251540552	NA
K8B78_07895	cds	0.355452983218003	-0.436407283028976	4.07550223065566	-0.107080614444607	0.914725026164689	NA
K8B78_07900	cds	1.90117667902542	3.02904145795426	1.57699797554798	1.92076432875681	0.0547614254705039	NA
K8B78_07905	cds	8.86312269832251	-2.35001640877759	0.746748603294758	-3.14699806388522	0.00164956054089809	0.0803785863564887
K8B78_07910	cds	0.813563184449118	0.109239021057665	2.4298968114297	0.044956238694511	0.964142190125031	NA
K8B78_07915	cds	2.25167195106876	2.30631653941828	1.40453793811632	1.64204645302167	0.100580377483927	0.691585916564932
K8B78_07920	cds	1.52173085909606	0.168530127289539	1.55745733233897	0.108208503559094	0.913830299701456	NA
K8B78_07925	cds	1.33159917309932	0.364912878351392	1.68159281108162	0.217004304458626	0.828204990397951	NA
K8B78_07930	cds	0	NA	NA	NA	NA	NA
K8B78_07940	cds	1.17074898589195	-0.830811675811268	1.81084496380281	-0.458797794630938	0.646379378609837	NA
K8B78_07945	cds	0.280206064547331	1.45997391166747	4.03476458448163	0.361848598870617	0.717465172801042	NA
K8B78_07950	cds	1.31409567381672	-1.1504295734939	1.85708381202883	-0.619481773543155	0.535599025415069	NA
K8B78_07955	cds	0	NA	NA	NA	NA	NA
K8B78_07960	cds	1.42819994043325	0.551613283301578	1.66166894823883	0.331963405759145	0.739916891533814	NA
K8B78_07965	cds	0.0934020215157772	0.468845019313497	4.07760417783754	0.114980512787815	0.908460568131846	NA
K8B78_07970	cds	0.351668720235738	1.74114095567477	4.01253614563899	0.43392530122554	0.664342686037428	NA
K8B78_07975	cds	2.52095988185345	0.181956324416716	1.09459135645515	0.166232195552854	0.867974223529032	0.992180666634815
K8B78_07980	cds	4.15953471950294	0.0218348780844798	0.853047124706069	0.0255963327840808	0.97957931112754	0.992180666634815
K8B78_07985	cds	0.93099509403084	1.83780473332124	2.41478347079534	0.761063985880248	0.446618850027233	NA
K8B78_07990	cds	0	NA	NA	NA	NA	NA
K8B78_07995	cds	0.635659047765335	1.14002988070765	2.97805645867102	0.382810029470159	0.701860624497653	NA
K8B78_08000	cds	0.175036947747689	0.5253622583282	4.07550263851856	0.128907353258191	0.897430958160564	NA
K8B78_08005	cds	0.353171311446018	-0.436407283028976	4.07550223065566	-0.107080614444607	0.914725026164689	NA
K8B78_08010	cds	3.62307876350269	1.38566474714295	1.01605624352907	1.36376775987333	0.172640670240575	0.790391096710639
K8B78_08015	cds	7.43037091030941	0.0189328041000235	0.663407370603851	0.0285387304075178	0.977232478200881	0.992180666634815
K8B78_08020	cds	1.27282068674095	0.376471872475819	1.69722712417816	0.22181584722087	0.824457242452268	NA
K8B78_08025	cds	1.22662120583309	-0.902345411607673	1.70896981343053	-0.528005471200415	0.597495538558036	NA
K8B78_08030	cds	0.164864677204183	0.5253622583282	4.07550263851856	0.128907353258191	0.897430958160564	NA
K8B78_08035	cds	0.480736414090111	0.367130809359923	3.5494398488179	0.103433450064576	0.917618965197743	NA
K8B78_08040	cds	1.69057297494247	1.80117295763629	1.52028775435964	1.18475791998664	0.236113174624362	NA
K8B78_08045	cds	2.37160748543427	-0.981147072470012	1.12186018848151	-0.874571611100699	0.381807040071847	0.868679619490404
K8B78_08050	cds	20.4617876646749	-0.896938202571898	0.478390617552101	-1.87490759572477	0.0608054369237484	0.571784459493494
K8B78_08055	cds	0.446573332961795	0.367381098526842	3.69740598548356	0.099361849894013	0.920850972197706	NA
K8B78_08060	cds	0.178134363698329	-1.43479834864703	4.0804728567969	-0.351625509836946	0.725119131391508	NA
K8B78_08065	cds	0.175036947747689	0.5253622583282	4.07550263851856	0.128907353258191	0.897430958160564	NA
K8B78_08070	cds	1.76349914436002	0.291158241304206	1.33438322013666	0.218196869467819	0.827275724126339	NA
K8B78_08075	cds	0.587996053128327	2.45424420954581	3.35176434921603	0.732224570059602	0.464031510050314	NA
K8B78_08080	cds	2.72122678703911	1.30796202606985	1.13326181841492	1.15415696956885	0.248435820529086	0.831119051059263
K8B78_08085	cds	0.740505704020352	-0.228727602598277	2.76784838108149	-0.0826373309179984	0.934139916996686	NA
K8B78_08090	cds	0.268438969263466	1.32965265472497	4.04656032645725	0.328588368257216	0.742466841096623	NA
K8B78_08095	cds	1.80536206246408	0.355905909278281	1.3808661985168	0.257741053883833	0.796606759812595	NA
K8B78_08100	cds	0.504766302156056	2.22027345450953	3.69035112176139	0.601642873876403	0.547411883455746	NA
K8B78_08105	cds	0.350073895495378	1.68033616293156	4.01699728645456	0.418306521788726	0.67572302192477	NA
K8B78_08110	cds	0.373608086063109	1.8606872955514	4.00427593352854	0.464675093934342	0.642164146754237	NA
K8B78_08115	cds	7.7636835458048	1.29288879131922	0.804327065145958	1.60741674294474	0.107962979678454	0.703874156706064
K8B78_08120	cds	4.48554206331542	0.426562825880708	0.815485534712621	0.523078347466984	0.60091973271901	0.966568044851734
K8B78_08125	cds	0	NA	NA	NA	NA	NA
K8B78_08130	cds	6.61134386255611	-0.870592919952185	0.724351458908362	-1.20189296127631	0.229405001877705	0.831119051059263
K8B78_08135	cds	9.42247355962681	-1.27991852381608	0.627980157129808	-2.03815122067864	0.041534812049253	0.46983739377768
K8B78_08140	cds	0	NA	NA	NA	NA	NA
K8B78_08145	cds	0.0934020215157772	0.468845019313497	4.07760417783754	0.114980512787815	0.908460568131846	NA
K8B78_08150	cds	0.0934020215157772	0.468845019313497	4.07760417783754	0.114980512787815	0.908460568131846	NA
K8B78_08155	cds	0.826832870943264	-1.12463585387115	2.41450061422573	-0.46578404132309	0.641370089253357	NA
K8B78_08160	cds	1.06664194497986	0.712718496128388	2.16067528969942	0.329859141503644	0.741506397462492	NA
K8B78_08165	cds	0	NA	NA	NA	NA	NA
K8B78_08170	cds	0.623205105449844	1.13907640500064	3.01190484259792	0.378191365441057	0.705288439350114	NA
K8B78_08175	cds	2.03666943179562	0.813072722950557	1.25730366131246	0.646679674901937	0.517839280202044	0.928300515679918
K8B78_08180	cds	2.40996913588192	0.0606195912377738	1.24612429107412	0.0486465047443395	0.961201008385946	0.992180666634815
K8B78_08185	cds	0.614535426116619	-0.476432625992128	3.08085552427928	-0.15464296272172	0.877102798036456	NA
K8B78_08190	cds	3.19051856638998	1.64773712650246	1.05761325059937	1.55797700678263	0.119238698821789	0.71284826047996
K8B78_08195	cds	0.268438969263466	1.32965265472497	4.04656032645725	0.328588368257216	0.742466841096623	NA
K8B78_08200	cds	8.64969530853783	0.720108840552232	0.633754176862215	1.13625892631993	0.255848215344736	0.831119051059263
K8B78_08205	cds	0.555526712743703	-0.760219312109891	3.25780901049704	-0.233352940476368	0.815487352518463	NA
K8B78_08210	cds	0.861913026117751	-1.14145331495612	2.36129613044991	-0.48340117117739	0.628810916776706	NA
K8B78_08215	cds	1.32950865086075	-0.410114044400951	1.70830782519103	-0.240070342331359	0.810275725351994	NA
K8B78_08220	cds	0.212297444826645	-1.43479834864703	4.0804728567969	-0.351625509836946	0.725119131391508	NA
K8B78_08225	cds	0.64583131830884	1.16529880152942	2.95194119524298	0.394756780184945	0.693022394181419	NA
K8B78_08230	cds	1.09901702570786	-2.74678098702775	2.06943985345755	-1.32730650878233	0.184407311652776	NA
K8B78_08235	cds	4.99208026117744	0.725916745669567	0.825241206859073	0.879641903041243	0.379053331247322	0.868679619490404
K8B78_08240	cds	1.78187861408111	-1.8887684527704	1.47146552855155	-1.28359680612404	0.199283067859114	NA
K8B78_08245	cds	3.8703659378592	-0.220050414364334	0.916947433614692	-0.239981493264968	0.81034460367225	0.992180666634815
K8B78_08250	cds	6.44040618038679	-0.0502555861680243	0.698195378831021	-0.0719792592328046	0.942618413764199	0.992180666634815
K8B78_08255	cds	1.63292885929537	1.68291061575861	1.55381578415698	1.08308245605296	0.278771825356727	NA
K8B78_08260	cds	0.526705667983427	2.30666066783363	3.2739277439042	0.704554543736787	0.481087495196907	NA
K8B78_08265	cds	0.353171311446018	-0.436407283028976	4.07550223065566	-0.107080614444607	0.914725026164689	NA
K8B78_08270	cds	1.66840338210055	1.66290513883316	1.57452525548071	1.05613113098365	0.290908309375373	NA
K8B78_08275	cds	3.6839542363318	-1.78829761528685	0.970829670674505	-1.84203024413581	0.0654707260661779	0.588346724662051
K8B78_08280	cds	1.19803038808736	1.01490210010967	1.816000974283	0.558866495383008	0.576252836920979	NA
K8B78_08285	cds	0.536877938526932	2.33044261723623	3.51913253487252	0.662220758707699	0.507829752231603	NA
K8B78_08290	cds	5.39708632978101	1.14751720502088	1.72154043096486	0.66656419122131	0.505050548483446	0.923480127555311
K8B78_08295	cds	2.42794218553105	1.00813210950342	1.20173288224632	0.838898664084971	0.401526177532924	0.868679619490404
K8B78_08300	cds	0.898525753646216	-0.604266909138064	2.24432485569761	-0.269242176596685	0.787743325932198	NA
K8B78_08305	cds	3.83403715175648	-0.536578153025394	0.960129988829201	-0.558859903625869	0.576257335963313	0.958051113831754
K8B78_08310	cds	2.6640431254211	1.34569775492536	1.13988213996599	1.18055868036104	0.237778086309673	0.831119051059263
K8B78_08315	cds	47.566087159184	-0.0875403363167719	0.383609845902055	-0.228201484534167	0.819489607395522	0.992180666634815
K8B78_08320	cds	34.2931734485001	-0.291200669160304	0.413456242069962	-0.704308314955925	0.481240789241031	0.914470639261128
K8B78_08325	cds	0	NA	NA	NA	NA	NA
K8B78_08330	cds	1.8778336379911	1.87730375942038	1.46447707224819	1.28189358167174	0.199879979787756	NA
K8B78_08335	cds	0.175036947747689	0.5253622583282	4.07550263851856	0.128907353258191	0.897430958160564	NA
K8B78_08340	cds	0.339901624951872	1.64253523047859	4.01986317264604	0.408604760892249	0.682829736251643	NA
K8B78_08345	cds	0.25826669871996	1.28771198908827	4.05009992252185	0.317945733123163	0.750526101124417	NA
K8B78_08350	cds	3.38922183805131	-0.148857300046675	0.937639067560011	-0.158757570153344	0.873859878865926	0.992180666634815
K8B78_08355	cds	2.09883781350556	0.269238018455745	1.19677750420829	0.224969150497073	0.822003273456756	0.992180666634815
K8B78_08360	cds	0.164864677204183	0.5253622583282	4.07550263851856	0.128907353258191	0.897430958160564	NA
K8B78_08365	cds	5.84915598290883	1.74315251529753	0.812472740629482	2.14549046155934	0.0319136532496213	0.40727900337612
K8B78_08370	cds	0	NA	NA	NA	NA	NA
K8B78_08375	cds	0	NA	NA	NA	NA	NA
K8B78_08380	cds	0.536877938526932	2.33044261723623	3.51913253487252	0.662220758707699	0.507829752231603	NA
K8B78_08385	cds	0.608340594215338	2.49372993152054	3.01915845449119	0.825968550213374	0.408821932391046	NA
K8B78_08390	cds	0	NA	NA	NA	NA	NA
K8B78_08395	cds	0	NA	NA	NA	NA	NA
K8B78_08400	cds	0.69157034518761	2.69271516193398	2.76799027325918	0.972805138785198	0.330650158213965	NA
K8B78_08405	cds	0.0934020215157772	0.468845019313497	4.07760417783754	0.114980512787815	0.908460568131846	NA
K8B78_08410	cds	68.218318928862	-0.89060438292035	0.492507358333612	-1.80830675491568	0.0705587711387476	0.594216786158129
K8B78_08415	cds	0.542026799235012	0.635045002110621	3.59240516370035	0.176774326161054	0.859685656189426	NA
K8B78_08420	cds	0.355452983218003	-0.436407283028976	4.07550223065566	-0.107080614444607	0.914725026164689	NA
K8B78_08425	cds	0	NA	NA	NA	NA	NA
K8B78_08430	cds	0	NA	NA	NA	NA	NA
K8B78_08435	cds	3.06093523633102	0.331271938115926	0.988327895936923	0.335184243486201	0.737486107131975	0.9833148095093
K8B78_08440	cds	3.22791119681485	-0.780968493059073	0.9976117000229	-0.782838145383766	0.433722164228294	0.868679619490404
K8B78_08445	cds	0.38117661202764	-2.31423930346047	4.03947876423236	-0.572905426302013	0.566708730312384	NA
K8B78_08450	cds	1.11411379008346	0.929797299426824	1.98533351953987	0.468333048465488	0.639546438280146	NA
K8B78_08455	cds	1.18959093576868	0.171654992361388	1.84844886887863	0.0928643443978643	0.92601133235116	NA
K8B78_08460	cds	0.175036947747689	0.5253622583282	4.07550263851856	0.128907353258191	0.897430958160564	NA
K8B78_08465	cds	0.0934020215157772	0.468845019313497	4.07760417783754	0.114980512787815	0.908460568131846	NA
K8B78_08470	cds	0	NA	NA	NA	NA	NA
K8B78_08475	cds	2.16939046535868	-2.0842498811787	1.33663135703606	-1.55933037947012	0.118918204957553	0.71284826047996
K8B78_08480	cds	12.7756559166314	-1.28599976534236	0.548259871926947	-2.34560257131806	0.0189963509417313	0.328453035637677
K8B78_08485	cds	0.521133404600842	-1.23687571125749	3.67372400929644	-0.336681718095194	0.736356846426196	NA
K8B78_08490	cds	1.0961889142529	-0.082478877248656	1.96057650268279	-0.0420686859889398	0.966443943022743	NA
K8B78_08495	cds	0.751000435108483	1.50068807266102	2.9209170645953	0.513772914284694	0.607410767007073	NA
K8B78_08500	cds	0.268438969263466	1.32965265472497	4.04656032645725	0.328588368257216	0.742466841096623	NA
K8B78_08505	cds	1.01204208923446	-0.408758409738042	2.09900073990349	-0.194739526274219	0.845596866758252	NA
K8B78_08510	cds	0.543072770428213	-0.725683120384606	3.57327527300387	-0.203086262585799	0.839067608864465	NA
K8B78_08515	cds	1.84672889533229	0.438757094064696	1.28479888673419	0.341498656789752	0.732728215888344	NA
K8B78_08520	cds	1.19734354105573	1.10969777392802	1.83112396764995	0.606020014773876	0.544501462637949	NA
K8B78_08525	cds	0.879837901948311	0.189981865581131	2.43962140609343	0.0778735032848187	0.937928676704269	NA
K8B78_08530	cds	1.30251265785537	1.32276550882868	1.8486796472993	0.715519052076485	0.474288372571557	NA
K8B78_08535	cds	0	NA	NA	NA	NA	NA
K8B78_08540	cds	0	NA	NA	NA	NA	NA
K8B78_08545	cds	0.492503509373977	0.507169682232726	3.77936667589027	0.134194357342492	0.89324888774418	NA
K8B78_08550	cds	1.88727998402185	1.07316962302998	1.41471044652072	0.758578990965459	0.448104444194177	NA
K8B78_08555	cds	1.42359751940815	-0.288862852491956	1.56464325938602	-0.184618986314687	0.853527893010465	NA
K8B78_08560	cds	2.1783822174989	-0.12100730732573	1.20626898013291	-0.100315360270972	0.920093963271956	0.992180666634815
K8B78_08565	cds	0.368722669712149	-2.27250872208723	4.04330547814864	-0.562042302855575	0.574087197387305	NA
K8B78_08570	cds	1.08072978951685	2.14465452647997	2.16724922216235	0.989574482043263	0.322382147795226	NA
K8B78_08575	cds	0.810465768498478	1.5006606178299	2.44235632013282	0.614431483833731	0.538930236270486	NA
K8B78_08580	cds	0.555526712743703	-0.760219312109891	3.25780901049704	-0.233352940476368	0.815487352518463	NA
K8B78_08585	cds	0.95293445985821	1.90904629049466	2.33181005280158	0.818697169694853	0.412959211839708	NA
K8B78_08590	cds	0.19058830601382	-1.43479834864703	4.0804728567969	-0.351625509836946	0.725119131391508	NA
K8B78_08595	cds	0	NA	NA	NA	NA	NA
K8B78_08600	cds	0.530489930965692	0.665986837677797	3.35937843400666	0.198247042052802	0.842851783567776	NA
K8B78_08605	cds	0.810695995513024	1.59647928671833	2.41941108245526	0.659862765073471	0.509341900771946	NA
K8B78_08610	cds	0.706891476439195	1.22117265406118	3.05798108783123	0.399339505048167	0.689643062150462	NA
K8B78_08615	cds	0.723681981558486	2.77626549654776	2.90615665942574	0.955304831053515	0.339423565130073	NA
K8B78_08620	cds	0.739003112810072	1.34625891621529	2.55631051486683	0.526641387415886	0.598442645348509	NA
K8B78_08625	cds	5.66528603754646	-0.144579685832656	0.751665629937073	-0.192345745334611	0.847471387721721	0.992180666634815
K8B78_08630	cds	3.68302328583629	-1.28641839515916	0.993228987506877	-1.29518813016948	0.195255338514699	0.824069775148652
K8B78_08635	cds	0	NA	NA	NA	NA	NA
K8B78_08640	cds	5.7475826097782	-0.647390113335907	0.762986744532706	-0.848494574741798	0.396162592594192	0.868679619490404
K8B78_08645	cds	0.443475917011155	2.04456543407722	3.98471421140352	0.513102151272491	0.607879866775705	NA
K8B78_08650	cds	0.19058830601382	-1.43479834864703	4.0804728567969	-0.351625509836946	0.725119131391508	NA
K8B78_08655	cds	0	NA	NA	NA	NA	NA
K8B78_08660	cds	0	NA	NA	NA	NA	NA
K8B78_08665	cds	0.423131375924144	1.98435850727811	3.99639820757582	0.49653673237978	0.619515778057768	NA
K8B78_08670	cds	0	NA	NA	NA	NA	NA
K8B78_08675	cds	0	NA	NA	NA	NA	NA
K8B78_08680	cds	2.10023907484832	-0.74585652007907	1.23916965485747	-0.601900245987589	0.547240540509524	0.937127570968387
K8B78_08685	cds	0	NA	NA	NA	NA	NA
K8B78_08690	cds	0.0934020215157772	0.468845019313497	4.07760417783754	0.114980512787815	0.908460568131846	NA
K8B78_08695	cds	0.480736414090111	0.367130809359923	3.5494398488179	0.103433450064576	0.917618965197743	NA
K8B78_08700	cds	0.0934020215157772	0.468845019313497	4.07760417783754	0.114980512787815	0.908460568131846	NA
K8B78_08705	cds	0	NA	NA	NA	NA	NA
K8B78_08710	cds	0.329729354408367	1.60396708254584	4.02286249088009	0.398712878250765	0.690104777616397	NA
K8B78_08715	cds	7.70794083526988	-0.822516394435225	0.682389923204278	-1.20534663022713	0.228069515312237	0.831119051059263
K8B78_08720	cds	0.280206064547331	1.45997391166747	4.03476458448163	0.361848598870617	0.717465172801042	NA
K8B78_08725	cds	0	NA	NA	NA	NA	NA
K8B78_08730	cds	0.0934020215157772	0.468845019313497	4.07760417783754	0.114980512787815	0.908460568131846	NA
K8B78_08735	cds	0.377392349045374	0.0647754228454347	4.05948601473725	0.0159565577046648	0.987269049207756	NA
K8B78_08740	cds	1.25234483464273	-1.87245458670037	1.80683756620678	-1.03631594877194	0.300054768002715	NA
K8B78_08745	cds	1.65217224701368	-0.612298658790126	1.48096958103151	-0.413444453304473	0.679281011230566	NA
K8B78_08750	cds	7.13280735627472	-1.59471149477062	0.707153347403312	-2.25511411439464	0.02412616692819	0.359211818708606
K8B78_08755	cds	0	NA	NA	NA	NA	NA
K8B78_08760	cds	0.175036947747689	0.5253622583282	4.07550263851856	0.128907353258191	0.897430958160564	NA
K8B78_08765	cds	2.71767072494484	0.149963094500234	1.09316867805203	0.137182026443952	0.890886917409652	0.992180666634815
K8B78_08770	cds	1.45205620380797	2.68357570940886	1.807503910638	1.48468597695129	0.137627028128787	NA
K8B78_08775	cds	0.178134363698329	-1.43479834864703	4.0804728567969	-0.351625509836946	0.725119131391508	NA
K8B78_08780	cds	0	NA	NA	NA	NA	NA
K8B78_08785	cds	1.37150956244927	-1.14434449219077	1.71096502442543	-0.668829856750032	0.503604018724424	NA
K8B78_08790	cds	2.13381663881253	-0.196352818359043	1.15821081259676	-0.169531156352107	0.865378867805267	0.992180666634815
K8B78_08795	cds	0	NA	NA	NA	NA	NA
K8B78_08800	cds	0	NA	NA	NA	NA	NA
K8B78_08805	cds	0	NA	NA	NA	NA	NA
K8B78_08810	cds	0.976337339414728	-0.530268280272753	2.26441694361741	-0.23417431218548	0.81484965652983	NA
K8B78_08815	cds	0.496287772356242	-1.43766018285208	3.4788146565491	-0.413261505652678	0.679415029798837	NA
K8B78_08820	cds	0	NA	NA	NA	NA	NA
K8B78_08825	cds	14.676267808797	-0.0328322527864998	0.535995003655276	-0.0612547739486313	0.951156308287103	0.992180666634815
K8B78_08830	cds	0.175036947747689	0.5253622583282	4.07550263851856	0.128907353258191	0.897430958160564	NA
K8B78_08835	cds	0	NA	NA	NA	NA	NA
K8B78_08840	cds	0	NA	NA	NA	NA	NA
K8B78_08845	cds	0.855755245571058	-2.36985405868743	2.71214754058911	-0.8737924553222	0.382231289911464	NA
K8B78_08850	cds	0.356268727396658	-2.22986277631651	4.04732815185054	-0.550946869800257	0.581670096394159	NA
K8B78_08855	cds	0	NA	NA	NA	NA	NA
K8B78_08860	cds	0	NA	NA	NA	NA	NA
K8B78_08865	cds	1.00744208207354	1.93819306537641	2.13374474526009	0.90835282415196	0.36369184191065	NA
K8B78_08870	cds	0	NA	NA	NA	NA	NA
K8B78_08875	cds	0.305699466342422	-0.492929289408243	4.07760393732822	-0.120886995643629	0.903780542599325	NA
K8B78_08880	cds	0.164864677204183	0.5253622583282	4.07550263851856	0.128907353258191	0.897430958160564	NA
K8B78_08885	cds	0.0934020215157772	0.468845019313497	4.07760417783754	0.114980512787815	0.908460568131846	NA
K8B78_08890	cds	0	NA	NA	NA	NA	NA
K8B78_08895	cds	0	NA	NA	NA	NA	NA
K8B78_08900	cds	0	NA	NA	NA	NA	NA
K8B78_08905	cds	0	NA	NA	NA	NA	NA
K8B78_08910	cds	0	NA	NA	NA	NA	NA
K8B78_08915	cds	0	NA	NA	NA	NA	NA
K8B78_08920	cds	0	NA	NA	NA	NA	NA
K8B78_08925	cds	0	NA	NA	NA	NA	NA
K8B78_08930	cds	0	NA	NA	NA	NA	NA
K8B78_08935	cds	0	NA	NA	NA	NA	NA
K8B78_08940	cds	0	NA	NA	NA	NA	NA
K8B78_08945	cds	0	NA	NA	NA	NA	NA
K8B78_08950	cds	0.598168323671833	2.47314154271161	3.04783141836091	0.811443023985112	0.417111300118844	NA
K8B78_08955	cds	0	NA	NA	NA	NA	NA
K8B78_08960	cds	0	NA	NA	NA	NA	NA
K8B78_08965	cds	0	NA	NA	NA	NA	NA
K8B78_08970	cds	0	NA	NA	NA	NA	NA
K8B78_08975	cds	0	NA	NA	NA	NA	NA
K8B78_08980	cds	0	NA	NA	NA	NA	NA
K8B78_09025	cds	0	NA	NA	NA	NA	NA
K8B78_09030	cds	0.907882280011067	0.462898941808293	2.25274932048799	0.205481780683889	0.837195731304658	NA
K8B78_09035	cds	0.0934020215157772	0.468845019313497	4.07760417783754	0.114980512787815	0.908460568131846	NA
K8B78_09040	cds	0.976793959431808	-0.962540145374607	2.33890828055557	-0.411533942299769	0.680681057940077	NA
K8B78_09045	cds	0	NA	NA	NA	NA	NA
K8B78_09050	cds	2.46168772412342	1.72357896179534	1.22990932570543	1.40138701754031	0.161098372365099	0.771331809560936
K8B78_09055	cds	1.25462650641471	-1.90830043965207	1.89072108658711	-1.00929769768247	0.31283188396023	NA
K8B78_09060	cds	0.283990327529597	-0.492929289408242	4.07760393732822	-0.120886995643629	0.903780542599325	NA
K8B78_09065	cds	0.0934020215157772	0.468845019313497	4.07760417783754	0.114980512787815	0.908460568131846	NA
K8B78_09070	cds	2.3987368155774	0.988287875261635	1.22806033840575	0.804755144641033	0.420960990677286	0.868679619490404
K8B78_09075	cds	0.175036947747689	0.5253622583282	4.07550263851856	0.128907353258191	0.897430958160564	NA
K8B78_09080	cds	7.85779814928992	0.511709375888415	0.732027219078044	0.699030531313973	0.484532950653284	0.914470639261128
K8B78_09085	cds	1.61558950062892	0.132098567028283	1.40351405968605	0.0941198744085482	0.925013932965997	NA
K8B78_09090	cds	0.674422136054571	-1.9727352399539	2.71065644172851	-0.727770295632134	0.466754210814995	NA
K8B78_09095	cds	0.936473097756798	-2.34614933606116	2.25876501691049	-1.03868676843162	0.298950436834566	NA
K8B78_09100	cds	8.51400778857818	-0.767645900987662	0.649438236790972	-1.18201525179789	0.2371996491836	0.831119051059263
K8B78_09105	cds	0	NA	NA	NA	NA	NA
K8B78_09110	cds	0.695354608169876	1.24006479378663	2.85816368371036	0.433867661552827	0.664384544193324	NA
K8B78_09115	cds	0.268438969263466	1.32965265472497	4.04656032645725	0.328588368257216	0.742466841096623	NA
K8B78_09120	cds	0	NA	NA	NA	NA	NA
K8B78_09125	cds	0.815296002673944	-1.05429710189882	2.43045594649416	-0.433785727908214	0.66444404652825	NA
K8B78_09130	cds	3.1601006707628	0.783264118132975	0.995863020280611	0.786517926845269	0.431564120812167	0.868679619490404
K8B78_09135	cds	0	NA	NA	NA	NA	NA
K8B78_09140	cds	0.57176491804146	-2.89864205388305	3.73713543721854	-0.775632058986988	0.437966265687894	NA
K8B78_09145	cds	1.89091014882529	-0.657305480034729	1.28904948727857	-0.509914853170166	0.610111115576144	NA
K8B78_09150	cds	0.623891952481469	1.0433137294584	2.83210692738517	0.368387831465696	0.71258406957118	NA
K8B78_09155	cds	0.186804043031554	1.02655082383797	4.0594861604713	0.25287703498878	0.800363236252842	NA
K8B78_09160	cds	0.726779397509127	1.44226511892766	2.75277903158121	0.523930581561869	0.600326823433629	NA
K8B78_09165	cds	0	NA	NA	NA	NA	NA
K8B78_09170	cds	0.443475917011155	2.04456543407722	3.98471421140352	0.513102151272491	0.607879866775705	NA
K8B78_09325	cds	13.2277440883178	-0.4726911353207	0.520352892041951	-0.908404935477117	0.363664319107919	0.868679619490404
K8B78_09330	cds	0.178134363698329	-1.43479834864703	4.0804728567969	-0.351625509836946	0.725119131391508	NA
K8B78_09335	cds	0.0934020215157772	0.468845019313497	4.07760417783754	0.114980512787815	0.908460568131846	NA
K8B78_09340	cds	0.624707696660124	-0.440282313525839	3.05198519352988	-0.144260959869407	0.885294405289192	NA
K8B78_09345	cds	0.913583440540681	1.87676700144514	2.4159079503679	0.776837131215756	0.43725486677243	NA
K8B78_09350	cds	0.634064223024975	1.07257878685784	3.00529870938655	0.35689589973463	0.721169739340419	NA
K8B78_09355	cds	0.164864677204183	0.5253622583282	4.07550263851856	0.128907353258191	0.897430958160564	NA
K8B78_09360	cds	0	NA	NA	NA	NA	NA
K8B78_09365	cds	2.9449301768615	-0.268631112116204	1.03938168723948	-0.258452804599308	0.796057468268314	0.992180666634815
K8B78_09370	cds	0	NA	NA	NA	NA	NA
K8B78_09375	cds	0.38117661202764	-2.31423930346047	4.03947876423236	-0.572905426302013	0.566708730312384	NA
K8B78_09380	cds	0.178134363698329	-1.43479834864703	4.0804728567969	-0.351625509836946	0.725119131391508	NA
K8B78_09385	cds	0.305699466342422	-0.492929289408243	4.07760393732822	-0.120886995643629	0.903780542599325	NA
K8B78_09390	cds	1.45848449892268	-3.19580895543457	1.78160654740801	-1.79377930558463	0.0728484012854016	NA
K8B78_09395	cds	3.5619543268594	0.155450586632093	0.934649835442457	0.166319599851535	0.867905442409944	0.992180666634815
K8B78_09400	cds	0.164864677204183	0.5253622583282	4.07550263851856	0.128907353258191	0.897430958160564	NA
K8B78_09405	cds	1.91545325923163	0.681364949026776	1.32108893420248	0.515760091078277	0.60602197933943	NA
K8B78_09410	cds	6.1735328707742	2.11189632398497	0.85646094693882	2.46584077363171	0.0136692082529974	0.271359097170615
K8B78_09415	cds	1.03456938609012	2.02907036756267	2.110835491608	0.961264094539625	0.336419396498683	NA
K8B78_09420	cds	1.23304829087546	1.21160599716476	1.87380712653152	0.646601232330397	0.517890060248616	NA
K8B78_09425	cds	0.19058830601382	-1.43479834864703	4.0804728567969	-0.351625509836946	0.725119131391508	NA
K8B78_09430	cds	1.19245812470477	-0.861721351759013	1.73118289207723	-0.497764479826302	0.618650054480635	NA
K8B78_09435	cds	1.04474165663363	2.04117642818495	2.08228431779914	0.980258272483351	0.326958646589434	NA
K8B78_09440	cds	6.00088694097679	0.894299210134554	0.736504676130661	1.21424783727497	0.224653098126778	0.831119051059263
K8B78_09445	cds	1.51690062492059	1.56411424016171	1.67534917906898	0.933604922306952	0.350507725287882	NA
K8B78_09450	cds	0.178134363698329	-1.43479834864703	4.0804728567969	-0.351625509836946	0.725119131391508	NA
K8B78_09455	cds	0.271536385214106	-0.492929289408243	4.07760393732822	-0.120886995643629	0.903780542599324	NA
K8B78_09460	cds	4.39027591256361	0.00471680254618747	0.836431158609532	0.005639199948061	0.995500593273462	0.995620351283938
K8B78_09465	cds	7.44017583826209	0.983430210202112	0.70188129911749	1.40113465259529	0.161173810953031	0.771331809560936
K8B78_09470	cds	5.9361712069357	-0.223978826153317	0.789177281026633	-0.283813069050778	0.776553638539309	0.988676366406341
K8B78_09475	cds	1.00894467328382	0.626232805780618	2.15190035225648	0.291013849746319	0.771040727146245	NA
K8B78_09480	cds	15.5236561395705	0.665032211548985	0.531084067934861	1.25221646007003	0.210490999775076	0.831119051059263
K8B78_09485	cds	0.268438969263466	1.32965265472497	4.04656032645725	0.328588368257216	0.742466841096623	NA
K8B78_09490	cds	2.76295839413196	0.336370377694108	1.08269367066948	0.310679176212525	0.756044529371993	0.988389921325337
K8B78_09495	cds	31.13557850611	2.04055951657116	0.561489590093953	3.63418940007368	0.000278855964485894	0.0196683750897582
K8B78_09500	cds	1.45137259297523	-1.25436274457187	1.61075414181849	-0.778742523148649	0.436131401607369	NA
K8B78_09505	cds	0.749899281739789	-3.29393557631218	2.87905738149388	-1.14410209309654	0.252581299747456	NA
K8B78_09510	cds	0	NA	NA	NA	NA	NA
K8B78_09515	cds	0.740505704020352	-0.228727602598277	2.76784838108149	-0.0826373309179984	0.934139916996686	NA
K8B78_09520	cds	0.542026799235012	0.635045002110621	3.59240516370035	0.176774326161054	0.859685656189426	NA
K8B78_09525	cds	3.55823231626352	0.416689717649033	0.917584561891761	0.454115876568317	0.649745426661722	0.973182335208062
K8B78_09530	cds	100.653624073202	1.53856054867726	0.424908795554481	3.62091951207912	0.000293557837160571	0.0196683750897582
K8B78_09535	cds	0	NA	NA	NA	NA	NA
K8B78_09540	cds	0.89474149066395	0.616276027779825	2.41140065851648	0.255567661725267	0.79828469148498	NA
K8B78_09545	cds	1.27970236567386	-1.33633864715913	1.78131639282901	-0.750197243195422	0.453135918922101	NA
K8B78_09550	cds	1.10745647802654	-1.6628651035642	2.18132813081191	-0.762317727477925	0.445870396003987	NA
K8B78_09555	cds	0.0934020215157772	0.468845019313497	4.07760417783754	0.114980512787815	0.908460568131846	NA
K8B78_09560	cds	0.175036947747689	0.5253622583282	4.07550263851856	0.128907353258191	0.897430958160564	NA
K8B78_09565	cds	0	NA	NA	NA	NA	NA
K8B78_09570	cds	0.0934020215157772	0.468845019313497	4.07760417783754	0.114980512787815	0.908460568131846	NA
K8B78_09575	cds	0	NA	NA	NA	NA	NA
K8B78_09580	cds	0	NA	NA	NA	NA	NA
K8B78_09585	cds	0.175036947747689	0.5253622583282	4.07550263851856	0.128907353258191	0.897430958160564	NA
K8B78_09590	cds	0	NA	NA	NA	NA	NA
K8B78_09595	cds	0.212297444826645	-1.43479834864703	4.0804728567969	-0.351625509836946	0.725119131391508	NA
K8B78_09600	cds	0.164864677204183	0.5253622583282	4.07550263851856	0.128907353258191	0.897430958160564	NA
K8B78_09605	cds	1.18092125643545	-0.806952033648747	1.87916032665335	-0.429421599744963	0.667616437572296	NA
K8B78_09610	cds	0	NA	NA	NA	NA	NA
K8B78_09615	cds	0	NA	NA	NA	NA	NA
K8B78_09620	cds	0.164864677204183	0.5253622583282	4.07550263851856	0.128907353258191	0.897430958160564	NA
K8B78_09625	cds	0	NA	NA	NA	NA	NA
K8B78_09630	cds	0	NA	NA	NA	NA	NA
K8B78_09635	cds	0	NA	NA	NA	NA	NA
K8B78_09640	cds	0.164864677204183	0.5253622583282	4.07550263851856	0.128907353258191	0.897430958160564	NA
K8B78_09645	cds	0	NA	NA	NA	NA	NA
K8B78_09650	cds	0.355452983218003	-0.436407283028976	4.07550223065566	-0.107080614444607	0.914725026164689	NA
K8B78_09655	cds	0.868109884145579	1.68400622501465	2.52009870786588	0.668230264060068	0.503986619847687	NA
K8B78_09660	cds	0	NA	NA	NA	NA	NA
K8B78_09665	cds	0.365625253761509	-0.436407283028976	4.07550223065566	-0.107080614444607	0.914725026164689	NA
K8B78_09670	cds	0.178134363698329	-1.43479834864703	4.0804728567969	-0.351625509836946	0.725119131391508	NA
K8B78_09675	cds	0.164864677204183	0.5253622583282	4.07550263851856	0.128907353258191	0.897430958160564	NA
K8B78_09680	cds	0	NA	NA	NA	NA	NA
K8B78_09685	cds	11.0898405346391	1.25923975893083	0.662519607599339	1.90068300543394	0.0573435458558609	0.55883891961348
K8B78_09690	cds	0	NA	NA	NA	NA	NA
K8B78_09695	cds	2.54843243358227	0.622654991723633	1.13715915209818	0.54755307607978	0.583998816796316	0.958051113831754
K8B78_09700	cds	1.39331296091873	3.69730238445278	1.80449965910627	2.04893493096251	0.040468478074901	NA
K8B78_09705	cds	36.068348802689	-0.812833079291029	0.411477909907805	-1.97539906692233	0.0482228786144956	0.495274048407703
K8B78_09710	cds	0.283990327529597	-0.492929289408242	4.07760393732822	-0.120886995643629	0.903780542599325	NA
K8B78_09715	cds	0.587996053128327	2.45424420954581	3.35176434921603	0.732224570059602	0.464031510050314	NA
K8B78_09720	cds	0.164864677204183	0.5253622583282	4.07550263851856	0.128907353258191	0.897430958160564	NA
K8B78_09725	cds	0.164864677204183	0.5253622583282	4.07550263851856	0.128907353258191	0.897430958160564	NA
K8B78_09730	cds	0.355452983218003	-0.436407283028976	4.07550223065566	-0.107080614444607	0.914725026164689	NA
K8B78_09735	cds	10.8983089274176	-0.915071005411785	0.597845030215695	-1.53061572675721	0.125864392581876	0.71284826047996
K8B78_09740	cds	0.178134363698329	-1.43479834864703	4.0804728567969	-0.351625509836946	0.725119131391508	NA
K8B78_09745	cds	0.423131375924144	1.98435850727811	3.99639820757582	0.49653673237978	0.619515778057768	NA
K8B78_09750	cds	0	NA	NA	NA	NA	NA
K8B78_09755	cds	1.03913031576991	-1.56743366458964	2.10234906625549	-0.745562994151782	0.455931444369207	NA
K8B78_09760	cds	0	NA	NA	NA	NA	NA
K8B78_09765	cds	0.847726265577434	0.0234847872669557	2.51747413826871	0.00932871043636877	0.992556873926918	NA
K8B78_09770	cds	4.119006417981	-0.398749842425478	0.919198227402938	-0.433801796541849	0.664432376903583	0.973182335208062
K8B78_09775	cds	2.94108607535704	1.46388993971846	1.115222864793	1.31264340602466	0.189303136037069	0.811731847326952
K8B78_09780	cds	2.72491717810239	-1.72079256665415	1.13041707903553	-1.52226341813795	0.12794309032196	0.71284826047996
K8B78_09785	cds	1.18959093576868	0.171654992361388	1.84844886887863	0.0928643443978643	0.92601133235116	NA
K8B78_09790	cds	3.21491081481638	0.0221490367145334	0.963593857447702	0.0229858633316739	0.981661549398281	0.992180666634815
K8B78_09795	cds	0.526705667983427	2.30666066783363	3.2739277439042	0.704554543736787	0.481087495196907	NA
K8B78_09800	cds	3.20378622675758	-0.117348958914848	0.994191108622558	-0.11803460913811	0.906040235424029	0.992180666634815
K8B78_09805	cds	0.186804043031554	1.02655082383797	4.0594861604713	0.25287703498878	0.800363236252842	NA
K8B78_09810	cds	0.636892334479935	-3.03640148054773	3.49135631270599	-0.869691090965837	0.384469242237836	NA
K8B78_09815	cds	1.62494602699377	0.776993305024567	1.46832764798062	0.529168885495797	0.596688298799139	NA
K8B78_09820	cds	0	NA	NA	NA	NA	NA
K8B78_09825	cds	0.720161162933341	-0.292245966404631	2.81161867941814	-0.103942248123458	0.917215179515143	NA
K8B78_09830	cds	6.24691483787414	4.87916802819964	1.31961777175129	3.69741006270656	0.000217810349285013	0.0196683750897582
K8B78_09835	cds	0.186804043031554	1.02655082383797	4.0594861604713	0.25287703498878	0.800363236252842	NA
K8B78_09840	cds	0.548645033810798	2.38790119254632	3.47887994078308	0.686399425445196	0.4924612666961	NA
K8B78_09845	cds	1.98714614193459	0.81698802481747	1.30178532387725	0.627590440476118	0.530272272646244	0.932654261338203
K8B78_09850	cds	0.980121602396994	-1.78525236713772	2.17664702461975	-0.820184599039245	0.412110880260733	NA
K8B78_09855	cds	1.10772578252222	-0.132384608765053	1.79292094916915	-0.0738373930130057	0.941139772897836	NA
K8B78_09860	cds	2.25248183510885	-0.723041337573758	1.16969187352114	-0.618146841866292	0.536478547275132	0.932654261338203
K8B78_09865	cds	0.377392349045374	0.0647754228454347	4.05948601473725	0.0159565577046648	0.987269049207756	NA
K8B78_09870	cds	2.25978691671626	-0.144892154938756	1.14438607351574	-0.126611253222982	0.899248089841372	0.992180666634815
K8B78_09875	cds	1.08911405966004	-1.01845963818115	1.97053008575557	-0.516845515601779	0.6052640040584	NA
K8B78_09880	cds	0.186804043031554	1.02655082383797	4.0594861604713	0.25287703498878	0.800363236252842	NA
K8B78_09885	cds	1.1536559589344	-0.071715676951892	1.90373502364596	-0.0376710393311697	0.969949966866053	NA
K8B78_09890	cds	1.2725904597264	0.239854385097832	1.64107721029477	0.146156672942128	0.883797708169637	NA
K8B78_09895	cds	0.25826669871996	1.28771198908827	4.05009992252185	0.317945733123163	0.750526101124417	NA
K8B78_09900	cds	0.361840990779243	1.77576031710939	4.0100758567944	0.442824619913525	0.657892593997463	NA
K8B78_09905	cds	0.368722669712149	-2.27250872208723	4.04330547814864	-0.562042302855575	0.574087197387305	NA
K8B78_09910	cds	1.91281043717153	-1.18426741200593	1.29992916428248	-0.911024573142498	0.362282426321867	NA
K8B78_09915	cds	0.186804043031554	1.02655082383797	4.0594861604713	0.25287703498878	0.800363236252842	NA
K8B78_09920	cds	0.0934020215157772	0.468845019313497	4.07760417783754	0.114980512787815	0.908460568131846	NA
K8B78_09925	cds	0	NA	NA	NA	NA	NA
K8B78_09930	cds	0	NA	NA	NA	NA	NA
K8B78_09935	cds	0.329729354408367	1.60396708254584	4.02286249088009	0.398712878250765	0.690104777616397	NA
K8B78_09940	cds	0.178134363698329	-1.43479834864703	4.0804728567969	-0.351625509836946	0.725119131391508	NA
K8B78_09945	cds	0.695354608169876	1.24006479378663	2.85816368371036	0.433867661552827	0.664384544193324	NA
K8B78_09950	cds	1.60803007100182	1.62948354754915	1.64760775685465	0.988999681975218	0.32266329726655	NA
K8B78_09955	cds	0.283990327529597	-0.492929289408242	4.07760393732822	-0.120886995643629	0.903780542599325	NA
K8B78_09960	cds	2.74114589932507	-1.71118581159234	1.08849701160272	-1.57206293940372	0.115935955332136	0.71284826047996
K8B78_09965	cds	1.28677722026672	-0.503097172594047	1.76018232533934	-0.285821056916394	0.775015179530078	NA
K8B78_09970	cds	0.551742449761438	0.91403911656985	3.52176834743486	0.259539818181286	0.795218763768895	NA
K8B78_09975	cds	1.07182988316908	0.809220735446463	2.04278347015579	0.39613632441658	0.692004462535631	NA
K8B78_09980	cds	11.5993219946994	-0.20474070773877	0.562866209517148	-0.363746667106569	0.716047191690541	0.978062328950723
K8B78_09985	cds	0.175036947747689	0.5253622583282	4.07550263851856	0.128907353258191	0.897430958160564	NA
K8B78_09990	cds	1.96940858162543	-0.698757769395919	1.26108021571588	-0.554094625137905	0.579514088358941	NA
K8B78_09995	cds	1.31875086315313	0.401879298415486	1.75271913335634	0.22928904624092	0.818644266556662	NA
K8B78_10000	cds	1.07274695721525	0.840549605348889	2.02441064939729	0.415207065621364	0.67799032685393	NA
K8B78_10005	cds	11.7861189675201	0.22491298493565	0.592800608432395	0.379407479912024	0.704385296903947	0.978062328950723
K8B78_10010	cds	1.64688539282114	0.85362446682317	1.44136913106689	0.592231683351872	0.55369545588684	NA
K8B78_10015	cds	1.00183074120982	-1.82672835861	2.2847334651442	-0.799536745304644	0.423979248842763	NA
K8B78_10020	cds	0.350073895495378	1.68033616293156	4.01699728645456	0.418306521788726	0.67572302192477	NA
K8B78_10025	cds	0.164864677204183	0.5253622583282	4.07550263851856	0.128907353258191	0.897430958160564	NA
K8B78_10030	cds	3.44103265982289	1.37220987340254	0.997338907193212	1.37587119434087	0.168861514825689	0.790391096710639
K8B78_10035	cds	0.993715775562312	3.25804280575943	2.24831640311853	1.44910333849825	0.147308725846953	NA
K8B78_10040	cds	0.186804043031554	1.02655082383797	4.0594861604713	0.25287703498878	0.800363236252842	NA
K8B78_10045	cds	0.271536385214106	-0.492929289408243	4.07760393732822	-0.120886995643629	0.903780542599324	NA
K8B78_10050	cds	0.25826669871996	1.28771198908827	4.05009992252185	0.317945733123163	0.750526101124417	NA
K8B78_10055	cds	0.175036947747689	0.5253622583282	4.07550263851856	0.128907353258191	0.897430958160564	NA
K8B78_10060	cds	0.271536385214106	-0.492929289408243	4.07760393732822	-0.120886995643629	0.903780542599324	NA
K8B78_10065	cds	1.45401541503533	1.45776124696302	1.64283313760169	0.887345898738779	0.374892701334111	NA
K8B78_10070	cds	3.62769043536723	-0.620525128131167	0.997501513592235	-0.622079385019188	0.533889669621753	0.932654261338203
K8B78_10075	cds	23.583104162277	0.285698578608578	0.540505197009293	0.528576931710179	0.59709896631658	0.966568044851734
K8B78_10080	cds	7.03150408945648	1.18502511373019	0.709532619925424	1.67014888456396	0.0948899103165971	0.687310701752649
K8B78_10085	cds	0.492503509373977	0.507169682232726	3.77936667589027	0.134194357342492	0.89324888774418	NA
K8B78_10090	cds	0.730563660491392	-0.016636945328951	2.57434673218689	-0.00646258917687363	0.994843635765628	NA
K8B78_10095	cds	0.433303646467649	2.01319736376948	3.69730552356264	0.544503923448988	0.586094749251242	NA
K8B78_10100	cds	6.82551791737664	0.64288258161287	0.754184891034827	0.852420393533424	0.393980805209064	0.868679619490404
K8B78_10105	cds	0.212297444826645	-1.43479834864703	4.0804728567969	-0.351625509836946	0.725119131391508	NA
K8B78_10110	cds	0.280206064547331	1.45997391166747	4.03476458448163	0.361848598870617	0.717465172801042	NA
K8B78_10115	cds	0.178134363698329	-1.43479834864703	4.0804728567969	-0.351625509836946	0.725119131391508	NA
K8B78_10120	cds	1.38842754456777	1.36383986779746	1.79451102665143	0.760006401488871	0.447250758427748	NA
K8B78_10125	cds	0.19058830601382	-1.43479834864703	4.0804728567969	-0.351625509836946	0.725119131391508	NA
K8B78_10130	cds	21.6923498556088	-0.357006099450152	0.45000964173603	-0.793329889717268	0.427585646757994	0.868679619490404
K8B78_10135	cds	52.3878770486319	-0.351678154406137	0.397234192889384	-0.885316925635522	0.375985723762555	0.868679619490404
K8B78_10140	cds	2.29887449167667	1.52288640357971	1.25037611774196	1.21794265099198	0.223245766797705	0.831119051059263
K8B78_10145	cds	0.361840990779243	1.77576031710939	4.0100758567944	0.442824619913525	0.657892593997463	NA
K8B78_10150	cds	0	NA	NA	NA	NA	NA
K8B78_10155	cds	0	NA	NA	NA	NA	NA
K8B78_10160	cds	0.873488971868205	0.365932823055142	2.34631944217131	0.155960359223936	0.876064267554315	NA
K8B78_10165	cds	0.802026316179799	0.181160605373392	2.3234315935461	0.077971137982547	0.937851011631478	NA
K8B78_10170	cds	0.548645033810798	2.38790119254632	3.47887994078308	0.686399425445196	0.4924612666961	NA
K8B78_10175	cds	0	NA	NA	NA	NA	NA
K8B78_10180	cds	0.175036947747689	0.5253622583282	4.07550263851856	0.128907353258191	0.897430958160564	NA
K8B78_10185	cds	0.175036947747689	0.5253622583282	4.07550263851856	0.128907353258191	0.897430958160564	NA
K8B78_10190	cds	0	NA	NA	NA	NA	NA
K8B78_10195	cds	0	NA	NA	NA	NA	NA
K8B78_10200	cds	1.27568787567704	-0.543396312303289	1.68176785588487	-0.323110178614622	0.746611801950545	NA
K8B78_10205	cds	0	NA	NA	NA	NA	NA
K8B78_10210	cds	0.458340428245661	0.501169623511066	3.94470815740862	0.127048593587288	0.898901938015329	NA
K8B78_10215	cds	0	NA	NA	NA	NA	NA
K8B78_10220	cds	0	NA	NA	NA	NA	NA
K8B78_10225	cds	1.58312218637084	1.67028512362591	1.66365451333047	1.00398556926472	0.315385569334996	NA
K8B78_10230	cds	0.19058830601382	-1.43479834864703	4.0804728567969	-0.351625509836946	0.725119131391508	NA
K8B78_10235	cds	0	NA	NA	NA	NA	NA
K8B78_10240	cds	0.175036947747689	0.5253622583282	4.07550263851856	0.128907353258191	0.897430958160564	NA
K8B78_10245	cds	0	NA	NA	NA	NA	NA
K8B78_10250	cds	0.555296485729158	-1.34803233779467	3.27224248045649	-0.411959793886246	0.680368892970596	NA
K8B78_10255	cds	0.0934020215157772	0.468845019313497	4.07760417783754	0.114980512787815	0.908460568131846	NA
K8B78_10260	cds	0	NA	NA	NA	NA	NA
K8B78_10265	cds	0	NA	NA	NA	NA	NA
K8B78_10270	cds	2.34990037274799	0.928057048834992	1.18905474231444	0.780499850686916	0.435096715388866	0.868679619490404
K8B78_10275	cds	0	NA	NA	NA	NA	NA
K8B78_10280	cds	0	NA	NA	NA	NA	NA
K8B78_10285	cds	0	NA	NA	NA	NA	NA
K8B78_10290	cds	0	NA	NA	NA	NA	NA
K8B78_10295	cds	0	NA	NA	NA	NA	NA
K8B78_10300	cds	0	NA	NA	NA	NA	NA
K8B78_10305	cds	0	NA	NA	NA	NA	NA
K8B78_10310	cds	0	NA	NA	NA	NA	NA
K8B78_10315	cds	0	NA	NA	NA	NA	NA
K8B78_10320	cds	0	NA	NA	NA	NA	NA
K8B78_10325	cds	0.724175652930153	-1.8856258395777	2.78189022397302	-0.677821800201985	0.497884686957794	NA
K8B78_10330	cds	0	NA	NA	NA	NA	NA
K8B78_10335	cds	0	NA	NA	NA	NA	NA
K8B78_10340	cds	0	NA	NA	NA	NA	NA
K8B78_10345	cds	0	NA	NA	NA	NA	NA
K8B78_10350	cds	0	NA	NA	NA	NA	NA
K8B78_10355	cds	0	NA	NA	NA	NA	NA
K8B78_10360	cds	3.00146990294103	0.401368274007423	0.995688082372951	0.403106435753324	0.68686992632011	0.978062328950723
K8B78_10365	cds	0	NA	NA	NA	NA	NA
K8B78_10370	cds	0.283990327529597	-0.492929289408242	4.07760393732822	-0.120886995643629	0.903780542599325	NA
K8B78_10375	cds	0.175036947747689	0.5253622583282	4.07550263851856	0.128907353258191	0.897430958160564	NA
K8B78_10380	cds	0.718109718175901	0.0173234408116638	2.77216964757686	0.00624905507742146	0.995014007885211	NA
K8B78_10385	cds	0	NA	NA	NA	NA	NA
K8B78_10390	cds	0.212297444826645	-1.43479834864703	4.0804728567969	-0.351625509836946	0.725119131391508	NA
K8B78_10395	cds	0.19058830601382	-1.43479834864703	4.0804728567969	-0.351625509836946	0.725119131391508	NA
K8B78_10400	cds	0	NA	NA	NA	NA	NA
K8B78_10405	cds	0	NA	NA	NA	NA	NA
K8B78_10410	cds	1.59534590167179	1.56356603101307	1.69298169604227	0.923557552139083	0.355716722879204	NA
K8B78_10415	cds	0.0934020215157772	0.468845019313497	4.07760417783754	0.114980512787815	0.908460568131846	NA
K8B78_10420	cds	1.04164424068299	3.26693026218596	2.15159065080093	1.51837909361144	0.128918858945123	NA
K8B78_10425	cds	0.446573332961795	0.367381098526842	3.69740598548356	0.099361849894013	0.920850972197706	NA
K8B78_10430	cds	0.706342622892036	-0.114568920078664	3.05385855865417	-0.0375161186669871	0.970073488356132	NA
K8B78_10435	cds	0	NA	NA	NA	NA	NA
K8B78_10440	cds	0.758568961073015	-1.3723774750166	2.90430308516651	-0.472532457795438	0.636546779724995	NA
K8B78_10445	cds	0.19058830601382	-1.43479834864703	4.0804728567969	-0.351625509836946	0.725119131391508	NA
K8B78_10450	cds	0	NA	NA	NA	NA	NA
K8B78_10455	cds	0.0934020215157772	0.468845019313497	4.07760417783754	0.114980512787815	0.908460568131846	NA
K8B78_10460	cds	0.175036947747689	0.5253622583282	4.07550263851856	0.128907353258191	0.897430958160564	NA
K8B78_10465	cds	0	NA	NA	NA	NA	NA
K8B78_10470	cds	0.178134363698329	-1.43479834864703	4.0804728567969	-0.351625509836946	0.725119131391508	NA
K8B78_10475	cds	0	NA	NA	NA	NA	NA
K8B78_10480	cds	0.178134363698329	-1.43479834864703	4.0804728567969	-0.351625509836946	0.725119131391508	NA
K8B78_10485	cds	0.521133404600842	-1.23687571125749	3.67372400929644	-0.336681718095194	0.736356846426196	NA
K8B78_10490	cds	0.62698936843211	-0.515359922296586	2.84706902412008	-0.18101420019343	0.856356429994601	NA
K8B78_10495	cds	0	NA	NA	NA	NA	NA
K8B78_10500	cds	0	NA	NA	NA	NA	NA
K8B78_10505	cds	0.175036947747689	0.5253622583282	4.07550263851856	0.128907353258191	0.897430958160564	NA
K8B78_10510	cds	0.342999040902512	-0.436407283028976	4.07550223065566	-0.107080614444607	0.914725026164689	NA
K8B78_10515	cds	0.599631837400979	-1.44820114496088	3.38282073735354	-0.4281046077818	0.668574962230652	NA
K8B78_10520	cds	0	NA	NA	NA	NA	NA
K8B78_10525	cds	0	NA	NA	NA	NA	NA
K8B78_10530	cds	0.164864677204183	0.5253622583282	4.07550263851856	0.128907353258191	0.897430958160564	NA
K8B78_10535	cds	0	NA	NA	NA	NA	NA
K8B78_10540	cds	0	NA	NA	NA	NA	NA
K8B78_10545	cds	5.74180005808744	-0.354393787176547	0.724648001390667	-0.48905646120107	0.624801724501278	0.973182335208062
K8B78_10550	cds	0	NA	NA	NA	NA	NA
K8B78_10555	cds	0	NA	NA	NA	NA	NA
K8B78_10560	cds	0	NA	NA	NA	NA	NA
K8B78_10565	cds	0.0934020215157772	0.468845019313497	4.07760417783754	0.114980512787815	0.908460568131846	NA
K8B78_10570	cds	0	NA	NA	NA	NA	NA
K8B78_10575	cds	0.19058830601382	-1.43479834864703	4.0804728567969	-0.351625509836946	0.725119131391508	NA
K8B78_10580	cds	0	NA	NA	NA	NA	NA
K8B78_10585	cds	0	NA	NA	NA	NA	NA
K8B78_10590	cds	0	NA	NA	NA	NA	NA
K8B78_10595	cds	0	NA	NA	NA	NA	NA
K8B78_10600	cds	0	NA	NA	NA	NA	NA
K8B78_10605	cds	0	NA	NA	NA	NA	NA
K8B78_10610	cds	0	NA	NA	NA	NA	NA
K8B78_10615	cds	0	NA	NA	NA	NA	NA
K8B78_10620	cds	0	NA	NA	NA	NA	NA
K8B78_10625	cds	0.175036947747689	0.5253622583282	4.07550263851856	0.128907353258191	0.897430958160564	NA
K8B78_10630	cds	1.30141150448668	-1.35152531007321	1.68432113975002	-0.802415452835675	0.422312677233961	NA
K8B78_10635	cds	0.280206064547331	1.45997391166747	4.03476458448163	0.361848598870617	0.717465172801042	NA
K8B78_10640	cds	1.66654308687652	0.944485406804242	1.46680014212655	0.643908723266781	0.519634624783246	NA
K8B78_10645	cds	0.351668720235738	1.74114095567477	4.01253614563899	0.43392530122554	0.664342686037428	NA
K8B78_10650	cds	4.07482231602676	1.11589652365338	0.962143891512833	1.15980211847398	0.246129381383473	0.831119051059263
K8B78_10655	cds	0.19058830601382	-1.43479834864703	4.0804728567969	-0.351625509836946	0.725119131391508	NA
K8B78_10660	cds	0.361840990779243	1.77576031710939	4.0100758567944	0.442824619913525	0.657892593997463	NA
K8B78_10665	cds	2.02072370589879	1.39620729203716	1.39374832668387	1.00176428219228	0.316457451762133	0.868679619490404
K8B78_10670	cds	0.568566172223303	-2.89091262120843	3.42174319451814	-0.844865455081451	0.398185963871056	NA
K8B78_10675	cds	3.79024263732104	1.51331837620497	1.00940488648814	1.4992183973569	0.133816983837651	0.717259033369811
K8B78_10680	cds	0.516533397439921	2.28178869200432	3.60193011526067	0.633490550618078	0.526413349626302	NA
K8B78_10685	cds	0	NA	NA	NA	NA	NA
K8B78_10690	cds	0.556213559775329	-1.31955454345287	3.53694859826851	-0.373077104965239	0.709091058127903	NA
K8B78_10695	cds	3.27726327584884	0.778813365453474	1.02539713858746	0.759523638349851	0.447539379118838	0.876534784319393
K8B78_10700	cds	0.25826669871996	1.28771198908827	4.05009992252185	0.317945733123163	0.750526101124417	NA
K8B78_10705	cds	59.7382771654292	-0.51404823065753	0.438287460306408	-1.17285634934241	0.240853416649673	0.831119051059263
K8B78_10710	cds	0.19058830601382	-1.43479834864703	4.0804728567969	-0.351625509836946	0.725119131391508	NA
K8B78_10715	cds	0	NA	NA	NA	NA	NA
K8B78_10720	cds	0.19058830601382	-1.43479834864703	4.0804728567969	-0.351625509836946	0.725119131391508	NA
K8B78_10725	cds	1.01432376100644	-0.458165786762254	1.91946229204308	-0.238694861921243	0.811342201204877	NA
K8B78_10730	cds	11.6504380831742	-0.557711908357592	0.569212046574581	-0.979796389963645	0.327186634461404	0.868679619490404
K8B78_10735	cds	0	NA	NA	NA	NA	NA
K8B78_10740	cds	0	NA	NA	NA	NA	NA
K8B78_10745	cds	0	NA	NA	NA	NA	NA
K8B78_10750	cds	0	NA	NA	NA	NA	NA
K8B78_10755	cds	0.0934020215157772	0.468845019313497	4.07760417783754	0.114980512787815	0.908460568131846	NA
K8B78_10760	cds	0.496287772356242	-1.43766018285208	3.4788146565491	-0.413261505652678	0.679415029798837	NA
K8B78_10765	cds	2.85808413753513	0.192193933120193	1.04082797444546	0.184654849637944	0.853499761835562	0.992180666634815
K8B78_10770	cds	14.3570382559025	1.74914390930036	0.554793701102661	3.15278256732891	0.0016172221729777	0.0803785863564887
K8B78_10775	cds	0.45524301229502	2.11236965130923	3.90462450247576	0.540991752208147	0.588513267624989	NA
K8B78_10780	cds	3.9068942625492	-2.2073074083234	1.01902994665256	-2.16608689035513	0.0303045477910236	0.40727900337612
K8B78_10785	cds	2.34364126233378	0.0128123247999563	1.16409629112421	0.011006241406012	0.9912184672053	0.995620351283938
K8B78_10790	cds	0.89004924997295	1.76218062374544	2.44311442156173	0.721284524455056	0.470734476445915	NA
K8B78_10795	cds	3.78490262707955	2.46486817329706	1.1004137437823	2.23994673569317	0.0250943810252851	0.363529411609535
K8B78_10800	cds	3.70672989102292	1.11150377171311	0.969387951076442	1.14660365901893	0.25154546354245	0.831119051059263
K8B78_10805	cds	29.9572603682711	0.618063088883132	0.42149133952769	1.46637197712227	0.142546976331369	0.741797857413726
K8B78_10810	cds	23.5753345967905	-0.739598420556387	0.450493154731158	-1.64175284971368	0.100641234126986	0.691585916564932
K8B78_10815	cds	1.11284142588773	2.21326193317553	2.16522528316161	1.02218552054952	0.306693102517062	NA
K8B78_10820	cds	22.4672369848273	-0.488814596802385	0.470891229727556	-1.03806264789684	0.299240889652335	0.868679619490404
K8B78_10825	cds	31.6388347584934	-0.536325907032332	0.407189688158179	-1.31714019934608	0.187791634453895	0.811731847326952
K8B78_10830	cds	0.891604997232176	0.271204931712244	2.60067246984626	0.104282617229488	0.916945072136666	NA
K8B78_10835	cds	0.43640106241829	0.32683492245364	3.74517257659287	0.0872683209570479	0.930458234140721	NA
K8B78_10840	cds	0.271536385214106	-0.492929289408243	4.07760393732822	-0.120886995643629	0.903780542599324	NA
K8B78_10845	cds	0.19058830601382	-1.43479834864703	4.0804728567969	-0.351625509836946	0.725119131391508	NA
K8B78_10850	cds	0.0934020215157772	0.468845019313497	4.07760417783754	0.114980512787815	0.908460568131846	NA
K8B78_10855	cds	0.212297444826645	-1.43479834864703	4.0804728567969	-0.351625509836946	0.725119131391508	NA
K8B78_10860	cds	0.696131274867397	-2.01632729912713	2.84290594116252	-0.709248684570485	0.478170166575454	NA
K8B78_10865	cds	0.0934020215157772	0.468845019313497	4.07760417783754	0.114980512787815	0.908460568131846	NA
K8B78_10870	cds	0	NA	NA	NA	NA	NA
K8B78_10875	cds	0	NA	NA	NA	NA	NA
K8B78_10880	cds	0.43640106241829	0.32683492245364	3.74517257659287	0.0872683209570479	0.930458234140721	NA
K8B78_10885	cds	0.0934020215157772	0.468845019313497	4.07760417783754	0.114980512787815	0.908460568131846	NA
K8B78_10890	cds	0	NA	NA	NA	NA	NA
K8B78_10895	cds	0	NA	NA	NA	NA	NA
K8B78_10900	cds	0	NA	NA	NA	NA	NA
K8B78_10905	cds	0.186804043031554	1.02655082383797	4.0594861604713	0.25287703498878	0.800363236252842	NA
K8B78_10910	cds	0	NA	NA	NA	NA	NA
K8B78_10915	cds	0	NA	NA	NA	NA	NA
K8B78_10920	cds	0	NA	NA	NA	NA	NA
K8B78_10925	cds	0.164864677204183	0.5253622583282	4.07550263851856	0.128907353258191	0.897430958160564	NA
K8B78_10930	cds	0	NA	NA	NA	NA	NA
K8B78_10935	cds	0.462124691227926	-1.3321724752534	3.62046201373557	-0.367956484614204	0.712905681554435	NA
K8B78_10940	cds	0.0934020215157772	0.468845019313497	4.07760417783754	0.114980512787815	0.908460568131846	NA
K8B78_10945	cds	0.186804043031554	1.02655082383797	4.0594861604713	0.25287703498878	0.800363236252842	NA
K8B78_10950	cds	0	NA	NA	NA	NA	NA
K8B78_10980	cds	0.175036947747689	0.5253622583282	4.07550263851856	0.128907353258191	0.897430958160564	NA
K8B78_10985	cds	0.356268727396658	-2.22986277631651	4.04732815185054	-0.550946869800257	0.581670096394159	NA
K8B78_10990	cds	1.24705798045018	0.167663310820357	1.8125071877717	0.0925035287868196	0.92629798767765	NA
K8B78_10995	cds	0.65887077778844	-0.539807139160774	2.77211280407539	-0.194727695917418	0.845606128729428	NA
K8B78_11000	cds	1.27633564522754	-1.92993289376069	1.87578176028883	-1.02886856809159	0.303541440347185	NA
K8B78_11005	cds	0.164864677204183	0.5253622583282	4.07550263851856	0.128907353258191	0.897430958160564	NA
K8B78_11010	cds	3.57195862277474	0.0332545047331438	0.904888476589635	0.0367498377904802	0.970684470647628	0.992180666634815
K8B78_11015	cds	0.608340594215338	2.49372993152054	3.01915845449119	0.825968550213374	0.408821932391046	NA
K8B78_11020	cds	0.543759617459838	-1.28310180317494	3.3135737171937	-0.387225971921823	0.698588924254024	NA
K8B78_11025	cds	0	NA	NA	NA	NA	NA
K8B78_11030	cds	0.42459488965329	-2.45007647905505	4.02773861920571	-0.608300763950324	0.542988014448732	NA
K8B78_11035	cds	0.175036947747689	0.5253622583282	4.07550263851856	0.128907353258191	0.897430958160564	NA
K8B78_11040	cds	0	NA	NA	NA	NA	NA
K8B78_11045	cds	1.14192794113167	0.987089216376821	1.8897367845866	0.522342171898165	0.601432111551181	NA
K8B78_11050	cds	2.5046318568898	1.71997554745303	1.28470186521428	1.33881299157774	0.180631560351529	0.806820969570162
K8B78_11055	cds	2.55298169855843	1.16726882154031	1.22234326367544	0.954943554914744	0.339606242232758	0.868679619490404
K8B78_11060	cds	0	NA	NA	NA	NA	NA
K8B78_11065	cds	3.40905699080993	-0.301095889146134	0.954142783996386	-0.315566909058419	0.752331257868588	0.98594023036079
K8B78_11070	cds	3.40855745929971	-0.82555088554884	0.936900814710168	-0.881150782011248	0.378236214472265	0.868679619490404
K8B78_11075	cds	3.34517189556953	1.25351988132139	1.03817464117431	1.20742679661631	0.227267820948535	0.831119051059263
K8B78_11080	cds	0.717293973997247	1.34614300036094	2.59669791359341	0.518405700298845	0.604175238381673	NA
K8B78_11085	cds	0.387334392574334	-0.436407283028975	4.07550223065566	-0.107080614444607	0.914725026164689	NA
K8B78_11090	cds	2.21630638670423	-0.0074236975918697	1.20152000335938	-0.00617858843058247	0.995070231049321	0.995620351283938
K8B78_11095	cds	2.30124598311455	0.454884663647937	1.24236903856866	0.366142949096681	0.714258410571464	0.978062328950723
K8B78_11100	cds	26.9359026885433	-0.538070875732983	0.486900855061931	-1.1050933062431	0.269119160764926	0.848817619424441
K8B78_11105	cds	0	NA	NA	NA	NA	NA
K8B78_11110	cds	0.212297444826645	-1.43479834864703	4.0804728567969	-0.351625509836946	0.725119131391508	NA
K8B78_11115	cds	0.764039894588083	0.0528901365609037	2.67577623229808	0.0197662778832142	0.984229818975842	NA
K8B78_11120	cds	0.963106730401716	1.92439312988726	2.1836064584971	0.881291187978877	0.378160234374829	NA
K8B78_11125	cds	1.27405397345555	-1.89392606200636	1.81013938669808	-1.04628741627523	0.295428353490595	NA
K8B78_11130	cds	0	NA	NA	NA	NA	NA
K8B78_11135	cds	0.178134363698329	-1.43479834864703	4.0804728567969	-0.351625509836946	0.725119131391508	NA
K8B78_11140	cds	0	NA	NA	NA	NA	NA
K8B78_11145	cds	0	NA	NA	NA	NA	NA
K8B78_11150	cds	0.329729354408367	1.60396708254584	4.02286249088009	0.398712878250765	0.690104777616397	NA
K8B78_11155	cds	0	NA	NA	NA	NA	NA
K8B78_11160	cds	0.446573332961795	0.367381098526842	3.69740598548356	0.099361849894013	0.920850972197706	NA
K8B78_11165	cds	1.7666356377918	0.428333994885506	1.37309126246092	0.311948671290665	0.755079532431093	NA
K8B78_11170	cds	0.914040060557761	1.74332048468162	2.26162700440103	0.7708258175593	0.440810182142583	NA
K8B78_11175	cds	0	NA	NA	NA	NA	NA
K8B78_11180	cds	4.00197167763179	-0.217703540568589	0.880204839546299	-0.247332814803431	0.80465066497184	0.992180666634815
K8B78_11185	cds	4.21858958056788	-0.729562713916774	0.920265882351146	-0.792773836244854	0.427909602684397	0.868679619490404
K8B78_11190	cds	0.912482287171987	-2.29297915145383	2.41312358560906	-0.950212067516255	0.342004508125286	NA
K8B78_11195	cds	3.20783596022351	-0.30320110521252	0.949023221550488	-0.319487551334264	0.749356829764031	0.98594023036079
K8B78_11200	cds	0.613719681937964	1.01873146087656	3.05972242883611	0.332948979709926	0.739172796162452	NA
K8B78_11205	cds	1.01491169203474	1.95778336545843	2.47254178289544	0.791810022787881	0.428471457313119	NA
K8B78_11210	cds	1.06818361367128	0.932069525639348	2.15841921012543	0.431829702620736	0.665865189927425	NA
K8B78_11215	cds	5.00727046915545	-0.216291899853004	0.810424001813238	-0.26688733227184	0.789555910378643	0.992180666634815
K8B78_11220	cds	3.17308736193109	0.0914367142911477	0.967041032192628	0.0945530864226391	0.924669814422247	0.992180666634815
K8B78_11225	cds	1.88650129119778	-0.0521828941357036	1.35554773748383	-0.0384957996629213	0.969292380386793	NA
K8B78_11230	cds	0.356268727396658	-2.22986277631651	4.04732815185054	-0.550946869800257	0.581670096394159	NA
K8B78_11235	cds	2.49067329723748	0.24930229934873	1.14435617346791	0.217853763652301	0.82754305310319	0.992180666634815
K8B78_11240	cds	1.29143240960313	1.19293962568637	1.74165810298617	0.68494477971366	0.493378767220049	NA
K8B78_11245	cds	0.164864677204183	0.5253622583282	4.07550263851856	0.128907353258191	0.897430958160564	NA
K8B78_11250	cds	0.175036947747689	0.5253622583282	4.07550263851856	0.128907353258191	0.897430958160564	NA
K8B78_11255	cds	0.45524301229502	2.11236965130923	3.90462450247576	0.540991752208147	0.588513267624989	NA
K8B78_11260	cds	0.178134363698329	-1.43479834864703	4.0804728567969	-0.351625509836946	0.725119131391508	NA
K8B78_11265	cds	1.18959093576868	0.171654992361388	1.84844886887863	0.0928643443978643	0.92601133235116	NA
K8B78_11270	cds	3.67936792000105	-1.09336986587763	0.949303294384186	-1.15176031974787	0.249419577652954	0.831119051059263
K8B78_11275	cds	0.859532438342433	1.71257744011318	2.48854093009595	0.688185361711992	0.49133606089073	NA
K8B78_11280	cds	3.99148078055567	-0.387425162358987	0.870080974661744	-0.445274834919364	0.656121151571712	0.973182335208062
K8B78_11285	cds	2.34643857031035	2.35590818914718	1.36641167092285	1.72415695743878	0.0846795120661109	0.642612399149925
K8B78_11290	cds	0.721893981158167	-1.85955578133524	2.78854300510046	-0.666855694150661	0.504864313798291	NA
K8B78_11295	cds	6.8518095385082	0.284981970593477	0.670543306466302	0.42500158877926	0.670835516546484	0.977086513230749
K8B78_11300	cds	0	NA	NA	NA	NA	NA
K8B78_11305	cds	1.16846731411996	-0.787780084712353	1.90941842378925	-0.412575931444612	0.679917338284443	NA
K8B78_11310	cds	0.175036947747689	0.5253622583282	4.07550263851856	0.128907353258191	0.897430958160564	NA
K8B78_11315	cds	0.178134363698329	-1.43479834864703	4.0804728567969	-0.351625509836946	0.725119131391508	NA
K8B78_11320	cds	0	NA	NA	NA	NA	NA
K8B78_11325	cds	0.708624294664021	-0.210760913500852	2.66450991225323	-0.0790993167379975	0.936953626976181	NA
K8B78_11330	cds	0.773205271419522	2.83561715900333	2.60240387922495	1.08961456046086	0.27588296643904	NA
K8B78_11335	cds	0.0934020215157772	0.468845019313497	4.07760417783754	0.114980512787815	0.908460568131846	NA
K8B78_11340	cds	0.546857033410478	-2.84249032267851	3.50261322612768	-0.811534171536556	0.417058977361205	NA
K8B78_11345	cds	3.23144589188933	-0.442738732742545	1.00388703135528	-0.441024456850324	0.65919529153228	0.973182335208062
K8B78_11350	cds	2.90924839982854	-0.946971295229991	1.02736855642245	-0.921744479437423	0.356661873676544	0.868679619490404
K8B78_11355	cds	1.96019246260923	0.00360830984073426	1.38839884284681	0.00259890006342534	0.997926380098626	NA
K8B78_11360	cds	1.56251217480016	0.951254440166236	1.60566170790262	0.59243764454519	0.553557564511741	NA
K8B78_11365	cds	4.82565356643475	5.51968626822892	1.78558922554874	3.09124080121654	0.0019932191854458	0.0821819602614576
K8B78_11370	cds	1.39490778565909	3.72374397850633	1.83042330957127	2.03436219317952	0.04191509078914	NA
K8B78_11375	cds	0	NA	NA	NA	NA	NA
K8B78_11380	cds	0.0934020215157772	0.468845019313497	4.07760417783754	0.114980512787815	0.908460568131846	NA
K8B78_11385	cds	0.721893981158167	-1.85955578133524	2.78854300510046	-0.666855694150661	0.504864313798291	NA
K8B78_11390	cds	0.0934020215157772	0.468845019313497	4.07760417783754	0.114980512787815	0.908460568131846	NA
K8B78_11395	cds	3.00439934426351	-0.0627540514468797	0.993951526776223	-0.0631359274132974	0.949658265416283	0.992180666634815
K8B78_11400	cds	0.443475917011155	2.04456543407722	3.98471421140352	0.513102151272491	0.607879866775705	NA
K8B78_11405	cds	0.446573332961795	0.367381098526842	3.69740598548356	0.099361849894013	0.920850972197706	NA
K8B78_11410	cds	10.9513541920791	-0.190896606300358	0.590634951094666	-0.323205739766256	0.746539434292498	0.98594023036079
K8B78_11415	cds	11.2528494866556	0.433208353740766	0.556084976150189	0.779032652059573	0.435960480677087	0.868679619490404
K8B78_11420	cds	30.0497640096996	0.036784907005075	0.522662735151517	0.0703798157609442	0.943891356094913	0.992180666634815
K8B78_11425	cds	0	NA	NA	NA	NA	NA
K8B78_11430	cds	0.907882280011067	0.462898941808293	2.25274932048799	0.205481780683889	0.837195731304658	NA
K8B78_11435	cds	0	NA	NA	NA	NA	NA
K8B78_11440	cds	8.9906020193163	1.00962456769762	0.659978467924116	1.52978410170452	0.126070178105442	0.71284826047996
K8B78_11445	cds	0.49459403161255	2.19695410742153	3.98429427654869	0.551403574869623	0.581357050627701	NA
K8B78_11450	cds	0.470564143546606	0.327379307427993	3.59206114012763	0.0911396812740111	0.9273816027341	NA
K8B78_11455	cds	0	NA	NA	NA	NA	NA
K8B78_11460	cds	0.178134363698329	-1.43479834864703	4.0804728567969	-0.351625509836946	0.725119131391508	NA
K8B78_11465	cds	0.356268727396658	-2.22986277631651	4.04732815185054	-0.550946869800257	0.581670096394159	NA
K8B78_11470	cds	2.71605069917269	-0.917455357543918	2.0156503769121	-0.455165919671756	0.648989876684289	0.973182335208062
K8B78_11475	cds	0.433303646467649	2.01319736376948	3.69730552356264	0.544503923448988	0.586094749251242	NA
K8B78_11480	cds	0.175036947747689	0.5253622583282	4.07550263851856	0.128907353258191	0.897430958160564	NA
K8B78_11485	cds	5.05406915805759	-0.186479788785848	0.776820938902105	-0.240055049300555	0.810287580839251	0.992180666634815
K8B78_11535	cds	0	NA	NA	NA	NA	NA
K8B78_11540	cds	3.48325086807651	0.965101687707759	0.959405735815388	1.005936958348	0.314445896443982	0.868679619490404
K8B78_11545	cds	0.38117661202764	-2.31423930346047	4.03947876423236	-0.572905426302013	0.566708730312384	NA
K8B78_11550	cds	1.74083385401989	-0.425841045856194	1.40551078634706	-0.302979564435048	0.761905435304166	NA
K8B78_11555	cds	0.0934020215157772	0.468845019313497	4.07760417783754	0.114980512787815	0.908460568131846	NA
K8B78_11560	cds	0.390431808524974	-2.34307254109578	4.03689655268722	-0.580414313449791	0.561635255000706	NA
K8B78_11565	cds	2.27132378498558	-0.164750944190531	1.14934716202511	-0.143343064335971	0.88601924655689	0.992180666634815
K8B78_11570	cds	0.696131274867397	-2.01632729912713	2.84290594116252	-0.709248684570485	0.478170166575454	NA
K8B78_11575	cds	10.5424611888312	-0.824491229683465	0.622929515139494	-1.32357066031593	0.185645674627698	0.808992533336962
K8B78_11580	cds	1.11766782605118	-0.300328401468032	1.98682081421236	-0.151160285477023	0.879849277843892	NA
K8B78_11585	cds	0.0934020215157772	0.468845019313497	4.07760417783754	0.114980512787815	0.908460568131846	NA
K8B78_11590	cds	0.368722669712149	-2.27250872208723	4.04330547814864	-0.562042302855575	0.574087197387305	NA
K8B78_11595	cds	0	NA	NA	NA	NA	NA
K8B78_11600	cds	0	NA	NA	NA	NA	NA
K8B78_11605	cds	0.19058830601382	-1.43479834864703	4.0804728567969	-0.351625509836946	0.725119131391508	NA
K8B78_11610	cds	0.164864677204183	0.5253622583282	4.07550263851856	0.128907353258191	0.897430958160564	NA
K8B78_11615	cds	0	NA	NA	NA	NA	NA
K8B78_11620	cds	1.51572717672819	0.749438576095897	1.62644998736844	0.460781814329547	0.644955150309499	NA
K8B78_11625	cds	28.5974898245141	-0.861489431287881	0.503045705657744	-1.71254703419337	0.0867959046081536	0.646147289860699
K8B78_11630	cds	3.04297128301933	-0.470301697630241	0.969339924543299	-0.485177269317389	0.627550604631754	0.973182335208062
K8B78_11635	cds	7.71479265682429	-0.416799451440984	0.668657864488192	-0.623337395066777	0.533062828831524	0.932654261338203
K8B78_11640	cds	0	NA	NA	NA	NA	NA
K8B78_11645	cds	0.798202975716399	-0.0500754374739368	2.79206727004366	-0.017934896487345	0.985690790115225	NA
K8B78_11650	cds	4.24684121285841	-0.187631294926851	0.84932255591706	-0.220918770636269	0.825155681637254	0.992180666634815
K8B78_11655	cds	0.823735454992624	0.130436178637549	2.29063934821478	0.0569431319422695	0.954590495710971	NA
K8B78_11660	cds	0	NA	NA	NA	NA	NA
K8B78_11665	cds	0	NA	NA	NA	NA	NA
K8B78_11670	cds	0	NA	NA	NA	NA	NA
K8B78_11675	cds	0.268438969263466	1.32965265472497	4.04656032645725	0.328588368257216	0.742466841096623	NA
K8B78_11680	cds	0	NA	NA	NA	NA	NA
K8B78_11685	cds	0	NA	NA	NA	NA	NA
K8B78_11690	cds	0	NA	NA	NA	NA	NA
K8B78_11695	cds	0.175036947747689	0.5253622583282	4.07550263851856	0.128907353258191	0.897430958160564	NA
K8B78_11700	cds	1.54256907155474	-2.30569996509176	1.68813385982263	-1.36582768699042	0.171993054020428	NA
K8B78_11705	cds	0	NA	NA	NA	NA	NA
K8B78_11710	cds	0.175036947747689	0.5253622583282	4.07550263851856	0.128907353258191	0.897430958160564	NA
K8B78_11715	cds	0.212297444826645	-1.43479834864703	4.0804728567969	-0.351625509836946	0.725119131391508	NA
K8B78_11720	cds	0	NA	NA	NA	NA	NA
K8B78_11725	cds	0.271536385214106	-0.492929289408243	4.07760393732822	-0.120886995643629	0.903780542599324	NA
K8B78_11730	cds	0	NA	NA	NA	NA	NA
K8B78_11735	cds	0	NA	NA	NA	NA	NA
K8B78_11740	cds	0	NA	NA	NA	NA	NA
K8B78_11745	cds	0	NA	NA	NA	NA	NA
K8B78_11750	cds	0.448855004733781	0.327032430077128	3.68725112295029	0.0886927467569549	0.929326097068051	NA
K8B78_11755	cds	2.08100478346744	0.791128490502292	1.21214111787873	0.65267028634981	0.51396886233194	0.927566701043502
K8B78_11760	cds	0.175036947747689	0.5253622583282	4.07550263851856	0.128907353258191	0.897430958160564	NA
K8B78_11765	cds	0	NA	NA	NA	NA	NA
K8B78_11770	cds	0.642047055326575	2.620032583372	3.15567980593752	0.830259324295931	0.406392180340689	NA
K8B78_11775	cds	0	NA	NA	NA	NA	NA
K8B78_11780	cds	0	NA	NA	NA	NA	NA
K8B78_11785	cds	0.788069782654027	1.57520993229321	2.60681886009093	0.604265204770792	0.545667335877007	NA
K8B78_11790	cds	15.5908747379146	0.605783401091163	0.59109462671434	1.02485012333553	0.305433911715554	0.868679619490404
K8B78_11795	cds	1.50914801963354	0.733045156388397	1.52773390327447	0.479825154640624	0.631351724674486	NA
K8B78_11800	cds	0.350073895495378	1.68033616293156	4.01699728645456	0.418306521788726	0.67572302192477	NA
K8B78_11805	cds	0.0934020215157772	0.468845019313497	4.07760417783754	0.114980512787815	0.908460568131846	NA
K8B78_11810	cds	0.0934020215157772	0.468845019313497	4.07760417783754	0.114980512787815	0.908460568131846	NA
K8B78_11815	cds	0.555296485729158	-1.34803233779467	3.27224248045649	-0.411959793886246	0.680368892970596	NA
K8B78_11820	cds	0.798202975716399	-0.0500754374739368	2.79206727004366	-0.017934896487345	0.985690790115225	NA
K8B78_11825	cds	1.24070905037007	0.260385148915776	1.8089436787308	0.143943203968887	0.885545319080151	NA
K8B78_11830	cds	3.19502875388501	1.64678980145231	1.08481301351761	1.51804023452155	0.129004256094321	0.71284826047996
K8B78_11835	cds	2.72162154240745	0.861325393484087	1.10347543805275	0.780556923862329	0.43506313539096	0.868679619490404
K8B78_11840	cds	0.893695519470749	1.71243611786853	2.43447101619325	0.703411996478087	0.481799032527655	NA
K8B78_11845	cds	0	NA	NA	NA	NA	NA
K8B78_11850	cds	0.283990327529597	-0.492929289408242	4.07760393732822	-0.120886995643629	0.903780542599325	NA
K8B78_11855	cds	3.94783188817784	-0.193226021038789	0.954418910947206	-0.202454099371337	0.839561738730711	0.992180666634815
K8B78_11860	cds	9.41307253895339	-0.512400156656658	0.610542465447076	-0.839253918695808	0.40132683614334	0.868679619490404
K8B78_11865	cds	4.08530237073394	0.345477761395237	0.892937611742772	0.386900223321266	0.698830075820598	0.978062328950723
K8B78_11870	cds	0.178134363698329	-1.43479834864703	4.0804728567969	-0.351625509836946	0.725119131391508	NA
K8B78_11875	cds	1.59717095342669	1.68449298206908	1.55950398366571	1.08014663618208	0.280076887230066	NA
K8B78_11880	cds	1.73618069081002	0.870258550951487	1.48473390666133	0.586137722757615	0.557782968182042	NA
K8B78_11885	cds	2.92558086478293	0.602004927913946	1.08758855004749	0.553522679038555	0.579905555421844	0.958051113831754
K8B78_11890	cds	0.445070741751515	2.08381898575672	3.95768074674846	0.52652528566604	0.598523288235307	NA
K8B78_11895	cds	0.178134363698329	-1.43479834864703	4.0804728567969	-0.351625509836946	0.725119131391508	NA
K8B78_11900	cds	4.01009452954441	0.959630004029598	0.914306943424083	1.04957094653113	0.293915420646395	0.868679619490404
K8B78_11905	cds	2.29421930234026	0.466232616774113	1.15814743448557	0.402567585862855	0.687266359239287	0.978062328950723
K8B78_11910	cds	2.45110114724284	0.0740353535239652	1.16270432660478	0.0636751337635048	0.94922890493824	0.992180666634815
K8B78_11915	cds	0.520317660422187	0.636732303821554	3.67983331960656	0.173032919841498	0.862625551597678	NA
K8B78_11920	cds	0.448855004733781	0.327032430077128	3.68725112295029	0.0886927467569549	0.929326097068051	NA
K8B78_11925	cds	3.79048756311962	-1.28028549276992	0.923023814189605	-1.38705575423748	0.165424762398996	0.784669669432408
K8B78_11930	cds	1.07046528544326	0.878418252688469	1.94487397204516	0.451658187273057	0.651515244655817	NA
K8B78_11935	cds	0.881379570639725	0.468608355311027	2.65786716994872	0.176309922711476	0.860050466950246	NA
K8B78_11940	cds	0.365625253761509	-0.436407283028976	4.07550223065566	-0.107080614444607	0.914725026164689	NA
K8B78_11945	cds	3.42956808637728	0.612853239869245	1.04581860989301	0.586003379622341	0.557873243721177	0.94687619277787
K8B78_11950	cds	0.19058830601382	-1.43479834864703	4.0804728567969	-0.351625509836946	0.725119131391508	NA
K8B78_11955	cds	2.0972429887652	0.203222166361564	1.19496101193431	0.170065938831429	0.864958280135966	0.992180666634815
K8B78_11960	cds	2.13362548927912	0.275557467389685	1.19961481942333	0.22970495439707	0.818321044793354	0.992180666634815
K8B78_11965	cds	4.16009266938754	0.168312562369877	0.864735460059982	0.194640523193304	0.845674376801178	0.992180666634815
K8B78_11970	cds	1.96458218146197	0.695358888466441	1.33592706152795	0.520506626814741	0.60271051031442	NA
K8B78_11975	cds	4.02795512686204	0.200447600352609	0.922013507516367	0.217402021465559	0.827895055971169	0.992180666634815
K8B78_11980	cds	0.377392349045374	0.0647754228454347	4.05948601473725	0.0159565577046648	0.987269049207756	NA
K8B78_11985	cds	0	NA	NA	NA	NA	NA
K8B78_11990	cds	1.39458329898791	-1.22456585880819	1.62332555091742	-0.754356301554007	0.450635303536282	NA
K8B78_11995	cds	0.0934020215157772	0.468845019313497	4.07760417783754	0.114980512787815	0.908460568131846	NA
K8B78_12000	cds	0	NA	NA	NA	NA	NA
K8B78_12005	cds	0	NA	NA	NA	NA	NA
K8B78_12010	cds	0.0934020215157772	0.468845019313497	4.07760417783754	0.114980512787815	0.908460568131846	NA
K8B78_12015	cds	0.178134363698329	-1.43479834864703	4.0804728567969	-0.351625509836946	0.725119131391508	NA
K8B78_12020	cds	0.462124691227926	-1.3321724752534	3.62046201373557	-0.367956484614204	0.712905681554435	NA
K8B78_12025	cds	1.3280451371316	1.41638960689896	1.77937183802378	0.79600540855589	0.426028891766603	NA
K8B78_12030	cds	0	NA	NA	NA	NA	NA
K8B78_12035	cds	1.17768584700035	0.986246271303696	1.92113107602743	0.513367507095396	0.607694270212396	NA
K8B78_12040	cds	0.175036947747689	0.5253622583282	4.07550263851856	0.128907353258191	0.897430958160564	NA
K8B78_12045	cds	0.178134363698329	-1.43479834864703	4.0804728567969	-0.351625509836946	0.725119131391508	NA
K8B78_12050	cds	0.546041289231823	-1.31923598093358	3.57334297253782	-0.369188177869376	0.711987467128355	NA
K8B78_12055	cds	0	NA	NA	NA	NA	NA
K8B78_12060	cds	0.776302687370162	1.50206881218302	2.49746702810693	0.601436893972362	0.547549031662343	NA
K8B78_12065	cds	0.0934020215157772	0.468845019313497	4.07760417783754	0.114980512787815	0.908460568131846	NA
K8B78_12070	cds	0.19058830601382	-1.43479834864703	4.0804728567969	-0.351625509836946	0.725119131391508	NA
K8B78_12075	cds	1.05650875191749	2.0977520980651	2.07217703543878	1.01234212240987	0.311374501239257	NA
K8B78_12080	cds	0.0934020215157772	0.468845019313497	4.07760417783754	0.114980512787815	0.908460568131846	NA
K8B78_12085	cds	0.470794370561152	0.503341013225485	3.88245512138655	0.129645030654141	0.896847274561067	NA
K8B78_12090	cds	1.83802013851793	-0.894530754181887	1.32243711814518	-0.676425927484958	0.498770260355439	NA
K8B78_12095	cds	0.433303646467649	2.01319736376948	3.69730552356264	0.544503923448988	0.586094749251242	NA
K8B78_12100	cds	0.824652529038795	0.181792816622814	2.56181292562586	0.0709625651445263	0.943427549035816	NA
K8B78_12105	cds	0.19058830601382	-1.43479834864703	4.0804728567969	-0.351625509836946	0.725119131391508	NA
K8B78_12110	cds	2.02127014558177	0.171120843700297	1.30742380345256	0.130883989757883	0.895867080045948	0.992180666634815
K8B78_12115	cds	0.186804043031554	1.02655082383797	4.0594861604713	0.25287703498878	0.800363236252842	NA
K8B78_12120	cds	0.548645033810798	2.38790119254632	3.47887994078308	0.686399425445196	0.4924612666961	NA
K8B78_12125	cds	0	NA	NA	NA	NA	NA
K8B78_12130	cds	0.212297444826645	-1.43479834864703	4.0804728567969	-0.351625509836946	0.725119131391508	NA
K8B78_12135	cds	0	NA	NA	NA	NA	NA
K8B78_12140	cds	1.10390244205882	-0.39375967002335	3.89035794691638	-0.101214252106405	0.919380383273615	NA
K8B78_12145	cds	0.618512864758844	2.51788507933734	3.25284048560352	0.774057347872126	0.438896878739409	NA
K8B78_12150	cds	0.0934020215157772	0.468845019313497	4.07760417783754	0.114980512787815	0.908460568131846	NA
K8B78_12155	cds	0	NA	NA	NA	NA	NA
K8B78_12160	cds	0	NA	NA	NA	NA	NA
K8B78_12165	cds	0.164864677204183	0.5253622583282	4.07550263851856	0.128907353258191	0.897430958160564	NA
K8B78_12170	cds	0	NA	NA	NA	NA	NA
K8B78_12175	cds	0.0934020215157772	0.468845019313497	4.07760417783754	0.114980512787815	0.908460568131846	NA
K8B78_12180	cds	0.0934020215157772	0.468845019313497	4.07760417783754	0.114980512787815	0.908460568131846	NA
K8B78_12185	cds	0.631874784783069	2.6002290515315	3.18615338327133	0.81610291117302	0.414441279059952	NA
K8B78_12190	cds	0.763033000876016	2.82018777939675	2.64180096185344	1.06752470005089	0.285734966062691	NA
K8B78_12195	cds	1.79414726700175	1.91588732450166	1.50529165132978	1.27276818602505	0.203100313534895	NA
K8B78_12200	cds	1.54099035150874	-0.11425995889157	1.50551050061533	-0.0758944948207732	0.939503036725572	NA
K8B78_12205	cds	0.350073895495378	1.68033616293156	4.01699728645456	0.418306521788726	0.67572302192477	NA
K8B78_12210	cds	2.75086598984223	1.40358396187675	1.10841185344433	1.26630183312745	0.20540504091937	0.831119051059263
K8B78_12215	cds	68.8695348003234	0.0484610091460539	0.37410359792879	0.129539008484164	0.896931160652491	0.992180666634815
K8B78_12220	cds	1.8955653381617	0.506910515369615	1.31952843385713	0.38416035786956	0.700859598013824	NA
K8B78_12225	cds	0.377162122030828	-0.436407283028976	4.07550223065566	-0.107080614444607	0.914725026164689	NA
K8B78_12230	cds	0.305699466342422	-0.492929289408243	4.07760393732822	-0.120886995643629	0.903780542599325	NA
K8B78_12235	cds	1.00186981869095	-0.433702574063888	2.01301429365241	-0.215449326629956	0.829417015769291	NA
K8B78_12240	cds	8.61592418117602	0.327005578157033	0.666719635435138	0.49046939789558	0.623801779478709	0.973182335208062
K8B78_12245	cds	0.69307293639789	1.26438157280824	2.86425610530884	0.441434538784689	0.658898442444863	NA
K8B78_12250	cds	0.645601091294295	1.04255217807369	2.78194291225479	0.374756855534712	0.707841303912868	NA
K8B78_12255	cds	0	NA	NA	NA	NA	NA
K8B78_12260	cds	1.78993960134498	0.471937166651253	1.35880154314705	0.347318686110867	0.728351914058555	NA
K8B78_12265	cds	7.47077902328412	0.451708176883845	0.670540273847113	0.673648093189458	0.500535069556905	0.923480127555311
K8B78_12270	cds	0.342999040902512	-0.436407283028976	4.07550223065566	-0.107080614444607	0.914725026164689	NA
K8B78_12275	cds	0.164864677204183	0.5253622583282	4.07550263851856	0.128907353258191	0.897430958160564	NA
K8B78_12280	cds	2.53132330193037	-0.213848047057066	1.06652878697245	-0.200508462283625	0.841082940435453	0.992180666634815
K8B78_12285	cds	0.364938406729883	0.0647754228454347	4.05948601473725	0.0159565577046648	0.987269049207756	NA
K8B78_12290	cds	0	NA	NA	NA	NA	NA
K8B78_12295	cds	1.94883967366243	2.05798684531308	1.43585596490113	1.4332822341653	0.151777196983007	NA
K8B78_12300	cds	1.09217442425609	0.837306011555042	1.92202973084048	0.435636347409099	0.663100594909775	NA
K8B78_12305	cds	0.6557733618378	1.07161521323939	2.94886237755094	0.36339953379899	0.716306449979951	NA
K8B78_12310	cds	0.750770208093937	1.42403908480384	2.70145650248095	0.527137521368948	0.598098092202585	NA
K8B78_12315	cds	1.15515855014468	-1.06247345428973	1.829246855996	-0.580825628212562	0.561357980599212	NA
K8B78_12320	cds	0.0934020215157772	0.468845019313497	4.07760417783754	0.114980512787815	0.908460568131846	NA
K8B78_12325	cds	0	NA	NA	NA	NA	NA
K8B78_12330	cds	2.53519979844272	-0.168719882796949	1.11244798283975	-0.151665413034646	0.879450837933157	0.992180666634815
K8B78_12335	cds	0.82396568200717	0.330152778743895	2.39121840141854	0.138068851656561	0.890186002747162	NA
K8B78_12340	cds	0.355452983218003	-0.436407283028976	4.07550223065566	-0.107080614444607	0.914725026164689	NA
K8B78_12345	cds	2.73472084040924	-1.00635538502371	1.09218999889125	-0.921410547656839	0.356836123983684	0.868679619490404
K8B78_12350	cds	0.645144471277215	1.23562574724754	3.20181740825869	0.385913870060296	0.699560458034119	NA
K8B78_12355	cds	0.458340428245661	0.501169623511066	3.94470815740862	0.127048593587288	0.898901938015329	NA
K8B78_12360	cds	0.857937613602074	1.66590785462605	2.51567450691231	0.662211208186367	0.507835872092615	NA
K8B78_12365	cds	0	NA	NA	NA	NA	NA
K8B78_12370	cds	1.099056103189	-1.29939387250288	1.94053985937733	-0.669604319758642	0.503110059597361	NA
K8B78_12375	cds	0.917137476508401	0.445166055467386	2.13199228451639	0.208802845441988	0.834602149956813	NA
K8B78_12380	cds	0.280206064547331	1.45997391166747	4.03476458448163	0.361848598870617	0.717465172801042	NA
K8B78_12385	cds	0	NA	NA	NA	NA	NA
K8B78_12390	cds	2.02881549664105	-0.214215761977176	1.32173296363376	-0.162071891880675	0.871249240557536	0.992180666634815
K8B78_12395	cds	2.29120584591695	-2.91515248679475	1.44991214431436	-2.01057181169641	0.0443707039609701	0.4756539464616
K8B78_12400	cds	3.3370349650891	0.213579867613667	0.94103608799168	0.226962462268031	0.820452931258832	0.992180666634815
K8B78_12405	cds	0.0934020215157772	0.468845019313497	4.07760417783754	0.114980512787815	0.908460568131846	NA
K8B78_12410	cds	0.271536385214106	-0.492929289408243	4.07760393732822	-0.120886995643629	0.903780542599324	NA
K8B78_12415	cds	0	NA	NA	NA	NA	NA
K8B78_12420	cds	0.496287772356242	-1.43766018285208	3.4788146565491	-0.413261505652678	0.679415029798837	NA
K8B78_12425	cds	0.19058830601382	-1.43479834864703	4.0804728567969	-0.351625509836946	0.725119131391508	NA
K8B78_12430	cds	0.268438969263466	1.32965265472497	4.04656032645725	0.328588368257216	0.742466841096623	NA
K8B78_12435	cds	1.81836244446255	-1.08492418997314	1.45180660610854	-0.74729250122453	0.454887017964434	NA
K8B78_12440	cds	0	NA	NA	NA	NA	NA
K8B78_12445	cds	0.930407163002547	-0.617803879505979	2.20110741868127	-0.280678659415958	0.778956878351492	NA
K8B78_12450	cds	2.50339413018447	-0.492445644463395	1.11904078020173	-0.440060499291745	0.659893290096613	0.973182335208062
K8B78_12455	cds	0.19058830601382	-1.43479834864703	4.0804728567969	-0.351625509836946	0.725119131391508	NA
K8B78_12460	cds	0.764726741619708	-0.102767271209704	2.50922902099719	-0.0409557160186452	0.967331199715235	NA
K8B78_12465	cds	0.361840990779243	1.77576031710939	4.0100758567944	0.442824619913525	0.657892593997463	NA
K8B78_12470	cds	1.72555180024944	1.02611193024678	1.42236266621334	0.72141371158069	0.470655012905004	NA
K8B78_12475	cds	0.820181419024904	1.67553798623632	2.56747121596982	0.652602442362111	0.514012610612297	NA
K8B78_12480	cds	0.822232863782343	1.57637921020946	2.54436890135225	0.619556075131899	0.535550093045458	NA
K8B78_12485	cds	0.178134363698329	-1.43479834864703	4.0804728567969	-0.351625509836946	0.725119131391508	NA
K8B78_12490	cds	0.178134363698329	-1.43479834864703	4.0804728567969	-0.351625509836946	0.725119131391508	NA
K8B78_12495	cds	1.89566425416503	-0.762332507170375	1.31876347264456	-0.578066137699163	0.563219467797216	NA
K8B78_12500	cds	0.377162122030828	-0.436407283028976	4.07550223065566	-0.107080614444607	0.914725026164689	NA
K8B78_12505	cds	0.373608086063109	1.8606872955514	4.00427593352854	0.464675093934342	0.642164146754237	NA
K8B78_12510	cds	0	NA	NA	NA	NA	NA
K8B78_12515	cds	0.186804043031554	1.02655082383797	4.0594861604713	0.25287703498878	0.800363236252842	NA
K8B78_12520	cds	0.726779397509127	1.44226511892766	2.75277903158121	0.523930581561869	0.600326823433629	NA
K8B78_12525	cds	0	NA	NA	NA	NA	NA
K8B78_12530	cds	0.0934020215157772	0.468845019313497	4.07760417783754	0.114980512787815	0.908460568131846	NA
K8B78_12535	cds	0.19058830601382	-1.43479834864703	4.0804728567969	-0.351625509836946	0.725119131391508	NA
K8B78_12540	cds	0.19058830601382	-1.43479834864703	4.0804728567969	-0.351625509836946	0.725119131391508	NA
K8B78_12545	cds	0	NA	NA	NA	NA	NA
K8B78_12550	cds	0	NA	NA	NA	NA	NA
K8B78_12555	cds	0.0934020215157772	0.468845019313497	4.07760417783754	0.114980512787815	0.908460568131846	NA
K8B78_12560	cds	0	NA	NA	NA	NA	NA
K8B78_12565	cds	0.280206064547331	1.45997391166747	4.03476458448163	0.361848598870617	0.717465172801042	NA
K8B78_12570	cds	12.3417710073712	-0.574861026692888	0.625320485919014	-0.919306243178701	0.357935413228049	0.868679619490404
K8B78_12575	cds	8.62591823253557	0.508542070887565	0.658821752287967	0.771896296868602	0.44017585078274	0.869734385293813
K8B78_12580	cds	2.49643671015348	0.677059691175436	1.19330200977549	0.567383349419499	0.570453759889376	0.958051113831754
K8B78_12585	cds	5.4365572117621	-0.411942713970585	0.739855072780181	-0.556788388870015	0.577672017920941	0.958051113831754
K8B78_12590	cds	0.212297444826645	-1.43479834864703	4.0804728567969	-0.351625509836946	0.725119131391508	NA
K8B78_12595	cds	0.25826669871996	1.28771198908827	4.05009992252185	0.317945733123163	0.750526101124417	NA
K8B78_12600	cds	0.178134363698329	-1.43479834864703	4.0804728567969	-0.351625509836946	0.725119131391508	NA
K8B78_12605	cds	0	NA	NA	NA	NA	NA
K8B78_12610	cds	0	NA	NA	NA	NA	NA
K8B78_12615	cds	0	NA	NA	NA	NA	NA
K8B78_12620	cds	0.175036947747689	0.5253622583282	4.07550263851856	0.128907353258191	0.897430958160564	NA
K8B78_12625	cds	0.42459488965329	-2.45007647905505	4.02773861920571	-0.608300763950324	0.542988014448732	NA
K8B78_12630	cds	0.0934020215157772	0.468845019313497	4.07760417783754	0.114980512787815	0.908460568131846	NA
K8B78_12635	cds	1.06179560611004	-0.203709063105093	2.04511581833923	-0.0996075925277023	0.920655865842001	NA
K8B78_12640	cds	2.16723971686027	-0.174907896343486	1.20216081027378	-0.145494591778992	0.884320385452323	0.992180666634815
K8B78_12645	cds	2.91491048287702	-0.822093912171745	1.01035905535421	-0.813665110254828	0.415836826765374	0.868679619490404
K8B78_12650	cds	1.17074898589195	-0.830811675811268	1.81084496380281	-0.458797794630938	0.646379378609837	NA
K8B78_12655	cds	1.21667916230413	-0.693560857705795	1.74231178866367	-0.398069313551363	0.690579093473583	NA
K8B78_12660	cds	1.71834804850954	0.921788787204641	1.41490280609177	0.651485588434725	0.514733077125163	NA
K8B78_12665	cds	0.271536385214106	-0.492929289408243	4.07760393732822	-0.120886995643629	0.903780542599324	NA
K8B78_12670	cds	1.10854152670088	-1.00943242959554	1.97037660020421	-0.512304312531384	0.608438047519765	NA
K8B78_12675	cds	0.175036947747689	0.5253622583282	4.07550263851856	0.128907353258191	0.897430958160564	NA
K8B78_12680	cds	1.56196190110517	2.68419517270262	1.7122983158329	1.56759785831885	0.116975012255695	NA
K8B78_12685	cds	0.895159033199896	-1.25150866228239	2.47024368662495	-0.506633685194154	0.612411868430971	NA
K8B78_12690	cds	1.46317876574022	-0.175144191521781	1.48506642747007	-0.117936940921999	0.906117622865323	NA
K8B78_12695	cds	0	NA	NA	NA	NA	NA
K8B78_12700	cds	0.0934020215157772	0.468845019313497	4.07760417783754	0.114980512787815	0.908460568131846	NA
K8B78_12705	cds	1.43891865065973	-1.24344708900322	1.56945172631429	-0.792281194862452	0.428196734156674	NA
K8B78_12710	cds	1.37013586838602	-0.805182101312642	1.79284301158777	-0.449109094387222	0.653352960266566	NA
K8B78_12715	cds	0.25826669871996	1.28771198908827	4.05009992252185	0.317945733123163	0.750526101124417	NA
K8B78_12720	cds	0.771608420552614	-3.32868737665819	2.62439635756542	-1.26836305311219	0.204668329461854	NA
K8B78_12725	cds	0.353171311446018	-0.436407283028976	4.07550223065566	-0.107080614444607	0.914725026164689	NA
K8B78_12730	cds	1.16765156994131	0.0473457542349787	1.81704788048703	0.0260564153225772	0.979212340781928	NA
K8B78_12735	cds	5.63513986027914	0.29162798563523	0.806712716658805	0.361501659280986	0.717724464807586	0.978062328950723
K8B78_12740	cds	1.39253185423047	-0.962096351021665	1.60175223782209	-0.600652415713076	0.548071518687544	NA
K8B78_12745	cds	0.19058830601382	-1.43479834864703	4.0804728567969	-0.351625509836946	0.725119131391508	NA
K8B78_12750	cds	2.95358577762691	0.568683290165846	1.08336669768787	0.524922255206418	0.599637237618585	0.966568044851734
K8B78_12755	cds	0.0934020215157772	0.468845019313497	4.07760417783754	0.114980512787815	0.908460568131846	NA
K8B78_12760	cds	0.268438969263466	1.32965265472497	4.04656032645725	0.328588368257216	0.742466841096623	NA
K8B78_12765	cds	0.624707696660124	-0.440282313525839	3.05198519352988	-0.144260959869407	0.885294405289192	NA
K8B78_12770	cds	0	NA	NA	NA	NA	NA
K8B78_12775	cds	0.0934020215157772	0.468845019313497	4.07760417783754	0.114980512787815	0.908460568131846	NA
K8B78_12780	cds	0.635659047765335	1.14002988070765	2.97805645867102	0.382810029470159	0.701860624497653	NA
K8B78_12785	cds	0	NA	NA	NA	NA	NA
K8B78_12790	cds	0	NA	NA	NA	NA	NA
K8B78_12795	cds	0.0934020215157772	0.468845019313497	4.07760417783754	0.114980512787815	0.908460568131846	NA
K8B78_12800	cds	0.25826669871996	1.28771198908827	4.05009992252185	0.317945733123163	0.750526101124417	NA
K8B78_12805	cds	0	NA	NA	NA	NA	NA
K8B78_12810	cds	0.89474149066395	0.616276027779825	2.41140065851648	0.255567661725267	0.79828469148498	NA
K8B78_12815	cds	2.96247658763725	1.11209422180143	1.03481559388783	1.07467864648546	0.282518627187306	0.860263341730269
K8B78_12820	cds	1.12729163078516	-2.04722208511786	2.12576548353251	-0.96305171053764	0.335521573548045	NA
K8B78_12825	cds	0.43640106241829	0.32683492245364	3.74517257659287	0.0872683209570479	0.930458234140721	NA
K8B78_12830	cds	0.271536385214106	-0.492929289408243	4.07760393732822	-0.120886995643629	0.903780542599324	NA
K8B78_12835	cds	1.08711779707809	3.39285022991625	2.13820983244987	1.58677140962768	0.112564426343679	NA
K8B78_12840	cds	3.63804219074052	0.364253559790503	0.91368939598794	0.398662347828441	0.690142014818498	0.978062328950723
K8B78_12845	cds	0.164864677204183	0.5253622583282	4.07550263851856	0.128907353258191	0.897430958160564	NA
K8B78_12850	cds	0	NA	NA	NA	NA	NA
K8B78_12855	cds	11.2501986644073	1.52991837874499	0.656858554318728	2.32914433204233	0.019851420818804	0.332511298714967
K8B78_12860	cds	10.6628144450714	0.428818215336577	0.587774815529929	0.729562077187605	0.465657909814536	0.900387397447457
K8B78_12865	cds	1.75715021427991	0.345964036565799	1.46054900384444	0.236872597670572	0.812755628961621	NA
K8B78_12870	cds	2.97301324466775	0.573046472455917	1.09970017972337	0.5210933698311	0.602301729441192	0.966568044851734
K8B78_12875	cds	0	NA	NA	NA	NA	NA
K8B78_12880	cds	0	NA	NA	NA	NA	NA
K8B78_12885	cds	0	NA	NA	NA	NA	NA
K8B78_12890	cds	0	NA	NA	NA	NA	NA
K8B78_12895	cds	0	NA	NA	NA	NA	NA
K8B78_12900	cds	0	NA	NA	NA	NA	NA
K8B78_12905	cds	0	NA	NA	NA	NA	NA
K8B78_12910	cds	0	NA	NA	NA	NA	NA
K8B78_12915	cds	0	NA	NA	NA	NA	NA
K8B78_12920	cds	2.46571023043101	-1.48602632098018	2.69936574277889	-0.550509439098969	0.581970004522216	0.958051113831754
K8B78_12925	cds	0	NA	NA	NA	NA	NA
K8B78_12930	cds	1.1070389354906	-0.00063730702523973	1.95001364584273	-0.000326821828451518	0.999739233913587	NA
K8B78_12935	cds	1.29429959853923	0.211811619504806	1.6821227875385	0.125919237926	0.899795854222169	NA
K8B78_12940	cds	0.943547952349663	-0.855327647565241	2.36479721175173	-0.361691752389903	0.71758239101961	NA
K8B78_12945	cds	0	NA	NA	NA	NA	NA
K8B78_12950	cds	2.16625276185458	3.29792986131852	1.53355436008808	2.15051383058185	0.0315145931844023	0.40727900337612
K8B78_12955	cds	0.917137476508401	0.445166055467386	2.13199228451639	0.208802845441988	0.834602149956813	NA
K8B78_12960	cds	0.777766201099308	-1.97121555031401	2.67714795908667	-0.736311769255558	0.461540985387082	NA
K8B78_12965	cds	0.637161638975615	-0.481133491421632	2.82233636561764	-0.170473476259922	0.864637791912475	NA
K8B78_12970	cds	0.45524301229502	2.11236965130923	3.90462450247576	0.540991752208147	0.588513267624989	NA
K8B78_12975	cds	0.667540457121666	1.16667552013575	2.89683943703968	0.402740830305732	0.687138893578333	NA
K8B78_12980	cds	0.361840990779243	1.77576031710939	4.0100758567944	0.442824619913525	0.657892593997463	NA
K8B78_12985	cds	0	NA	NA	NA	NA	NA
K8B78_12990	cds	0.164864677204183	0.5253622583282	4.07550263851856	0.128907353258191	0.897430958160564	NA
K8B78_12995	cds	1.17540417522836	1.02610733760264	1.83439815643247	0.559370022262892	0.575909215983725	NA
K8B78_13000	cds	0	NA	NA	NA	NA	NA
K8B78_13005	cds	0.175036947747689	0.5253622583282	4.07550263851856	0.128907353258191	0.897430958160564	NA
K8B78_13010	cds	0.707937447632396	-0.0111780991884814	2.79477838669064	-0.00399963705233804	0.996808759855556	NA
K8B78_13015	cds	0	NA	NA	NA	NA	NA
K8B78_13020	cds	0.560412129094663	2.43413676294471	3.77225849891499	0.645273054231262	0.518750251405353	NA
K8B78_13025	cds	0.212297444826645	-1.43479834864703	4.0804728567969	-0.351625509836946	0.725119131391508	NA
K8B78_13030	cds	0.351668720235738	1.74114095567477	4.01253614563899	0.43392530122554	0.664342686037428	NA
K8B78_13035	cds	1.8312166145473	1.93665100345497	1.51494335943987	1.27836528764417	0.201120657496649	NA
K8B78_13040	cds	0.268438969263466	1.32965265472497	4.04656032645725	0.328588368257216	0.742466841096623	NA
K8B78_13045	cds	0.212297444826645	-1.43479834864703	4.0804728567969	-0.351625509836946	0.725119131391508	NA
K8B78_13050	cds	0.446573332961795	0.367381098526842	3.69740598548356	0.099361849894013	0.920850972197706	NA
K8B78_13055	cds	0.365625253761509	-0.436407283028976	4.07550223065566	-0.107080614444607	0.914725026164689	NA
K8B78_13060	cds	2.53278884178606	0.546592361992627	1.2529416034117	0.436247276412789	0.662657330364894	0.973182335208062
K8B78_13065	cds	0	NA	NA	NA	NA	NA
K8B78_13070	cds	0.631874784783069	2.6002290515315	3.18615338327133	0.81610291117302	0.414441279059952	NA
K8B78_13075	cds	1.2044183956486	2.27291070361902	2.0352595175836	1.11676701864417	0.264093954129044	NA
K8B78_13080	cds	0.271536385214106	-0.492929289408243	4.07760393732822	-0.120886995643629	0.903780542599324	NA
K8B78_13085	cds	0.373608086063109	1.8606872955514	4.00427593352854	0.464675093934342	0.642164146754237	NA
K8B78_13090	cds	0.164864677204183	0.5253622583282	4.07550263851856	0.128907353258191	0.897430958160564	NA
K8B78_13095	cds	0	NA	NA	NA	NA	NA
K8B78_13100	cds	0	NA	NA	NA	NA	NA
K8B78_13105	cds	0.280206064547331	1.45997391166747	4.03476458448163	0.361848598870617	0.717465172801042	NA
K8B78_13110	cds	0	NA	NA	NA	NA	NA
K8B78_13115	cds	0	NA	NA	NA	NA	NA
K8B78_13120	cds	0	NA	NA	NA	NA	NA
K8B78_13125	cds	0	NA	NA	NA	NA	NA
K8B78_13130	cds	0.212297444826645	-1.43479834864703	4.0804728567969	-0.351625509836946	0.725119131391508	NA
K8B78_13135	cds	0.539975354477572	0.820636962991029	3.28598885810628	0.249738206192203	0.802789809894459	NA
K8B78_13140	cds	0	NA	NA	NA	NA	NA
K8B78_13145	cds	2.85498469545794	-0.903635360760111	1.06849939284934	-0.845705076490881	0.397717290477958	0.868679619490404
K8B78_13150	cds	0.268438969263466	1.32965265472497	4.04656032645725	0.328588368257216	0.742466841096623	NA
K8B78_13155	cds	0	NA	NA	NA	NA	NA
K8B78_13160	cds	0	NA	NA	NA	NA	NA
K8B78_13165	cds	0	NA	NA	NA	NA	NA
K8B78_13170	cds	0.283990327529597	-0.492929289408242	4.07760393732822	-0.120886995643629	0.903780542599325	NA
K8B78_13175	cds	0.19058830601382	-1.43479834864703	4.0804728567969	-0.351625509836946	0.725119131391508	NA
K8B78_13180	cds	1.32950865086075	-0.410114044400951	1.70830782519103	-0.240070342331359	0.810275725351994	NA
K8B78_13185	cds	558.988625534082	0.172016887230017	0.45150466254694	0.380985849093272	0.703213748897276	0.978062328950723
K8B78_13190	cds	21.869844678028	0.794058173957679	0.510764828272549	1.55464536711201	0.12003055272181	0.71284826047996
K8B78_13195	cds	0	NA	NA	NA	NA	NA
K8B78_13200	cds	0	NA	NA	NA	NA	NA
K8B78_13205	cds	0.186804043031554	1.02655082383797	4.0594861604713	0.25287703498878	0.800363236252842	NA
K8B78_13210	cds	0	NA	NA	NA	NA	NA
K8B78_13215	cds	0.164864677204183	0.5253622583282	4.07550263851856	0.128907353258191	0.897430958160564	NA
K8B78_13220	cds	0	NA	NA	NA	NA	NA
K8B78_13225	cds	0.280206064547331	1.45997391166747	4.03476458448163	0.361848598870617	0.717465172801042	NA
K8B78_13230	cds	0.459027275277286	0.36728952357455	3.64147108301008	0.100862952142667	0.919659252987869	NA
K8B78_13235	cds	0	NA	NA	NA	NA	NA
K8B78_13240	cds	0.611398932684845	-0.92786389594903	3.32799469321929	-0.278805701775766	0.78039393851838	NA
K8B78_13245	cds	5.05144426469992	0.487189024372995	0.843929790696669	0.577286202885216	0.563746132493406	0.950213606970018
K8B78_13250	cds	0	NA	NA	NA	NA	NA
K8B78_13255	cds	0.637161638975615	-0.481133491421632	2.82233636561764	-0.170473476259922	0.864637791912475	NA
K8B78_13260	cds	0.62698936843211	-0.515359922296586	2.84706902412008	-0.18101420019343	0.856356429994601	NA
K8B78_13265	cds	0	NA	NA	NA	NA	NA
K8B78_13270	cds	3.04635410816001	0.697661650230772	1.00335649467323	0.695327786220173	0.486849904731746	0.915619469951634
K8B78_13275	cds	0.683091815387797	-0.386525391509953	2.87127249398189	-0.134618150078092	0.89291379054918	NA
K8B78_13280	cds	0.178134363698329	-1.43479834864703	4.0804728567969	-0.351625509836946	0.725119131391508	NA
K8B78_13285	cds	1.31715603841277	0.338050325945943	1.73184500364232	0.195196640135217	0.845239009255235	NA
K8B78_13290	cds	0.459027275277286	0.36728952357455	3.64147108301008	0.100862952142667	0.919659252987869	NA
K8B78_13295	cds	0.178134363698329	-1.43479834864703	4.0804728567969	-0.351625509836946	0.725119131391508	NA
K8B78_13300	cds	0	NA	NA	NA	NA	NA
K8B78_13305	cds	0	NA	NA	NA	NA	NA
K8B78_13310	cds	0.373608086063109	1.8606872955514	4.00427593352854	0.464675093934342	0.642164146754237	NA
K8B78_13315	cds	0	NA	NA	NA	NA	NA
K8B78_13320	cds	0.0934020215157772	0.468845019313497	4.07760417783754	0.114980512787815	0.908460568131846	NA
K8B78_13325	cds	2.28993550784777	0.264349176538737	1.24897066297463	0.21165363156661	0.832377265116734	0.992180666634815
K8B78_13330	cds	0.94983704390757	3.15341310262676	2.28031122075226	1.38288715765143	0.166699468667347	NA
K8B78_13335	cds	0.0934020215157772	0.468845019313497	4.07760417783754	0.114980512787815	0.908460568131846	NA
K8B78_13340	cds	0	NA	NA	NA	NA	NA
K8B78_13345	cds	0.268438969263466	1.32965265472497	4.04656032645725	0.328588368257216	0.742466841096623	NA
K8B78_13350	cds	1.09755351197872	-0.149448399520376	1.87239076358295	-0.0798168856774296	0.936382894342953	NA
K8B78_13355	cds	6.41569974541851	1.94509538731425	0.817000177342423	2.38077719106665	0.0172761578361699	0.308667353339568
K8B78_13360	cds	0.938069948623705	3.11079399288269	2.32239473101283	1.33947685608382	0.18041548392536	NA
K8B78_13365	cds	16.3532325008892	-0.480900666180577	0.52753162700091	-0.911605374097784	0.361976492361556	0.868679619490404
K8B78_13370	cds	0	NA	NA	NA	NA	NA
K8B78_13375	cds	0	NA	NA	NA	NA	NA
K8B78_13380	cds	2.18763741399623	-0.126237809690575	1.20485589992863	-0.104774197228111	0.916554984963917	0.992180666634815
K8B78_13385	cds	0	NA	NA	NA	NA	NA
K8B78_13390	cds	0	NA	NA	NA	NA	NA
K8B78_13395	cds	0.555526712743703	-0.760219312109891	3.25780901049704	-0.233352940476368	0.815487352518463	NA
K8B78_13400	cds	1.33511999172446	2.48790610503973	1.83475281847973	1.35598979872461	0.175102413846079	NA
K8B78_13405	cds	0	NA	NA	NA	NA	NA
K8B78_13410	cds	0.399101487858199	0.0647754228454349	4.05948601473725	0.0159565577046648	0.987269049207756	NA
K8B78_13415	cds	0	NA	NA	NA	NA	NA
K8B78_13420	cds	0.62698936843211	-0.515359922296586	2.84706902412008	-0.18101420019343	0.856356429994601	NA
K8B78_13425	cds	3.08985054074793	1.60699780183195	1.08417791387937	1.4822270231293	0.138279898514405	0.733841837660604
K8B78_13430	cds	0.459027275277286	0.36728952357455	3.64147108301008	0.100862952142667	0.919659252987869	NA
K8B78_13435	cds	0.868202117675659	3.03844508275786	2.58427137282078	1.1757453627795	0.239696645535703	NA
K8B78_13440	cds	0.710905966436007	-0.259366823128103	3.04037333514778	-0.0853075575060901	0.932016883416477	NA
K8B78_13445	cds	2.58727165070723	-0.924609844939866	1.05736670969462	-0.874445768400358	0.381875541777159	0.868679619490404
K8B78_13450	cds	3.11681250035651	-3.54366115480773	1.3411440285715	-2.64226740701534	0.00823530075487453	0.187537181719688
K8B78_13455	cds	0	NA	NA	NA	NA	NA
K8B78_13460	cds	0.552429296793063	0.821181786328056	3.24379421293985	0.253154710940747	0.800148662198224	NA
K8B78_13465	cds	39.0119829132044	-0.482676245688135	0.423312516747634	-1.14023617680053	0.254187919436565	0.831119051059263
K8B78_13470	cds	0.280206064547331	1.45997391166747	4.03476458448163	0.361848598870617	0.717465172801042	NA
K8B78_13475	cds	0.178134363698329	-1.43479834864703	4.0804728567969	-0.351625509836946	0.725119131391508	NA
K8B78_13480	cds	3.66307897251853	0.127859583731387	0.884438708480539	0.144565793542719	0.885053706256432	0.992180666634815
K8B78_13485	cds	0.342999040902512	-0.436407283028976	4.07550223065566	-0.107080614444607	0.914725026164689	NA
K8B78_13490	cds	4.90267979930903	0.376798799624566	0.829496667896196	0.454249925536432	0.649648952737178	0.973182335208062
K8B78_13495	cds	0	NA	NA	NA	NA	NA
K8B78_13500	cds	0	NA	NA	NA	NA	NA
K8B78_13505	cds	0	NA	NA	NA	NA	NA
K8B78_13510	cds	0.356268727396658	-2.22986277631651	4.04732815185054	-0.550946869800257	0.581670096394159	NA
K8B78_13515	cds	0	NA	NA	NA	NA	NA
K8B78_13520	cds	0.212297444826645	-1.43479834864703	4.0804728567969	-0.351625509836946	0.725119131391508	NA
K8B78_13525	cds	5.47151527602801	0.299361201606387	0.81018212190325	0.369498651615687	0.711756078028201	0.978062328950723
K8B78_13530	cds	0.552199069778517	0.663664035365744	3.28552711809096	0.201996212939908	0.839919684795895	NA
K8B78_13535	cds	3.43350442141182	-0.457673380964635	0.955138522773847	-0.479169638803272	0.631817951478898	0.973182335208062
K8B78_13540	cds	2.98021941027183	2.0470766327547	1.18897914748372	1.72170944888899	0.0851221648127699	0.642612399149925
K8B78_13545	cds	1.31089692799856	-1.12718712467455	1.74946124272817	-0.644305285046944	0.519377489183856	NA
K8B78_13550	cds	0.448855004733781	0.327032430077128	3.68725112295029	0.0886927467569549	0.929326097068051	NA
K8B78_13555	cds	0.65887077778844	-0.539807139160774	2.77211280407539	-0.194727695917418	0.845606128729428	NA
K8B78_13560	cds	0.944264780524985	0.661122049786803	2.35808008283873	0.280364545122202	0.779197835562834	NA
K8B78_13565	cds	0.19058830601382	-1.43479834864703	4.0804728567969	-0.351625509836946	0.725119131391508	NA
K8B78_13570	cds	0.718109718175901	0.0173234408116638	2.77216964757686	0.00624905507742146	0.995014007885211	NA
K8B78_13575	cds	1.00036722748067	0.682863950821581	2.11563606205646	0.32277004682829	0.746869399024219	NA
K8B78_13580	cds	0.927309747051906	0.462963589488012	2.22668374502727	0.207916185009175	0.835294411512361	NA
K8B78_13585	cds	0.637161638975615	-0.481133491421632	2.82233636561764	-0.170473476259922	0.864637791912475	NA
K8B78_13590	cds	6.04678269625455	-0.615082884287118	0.744955427441514	-0.825664008381774	0.408994714417652	0.868679619490404
K8B78_13595	cds	4.94167311461281	-0.0407708029106027	0.803270443046534	-0.0507560103369082	0.959519944331595	0.992180666634815
K8B78_13600	cds	0	NA	NA	NA	NA	NA
K8B78_13605	cds	0.38117661202764	-2.31423930346047	4.03947876423236	-0.572905426302013	0.566708730312384	NA
K8B78_13610	cds	0	NA	NA	NA	NA	NA
K8B78_13615	cds	1.32185030523032	3.63411046183129	1.85764364029746	1.95630118877341	0.0504296842444552	NA
K8B78_13620	cds	2.78636045135378	3.6870063362032	1.45288031593404	2.5377219966208	0.0111576577881455	0.23922018297784
K8B78_13625	cds	0.186804043031554	1.02655082383797	4.0594861604713	0.25287703498878	0.800363236252842	NA
K8B78_13630	cds	0	NA	NA	NA	NA	NA
K8B78_13635	cds	0	NA	NA	NA	NA	NA
K8B78_13640	cds	0	NA	NA	NA	NA	NA
K8B78_13645	cds	0	NA	NA	NA	NA	NA
K8B78_13650	cds	0.0934020215157772	0.468845019313497	4.07760417783754	0.114980512787815	0.908460568131846	NA
K8B78_13655	cds	1.93857516958884	1.23994083496628	1.3699930417973	0.905070899732162	0.365427827527421	NA
K8B78_13660	cds	0	NA	NA	NA	NA	NA
K8B78_13665	cds	0	NA	NA	NA	NA	NA
K8B78_13670	cds	0	NA	NA	NA	NA	NA
K8B78_13675	cds	0	NA	NA	NA	NA	NA
K8B78_13680	cds	0	NA	NA	NA	NA	NA
K8B78_13685	cds	0.164864677204183	0.5253622583282	4.07550263851856	0.128907353258191	0.897430958160564	NA
K8B78_13690	cds	1.06508619772064	2.07059304458202	2.20871235989856	0.937466137363903	0.348518834437791	NA
K8B78_13695	cds	2.0240865923331	1.31984826247051	1.31757254555065	1.0017272042648	0.316475363983294	0.868679619490404
K8B78_13700	cds	0.350073895495378	1.68033616293156	4.01699728645456	0.418306521788726	0.67572302192477	NA
K8B78_13705	cds	0.186804043031554	1.02655082383797	4.0594861604713	0.25287703498878	0.800363236252842	NA
K8B78_13710	cds	8.85848042509805	-0.422500769602551	0.636064978170565	-0.664241522647164	0.506535741606831	0.923480127555311
K8B78_13715	cds	1.1801055122568	0.0340952690222326	1.90322776212803	0.0179144449764174	0.985707105438822	NA
K8B78_13720	cds	0.0934020215157772	0.468845019313497	4.07760417783754	0.114980512787815	0.908460568131846	NA
K8B78_13725	cds	0	NA	NA	NA	NA	NA
K8B78_13730	cds	0	NA	NA	NA	NA	NA
K8B78_13735	cds	0.516533397439921	2.28178869200432	3.60193011526067	0.633490550618078	0.526413349626302	NA
K8B78_13740	cds	0.470564143546606	0.327379307427993	3.59206114012763	0.0911396812740111	0.9273816027341	NA
K8B78_13745	cds	0.186804043031554	1.02655082383797	4.0594861604713	0.25287703498878	0.800363236252842	NA
K8B78_13750	cds	2.82998699116106	-0.210881062717606	0.997009526190151	-0.211513588564636	0.832486529924715	0.992180666634815
K8B78_13755	cds	0.900028344856496	-2.27253682938556	2.45136936398523	-0.927047903417973	0.353901663125251	NA
K8B78_13760	cds	0	NA	NA	NA	NA	NA
K8B78_13765	cds	0.178134363698329	-1.43479834864703	4.0804728567969	-0.351625509836946	0.725119131391508	NA
K8B78_13770	cds	3.83583222236769	-0.841711985720741	0.875134751031724	-0.961808435476274	0.33614583993237	0.868679619490404
K8B78_13775	cds	19.214338344394	-0.0388360613294643	0.493741843223929	-0.0786566134963991	0.937305755922962	0.992180666634815
K8B78_13780	cds	3.99199016888406	-0.2528138214124	0.867059317415155	-0.291576154404383	0.770610709586103	0.988676366406341
K8B78_13785	cds	1.86889848817421	0.594426634216346	1.34836617206693	0.440849560401786	0.659321911472081	NA
K8B78_13790	cds	1.99812829651819	-2.7159531150985	1.52743777551633	-1.77811047928313	0.0753857116767775	0.594216786158129
K8B78_13795	cds	0.175036947747689	0.5253622583282	4.07550263851856	0.128907353258191	0.897430958160564	NA
K8B78_13800	cds	0.164864677204183	0.5253622583282	4.07550263851856	0.128907353258191	0.897430958160564	NA
K8B78_13805	cds	0.164864677204183	0.5253622583282	4.07550263851856	0.128907353258191	0.897430958160564	NA
K8B78_13810	cds	0	NA	NA	NA	NA	NA
K8B78_13815	cds	0.0934020215157772	0.468845019313497	4.07760417783754	0.114980512787815	0.908460568131846	NA
K8B78_13820	cds	0.717293973997247	1.34614300036094	2.59669791359341	0.518405700298845	0.604175238381673	NA
K8B78_13825	cds	0	NA	NA	NA	NA	NA
K8B78_13830	cds	0	NA	NA	NA	NA	NA
K8B78_13835	cds	7.30408403199961	0.483703918082047	0.672874145898121	0.718862392069503	0.472225710408825	0.900757938715766
K8B78_13840	cds	3.10005986264602	0.490046102243949	1.01443098175136	0.483074857786691	0.629042585259298	0.973182335208062
K8B78_13845	cds	0	NA	NA	NA	NA	NA
K8B78_13850	cds	0.271536385214106	-0.492929289408243	4.07760393732822	-0.120886995643629	0.903780542599324	NA
K8B78_13855	cds	0.353171311446018	-0.436407283028976	4.07550223065566	-0.107080614444607	0.914725026164689	NA
K8B78_13860	cds	0.845674820819995	0.279420684136518	2.35557605616431	0.118620956179828	0.905575661944283	NA
K8B78_13865	cds	0	NA	NA	NA	NA	NA
K8B78_13870	cds	0	NA	NA	NA	NA	NA
K8B78_13875	cds	0	NA	NA	NA	NA	NA
K8B78_13880	cds	0	NA	NA	NA	NA	NA
K8B78_13885	cds	0.368722669712149	-2.27250872208723	4.04330547814864	-0.562042302855575	0.574087197387305	NA
K8B78_13890	cds	0	NA	NA	NA	NA	NA
K8B78_13895	cds	0	NA	NA	NA	NA	NA
K8B78_13900	cds	0.268438969263466	1.32965265472497	4.04656032645725	0.328588368257216	0.742466841096623	NA
K8B78_13905	cds	0	NA	NA	NA	NA	NA
K8B78_13910	cds	0	NA	NA	NA	NA	NA
K8B78_13915	cds	2.67734602925782	-0.492615728768149	1.0317351335437	-0.477463365114029	0.633032202058332	0.973182335208062
K8B78_13920	cds	0.268438969263466	1.32965265472497	4.04656032645725	0.328588368257216	0.742466841096623	NA
K8B78_13925	cds	0.0934020215157772	0.468845019313497	4.07760417783754	0.114980512787815	0.908460568131846	NA
K8B78_13930	cds	7.3623954437096	-0.147483528480424	0.711840521051745	-0.207186194265138	0.835864448775493	0.992180666634815
K8B78_13935	cds	12.2671881485646	-0.445359986230432	0.56253454992837	-0.79170245860835	0.428534188414733	0.868679619490404
K8B78_13940	cds	5.27178679421455	0.551381118448148	0.763784087184	0.721907051613287	0.470351625532254	0.900387397447457
K8B78_13945	cds	8.73728946968846	0.739000851336786	0.700159787089435	1.05547457161002	0.291208333218417	0.867153703361508
K8B78_13950	cds	3.9869726191872	0.701541350586702	0.87309744834866	0.803508648334236	0.421680800117856	0.868679619490404
K8B78_13955	cds	3.73254536562499	1.49221422225376	0.96874660161999	1.5403555684824	0.123473705528982	0.71284826047996
K8B78_13960	cds	1.20601322038896	2.31240698853983	1.9607194778064	1.17936656146594	0.238252244198049	NA
K8B78_13965	cds	0	NA	NA	NA	NA	NA
K8B78_13970	cds	0.175036947747689	0.5253622583282	4.07550263851856	0.128907353258191	0.897430958160564	NA
K8B78_13975	cds	2.49465073587971	1.12683957363988	1.13963478782319	0.988772531059926	0.322774446684428	0.868679619490404
K8B78_13980	cds	0	NA	NA	NA	NA	NA
K8B78_13985	cds	0.446573332961795	0.367381098526842	3.69740598548356	0.099361849894013	0.920850972197706	NA
K8B78_13990	cds	0.609935418955698	2.5291551435641	3.23812488568078	0.781055466621502	0.43476987267539	NA
K8B78_13995	cds	0.443475917011155	2.04456543407722	3.98471421140352	0.513102151272491	0.607879866775705	NA
K8B78_14000	cds	1.27742069390187	-1.30503933666278	1.78173167494895	-0.73245559643551	0.463890535478414	NA
K8B78_14005	cds	1.03247886385155	0.795319673294117	2.09617149555511	0.379415365098027	0.704379442360935	NA
K8B78_14010	cds	1.01076972503872	0.840136904612986	2.12391839771992	0.395559879096529	0.692429739765962	NA
K8B78_14015	cds	0.186804043031554	1.02655082383797	4.0594861604713	0.25287703498878	0.800363236252842	NA
K8B78_14020	cds	1.22511861462281	0.060220599964775	1.81563328181177	0.0331678211498098	0.973540758999084	NA
K8B78_14025	cds	0.283990327529597	-0.492929289408242	4.07760393732822	-0.120886995643629	0.903780542599325	NA
K8B78_14030	cds	0.365625253761509	-0.436407283028976	4.07550223065566	-0.107080614444607	0.914725026164689	NA
K8B78_14035	cds	0.530489930965692	0.665986837677797	3.35937843400666	0.198247042052802	0.842851783567776	NA
K8B78_14040	cds	0	NA	NA	NA	NA	NA
K8B78_14045	cds	0	NA	NA	NA	NA	NA
K8B78_14050	cds	0	NA	NA	NA	NA	NA
K8B78_14055	cds	0	NA	NA	NA	NA	NA
K8B78_14060	cds	1.17403957750255	1.09077114525229	1.93226630994667	0.564503526060232	0.572411501136583	NA
K8B78_14065	cds	0.212297444826645	-1.43479834864703	4.0804728567969	-0.351625509836946	0.725119131391508	NA
K8B78_14070	cds	0	NA	NA	NA	NA	NA
K8B78_14075	cds	0.175036947747689	0.5253622583282	4.07550263851856	0.128907353258191	0.897430958160564	NA
K8B78_14080	cds	0.942630878303492	-0.909465513743246	2.24162798140472	-0.405716524457965	0.684950899305224	NA
K8B78_14085	cds	0.0934020215157772	0.468845019313497	4.07760417783754	0.114980512787815	0.908460568131846	NA
K8B78_14090	cds	0.0934020215157772	0.468845019313497	4.07760417783754	0.114980512787815	0.908460568131846	NA
K8B78_14095	cds	0	NA	NA	NA	NA	NA
K8B78_14100	cds	0	NA	NA	NA	NA	NA
K8B78_14105	cds	0	NA	NA	NA	NA	NA
K8B78_14110	cds	0	NA	NA	NA	NA	NA
K8B78_14115	cds	0.0934020215157772	0.468845019313497	4.07760417783754	0.114980512787815	0.908460568131846	NA
K8B78_14120	cds	0	NA	NA	NA	NA	NA
K8B78_14125	cds	0	NA	NA	NA	NA	NA
K8B78_14130	cds	0	NA	NA	NA	NA	NA
K8B78_14135	cds	0.387334392574334	-0.436407283028975	4.07550223065566	-0.107080614444607	0.914725026164689	NA
K8B78_14140	cds	3.51953910893381	-0.646253237400682	0.977206114018855	-0.661327460122924	0.508402334845725	0.923741191448504
K8B78_14145	cds	0	NA	NA	NA	NA	NA
K8B78_14150	cds	0	NA	NA	NA	NA	NA
K8B78_14155	cds	0	NA	NA	NA	NA	NA
K8B78_14160	cds	0	NA	NA	NA	NA	NA
K8B78_14165	cds	0	NA	NA	NA	NA	NA
K8B78_14170	cds	0	NA	NA	NA	NA	NA
K8B78_14175	cds	0	NA	NA	NA	NA	NA
K8B78_14180	cds	0	NA	NA	NA	NA	NA
K8B78_14185	cds	0	NA	NA	NA	NA	NA
K8B78_14190	cds	0.178134363698329	-1.43479834864703	4.0804728567969	-0.351625509836946	0.725119131391508	NA
K8B78_14195	cds	0	NA	NA	NA	NA	NA
K8B78_14200	cds	0	NA	NA	NA	NA	NA
K8B78_14205	cds	0.0934020215157772	0.468845019313497	4.07760417783754	0.114980512787815	0.908460568131846	NA
K8B78_14210	cds	0	NA	NA	NA	NA	NA
K8B78_14215	cds	0	NA	NA	NA	NA	NA
K8B78_14220	cds	1.09481522018965	0.0930718821645623	3.89155935417495	0.0239163465577655	0.980919335344841	NA
K8B78_14225	cds	0.268438969263466	1.32965265472497	4.04656032645725	0.328588368257216	0.742466841096623	NA
K8B78_14230	cds	0.809101170772664	1.5437746931201	2.61345217327504	0.590703250247555	0.554719269813381	NA
K8B78_14235	cds	0	NA	NA	NA	NA	NA
K8B78_14240	cds	0	NA	NA	NA	NA	NA
K8B78_14245	cds	1.11789805306573	-0.116945556520807	1.8549763262274	-0.0630442312752569	0.949731282886545	NA
K8B78_14250	cds	1.82870268963422	-0.746414147387251	1.34299742888537	-0.555782260883958	0.578359713661241	NA
K8B78_14255	cds	0	NA	NA	NA	NA	NA
K8B78_14260	cds	0	NA	NA	NA	NA	NA
K8B78_14265	cds	0.0934020215157772	0.468845019313497	4.07760417783754	0.114980512787815	0.908460568131846	NA
K8B78_14270	cds	2.25750524494428	-0.131142152470283	1.1877760456643	-0.110409831002222	0.912084356785895	0.992180666634815
K8B78_14275	cds	9.2786186871655	0.173787993884557	0.623954644821863	0.278526645048332	0.780608114133856	0.990332986367438
K8B78_14280	cds	0	NA	NA	NA	NA	NA
K8B78_14285	cds	0	NA	NA	NA	NA	NA
K8B78_14290	cds	5.50722164811404	-0.115225667680647	0.807352751312956	-0.142720350544742	0.886511043840285	0.992180666634815
K8B78_14295	cds	3.15211581233465	-0.976440309055049	0.994247067317553	-0.982090207909242	0.326055409122811	0.868679619490404
K8B78_14300	cds	0.539975354477572	0.820636962991029	3.28598885810628	0.249738206192203	0.802789809894459	NA
K8B78_14305	cds	0	NA	NA	NA	NA	NA
K8B78_14310	cds	0	NA	NA	NA	NA	NA
K8B78_14315	cds	7.75044808460708	-0.303937705164166	0.684456966066087	-0.444056705144001	0.657001587153879	0.973182335208062
K8B78_14320	cds	0.0934020215157772	0.468845019313497	4.07760417783754	0.114980512787815	0.908460568131846	NA
K8B78_14325	cds	0	NA	NA	NA	NA	NA
K8B78_14330	cds	0	NA	NA	NA	NA	NA
K8B78_14335	cds	0.601265739622473	1.0189601851371	3.09537021064514	0.329188470455923	0.742013236988233	NA
K8B78_14340	cds	0	NA	NA	NA	NA	NA
K8B78_14345	cds	0.672728395310879	1.22324489259351	3.14960894070509	0.388379927674342	0.697734896117574	NA
K8B78_14350	cds	0.754554471076203	-0.129617211497748	2.52724370743856	-0.0512879747672292	0.959096050239795	NA
K8B78_14355	cds	0	NA	NA	NA	NA	NA
K8B78_14360	cds	6.05569647905165	-0.61815313593363	0.762684628267901	-0.810496387396046	0.417654940504601	0.868679619490404