"tag"	"moltype"	"baseMean"	"log2FoldChange"	"lfcSE"	"stat"	"pvalue"	"padj"
K8B78_00005	cds	1.75289882113589	-1.52030942449783	1.39325693844521	-1.09119099467353	0.275188849597168	0.992437694366657
K8B78_00010	cds	3.5294054457999	-0.766618686566048	0.934760396791853	-0.820123198626219	0.412145878543636	0.992437694366657
K8B78_00015	cds	0.37663456461075	-2.3176833923885	4.0408595692135	-0.573561974300335	0.566264249893832	0.992437694366657
K8B78_00020	cds	1.38881347810506	0.535959009045185	1.58602044937129	0.337926922227039	0.735418258776853	0.992437694366657
K8B78_00025	cds	2.34642422867752	0.524765924763412	1.12208199637498	0.467671637597547	0.640019426635134	0.992437694366657
K8B78_00030	cds	7.33374669095785	-1.14806833219777	0.641443674846621	-1.78981939836307	0.0734829496492852	0.992437694366657
K8B78_00035	cds	1.16980025006035	-1.20988956285973	1.79069980985739	-0.675651807298782	0.499261740479547	0.992437694366657
K8B78_00040	cds	0	NA	NA	NA	NA	NA
K8B78_00045	cds	0.396115873038126	1.91510842034285	4.01102187252213	0.477461475207221	0.633033547538546	0.992437694366657
K8B78_00050	cds	0	NA	NA	NA	NA	NA
K8B78_00055	cds	0	NA	NA	NA	NA	NA
K8B78_00060	cds	0.0548150217076223	0.340161127315109	4.05729003464737	0.0838394900069482	0.933184050045524	0.992437694366657
K8B78_00065	cds	0.753593058695003	1.41990489871002	2.58481572312934	0.549325387494548	0.582782167819677	0.992437694366657
K8B78_00070	cds	0.698778036987381	1.24605073400346	2.70665293310681	0.460365907561405	0.645253601266472	0.992437694366657
K8B78_00075	cds	0.344434246505406	-0.144213088051307	4.04635820912315	-0.0356402178448157	0.971569239476422	0.992437694366657
K8B78_00080	cds	3.02106743149835	-1.20262753768358	1.00551667235959	-1.19602943515739	0.231685072565916	0.992437694366657
K8B78_00085	cds	1.5503720068388	0.754844177727804	1.50813543384387	0.500514848194958	0.616712603728742	0.992437694366657
K8B78_00100	cds	0	NA	NA	NA	NA	NA
K8B78_00105	cds	0.879934166476784	0.241426696978192	2.16693396860315	0.111413961143366	0.911288089595361	0.992437694366657
K8B78_00110	cds	0.724526135764561	1.41893275191145	2.64290748534745	0.536883246870412	0.591348263923928	0.992437694366657
K8B78_00115	cds	0.661215376973013	-1.55999201861971	2.76880735250498	-0.563416597838907	0.57315123759778	0.992437694366657
K8B78_00120	cds	1.35489357171745	1.27390389267503	1.72776737503776	0.737312158500032	0.46093254001057	0.992437694366657
K8B78_00125	cds	0.173783820840154	-1.45330564524076	4.0804728567969	-0.356161086286844	0.721719932270683	0.992437694366657
K8B78_00130	cds	0.515331530956437	-1.11678886864028	3.54428685516027	-0.315095508427683	0.75268913870862	0.992437694366657
K8B78_00135	cds	0.202850743770596	-1.45330564524076	4.0804728567969	-0.356161086286844	0.721719932270683	0.992437694366657
K8B78_00140	cds	0	NA	NA	NA	NA	NA
K8B78_00145	cds	0.0548150217076223	0.340161127315109	4.05729003464737	0.0838394900069482	0.933184050045524	0.992437694366657
K8B78_00150	cds	0	NA	NA	NA	NA	NA
K8B78_00155	cds	1.93623290879323	-0.744961907053004	1.36627576023371	-0.545250035706972	0.585581562796658	0.992437694366657
K8B78_00160	cds	0.0548150217076223	0.340161127315109	4.05729003464737	0.0838394900069482	0.933184050045524	0.992437694366657
K8B78_00165	cds	0	NA	NA	NA	NA	NA
K8B78_00170	cds	0	NA	NA	NA	NA	NA
K8B78_00175	cds	0	NA	NA	NA	NA	NA
K8B78_00180	cds	0.0548150217076223	0.340161127315109	4.05729003464737	0.0838394900069482	0.933184050045524	0.992437694366657
K8B78_00185	cds	0.276667206386296	0.817556181396176	4.04635843433476	0.2020473951242	0.839879672222042	0.992437694366657
K8B78_00190	cds	0.447858929378265	0.636668530633391	3.88724633635116	0.163783942550709	0.869901232958654	0.992437694366657
K8B78_00195	cds	0	NA	NA	NA	NA	NA
K8B78_00200	cds	0	NA	NA	NA	NA	NA
K8B78_00205	cds	0.45045102722645	-0.148966827542009	3.92778818040938	-0.037926390299001	0.96974637176627	0.992437694366657
K8B78_00210	cds	0.0548150217076223	0.340161127315109	4.05729003464737	0.0838394900069482	0.933184050045524	0.992437694366657
K8B78_00215	cds	0	NA	NA	NA	NA	NA
K8B78_00220	cds	0	NA	NA	NA	NA	NA
K8B78_00225	cds	0	NA	NA	NA	NA	NA
K8B78_00230	cds	0.225465447372874	1.29731318462424	4.03700179369559	0.321355612635643	0.747940916587146	0.992437694366657
K8B78_00235	cds	0	NA	NA	NA	NA	NA
K8B78_00240	cds	0.0548150217076223	0.340161127315109	4.05729003464737	0.0838394900069482	0.933184050045524	0.992437694366657
K8B78_00245	cds	0.447317632051548	2.00245092637131	3.91561114899437	0.511401885982879	0.60906967457968	0.992437694366657
K8B78_00250	cds	3.996516734955	0.463940414088171	0.831285299260941	0.558100106546622	0.576776027865455	0.992437694366657
K8B78_00255	cds	0	NA	NA	NA	NA	NA
K8B78_00260	cds	1.17574740896828	-0.797264967139473	1.82604633586709	-0.436607194176645	0.662396244366515	0.992437694366657
K8B78_00265	cds	7.82340719382483	-0.616301947305694	0.610379717382742	-1.00970253393797	0.312637828094847	0.992437694366657
K8B78_00270	cds	1.57157290354844	2.77403039347653	1.69168898380328	1.6397992893705	0.101046906010852	0.992437694366657
K8B78_00275	cds	3.74168992611074	0.174361425121942	0.855846594188922	0.203729764546394	0.838564681228624	0.992437694366657
K8B78_00280	cds	0.45045102722645	-0.148966827542009	3.92778818040938	-0.037926390299001	0.96974637176627	0.992437694366657
K8B78_00285	cds	0	NA	NA	NA	NA	NA
K8B78_00290	cds	0	NA	NA	NA	NA	NA
K8B78_00295	cds	0	NA	NA	NA	NA	NA
K8B78_00300	cds	0	NA	NA	NA	NA	NA
K8B78_00305	cds	0	NA	NA	NA	NA	NA
K8B78_00310	cds	0	NA	NA	NA	NA	NA
K8B78_00315	cds	0	NA	NA	NA	NA	NA
K8B78_00320	cds	0	NA	NA	NA	NA	NA
K8B78_00325	cds	0	NA	NA	NA	NA	NA
K8B78_00330	cds	0	NA	NA	NA	NA	NA
K8B78_00335	cds	0.0548150217076223	0.340161127315109	4.05729003464737	0.0838394900069482	0.933184050045524	0.992437694366657
K8B78_00340	cds	8.49976389022595	-0.524902219974118	0.605518132510735	-0.866864577279711	0.38601621413595	0.992437694366657
K8B78_00345	cds	0	NA	NA	NA	NA	NA
K8B78_00350	cds	0	NA	NA	NA	NA	NA
K8B78_00355	cds	0	NA	NA	NA	NA	NA
K8B78_00360	cds	0.173783820840154	-1.45330564524076	4.0804728567969	-0.356161086286844	0.721719932270683	0.992437694366657
K8B78_00365	cds	0	NA	NA	NA	NA	NA
K8B78_00370	cds	0.204017691877461	-1.45330564524076	4.0804728567969	-0.356161086286844	0.721719932270682	0.992437694366657
K8B78_00375	cds	0.766545077106491	0.184807238292508	2.38638456820321	0.0774423539084714	0.938271648382716	0.992437694366657
K8B78_00380	cds	3.52954394629505	0.0278785131662079	0.930590321025241	0.0299578799997552	0.976100644971183	0.993575592579362
K8B78_00385	cds	1.28924891671218	-0.531523485707626	1.63347796451863	-0.325393728751194	0.744883101230254	0.992437694366657
K8B78_00390	cds	0.0548150217076223	0.340161127315109	4.05729003464737	0.0838394900069482	0.933184050045524	0.992437694366657
K8B78_00395	cds	0.202850743770596	-1.45330564524076	4.0804728567969	-0.356161086286844	0.721719932270683	0.992437694366657
K8B78_00400	cds	2.50065802851718	1.37114339858992	1.17663509334493	1.16530894441713	0.243893959856412	0.992437694366657
K8B78_00405	cds	13.2224644418899	0.377158528003082	0.520489686758108	0.724622480710866	0.468683663522513	0.992437694366657
K8B78_00410	cds	0	NA	NA	NA	NA	NA
K8B78_00415	cds	0.202850743770596	-1.45330564524076	4.0804728567969	-0.356161086286844	0.721719932270683	0.992437694366657
K8B78_00420	cds	0	NA	NA	NA	NA	NA
K8B78_00425	cds	0	NA	NA	NA	NA	NA
K8B78_00430	cds	0	NA	NA	NA	NA	NA
K8B78_00435	cds	0.814613440945011	1.51783033581575	2.33578545796128	0.649815817048772	0.515811200737678	0.992437694366657
K8B78_00440	cds	0	NA	NA	NA	NA	NA
K8B78_00445	cds	0	NA	NA	NA	NA	NA
K8B78_00450	cds	1.93116841423617	-1.98118442825408	1.37262147192745	-1.44335817905579	0.148919598590635	0.992437694366657
K8B78_00455	cds	1.51211211145192	1.35681778065844	1.74876563574861	0.775871707976246	0.437824738977959	0.992437694366657
K8B78_00460	cds	1.04321228349279	0.786927401167822	1.9252835440165	0.408733250545603	0.682735429588031	0.992437694366657
K8B78_00465	cds	0.56989969387828	0.952248504254623	3.08594825929771	0.308575654625957	0.757644342454013	0.992437694366657
K8B78_00470	cds	0.950281961595402	-1.67160199649785	2.23038564341614	-0.749467699199125	0.453575360133873	0.992437694366657
K8B78_00475	cds	0.785546518014569	1.51958244445162	2.37882614648021	0.638795082482192	0.522956247744175	0.992437694366657
K8B78_00480	cds	0.331482228093918	1.32566323268583	4.03558372832831	0.328493551844845	0.742538518933187	0.992437694366657
K8B78_00485	cds	1.02967813397334	-1.068931099245	2.07815724172933	-0.51436487951003	0.606996908926955	0.992437694366657
K8B78_00490	cds	0.632333883020931	-0.640889001224937	2.7115700402933	-0.236353474814029	0.813158395202117	0.992437694366657
K8B78_00495	cds	0.374668117542712	-0.144213088051307	4.04635820912315	-0.0356402178448157	0.971569239476422	0.992437694366657
K8B78_00500	cds	0.0548150217076223	0.340161127315109	4.05729003464737	0.0838394900069482	0.933184050045524	0.992437694366657
K8B78_00505	cds	0.578685809420173	-1.14063683284139	3.30321273620955	-0.345311345024141	0.729860318541693	0.992437694366657
K8B78_00510	cds	0.280280469080497	1.55333478645372	4.0250333516253	0.385918488309292	0.699557037630276	0.992437694366657
K8B78_00515	cds	0.460516509248814	-1.57871239235442	3.82169390868905	-0.413092317196058	0.67953897806719	0.992437694366657
K8B78_00520	cds	1.71905168740439	-2.00430904167183	1.52640212928589	-1.31309371443915	0.189151371618792	0.992437694366657
K8B78_00525	cds	1.3005541194975	-2.80573054532469	1.8841028027815	-1.48916000824509	0.136445238975215	0.992437694366657
K8B78_00530	cds	1.32144923481752	-1.32781302729171	1.646509596125	-0.806441110587312	0.419988550679557	0.992437694366657
K8B78_00535	cds	0.173783820840154	-1.45330564524076	4.0804728567969	-0.356161086286844	0.721719932270683	0.992437694366657
K8B78_00540	cds	0	NA	NA	NA	NA	NA
K8B78_00545	cds	1.19916161153173	-0.538692967067332	1.69841908383419	-0.317173171330146	0.751112205927641	0.992437694366657
K8B78_00550	cds	1.17829598714427	0.860828174623076	1.97993143389592	0.434776760389739	0.663724475079346	0.992437694366657
K8B78_00555	cds	1.20346195481349	-1.33521213936155	1.89034219066794	-0.706333565400539	0.479980724481104	0.992437694366657
K8B78_00560	cds	0	NA	NA	NA	NA	NA
K8B78_00565	cds	0	NA	NA	NA	NA	NA
K8B78_00570	cds	0	NA	NA	NA	NA	NA
K8B78_00575	cds	0	NA	NA	NA	NA	NA
K8B78_00580	cds	0	NA	NA	NA	NA	NA
K8B78_00585	cds	0.66336725301941	-2.15796046352345	2.99814720584804	-0.719764679770971	0.471669895090264	0.992437694366657
K8B78_00590	cds	0.202850743770596	-1.45330564524076	4.0804728567969	-0.356161086286844	0.721719932270683	0.992437694366657
K8B78_00595	cds	0	NA	NA	NA	NA	NA
K8B78_00600	cds	3.82509606331248	0.942274648324397	0.915995282464537	1.02868941179386	0.303625647017573	0.992437694366657
K8B78_00605	cds	0.486264608025995	-1.02260575117989	3.39286183756534	-0.301399172774361	0.763110125034241	0.992437694366657
K8B78_00610	cds	1.45321411431575	-0.946355015545292	1.53252917524597	-0.617511908308957	0.536897129115778	0.992437694366657
K8B78_00615	cds	0	NA	NA	NA	NA	NA
K8B78_00620	cds	0	NA	NA	NA	NA	NA
K8B78_00625	cds	0	NA	NA	NA	NA	NA
K8B78_00630	cds	0	NA	NA	NA	NA	NA
K8B78_00635	cds	0.0548150217076223	0.340161127315109	4.05729003464737	0.0838394900069482	0.933184050045524	0.992437694366657
K8B78_00640	cds	2.44075044733232	0.940454334365487	1.20759241306318	0.778784566872137	0.436106630388989	0.992437694366657
K8B78_00645	cds	0.65446871910391	-1.08737489760047	2.876717288433	-0.377991574623166	0.705436852950706	0.992437694366657
K8B78_00650	cds	0	NA	NA	NA	NA	NA
K8B78_00655	cds	0.313647735292705	-0.169130501904008	4.04685382652495	-0.0417930839990929	0.966663648366881	0.992437694366657
K8B78_00660	cds	0.164445065122867	1.10366924633593	4.04118419481979	0.273105405032186	0.784772192000975	0.992437694366657
K8B78_00665	cds	0.109630043415245	0.792644007599646	4.04685395018959	0.195866719519866	0.844714486663204	0.992437694366657
K8B78_00670	cds	0.517665427170166	-1.12343650339685	3.533911058094	-0.317901748212864	0.750559466460599	0.992437694366657
K8B78_00675	cds	0.457197685095553	-0.933339981317861	3.84134722279938	-0.242972042667283	0.80802705528149	0.992437694366657
K8B78_00680	cds	0	NA	NA	NA	NA	NA
K8B78_00685	cds	1.72887031064097	-1.8001966276038	1.51888543116318	-1.18520896353926	0.235934836793803	0.992437694366657
K8B78_00690	cds	4.3811158941079	0.470771296897954	0.854986782524133	0.550618216001094	0.581895418926761	0.992437694366657
K8B78_00695	cds	0.0548150217076223	0.340161127315109	4.05729003464737	0.0838394900069482	0.933184050045524	0.992437694366657
K8B78_00700	cds	0	NA	NA	NA	NA	NA
K8B78_00705	cds	0	NA	NA	NA	NA	NA
K8B78_00710	cds	0	NA	NA	NA	NA	NA
K8B78_00715	cds	0	NA	NA	NA	NA	NA
K8B78_00720	cds	0	NA	NA	NA	NA	NA
K8B78_00725	cds	0.228598842547776	-0.621612225862862	4.05728984179716	-0.153208730482888	0.878233673027429	0.992437694366657
K8B78_00730	cds	0	NA	NA	NA	NA	NA
K8B78_00735	cds	0.173783820840154	-1.45330564524076	4.0804728567969	-0.356161086286844	0.721719932270683	0.992437694366657
K8B78_00740	cds	0.373501169435848	-0.144213088051308	4.04635820912315	-0.0356402178448157	0.971569239476422	0.992437694366657
K8B78_00745	cds	0	NA	NA	NA	NA	NA
K8B78_00750	cds	0.344434246505406	-0.144213088051307	4.04635820912315	-0.0356402178448157	0.971569239476422	0.992437694366657
K8B78_00755	cds	0	NA	NA	NA	NA	NA
K8B78_00760	cds	0.635467278195833	-2.09648590289303	2.65895527596092	-0.788462266306974	0.430426361773259	0.992437694366657
K8B78_00765	cds	0	NA	NA	NA	NA	NA
K8B78_00770	cds	0.801631931600959	-0.760230541389421	2.46246492079241	-0.308727460428058	0.757528853159122	0.992437694366657
K8B78_00775	cds	0	NA	NA	NA	NA	NA
K8B78_00780	cds	0.0548150217076223	0.340161127315109	4.05729003464737	0.0838394900069482	0.933184050045524	0.992437694366657
K8B78_00785	cds	0	NA	NA	NA	NA	NA
K8B78_00790	cds	37.1678854103408	0.061058218224624	0.4008903555217	0.152306528165702	0.878945176260057	0.992437694366657
K8B78_00795	cds	291.062414801676	0.00261533444170934	0.371853521763563	0.00703323832810775	0.994388333990452	0.998109777973194
K8B78_00800	cds	0	NA	NA	NA	NA	NA
K8B78_00805	cds	0.539113182665579	0.817467440750828	3.16339272420407	0.258414781856245	0.796086809657426	0.992437694366657
K8B78_00810	cds	0.461683457355679	-1.57883315294753	3.50643818060891	-0.450266929466687	0.652517981597643	0.992437694366657
K8B78_00815	cds	0	NA	NA	NA	NA	NA
K8B78_00820	cds	1.0338735277755	2.03929710648518	2.05216940060918	0.99372747000312	0.320355565305481	0.992437694366657
K8B78_00825	cds	0	NA	NA	NA	NA	NA
K8B78_00830	cds	0.312480787185841	-0.169130501904008	4.04685382652495	-0.0417930839990929	0.966663648366881	0.992437694366657
K8B78_00835	cds	0	NA	NA	NA	NA	NA
K8B78_00840	cds	0.202850743770596	-1.45330564524076	4.0804728567969	-0.356161086286844	0.721719932270683	0.992437694366657
K8B78_00845	cds	0.635467278195833	-2.09648590289303	2.65895527596092	-0.788462266306974	0.430426361773259	0.992437694366657
K8B78_00850	cds	0.0548150217076223	0.340161127315109	4.05729003464737	0.0838394900069482	0.933184050045524	0.992437694366657
K8B78_00855	cds	0.0548150217076223	0.340161127315109	4.05729003464737	0.0838394900069482	0.933184050045524	0.992437694366657
K8B78_00860	cds	0.0548150217076223	0.340161127315109	4.05729003464737	0.0838394900069482	0.933184050045524	0.992437694366657
K8B78_00865	cds	0	NA	NA	NA	NA	NA
K8B78_00870	cds	0.824432064181596	1.60062067785519	2.45336137190388	0.652419450385763	0.514130620177919	0.992437694366657
K8B78_00875	cds	1.88182474400015	-0.313053605256661	1.29192236990169	-0.242316111672006	0.808535230420339	0.992437694366657
K8B78_00880	cds	0	NA	NA	NA	NA	NA
K8B78_00885	cds	9.11521262275066	-0.383921265733333	0.615370259408522	-0.623886611131236	0.532702053794268	0.992437694366657
K8B78_00890	cds	0.280280469080497	1.55333478645372	4.0250333516253	0.385918488309292	0.699557037630276	0.992437694366657
K8B78_00895	cds	0.45045102722645	-0.148966827542009	3.92778818040938	-0.037926390299001	0.96974637176627	0.992437694366657
K8B78_00900	cds	0	NA	NA	NA	NA	NA
K8B78_00905	cds	0	NA	NA	NA	NA	NA
K8B78_00910	cds	0	NA	NA	NA	NA	NA
K8B78_00915	cds	0	NA	NA	NA	NA	NA
K8B78_00920	cds	0	NA	NA	NA	NA	NA
K8B78_00925	cds	0	NA	NA	NA	NA	NA
K8B78_00930	cds	0	NA	NA	NA	NA	NA
K8B78_00935	cds	0	NA	NA	NA	NA	NA
K8B78_00940	cds	0.484298160957957	0.595865118436837	3.3966468817501	0.175427455128871	0.860743769007014	0.992437694366657
K8B78_00945	cds	0.521351462520462	-2.79885610674106	3.81206793543263	-0.734209398716664	0.462821126140759	0.992437694366657
K8B78_00950	cds	0.450930894745748	2.10190630740642	3.82120843792065	0.550063243488018	0.582275996399968	0.992437694366657
K8B78_00955	cds	0.173783820840154	-1.45330564524076	4.0804728567969	-0.356161086286844	0.721719932270683	0.992437694366657
K8B78_00960	cds	0.53174087401633	0.853172489935112	3.46406116945171	0.246292558993741	0.805455769635997	0.992437694366657
K8B78_00965	cds	0.736925514000655	-0.0523845453262022	2.79669287645708	-0.0187308895328415	0.98505578629024	0.997671429380991
K8B78_00970	cds	0.981867971769276	-2.7783360390745	2.17616459388089	-1.27671227024226	0.201703847872768	0.992437694366657
K8B78_00975	cds	4.38463583662746	1.13642624590436	0.884843945335481	1.2843239216306	0.199028640110656	0.992437694366657
K8B78_00980	cds	2.40540109317177	-0.955260437796199	1.10399044696851	-0.865279623043197	0.386885332212936	0.992437694366657
K8B78_00985	cds	0.173783820840154	-1.45330564524076	4.0804728567969	-0.356161086286844	0.721719932270683	0.992437694366657
K8B78_00990	cds	2.53955085744991	0.13493006095428	1.10474281179707	0.122137079792165	0.902790456268274	0.992437694366657
K8B78_00995	cds	2.42929516325452	-0.23421071648145	1.11831214927366	-0.209432327667699	0.834110758454767	0.992437694366657
K8B78_01000	cds	12.1276769197432	0.196269290589726	0.551240462256677	0.356050224953074	0.721802952408524	0.992437694366657
K8B78_01005	cds	0	NA	NA	NA	NA	NA
K8B78_01010	cds	0.664534201126275	-2.15606811165785	2.76780349205233	-0.778981642970296	0.435990528386053	0.992437694366657
K8B78_01015	cds	0	NA	NA	NA	NA	NA
K8B78_01020	cds	0.802984308686183	-0.00171045311410419	2.3671942977044	-0.000722565577216414	0.999423476131939	0.999423476131939
K8B78_01025	cds	0.534332971864514	0.338506679124567	3.24026729437887	0.104468751609412	0.916797365165031	0.992437694366657
K8B78_01030	cds	0.276667206386296	0.817556181396176	4.04635843433476	0.2020473951242	0.839879672222042	0.992437694366657
K8B78_01035	cds	0.164445065122867	1.10366924633593	4.04118419481979	0.273105405032186	0.784772192000975	0.992437694366657
K8B78_01040	cds	0.0548150217076223	0.340161127315109	4.05729003464737	0.0838394900069482	0.933184050045524	0.992437694366657
K8B78_01045	cds	0	NA	NA	NA	NA	NA
K8B78_01050	cds	0.109630043415245	0.792644007599646	4.04685395018959	0.195866719519866	0.844714486663204	0.992437694366657
K8B78_01055	cds	0	NA	NA	NA	NA	NA
K8B78_01060	cds	0	NA	NA	NA	NA	NA
K8B78_01065	cds	0.173783820840154	-1.45330564524076	4.0804728567969	-0.356161086286844	0.721719932270683	0.992437694366657
K8B78_01070	cds	0	NA	NA	NA	NA	NA
K8B78_01075	cds	0	NA	NA	NA	NA	NA
K8B78_01080	cds	0.0548150217076223	0.340161127315109	4.05729003464737	0.0838394900069482	0.933184050045524	0.992437694366657
K8B78_01085	cds	0.679049869774226	-0.467814793853386	2.79846952764056	-0.167168085709981	0.867237794948671	0.992437694366657
K8B78_01090	cds	0.164445065122867	1.10366924633593	4.04118419481979	0.273105405032186	0.784772192000975	0.992437694366657
K8B78_01095	cds	2.37304483702063	0.391200739308622	1.1564786515609	0.338268880952205	0.735160572312709	0.992437694366657
K8B78_01100	cds	1.26896810932363	-1.61601505049822	1.70506851694905	-0.947771326743993	0.34324588058574	0.992437694366657
K8B78_01105	cds	11.5369296903	0.203344661870768	0.556859765525491	0.365163142427571	0.714989629431849	0.992437694366657
K8B78_01110	cds	0.405701487541192	-2.41201521938008	4.03250914990581	-0.598142528563492	0.549744835222615	0.992437694366657
K8B78_01115	cds	1.20794772707362	-1.62632211018315	1.82262718374532	-0.892295541670354	0.372234543294285	0.992437694366657
K8B78_01120	cds	0	NA	NA	NA	NA	NA
K8B78_01125	cds	0	NA	NA	NA	NA	NA
K8B78_01130	cds	0.331482228093918	1.32566323268583	4.03558372832831	0.328493551844845	0.742538518933187	0.992437694366657
K8B78_01135	cds	0	NA	NA	NA	NA	NA
K8B78_01140	cds	0	NA	NA	NA	NA	NA
K8B78_01145	cds	0	NA	NA	NA	NA	NA
K8B78_01150	cds	0	NA	NA	NA	NA	NA
K8B78_01155	cds	0	NA	NA	NA	NA	NA
K8B78_01160	cds	0	NA	NA	NA	NA	NA
K8B78_01165	cds	0	NA	NA	NA	NA	NA
K8B78_01170	cds	1.31069667220759	0.403034411890106	1.69714563706402	0.237477799835337	0.812286139827743	0.992437694366657
K8B78_01175	cds	0.173783820840154	-1.45330564524076	4.0804728567969	-0.356161086286844	0.721719932270683	0.992437694366657
K8B78_01180	cds	0.432616534425237	-1.4890705513369	3.65765672726976	-0.407110525226463	0.683926813346868	0.992437694366657
K8B78_01185	cds	0.202850743770596	-1.45330564524076	4.0804728567969	-0.356161086286844	0.721719932270683	0.992437694366657
K8B78_01190	cds	0	NA	NA	NA	NA	NA
K8B78_01195	cds	0.170650425665252	0.817556315744581	4.04635843168295	0.202047428458913	0.839879646162178	0.992437694366657
K8B78_01200	cds	0.682368693927488	-1.15423934045041	3.00588238068799	-0.383993514804868	0.700983254164834	0.992437694366657
K8B78_01205	cds	0	NA	NA	NA	NA	NA
K8B78_01210	cds	0	NA	NA	NA	NA	NA
K8B78_01215	cds	1.20911467518049	-1.65710897144241	1.93521670600798	-0.856291166926076	0.391836745892182	0.992437694366657
K8B78_01220	cds	0.712897003505733	-0.0288740951686581	2.49388130192366	-0.0115779749206131	0.990762318950367	0.997671429380991
K8B78_01225	cds	0.709283740811532	-0.568959665473251	2.56994200837486	-0.221390079472276	0.824788716231777	0.992437694366657
K8B78_01230	cds	0.0548150217076223	0.340161127315109	4.05729003464737	0.0838394900069482	0.933184050045524	0.992437694366657
K8B78_01235	cds	0	NA	NA	NA	NA	NA
K8B78_01240	cds	0.228598842547776	-0.621612225862862	4.05728984179716	-0.153208730482888	0.878233673027429	0.992437694366657
K8B78_01245	cds	0	NA	NA	NA	NA	NA
K8B78_01250	cds	0.828732407463363	0.286017812678124	2.2887811227869	0.124965122191264	0.90055116230223	0.992437694366657
K8B78_01255	cds	0	NA	NA	NA	NA	NA
K8B78_01260	cds	0	NA	NA	NA	NA	NA
K8B78_01265	cds	1.17771385603631	-1.5934310018357	1.82404905765633	-0.87356806284753	0.382353525066166	0.992437694366657
K8B78_01270	cds	0	NA	NA	NA	NA	NA
K8B78_01275	cds	0.548451938382866	-1.06039650159031	3.16506619749021	-0.335031381786317	0.737601413610455	0.992437694366657
K8B78_01280	cds	7.39626343688359	0.362850890556161	0.675789436475809	0.536928917457486	0.591316715328831	0.992437694366657
K8B78_01285	cds	0.0548150217076223	0.340161127315109	4.05729003464737	0.0838394900069482	0.933184050045524	0.992437694366657
K8B78_01290	cds	0	NA	NA	NA	NA	NA
K8B78_01295	cds	0	NA	NA	NA	NA	NA
K8B78_01300	cds	0	NA	NA	NA	NA	NA
K8B78_01305	cds	0.0548150217076223	0.340161127315109	4.05729003464737	0.0838394900069482	0.933184050045524	0.992437694366657
K8B78_01310	cds	0	NA	NA	NA	NA	NA
K8B78_01315	cds	0	NA	NA	NA	NA	NA
K8B78_01320	cds	0.170650425665252	0.817556315744581	4.04635843168295	0.202047428458913	0.839879646162178	0.992437694366657
K8B78_01325	cds	0.862099673675571	-0.872985085629245	2.21423051738129	-0.394261156991776	0.693388237782413	0.992437694366657
K8B78_01330	cds	0.367295808893463	0.141893788368204	4.04118410858733	0.0351119336698089	0.971990485588248	0.992437694366657
K8B78_01335	cds	0	NA	NA	NA	NA	NA
K8B78_01340	cds	0.170650425665252	0.817556315744581	4.04635843168295	0.202047428458913	0.839879646162178	0.992437694366657
K8B78_01345	cds	0.0548150217076223	0.340161127315109	4.05729003464737	0.0838394900069482	0.933184050045524	0.992437694366657
K8B78_01350	cds	0.389910512495741	1.93565922078831	4.01031669137816	0.482669916056709	0.629330127263535	0.992437694366657
K8B78_01355	cds	0.204017691877461	-1.45330564524076	4.0804728567969	-0.356161086286844	0.721719932270682	0.992437694366657
K8B78_01360	cds	0	NA	NA	NA	NA	NA
K8B78_01365	cds	0.73575856589379	-0.0241835449176033	2.61503480906171	-0.0092478864272864	0.99262135937417	0.998109777973194
K8B78_01370	cds	0.0548150217076223	0.340161127315109	4.05729003464737	0.0838394900069482	0.933184050045524	0.992437694366657
K8B78_01375	cds	0	NA	NA	NA	NA	NA
K8B78_01380	cds	0	NA	NA	NA	NA	NA
K8B78_01385	cds	0.399249268213028	0.33381611792935	3.87626950170267	0.0861178815824648	0.931372708984207	0.992437694366657
K8B78_01390	cds	0	NA	NA	NA	NA	NA
K8B78_01395	cds	0	NA	NA	NA	NA	NA
K8B78_01400	cds	0	NA	NA	NA	NA	NA
K8B78_01405	cds	0	NA	NA	NA	NA	NA
K8B78_01410	cds	0.173783820840154	-1.45330564524076	4.0804728567969	-0.356161086286844	0.721719932270683	0.992437694366657
K8B78_01415	cds	0	NA	NA	NA	NA	NA
K8B78_01420	cds	0.170650425665252	0.817556315744581	4.04635843168295	0.202047428458913	0.839879646162178	0.992437694366657
K8B78_01425	cds	0.51821806734556	-0.936603090842503	3.54924303221	-0.263888125536253	0.791866125873169	0.992437694366657
K8B78_01430	cds	0	NA	NA	NA	NA	NA
K8B78_01435	cds	0	NA	NA	NA	NA	NA
K8B78_01440	cds	0.40238266338793	-1.38685318104749	4.0268649229747	-0.344400223890052	0.730545320513992	0.992437694366657
K8B78_01445	cds	0	NA	NA	NA	NA	NA
K8B78_01450	cds	1.73773349687059	0.211163512800112	1.35838785260354	0.15545156149283	0.876465337971762	0.992437694366657
K8B78_01455	cds	0.257665765478218	-0.621612225862862	4.05728984179716	-0.153208730482888	0.878233673027429	0.992437694366657
K8B78_01460	cds	0	NA	NA	NA	NA	NA
K8B78_01465	cds	0	NA	NA	NA	NA	NA
K8B78_01470	cds	0.276667206386296	0.817556181396176	4.04635843433476	0.2020473951242	0.839879672222042	0.992437694366657
K8B78_01475	cds	0	NA	NA	NA	NA	NA
K8B78_01480	cds	0	NA	NA	NA	NA	NA
K8B78_01485	cds	0	NA	NA	NA	NA	NA
K8B78_01490	cds	0.204017691877461	-1.45330564524076	4.0804728567969	-0.356161086286844	0.721719932270682	0.992437694366657
K8B78_01495	cds	2.02784643923993	-1.10400500338794	1.34487422192876	-0.82089833040641	0.411704182158015	0.992437694366657
K8B78_01500	cds	1.84545852302522	-0.0248687780923587	1.32216304045399	-0.0188091614509354	0.98499334533564	0.997671429380991
K8B78_01505	cds	3.05196026638268	0.696440153671693	1.01663947213921	0.685041425950387	0.493317780377838	0.992437694366657
K8B78_01510	cds	1.28231682986471	-0.548795797584213	1.68708265667662	-0.325292774134306	0.744959499160857	0.992437694366657
K8B78_01515	cds	10.5025463265422	0.0859432762686051	0.545163649597756	0.157646747599583	0.874735164870209	0.992437694366657
K8B78_01520	cds	0	NA	NA	NA	NA	NA
K8B78_01525	cds	0	NA	NA	NA	NA	NA
K8B78_01530	cds	0	NA	NA	NA	NA	NA
K8B78_01535	cds	0	NA	NA	NA	NA	NA
K8B78_01540	cds	0	NA	NA	NA	NA	NA
K8B78_01545	cds	0	NA	NA	NA	NA	NA
K8B78_01550	cds	0	NA	NA	NA	NA	NA
K8B78_01555	cds	0	NA	NA	NA	NA	NA
K8B78_01560	cds	124.814613016162	-0.0639679971157902	0.371589279486969	-0.172147046879574	0.863321926745729	0.992437694366657
K8B78_01565	cds	1.05561166172888	-0.235021390840276	1.94029996756473	-0.121126317976107	0.903590983915406	0.992437694366657
K8B78_01570	cds	0	NA	NA	NA	NA	NA
K8B78_01575	cds	0	NA	NA	NA	NA	NA
K8B78_01580	cds	0	NA	NA	NA	NA	NA
K8B78_01585	cds	10.3804105812192	-0.377670402737822	0.548775349279704	-0.688205844583824	0.491323163937887	0.992437694366657
K8B78_01590	cds	2.7644126760812	-0.45609113724644	1.12087780703702	-0.406905315087015	0.684077532086269	0.992437694366657
K8B78_01595	cds	0	NA	NA	NA	NA	NA
K8B78_01600	cds	0	NA	NA	NA	NA	NA
K8B78_01605	cds	0.399249268213028	0.33381611792935	3.87626950170267	0.0861178815824648	0.931372708984207	0.992437694366657
K8B78_01610	cds	0.603266960090489	-0.559326772625506	2.78458826159793	-0.200865162127969	0.840804009083846	0.992437694366657
K8B78_01615	cds	0	NA	NA	NA	NA	NA
K8B78_01620	cds	6.3760459681273	-0.222535327139066	0.69984750170732	-0.317976882958328	0.750502472286678	0.992437694366657
K8B78_01625	cds	0	NA	NA	NA	NA	NA
K8B78_01630	cds	0	NA	NA	NA	NA	NA
K8B78_01635	cds	0	NA	NA	NA	NA	NA
K8B78_01640	cds	0.283413864255399	-0.169130501904008	4.04685382652495	-0.0417930839990929	0.966663648366882	0.992437694366657
K8B78_01645	cds	1.57871220346417	0.691660956629286	1.45978209386527	0.473811097927553	0.63563461989748	0.992437694366657
K8B78_01650	cds	6.99036428829476	-0.452842850250748	0.674977459653195	-0.670900700126223	0.502283790319537	0.992437694366657
K8B78_01655	cds	3.54503726011683	1.20651121213424	0.958481392493434	1.2587737452008	0.20811206605935	0.992437694366657
K8B78_01660	cds	0.170650425665252	0.817556315744581	4.04635843168295	0.202047428458913	0.839879646162178	0.992437694366657
K8B78_01665	cds	2.39294028512825	0.34941895931245	1.2829312915121	0.272359838460729	0.785345350053686	0.992437694366657
K8B78_01670	cds	0.38629724980154	1.75186365202327	4.01695725902211	0.436117075452713	0.662751788838491	0.992437694366657
K8B78_01675	cds	0.770002401754896	2.89710537378144	2.68413379179412	1.07934462232785	0.28043412772926	0.992437694366657
K8B78_01680	cds	11.3500405988936	-0.00768349595434459	0.548790280667428	-0.0140007872315087	0.988829352978928	0.997671429380991
K8B78_01685	cds	5.07170361058531	-0.939728860441589	0.803733523403036	-1.16920451005048	0.242321244531067	0.992437694366657
K8B78_01690	cds	0.695135283360616	-3.21642348266383	3.13440253544505	-1.02616796862919	0.304812416894494	0.992437694366657
K8B78_01695	cds	0.164445065122867	1.10366924633593	4.04118419481979	0.273105405032186	0.784772192000975	0.992437694366657
K8B78_01700	cds	0	NA	NA	NA	NA	NA
K8B78_01705	cds	6.30167752899499	0.0398362247658937	0.701673196416467	0.0567731886715101	0.954725871820452	0.992437694366657
K8B78_01710	cds	0.624234848066604	-0.96756078246745	3.17595905526731	-0.304651529075211	0.760631569821954	0.992437694366657
K8B78_01715	cds	6.11693421893293	0.489464405941727	0.686427828334908	0.713060260288453	0.475808468971297	0.992437694366657
K8B78_01720	cds	1.01775456317357	-3.73337238113827	2.2789454702734	-1.63820171646774	0.101379621694738	0.992437694366657
K8B78_01725	cds	0.461683457355679	-1.57883315294753	3.50643818060891	-0.450266929466687	0.652517981597643	0.992437694366657
K8B78_01730	cds	2.12560049161057	-0.830223387317137	1.21449324614779	-0.683596545267332	0.494229966808645	0.992437694366657
K8B78_01735	cds	2.60981548717883	-0.27359560765486	1.07216762868451	-0.255179880771579	0.798584169613376	0.992437694366657
K8B78_01740	cds	0	NA	NA	NA	NA	NA
K8B78_01745	cds	0.173783820840154	-1.45330564524076	4.0804728567969	-0.356161086286844	0.721719932270683	0.992437694366657
K8B78_01750	cds	0	NA	NA	NA	NA	NA
K8B78_01755	cds	0	NA	NA	NA	NA	NA
K8B78_01760	cds	0.170650425665252	0.817556315744581	4.04635843168295	0.202047428458913	0.839879646162178	0.992437694366657
K8B78_01765	cds	0.621101452891702	0.974245492166224	2.97973027788128	0.326957610693192	0.743699946433859	0.992437694366657
K8B78_01770	cds	0.257665765478218	-0.621612225862862	4.05728984179716	-0.153208730482888	0.878233673027429	0.992437694366657
K8B78_01775	cds	0	NA	NA	NA	NA	NA
K8B78_01780	cds	0.849147655264084	0.0886166712703866	2.40585054654826	0.0368338221996073	0.970617506122486	0.992437694366657
K8B78_01785	cds	0	NA	NA	NA	NA	NA
K8B78_01790	cds	0.109630043415245	0.792644007599646	4.04685395018959	0.195866719519866	0.844714486663204	0.992437694366657
K8B78_01795	cds	0.405701487541192	-2.41201521938008	4.03250914990581	-0.598142528563492	0.549744835222615	0.992437694366657
K8B78_01800	cds	0	NA	NA	NA	NA	NA
K8B78_01805	cds	0	NA	NA	NA	NA	NA
K8B78_01810	cds	0.0548150217076223	0.340161127315109	4.05729003464737	0.0838394900069482	0.933184050045524	0.992437694366657
K8B78_01815	cds	0.204017691877461	-1.45330564524076	4.0804728567969	-0.356161086286844	0.721719932270682	0.992437694366657
K8B78_01820	cds	0.422110830601085	0.397369888355041	4.03393945392664	0.098506656555849	0.921529986501855	0.992437694366657
K8B78_01825	cds	0	NA	NA	NA	NA	NA
K8B78_01830	cds	1.11028208823938	3.25299757194988	2.08324583016307	1.56150442009777	0.118404781758432	0.992437694366657
K8B78_01835	cds	11.9794287240784	-0.0378723117127065	0.617141933229155	-0.0613672636285498	0.951066723043929	0.992437694366657
K8B78_01840	cds	0	NA	NA	NA	NA	NA
K8B78_01845	cds	0	NA	NA	NA	NA	NA
K8B78_01850	cds	0	NA	NA	NA	NA	NA
K8B78_01855	cds	0.0548150217076223	0.340161127315109	4.05729003464737	0.0838394900069482	0.933184050045524	0.992437694366657
K8B78_01860	cds	0.462850405462543	-1.58571298387601	3.80862015529236	-0.41634841995796	0.677155066157367	0.992437694366657
K8B78_01865	cds	0	NA	NA	NA	NA	NA
K8B78_01870	cds	0.56989969387828	0.952248504254623	3.08594825929771	0.308575654625957	0.757644342454013	0.992437694366657
K8B78_01875	cds	0.406868435648057	-2.41563620035963	4.03219902455072	-0.599086549461378	0.549115170655865	0.992437694366657
K8B78_01880	cds	0	NA	NA	NA	NA	NA
K8B78_01885	cds	0.204017691877461	-1.45330564524076	4.0804728567969	-0.356161086286844	0.721719932270682	0.992437694366657
K8B78_01890	cds	0	NA	NA	NA	NA	NA
K8B78_01895	cds	0	NA	NA	NA	NA	NA
K8B78_01900	cds	3.42801293783413	-0.0959895119890842	0.960749050650731	-0.0999111182301653	0.920414889449362	0.992437694366657
K8B78_01905	cds	2.68841216059559	0.327699433972317	1.07958752278473	0.303541331347583	0.76147735440123	0.992437694366657
K8B78_01910	cds	0.867384944896871	-2.56484114688807	2.36704456980191	-1.08356267541794	0.278558747469163	0.992437694366657
K8B78_01915	cds	0.502673951085888	0.845539806119488	3.59494619683401	0.235202353477261	0.814051679421072	0.992437694366657
K8B78_01920	cds	0.834999197813167	-1.94119828466623	2.40194966167677	-0.808176089465217	0.418989220200283	0.992437694366657
K8B78_01925	cds	0.173783820840154	-1.45330564524076	4.0804728567969	-0.356161086286844	0.721719932270683	0.992437694366657
K8B78_01930	cds	1.95611701405218	-1.14797385251708	1.28618515845027	-0.892541672538246	0.372102666707128	0.992437694366657
K8B78_01935	cds	0.164445065122867	1.10366924633593	4.04118419481979	0.273105405032186	0.784772192000975	0.992437694366657
K8B78_01940	cds	0.795612000036933	0.100481518468978	2.47694076352479	0.0405667830045271	0.967641265669304	0.992437694366657
K8B78_01945	cds	0	NA	NA	NA	NA	NA
K8B78_01950	cds	0.173783820840154	-1.45330564524076	4.0804728567969	-0.356161086286844	0.721719932270683	0.992437694366657
K8B78_01955	cds	0.202850743770596	-1.45330564524076	4.0804728567969	-0.356161086286844	0.721719932270683	0.992437694366657
K8B78_01960	cds	0	NA	NA	NA	NA	NA
K8B78_01965	cds	0	NA	NA	NA	NA	NA
K8B78_01970	cds	0	NA	NA	NA	NA	NA
K8B78_01975	cds	0	NA	NA	NA	NA	NA
K8B78_01980	cds	1.50919608413023	-0.745910071180173	1.48891245757419	-0.500976445851926	0.616387699915754	0.992437694366657
K8B78_01985	cds	0.550742314924407	2.37454507687951	3.33563870196633	0.711871185413377	0.476544546744374	0.992437694366657
K8B78_01990	cds	0	NA	NA	NA	NA	NA
K8B78_01995	cds	0	NA	NA	NA	NA	NA
K8B78_02000	cds	1.32349275257328	1.32704233077575	1.69571148627459	0.782587333704516	0.433869481917465	0.992437694366657
K8B78_02005	cds	0.551585333557769	-2.87284072785476	3.34967115736194	-0.857648584859084	0.391086538614684	0.992437694366657
K8B78_02010	cds	0	NA	NA	NA	NA	NA
K8B78_02015	cds	0.225465447372874	1.29731318462424	4.03700179369559	0.321355612635643	0.747940916587146	0.992437694366657
K8B78_02020	cds	0.204017691877461	-1.45330564524076	4.0804728567969	-0.356161086286844	0.721719932270682	0.992437694366657
K8B78_02030	cds	2.0669432585582	-0.314054009477815	1.28432424292523	-0.24452860031865	0.806821454288347	0.992437694366657
K8B78_02035	cds	0.634300330088968	-2.0962547567627	2.84400069036235	-0.737079552711225	0.461073972841135	0.992437694366657
K8B78_02040	cds	0.721683119047626	-1.68729272102955	2.84205468901005	-0.593687632948848	0.55272105615409	0.992437694366657
K8B78_02050	cds	1.80833221085796	0.685219555294197	1.35109252941274	0.507159606301747	0.612042834811347	0.992437694366657
K8B78_02055	cds	0.202850743770596	-1.45330564524076	4.0804728567969	-0.356161086286844	0.721719932270683	0.992437694366657
K8B78_02060	cds	1.62415491843896	-3.50535587775692	1.61791444899186	-2.16658914192968	0.0302661960615164	0.992437694366657
K8B78_02065	cds	1.39385189054058	0.458896694603116	1.65131816276917	0.277897200521051	0.781091272955492	0.992437694366657
K8B78_02070	cds	2.17533358121048	0.374741805859044	1.25262606143188	0.299164944269701	0.764814195500835	0.992437694366657
K8B78_02075	cds	0	NA	NA	NA	NA	NA
K8B78_02095	cds	0.204017691877461	-1.45330564524076	4.0804728567969	-0.356161086286844	0.721719932270682	0.992437694366657
K8B78_02100	cds	0.225465447372874	1.29731318462424	4.03700179369559	0.321355612635643	0.747940916587146	0.992437694366657
K8B78_02105	cds	1.63681655839249	-1.0732137347918	1.41279316569825	-0.759639670440639	0.447469999489444	0.992437694366657
K8B78_02110	cds	0.590314941679001	0.759795805982635	3.01727496786694	0.251815235294837	0.801183880656141	0.992437694366657
K8B78_02115	cds	0	NA	NA	NA	NA	NA
K8B78_02120	cds	0.606400355265391	-2.03808790405238	2.92092381650444	-0.697754557149466	0.485330702640463	0.992437694366657
K8B78_02125	cds	0	NA	NA	NA	NA	NA
K8B78_02130	cds	0.0548150217076223	0.340161127315109	4.05729003464737	0.0838394900069482	0.933184050045524	0.992437694366657
K8B78_02135	cds	0.608552231311788	-2.99736683983174	3.43279358805468	-0.873156734579637	0.382577653512125	0.992437694366657
K8B78_02140	cds	0.985263866610262	1.87264784648096	2.10247801539079	0.890686053681701	0.373097618724538	0.992437694366657
K8B78_02145	cds	2.45339644640553	-0.660608891079518	1.12184253388796	-0.588860620919812	0.555954775962411	0.992437694366657
K8B78_02150	cds	0	NA	NA	NA	NA	NA
K8B78_02155	cds	0.374668117542712	-0.144213088051307	4.04635820912315	-0.0356402178448157	0.971569239476422	0.992437694366657
K8B78_02160	cds	9.73324915345874	-0.0889271621837115	0.595087736913844	-0.14943538014225	0.881210095827523	0.992437694366657
K8B78_02165	cds	0.109630043415245	0.792644007599646	4.04685395018959	0.195866719519866	0.844714486663204	0.992437694366657
K8B78_02170	cds	2.71813279922636	0.197130649263026	1.06624696387443	0.184882729744628	0.85332101713477	0.992437694366657
K8B78_02175	cds	2.85184621565739	-0.175891066104137	0.989473531664437	-0.177762275063854	0.858909675557231	0.992437694366657
K8B78_02180	cds	10.7476809592631	-0.242188364443823	0.57820090101028	-0.418865422071552	0.675314488962927	0.992437694366657
K8B78_02185	cds	0	NA	NA	NA	NA	NA
K8B78_02190	cds	1.06611736555303	-1.29601507099698	1.96399620964326	-0.659886747557619	0.50932650927767	0.992437694366657
K8B78_02195	cds	0.592761256266337	1.01127024140138	2.97804023126506	0.339575748770793	0.734176043669646	0.992437694366657
K8B78_02200	cds	11.4652621675043	0.484059423000187	0.572411983088894	0.845648653943386	0.397748774898075	0.992437694366657
K8B78_02205	cds	0.460516509248814	-1.57871239235442	3.82169390868905	-0.413092317196058	0.67953897806719	0.992437694366657
K8B78_02210	cds	0.45045102722645	-0.148966827542009	3.92778818040938	-0.037926390299001	0.96974637176627	0.992437694366657
K8B78_02215	cds	0	NA	NA	NA	NA	NA
K8B78_02220	cds	0.257665765478218	-0.621612225862862	4.05728984179716	-0.153208730482888	0.878233673027429	0.992437694366657
K8B78_02225	cds	0.0548150217076223	0.340161127315109	4.05729003464737	0.0838394900069482	0.933184050045524	0.992437694366657
K8B78_02230	cds	0.344434246505406	-0.144213088051307	4.04635820912315	-0.0356402178448157	0.971569239476422	0.992437694366657
K8B78_02235	cds	1.92511289703761	-0.0221131975641517	1.29792164950299	-0.0170373901788443	0.98640678704613	0.997671429380991
K8B78_02240	cds	0	NA	NA	NA	NA	NA
K8B78_02245	cds	0	NA	NA	NA	NA	NA
K8B78_02250	cds	3.73303825098102	0.142630141726087	0.888049298955829	0.160610612376804	0.872400095949899	0.992437694366657
K8B78_02255	cds	0.862099673675571	-0.872985085629245	2.21423051738129	-0.394261156991776	0.693388237782413	0.992437694366657
K8B78_02260	cds	3.0124925891077	-0.274525119004264	1.01799227175408	-0.269673087528685	0.787411766741809	0.992437694366657
K8B78_02265	cds	0.173783820840154	-1.45330564524076	4.0804728567969	-0.356161086286844	0.721719932270683	0.992437694366657
K8B78_02270	cds	0	NA	NA	NA	NA	NA
K8B78_02275	cds	0.173783820840154	-1.45330564524076	4.0804728567969	-0.356161086286844	0.721719932270683	0.992437694366657
K8B78_02280	cds	0.276667206386296	0.817556181396176	4.04635843433476	0.2020473951242	0.839879672222042	0.992437694366657
K8B78_02285	cds	0.965782558182886	-0.763664332516556	2.094025260966	-0.364687258913136	0.715344870471799	0.992437694366657
K8B78_02370	cds	0.0548150217076223	0.340161127315109	4.05729003464737	0.0838394900069482	0.933184050045524	0.992437694366657
K8B78_02375	cds	0.662964456187836	2.55209135844259	2.97405686099731	0.858117876598627	0.390827377107519	0.992437694366657
K8B78_02380	cds	2.26743085313116	-1.01733115060551	1.17085670949657	-0.868877585407465	0.384914090735544	0.992437694366657
K8B78_02385	cds	1.31383006738249	-0.321936656651805	1.65965244141477	-0.193978358732369	0.84619282727548	0.992437694366657
K8B78_02390	cds	0.743930373504213	-1.2721966094953	2.57777848311825	-0.493524411747113	0.621642095289952	0.992437694366657
K8B78_02395	cds	0.609719179418653	-2.997941432818	3.14230689959944	-0.954057489801572	0.340054542595327	0.992437694366657
K8B78_02400	cds	0.872561857827535	0.374479673906628	2.23083081492768	0.167865564434911	0.866689041254879	0.992437694366657
K8B78_02405	cds	3.90219779906591	-0.632169495372221	0.845119178150396	-0.748024079581023	0.454445633405936	0.992437694366657
K8B78_02410	cds	1.43600527229468	-1.58944192113294	1.67922652536714	-0.946532166519599	0.343877223787457	0.992437694366657
K8B78_02415	cds	0.313647735292705	-0.169130501904008	4.04685382652495	-0.0417930839990929	0.966663648366881	0.992437694366657
K8B78_02420	cds	0.406868435648057	-2.41563620035963	4.03219902455072	-0.599086549461378	0.549115170655865	0.992437694366657
K8B78_02425	cds	0	NA	NA	NA	NA	NA
K8B78_02430	cds	1.35324675609129	0.282699562117009	1.64127434708874	0.172243941190244	0.863245753994246	0.992437694366657
K8B78_02435	cds	0	NA	NA	NA	NA	NA
K8B78_02440	cds	0.0548150217076223	0.340161127315109	4.05729003464737	0.0838394900069482	0.933184050045524	0.992437694366657
K8B78_02445	cds	0	NA	NA	NA	NA	NA
K8B78_02450	cds	0	NA	NA	NA	NA	NA
K8B78_02455	cds	0	NA	NA	NA	NA	NA
K8B78_02460	cds	0.0548150217076223	0.340161127315109	4.05729003464737	0.0838394900069482	0.933184050045524	0.992437694366657
K8B78_02465	cds	0.675916474599324	1.17074669431201	2.63483840670627	0.444333394917953	0.656801560434904	0.992437694366657
K8B78_02470	cds	2.12095878130465	0.259455140687471	1.18973274460863	0.218078507011943	0.827367943312135	0.992437694366657
K8B78_02475	cds	3.61021948515346	0.237706329687305	0.873672701957867	0.272077093807113	0.785562741885954	0.992437694366657
K8B78_02480	cds	2.74450654878368	0.496339893233961	1.02338948031516	0.484996086808621	0.627679121345336	0.992437694366657
K8B78_02485	cds	1.160755932884	0.325560224781538	1.82755462936266	0.178139804715481	0.85861318230258	0.992437694366657
K8B78_02490	cds	0.204017691877461	-1.45330564524076	4.0804728567969	-0.356161086286844	0.721719932270682	0.992437694366657
K8B78_02495	cds	10.8178409383555	-0.237354316492478	0.633429953124869	-0.374712808135374	0.707874065668949	0.992437694366657
K8B78_02500	cds	12.8374935997668	-0.687228115940238	0.553717107977999	-1.241117722459	0.214562263491037	0.992437694366657
K8B78_02505	cds	1.64334584840837	0.858054096333386	1.4192072657036	0.604600974832235	0.54544415879432	0.992437694366657
K8B78_02510	cds	4.55364554136852	-0.34961383160235	0.802335688531453	-0.435745083510197	0.663021691905589	0.992437694366657
K8B78_02515	cds	1.6577844463686	-1.17516469610083	1.46390683975851	-0.80275920856732	0.422113923457062	0.992437694366657
K8B78_02520	cds	22.5057559290558	0.437997131571221	0.506991589927143	0.863913998325227	0.38763513639134	0.992437694366657
K8B78_02525	cds	23.2986068897017	0.142829495107278	0.447277608809944	0.319330751850735	0.749475715800494	0.992437694366657
K8B78_02530	cds	0.408035383754921	-2.41924630985639	4.03189057975788	-0.600027769107182	0.548487728954896	0.992437694366657
K8B78_02535	cds	1.45566042890308	-0.684648660319526	1.57396856878159	-0.434982422075627	0.663575186525863	0.992437694366657
K8B78_02540	cds	1.67751261358176	-0.396908257189821	1.40005457788232	-0.283494846172478	0.776797531848458	0.992437694366657
K8B78_02545	cds	0.0548150217076223	0.340161127315109	4.05729003464737	0.0838394900069482	0.933184050045524	0.992437694366657
K8B78_02550	cds	1.44387535859846	-0.13312967937525	1.54060037526375	-0.0864141548404196	0.93113719508587	0.992437694366657
K8B78_02555	cds	1.38403326730399	0.366429839436335	1.63808045465635	0.223694653333256	0.822994906557208	0.992437694366657
K8B78_02560	cds	0.0548150217076223	0.340161127315109	4.05729003464737	0.0838394900069482	0.933184050045524	0.992437694366657
K8B78_02565	cds	0.0548150217076223	0.340161127315109	4.05729003464737	0.0838394900069482	0.933184050045524	0.992437694366657
K8B78_02570	cds	0	NA	NA	NA	NA	NA
K8B78_02575	cds	0.170650425665252	0.817556315744581	4.04635843168295	0.202047428458913	0.839879646162178	0.992437694366657
K8B78_02580	cds	0	NA	NA	NA	NA	NA
K8B78_02585	cds	0.109630043415245	0.792644007599646	4.04685395018959	0.195866719519866	0.844714486663204	0.992437694366657
K8B78_02590	cds	0.331482228093918	1.32566323268583	4.03558372832831	0.328493551844845	0.742538518933187	0.992437694366657
K8B78_02595	cds	0.38629724980154	1.75186365202327	4.01695725902211	0.436117075452713	0.662751788838491	0.992437694366657
K8B78_02600	cds	0.708596660223967	1.33749995916254	2.65899361010486	0.503009843303005	0.614957351624091	0.992437694366657
K8B78_02605	cds	0.170650425665252	0.817556315744581	4.04635843168295	0.202047428458913	0.839879646162178	0.992437694366657
K8B78_02610	cds	0.999629691914394	-0.438452619120409	2.0124506642429	-0.217869996472862	0.827530404941277	0.992437694366657
K8B78_02615	cds	1.17829598714427	0.860828174623076	1.97993143389592	0.434776760389739	0.663724475079346	0.992437694366657
K8B78_02620	cds	0.541079629733617	-0.694811045883223	3.16889691855363	-0.21925959213604	0.826447836827998	0.992437694366657
K8B78_02625	cds	0.204017691877461	-1.45330564524076	4.0804728567969	-0.356161086286844	0.721719932270682	0.992437694366657
K8B78_02630	cds	0.338228885963021	0.141893788368204	4.04118410858733	0.0351119336698088	0.971990485588248	0.992437694366657
K8B78_02635	cds	0.579485308381346	-2.9345648485437	3.24501611827465	-0.9043298219745	0.365820538077865	0.992437694366657
K8B78_02640	cds	2.25014290580336	0.986770237880067	1.27260116816654	0.775396300556381	0.43810552046812	0.992437694366657
K8B78_02645	cds	0	NA	NA	NA	NA	NA
K8B78_02650	cds	2.94783309999061	-0.679444813371158	1.03806855767299	-0.654527880985289	0.512771770516823	0.992437694366657
K8B78_02655	cds	0	NA	NA	NA	NA	NA
K8B78_02660	cds	0.750135734046598	-1.72175811784944	2.59177448360984	-0.664316331817327	0.506487870320525	0.992437694366657
K8B78_02665	cds	0	NA	NA	NA	NA	NA
K8B78_02670	cds	1.53458103179335	2.76886145492263	1.71599722796336	1.61355823296338	0.10662328255082	0.992437694366657
K8B78_02675	cds	5.68230610562678	-0.68728255260547	0.702176531098285	-0.978788840365372	0.327684324840142	0.992437694366657
K8B78_02680	cds	6.41285307456281	0.222989681241043	1.28095628897936	0.174080632695684	0.861802093669775	0.992437694366657
K8B78_02685	cds	0	NA	NA	NA	NA	NA
K8B78_02690	cds	0	NA	NA	NA	NA	NA
K8B78_02695	cds	0.42831619114347	0.331643072676927	3.70211730494387	0.0895820000717011	0.928619388750356	0.992437694366657
K8B78_02700	cds	1.11028208823938	3.25299757194988	2.08324583016307	1.56150442009777	0.118404781758432	0.992437694366657
K8B78_02705	cds	0.173783820840154	-1.45330564524076	4.0804728567969	-0.356161086286844	0.721719932270683	0.992437694366657
K8B78_02710	cds	0	NA	NA	NA	NA	NA
K8B78_02715	cds	1.85239060987268	-0.0484328604757357	1.35517489640818	-0.0357391954382451	0.971490317062717	0.992437694366657
K8B78_02720	cds	1.83653390698818	-0.733696996271389	1.32372126318966	-0.554268497964188	0.579395106124273	0.992437694366657
K8B78_02725	cds	5.33212577007211	0.505979635167776	0.74556025706595	0.678656929969671	0.497355261997652	0.992437694366657
K8B78_02730	cds	0.164445065122867	1.10366924633593	4.04118419481979	0.273105405032186	0.784772192000975	0.992437694366657
K8B78_02735	cds	1.19124800555576	0.0139254689919569	1.74858341893228	0.00796385739518221	0.993645828306817	0.998109777973194
K8B78_02740	cds	2.51503113658701	-0.69095245457318	1.06020813842498	-0.651713969673583	0.514585708980296	0.992437694366657
K8B78_02745	cds	0.611762697174414	2.49550321509239	2.87711556691701	0.867362869878202	0.38574321926927	0.992437694366657
K8B78_02750	cds	0.885513876239023	-0.566147554778701	2.16236193275903	-0.261819053601417	0.793460948688678	0.992437694366657
K8B78_02755	cds	0	NA	NA	NA	NA	NA
K8B78_02760	cds	0	NA	NA	NA	NA	NA
K8B78_02765	cds	0.173783820840154	-1.45330564524076	4.0804728567969	-0.356161086286844	0.721719932270683	0.992437694366657
K8B78_02770	cds	0.225465447372874	1.29731318462424	4.03700179369559	0.321355612635643	0.747940916587146	0.992437694366657
K8B78_02775	cds	0	NA	NA	NA	NA	NA
K8B78_02780	cds	0	NA	NA	NA	NA	NA
K8B78_02785	cds	0.331482228093918	1.32566323268583	4.03558372832831	0.328493551844845	0.742538518933187	0.992437694366657
K8B78_02790	cds	0.778799860145466	2.76260233609135	2.5404152245181	1.08746094316743	0.276833150423747	0.992437694366657
K8B78_02795	cds	1.78634315803583	0.409747019626847	1.31272311833248	0.312135144041143	0.75493781875048	0.992437694366657
K8B78_02800	cds	0	NA	NA	NA	NA	NA
K8B78_02805	cds	0.225465447372874	1.29731318462424	4.03700179369559	0.321355612635643	0.747940916587146	0.992437694366657
K8B78_02810	cds	0.0548150217076223	0.340161127315109	4.05729003464737	0.0838394900069482	0.933184050045524	0.992437694366657
K8B78_02815	cds	9.17446285222917	0.392040457420773	0.572926824720232	0.684276665893959	0.493800478649804	0.992437694366657
K8B78_02820	cds	0.815154738271728	0.43689194723016	2.45403296873943	0.178030186552294	0.858699268974117	0.992437694366657
K8B78_02825	cds	0	NA	NA	NA	NA	NA
K8B78_02830	cds	2.40914879627814	-1.42650016840306	1.19500017828589	-1.19372381219996	0.232586022646515	0.992437694366657
K8B78_02835	cds	0.173783820840154	-1.45330564524076	4.0804728567969	-0.356161086286844	0.721719932270683	0.992437694366657
K8B78_02840	cds	0.257665765478218	-0.621612225862862	4.05728984179716	-0.153208730482888	0.878233673027429	0.992437694366657
K8B78_02845	cds	0	NA	NA	NA	NA	NA
K8B78_02850	cds	0	NA	NA	NA	NA	NA
K8B78_02855	cds	0.0548150217076223	0.340161127315109	4.05729003464737	0.0838394900069482	0.933184050045524	0.992437694366657
K8B78_02860	cds	15.4563109005374	0.124414136319474	0.522372494694555	0.238171300332768	0.811748235708548	0.992437694366657
K8B78_02865	cds	0.85159396985142	0.319676825227357	2.2407969614294	0.142662111172909	0.886557041470198	0.992437694366657
K8B78_02870	cds	5.53161685590821	-0.161265849728686	0.716824702473142	-0.224972506070588	0.822000662999474	0.992437694366657
K8B78_02875	cds	77.3537687735323	-0.591801247328256	0.437607914610939	-1.35235499077846	0.176261780588051	0.992437694366657
K8B78_02880	cds	0	NA	NA	NA	NA	NA
K8B78_02885	cds	0.228598842547776	-0.621612225862862	4.05728984179716	-0.153208730482888	0.878233673027429	0.992437694366657
K8B78_02890	cds	0	NA	NA	NA	NA	NA
K8B78_02895	cds	0.0548150217076223	0.340161127315109	4.05729003464737	0.0838394900069482	0.933184050045524	0.992437694366657
K8B78_02900	cds	0.486264608025995	-1.02260575117989	3.39286183756534	-0.301399172774361	0.763110125034241	0.992437694366657
K8B78_02905	cds	0.462850405462543	-1.58571298387601	3.80862015529236	-0.41634841995796	0.677155066157367	0.992437694366657
K8B78_02910	cds	0.228598842547776	-0.621612225862862	4.05728984179716	-0.153208730482888	0.878233673027429	0.992437694366657
K8B78_02915	cds	0.77901722799868	-2.4322485162426	2.50721358680338	-0.970100245565293	0.33199652662264	0.992437694366657
K8B78_02920	cds	0.202850743770596	-1.45330564524076	4.0804728567969	-0.356161086286844	0.721719932270683	0.992437694366657
K8B78_02925	cds	0.0548150217076223	0.340161127315109	4.05729003464737	0.0838394900069482	0.933184050045524	0.992437694366657
K8B78_02930	cds	0.170650425665252	0.817556315744581	4.04635843168295	0.202047428458913	0.839879646162178	0.992437694366657
K8B78_02935	cds	2.72653355548733	-0.802849939060511	1.05813914447359	-0.758737584989279	0.448009548809053	0.992437694366657
K8B78_02940	cds	0.666577718882037	2.63412140646978	2.7212387364016	0.967986149555175	0.333051286967002	0.992437694366657
K8B78_02945	cds	0.0548150217076223	0.340161127315109	4.05729003464737	0.0838394900069482	0.933184050045524	0.992437694366657
K8B78_02950	cds	0.173783820840154	-1.45330564524076	4.0804728567969	-0.356161086286844	0.721719932270683	0.992437694366657
K8B78_02955	cds	0.650168375822144	0.963574154396939	2.90396902552206	0.331812820979973	0.740030602520971	0.992437694366657
K8B78_02960	cds	0	NA	NA	NA	NA	NA
K8B78_02965	cds	2.82018313479579	-1.43107876895394	1.03530694724314	-1.38227486328057	0.166887321096137	0.992437694366657
K8B78_02970	cds	3.54600427792113	1.05218720150448	0.948785320261734	1.1089834328531	0.267437329029095	0.992437694366657
K8B78_02975	cds	1.20751884812051	-1.01599199968547	1.96799668848251	-0.516256966097277	0.605674948114021	0.992437694366657
K8B78_02980	cds	2.0700922946134	3.11479356629952	1.54619864591591	2.01448473294609	0.0439586661717518	0.992437694366657
K8B78_02985	cds	1.72690386357293	-1.09823449350385	1.43334059126458	-0.766206231929091	0.443553600871206	0.992437694366657
K8B78_02990	cds	0.711730055398869	-0.0261069815025026	2.49619858048416	-0.0104586957570655	0.991655320259096	0.997671429380991
K8B78_02995	cds	0.486264608025995	-1.02260575117989	3.39286183756534	-0.301399172774361	0.763110125034241	0.992437694366657
K8B78_03000	cds	0	NA	NA	NA	NA	NA
K8B78_03005	cds	0.228598842547776	-0.621612225862862	4.05728984179716	-0.153208730482888	0.878233673027429	0.992437694366657
K8B78_03010	cds	1.14747998499901	-1.57010273517078	1.86563227089904	-0.841592826015041	0.400015906259057	0.992437694366657
K8B78_03015	cds	0.615375959868615	2.58059063997407	3.0649056075708	0.841980462171363	0.399798889750558	0.992437694366657
K8B78_03020	cds	26.6576388574077	-0.684557851330306	0.438933352938906	-1.5595940630777	0.118855840384788	0.992437694366657
K8B78_03025	cds	1.62360633834654	-0.266138907125676	1.47588837016531	-0.180324550627	0.856897782966979	0.992437694366657
K8B78_03030	cds	0.715968968873216	1.28499813847998	2.91909810265371	0.440203820937641	0.65978949259887	0.992437694366657
K8B78_03035	cds	0.202850743770596	-1.45330564524076	4.0804728567969	-0.356161086286844	0.721719932270683	0.992437694366657
K8B78_03040	cds	0.109630043415245	0.792644007599646	4.04685395018959	0.195866719519866	0.844714486663204	0.992437694366657
K8B78_03045	cds	0.389910512495741	1.93565922078831	4.01031669137816	0.482669916056709	0.629330127263535	0.992437694366657
K8B78_03050	cds	0.42831619114347	0.331643072676927	3.70211730494387	0.0895820000717011	0.928619388750356	0.992437694366657
K8B78_03055	cds	0.666868097340004	-2.16477322701581	2.98847574261112	-0.724373698654948	0.468836342440477	0.992437694366657
K8B78_03060	cds	7.70220090531391	0.593463040417332	0.665223600919992	0.892125654586795	0.372325585461338	0.992437694366657
K8B78_03065	cds	0.84084140724149	3.03100159610488	2.50209610608027	1.21138496188829	0.225747900097614	0.992437694366657
K8B78_03070	cds	0.0548150217076223	0.340161127315109	4.05729003464737	0.0838394900069482	0.933184050045524	0.992437694366657
K8B78_03075	cds	1.65022694668965	-0.465806261581673	1.5030864725608	-0.309899842813489	0.756637122342115	0.992437694366657
K8B78_03080	cds	3.63045271278685	0.110492926823659	0.924183607075184	0.119557332523288	0.904833820917049	0.992437694366657
K8B78_03085	cds	0.666577718882037	2.63412140646978	2.7212387364016	0.967986149555175	0.333051286967002	0.992437694366657
K8B78_03090	cds	0.276667206386296	0.817556181396176	4.04635843433476	0.2020473951242	0.839879672222042	0.992437694366657
K8B78_03095	cds	0.313647735292705	-0.169130501904008	4.04685382652495	-0.0417930839990929	0.966663648366881	0.992437694366657
K8B78_03100	cds	0.0548150217076223	0.340161127315109	4.05729003464737	0.0838394900069482	0.933184050045524	0.992437694366657
K8B78_03105	cds	0.164445065122867	1.10366924633593	4.04118419481979	0.273105405032186	0.784772192000975	0.992437694366657
K8B78_03110	cds	0.654948586623209	1.15301749144833	2.80433945525029	0.411154751358523	0.68095906498019	0.992437694366657
K8B78_03115	cds	2.55970790361617	0.24050887646743	1.1285878372438	0.213106032628167	0.831244259365278	0.992437694366657
K8B78_03120	cds	15.8212309024538	-0.434387349924016	0.492528226983733	-0.881954223383753	0.377801562585141	0.992437694366657
K8B78_03125	cds	0.0548150217076223	0.340161127315109	4.05729003464737	0.0838394900069482	0.933184050045524	0.992437694366657
K8B78_03130	cds	0.0548150217076223	0.340161127315109	4.05729003464737	0.0838394900069482	0.933184050045524	0.992437694366657
K8B78_03135	cds	0	NA	NA	NA	NA	NA
K8B78_03140	cds	0.331482228093918	1.32566323268583	4.03558372832831	0.328493551844845	0.742538518933187	0.992437694366657
K8B78_03145	cds	1.55373841074722	1.72045732121938	1.63125679258817	1.05468208870394	0.291570746218181	0.992437694366657
K8B78_03150	cds	0	NA	NA	NA	NA	NA
K8B78_03155	cds	0.368462757000327	0.141893788368203	4.04118410858733	0.0351119336698087	0.971990485588248	0.992437694366657
K8B78_03160	cds	1.62678056730268	1.47312749420459	1.58848507544464	0.927378869953967	0.353729857528691	0.992437694366657
K8B78_03165	cds	0.257665765478218	-0.621612225862862	4.05728984179716	-0.153208730482888	0.878233673027429	0.992437694366657
K8B78_03170	cds	0.257665765478218	-0.621612225862862	4.05728984179716	-0.153208730482888	0.878233673027429	0.992437694366657
K8B78_03175	cds	33.987915238026	-0.909809977967075	0.499019607045369	-1.82319485070726	0.068273884698234	0.992437694366657
K8B78_03180	cds	0.373501169435848	-0.144213088051308	4.04635820912315	-0.0356402178448157	0.971569239476422	0.992437694366657
K8B78_03185	cds	0	NA	NA	NA	NA	NA
K8B78_03190	cds	0	NA	NA	NA	NA	NA
K8B78_03195	cds	0.276667206386296	0.817556181396176	4.04635843433476	0.2020473951242	0.839879672222042	0.992437694366657
K8B78_03200	cds	0.164445065122867	1.10366924633593	4.04118419481979	0.273105405032186	0.784772192000975	0.992437694366657
K8B78_03205	cds	0	NA	NA	NA	NA	NA
K8B78_03210	cds	0	NA	NA	NA	NA	NA
K8B78_03215	cds	0	NA	NA	NA	NA	NA
K8B78_03220	cds	0	NA	NA	NA	NA	NA
K8B78_03225	cds	470.418604511179	-0.922829598973491	0.550249680794674	-1.67711064846187	0.0935208469081744	0.992437694366657
K8B78_03230	cds	0	NA	NA	NA	NA	NA
K8B78_03235	cds	0	NA	NA	NA	NA	NA
K8B78_03240	cds	0	NA	NA	NA	NA	NA
K8B78_03245	cds	0	NA	NA	NA	NA	NA
K8B78_03250	cds	0.0548150217076223	0.340161127315109	4.05729003464737	0.0838394900069482	0.933184050045524	0.992437694366657
K8B78_03255	cds	10.4598212673082	-0.385957618845238	0.598328404281816	-0.645059830158839	0.518888414160196	0.992437694366657
K8B78_03260	cds	0.258832713585083	-0.621612225862862	4.05728984179716	-0.153208730482888	0.878233673027429	0.992437694366657
K8B78_03265	cds	0.685981956621688	-0.345687205413023	2.72775104936098	-0.1267297488508	0.899154299488516	0.992437694366657
K8B78_03270	cds	0.170650425665252	0.817556315744581	4.04635843168295	0.202047428458913	0.839879646162178	0.992437694366657
K8B78_03275	cds	0.698778036987381	1.24605073400346	2.70665293310681	0.460365907561405	0.645253601266472	0.992437694366657
K8B78_03280	cds	0	NA	NA	NA	NA	NA
K8B78_03285	cds	0	NA	NA	NA	NA	NA
K8B78_03290	cds	52.0000849301367	0.0138364127686579	0.432439886036908	0.0319961530270985	0.974475118767945	0.992617729069987
K8B78_03295	cds	0.690282299903455	-1.60730721713693	2.53344395781371	-0.634435670929144	0.525796536412687	0.992437694366657
K8B78_03300	cds	0.406868435648057	-2.41563620035963	4.03219902455072	-0.599086549461378	0.549115170655865	0.992437694366657
K8B78_03305	cds	0	NA	NA	NA	NA	NA
K8B78_03310	cds	0.537946234558715	0.817334707713907	3.16762347687053	0.258027733940587	0.796385503177417	0.992437694366657
K8B78_03315	cds	1.1719997058619	0.163172163336983	1.8367859269247	0.0888356998739529	0.929212485443916	0.992437694366657
K8B78_03320	cds	0.228598842547776	-0.621612225862862	4.05728984179716	-0.153208730482888	0.878233673027429	0.992437694366657
K8B78_03325	cds	2.14713188508026	1.54831010671303	1.40697333617099	1.1004544769318	0.271134153810258	0.992437694366657
K8B78_03330	cds	0.0548150217076223	0.340161127315109	4.05729003464737	0.0838394900069482	0.933184050045524	0.992437694366657
K8B78_03335	cds	1.04178713375147	0.985511148272496	2.0075021458526	0.490914119473552	0.62348719021635	0.992437694366657
K8B78_03340	cds	0	NA	NA	NA	NA	NA
K8B78_03345	cds	0.505266048934072	0.343064754632301	3.35176343394982	0.102353510739278	0.918476082858878	0.992437694366657
K8B78_03350	cds	0.612053075632382	-3.00456942952987	3.41977787407188	-0.878586136342352	0.379625715432181	0.992437694366657
K8B78_03355	cds	0.258832713585083	-0.621612225862862	4.05728984179716	-0.153208730482888	0.878233673027429	0.992437694366657
K8B78_03360	cds	0	NA	NA	NA	NA	NA
K8B78_03365	cds	0	NA	NA	NA	NA	NA
K8B78_03370	cds	3.86822052295385	1.22300991986226	0.904539728139706	1.35207982780096	0.176349779658956	0.992437694366657
K8B78_03375	cds	0.367295808893463	0.141893788368204	4.04118410858733	0.0351119336698089	0.971990485588248	0.992437694366657
K8B78_03380	cds	1.36784559012894	0.523198282583725	1.65130233264497	0.316839788959599	0.751365171190943	0.992437694366657
K8B78_03385	cds	3.38493946675894	0.262809325341822	0.923929707933528	0.284447315726674	0.776067603068568	0.992437694366657
K8B78_03390	cds	2.16377722160775	-0.604852415700919	1.21129122068584	-0.499345166027415	0.617536241584453	0.992437694366657
K8B78_03395	cds	1.29081256694864	1.2616930570107	1.80208392174408	0.700130022684859	0.483846107951968	0.992437694366657
K8B78_03400	cds	0.542246577840481	-0.698040786330588	3.16464758880005	-0.220574571652468	0.825423702286688	0.992437694366657
K8B78_03405	cds	0.925086502993616	-2.17334706037372	2.15720828441046	-1.00748132485856	0.313703527699071	0.992437694366657
K8B78_03410	cds	15.1718408927749	-0.107785272756624	0.502289712776998	-0.214587856400072	0.830088662577775	0.992437694366657
K8B78_03415	cds	1.34161762383246	-0.634788409789932	1.58817240111431	-0.399697419086584	0.689379393294188	0.992437694366657
K8B78_03420	cds	0.42831619114347	0.331643072676927	3.70211730494387	0.0895820000717011	0.928619388750356	0.992437694366657
K8B78_03425	cds	2.87776840056425	-0.0662274266496631	1.02656611332301	-0.064513552308174	0.948561316409889	0.992437694366657
K8B78_03430	cds	1.3409305432449	0.361042487301088	1.67806806395331	0.215153660960879	0.829647518013088	0.992437694366657
K8B78_03435	cds	0.970562768983952	-0.379685827488131	1.95013702643454	-0.194696999411532	0.845630161084044	0.992437694366657
K8B78_03440	cds	0.331482228093918	1.32566323268583	4.03558372832831	0.328493551844845	0.742538518933187	0.992437694366657
K8B78_03445	cds	0.689115351796591	-1.61457133641346	2.70276069225674	-0.597378577037589	0.550254653392173	0.992437694366657
K8B78_03450	cds	1.10423266574279	0.845070863238985	1.88543854408361	0.448209179710876	0.654002238323864	0.992437694366657
K8B78_03455	cds	0.164445065122867	1.10366924633593	4.04118419481979	0.273105405032186	0.784772192000975	0.992437694366657
K8B78_03460	cds	5.76660648797673	-0.129515845124303	0.703176249353191	-0.184186888057491	0.853866845323447	0.992437694366657
K8B78_03465	cds	0	NA	NA	NA	NA	NA
K8B78_03470	cds	0	NA	NA	NA	NA	NA
K8B78_03475	cds	0	NA	NA	NA	NA	NA
K8B78_03480	cds	0.38629724980154	1.75186365202327	4.01695725902211	0.436117075452713	0.662751788838491	0.992437694366657
K8B78_03485	cds	0	NA	NA	NA	NA	NA
K8B78_03490	cds	0.831022784004904	2.98869758234018	2.38135069061742	1.25504302836022	0.209463140333837	0.992437694366657
K8B78_03495	cds	0.276667206386296	0.817556181396176	4.04635843433476	0.2020473951242	0.839879672222042	0.992437694366657
K8B78_03500	cds	2.07989527696969	-0.713469131338409	1.23716992045447	-0.576694534471318	0.564145825217109	0.992437694366657
K8B78_03505	cds	6.67442928642841	-0.181822210320972	0.663731016480041	-0.273939601745943	0.784131037420549	0.992437694366657
K8B78_03510	cds	4.81826947581574	0.0855617877178704	0.75635644679569	0.113123631166699	0.909932540282824	0.992437694366657
K8B78_03515	cds	2.21473212183539	-0.157310816432522	1.2005667896475	-0.131030458104468	0.895751213033379	0.992437694366657
K8B78_03520	cds	1.67099896444617	1.70662838557601	1.57625157757069	1.08271319747464	0.278935744282348	0.992437694366657
K8B78_03525	cds	1.57298671044108	1.64288630686443	1.57025140251874	1.04625686321896	0.295442455688631	0.992437694366657
K8B78_03530	cds	0.598966616808722	0.951788958022656	2.9961957832813	0.31766580920166	0.750738449083934	0.992437694366657
K8B78_03535	cds	0	NA	NA	NA	NA	NA
K8B78_03540	cds	0	NA	NA	NA	NA	NA
K8B78_03545	cds	0	NA	NA	NA	NA	NA
K8B78_03550	cds	0.0548150217076223	0.340161127315109	4.05729003464737	0.0838394900069482	0.933184050045524	0.992437694366657
K8B78_03555	cds	0	NA	NA	NA	NA	NA
K8B78_03560	cds	0	NA	NA	NA	NA	NA
K8B78_03565	cds	0.170650425665252	0.817556315744581	4.04635843168295	0.202047428458913	0.839879646162178	0.992437694366657
K8B78_03570	cds	0	NA	NA	NA	NA	NA
K8B78_03575	cds	16.4127684921608	0.185689265270757	0.48214339323226	0.385132862706896	0.70013898147034	0.992437694366657
K8B78_03580	cds	0.173783820840154	-1.45330564524076	4.0804728567969	-0.356161086286844	0.721719932270683	0.992437694366657
K8B78_03585	cds	0.228598842547776	-0.621612225862862	4.05728984179716	-0.153208730482888	0.878233673027429	0.992437694366657
K8B78_03590	cds	0.40238266338793	-1.38685318104749	4.0268649229747	-0.344400223890052	0.730545320513992	0.992437694366657
K8B78_03595	cds	0.82566044209588	-0.675723954958216	2.39975709838752	-0.281580146345752	0.77826546537908	0.992437694366657
K8B78_03600	cds	0	NA	NA	NA	NA	NA
K8B78_03605	cds	0	NA	NA	NA	NA	NA
K8B78_03610	cds	2.95982944344647	-0.474840328625902	0.98222164235273	-0.483435009117199	0.628786895384509	0.992437694366657
K8B78_03615	cds	0	NA	NA	NA	NA	NA
K8B78_03620	cds	1.45369398183504	-0.0488439380788903	1.50462930829339	-0.0324624396252728	0.974103269069141	0.992617729069987
K8B78_03625	cds	0.432616534425237	-1.4890705513369	3.65765672726976	-0.407110525226463	0.683926813346868	0.992437694366657
K8B78_03630	cds	0.170650425665252	0.817556315744581	4.04635843168295	0.202047428458913	0.839879646162178	0.992437694366657
K8B78_03635	cds	0.257665765478218	-0.621612225862862	4.05728984179716	-0.153208730482888	0.878233673027429	0.992437694366657
K8B78_03640	cds	1.93193256551146	-0.201598766633927	1.28142599499817	-0.157323768536641	0.874989688922711	0.992437694366657
K8B78_03645	cds	0.888585841606506	0.396536687776697	2.39969419159755	0.165244675411207	0.868751402676266	0.992437694366657
K8B78_03650	cds	0	NA	NA	NA	NA	NA
K8B78_03655	cds	0	NA	NA	NA	NA	NA
K8B78_03660	cds	0	NA	NA	NA	NA	NA
K8B78_03665	cds	1.04634567866769	-0.183062432180171	1.96451160442986	-0.0931847039067502	0.925756826025096	0.992437694366657
K8B78_03670	cds	0	NA	NA	NA	NA	NA
K8B78_03675	cds	0.577518861313308	-1.15280128931103	3.06700170277081	-0.375872399506514	0.707011760453914	0.992437694366657
K8B78_03680	cds	0.0548150217076223	0.340161127315109	4.05729003464737	0.0838394900069482	0.933184050045524	0.992437694366657
K8B78_03685	cds	0.685981956621688	-0.345687205413023	2.72775104936098	-0.1267297488508	0.899154299488516	0.992437694366657
K8B78_03690	cds	0.539113182665579	0.817467440750828	3.16339272420407	0.258414781856245	0.796086809657426	0.992437694366657
K8B78_03695	cds	0.684702590141217	-1.16106940824263	2.99964922711325	-0.387068393780163	0.698705575496372	0.992437694366657
K8B78_03700	cds	1.16911316947278	0.00307520167660534	1.92094344018708	0.001600880906887	0.9987226823863	0.999423476131939
K8B78_03705	cds	0.276667206386296	0.817556181396176	4.04635843433476	0.2020473951242	0.839879672222042	0.992437694366657
K8B78_03710	cds	0.109630043415245	0.792644007599646	4.04685395018959	0.195866719519866	0.844714486663204	0.992437694366657
K8B78_03715	cds	0.846813759050355	0.0941401876024061	2.40970508965243	0.0390670991262191	0.968836892027877	0.992437694366657
K8B78_03720	cds	0.42831619114347	0.331643072676927	3.70211730494387	0.0895820000717011	0.928619388750356	0.992437694366657
K8B78_03725	cds	1.87876435943	0.402618530975776	1.39648162145858	0.288309222827618	0.773110047962347	0.992437694366657
K8B78_03730	cds	0.0548150217076223	0.340161127315109	4.05729003464737	0.0838394900069482	0.933184050045524	0.992437694366657
K8B78_03735	cds	0	NA	NA	NA	NA	NA
K8B78_03740	cds	0	NA	NA	NA	NA	NA
K8B78_03745	cds	52.8740216138612	-0.503867427565379	0.456450677166987	-1.10388143291339	0.269644574034865	0.992437694366657
K8B78_03750	cds	0.99317747258623	0.797921123906692	2.03879864241646	0.391368282922224	0.69552503300288	0.992437694366657
K8B78_03755	cds	0.831313162462871	-1.05679012967005	2.58758016649333	-0.408408652746094	0.682973681938586	0.992437694366657
K8B78_03760	cds	0.0548150217076223	0.340161127315109	4.05729003464737	0.0838394900069482	0.933184050045524	0.992437694366657
K8B78_03765	cds	0.460516509248814	-1.57871239235442	3.82169390868905	-0.413092317196058	0.67953897806719	0.992437694366657
K8B78_03770	cds	0.0548150217076223	0.340161127315109	4.05729003464737	0.0838394900069482	0.933184050045524	0.992437694366657
K8B78_03775	cds	0	NA	NA	NA	NA	NA
K8B78_03780	cds	3.08376388235843	-0.364989013499307	0.94991759080644	-0.384232292392276	0.70080628600897	0.992437694366657
K8B78_03785	cds	2.7486611088046	0.352272472830765	1.0585709210281	0.332781173025832	0.739299470775125	0.992437694366657
K8B78_03790	cds	0.939631662574132	3.02290909473322	2.42012204266877	1.24907299774012	0.21163837578634	0.992437694366657
K8B78_03795	cds	0.708116792704668	-0.565897229257103	2.57223833329655	-0.220001864497469	0.825869702619223	0.992437694366657
K8B78_03800	cds	1.04634567866769	-0.183062432180171	1.96451160442986	-0.0931847039067502	0.925756826025096	0.992437694366657
K8B78_03805	cds	0.173783820840154	-1.45330564524076	4.0804728567969	-0.356161086286844	0.721719932270683	0.992437694366657
K8B78_03810	cds	1.86296908635293	-1.43980748455752	1.33740787044838	-1.07656573314079	0.281674319835155	0.992437694366657
K8B78_03815	cds	0.505266048934072	0.343064754632301	3.35176343394982	0.102353510739278	0.918476082858878	0.992437694366657
K8B78_03820	cds	0.347567641680308	-2.21854749209444	4.05022280311521	-0.547759370271693	0.583857140019594	0.992437694366657
K8B78_03825	cds	3.48708478315133	0.338692714987516	0.916767253611553	0.369442422439562	0.711797982400768	0.992437694366657
K8B78_03830	cds	2.6401365836888	0.919024930056177	1.10357324171778	0.832772031175438	0.404973311426201	0.992437694366657
K8B78_03835	cds	1.06630685461436	3.37420965600465	2.17280074587535	1.5529310096243	0.120439617530546	0.992437694366657
K8B78_03840	cds	1.91851083436562	-0.962871266330899	1.27438043847451	-0.755560299939553	0.449912866052644	0.992437694366657
K8B78_03845	cds	1.02680294043289	-0.674768673819472	2.08552273908493	-0.32354894107534	0.74627954925422	0.992437694366657
K8B78_03850	cds	23.8498133703707	0.15857315331848	0.444924778353177	0.35640441043858	0.721537726900412	0.992437694366657
K8B78_03855	cds	8.16885245039131	-0.359571486924568	0.595649049723234	-0.603663326738523	0.546067500908674	0.992437694366657
K8B78_03860	cds	2.91281173538653	0.370880488084027	1.01400232995878	0.365759009744194	0.714544909038721	0.992437694366657
K8B78_03865	cds	5.19390461116275	-0.103139076698474	0.798531327478739	-0.129160964822912	0.897230282984505	0.992437694366657
K8B78_03870	cds	1.68229282438282	-0.207779686398948	1.36195938501315	-0.152559385166204	0.878745755920695	0.992437694366657
K8B78_03875	cds	11.127686524657	-0.00370386877015153	0.547148505084171	-0.00676940307016235	0.9945988390557	0.998109777973194
K8B78_03880	cds	0	NA	NA	NA	NA	NA
K8B78_03885	cds	17.1836425660814	-0.361843682920677	0.485373190489595	-0.74549581643701	0.455972039298612	0.992437694366657
K8B78_03890	cds	1.37405095067133	0.450200766967352	1.69542261253884	0.265538965705543	0.790594296566595	0.992437694366657
K8B78_03895	cds	1.93547281760091	-0.21462554772493	1.31024165154662	-0.163806079185151	0.869883805829344	0.992437694366657
K8B78_03900	cds	0.280280469080497	1.55333478645372	4.0250333516253	0.385918488309292	0.699557037630276	0.992437694366657
K8B78_03910	cds	0	NA	NA	NA	NA	NA
K8B78_03915	cds	0	NA	NA	NA	NA	NA
K8B78_03920	cds	0	NA	NA	NA	NA	NA
K8B78_03925	cds	0	NA	NA	NA	NA	NA
K8B78_03930	cds	0	NA	NA	NA	NA	NA
K8B78_03935	cds	27.8875294744056	0.200594964059877	0.470917260606849	0.425966471905021	0.670132277222454	0.992437694366657
K8B78_03940	cds	0.164445065122867	1.10366924633593	4.04118419481979	0.273105405032186	0.784772192000975	0.992437694366657
K8B78_03945	cds	0	NA	NA	NA	NA	NA
K8B78_03950	cds	0	NA	NA	NA	NA	NA
K8B78_03955	cds	0.0548150217076223	0.340161127315109	4.05729003464737	0.0838394900069482	0.933184050045524	0.992437694366657
K8B78_03960	cds	27.8600177465818	0.224154089641518	0.459267586794465	0.488068603330009	0.625501248970584	0.992437694366657
K8B78_03965	cds	0.0548150217076223	0.340161127315109	4.05729003464737	0.0838394900069482	0.933184050045524	0.992437694366657
K8B78_03970	cds	0	NA	NA	NA	NA	NA
K8B78_03975	cds	0	NA	NA	NA	NA	NA
K8B78_03980	cds	1.35945211663368	0.155641692236654	1.64038888696616	0.0948809721117461	0.924409370381345	0.992437694366657
K8B78_03985	cds	0.444725534203363	2.12238145495286	3.85289924043876	0.550853090752296	0.581734386433799	0.992437694366657
K8B78_03990	cds	5.82712956515678	0.435651124992415	0.718524107213679	0.606313860062121	0.544306356664322	0.992437694366657
K8B78_03995	cds	3.67295945568572	0.274810043480188	0.905423881393502	0.303515346930367	0.761497153589522	0.992437694366657
K8B78_04000	cds	0.368462757000327	0.141893788368203	4.04118410858733	0.0351119336698087	0.971990485588248	0.992437694366657
K8B78_04005	cds	0.335095490788119	1.76073601628981	4.01661893054575	0.438362724155806	0.661123363420876	0.992437694366657
K8B78_04010	cds	0.312480787185841	-0.169130501904008	4.04685382652495	-0.0417930839990929	0.966663648366881	0.992437694366657
K8B78_04015	cds	0	NA	NA	NA	NA	NA
K8B78_04020	cds	0.0548150217076223	0.340161127315109	4.05729003464737	0.0838394900069482	0.933184050045524	0.992437694366657
K8B78_04025	cds	0.884961236063628	-0.773578503055103	2.3079618364972	-0.335178203912229	0.73749066278505	0.992437694366657
K8B78_04030	cds	0.824493493989016	-0.67379598344543	2.40169244611642	-0.280550486193589	0.779055197521776	0.992437694366657
K8B78_04035	cds	0.0548150217076223	0.340161127315109	4.05729003464737	0.0838394900069482	0.933184050045524	0.992437694366657
K8B78_04040	cds	13.9149158692621	-0.609779711157071	0.494862138165474	-1.23222138880459	0.217866395605214	0.992437694366657
K8B78_04045	cds	0.225465447372874	1.29731318462424	4.03700179369559	0.321355612635643	0.747940916587146	0.992437694366657
K8B78_04050	cds	0.42831619114347	0.331643072676927	3.70211730494387	0.0895820000717011	0.928619388750356	0.992437694366657
K8B78_04055	cds	0	NA	NA	NA	NA	NA
K8B78_04060	cds	0.170650425665252	0.817556315744581	4.04635843168295	0.202047428458913	0.839879646162178	0.992437694366657
K8B78_04065	cds	0.228598842547776	-0.621612225862862	4.05728984179716	-0.153208730482888	0.878233673027429	0.992437694366657
K8B78_04070	cds	0	NA	NA	NA	NA	NA
K8B78_04075	cds	31.3299809616924	0.186897460696376	0.412657221431587	0.452912128977153	0.650612016762379	0.992437694366657
K8B78_04080	cds	0.331482228093918	1.32566323268583	4.03558372832831	0.328493551844845	0.742538518933187	0.992437694366657
K8B78_04085	cds	0.441112271509163	2.02716038189343	3.89707235729393	0.520175197183421	0.602941470843287	0.992437694366657
K8B78_04090	cds	1.80676974868522	0.831775780174457	1.44809207138495	0.574394264433025	0.56570103329067	0.992437694366657
K8B78_04095	cds	1.56849687809798	-0.8081359036978	1.53380100971444	-0.526884451489738	0.598273831917615	0.992437694366657
K8B78_04100	cds	0	NA	NA	NA	NA	NA
K8B78_04105	cds	5.79340213256459	-0.158355604123939	0.745831778701118	-0.212320805637591	0.831856764888228	0.992437694366657
K8B78_04110	cds	0.0548150217076223	0.340161127315109	4.05729003464737	0.0838394900069482	0.933184050045524	0.992437694366657
K8B78_04115	cds	0	NA	NA	NA	NA	NA
K8B78_04120	cds	0.109630043415245	0.792644007599646	4.04685395018959	0.195866719519866	0.844714486663204	0.992437694366657
K8B78_04125	cds	0.170650425665252	0.817556315744581	4.04635843168295	0.202047428458913	0.839879646162178	0.992437694366657
K8B78_04130	cds	0.280280469080497	1.55333478645372	4.0250333516253	0.385918488309292	0.699557037630276	0.992437694366657
K8B78_04135	cds	0.173783820840154	-1.45330564524076	4.0804728567969	-0.356161086286844	0.721719932270683	0.992437694366657
K8B78_04140	cds	1.0200884593873	-3.74677969040858	3.95711370124424	-0.946846609242105	0.343716947329646	0.992437694366657
K8B78_04145	cds	0.822527046920978	0.383980321568564	2.2853579231004	0.168017586080189	0.86656944406157	0.992437694366657
K8B78_04150	cds	0.0548150217076223	0.340161127315109	4.05729003464737	0.0838394900069482	0.933184050045524	0.992437694366657
K8B78_04155	cds	0.0548150217076223	0.340161127315109	4.05729003464737	0.0838394900069482	0.933184050045524	0.992437694366657
K8B78_04160	cds	0	NA	NA	NA	NA	NA
K8B78_04165	cds	0.280280469080497	1.55333478645372	4.0250333516253	0.385918488309292	0.699557037630276	0.992437694366657
K8B78_04170	cds	0.760339716564106	0.250367176998103	2.56066026140066	0.0977744610529294	0.922111387322362	0.992437694366657
K8B78_04175	cds	0	NA	NA	NA	NA	NA
K8B78_04180	cds	0.0548150217076223	0.340161127315109	4.05729003464737	0.0838394900069482	0.933184050045524	0.992437694366657
K8B78_04185	cds	1.08836462000962	-0.986917497381013	1.89848292261074	-0.519845338415702	0.603171376236624	0.992437694366657
K8B78_04190	cds	0.389910512495741	1.93565922078831	4.01031669137816	0.482669916056709	0.629330127263535	0.992437694366657
K8B78_04195	cds	0	NA	NA	NA	NA	NA
K8B78_04200	cds	0.687148904728553	-0.343149351889067	2.55873578927451	-0.134108942911359	0.893316428106791	0.992437694366657
K8B78_04205	cds	1.14029310532812	-1.13677050746349	3.90326044650192	-0.291236140412373	0.770870723889172	0.992437694366657
K8B78_04210	cds	0.698778036987381	1.24605073400346	2.70665293310681	0.460365907561405	0.645253601266472	0.992437694366657
K8B78_04215	cds	1.95101693386058	-0.900281123836199	1.34129289537252	-0.671203975613516	0.502090596367604	0.992437694366657
K8B78_04220	cds	0.204017691877461	-1.45330564524076	4.0804728567969	-0.356161086286844	0.721719932270682	0.992437694366657
K8B78_04225	cds	1.66705042942979	-1.0956636541095	1.38871673315256	-0.788975626168347	0.430126252414169	0.992437694366657
K8B78_04230	cds	2.64719881291681	-1.71646416619496	1.09828444400132	-1.56285939910199	0.118085669216575	0.992437694366657
K8B78_04235	cds	0.280280469080497	1.55333478645372	4.0250333516253	0.385918488309292	0.699557037630276	0.992437694366657
K8B78_04240	cds	0.164445065122867	1.10366924633593	4.04118419481979	0.273105405032186	0.784772192000975	0.992437694366657
K8B78_04245	cds	0.0548150217076223	0.340161127315109	4.05729003464737	0.0838394900069482	0.933184050045524	0.992437694366657
K8B78_04250	cds	0	NA	NA	NA	NA	NA
K8B78_04255	cds	0.653301770997046	-1.08389967006167	2.8796993733259	-0.376393341645874	0.706624495285468	0.992437694366657
K8B78_04260	cds	0	NA	NA	NA	NA	NA
K8B78_04265	cds	0.225465447372874	1.29731318462424	4.03700179369559	0.321355612635643	0.747940916587146	0.992437694366657
K8B78_04270	cds	0.374668117542712	-0.144213088051307	4.04635820912315	-0.0356402178448157	0.971569239476422	0.992437694366657
K8B78_04275	cds	0.170650425665252	0.817556315744581	4.04635843168295	0.202047428458913	0.839879646162178	0.992437694366657
K8B78_04280	cds	0.959035900313783	0.22035921016886	2.46721313004077	0.0893150281529261	0.928831551062661	0.992437694366657
K8B78_04285	cds	0.570146552664059	-0.790018592261486	3.31251053320834	-0.238495420419482	0.811496866870949	0.992437694366657
K8B78_04290	cds	0.0548150217076223	0.340161127315109	4.05729003464737	0.0838394900069482	0.933184050045524	0.992437694366657
K8B78_04295	cds	0.0548150217076223	0.340161127315109	4.05729003464737	0.0838394900069482	0.933184050045524	0.992437694366657
K8B78_04300	cds	3.13552257957887	1.58927806549075	1.05410966042922	1.50769708802746	0.131632071153171	0.992437694366657
K8B78_04305	cds	0.312480787185841	-0.169130501904008	4.04685382652495	-0.0417930839990929	0.966663648366881	0.992437694366657
K8B78_04310	cds	3.08864635674815	0.226933899475868	0.981378158294396	0.231240014420406	0.817128345258298	0.992437694366657
K8B78_04315	cds	9.75482067017644	0.14082377316526	0.557792842100431	0.252466081556322	0.800680828109133	0.992437694366657
K8B78_04320	cds	0.0548150217076223	0.340161127315109	4.05729003464737	0.0838394900069482	0.933184050045524	0.992437694366657
K8B78_04325	cds	5.08111824892659	-0.500020295830044	0.744043819969259	-0.672030708958382	0.501564146604222	0.992437694366657
K8B78_04330	cds	1.31021680468829	-0.587573418546904	1.65469971686625	-0.355093684103409	0.722519408097784	0.992437694366657
K8B78_04335	cds	2.38899581019485	0.182156769104434	1.14265408302555	0.159415497489944	0.873341529813514	0.992437694366657
K8B78_04340	cds	0	NA	NA	NA	NA	NA
K8B78_04345	cds	0.276667206386296	0.817556181396176	4.04635843433476	0.2020473951242	0.839879672222042	0.992437694366657
K8B78_04350	cds	1.38173154791377	-1.8297610102681	1.67428307677425	-1.09286239325396	0.274454222111997	0.992437694366657
K8B78_04355	cds	1.3435840709005	-1.51843357863211	1.64907085486299	-0.920781283687334	0.357164628516362	0.992437694366657
K8B78_04360	cds	0.702391299681582	1.38838948571848	2.67808456093776	0.51842630586404	0.604160864794968	0.992437694366657
K8B78_04365	cds	7.61732878458962	-0.198849778298892	0.631358324350006	-0.314955502493154	0.752795439520535	0.992437694366657
K8B78_04370	cds	2.69557725617657	1.29991548053309	1.15423924393455	1.12620974149342	0.260076751136141	0.992437694366657
K8B78_04375	cds	10.5065281713936	-1.30885399437635	1.2041259265184	-1.0869743484062	0.277048146377614	0.992437694366657
K8B78_04380	cds	2.97369361714139	-0.44787775388053	1.05206280190911	-0.425713895660785	0.670316335397179	0.992437694366657
K8B78_04385	cds	0.0548150217076223	0.340161127315109	4.05729003464737	0.0838394900069482	0.933184050045524	0.992437694366657
K8B78_04390	cds	2.24379904476583	-0.179908675715982	1.18890713697757	-0.151322731709177	0.879721138446011	0.992437694366657
K8B78_04395	cds	0.0548150217076223	0.340161127315109	4.05729003464737	0.0838394900069482	0.933184050045524	0.992437694366657
K8B78_04400	cds	2.21545884814047	-0.0638005789057622	1.1854161331021	-0.0538212507187695	0.957077578431206	0.992437694366657
K8B78_04405	cds	0	NA	NA	NA	NA	NA
K8B78_04410	cds	0	NA	NA	NA	NA	NA
K8B78_04415	cds	0	NA	NA	NA	NA	NA
K8B78_04420	cds	0	NA	NA	NA	NA	NA
K8B78_04425	cds	0	NA	NA	NA	NA	NA
K8B78_04430	cds	4.35509943891132	0.855729093552887	0.821668005825815	1.04145358890157	0.297665082404615	0.992437694366657
K8B78_04435	cds	1.68820374638427	-0.763665656324861	1.49482674833877	-0.510872351711353	0.609440442364182	0.992437694366657
K8B78_04440	cds	0.0548150217076223	0.340161127315109	4.05729003464737	0.0838394900069482	0.933184050045524	0.992437694366657
K8B78_04445	cds	3.19120581282079	-0.542278825151937	1.01986147636521	-0.531718118312126	0.594921241260022	0.992437694366657
K8B78_04450	cds	0	NA	NA	NA	NA	NA
K8B78_04455	cds	0	NA	NA	NA	NA	NA
K8B78_04460	cds	0.202850743770596	-1.45330564524076	4.0804728567969	-0.356161086286844	0.721719932270683	0.992437694366657
K8B78_04465	cds	0	NA	NA	NA	NA	NA
K8B78_04470	cds	0.276667206386296	0.817556181396176	4.04635843433476	0.2020473951242	0.839879672222042	0.992437694366657
K8B78_04475	cds	0.573033089053182	-0.458602503042328	3.07292709885392	-0.149239629932441	0.881364549964972	0.992437694366657
K8B78_04480	cds	0	NA	NA	NA	NA	NA
K8B78_04485	cds	0.745097321611077	-1.258556895901	2.42322115778633	-0.519373517294115	0.603500295261638	0.992437694366657
K8B78_04490	cds	0.276667206386296	0.817556181396176	4.04635843433476	0.2020473951242	0.839879672222042	0.992437694366657
K8B78_04495	cds	0	NA	NA	NA	NA	NA
K8B78_04500	cds	0	NA	NA	NA	NA	NA
K8B78_04505	cds	0	NA	NA	NA	NA	NA
K8B78_04510	cds	0	NA	NA	NA	NA	NA
K8B78_04515	cds	10.9649089822681	-0.750047813662429	0.990911762644552	-0.756926945402986	0.449093631153422	0.992437694366657
K8B78_04520	cds	16.8221970399077	0.19693388361877	0.574424059846478	0.342837108305322	0.731721007520348	0.992437694366657
K8B78_04525	cds	0.461683457355679	-1.57883315294753	3.50643818060891	-0.450266929466687	0.652517981597643	0.992437694366657
K8B78_04530	cds	22.4859045607193	-0.106604582435621	0.477555567153819	-0.223229692559072	0.823356743621863	0.992437694366657
K8B78_04535	cds	7.33860516051037	-0.24109403802044	0.693416817952395	-0.347689920086409	0.728073067531666	0.992437694366657
K8B78_04540	cds	0	NA	NA	NA	NA	NA
K8B78_04545	cds	0.335095490788119	1.76073601628981	4.01661893054575	0.438362724155806	0.661123363420876	0.992437694366657
K8B78_04550	cds	2.99570875208506	0.494486292300473	0.999595660033848	0.494686313747829	0.620821563916155	0.992437694366657
K8B78_04555	cds	1.14747998499901	-1.57010273517078	1.86563227089904	-0.841592826015041	0.400015906259057	0.992437694366657
K8B78_04560	cds	1.57925350079088	0.263073326297947	1.46922690665046	0.179055614287449	0.857894033355593	0.992437694366657
K8B78_04565	cds	0.276667206386296	0.817556181396176	4.04635843433476	0.2020473951242	0.839879672222042	0.992437694366657
K8B78_04570	cds	0.280280469080497	1.55333478645372	4.0250333516253	0.385918488309292	0.699557037630276	0.992437694366657
K8B78_04575	cds	0.486264608025995	-1.02260575117989	3.39286183756534	-0.301399172774361	0.763110125034241	0.992437694366657
K8B78_04580	cds	1.30321194518473	0.324213538553731	1.64937864336088	0.196567076855738	0.844166336770297	0.992437694366657
K8B78_04585	cds	0	NA	NA	NA	NA	NA
K8B78_04590	cds	0.486264608025995	-1.02260575117989	3.39286183756534	-0.301399172774361	0.763110125034241	0.992437694366657
K8B78_04595	cds	0.682663132468427	0.0453570254573186	2.72396177841043	0.0166511240417576	0.986714939112418	0.997671429380991
K8B78_04600	cds	1.8609591196127	0.500554935630833	1.33003066756364	0.376348416497607	0.706657889372888	0.992437694366657
K8B78_04605	cds	0	NA	NA	NA	NA	NA
K8B78_04610	cds	0.0548150217076223	0.340161127315109	4.05729003464737	0.0838394900069482	0.933184050045524	0.992437694366657
K8B78_04615	cds	0.0548150217076223	0.340161127315109	4.05729003464737	0.0838394900069482	0.933184050045524	0.992437694366657
K8B78_04620	cds	0.0548150217076223	0.340161127315109	4.05729003464737	0.0838394900069482	0.933184050045524	0.992437694366657
K8B78_04625	cds	5.14785684143398	-0.135723445732717	0.743437215876174	-0.182562081685353	0.855141638681395	0.992437694366657
K8B78_04630	cds	2.19867888507251	-0.628328161956662	1.21886495688255	-0.51550268830742	0.60620179151557	0.992437694366657
K8B78_04635	cds	0.950281961595402	-1.67160199649785	2.23038564341614	-0.749467699199125	0.453575360133873	0.992437694366657
K8B78_04640	cds	0.834999197813167	-1.94119828466623	2.40194966167677	-0.808176089465217	0.418989220200283	0.992437694366657
K8B78_04645	cds	0.0548150217076223	0.340161127315109	4.05729003464737	0.0838394900069482	0.933184050045524	0.992437694366657
K8B78_04650	cds	0	NA	NA	NA	NA	NA
K8B78_04655	cds	2.52006226625683	0.500157652676515	1.10741209880353	0.451645465330292	0.651524411033964	0.992437694366657
K8B78_04660	cds	0	NA	NA	NA	NA	NA
K8B78_04665	cds	0.723984838437843	2.65975801637296	2.86706210787821	0.927694593383376	0.353566013806598	0.992437694366657
K8B78_04670	cds	0.635467278195833	-2.09648590289303	2.65895527596092	-0.788462266306974	0.430426361773259	0.992437694366657
K8B78_04685	cds	0	NA	NA	NA	NA	NA
K8B78_04690	cds	9.52904550819798	0.00973916450847426	0.606922820377952	0.0160467924116107	0.9871970615452	0.997671429380991
K8B78_04695	cds	0.999629691914394	-0.438452619120409	2.0124506642429	-0.217869996472862	0.827530404941277	0.992437694366657
K8B78_04700	cds	0	NA	NA	NA	NA	NA
K8B78_04705	cds	1.47065190498736	-1.87776606022013	1.57067403626046	-1.19551607581852	0.231885459161023	0.992437694366657
K8B78_04710	cds	188.216093236782	0.427908989921568	0.489577291164167	0.87403765992504	0.382097744997098	0.992437694366657
K8B78_04715	cds	0	NA	NA	NA	NA	NA
K8B78_04720	cds	0	NA	NA	NA	NA	NA
K8B78_04725	cds	0	NA	NA	NA	NA	NA
K8B78_04730	cds	0	NA	NA	NA	NA	NA
K8B78_04735	cds	0	NA	NA	NA	NA	NA
K8B78_04740	cds	1.10226621867476	2.05269142348259	2.0111082552841	1.02067674283034	0.307407616821657	0.992437694366657
K8B78_04745	cds	0	NA	NA	NA	NA	NA
K8B78_04750	cds	0.219260086830489	1.35914423581418	4.03393976171598	0.336927251297382	0.736171741617919	0.992437694366657
K8B78_04755	cds	0.976466408219693	2.04717508147581	2.22927495101844	0.918314306873882	0.358454339272407	0.992437694366657
K8B78_04760	cds	0	NA	NA	NA	NA	NA
K8B78_04765	cds	103.095004693335	0.0200663755802907	0.396681998797471	0.0505855462086036	0.959655780533984	0.992437694366657
K8B78_04770	cds	0.0548150217076223	0.340161127315109	4.05729003464737	0.0838394900069482	0.933184050045524	0.992437694366657
K8B78_04775	cds	0	NA	NA	NA	NA	NA
K8B78_04780	cds	0.577518861313308	-1.15280128931103	3.06700170277081	-0.375872399506514	0.707011760453914	0.992437694366657
K8B78_04785	cds	0.170650425665252	0.817556315744581	4.04635843168295	0.202047428458913	0.839879646162178	0.992437694366657
K8B78_04790	cds	0.173783820840154	-1.45330564524076	4.0804728567969	-0.356161086286844	0.721719932270683	0.992437694366657
K8B78_04795	cds	0	NA	NA	NA	NA	NA
K8B78_04800	cds	7.13188636122215	-0.0948253188200725	0.676207771302274	-0.140231039695763	0.888477448074017	0.992437694366657
K8B78_04805	cds	0.276667206386296	0.817556181396176	4.04635843433476	0.2020473951242	0.839879672222042	0.992437694366657
K8B78_04810	cds	0	NA	NA	NA	NA	NA
K8B78_04815	cds	0	NA	NA	NA	NA	NA
K8B78_04820	cds	0.276667206386296	0.817556181396176	4.04635843433476	0.2020473951242	0.839879672222042	0.992437694366657
K8B78_04825	cds	0.202850743770596	-1.45330564524076	4.0804728567969	-0.356161086286844	0.721719932270683	0.992437694366657
K8B78_04830	cds	0.170650425665252	0.817556315744581	4.04635843168295	0.202047428458913	0.839879646162178	0.992437694366657
K8B78_04835	cds	0	NA	NA	NA	NA	NA
K8B78_04840	cds	8.88410078766142	-0.865783758028948	0.591662670514037	-1.4633063757035	0.143383563934056	0.992437694366657
K8B78_04845	cds	0.109630043415245	0.792644007599646	4.04685395018959	0.195866719519866	0.844714486663204	0.992437694366657
K8B78_04850	cds	0.866982148065296	1.53569265262921	2.41546554239942	0.635775019627779	0.524923071524605	0.992437694366657
K8B78_04855	cds	0.738350663741974	-0.646373470071778	2.51472028065839	-0.257035931607689	0.797151035250841	0.992437694366657
K8B78_04860	cds	1.08507528678892	2.04507290417056	2.10759037589678	0.970336991266806	0.331878544496556	0.992437694366657
K8B78_04865	cds	5.75397410100711	-0.383111159024913	0.694399133580038	-0.551716067169826	0.581142900059795	0.992437694366657
K8B78_04870	cds	3.19732681990975	-0.81407639482531	0.988704560495951	-0.823376797631999	0.410293753328973	0.992437694366657
K8B78_04875	cds	27.7250841785727	-0.505448313627705	0.445607983464632	-1.13428917879301	0.256673266805806	0.992437694366657
K8B78_04880	cds	13.1516098597302	-0.615664958554857	0.519856958973876	-1.18429684921424	0.236295575638761	0.992437694366657
K8B78_04885	cds	0.276667206386296	0.817556181396176	4.04635843433476	0.2020473951242	0.839879672222042	0.992437694366657
K8B78_04890	cds	17.3665071271327	0.00798466372562483	0.476870818691238	0.0167438715322078	0.986640947637129	0.997671429380991
K8B78_04895	cds	1.99601333233162	-0.836209582099454	1.2808258791635	-0.652867494093402	0.513841706578063	0.992437694366657
K8B78_04900	cds	0.0548150217076223	0.340161127315109	4.05729003464737	0.0838394900069482	0.933184050045524	0.992437694366657
K8B78_04905	cds	0.597061599548104	-0.41560196439363	2.97451566438319	-0.139720886116029	0.888880523545574	0.992437694366657
K8B78_04910	cds	0.312480787185841	-0.169130501904008	4.04685382652495	-0.0417930839990929	0.966663648366881	0.992437694366657
K8B78_04915	cds	0	NA	NA	NA	NA	NA
K8B78_04920	cds	0.170650425665252	0.817556315744581	4.04635843168295	0.202047428458913	0.839879646162178	0.992437694366657
K8B78_04925	cds	2.51371959328303	0.438820158989846	1.20873665239635	0.363040334815589	0.716574754012844	0.992437694366657
K8B78_04930	cds	1.73090248554806	-0.0233667986865823	1.36714524356048	-0.0170916724442004	0.986363482370264	0.997671429380991
K8B78_04935	cds	1.28162974927715	0.4445257674037	1.71652734075392	0.258968067009325	0.795659879034237	0.992437694366657
K8B78_04940	cds	0.312480787185841	-0.169130501904008	4.04685382652495	-0.0417930839990929	0.966663648366881	0.992437694366657
K8B78_04945	cds	2.14608851206738	-1.88084015767639	1.33351833125344	-1.41043442268131	0.158411447159734	0.992437694366657
K8B78_04950	cds	4.65892855096744	0.734608282159717	0.799033428219364	0.919371150462106	0.35790147382504	0.992437694366657
K8B78_04955	cds	0	NA	NA	NA	NA	NA
K8B78_04960	cds	0.633500831127795	-0.640458326051549	2.89155462180108	-0.221492729628127	0.824708796948935	0.992437694366657
K8B78_04965	cds	0.202850743770596	-1.45330564524076	4.0804728567969	-0.356161086286844	0.721719932270683	0.992437694366657
K8B78_04970	cds	11.620886378006	-0.11381110797226	0.546080694510394	-0.208414450678029	0.834905374049686	0.992437694366657
K8B78_04975	cds	3.9729640318964	-0.244616060085637	0.848486550136188	-0.28829692120208	0.773119463683241	0.992437694366657
K8B78_04980	cds	0	NA	NA	NA	NA	NA
K8B78_04985	cds	1.02851118586648	-1.04460819966179	1.97570519468389	-0.528726756639886	0.596995013226789	0.992437694366657
K8B78_04990	cds	1.69983287864309	0.00227380882813269	1.51169691733568	0.00150414332533019	0.998799867716024	0.999423476131939
K8B78_04995	cds	52.8893269848362	-0.251513821738187	0.383140798544075	-0.656452726240412	0.511532874879398	0.992437694366657
K8B78_05000	cds	0.0548150217076223	0.340161127315109	4.05729003464737	0.0838394900069482	0.933184050045524	0.992437694366657
K8B78_05005	cds	0.312480787185841	-0.169130501904008	4.04685382652495	-0.0417930839990929	0.966663648366881	0.992437694366657
K8B78_05010	cds	1.4174005335162	-0.47708834766538	1.60489082278201	-0.297271528313911	0.766259216761572	0.992437694366657
K8B78_05015	cds	0.798745395211835	-0.976104885605315	2.45949229042922	-0.396872512836773	0.691461474740475	0.992437694366657
K8B78_05020	cds	9.67944055732428	-0.190827322831322	0.565277706405574	-0.337581547386211	0.735678549716426	0.992437694366657
K8B78_05025	cds	1.65526535912517	-0.581412374057928	1.3858850646537	-0.419524236811953	0.674833045477421	0.992437694366657
K8B78_05030	cds	0	NA	NA	NA	NA	NA
K8B78_05035	cds	0.280280469080497	1.55333478645372	4.0250333516253	0.385918488309292	0.699557037630276	0.992437694366657
K8B78_05040	cds	0.274075108538111	1.59303086754682	4.02333872711413	0.395947489285713	0.692143766502984	0.992437694366657
K8B78_05045	cds	7.48479294858089	-0.914427465253554	0.67277270754228	-1.3591922725196	0.174085669332558	0.992437694366657
K8B78_05050	cds	12.2947473407289	-0.663197800088186	0.54661555447217	-1.21328014664455	0.225022730745965	0.992437694366657
K8B78_05055	cds	18.3490229594821	-0.168412699917989	0.491063928762693	-0.342954735735384	0.731632512870431	0.992437694366657
K8B78_05060	cds	12.8751232474988	-0.873926332692862	0.528695950321031	-1.65298472999879	0.0983339713431509	0.992437694366657
K8B78_05065	cds	0.170650425665252	0.817556315744581	4.04635843168295	0.202047428458913	0.839879646162178	0.992437694366657
K8B78_05070	cds	0.109630043415245	0.792644007599646	4.04685395018959	0.195866719519866	0.844714486663204	0.992437694366657
K8B78_05075	cds	0	NA	NA	NA	NA	NA
K8B78_05080	cds	0	NA	NA	NA	NA	NA
K8B78_05085	cds	0	NA	NA	NA	NA	NA
K8B78_05090	cds	0.711730055398869	-0.0261069815025026	2.49619858048416	-0.0104586957570655	0.991655320259096	0.997671429380991
K8B78_05095	cds	2.48676371261774	-1.08106486663777	1.09684966603261	-0.985608967314603	0.324325035917024	0.992437694366657
K8B78_05100	cds	0.515331530956437	-1.11678886864028	3.54428685516027	-0.315095508427683	0.75268913870862	0.992437694366657
K8B78_05105	cds	1.07902586429233	-0.0116580025811869	1.90848730931468	-0.00610850411437798	0.99512614918789	0.998135603268095
K8B78_05110	cds	4.23958366639556	0.260514193339564	0.820618081892179	0.317460946922923	0.75089386787303	0.992437694366657
K8B78_05115	cds	3.64500055825831	-0.310615443479761	0.878779444713382	-0.353462345243031	0.723741853351279	0.992437694366657
K8B78_05120	cds	2.20820712985113	0.968048610731815	1.2138724378822	0.797487924201276	0.425167713376058	0.992437694366657
K8B78_05125	cds	0.37663456461075	-2.3176833923885	4.0408595692135	-0.573561974300335	0.566264249893832	0.992437694366657
K8B78_05130	cds	1.50993415328399	-0.216754497098602	1.53412971799027	-0.14128824606993	0.887642234745747	0.992437694366657
K8B78_05135	cds	0	NA	NA	NA	NA	NA
K8B78_05140	cds	2.29938431245072	-1.00744813452282	1.14931478774099	-0.876564145235607	0.38072342112373	0.992437694366657
K8B78_05145	cds	0.912614352101427	0.414128002103817	2.15055041136273	0.192568376874922	0.847297012939351	0.992437694366657
K8B78_05150	cds	1.70994594042062	0.393078645943024	1.42981142032359	0.274916426289324	0.783380446874113	0.992437694366657
K8B78_05155	cds	5.01704858700646	-0.490404200557398	0.775620033508384	-0.632273767271249	0.527208001998725	0.992437694366657
K8B78_05160	cds	0.745097321611077	-1.258556895901	2.42322115778633	-0.519373517294115	0.603500295261638	0.992437694366657
K8B78_05165	cds	0.393043907670643	0.397369888355041	4.03393945392664	0.098506656555849	0.921529986501855	0.992437694366657
K8B78_05170	cds	0	NA	NA	NA	NA	NA
K8B78_05175	cds	0.225465447372874	1.29731318462424	4.03700179369559	0.321355612635643	0.747940916587146	0.992437694366657
K8B78_05180	cds	0.109630043415245	0.792644007599646	4.04685395018959	0.195866719519866	0.844714486663204	0.992437694366657
K8B78_05185	cds	0.204017691877461	-1.45330564524076	4.0804728567969	-0.356161086286844	0.721719932270682	0.992437694366657
K8B78_05190	cds	0.202850743770596	-1.45330564524076	4.0804728567969	-0.356161086286844	0.721719932270683	0.992437694366657
K8B78_05195	cds	0.0548150217076223	0.340161127315109	4.05729003464737	0.0838394900069482	0.933184050045524	0.992437694366657
K8B78_05200	cds	0.393043907670643	0.397369888355041	4.03393945392664	0.098506656555849	0.921529986501855	0.992437694366657
K8B78_05205	cds	0.0548150217076223	0.340161127315109	4.05729003464737	0.0838394900069482	0.933184050045524	0.992437694366657
K8B78_05210	cds	1.37177848426502	-0.835282020944893	1.63119427143872	-0.512067774862996	0.608603576923246	0.992437694366657
K8B78_05215	cds	7.35773597981222	-0.0296974767910935	0.628570938078489	-0.0472460226714859	0.962317147665703	0.992437694366657
K8B78_05220	cds	0	NA	NA	NA	NA	NA
K8B78_05225	cds	0	NA	NA	NA	NA	NA
K8B78_05230	cds	0	NA	NA	NA	NA	NA
K8B78_05235	cds	0	NA	NA	NA	NA	NA
K8B78_05240	cds	0	NA	NA	NA	NA	NA
K8B78_05245	cds	0	NA	NA	NA	NA	NA
K8B78_05250	cds	0	NA	NA	NA	NA	NA
K8B78_05255	cds	0	NA	NA	NA	NA	NA
K8B78_05260	cds	0.612053075632382	-3.00456942952987	3.41977787407188	-0.878586136342352	0.379625715432181	0.992437694366657
K8B78_05265	cds	0.170650425665252	0.817556315744581	4.04635843168295	0.202047428458913	0.839879646162178	0.992437694366657
K8B78_05270	cds	0.109630043415245	0.792644007599646	4.04685395018959	0.195866719519866	0.844714486663204	0.992437694366657
K8B78_05275	cds	0.974801682458299	0.496544716593865	2.23949094067574	0.221722136747754	0.824530196361397	0.992437694366657
K8B78_05280	cds	0.709763608330831	1.33758705365146	2.65647604710075	0.503519335365849	0.614599189662757	0.992437694366657
K8B78_05285	cds	0	NA	NA	NA	NA	NA
K8B78_05290	cds	1.35543486904417	0.634771985920395	1.6861989293448	0.376451422707904	0.706581322885634	0.992437694366657
K8B78_05295	cds	0	NA	NA	NA	NA	NA
K8B78_05300	cds	0.344434246505406	-0.144213088051307	4.04635820912315	-0.0356402178448157	0.971569239476422	0.992437694366657
K8B78_05305	cds	8.73080176459535	-0.104442402623995	0.617775323188491	-0.169062114823463	0.865747783915548	0.992437694366657
K8B78_05310	cds	0	NA	NA	NA	NA	NA
K8B78_05315	cds	0.40238266338793	-1.38685318104749	4.0268649229747	-0.344400223890052	0.730545320513992	0.992437694366657
K8B78_05320	cds	1.4641996856592	-0.828616077000282	1.50319289749486	-0.551237355086766	0.581470975865533	0.992437694366657
K8B78_05325	cds	3.90008556873702	-0.111475825237044	0.831521359407412	-0.134062491571459	0.893353159231062	0.992437694366657
K8B78_05330	cds	5.55875386752022	-0.454592768598006	0.750731213550979	-0.605533325899386	0.544824688393104	0.992437694366657
K8B78_05335	cds	0.429483139250335	0.331554728002685	3.69560610998923	0.0897159270049078	0.928512959062952	0.992437694366657
K8B78_05340	cds	0.170650425665252	0.817556315744581	4.04635843168295	0.202047428458913	0.839879646162178	0.992437694366657
K8B78_05345	cds	0.480684898263756	-0.156356473922449	3.763311307306	-0.0415475790214067	0.966859363002837	0.992437694366657
K8B78_05350	cds	0	NA	NA	NA	NA	NA
K8B78_05355	cds	19.6096922756571	0.426785225894353	0.514959574963533	0.828774231306557	0.407232172237174	0.992437694366657
K8B78_05360	cds	0.699944985094245	1.24604685254382	2.70407281512118	0.460803734860957	0.644939421919466	0.992437694366657
K8B78_05365	cds	0	NA	NA	NA	NA	NA
K8B78_05370	cds	0.579485308381346	-2.9345648485437	3.24501611827465	-0.9043298219745	0.365820538077865	0.992437694366657
K8B78_05375	cds	0.228598842547776	-0.621612225862862	4.05728984179716	-0.153208730482888	0.878233673027429	0.992437694366657
K8B78_05380	cds	0.313647735292705	-0.169130501904008	4.04685382652495	-0.0417930839990929	0.966663648366881	0.992437694366657
K8B78_05385	cds	0.258832713585083	-0.621612225862862	4.05728984179716	-0.153208730482888	0.878233673027429	0.992437694366657
K8B78_05390	cds	0	NA	NA	NA	NA	NA
K8B78_05395	cds	3.59768160642222	-0.206325732384659	0.90732154451945	-0.227400896221346	0.820112023457651	0.992437694366657
K8B78_05400	cds	0	NA	NA	NA	NA	NA
K8B78_05405	cds	1.96745576785304	1.25649132903116	1.33215044830988	0.943205274318141	0.345575916128439	0.992437694366657
K8B78_05410	cds	9.45412787713483	-0.359161077658578	0.610673762886544	-0.58813903508952	0.556438973975709	0.992437694366657
K8B78_05415	cds	0	NA	NA	NA	NA	NA
K8B78_05420	cds	0	NA	NA	NA	NA	NA
K8B78_05425	cds	0	NA	NA	NA	NA	NA
K8B78_05430	cds	0.998902965609316	-0.618418575128133	2.11357548770943	-0.292593559456133	0.769832837245715	0.992437694366657
K8B78_05435	cds	0.563694333335895	1.00559923987031	3.07050716990818	0.327502651589762	0.743287737769361	0.992437694366657
K8B78_05440	cds	0.912614352101427	0.414128002103817	2.15055041136273	0.192568376874922	0.847297012939351	0.992437694366657
K8B78_05445	cds	0	NA	NA	NA	NA	NA
K8B78_05450	cds	0.537946234558715	0.817334707713907	3.16762347687053	0.258027733940587	0.796385503177417	0.992437694366657
K8B78_05455	cds	0	NA	NA	NA	NA	NA
K8B78_05465	cds	3.01008592023787	0.107138576549822	0.958084465024333	0.111825815427559	0.910961518149484	0.992437694366657
K8B78_05470	cds	0.42831619114347	0.331643072676927	3.70211730494387	0.0895820000717011	0.928619388750356	0.992437694366657
K8B78_05475	cds	9.54840018338383	-0.0712289784710273	0.56502476017778	-0.126063463924334	0.899681688255411	0.992437694366657
K8B78_05480	cds	0.689115351796591	-1.61457133641346	2.70276069225674	-0.597378577037589	0.550254653392173	0.992437694366657
K8B78_05485	cds	18.3751496106718	0.252553628831195	0.446656897470164	0.565430938739875	0.571780685729019	0.992437694366657
K8B78_05490	cds	2.39149949450663	-2.29659519096308	1.25384740087848	-1.83163851466615	0.0670052946776955	0.992437694366657
K8B78_05495	cds	0.947948065381673	-1.64822757897538	2.09924542383215	-0.785152398220578	0.432364221092148	0.992437694366657
K8B78_05500	cds	7.18557090967805	0.324773908765204	0.668876433439262	0.48555143002313	0.627285240021904	0.992437694366657
K8B78_05505	cds	0.0548150217076223	0.340161127315109	4.05729003464737	0.0838394900069482	0.933184050045524	0.992437694366657
K8B78_05510	cds	1.44891377103398	-0.247853383813592	1.55044971938303	-0.159859027168079	0.872992124945842	0.992437694366657
K8B78_05515	cds	0.560081070641694	0.763721958160631	3.1134727630038	0.245295853310697	0.806227362271387	0.992437694366657
K8B78_05520	cds	0.914580799169465	-0.615106916766125	2.12586808333485	-0.289343878666829	0.772318237263875	0.992437694366657
K8B78_05525	cds	9.67390436723423	-0.362995600733188	0.565166881446098	-0.642280382396766	0.520691149450518	0.992437694366657
K8B78_05530	cds	0	NA	NA	NA	NA	NA
K8B78_05535	cds	0.689115351796591	-1.61457133641346	2.70276069225674	-0.597378577037589	0.550254653392173	0.992437694366657
K8B78_05540	cds	0.483131212851093	0.595819566066513	3.40183517272604	0.175146512342353	0.86096451152002	0.992437694366657
K8B78_05545	cds	4.53162401287975	0.841217897143054	0.824385532674043	1.02041807358556	0.307530225810548	0.992437694366657
K8B78_05550	cds	0.204017691877461	-1.45330564524076	4.0804728567969	-0.356161086286844	0.721719932270682	0.992437694366657
K8B78_05555	cds	1.02176452799737	-0.456340207858577	1.92312462520684	-0.237291022057136	0.812431026595458	0.992437694366657
K8B78_05560	cds	0.962943601548923	0.857330064906901	2.18435399418306	0.392486779702362	0.694698577638239	0.992437694366657
K8B78_05565	cds	23.6975359722971	-1.41662517857699	0.523374138018914	-2.70671604817775	0.00679523511364565	0.992437694366657
K8B78_05570	cds	0.173783820840154	-1.45330564524076	4.0804728567969	-0.356161086286844	0.721719932270683	0.992437694366657
K8B78_05575	cds	0	NA	NA	NA	NA	NA
K8B78_05580	cds	0.283413864255399	-0.169130501904008	4.04685382652495	-0.0417930839990929	0.966663648366882	0.992437694366657
K8B78_05585	cds	0.454064289920651	0.594683615880446	3.53939840953294	0.168018275161886	0.866568901959952	0.992437694366657
K8B78_05590	cds	1.4214936637297	0.643843447956239	1.55930711827444	0.412903552103789	0.679677278496531	0.992437694366657
K8B78_05595	cds	0.393043907670643	0.397369888355041	4.03393945392664	0.098506656555849	0.921529986501855	0.992437694366657
K8B78_05600	cds	0.228598842547776	-0.621612225862862	4.05728984179716	-0.153208730482888	0.878233673027429	0.992437694366657
K8B78_05605	cds	2.25478461610928	-0.121284678151766	1.16709449342409	-0.103920187127209	0.917232686833267	0.992437694366657
K8B78_05610	cds	1.69986911554958	0.507396008509417	1.43028004815197	0.354752909519372	0.722774709440765	0.992437694366657
K8B78_05615	cds	0.714863450573771	-1.21854368507998	2.63743184465457	-0.462019023372933	0.644067678484612	0.992437694366657
K8B78_05620	cds	0.954153425924058	-2.21957485712397	2.12600155607919	-1.04401375002629	0.296479028068253	0.992437694366657
K8B78_05625	cds	0.772997296434655	-1.34266353614793	2.71823202734969	-0.493947360872295	0.621343355484283	0.992437694366657
K8B78_05630	cds	0.37663456461075	-2.3176833923885	4.0408595692135	-0.573561974300335	0.566264249893832	0.992437694366657
K8B78_05635	cds	0.666577718882037	2.63412140646978	2.7212387364016	0.967986149555175	0.333051286967002	0.992437694366657
K8B78_05640	cds	0.660048428866149	-1.55772841853242	2.771688482522	-0.562014248121786	0.574106311522739	0.992437694366657
K8B78_05645	cds	0.550742314924407	2.37454507687951	3.33563870196633	0.711871185413377	0.476544546744374	0.992437694366657
K8B78_05650	cds	0.73718371563511	-0.635864322403492	2.66818505749866	-0.238313426055836	0.81163800880791	0.992437694366657
K8B78_05655	cds	1.3862173201739	-2.22693926938808	1.80026726930244	-1.23700480887539	0.216085297331194	0.992437694366657
K8B78_05660	cds	0.374668117542712	-0.144213088051307	4.04635820912315	-0.0356402178448157	0.971569239476422	0.992437694366657
K8B78_05665	cds	10.8920941654544	0.206298660658604	0.572359279671073	0.360435600480106	0.718521407836083	0.992437694366657
K8B78_05670	cds	0.0548150217076223	0.340161127315109	4.05729003464737	0.0838394900069482	0.933184050045524	0.992437694366657
K8B78_05675	cds	0.612053075632382	-3.00456942952987	3.41977787407188	-0.878586136342352	0.379625715432181	0.992437694366657
K8B78_05680	cds	0.164445065122867	1.10366924633593	4.04118419481979	0.273105405032186	0.784772192000975	0.992437694366657
K8B78_05685	cds	0	NA	NA	NA	NA	NA
K8B78_05690	cds	0.727118233612745	1.240725714832	2.91892546061686	0.425062486717217	0.670791123544443	0.992437694366657
K8B78_05695	cds	6.77771324805883	-0.28310156294082	0.692472171456948	-0.408827350195431	0.682666367059462	0.992437694366657
K8B78_05700	cds	0	NA	NA	NA	NA	NA
K8B78_05705	cds	0	NA	NA	NA	NA	NA
K8B78_05710	cds	0.170650425665252	0.817556315744581	4.04635843168295	0.202047428458913	0.839879646162178	0.992437694366657
K8B78_05715	cds	22.9930968509049	0.24641623732942	0.494766537334301	0.498045479504454	0.618451987059313	0.992437694366657
K8B78_05720	cds	0	NA	NA	NA	NA	NA
K8B78_05725	cds	1.13924674758117	0.933365096426121	1.98537440934781	0.470120442789796	0.638268969571338	0.992437694366657
K8B78_05730	cds	0.173783820840154	-1.45330564524076	4.0804728567969	-0.356161086286844	0.721719932270683	0.992437694366657
K8B78_05735	cds	0.170650425665252	0.817556315744581	4.04635843168295	0.202047428458913	0.839879646162178	0.992437694366657
K8B78_05740	cds	0.283413864255399	-0.169130501904008	4.04685382652495	-0.0417930839990929	0.966663648366882	0.992437694366657
K8B78_05745	cds	0.429483139250335	0.331554728002685	3.69560610998923	0.0897159270049078	0.928512959062952	0.992437694366657
K8B78_05750	cds	4.38532495183403	-1.6708589584244	0.87735173916208	-1.90443454300343	0.0568536140094892	0.992437694366657
K8B78_05755	cds	5.89958571664961	0.463295495465224	0.714272899447338	0.648625330491602	0.51658057867182	0.992437694366657
K8B78_05760	cds	0.225465447372874	1.29731318462424	4.03700179369559	0.321355612635643	0.747940916587146	0.992437694366657
K8B78_05765	cds	1.37546475756397	-0.39366904461066	1.64353774070766	-0.239525405994728	0.81069819858873	0.992437694366657
K8B78_05770	cds	0.0548150217076223	0.340161127315109	4.05729003464737	0.0838394900069482	0.933184050045524	0.992437694366657
K8B78_05775	cds	0	NA	NA	NA	NA	NA
K8B78_05780	cds	2.5367257508682	-0.601934273418239	1.09307515043751	-0.55067967941391	0.581853276980216	0.992437694366657
K8B78_05785	cds	0	NA	NA	NA	NA	NA
K8B78_05790	cds	0.331482228093918	1.32566323268583	4.03558372832831	0.328493551844845	0.742538518933187	0.992437694366657
K8B78_05795	cds	0.228598842547776	-0.621612225862862	4.05728984179716	-0.153208730482888	0.878233673027429	0.992437694366657
K8B78_05800	cds	6.6072148864847	-0.0716725833819733	0.652820927321277	-0.109789040734444	0.912576682727677	0.992437694366657
K8B78_05805	cds	0.312480787185841	-0.169130501904008	4.04685382652495	-0.0417930839990929	0.966663648366881	0.992437694366657
K8B78_05810	cds	0	NA	NA	NA	NA	NA
K8B78_05815	cds	0	NA	NA	NA	NA	NA
K8B78_05820	cds	2.28305204007855	0.32522098347275	1.19740125148228	0.271605681946762	0.785925230084754	0.992437694366657
K8B78_05825	cds	5.11001108572735	-0.558790288152211	0.733066139827782	-0.762264491282446	0.445902162219212	0.992437694366657
K8B78_05830	cds	0	NA	NA	NA	NA	NA
K8B78_05835	cds	0.37663456461075	-2.3176833923885	4.0408595692135	-0.573561974300335	0.566264249893832	0.992437694366657
K8B78_05840	cds	0	NA	NA	NA	NA	NA
K8B78_05845	cds	0.109630043415245	0.792644007599646	4.04685395018959	0.195866719519866	0.844714486663204	0.992437694366657
K8B78_05850	cds	0.702391299681582	1.38838948571848	2.67808456093776	0.51842630586404	0.604160864794968	0.992437694366657
K8B78_05855	cds	2.68035277135878	0.873808823086537	1.05574029404389	0.827674029319766	0.407855130855149	0.992437694366657
K8B78_05860	cds	0.37663456461075	-2.3176833923885	4.0408595692135	-0.573561974300335	0.566264249893832	0.992437694366657
K8B78_05865	cds	2.67265653323602	-0.273106677474962	1.06465414001188	-0.256521500467667	0.797548180742083	0.992437694366657
K8B78_05870	cds	1.80009467540849	-0.583956037811221	1.36361522233961	-0.42824106701398	0.668475620218762	0.992437694366657
K8B78_05875	cds	0.444725534203363	2.12238145495286	3.85289924043876	0.550853090752296	0.581734386433799	0.992437694366657
K8B78_05880	cds	7.70104727046752	0.274579011991759	0.696654529442027	0.394139419737468	0.693478108914834	0.992437694366657
K8B78_05885	cds	2.6171764529794	-0.542916969557367	1.10576692927097	-0.490986803082734	0.623435781467436	0.992437694366657
K8B78_05890	cds	9.87369854856899	-0.025217029322051	0.554295139203761	-0.0454938669645831	0.963713663292326	0.992437694366657
K8B78_05895	cds	0.202850743770596	-1.45330564524076	4.0804728567969	-0.356161086286844	0.721719932270683	0.992437694366657
K8B78_05900	cds	1.00509698330302	-1.36505116402947	2.14355291683428	-0.636817105520986	0.524243982703382	0.992437694366657
K8B78_05905	cds	0	NA	NA	NA	NA	NA
K8B78_05910	cds	0.859765777461843	-0.869071090509672	2.21736162340224	-0.391939267522904	0.695103088187481	0.992437694366657
K8B78_05915	cds	0.377801512717615	-2.32148134558044	4.04051306814427	-0.574551129133374	0.56559491198217	0.992437694366657
K8B78_05920	cds	1.05112588946875	0.0303578961001381	1.93501063636944	0.0156887489554564	0.987482702926901	0.997671429380991
K8B78_05925	cds	1.25970212626244	-1.93215391345352	1.76861612597735	-1.09246652514027	0.274628096294391	0.992437694366657
K8B78_05930	cds	0.109630043415245	0.792644007599646	4.04685395018959	0.195866719519866	0.844714486663204	0.992437694366657
K8B78_05935	cds	0.202850743770596	-1.45330564524076	4.0804728567969	-0.356161086286844	0.721719932270683	0.992437694366657
K8B78_05940	cds	0	NA	NA	NA	NA	NA
K8B78_05945	cds	0	NA	NA	NA	NA	NA
K8B78_05950	cds	2.33606430811422	0.795529882886224	1.21768689616463	0.653312346048824	0.513554934724834	0.992437694366657
K8B78_05955	cds	1.12910419487108	-2.55552240134959	1.92877644568166	-1.32494484110439	0.185189446732961	0.992437694366657
K8B78_05960	cds	0.258832713585083	-0.621612225862862	4.05728984179716	-0.153208730482888	0.878233673027429	0.992437694366657
K8B78_05965	cds	0.0548150217076223	0.340161127315109	4.05729003464737	0.0838394900069482	0.933184050045524	0.992437694366657
K8B78_05970	cds	8.92951609642892	0.0823408047798251	0.581397813819861	0.141625583761375	0.887375757703703	0.992437694366657
K8B78_05975	cds	4.67176385297369	-0.771396678255468	0.805931330919025	-0.957149385637886	0.338491859792316	0.992437694366657
K8B78_05980	cds	1.83237206420156	1.23035519590356	1.37459768140634	0.895065670884001	0.370751983719253	0.992437694366657
K8B78_05985	cds	1.15817111780152	-2.59142901117643	1.90847041933451	-1.35785652474512	0.174509214848547	0.992437694366657
K8B78_05990	cds	0.422110830601085	0.397369888355041	4.03393945392664	0.098506656555849	0.921529986501855	0.992437694366657
K8B78_05995	cds	0.0548150217076223	0.340161127315109	4.05729003464737	0.0838394900069482	0.933184050045524	0.992437694366657
K8B78_06000	cds	0	NA	NA	NA	NA	NA
K8B78_06005	cds	0.276667206386296	0.817556181396176	4.04635843433476	0.2020473951242	0.839879672222042	0.992437694366657
K8B78_06010	cds	0.408035383754921	-2.41924630985639	4.03189057975788	-0.600027769107182	0.548487728954896	0.992437694366657
K8B78_06015	cds	0.891563298735612	1.68468542183963	2.35865543944954	0.714256687798706	0.475068469308894	0.992437694366657
K8B78_06020	cds	0.966076996723825	-0.110390484020101	2.16757712224021	-0.0509280536722089	0.959382850912518	0.992437694366657
K8B78_06025	cds	0	NA	NA	NA	NA	NA
K8B78_06030	cds	2.43399220866588	0.214382260713112	1.1223908128664	0.191005003119738	0.84852167340133	0.992437694366657
K8B78_06035	cds	3.33325784022622	-0.08170532096147	0.908903850525765	-0.0898943501165791	0.928371170929419	0.992437694366657
K8B78_06040	cds	0.432616534425237	-1.4890705513369	3.65765672726976	-0.407110525226463	0.683926813346868	0.992437694366657
K8B78_06045	cds	11.8133443122234	0.190322928345159	0.563842742661359	0.337546116931163	0.735705253512739	0.992437694366657
K8B78_06050	cds	0.173783820840154	-1.45330564524076	4.0804728567969	-0.356161086286844	0.721719932270683	0.992437694366657
K8B78_06055	cds	0	NA	NA	NA	NA	NA
K8B78_06060	cds	0.219260086830489	1.35914423581418	4.03393976171598	0.336927251297382	0.736171741617919	0.992437694366657
K8B78_06065	cds	0	NA	NA	NA	NA	NA
K8B78_06070	cds	0.462850405462543	-1.58571298387601	3.80862015529236	-0.41634841995796	0.677155066157367	0.992437694366657
K8B78_06075	cds	0.0548150217076223	0.340161127315109	4.05729003464737	0.0838394900069482	0.933184050045524	0.992437694366657
K8B78_06080	cds	0.802984308686183	-0.00171045311410419	2.3671942977044	-0.000722565577216414	0.999423476131939	0.999423476131939
K8B78_06085	cds	0.344434246505406	-0.144213088051307	4.04635820912315	-0.0356402178448157	0.971569239476422	0.992437694366657
K8B78_06090	cds	0	NA	NA	NA	NA	NA
K8B78_06095	cds	0.0548150217076223	0.340161127315109	4.05729003464737	0.0838394900069482	0.933184050045524	0.992437694366657
K8B78_06100	cds	2.66368522666443	0.492591466875248	1.04521326506669	0.471283213999219	0.637438501148423	0.992437694366657
K8B78_06105	cds	2.30763319074887	0.428406306405405	1.16499335874129	0.367732831428563	0.713072457350685	0.992437694366657
K8B78_06110	cds	7.58170445490275	0.305131505283965	0.641008197121532	0.476018101881018	0.634061481709491	0.992437694366657
K8B78_06115	cds	0.170650425665252	0.817556315744581	4.04635843168295	0.202047428458913	0.839879646162178	0.992437694366657
K8B78_06120	cds	0	NA	NA	NA	NA	NA
K8B78_06125	cds	0	NA	NA	NA	NA	NA
K8B78_06130	cds	0.586555895723952	1.04288340904756	3.24872815125736	0.321012827325652	0.74820067014424	0.992437694366657
K8B78_06135	cds	0	NA	NA	NA	NA	NA
K8B78_06140	cds	0.257665765478218	-0.621612225862862	4.05728984179716	-0.153208730482888	0.878233673027429	0.992437694366657
K8B78_06145	cds	0.589147993572136	0.759945030366379	3.02081079652358	0.251569886879688	0.801373536935022	0.992437694366657
K8B78_06150	cds	2.9457467138346	0.165361140359977	1.03981738811766	0.159029020142972	0.87364601000519	0.992437694366657
K8B78_06155	cds	0	NA	NA	NA	NA	NA
K8B78_06160	cds	0.733864891481848	-0.0462021027215474	2.63695933358371	-0.0175209765782612	0.986020998524752	0.997671429380991
K8B78_06165	cds	0.257665765478218	-0.621612225862862	4.05728984179716	-0.153208730482888	0.878233673027429	0.992437694366657
K8B78_06170	cds	1.23252887774394	-1.33403217540018	1.76688417060795	-0.755019597544509	0.450237223524142	0.992437694366657
K8B78_06175	cds	0.0548150217076223	0.340161127315109	4.05729003464737	0.0838394900069482	0.933184050045524	0.992437694366657
K8B78_06180	cds	0	NA	NA	NA	NA	NA
K8B78_06185	cds	0	NA	NA	NA	NA	NA
K8B78_06190	cds	0	NA	NA	NA	NA	NA
K8B78_06195	cds	0.202850743770596	-1.45330564524076	4.0804728567969	-0.356161086286844	0.721719932270683	0.992437694366657
K8B78_06200	cds	0	NA	NA	NA	NA	NA
K8B78_06205	cds	0	NA	NA	NA	NA	NA
K8B78_06210	cds	7.38566001129336	-1.76299372005628	1.14234370400317	-1.54331285223364	0.122754886766185	0.992437694366657
K8B78_06215	cds	1.54384271682291	-1.14060578643915	1.5382398965132	-0.741500587148084	0.458389975902491	0.992437694366657
K8B78_06220	cds	0.276667206386296	0.817556181396176	4.04635843433476	0.2020473951242	0.839879672222042	0.992437694366657
K8B78_06225	cds	0	NA	NA	NA	NA	NA
K8B78_06230	cds	0	NA	NA	NA	NA	NA
K8B78_06235	cds	0.0548150217076223	0.340161127315109	4.05729003464737	0.0838394900069482	0.933184050045524	0.992437694366657
K8B78_06240	cds	0	NA	NA	NA	NA	NA
K8B78_06245	cds	0	NA	NA	NA	NA	NA
K8B78_06250	cds	0	NA	NA	NA	NA	NA
K8B78_06255	cds	0.109630043415245	0.792644007599646	4.04685395018959	0.195866719519866	0.844714486663204	0.992437694366657
K8B78_06260	cds	0	NA	NA	NA	NA	NA
K8B78_06265	cds	0	NA	NA	NA	NA	NA
K8B78_06270	cds	0	NA	NA	NA	NA	NA
K8B78_06275	cds	0.219260086830489	1.35914423581418	4.03393976171598	0.336927251297382	0.736171741617919	0.992437694366657
K8B78_06280	cds	0.775331192648384	-1.32716825635194	2.51823737964083	-0.527022697336515	0.598177826731644	0.992437694366657
K8B78_06285	cds	4.98490265389148	0.347315295399876	0.757899996622588	0.458260056666591	0.646765617334668	0.992437694366657
K8B78_06290	cds	0	NA	NA	NA	NA	NA
K8B78_06295	cds	0	NA	NA	NA	NA	NA
K8B78_06300	cds	0.0548150217076223	0.340161127315109	4.05729003464737	0.0838394900069482	0.933184050045524	0.992437694366657
K8B78_06305	cds	0.202850743770596	-1.45330564524076	4.0804728567969	-0.356161086286844	0.721719932270683	0.992437694366657
K8B78_06310	cds	0	NA	NA	NA	NA	NA
K8B78_06315	cds	0	NA	NA	NA	NA	NA
K8B78_06320	cds	0	NA	NA	NA	NA	NA
K8B78_06325	cds	0	NA	NA	NA	NA	NA
K8B78_06330	cds	0.0548150217076223	0.340161127315109	4.05729003464737	0.0838394900069482	0.933184050045524	0.992437694366657
K8B78_06335	cds	0	NA	NA	NA	NA	NA
K8B78_06340	cds	0.0548150217076223	0.340161127315109	4.05729003464737	0.0838394900069482	0.933184050045524	0.992437694366657
K8B78_06345	cds	3.87466139943334	0.634781930465771	0.87062492034197	0.729110683181957	0.465933960212531	0.992437694366657
K8B78_06350	cds	0.219260086830489	1.35914423581418	4.03393976171598	0.336927251297382	0.736171741617919	0.992437694366657
K8B78_06355	cds	0	NA	NA	NA	NA	NA
K8B78_06360	cds	0	NA	NA	NA	NA	NA
K8B78_06365	cds	0	NA	NA	NA	NA	NA
K8B78_06370	cds	0	NA	NA	NA	NA	NA
K8B78_06375	cds	0.957610750572464	0.490348439587009	2.11285431022257	0.232078680112759	0.816476903653613	0.992437694366657
K8B78_06380	cds	0.0548150217076223	0.340161127315109	4.05729003464737	0.0838394900069482	0.933184050045524	0.992437694366657
K8B78_06385	cds	1.45573749959081	2.66799814429025	1.73909372826042	1.5341313127263	0.124997351347692	0.992437694366657
K8B78_06390	cds	1.05057324929336	-0.380892820454237	3.90636429724691	-0.0975057090099557	0.922324800701592	0.992437694366657
K8B78_06395	cds	0.109630043415245	0.792644007599646	4.04685395018959	0.195866719519866	0.844714486663204	0.992437694366657
K8B78_06400	cds	0.981867971769276	-2.7783360390745	2.17616459388089	-1.27671227024226	0.201703847872768	0.992437694366657
K8B78_06405	cds	1.47667183655139	-3.06395817528465	1.70010473478445	-1.80221730614327	0.0715112229188899	0.992437694366657
K8B78_06410	cds	0.257665765478218	-0.621612225862862	4.05728984179716	-0.153208730482888	0.878233673027429	0.992437694366657
K8B78_06415	cds	0.344434246505406	-0.144213088051307	4.04635820912315	-0.0356402178448157	0.971569239476422	0.992437694366657
K8B78_06420	cds	0.992875751279586	3.33916413342203	2.30888907019752	1.44622111842575	0.148115192216506	0.992437694366657
K8B78_06425	cds	0.675916474599324	1.17074669431201	2.63483840670627	0.444333394917953	0.656801560434904	0.992437694366657
K8B78_06430	cds	0	NA	NA	NA	NA	NA
K8B78_06435	cds	2.32293701550932	0.231254661101598	1.12870426759158	0.204885077288711	0.837661914499016	0.992437694366657
K8B78_06440	cds	3.01082398939162	0.367896007226889	1.00804522238481	0.364959824279044	0.715141396316333	0.992437694366657
K8B78_06445	cds	1.69421233509962	-1.52534810373604	1.456434661077	-1.04731653571612	0.294953612075311	0.992437694366657
K8B78_06450	cds	0	NA	NA	NA	NA	NA
K8B78_06455	cds	0.109630043415245	0.792644007599646	4.04685395018959	0.195866719519866	0.844714486663204	0.992437694366657
K8B78_06460	cds	0.534332971864514	0.338506679124567	3.24026729437887	0.104468751609412	0.916797365165031	0.992437694366657
K8B78_06465	cds	11.624782562651	-0.824663429590242	0.553181492035766	-1.49076467933769	0.136023288068223	0.992437694366657
K8B78_06470	cds	0	NA	NA	NA	NA	NA
K8B78_06475	cds	0	NA	NA	NA	NA	NA
K8B78_06480	cds	12.0780075292056	-0.696487477722404	0.550877952197785	-1.26432265975375	0.206114239628087	0.992437694366657
K8B78_06485	cds	0.173783820840154	-1.45330564524076	4.0804728567969	-0.356161086286844	0.721719932270683	0.992437694366657
K8B78_06490	cds	0.801079291425564	-0.979909543117714	2.45542749166422	-0.399078998033683	0.689834996698746	0.992437694366657
K8B78_06495	cds	1.19554834883753	-0.850913259699279	1.74187239577447	-0.488504933979935	0.625192231756482	0.992437694366657
K8B78_06500	cds	0.0548150217076223	0.340161127315109	4.05729003464737	0.0838394900069482	0.933184050045524	0.992437694366657
K8B78_06505	cds	0.537946234558715	0.817334707713907	3.16762347687053	0.258027733940587	0.796385503177417	0.992437694366657
K8B78_06510	cds	2.93463828287631	1.50362330558609	1.07182873163089	1.40285780854016	0.160659244456567	0.992437694366657
K8B78_06515	cds	1.16382789825148	1.11866187415611	1.87467549662466	0.596722940140976	0.550692374057312	0.992437694366657
K8B78_06520	cds	9.11578544562894	-1.222722308031	0.583482850569465	-2.09555826163127	0.0361213950463076	0.992437694366657
K8B78_06525	cds	0.534332971864514	0.338506679124567	3.24026729437887	0.104468751609412	0.916797365165031	0.992437694366657
K8B78_06530	cds	1.74418571619875	-0.592229965800465	1.4085073916107	-0.420466352770234	0.674144804552617	0.992437694366657
K8B78_06535	cds	3.61521031783382	-0.28371780561501	0.910679298560789	-0.311545245470485	0.755386152122078	0.992437694366657
K8B78_06540	cds	0	NA	NA	NA	NA	NA
K8B78_06545	cds	0.85663238228694	0.215736049161067	2.37393943363344	0.0908768126535022	0.927590474762383	0.992437694366657
K8B78_06550	cds	0.656915033691247	-0.26482744294962	2.62473051635003	-0.100897003063724	0.919632222177377	0.992437694366657
K8B78_06555	cds	0.0548150217076223	0.340161127315109	4.05729003464737	0.0838394900069482	0.933184050045524	0.992437694366657
K8B78_06560	cds	0.276667206386296	0.817556181396176	4.04635843433476	0.2020473951242	0.839879672222042	0.992437694366657
K8B78_06565	cds	1.73036118822134	0.30563193923933	1.335539195323	0.228845353479434	0.8189891150231	0.992437694366657
K8B78_06570	cds	1.24292963208848	1.0562870120688	1.81326058106477	0.582534591607645	0.560206648433739	0.992437694366657
K8B78_06575	cds	0.573033089053182	-0.458602503042328	3.07292709885392	-0.149239629932441	0.881364549964972	0.992437694366657
K8B78_06580	cds	0.0548150217076223	0.340161127315109	4.05729003464737	0.0838394900069482	0.933184050045524	0.992437694366657
K8B78_06585	cds	0.347567641680308	-2.21854749209444	4.05022280311521	-0.547759370271693	0.583857140019594	0.992437694366657
K8B78_06590	cds	2.89032896499284	0.989307071267157	1.06909043519488	0.925372670729039	0.354772089551057	0.992437694366657
K8B78_06595	cds	0.589147993572136	0.759945030366379	3.02081079652358	0.251569886879688	0.801373536935022	0.992437694366657
K8B78_06600	cds	0.202850743770596	-1.45330564524076	4.0804728567969	-0.356161086286844	0.721719932270683	0.992437694366657
K8B78_06605	cds	0.740796978329311	-0.108590140469811	2.59261417066173	-0.0418844198641769	0.966590836645978	0.992437694366657
K8B78_06610	cds	0	NA	NA	NA	NA	NA
K8B78_06615	cds	0	NA	NA	NA	NA	NA
K8B78_06620	cds	0	NA	NA	NA	NA	NA
K8B78_06625	cds	0	NA	NA	NA	NA	NA
K8B78_06630	cds	0	NA	NA	NA	NA	NA
K8B78_06635	cds	0	NA	NA	NA	NA	NA
K8B78_06640	cds	0	NA	NA	NA	NA	NA
K8B78_06645	cds	0.170650425665252	0.817556315744581	4.04635843168295	0.202047428458913	0.839879646162178	0.992437694366657
K8B78_06650	cds	1.72908182174087	0.145112640099976	1.41418465793161	0.102612229093348	0.918270736664211	0.992437694366657
K8B78_06655	cds	0.313647735292705	-0.169130501904008	4.04685382652495	-0.0417930839990929	0.966663648366881	0.992437694366657
K8B78_06660	cds	0.280280469080497	1.55333478645372	4.0250333516253	0.385918488309292	0.699557037630276	0.992437694366657
K8B78_06665	cds	0	NA	NA	NA	NA	NA
K8B78_06670	cds	0	NA	NA	NA	NA	NA
K8B78_06675	cds	0	NA	NA	NA	NA	NA
K8B78_06680	cds	0	NA	NA	NA	NA	NA
K8B78_06685	cds	0.202850743770596	-1.45330564524076	4.0804728567969	-0.356161086286844	0.721719932270683	0.992437694366657
K8B78_06690	cds	0.0548150217076223	0.340161127315109	4.05729003464737	0.0838394900069482	0.933184050045524	0.992437694366657
K8B78_06695	cds	0.5441515951011	0.759448543839832	3.460756295951	0.219445831747346	0.826302771392874	0.992437694366657
K8B78_06700	cds	0	NA	NA	NA	NA	NA
K8B78_06705	cds	0	NA	NA	NA	NA	NA
K8B78_06710	cds	0.0548150217076223	0.340161127315109	4.05729003464737	0.0838394900069482	0.933184050045524	0.992437694366657
K8B78_06715	cds	0.276667206386296	0.817556181396176	4.04635843433476	0.2020473951242	0.839879672222042	0.992437694366657
K8B78_06720	cds	0.276667206386296	0.817556181396176	4.04635843433476	0.2020473951242	0.839879672222042	0.992437694366657
K8B78_06725	cds	2.0159745082783	0.870710336696716	1.32626795766366	0.656511628487619	0.511494988052912	0.992437694366657
K8B78_06730	cds	1.33755028928422	2.44700675736961	1.94692438715089	1.25685762298685	0.20880519589267	0.992437694366657
K8B78_06735	cds	0	NA	NA	NA	NA	NA
K8B78_06740	cds	0	NA	NA	NA	NA	NA
K8B78_06745	cds	0.0548150217076223	0.340161127315109	4.05729003464737	0.0838394900069482	0.933184050045524	0.992437694366657
K8B78_06750	cds	0.170650425665252	0.817556315744581	4.04635843168295	0.202047428458913	0.839879646162178	0.992437694366657
K8B78_06755	cds	0.888720282018677	-1.78858542454642	2.55239030918122	-0.700749183270557	0.483459556304719	0.992437694366657
K8B78_06760	cds	0	NA	NA	NA	NA	NA
K8B78_06765	cds	0.164445065122867	1.10366924633593	4.04118419481979	0.273105405032186	0.784772192000975	0.992437694366657
K8B78_06770	cds	0.258832713585083	-0.621612225862862	4.05728984179716	-0.153208730482888	0.878233673027429	0.992437694366657
K8B78_06775	cds	0.228598842547776	-0.621612225862862	4.05728984179716	-0.153208730482888	0.878233673027429	0.992437694366657
K8B78_06780	cds	11.7850234533788	-0.0663147166958687	0.588834551259745	-0.112620287912786	0.910331599950204	0.992437694366657
K8B78_06785	cds	0.73718371563511	-0.635864322403492	2.66818505749866	-0.238313426055836	0.81163800880791	0.992437694366657
K8B78_06790	cds	0.109630043415245	0.792644007599646	4.04685395018959	0.195866719519866	0.844714486663204	0.992437694366657
K8B78_06795	cds	0.204017691877461	-1.45330564524076	4.0804728567969	-0.356161086286844	0.721719932270682	0.992437694366657
K8B78_06800	cds	1.71664501853456	-1.01581409101675	1.57634138592303	-0.644412498515951	0.519307981914592	0.992437694366657
K8B78_06805	cds	0.0548150217076223	0.340161127315109	4.05729003464737	0.0838394900069482	0.933184050045524	0.992437694366657
K8B78_06810	cds	0	NA	NA	NA	NA	NA
K8B78_06815	cds	0.173783820840154	-1.45330564524076	4.0804728567969	-0.356161086286844	0.721719932270683	0.992437694366657
K8B78_06820	cds	0.0548150217076223	0.340161127315109	4.05729003464737	0.0838394900069482	0.933184050045524	0.992437694366657
K8B78_06825	cds	0.947948065381673	-1.64822757897538	2.09924542383215	-0.785152398220578	0.432364221092148	0.992437694366657
K8B78_06830	cds	4.69197164975749	-0.52311734859797	0.807205854781935	-0.648059408264933	0.516946526722651	0.992437694366657
K8B78_06835	cds	5.90846610248122	-0.0436280780988437	0.738106798223271	-0.0591080832799031	0.952866020374395	0.992437694366657
K8B78_06840	cds	0.331482228093918	1.32566323268583	4.03558372832831	0.328493551844845	0.742538518933187	0.992437694366657
K8B78_06845	cds	0.0548150217076223	0.340161127315109	4.05729003464737	0.0838394900069482	0.933184050045524	0.992437694366657
K8B78_06850	cds	0	NA	NA	NA	NA	NA
K8B78_06855	cds	2.71718870506807	1.84046009571099	1.19302609869445	1.54268217411593	0.122907909060497	0.992437694366657
K8B78_06860	cds	1.86416552539235	0.205111789957448	1.43636328744356	0.142799382127419	0.886448625071579	0.992437694366657
K8B78_06865	cds	0	NA	NA	NA	NA	NA
K8B78_06870	cds	0.204017691877461	-1.45330564524076	4.0804728567969	-0.356161086286844	0.721719932270682	0.992437694366657
K8B78_06875	cds	0.487431556132859	-1.02603504495632	3.3876775216461	-0.302872702138945	0.761986875387751	0.992437694366657
K8B78_06880	cds	55.8316696960507	-0.447098407251569	0.374274539758751	-1.19457339401114	0.232253749467614	0.992437694366657
K8B78_06885	cds	5.76669740871671	0.0233730630425333	0.691542184074497	0.0337984631751914	0.973037861455444	0.992617729069987
K8B78_06890	cds	0.753593058695003	1.41990489871002	2.58481572312934	0.549325387494548	0.582782167819677	0.992437694366657
K8B78_06895	cds	1.63973258571417	0.71717167475105	1.44222964865461	0.497265935019478	0.619001530476172	0.992437694366657
K8B78_06900	cds	1.34249419348136	2.42940892508452	1.80369694455312	1.34690527276268	0.178010743140133	0.992437694366657
K8B78_06905	cds	0.164445065122867	1.10366924633593	4.04118419481979	0.273105405032186	0.784772192000975	0.992437694366657
K8B78_06910	cds	0	NA	NA	NA	NA	NA
K8B78_06915	cds	0.444725534203363	2.12238145495286	3.85289924043876	0.550853090752296	0.581734386433799	0.992437694366657
K8B78_06920	cds	2.49523019671776	-0.652759793116733	1.11333788944873	-0.586308792059479	0.557668023781115	0.992437694366657
K8B78_06925	cds	0.383705151953356	1.95492415213484	4.00966384723125	0.487553128296466	0.625866402461871	0.992437694366657
K8B78_06930	cds	0	NA	NA	NA	NA	NA
K8B78_06935	cds	0	NA	NA	NA	NA	NA
K8B78_06940	cds	0.173783820840154	-1.45330564524076	4.0804728567969	-0.356161086286844	0.721719932270683	0.992437694366657
K8B78_06945	cds	0.170650425665252	0.817556315744581	4.04635843168295	0.202047428458913	0.839879646162178	0.992437694366657
K8B78_06950	cds	1.31021680468829	-0.587573418546904	1.65469971686625	-0.355093684103409	0.722519408097784	0.992437694366657
K8B78_06955	cds	0.341300851330504	1.73120307828156	4.01775235753443	0.430888448123253	0.666549483379186	0.992437694366657
K8B78_06960	cds	1.19602821635683	0.219149977348399	1.710706349506	0.128104965186856	0.898065906775843	0.992437694366657
K8B78_06965	cds	0.389910512495741	1.93565922078831	4.01031669137816	0.482669916056709	0.629330127263535	0.992437694366657
K8B78_06970	cds	0.0548150217076223	0.340161127315109	4.05729003464737	0.0838394900069482	0.933184050045524	0.992437694366657
K8B78_06975	cds	0.634300330088968	-2.0962547567627	2.84400069036235	-0.737079552711225	0.461073972841135	0.992437694366657
K8B78_06980	cds	1.28851084755842	-1.14232363523729	1.81293072412304	-0.630097785887466	0.528630608225148	0.992437694366657
K8B78_06985	cds	0	NA	NA	NA	NA	NA
K8B78_06990	cds	0.374668117542712	-0.144213088051307	4.04635820912315	-0.0356402178448157	0.971569239476422	0.992437694366657
K8B78_06995	cds	0.258832713585083	-0.621612225862862	4.05728984179716	-0.153208730482888	0.878233673027429	0.992437694366657
K8B78_07005	cds	1.05733125001114	-0.0718489567331295	1.92718487120987	-0.0372818185771785	0.970260302087682	0.992437694366657
K8B78_07010	cds	1.27210150449853	-2.54414781322784	1.78567882857752	-1.42475106525988	0.154229172177728	0.992437694366657
K8B78_07015	cds	0.389910512495741	1.93565922078831	4.01031669137816	0.482669916056709	0.629330127263535	0.992437694366657
K8B78_07020	cds	0.396115873038126	1.91510842034285	4.01102187252213	0.477461475207221	0.633033547538546	0.992437694366657
K8B78_07025	cds	10.2350104766766	-0.592818290457336	0.581372422318641	-1.01968766955448	0.307876611396952	0.992437694366657
K8B78_07030	cds	0	NA	NA	NA	NA	NA
K8B78_07035	cds	0	NA	NA	NA	NA	NA
K8B78_07040	cds	0	NA	NA	NA	NA	NA
K8B78_07045	cds	0.727598101132044	2.73062220798836	2.58809748716199	1.05506930149786	0.29139363078604	0.992437694366657
K8B78_07050	cds	1.16407475703726	0.10193038819911	1.82876519857659	0.0557372746804492	0.95555110474263	0.992437694366657
K8B78_07055	cds	0.608149434480214	2.41191322185295	3.17923622059899	0.758645490456361	0.448064652560805	0.992437694366657
K8B78_07060	cds	0.0548150217076223	0.340161127315109	4.05729003464737	0.0838394900069482	0.933184050045524	0.992437694366657
K8B78_07065	cds	0.432616534425237	-1.4890705513369	3.65765672726976	-0.407110525226463	0.683926813346868	0.992437694366657
K8B78_07070	cds	0.257665765478218	-0.621612225862862	4.05728984179716	-0.153208730482888	0.878233673027429	0.992437694366657
K8B78_07075	cds	10.410703196173	-0.0254933675857559	0.553602780508789	-0.0460499269211151	0.963270456161306	0.992437694366657
K8B78_07080	cds	0	NA	NA	NA	NA	NA
K8B78_07085	cds	0.712897003505733	-0.0288740951686581	2.49388130192366	-0.0115779749206131	0.990762318950367	0.997671429380991
K8B78_07090	cds	0.429483139250335	0.331554728002685	3.69560610998923	0.0897159270049078	0.928512959062952	0.992437694366657
K8B78_07095	cds	0.228598842547776	-0.621612225862862	4.05728984179716	-0.153208730482888	0.878233673027429	0.992437694366657
K8B78_07100	cds	0.81100017825081	1.37776077865324	2.54363771229399	0.541649768752132	0.5880597996609	0.992437694366657
K8B78_07105	cds	0.170650425665252	0.817556315744581	4.04635843168295	0.202047428458913	0.839879646162178	0.992437694366657
K8B78_07110	cds	4.43621113948854	0.040640694781616	0.79131107781771	0.0513586829767322	0.959039707505759	0.992437694366657
K8B78_07115	cds	0.347567641680308	-2.21854749209444	4.05022280311521	-0.547759370271693	0.583857140019594	0.992437694366657
K8B78_07120	cds	0.276667206386296	0.817556181396176	4.04635843433476	0.2020473951242	0.839879672222042	0.992437694366657
K8B78_07125	cds	0	NA	NA	NA	NA	NA
K8B78_07130	cds	23.3651815384775	0.167336041794141	0.441014649292057	0.379434202611544	0.704365456073991	0.992437694366657
K8B78_07135	cds	0.335095490788119	1.76073601628981	4.01661893054575	0.438362724155806	0.661123363420876	0.992437694366657
K8B78_07140	cds	0.632333883020931	-0.640889001224937	2.7115700402933	-0.236353474814029	0.813158395202117	0.992437694366657
K8B78_07145	cds	8.96984881437583	-0.157354765781358	0.603621542178557	-0.260684476590153	0.794335838140982	0.992437694366657
K8B78_07150	cds	0.204017691877461	-1.45330564524076	4.0804728567969	-0.356161086286844	0.721719932270682	0.992437694366657
K8B78_07155	cds	0.170650425665252	0.817556315744581	4.04635843168295	0.202047428458913	0.839879646162178	0.992437694366657
K8B78_07160	cds	0.0548150217076223	0.340161127315109	4.05729003464737	0.0838394900069482	0.933184050045524	0.992437694366657
K8B78_07165	cds	0.0548150217076223	0.340161127315109	4.05729003464737	0.0838394900069482	0.933184050045524	0.992437694366657
K8B78_07170	cds	0.515331530956437	-1.11678886864028	3.54428685516027	-0.315095508427683	0.75268913870862	0.992437694366657
K8B78_07175	cds	0	NA	NA	NA	NA	NA
K8B78_07180	cds	3.17004115301764	-0.812794376262855	0.943343634002578	-0.861610071840092	0.388902126711139	0.992437694366657
K8B78_07185	cds	0	NA	NA	NA	NA	NA
K8B78_07190	cds	0	NA	NA	NA	NA	NA
K8B78_07195	cds	0.225465447372874	1.29731318462424	4.03700179369559	0.321355612635643	0.747940916587146	0.992437694366657
K8B78_07200	cds	0.408035383754921	-2.41924630985639	4.03189057975788	-0.600027769107182	0.548487728954896	0.992437694366657
K8B78_07205	cds	0	NA	NA	NA	NA	NA
K8B78_07210	cds	0	NA	NA	NA	NA	NA
K8B78_07215	cds	0	NA	NA	NA	NA	NA
K8B78_07220	cds	3.03632522938303	0.826910476437409	1.05495162298421	0.783837342321232	0.433135559325419	0.992437694366657
K8B78_07225	cds	0	NA	NA	NA	NA	NA
K8B78_07230	cds	1.45321411431575	-0.946355015545292	1.53252917524597	-0.617511908308957	0.536897129115778	0.992437694366657
K8B78_07235	cds	1.48187824041461	1.39976918439401	1.71036864450465	0.818402038000064	0.413127658408258	0.992437694366657
K8B78_07240	cds	0.276667206386296	0.817556181396176	4.04635843433476	0.2020473951242	0.839879672222042	0.992437694366657
K8B78_07245	cds	0.0548150217076223	0.340161127315109	4.05729003464737	0.0838394900069482	0.933184050045524	0.992437694366657
K8B78_07250	cds	0	NA	NA	NA	NA	NA
K8B78_07255	cds	0.280280469080497	1.55333478645372	4.0250333516253	0.385918488309292	0.699557037630276	0.992437694366657
K8B78_07260	cds	0.704983397529766	1.16500687819023	2.57849381721336	0.451816820506971	0.651400951111043	0.992437694366657
K8B78_07265	cds	1.56937344774688	1.54694862477153	1.58279758772213	0.977350886033256	0.328395468949577	0.992437694366657
K8B78_07270	cds	0	NA	NA	NA	NA	NA
K8B78_07275	cds	0.109630043415245	0.792644007599646	4.04685395018959	0.195866719519866	0.844714486663204	0.992437694366657
K8B78_07280	cds	0	NA	NA	NA	NA	NA
K8B78_07285	cds	0.347567641680308	-2.21854749209444	4.05022280311521	-0.547759370271693	0.583857140019594	0.992437694366657
K8B78_07290	cds	1.27870356717051	-0.822565872693581	1.94515140426053	-0.422880126910372	0.672382722942906	0.992437694366657
K8B78_07295	cds	0.566766298703378	2.41466312439956	3.30127863284059	0.731432694101877	0.464514901520361	0.992437694366657
K8B78_07300	cds	3.00524427962939	0.624936322341878	0.996502058180704	0.627129986547958	0.530574032352652	0.992437694366657
K8B78_07305	cds	2.25510854558279	1.49756765224201	1.24134327202308	1.20640896518603	0.227659840955133	0.992437694366657
K8B78_07310	cds	1.84293919783313	-0.375546567153577	1.40801013059268	-0.266721495104226	0.78968360258594	0.992437694366657
K8B78_07315	cds	0.37663456461075	-2.3176833923885	4.0408595692135	-0.573561974300335	0.566264249893832	0.992437694366657
K8B78_07320	cds	0.0548150217076223	0.340161127315109	4.05729003464737	0.0838394900069482	0.933184050045524	0.992437694366657
K8B78_07325	cds	0	NA	NA	NA	NA	NA
K8B78_07330	cds	0	NA	NA	NA	NA	NA
K8B78_07335	cds	0	NA	NA	NA	NA	NA
K8B78_07340	cds	0	NA	NA	NA	NA	NA
K8B78_07345	cds	10.4188611537312	0.201801017790557	0.543923668006808	0.371009811965071	0.71063022356952	0.992437694366657
K8B78_07350	cds	0.37663456461075	-2.3176833923885	4.0408595692135	-0.573561974300335	0.566264249893832	0.992437694366657
K8B78_07355	cds	0.0548150217076223	0.340161127315109	4.05729003464737	0.0838394900069482	0.933184050045524	0.992437694366657
K8B78_07360	cds	0.283413864255399	-0.169130501904008	4.04685382652495	-0.0417930839990929	0.966663648366882	0.992437694366657
K8B78_07365	cds	0.280280469080497	1.55333478645372	4.0250333516253	0.385918488309292	0.699557037630276	0.992437694366657
K8B78_07370	cds	3.85742306647971	-0.144150888755819	0.866895233615663	-0.166284094278142	0.867933382712325	0.992437694366657
K8B78_07375	cds	2.46149548135986	-0.634995967369523	1.11684303862999	-0.568563303352329	0.569652534385776	0.992437694366657
K8B78_07380	cds	1.16334803073218	0.0561698383734398	1.76838877687819	0.0317632859402099	0.97466082542852	0.992617729069987
K8B78_07385	cds	0.219260086830489	1.35914423581418	4.03393976171598	0.336927251297382	0.736171741617919	0.992437694366657
K8B78_07390	cds	1.00426530751834	3.14794880545549	2.157052708558	1.4593750041277	0.14446192185345	0.992437694366657
K8B78_07395	cds	0.202850743770596	-1.45330564524076	4.0804728567969	-0.356161086286844	0.721719932270683	0.992437694366657
K8B78_07400	cds	0.228598842547776	-0.621612225862862	4.05728984179716	-0.153208730482888	0.878233673027429	0.992437694366657
K8B78_07405	cds	0	NA	NA	NA	NA	NA
K8B78_07410	cds	1.26018199378174	-0.498459400276348	1.64989219908565	-0.302116344663359	0.762563373043344	0.992437694366657
K8B78_07415	cds	0.109630043415245	0.792644007599646	4.04685395018959	0.195866719519866	0.844714486663204	0.992437694366657
K8B78_07420	cds	0	NA	NA	NA	NA	NA
K8B78_07425	cds	0.461683457355679	-1.57883315294753	3.50643818060891	-0.450266929466687	0.652517981597643	0.992437694366657
K8B78_07430	cds	0.204017691877461	-1.45330564524076	4.0804728567969	-0.356161086286844	0.721719932270682	0.992437694366657
K8B78_07435	cds	5.07602365483036	1.10637769846057	0.801604822646981	1.38020339599156	0.167524028689753	0.992437694366657
K8B78_07440	cds	0.228598842547776	-0.621612225862862	4.05728984179716	-0.153208730482888	0.878233673027429	0.992437694366657
K8B78_07445	cds	0.0548150217076223	0.340161127315109	4.05729003464737	0.0838394900069482	0.933184050045524	0.992437694366657
K8B78_07450	cds	0.444725534203363	2.12238145495286	3.85289924043876	0.550853090752296	0.581734386433799	0.992437694366657
K8B78_07455	cds	3.98783897770374	-0.123761967900195	0.860730945605241	-0.143787055097885	0.88566862518389	0.992437694366657
K8B78_07460	cds	0.679776596079303	-0.259002798428578	2.9435996510396	-0.0879884594146847	0.929885848618455	0.992437694366657
K8B78_07465	cds	1.80439501869025	-1.09119768589317	1.3367786050207	-0.816289011355229	0.414334857747055	0.992437694366657
K8B78_07470	cds	0.986353744029403	-3.6954081507252	2.19718108355137	-1.6818860213161	0.092590943811659	0.992437694366657
K8B78_07475	cds	0.869428462652633	1.6668479818456	2.24835764551969	0.741362471921287	0.458473692445469	0.992437694366657
K8B78_07480	cds	25.9374470685305	-0.079971564660728	0.483237439784043	-0.165491243179475	0.868557341734686	0.992437694366657
K8B78_07485	cds	0	NA	NA	NA	NA	NA
K8B78_07490	cds	0	NA	NA	NA	NA	NA
K8B78_07495	cds	0	NA	NA	NA	NA	NA
K8B78_07500	cds	0	NA	NA	NA	NA	NA
K8B78_07505	cds	0	NA	NA	NA	NA	NA
K8B78_07510	cds	0	NA	NA	NA	NA	NA
K8B78_07515	cds	0.0548150217076223	0.340161127315109	4.05729003464737	0.0838394900069482	0.933184050045524	0.992437694366657
K8B78_07520	cds	0.93044884490264	1.74451423533576	2.18143455497101	0.799709636651898	0.423879048323614	0.992437694366657
K8B78_07525	cds	0	NA	NA	NA	NA	NA
K8B78_07530	cds	0.367295808893463	0.141893788368204	4.04118410858733	0.0351119336698089	0.971990485588248	0.992437694366657
K8B78_07535	cds	0.202850743770596	-1.45330564524076	4.0804728567969	-0.356161086286844	0.721719932270683	0.992437694366657
K8B78_07540	cds	0.50213265375917	2.17599531859403	3.31047997212823	0.657305084735232	0.510984767679095	0.992437694366657
K8B78_07545	cds	2.68125745774821	-0.457983290591855	1.14937021390041	-0.398464554808392	0.690287780930452	0.992437694366657
K8B78_07550	cds	0.730731496306946	1.35514859175676	2.49031049129281	0.544168526974822	0.58632550759177	0.992437694366657
K8B78_07555	cds	1.67984650979548	-0.397029644831927	1.34760981965373	-0.29461765493364	0.768285973814293	0.992437694366657
K8B78_07560	cds	5.84036766399461	-1.34467699819755	0.725631346872084	-1.8531131600005	0.0638661409737447	0.992437694366657
K8B78_07565	cds	1.07705941722429	0.876919901705319	1.94743626968533	0.450294530997418	0.652498081920418	0.992437694366657
K8B78_07570	cds	0.405701487541192	-2.41201521938008	4.03250914990581	-0.598142528563492	0.549744835222615	0.992437694366657
K8B78_07575	cds	0.0548150217076223	0.340161127315109	4.05729003464737	0.0838394900069482	0.933184050045524	0.992437694366657
K8B78_07580	cds	1.1839192165787	-1.96070848613622	1.78660246262289	-1.09745090312801	0.272444331888501	0.992437694366657
K8B78_07585	cds	0.377801512717615	-2.32148134558044	4.04051306814427	-0.574551129133374	0.56559491198217	0.992437694366657
K8B78_07590	cds	0.824432064181596	1.60062067785519	2.45336137190388	0.652419450385763	0.514130620177919	0.992437694366657
K8B78_07595	cds	0	NA	NA	NA	NA	NA
K8B78_07600	cds	1.28593009255892	-0.290436304381901	1.69616138046908	-0.171231527687289	0.86404171806481	0.992437694366657
K8B78_07605	cds	4.85456679808926	-0.601461113191672	0.818589235078661	-0.734753265029042	0.46248977432593	0.992437694366657
K8B78_07610	cds	0.535499919971378	0.338325529750236	3.23604015044886	0.104549237345929	0.916733496583111	0.992437694366657
K8B78_07615	cds	0.283413864255399	-0.169130501904008	4.04685382652495	-0.0417930839990929	0.966663648366882	0.992437694366657
K8B78_07620	cds	1.55209159512106	0.86332055274597	1.48820371678169	0.580109122837661	0.561841032061421	0.992437694366657
K8B78_07625	cds	0.572480448877788	-0.796334541508752	3.30373362171904	-0.241040783758587	0.809523507357282	0.992437694366657
K8B78_07630	cds	0.0548150217076223	0.340161127315109	4.05729003464737	0.0838394900069482	0.933184050045524	0.992437694366657
K8B78_07635	cds	0.344434246505406	-0.144213088051307	4.04635820912315	-0.0356402178448157	0.971569239476422	0.992437694366657
K8B78_07640	cds	0.313647735292705	-0.169130501904008	4.04685382652495	-0.0417930839990929	0.966663648366881	0.992437694366657
K8B78_07645	cds	0.0548150217076223	0.340161127315109	4.05729003464737	0.0838394900069482	0.933184050045524	0.992437694366657
K8B78_07650	cds	1.67426680003325	0.015617340534874	1.45103275736222	0.0107629138319828	0.99141260301899	0.997671429380991
K8B78_07655	cds	4.56659755978001	-0.537335795609137	0.804260914987049	-0.668111287762616	0.504062557060098	0.992437694366657
K8B78_07660	cds	3.54756363012596	0.0489480704613583	0.937158022346114	0.0522303275373133	0.958345168025784	0.992437694366657
K8B78_07665	cds	57.0542133118614	-0.439062211057408	0.430022966435938	-1.02102037641475	0.307244784872078	0.992437694366657
K8B78_07670	cds	8.11117787602355	0.470408366632991	0.636505378480931	0.739048533659931	0.459877526917505	0.992437694366657
K8B78_07675	cds	1.01892151128044	-3.7351636539522	2.3074189701589	-1.61876265310195	0.105498340561865	0.992437694366657
K8B78_07680	cds	0.626128522478546	-0.491633795563095	2.88949632954424	-0.170145153166068	0.864895984088883	0.992437694366657
K8B78_07685	cds	0.913301432688993	-1.20018502225623	2.20443537849947	-0.544441009231662	0.58613803206662	0.992437694366657
K8B78_07690	cds	0.969395820877087	-0.392149175958752	2.04494940527395	-0.191764732637098	0.847926497489441	0.992437694366657
K8B78_07695	cds	9.77289790241917	-0.602983801558669	0.582222975870715	-1.03565786055919	0.300361788097151	0.992437694366657
K8B78_07700	cds	1.84932998735387	-0.115470994357716	1.26848667635011	-0.0910305141635128	0.927468344910692	0.992437694366657
K8B78_07705	cds	1.9028042127736	0.976763223333205	1.49373917059463	0.653904806516104	0.51317313709539	0.992437694366657
K8B78_07710	cds	0.173783820840154	-1.45330564524076	4.0804728567969	-0.356161086286844	0.721719932270683	0.992437694366657
K8B78_07715	cds	0.515331530956437	-1.11678886864028	3.54428685516027	-0.315095508427683	0.75268913870862	0.992437694366657
K8B78_07720	cds	3.26161933577846	0.158856997385968	0.950740512499745	0.167087649361119	0.867301083785446	0.992437694366657
K8B78_07725	cds	0.405701487541192	-2.41201521938008	4.03250914990581	-0.598142528563492	0.549744835222615	0.992437694366657
K8B78_07730	cds	0.462850405462543	-1.58571298387601	3.80862015529236	-0.41634841995796	0.677155066157367	0.992437694366657
K8B78_07735	cds	0.225465447372874	1.29731318462424	4.03700179369559	0.321355612635643	0.747940916587146	0.992437694366657
K8B78_07740	cds	0.204017691877461	-1.45330564524076	4.0804728567969	-0.356161086286844	0.721719932270682	0.992437694366657
K8B78_07745	cds	1.86252886455114	-1.12765243990533	1.3229619950919	-0.852369489137892	0.394009048878886	0.992437694366657
K8B78_07750	cds	0.109630043415245	0.792644007599646	4.04685395018959	0.195866719519866	0.844714486663204	0.992437694366657
K8B78_07755	cds	0.170650425665252	0.817556315744581	4.04635843168295	0.202047428458913	0.839879646162178	0.992437694366657
K8B78_07760	cds	0.173783820840154	-1.45330564524076	4.0804728567969	-0.356161086286844	0.721719932270683	0.992437694366657
K8B78_07765	cds	0	NA	NA	NA	NA	NA
K8B78_07770	cds	0	NA	NA	NA	NA	NA
K8B78_07775	cds	0.0548150217076223	0.340161127315109	4.05729003464737	0.0838394900069482	0.933184050045524	0.992437694366657
K8B78_07780	cds	0.170650425665252	0.817556315744581	4.04635843168295	0.202047428458913	0.839879646162178	0.992437694366657
K8B78_07785	cds	0	NA	NA	NA	NA	NA
K8B78_07790	cds	0.883547429170985	0.478612959321068	2.19020898551633	0.218523877167017	0.82702095653263	0.992437694366657
K8B78_07795	cds	0	NA	NA	NA	NA	NA
K8B78_07800	cds	0.173783820840154	-1.45330564524076	4.0804728567969	-0.356161086286844	0.721719932270683	0.992437694366657
K8B78_07805	cds	0.608552231311788	-2.99736683983174	3.43279358805468	-0.873156734579637	0.382577653512125	0.992437694366657
K8B78_07810	cds	0	NA	NA	NA	NA	NA
K8B78_07815	cds	0	NA	NA	NA	NA	NA
K8B78_07820	cds	0	NA	NA	NA	NA	NA
K8B78_07825	cds	0.204017691877461	-1.45330564524076	4.0804728567969	-0.356161086286844	0.721719932270682	0.992437694366657
K8B78_07830	cds	0.109630043415245	0.792644007599646	4.04685395018959	0.195866719519866	0.844714486663204	0.992437694366657
K8B78_07835	cds	0.556947675466792	2.34357047486012	3.066766963401	0.764182770594715	0.444758332516484	0.992437694366657
K8B78_07840	cds	0.432616534425237	-1.4890705513369	3.65765672726976	-0.407110525226463	0.683926813346868	0.992437694366657
K8B78_07845	cds	0.432616534425237	-1.4890705513369	3.65765672726976	-0.407110525226463	0.683926813346868	0.992437694366657
K8B78_07850	cds	0.164445065122867	1.10366924633593	4.04118419481979	0.273105405032186	0.784772192000975	0.992437694366657
K8B78_07855	cds	0	NA	NA	NA	NA	NA
K8B78_07860	cds	2.57337625559913	-0.153855405392295	1.1112489922045	-0.138452683846377	0.889882662205958	0.992437694366657
K8B78_07865	cds	0.225465447372874	1.29731318462424	4.03700179369559	0.321355612635643	0.747940916587146	0.992437694366657
K8B78_07870	cds	0.823952196662298	0.00275428859051505	2.38934005067909	0.00115274030991622	0.999080246507799	0.999423476131939
K8B78_07875	cds	0.483131212851093	0.595819566066513	3.40183517272604	0.175146512342353	0.86096451152002	0.992437694366657
K8B78_07880	cds	0.692001888185714	-1.56208258605903	2.93107806368502	-0.532937899339038	0.594076569008649	0.992437694366657
K8B78_07885	cds	0.204017691877461	-1.45330564524076	4.0804728567969	-0.356161086286844	0.721719932270682	0.992437694366657
K8B78_07890	cds	0.711730055398869	-0.0261069815025026	2.49619858048416	-0.0104586957570655	0.991655320259096	0.997671429380991
K8B78_07895	cds	0.373501169435848	-0.144213088051308	4.04635820912315	-0.0356402178448157	0.971569239476422	0.992437694366657
K8B78_07900	cds	0.283413864255399	-0.169130501904008	4.04685382652495	-0.0417930839990929	0.966663648366882	0.992437694366657
K8B78_07905	cds	16.7552401137325	0.36984273254203	0.518425849923947	0.713395623687141	0.475600980389116	0.992437694366657
K8B78_07910	cds	0.983358849349644	0.714396827409521	2.08119590913719	0.34326265214777	0.731400875008141	0.992437694366657
K8B78_07915	cds	0.905242043452178	0.48076640964873	2.28288269922188	0.210596194807818	0.833202381828329	0.992437694366657
K8B78_07920	cds	1.33596490346547	-0.351414052603706	1.62652381815507	-0.216052202052785	0.828947056976239	0.992437694366657
K8B78_07925	cds	0.716030398680635	-1.22066915461211	2.63494591543837	-0.463261559738327	0.643176895706112	0.992437694366657
K8B78_07930	cds	0	NA	NA	NA	NA	NA
K8B78_07940	cds	1.3712371869383	-0.522580070913021	1.73375123136473	-0.3014158325942	0.76309742270694	0.992437694366657
K8B78_07945	cds	0	NA	NA	NA	NA	NA
K8B78_07950	cds	1.04000181763016	-2.84737795524169	2.14442934704984	-1.32780217690964	0.184243467613854	0.992437694366657
K8B78_07955	cds	0	NA	NA	NA	NA	NA
K8B78_07960	cds	0.885219437698084	-1.78155221051257	2.55800206918771	-0.696462380532125	0.48613930872233	0.992437694366657
K8B78_07965	cds	0.50213265375917	2.17599531859403	3.31047997212823	0.657305084735232	0.510984767679095	0.992437694366657
K8B78_07970	cds	0.0548150217076223	0.340161127315109	4.05729003464737	0.0838394900069482	0.933184050045524	0.992437694366657
K8B78_07975	cds	1.97307899728747	-0.31078830915314	1.24073476565131	-0.250487306197143	0.802210520064284	0.992437694366657
K8B78_07980	cds	3.70467990627177	-0.359907753167092	0.875601325533476	-0.411040667335458	0.681042715128878	0.992437694366657
K8B78_07985	cds	0.45045102722645	-0.148966827542009	3.92778818040938	-0.037926390299001	0.96974637176627	0.992437694366657
K8B78_07990	cds	0	NA	NA	NA	NA	NA
K8B78_07995	cds	0.202850743770596	-1.45330564524076	4.0804728567969	-0.356161086286844	0.721719932270683	0.992437694366657
K8B78_08000	cds	0.331482228093918	1.32566323268583	4.03558372832831	0.328493551844845	0.742538518933187	0.992437694366657
K8B78_08005	cds	0.505266048934072	0.343064754632301	3.35176343394982	0.102353510739278	0.918476082858878	0.992437694366657
K8B78_08010	cds	2.26586110819272	0.341127328889743	1.14588158542636	0.297698587034032	0.765933221944633	0.992437694366657
K8B78_08015	cds	8.25288447632185	0.250583033935499	0.611419887056996	0.409837885943902	0.681924872422357	0.992437694366657
K8B78_08020	cds	0.965782558182886	-0.763664332516556	2.094025260966	-0.364687258913136	0.715344870471799	0.992437694366657
K8B78_08025	cds	0.949115013488538	-1.64959123748177	2.09798497958002	-0.786274093254939	0.43170692655855	0.992437694366657
K8B78_08030	cds	0	NA	NA	NA	NA	NA
K8B78_08035	cds	0.204017691877461	-1.45330564524076	4.0804728567969	-0.356161086286844	0.721719932270682	0.992437694366657
K8B78_08040	cds	1.10164056789461	1.05961363997802	1.92583177757191	0.550210902280354	0.582174726685062	0.992437694366657
K8B78_08045	cds	2.74527679476095	-0.253030385646581	1.03031354996869	-0.245585807984637	0.806002876425618	0.992437694366657
K8B78_08050	cds	29.3995236312478	0.327146531262182	0.411490732545604	0.795027701446289	0.42659738845291	0.992437694366657
K8B78_08055	cds	0.283413864255399	-0.169130501904008	4.04685382652495	-0.0417930839990929	0.966663648366882	0.992437694366657
K8B78_08060	cds	0.173783820840154	-1.45330564524076	4.0804728567969	-0.356161086286844	0.721719932270683	0.992437694366657
K8B78_08065	cds	0	NA	NA	NA	NA	NA
K8B78_08070	cds	1.06495041744617	-1.29059385376141	1.86430941457409	-0.692263764626349	0.488771701287999	0.992437694366657
K8B78_08075	cds	0.447317632051548	2.00245092637131	3.91561114899437	0.511401885982879	0.60906967457968	0.992437694366657
K8B78_08080	cds	2.09135056104749	0.603348713354882	1.29097280295411	0.467359739859932	0.640242521828089	0.992437694366657
K8B78_08085	cds	0.432616534425237	-1.4890705513369	3.65765672726976	-0.407110525226463	0.683926813346868	0.992437694366657
K8B78_08090	cds	0.164445065122867	1.10366924633593	4.04118419481979	0.273105405032186	0.784772192000975	0.992437694366657
K8B78_08095	cds	2.21035900589753	0.851045124049539	1.22961487690103	0.692123314410776	0.488859891482844	0.992437694366657
K8B78_08100	cds	0.0548150217076223	0.340161127315109	4.05729003464737	0.0838394900069482	0.933184050045524	0.992437694366657
K8B78_08105	cds	0.0548150217076223	0.340161127315109	4.05729003464737	0.0838394900069482	0.933184050045524	0.992437694366657
K8B78_08110	cds	0.109630043415245	0.792644007599646	4.04685395018959	0.195866719519866	0.844714486663204	0.992437694366657
K8B78_08115	cds	3.86809246369994	-0.539576039805185	0.860307354204295	-0.627189849265258	0.530534796232241	0.992437694366657
K8B78_08120	cds	4.23463976219842	0.25751848833147	0.806252502825257	0.319401784712701	0.749421857644215	0.992437694366657
K8B78_08125	cds	0	NA	NA	NA	NA	NA
K8B78_08130	cds	6.54888361752483	-0.801257719833962	0.712485030230976	-1.12459586634993	0.260760326169409	0.992437694366657
K8B78_08135	cds	13.5623360833961	0.177622548078261	0.519460913430573	0.341936310289881	0.732398823166362	0.992437694366657
K8B78_08140	cds	0.0548150217076223	0.340161127315109	4.05729003464737	0.0838394900069482	0.933184050045524	0.992437694366657
K8B78_08145	cds	0	NA	NA	NA	NA	NA
K8B78_08150	cds	0.0548150217076223	0.340161127315109	4.05729003464737	0.0838394900069482	0.933184050045524	0.992437694366657
K8B78_08155	cds	1.51446750529927	0.765616786062278	1.62456686527799	0.471274406997873	0.637444789530406	0.992437694366657
K8B78_08160	cds	0.408035383754921	-2.41924630985639	4.03189057975788	-0.600027769107182	0.548487728954896	0.992437694366657
K8B78_08165	cds	0.170650425665252	0.817556315744581	4.04635843168295	0.202047428458913	0.839879646162178	0.992437694366657
K8B78_08170	cds	0.563694333335895	1.00559923987031	3.07050716990818	0.327502651589762	0.743287737769361	0.992437694366657
K8B78_08175	cds	1.38818782732491	0.0752675153763168	1.63499523118731	0.0460353118716184	0.963282104929863	0.992437694366657
K8B78_08180	cds	1.80304287955369	-0.677037154729984	1.43308452958499	-0.47243351020337	0.636617390227834	0.992437694366657
K8B78_08185	cds	0.40238266338793	-1.38685318104749	4.0268649229747	-0.344400223890052	0.730545320513992	0.992437694366657
K8B78_08190	cds	2.33810663780625	1.20339041610303	1.2155741558937	0.989976967072225	0.322185377200621	0.992437694366657
K8B78_08195	cds	0.164445065122867	1.10366924633593	4.04118419481979	0.273105405032186	0.784772192000975	0.992437694366657
K8B78_08200	cds	7.58987650046183	0.363034199523328	0.620791277673467	0.584792687300419	0.558687122000048	0.992437694366657
K8B78_08205	cds	0.486264608025995	-1.02260575117989	3.39286183756534	-0.301399172774361	0.763110125034241	0.992437694366657
K8B78_08210	cds	0.889999648499149	-0.921128196260756	2.1780286015455	-0.422918319624974	0.672354856267334	0.992437694366657
K8B78_08215	cds	1.14190027523677	-1.16826283721246	1.88289114060694	-0.620462230671433	0.534953512704374	0.992437694366657
K8B78_08220	cds	0.258832713585083	-0.621612225862862	4.05728984179716	-0.153208730482888	0.878233673027429	0.992437694366657
K8B78_08225	cds	0.592761256266337	1.01127024140138	2.97804023126506	0.339575748770793	0.734176043669646	0.992437694366657
K8B78_08230	cds	1.20794772707362	-1.62632211018315	1.82262718374532	-0.892295541670354	0.372234543294285	0.992437694366657
K8B78_08235	cds	3.11392474279098	-0.467112545222482	1.01368905232658	-0.460804567387193	0.6449388245695	0.992437694366657
K8B78_08240	cds	2.61663515565268	-0.401271153443701	1.12530224677224	-0.356589666993634	0.721399014153582	0.992437694366657
K8B78_08245	cds	4.01690590063418	-0.137451542592111	0.877073369893786	-0.156716128103122	0.875468575756831	0.992437694366657
K8B78_08250	cds	8.07040904817818	0.474762646294911	0.634381203773518	0.748387000546137	0.454226761213462	0.992437694366657
K8B78_08255	cds	1.52696914712403	1.34541696780936	1.66335177820975	0.808858946997621	0.418596285045038	0.992437694366657
K8B78_08260	cds	0.88842990356071	2.98246169516525	2.30621605643421	1.2932273569271	0.195932436569467	0.992437694366657
K8B78_08265	cds	0.505266048934072	0.343064754632301	3.35176343394982	0.102353510739278	0.918476082858878	0.992437694366657
K8B78_08270	cds	0.712897003505733	-0.0288740951686581	2.49388130192366	-0.0115779749206131	0.990762318950367	0.997671429380991
K8B78_08275	cds	4.04301715052542	-1.26739828865721	0.853921422307668	-1.48420950165666	0.137753349848975	0.992437694366657
K8B78_08280	cds	0.632333883020931	-0.640889001224937	2.7115700402933	-0.236353474814029	0.813158395202117	0.992437694366657
K8B78_08285	cds	0.341300851330504	1.73120307828156	4.01775235753443	0.430888448123253	0.666549483379186	0.992437694366657
K8B78_08290	cds	3.68150551767705	0.379259999401883	1.95414676183169	0.194079588498456	0.846113563765549	0.992437694366657
K8B78_08295	cds	1.48148153828501	-0.283255982418606	1.53618827916151	-0.184388844948884	0.853708420227232	0.992437694366657
K8B78_08300	cds	1.05255103921007	-0.348843330832199	1.92906962995504	-0.180835012596373	0.856497080070527	0.992437694366657
K8B78_08305	cds	4.0550613116851	-0.25216160738289	0.884638184586315	-0.285044905110905	0.77560973900774	0.992437694366657
K8B78_08310	cds	1.50489574084847	-0.0948574441736737	1.45168974081598	-0.0653427805588508	0.947901081143844	0.992437694366657
K8B78_08315	cds	48.3305251783026	-0.0141183845292379	0.378355126886489	-0.037315166429537	0.970233712852758	0.992437694366657
K8B78_08320	cds	36.6480684152545	-0.0351852727728024	0.402685877318582	-0.0873764756963798	0.930372267526038	0.992437694366657
K8B78_08325	cds	0	NA	NA	NA	NA	NA
K8B78_08330	cds	0.461683457355679	-1.57883315294753	3.50643818060891	-0.450266929466687	0.652517981597643	0.992437694366657
K8B78_08335	cds	0	NA	NA	NA	NA	NA
K8B78_08340	cds	0	NA	NA	NA	NA	NA
K8B78_08345	cds	0	NA	NA	NA	NA	NA
K8B78_08350	cds	2.60799363530791	-0.804995609389181	1.07388995605146	-0.749607168642341	0.453491332056554	0.992437694366657
K8B78_08355	cds	1.70154112407668	-0.313502008167406	1.40354602417448	-0.22336425223519	0.823252024088354	0.992437694366657
K8B78_08360	cds	0.280280469080497	1.55333478645372	4.0250333516253	0.385918488309292	0.699557037630276	0.992437694366657
K8B78_08365	cds	3.58603503661274	0.769582937915278	0.903638749730543	0.851648889719216	0.394408995944978	0.992437694366657
K8B78_08370	cds	0	NA	NA	NA	NA	NA
K8B78_08375	cds	0.109630043415245	0.792644007599646	4.04685395018959	0.195866719519866	0.844714486663204	0.992437694366657
K8B78_08380	cds	0.109630043415245	0.792644007599646	4.04685395018959	0.195866719519866	0.844714486663204	0.992437694366657
K8B78_08385	cds	0.38629724980154	1.75186365202327	4.01695725902211	0.436117075452713	0.662751788838491	0.992437694366657
K8B78_08390	cds	0	NA	NA	NA	NA	NA
K8B78_08395	cds	0.170650425665252	0.817556315744581	4.04635843168295	0.202047428458913	0.839879646162178	0.992437694366657
K8B78_08400	cds	0.389910512495741	1.93565922078831	4.01031669137816	0.482669916056709	0.629330127263535	0.992437694366657
K8B78_08405	cds	0	NA	NA	NA	NA	NA
K8B78_08410	cds	80.0648066357231	-0.25630390512099	0.476115642166541	-0.538322798962645	0.590354214052396	0.992437694366657
K8B78_08415	cds	0.204017691877461	-1.45330564524076	4.0804728567969	-0.356161086286844	0.721719932270682	0.992437694366657
K8B78_08420	cds	0.202850743770596	-1.45330564524076	4.0804728567969	-0.356161086286844	0.721719932270683	0.992437694366657
K8B78_08425	cds	0	NA	NA	NA	NA	NA
K8B78_08430	cds	0	NA	NA	NA	NA	NA
K8B78_08435	cds	2.08584243587762	-0.530884392672491	1.20572820716263	-0.440301876922818	0.659718481516512	0.992437694366657
K8B78_08440	cds	3.19469531429271	-0.667739610809737	0.962124687301963	-0.694026065043862	0.487665863026964	0.992437694366657
K8B78_08445	cds	0.791998737342732	-0.20658905087234	2.52113260412601	-0.0819429531529769	0.934692077591213	0.992437694366657
K8B78_08450	cds	0.603266960090489	-0.559326772625506	2.78458826159793	-0.200865162127969	0.840804009083846	0.992437694366657
K8B78_08455	cds	1.35569307067863	0.459306681214109	1.61227551399384	0.28488101272241	0.775735303153186	0.992437694366657
K8B78_08460	cds	0	NA	NA	NA	NA	NA
K8B78_08465	cds	1.01769719344913	3.26947125707662	2.26842178424499	1.44129776912931	0.149500577282615	0.992437694366657
K8B78_08470	cds	0	NA	NA	NA	NA	NA
K8B78_08475	cds	2.63355971391776	-0.827708409793891	1.0989882900673	-0.753154894619669	0.451356840396225	0.992437694366657
K8B78_08480	cds	20.76084104953	0.43961870029793	0.453594872317414	0.969187984978578	0.332451404722404	0.992437694366657
K8B78_08485	cds	0.627848110760804	-0.182420806587261	2.87838875634828	-0.0633760141624139	0.949467086772492	0.992437694366657
K8B78_08490	cds	1.80921606327256	0.956362014526203	1.41351859686482	0.67658254843439	0.498670854779692	0.992437694366657
K8B78_08495	cds	0.257665765478218	-0.621612225862862	4.05728984179716	-0.153208730482888	0.878233673027429	0.992437694366657
K8B78_08500	cds	0.109630043415245	0.792644007599646	4.04685395018959	0.195866719519866	0.844714486663204	0.992437694366657
K8B78_08505	cds	1.27918343468981	0.264889312819213	1.68613441777542	0.157098574127139	0.875167161311458	0.992437694366657
K8B78_08510	cds	1.30063119018523	1.32437977116062	1.79172759035547	0.739163575026418	0.459807676117447	0.992437694366657
K8B78_08515	cds	2.40431121575263	1.00603607101524	1.1539059565989	0.871852740911833	0.383288718094079	0.992437694366657
K8B78_08520	cds	0.989564209892029	0.626565943496184	1.98718072117583	0.315303956413909	0.75253088131934	0.992437694366657
K8B78_08525	cds	0.408035383754921	-2.41924630985639	4.03189057975788	-0.600027769107182	0.548487728954896	0.992437694366657
K8B78_08530	cds	0.658081981798111	-0.267795857272749	2.62208089872184	-0.102131043097598	0.918652661010559	0.992437694366657
K8B78_08535	cds	0	NA	NA	NA	NA	NA
K8B78_08540	cds	0.109630043415245	0.792644007599646	4.04685395018959	0.195866719519866	0.844714486663204	0.992437694366657
K8B78_08545	cds	0.313647735292705	-0.169130501904008	4.04685382652495	-0.0417930839990929	0.966663648366881	0.992437694366657
K8B78_08550	cds	0.666868097340004	-2.16477322701581	2.98847574261112	-0.724373698654948	0.468836342440477	0.992437694366657
K8B78_08555	cds	1.57069633389954	0.111641834409022	1.44589084828781	0.077213182821667	0.938453954581054	0.992437694366657
K8B78_08560	cds	1.5766686857084	-1.82185300046518	1.5307747736132	-1.19015091695359	0.233987080822474	0.992437694366657
K8B78_08565	cds	0.708116792704668	-0.565897229257103	2.57223833329655	-0.220001864497469	0.825869702619223	0.992437694366657
K8B78_08570	cds	0.702391299681582	1.38838948571848	2.67808456093776	0.51842630586404	0.604160864794968	0.992437694366657
K8B78_08575	cds	1.15448914253419	2.28578824393902	2.01111777398164	1.13657602429398	0.255715567596923	0.992437694366657
K8B78_08580	cds	0.486264608025995	-1.02260575117989	3.39286183756534	-0.301399172774361	0.763110125034241	0.992437694366657
K8B78_08585	cds	0.338228885963021	0.141893788368204	4.04118410858733	0.0351119336698088	0.971990485588248	0.992437694366657
K8B78_08590	cds	0.42831619114347	0.331643072676927	3.70211730494387	0.0895820000717011	0.928619388750356	0.992437694366657
K8B78_08595	cds	0	NA	NA	NA	NA	NA
K8B78_08600	cds	0.312480787185841	-0.169130501904008	4.04685382652495	-0.0417930839990929	0.966663648366881	0.992437694366657
K8B78_08605	cds	0.753593058695003	1.41990489871002	2.58481572312934	0.549325387494548	0.582782167819677	0.992437694366657
K8B78_08610	cds	0.258832713585083	-0.621612225862862	4.05728984179716	-0.153208730482888	0.878233673027429	0.992437694366657
K8B78_08615	cds	0	NA	NA	NA	NA	NA
K8B78_08620	cds	0.42327777870795	0.39736988835504	4.03393945392664	0.0985066565558489	0.921529986501856	0.992437694366657
K8B78_08625	cds	6.86480906737055	0.320532830744282	0.669230271307641	0.478957459766394	0.631968892343601	0.992437694366657
K8B78_08630	cds	3.80875448271064	-1.05093822487223	1.65834478009221	-0.633727218542451	0.526258858519697	0.992437694366657
K8B78_08635	cds	0	NA	NA	NA	NA	NA
K8B78_08640	cds	7.53097122055995	0.378650107212016	0.636886961608421	0.594532672259073	0.552155896458291	0.992437694366657
K8B78_08645	cds	0	NA	NA	NA	NA	NA
K8B78_08650	cds	0.202850743770596	-1.45330564524076	4.0804728567969	-0.356161086286844	0.721719932270683	0.992437694366657
K8B78_08655	cds	0	NA	NA	NA	NA	NA
K8B78_08660	cds	0.0548150217076223	0.340161127315109	4.05729003464737	0.0838394900069482	0.933184050045524	0.992437694366657
K8B78_08665	cds	0.0548150217076223	0.340161127315109	4.05729003464737	0.0838394900069482	0.933184050045524	0.992437694366657
K8B78_08670	cds	0	NA	NA	NA	NA	NA
K8B78_08675	cds	0	NA	NA	NA	NA	NA
K8B78_08680	cds	1.8313100655743	-0.936609781896972	1.38739146107085	-0.675086886561964	0.49962056454329	0.992437694366657
K8B78_08685	cds	0.0548150217076223	0.340161127315109	4.05729003464737	0.0838394900069482	0.933184050045524	0.992437694366657
K8B78_08690	cds	0	NA	NA	NA	NA	NA
K8B78_08695	cds	0.429483139250335	0.331554728002685	3.69560610998923	0.0897159270049078	0.928512959062952	0.992437694366657
K8B78_08700	cds	0	NA	NA	NA	NA	NA
K8B78_08705	cds	0	NA	NA	NA	NA	NA
K8B78_08710	cds	0.109630043415245	0.792644007599646	4.04685395018959	0.195866719519866	0.844714486663204	0.992437694366657
K8B78_08715	cds	9.67931798416572	-0.105946605816401	0.591383251641011	-0.17915050100322	0.857819529311366	0.992437694366657
K8B78_08720	cds	0.109630043415245	0.792644007599646	4.04685395018959	0.195866719519866	0.844714486663204	0.992437694366657
K8B78_08725	cds	0	NA	NA	NA	NA	NA
K8B78_08730	cds	0	NA	NA	NA	NA	NA
K8B78_08735	cds	0.479517950156892	-0.156070171699375	3.76928642510534	-0.0414057606924932	0.966972420368893	0.992437694366657
K8B78_08740	cds	1.59048593092011	-0.338636728522386	1.5114109468946	-0.224053378214681	0.822715769026358	0.992437694366657
K8B78_08745	cds	1.26042885256751	-1.36497581839531	1.76841347390529	-0.771864633773093	0.440194605789503	0.992437694366657
K8B78_08750	cds	10.2760812119569	-0.105213897195896	0.547871036570371	-0.192041356766232	0.847709810275092	0.992437694366657
K8B78_08755	cds	0.396115873038126	1.91510842034285	4.01102187252213	0.477461475207221	0.633033547538546	0.992437694366657
K8B78_08760	cds	0.0548150217076223	0.340161127315109	4.05729003464737	0.0838394900069482	0.933184050045524	0.992437694366657
K8B78_08765	cds	1.88583064874098	-1.20702872826996	1.30412174573763	-0.925549115498603	0.354680347795802	0.992437694366657
K8B78_08770	cds	0.508879311628273	0.81403390214362	3.27904371296558	0.248253446248633	0.803938316167969	0.992437694366657
K8B78_08775	cds	0.228598842547776	-0.621612225862862	4.05728984179716	-0.153208730482888	0.878233673027429	0.992437694366657
K8B78_08780	cds	0	NA	NA	NA	NA	NA
K8B78_08785	cds	1.23640034207259	-1.5856159602961	1.78899546681391	-0.886316365641764	0.375447072581521	0.992437694366657
K8B78_08790	cds	2.05334767923133	-0.388217847186541	1.18630547437478	-0.327249477956884	0.743479201166055	0.992437694366657
K8B78_08795	cds	0	NA	NA	NA	NA	NA
K8B78_08800	cds	0	NA	NA	NA	NA	NA
K8B78_08805	cds	0	NA	NA	NA	NA	NA
K8B78_08810	cds	0.968116454396615	-0.767582438924913	2.0914813421877	-0.367004201013821	0.71361588438315	0.992437694366657
K8B78_08815	cds	0.461683457355679	-1.57883315294753	3.50643818060891	-0.450266929466687	0.652517981597643	0.992437694366657
K8B78_08820	cds	0	NA	NA	NA	NA	NA
K8B78_08825	cds	16.7389371585514	0.280678739754221	0.514369107197567	0.545675733294795	0.585288855544748	0.992437694366657
K8B78_08830	cds	0.109630043415245	0.792644007599646	4.04685395018959	0.195866719519866	0.844714486663204	0.992437694366657
K8B78_08835	cds	0	NA	NA	NA	NA	NA
K8B78_08840	cds	0	NA	NA	NA	NA	NA
K8B78_08845	cds	0.811402975082384	-3.41112299322488	2.84627342264485	-1.19845232228433	0.230740973570909	0.992437694366657
K8B78_08850	cds	0.347567641680308	-2.21854749209444	4.05022280311521	-0.547759370271693	0.583857140019594	0.992437694366657
K8B78_08855	cds	0	NA	NA	NA	NA	NA
K8B78_08860	cds	0	NA	NA	NA	NA	NA
K8B78_08865	cds	0.770783990580839	1.44865487806467	2.58617338149127	0.560153811972703	0.575374528365637	0.992437694366657
K8B78_08870	cds	0.0548150217076223	0.340161127315109	4.05729003464737	0.0838394900069482	0.933184050045524	0.992437694366657
K8B78_08875	cds	0.204017691877461	-1.45330564524076	4.0804728567969	-0.356161086286844	0.721719932270682	0.992437694366657
K8B78_08880	cds	0	NA	NA	NA	NA	NA
K8B78_08885	cds	0	NA	NA	NA	NA	NA
K8B78_08890	cds	0	NA	NA	NA	NA	NA
K8B78_08895	cds	0	NA	NA	NA	NA	NA
K8B78_08900	cds	0	NA	NA	NA	NA	NA
K8B78_08905	cds	0	NA	NA	NA	NA	NA
K8B78_08910	cds	0.170650425665252	0.817556315744581	4.04635843168295	0.202047428458913	0.839879646162178	0.992437694366657
K8B78_08915	cds	0	NA	NA	NA	NA	NA
K8B78_08920	cds	0	NA	NA	NA	NA	NA
K8B78_08925	cds	0	NA	NA	NA	NA	NA
K8B78_08930	cds	0	NA	NA	NA	NA	NA
K8B78_08935	cds	0	NA	NA	NA	NA	NA
K8B78_08940	cds	0	NA	NA	NA	NA	NA
K8B78_08945	cds	0	NA	NA	NA	NA	NA
K8B78_08950	cds	0.0548150217076223	0.340161127315109	4.05729003464737	0.0838394900069482	0.933184050045524	0.992437694366657
K8B78_08955	cds	0	NA	NA	NA	NA	NA
K8B78_08960	cds	0	NA	NA	NA	NA	NA
K8B78_08965	cds	0	NA	NA	NA	NA	NA
K8B78_08970	cds	0	NA	NA	NA	NA	NA
K8B78_08975	cds	0	NA	NA	NA	NA	NA
K8B78_08980	cds	0	NA	NA	NA	NA	NA
K8B78_09025	cds	0.225465447372874	1.29731318462424	4.03700179369559	0.321355612635643	0.747940916587146	0.992437694366657
K8B78_09030	cds	0.679776596079303	-0.259002798428578	2.9435996510396	-0.0879884594146847	0.929885848618455	0.992437694366657
K8B78_09035	cds	0	NA	NA	NA	NA	NA
K8B78_09040	cds	0.666868097340004	-2.16477322701581	2.98847574261112	-0.724373698654948	0.468836342440477	0.992437694366657
K8B78_09045	cds	0	NA	NA	NA	NA	NA
K8B78_09050	cds	1.57871220346417	0.691660956629286	1.45978209386527	0.473811097927553	0.63563461989748	0.992437694366657
K8B78_09055	cds	1.5735352905335	-0.998876695728052	1.51169106923198	-0.660767742866624	0.508761272400435	0.992437694366657
K8B78_09060	cds	0.202850743770596	-1.45330564524076	4.0804728567969	-0.356161086286844	0.721719932270683	0.992437694366657
K8B78_09065	cds	0	NA	NA	NA	NA	NA
K8B78_09070	cds	2.81274330163715	1.30527213351165	1.11612854353615	1.16946398429724	0.242216743722017	0.992437694366657
K8B78_09075	cds	0	NA	NA	NA	NA	NA
K8B78_09080	cds	8.8613539070596	0.855111303028473	0.643104064687061	1.32966241388099	0.183629523954538	0.992437694366657
K8B78_09085	cds	1.53064383962565	0.0713247917401908	1.4316117485053	0.049821323284514	0.960264774258274	0.992437694366657
K8B78_09090	cds	1.13500783410682	0.159675510181995	1.77586037462961	0.0899144507435152	0.928355197634629	0.992437694366657
K8B78_09095	cds	1.51110110139085	-0.229933629360737	1.47560036463707	-0.155823781879648	0.87617192437232	0.992437694366657
K8B78_09100	cds	7.40814820852112	-1.14057457291946	0.65340471117235	-1.7455866990506	0.0808827951476561	0.992437694366657
K8B78_09105	cds	0	NA	NA	NA	NA	NA
K8B78_09110	cds	0.534332971864514	0.338506679124567	3.24026729437887	0.104468751609412	0.916797365165031	0.992437694366657
K8B78_09115	cds	0.0548150217076223	0.340161127315109	4.05729003464737	0.0838394900069482	0.933184050045524	0.992437694366657
K8B78_09120	cds	0	NA	NA	NA	NA	NA
K8B78_09125	cds	0.991530656960067	-0.40245017492848	2.04106606808898	-0.197176456568742	0.843689453873152	0.992437694366657
K8B78_09130	cds	3.632383812169	1.02987259037639	0.927022995105939	1.11094611008943	0.266591546266588	0.992437694366657
K8B78_09135	cds	0	NA	NA	NA	NA	NA
K8B78_09140	cds	0.994849481113328	-0.808479262519783	2.1905790058246	-0.369071035726213	0.71207477742573	0.992437694366657
K8B78_09145	cds	2.13274385160927	-0.140275595478423	1.16190101529584	-0.120729385405267	0.903905383043634	0.992437694366657
K8B78_09150	cds	0.643963015279759	1.04791161399838	2.85124447220542	0.367527802057543	0.713225357618284	0.992437694366657
K8B78_09155	cds	0.109630043415245	0.792644007599646	4.04685395018959	0.195866719519866	0.844714486663204	0.992437694366657
K8B78_09160	cds	0.283413864255399	-0.169130501904008	4.04685382652495	-0.0417930839990929	0.966663648366882	0.992437694366657
K8B78_09165	cds	0.170650425665252	0.817556315744581	4.04635843168295	0.202047428458913	0.839879646162178	0.992437694366657
K8B78_09170	cds	0	NA	NA	NA	NA	NA
K8B78_09325	cds	15.3969429510851	0.116433777843013	0.501861343097443	0.232003878052042	0.816535001727048	0.992437694366657
K8B78_09330	cds	0.560081070641694	0.763721958160631	3.1134727630038	0.245295853310697	0.806227362271387	0.992437694366657
K8B78_09335	cds	0.0548150217076223	0.340161127315109	4.05729003464737	0.0838394900069482	0.933184050045524	0.992437694366657
K8B78_09340	cds	0.849700295439478	0.337722756229134	2.31342413549049	0.145983933965282	0.88393407138543	0.992437694366657
K8B78_09345	cds	0.228598842547776	-0.621612225862862	4.05728984179716	-0.153208730482888	0.878233673027429	0.992437694366657
K8B78_09350	cds	0.202850743770596	-1.45330564524076	4.0804728567969	-0.356161086286844	0.721719932270683	0.992437694366657
K8B78_09355	cds	0	NA	NA	NA	NA	NA
K8B78_09360	cds	0.276667206386296	0.817556181396176	4.04635843433476	0.2020473951242	0.839879672222042	0.992437694366657
K8B78_09365	cds	3.52133590177814	0.0567994538637379	0.981077431440491	0.0578949755070206	0.953832285375625	0.992437694366657
K8B78_09370	cds	0.0548150217076223	0.340161127315109	4.05729003464737	0.0838394900069482	0.933184050045524	0.992437694366657
K8B78_09375	cds	0.791998737342732	-0.20658905087234	2.52113260412601	-0.0819429531529769	0.934692077591213	0.992437694366657
K8B78_09380	cds	0.173783820840154	-1.45330564524076	4.0804728567969	-0.356161086286844	0.721719932270683	0.992437694366657
K8B78_09385	cds	0.204017691877461	-1.45330564524076	4.0804728567969	-0.356161086286844	0.721719932270682	0.992437694366657
K8B78_09390	cds	2.91666528957996	0.181012366081057	1.05821949051679	0.17105370644105	0.864181536202197	0.992437694366657
K8B78_09395	cds	3.93864109072857	0.377831812890154	0.862341290939772	0.438146493574947	0.661280092771592	0.992437694366657
K8B78_09400	cds	0	NA	NA	NA	NA	NA
K8B78_09405	cds	1.33713185157234	-0.352745184202945	1.62590377707774	-0.216953296484087	0.828244742023371	0.992437694366657
K8B78_09410	cds	2.33220299857051	0.215927312152273	1.1410251116707	0.189239754623902	0.84990491085705	0.992437694366657
K8B78_09415	cds	0.454064289920651	0.594683615880446	3.53939840953294	0.168018275161886	0.866568901959952	0.992437694366657
K8B78_09420	cds	0.627848110760804	-0.182420806587261	2.87838875634828	-0.0633760141624139	0.949467086772492	0.992437694366657
K8B78_09425	cds	0.643963015279759	1.04791161399838	2.85124447220542	0.367527802057543	0.713225357618284	0.992437694366657
K8B78_09430	cds	0.973696164158854	-1.30118451550188	2.04797680626427	-0.635351197104318	0.52519938975257	0.992437694366657
K8B78_09435	cds	0.840361539722191	1.66741703160161	2.28642353150904	0.729268662880283	0.465837337252892	0.992437694366657
K8B78_09440	cds	4.57781255235859	0.262146508136976	0.793009064969958	0.330571893458629	0.740967879444749	0.992437694366657
K8B78_09445	cds	0.487431556132859	-1.02603504495632	3.3876775216461	-0.302872702138945	0.761986875387751	0.992437694366657
K8B78_09450	cds	0.173783820840154	-1.45330564524076	4.0804728567969	-0.356161086286844	0.721719932270683	0.992437694366657
K8B78_09455	cds	0.228598842547776	-0.621612225862862	4.05728984179716	-0.153208730482888	0.878233673027429	0.992437694366657
K8B78_09460	cds	4.13755488028012	-0.310457579201511	0.862813868450954	-0.359819876051469	0.71898183843996	0.992437694366657
K8B78_09465	cds	4.24648626231046	-0.338360857642978	0.8061558165509	-0.419721412035007	0.674688981170006	0.992437694366657
K8B78_09470	cds	5.78672729723651	-0.276847387264462	0.701472224174865	-0.394666214460758	0.693089239808348	0.992437694366657
K8B78_09475	cds	0.377801512717615	-2.32148134558044	4.04051306814427	-0.574551129133374	0.56559491198217	0.992437694366657
K8B78_09480	cds	12.4956592724324	0.203505301153672	0.519611549483712	0.391648918034782	0.695317638156635	0.992437694366657
K8B78_09485	cds	0.170650425665252	0.817556315744581	4.04635843168295	0.202047428458913	0.839879646162178	0.992437694366657
K8B78_09490	cds	2.25423197593389	-0.171754835201714	1.14533150584533	-0.149960805518004	0.880795538176474	0.992437694366657
K8B78_09495	cds	14.949179061791	0.565235670610881	0.594333184546321	0.951041747807416	0.341583183625121	0.992437694366657
K8B78_09500	cds	1.12738460658882	-2.36383869489453	2.01406225998181	-1.17366714121135	0.240528376574714	0.992437694366657
K8B78_09505	cds	1.12363690348245	-1.23699745233369	2.05590997159058	-0.601678803754557	0.547387961899803	0.992437694366657
K8B78_09510	cds	0.225465447372874	1.29731318462424	4.03700179369559	0.321355612635643	0.747940916587146	0.992437694366657
K8B78_09515	cds	0.603266960090489	-0.559326772625506	2.78458826159793	-0.200865162127969	0.840804009083846	0.992437694366657
K8B78_09520	cds	0.204017691877461	-1.45330564524076	4.0804728567969	-0.356161086286844	0.721719932270682	0.992437694366657
K8B78_09525	cds	2.91359332421247	-0.0902763188108852	1.0046187630619	-0.0898612708921928	0.928397457943608	0.992437694366657
K8B78_09530	cds	59.1272615683844	0.392882217802174	0.452022509119337	0.869165162964154	0.384756799017437	0.992437694366657
K8B78_09535	cds	0	NA	NA	NA	NA	NA
K8B78_09540	cds	0.573033089053182	-0.458602503042328	3.07292709885392	-0.149239629932441	0.881364549964972	0.992437694366657
K8B78_09545	cds	1.68112587627596	-0.21965285839498	1.42237305055737	-0.154427038890329	0.877273035418035	0.992437694366657
K8B78_09550	cds	1.14755299560376	-1.67804688212193	2.07197793825152	-0.809876809565834	0.418010981473987	0.992437694366657
K8B78_09555	cds	0	NA	NA	NA	NA	NA
K8B78_09560	cds	0	NA	NA	NA	NA	NA
K8B78_09565	cds	0	NA	NA	NA	NA	NA
K8B78_09570	cds	0	NA	NA	NA	NA	NA
K8B78_09575	cds	0	NA	NA	NA	NA	NA
K8B78_09580	cds	0	NA	NA	NA	NA	NA
K8B78_09585	cds	0	NA	NA	NA	NA	NA
K8B78_09590	cds	0	NA	NA	NA	NA	NA
K8B78_09595	cds	0.204017691877461	-1.45330564524076	4.0804728567969	-0.356161086286844	0.721719932270682	0.992437694366657
K8B78_09600	cds	0	NA	NA	NA	NA	NA
K8B78_09605	cds	0.808084150929122	-2.47742303495274	2.43695409390706	-1.01660636166551	0.309340726647175	0.992437694366657
K8B78_09610	cds	0	NA	NA	NA	NA	NA
K8B78_09615	cds	0.109630043415245	0.792644007599646	4.04685395018959	0.195866719519866	0.844714486663204	0.992437694366657
K8B78_09620	cds	0	NA	NA	NA	NA	NA
K8B78_09625	cds	0	NA	NA	NA	NA	NA
K8B78_09630	cds	0.0548150217076223	0.340161127315109	4.05729003464737	0.0838394900069482	0.933184050045524	0.992437694366657
K8B78_09635	cds	0	NA	NA	NA	NA	NA
K8B78_09640	cds	0	NA	NA	NA	NA	NA
K8B78_09645	cds	0	NA	NA	NA	NA	NA
K8B78_09650	cds	0.202850743770596	-1.45330564524076	4.0804728567969	-0.356161086286844	0.721719932270683	0.992437694366657
K8B78_09655	cds	0.228598842547776	-0.621612225862862	4.05728984179716	-0.153208730482888	0.878233673027429	0.992437694366657
K8B78_09660	cds	0	NA	NA	NA	NA	NA
K8B78_09665	cds	0.476925852308707	0.643968404211939	3.72450933934585	0.172900198533276	0.862729875596967	0.992437694366657
K8B78_09670	cds	0.621101452891702	0.974245492166224	2.97973027788128	0.326957610693192	0.743699946433859	0.992437694366657
K8B78_09675	cds	0	NA	NA	NA	NA	NA
K8B78_09680	cds	0.0548150217076223	0.340161127315109	4.05729003464737	0.0838394900069482	0.933184050045524	0.992437694366657
K8B78_09685	cds	7.04119155334544	0.137658140903009	0.680521334439375	0.202283358267399	0.839695209232382	0.992437694366657
K8B78_09690	cds	0	NA	NA	NA	NA	NA
K8B78_09695	cds	2.61114923864967	0.7326534334638	1.96359102911952	0.373119159029934	0.709059759834119	0.992437694366657
K8B78_09700	cds	0.666577718882037	2.63412140646978	2.7212387364016	0.967986149555175	0.333051286967002	0.992437694366657
K8B78_09705	cds	41.9788988807559	-0.218229562263174	0.395428298322522	-0.551881499601679	0.581029544373377	0.992437694366657
K8B78_09710	cds	0.257665765478218	-0.621612225862862	4.05728984179716	-0.153208730482888	0.878233673027429	0.992437694366657
K8B78_09715	cds	0	NA	NA	NA	NA	NA
K8B78_09720	cds	0	NA	NA	NA	NA	NA
K8B78_09725	cds	0	NA	NA	NA	NA	NA
K8B78_09730	cds	0.202850743770596	-1.45330564524076	4.0804728567969	-0.356161086286844	0.721719932270683	0.992437694366657
K8B78_09735	cds	10.1930076061342	-0.993851474291711	0.629573518198049	-1.5786106714531	0.114425385417401	0.992437694366657
K8B78_09740	cds	0.173783820840154	-1.45330564524076	4.0804728567969	-0.356161086286844	0.721719932270683	0.992437694366657
K8B78_09745	cds	0.0548150217076223	0.340161127315109	4.05729003464737	0.0838394900069482	0.933184050045524	0.992437694366657
K8B78_09750	cds	0.389910512495741	1.93565922078831	4.01031669137816	0.482669916056709	0.629330127263535	0.992437694366657
K8B78_09755	cds	1.08708525352915	-1.60493040965192	1.98301104519996	-0.80934012623721	0.418319531479775	0.992437694366657
K8B78_09760	cds	0	NA	NA	NA	NA	NA
K8B78_09765	cds	1.29285202462143	0.922335429258668	1.97064360488133	0.468037663925645	0.639757655675545	0.992437694366657
K8B78_09770	cds	3.19036548007838	-1.17658639007745	0.960261068616176	-1.22527761306935	0.220470640288188	0.992437694366657
K8B78_09775	cds	2.10800676289316	0.708344468721567	1.28035343563325	0.553241354307161	0.580098152907922	0.992437694366657
K8B78_09780	cds	3.22945436535899	-0.731246480742258	0.987459823862289	-0.74053289366458	0.458976709636897	0.992437694366657
K8B78_09785	cds	1.24606302726338	0.180029332413611	1.69542733673816	0.106185224522787	0.91543539378762	0.992437694366657
K8B78_09790	cds	2.23113740481231	-1.61827716024925	1.2581758681662	-1.28620902784274	0.198370121203916	0.992437694366657
K8B78_09795	cds	0.276667206386296	0.817556181396176	4.04635843433476	0.2020473951242	0.839879672222042	0.992437694366657
K8B78_09800	cds	2.84964675985583	-0.695431809532097	0.996034141279932	-0.698200775164641	0.48505164178228	0.992437694366657
K8B78_09805	cds	0.0548150217076223	0.340161127315109	4.05729003464737	0.0838394900069482	0.933184050045524	0.992437694366657
K8B78_09810	cds	0.612053075632382	-3.00456942952987	3.41977787407188	-0.878586136342352	0.379625715432181	0.992437694366657
K8B78_09815	cds	0.719349222833897	-1.6707179814418	2.6368285305302	-0.633608883587837	0.526336101824995	0.992437694366657
K8B78_09820	cds	0.50213265375917	2.17599531859403	3.31047997212823	0.657305084735232	0.510984767679095	0.992437694366657
K8B78_09825	cds	0.548451938382866	-1.06039650159031	3.16506619749021	-0.335031381786317	0.737601413610455	0.992437694366657
K8B78_09830	cds	1.91828618374671	3.17246894008622	1.60722098927022	1.97388471234856	0.0483948534621389	0.992437694366657
K8B78_09835	cds	0.50213265375917	2.17599531859403	3.31047997212823	0.657305084735232	0.510984767679095	0.992437694366657
K8B78_09840	cds	0.109630043415245	0.792644007599646	4.04685395018959	0.195866719519866	0.844714486663204	0.992437694366657
K8B78_09845	cds	1.49679670589414	-0.0767553494355736	1.58712785885639	-0.0483611632215189	0.961428410328004	0.992437694366657
K8B78_09850	cds	1.62551135560716	0.228313888588607	1.41569903783814	0.161272899455563	0.871878466942816	0.992437694366657
K8B78_09855	cds	0.912134484582129	-1.20643284622097	2.10651263517951	-0.572715694210952	0.566837209343295	0.992437694366657
K8B78_09860	cds	1.97825185013516	-1.25143074565618	1.27613753942689	-0.980639395827344	0.326770599623736	0.992437694366657
K8B78_09865	cds	0.483131212851093	0.595819566066513	3.40183517272604	0.175146512342353	0.86096451152002	0.992437694366657
K8B78_09870	cds	1.58144889650947	-1.32974570529082	1.46456162363361	-0.907947937343665	0.363905728866441	0.992437694366657
K8B78_09875	cds	1.36864508909012	-0.165702486504168	1.61316595774591	-0.102718809375141	0.918186144887213	0.992437694366657
K8B78_09880	cds	0	NA	NA	NA	NA	NA
K8B78_09885	cds	1.05199839903468	-0.503917490712848	1.98052971931358	-0.254435712728158	0.799158963772906	0.992437694366657
K8B78_09890	cds	1.35945211663368	0.155641692236654	1.64038888696616	0.0948809721117461	0.924409370381345	0.992437694366657
K8B78_09895	cds	0.0548150217076223	0.340161127315109	4.05729003464737	0.0838394900069482	0.933184050045524	0.992437694366657
K8B78_09900	cds	0.0548150217076223	0.340161127315109	4.05729003464737	0.0838394900069482	0.933184050045524	0.992437694366657
K8B78_09905	cds	0.431449586318372	-1.4854188598126	3.66414068303593	-0.405393511960314	0.685188279302752	0.992437694366657
K8B78_09910	cds	3.36246326365181	0.651025558603289	0.923291325037745	0.705113912530993	0.480739349176363	0.992437694366657
K8B78_09915	cds	0.0548150217076223	0.340161127315109	4.05729003464737	0.0838394900069482	0.933184050045524	0.992437694366657
K8B78_09920	cds	0.0548150217076223	0.340161127315109	4.05729003464737	0.0838394900069482	0.933184050045524	0.992437694366657
K8B78_09925	cds	0	NA	NA	NA	NA	NA
K8B78_09930	cds	0	NA	NA	NA	NA	NA
K8B78_09935	cds	0	NA	NA	NA	NA	NA
K8B78_09940	cds	0.45045102722645	-0.148966827542009	3.92778818040938	-0.037926390299001	0.96974637176627	0.992437694366657
K8B78_09945	cds	0.202850743770596	-1.45330564524076	4.0804728567969	-0.356161086286844	0.721719932270683	0.992437694366657
K8B78_09950	cds	0.907834141300362	0.189788106189278	2.23145602617249	0.0850512418632834	0.932220653138832	0.992437694366657
K8B78_09955	cds	0.53174087401633	0.853172489935112	3.46406116945171	0.246292558993741	0.805455769635997	0.992437694366657
K8B78_09960	cds	4.50256437271501	0.144841935854751	0.806712346462127	0.17954595152778	0.857509039393138	0.992437694366657
K8B78_09965	cds	0.946781117274809	-1.66727045206261	2.2347207989043	-0.746075506559963	0.455621804352218	0.992437694366657
K8B78_09970	cds	0.173783820840154	-1.45330564524076	4.0804728567969	-0.356161086286844	0.721719932270683	0.992437694366657
K8B78_09975	cds	0.883547429170985	0.478612959321068	2.19020898551633	0.218523877167017	0.82702095653263	0.992437694366657
K8B78_09980	cds	11.3338667717708	-0.296313206891827	0.531548875355097	-0.557452419956447	0.577218358824324	0.992437694366657
K8B78_09985	cds	0	NA	NA	NA	NA	NA
K8B78_09990	cds	1.69107893992471	-0.938646829541863	1.38881029786032	-0.675863961397749	0.499127020664214	0.992437694366657
K8B78_09995	cds	0.996016429220193	-0.81597532218512	2.06198826732272	-0.395722582478405	0.692309694191886	0.992437694366657
K8B78_10000	cds	1.51700474062659	1.55548857414071	1.63731851339051	0.950021978875478	0.342101084868824	0.992437694366657
K8B78_10005	cds	10.9329382122649	0.118038906626245	0.574831830269608	0.205345112101537	0.837302500579113	0.992437694366657
K8B78_10010	cds	1.16407475703726	0.10193038819911	1.82876519857659	0.0557372746804492	0.95555110474263	0.992437694366657
K8B78_10015	cds	1.05991200501065	-1.10981012741813	2.06741288859379	-0.536811071238409	0.591398123406137	0.992437694366657
K8B78_10020	cds	0	NA	NA	NA	NA	NA
K8B78_10025	cds	0.396115873038126	1.91510842034285	4.01102187252213	0.477461475207221	0.633033547538546	0.992437694366657
K8B78_10030	cds	2.88266221780265	0.855596443185309	1.05130708993426	0.813840647872749	0.415736245587661	0.992437694366657
K8B78_10035	cds	0.444725534203363	2.12238145495286	3.85289924043876	0.550853090752296	0.581734386433799	0.992437694366657
K8B78_10040	cds	0.0548150217076223	0.340161127315109	4.05729003464737	0.0838394900069482	0.933184050045524	0.992437694366657
K8B78_10045	cds	0.338228885963021	0.141893788368204	4.04118410858733	0.0351119336698088	0.971990485588248	0.992437694366657
K8B78_10050	cds	0.109630043415245	0.792644007599646	4.04685395018959	0.195866719519866	0.844714486663204	0.992437694366657
K8B78_10055	cds	0.341300851330504	1.73120307828156	4.01775235753443	0.430888448123253	0.666549483379186	0.992437694366657
K8B78_10060	cds	0.228598842547776	-0.621612225862862	4.05728984179716	-0.153208730482888	0.878233673027429	0.992437694366657
K8B78_10065	cds	0.658081981798111	-0.267795857272749	2.62208089872184	-0.102131043097598	0.918652661010559	0.992437694366657
K8B78_10070	cds	4.15322615418626	-0.122829035884216	0.87887171030747	-0.139757639759783	0.888851483304627	0.992437694366657
K8B78_10075	cds	16.3035571302484	-0.80792775824056	0.527502661040938	-1.53160887690358	0.125618980658256	0.992437694366657
K8B78_10080	cds	5.17309313381701	0.51303028026929	0.750272494643959	0.68379193417286	0.49410656056592	0.992437694366657
K8B78_10085	cds	0.204017691877461	-1.45330564524076	4.0804728567969	-0.356161086286844	0.721719932270682	0.992437694366657
K8B78_10090	cds	0.37663456461075	-2.3176833923885	4.0408595692135	-0.573561974300335	0.566264249893832	0.992437694366657
K8B78_10095	cds	0.341300851330504	1.73120307828156	4.01775235753443	0.430888448123253	0.666549483379186	0.992437694366657
K8B78_10100	cds	4.8462129703115	-0.417455372311019	0.75274370249936	-0.554578365684001	0.579183090182299	0.992437694366657
K8B78_10105	cds	0.204017691877461	-1.45330564524076	4.0804728567969	-0.356161086286844	0.721719932270682	0.992437694366657
K8B78_10110	cds	0.280280469080497	1.55333478645372	4.0250333516253	0.385918488309292	0.699557037630276	0.992437694366657
K8B78_10115	cds	0.173783820840154	-1.45330564524076	4.0804728567969	-0.356161086286844	0.721719932270683	0.992437694366657
K8B78_10120	cds	0.823952196662298	0.00275428859051505	2.38934005067909	0.00115274030991622	0.999080246507799	0.999423476131939
K8B78_10125	cds	0.373501169435848	-0.144213088051308	4.04635820912315	-0.0356402178448157	0.971569239476422	0.992437694366657
K8B78_10130	cds	21.8287637886734	-0.34156826890954	0.424265020808279	-0.805082323918218	0.420772175274993	0.992437694366657
K8B78_10135	cds	57.8375007472688	-0.111043978980661	0.437393510239796	-0.253876603975633	0.79959089006837	0.992437694366657
K8B78_10140	cds	1.00079664002126	-0.440109456089339	2.01123750369075	-0.218825203528529	0.826786213062522	0.992437694366657
K8B78_10145	cds	0	NA	NA	NA	NA	NA
K8B78_10150	cds	0.0548150217076223	0.340161127315109	4.05729003464737	0.0838394900069482	0.933184050045524	0.992437694366657
K8B78_10155	cds	0	NA	NA	NA	NA	NA
K8B78_10160	cds	0.933582240077542	0.449663592685931	2.06555067458189	0.217696713142586	0.827665424797865	0.992437694366657
K8B78_10165	cds	0.817746836119913	0.163299362498602	2.32460972140895	0.0702480769114336	0.943996208969301	0.992437694366657
K8B78_10170	cds	0.0548150217076223	0.340161127315109	4.05729003464737	0.0838394900069482	0.933184050045524	0.992437694366657
K8B78_10175	cds	0	NA	NA	NA	NA	NA
K8B78_10180	cds	0.170650425665252	0.817556315744581	4.04635843168295	0.202047428458913	0.839879646162178	0.992437694366657
K8B78_10185	cds	0.396115873038126	1.91510842034285	4.01102187252213	0.477461475207221	0.633033547538546	0.992437694366657
K8B78_10190	cds	0	NA	NA	NA	NA	NA
K8B78_10195	cds	0.109630043415245	0.792644007599646	4.04685395018959	0.195866719519866	0.844714486663204	0.992437694366657
K8B78_10200	cds	1.03471654640886	-1.25249995823076	1.8884027986716	-0.663258897472418	0.507164756034634	0.992437694366657
K8B78_10205	cds	0	NA	NA	NA	NA	NA
K8B78_10210	cds	0.344434246505406	-0.144213088051307	4.04635820912315	-0.0356402178448157	0.971569239476422	0.992437694366657
K8B78_10215	cds	0	NA	NA	NA	NA	NA
K8B78_10220	cds	0	NA	NA	NA	NA	NA
K8B78_10225	cds	0.40238266338793	-1.38685318104749	4.0268649229747	-0.344400223890052	0.730545320513992	0.992437694366657
K8B78_10230	cds	0.650168375822144	0.963574154396939	2.90396902552206	0.331812820979973	0.740030602520971	0.992437694366657
K8B78_10235	cds	0.276667206386296	0.817556181396176	4.04635843433476	0.2020473951242	0.839879672222042	0.992437694366657
K8B78_10240	cds	0	NA	NA	NA	NA	NA
K8B78_10245	cds	0	NA	NA	NA	NA	NA
K8B78_10250	cds	0.377801512717615	-2.32148134558044	4.04051306814427	-0.574551129133374	0.56559491198217	0.992437694366657
K8B78_10255	cds	0	NA	NA	NA	NA	NA
K8B78_10260	cds	0	NA	NA	NA	NA	NA
K8B78_10265	cds	0.276667206386296	0.817556181396176	4.04635843433476	0.2020473951242	0.839879672222042	0.992437694366657
K8B78_10270	cds	1.45124766724771	-0.250795788494166	1.48753592996154	-0.168598138332464	0.866112744995568	0.992437694366657
K8B78_10275	cds	0	NA	NA	NA	NA	NA
K8B78_10280	cds	0	NA	NA	NA	NA	NA
K8B78_10285	cds	0	NA	NA	NA	NA	NA
K8B78_10290	cds	0	NA	NA	NA	NA	NA
K8B78_10295	cds	0	NA	NA	NA	NA	NA
K8B78_10300	cds	0	NA	NA	NA	NA	NA
K8B78_10305	cds	0	NA	NA	NA	NA	NA
K8B78_10310	cds	0	NA	NA	NA	NA	NA
K8B78_10315	cds	0	NA	NA	NA	NA	NA
K8B78_10320	cds	0	NA	NA	NA	NA	NA
K8B78_10325	cds	0.634300330088968	-2.0962547567627	2.84400069036235	-0.737079552711225	0.461073972841135	0.992437694366657
K8B78_10330	cds	0	NA	NA	NA	NA	NA
K8B78_10335	cds	0	NA	NA	NA	NA	NA
K8B78_10340	cds	0	NA	NA	NA	NA	NA
K8B78_10345	cds	0	NA	NA	NA	NA	NA
K8B78_10350	cds	0	NA	NA	NA	NA	NA
K8B78_10355	cds	0	NA	NA	NA	NA	NA
K8B78_10360	cds	3.54246378788302	0.64142540664405	0.933618382746596	0.687031680714182	0.492062764610296	0.992437694366657
K8B78_10365	cds	0.225465447372874	1.29731318462424	4.03700179369559	0.321355612635643	0.747940916587146	0.992437694366657
K8B78_10370	cds	0.202850743770596	-1.45330564524076	4.0804728567969	-0.356161086286844	0.721719932270683	0.992437694366657
K8B78_10375	cds	0	NA	NA	NA	NA	NA
K8B78_10380	cds	1.01414536056234	0.851928627533414	2.03902090304502	0.417812601264247	0.676084136887191	0.992437694366657
K8B78_10385	cds	0	NA	NA	NA	NA	NA
K8B78_10390	cds	0.374668117542712	-0.144213088051307	4.04635820912315	-0.0356402178448157	0.971569239476422	0.992437694366657
K8B78_10395	cds	0.479517950156892	-0.156070171699375	3.76928642510534	-0.0414057606924932	0.966972420368893	0.992437694366657
K8B78_10400	cds	0	NA	NA	NA	NA	NA
K8B78_10405	cds	0	NA	NA	NA	NA	NA
K8B78_10410	cds	0.432616534425237	-1.4890705513369	3.65765672726976	-0.407110525226463	0.683926813346868	0.992437694366657
K8B78_10415	cds	0.225465447372874	1.29731318462424	4.03700179369559	0.321355612635643	0.747940916587146	0.992437694366657
K8B78_10420	cds	0	NA	NA	NA	NA	NA
K8B78_10425	cds	0.505266048934072	0.343064754632301	3.35176343394982	0.102353510739278	0.918476082858878	0.992437694366657
K8B78_10430	cds	0.347567641680308	-2.21854749209444	4.05022280311521	-0.547759370271693	0.583857140019594	0.992437694366657
K8B78_10435	cds	0	NA	NA	NA	NA	NA
K8B78_10440	cds	0.718182274727033	-1.68086899429521	2.85043565004452	-0.589688454910027	0.555399536753701	0.992437694366657
K8B78_10445	cds	0.202850743770596	-1.45330564524076	4.0804728567969	-0.356161086286844	0.721719932270683	0.992437694366657
K8B78_10450	cds	0	NA	NA	NA	NA	NA
K8B78_10455	cds	0	NA	NA	NA	NA	NA
K8B78_10460	cds	0	NA	NA	NA	NA	NA
K8B78_10465	cds	0	NA	NA	NA	NA	NA
K8B78_10470	cds	0.173783820840154	-1.45330564524076	4.0804728567969	-0.356161086286844	0.721719932270683	0.992437694366657
K8B78_10475	cds	0	NA	NA	NA	NA	NA
K8B78_10480	cds	0.173783820840154	-1.45330564524076	4.0804728567969	-0.356161086286844	0.721719932270683	0.992437694366657
K8B78_10485	cds	0.512012706803175	-0.615201972249655	3.55604602866796	-0.173001689879729	0.86265009932068	0.992437694366657
K8B78_10490	cds	0.547284990276002	-1.0566815691758	3.16920836800347	-0.333421298468136	0.738816288203991	0.992437694366657
K8B78_10495	cds	0.164445065122867	1.10366924633593	4.04118419481979	0.273105405032186	0.784772192000975	0.992437694366657
K8B78_10500	cds	0	NA	NA	NA	NA	NA
K8B78_10505	cds	0.0548150217076223	0.340161127315109	4.05729003464737	0.0838394900069482	0.933184050045524	0.992437694366657
K8B78_10510	cds	0.173783820840154	-1.45330564524076	4.0804728567969	-0.356161086286844	0.721719932270683	0.992437694366657
K8B78_10515	cds	0.408035383754921	-2.41924630985639	4.03189057975788	-0.600027769107182	0.548487728954896	0.992437694366657
K8B78_10520	cds	0	NA	NA	NA	NA	NA
K8B78_10525	cds	0	NA	NA	NA	NA	NA
K8B78_10530	cds	0	NA	NA	NA	NA	NA
K8B78_10535	cds	0	NA	NA	NA	NA	NA
K8B78_10540	cds	0	NA	NA	NA	NA	NA
K8B78_10545	cds	5.19936032175405	-0.699828771092526	0.720294748123427	-0.971586663537086	0.331256219897133	0.992437694366657
K8B78_10550	cds	0	NA	NA	NA	NA	NA
K8B78_10555	cds	0	NA	NA	NA	NA	NA
K8B78_10560	cds	0	NA	NA	NA	NA	NA
K8B78_10565	cds	0	NA	NA	NA	NA	NA
K8B78_10570	cds	0	NA	NA	NA	NA	NA
K8B78_10575	cds	0.202850743770596	-1.45330564524076	4.0804728567969	-0.356161086286844	0.721719932270683	0.992437694366657
K8B78_10580	cds	0	NA	NA	NA	NA	NA
K8B78_10585	cds	0	NA	NA	NA	NA	NA
K8B78_10590	cds	0	NA	NA	NA	NA	NA
K8B78_10595	cds	0	NA	NA	NA	NA	NA
K8B78_10600	cds	0	NA	NA	NA	NA	NA
K8B78_10605	cds	0	NA	NA	NA	NA	NA
K8B78_10610	cds	0	NA	NA	NA	NA	NA
K8B78_10615	cds	0	NA	NA	NA	NA	NA
K8B78_10620	cds	0	NA	NA	NA	NA	NA
K8B78_10625	cds	0	NA	NA	NA	NA	NA
K8B78_10630	cds	1.51423449656575	-0.953128579794755	1.47585015537829	-0.64581663410839	0.518398114079051	0.992437694366657
K8B78_10635	cds	0.170650425665252	0.817556315744581	4.04635843168295	0.202047428458913	0.839879646162178	0.992437694366657
K8B78_10640	cds	1.86158477039285	0.919540786198688	1.4002141876125	0.65671437579603	0.511364589083447	0.992437694366657
K8B78_10645	cds	0.0548150217076223	0.340161127315109	4.05729003464737	0.0838394900069482	0.933184050045524	0.992437694366657
K8B78_10650	cds	2.49500124806721	-0.0229268905873416	1.07690787913743	-0.0212895559884894	0.983014675066277	0.997671429380991
K8B78_10655	cds	0.202850743770596	-1.45330564524076	4.0804728567969	-0.356161086286844	0.721719932270683	0.992437694366657
K8B78_10660	cds	0.0548150217076223	0.340161127315109	4.05729003464737	0.0838394900069482	0.933184050045524	0.992437694366657
K8B78_10665	cds	1.26892458965144	0.214442549944662	1.85459454259397	0.11562772617929	0.907947587973322	0.992437694366657
K8B78_10670	cds	0.551585333557769	-2.87284072785476	3.34967115736194	-0.857648584859084	0.391086538614684	0.992437694366657
K8B78_10675	cds	2.06299902157345	0.241975670151391	1.35023088939273	0.179210586909488	0.857772351149042	0.992437694366657
K8B78_10680	cds	0.109630043415245	0.792644007599646	4.04685395018959	0.195866719519866	0.844714486663204	0.992437694366657
K8B78_10685	cds	0	NA	NA	NA	NA	NA
K8B78_10690	cds	0.631166934914066	-0.634084826357427	2.89791647169717	-0.218807143873983	0.82680028171098	0.992437694366657
K8B78_10695	cds	1.83831516302651	-0.804034449816125	1.40692628472906	-0.571482997043418	0.567672282756431	0.992437694366657
K8B78_10700	cds	0	NA	NA	NA	NA	NA
K8B78_10705	cds	59.9438682772541	-0.510942805411153	0.42429104244481	-1.20422717969026	0.2285017834909	0.992437694366657
K8B78_10710	cds	0.257665765478218	-0.621612225862862	4.05728984179716	-0.153208730482888	0.878233673027429	0.992437694366657
K8B78_10715	cds	0.0548150217076223	0.340161127315109	4.05729003464737	0.0838394900069482	0.933184050045524	0.992437694366657
K8B78_10720	cds	0.202850743770596	-1.45330564524076	4.0804728567969	-0.356161086286844	0.721719932270683	0.992437694366657
K8B78_10725	cds	0.976768129526337	-0.551884536805688	1.99095692537171	-0.277195618736278	0.781629903614343	0.992437694366657
K8B78_10730	cds	11.0556973449554	-0.698161499925533	0.540570395192278	-1.29152744237353	0.196520845592023	0.992437694366657
K8B78_10735	cds	0.170650425665252	0.817556315744581	4.04635843168295	0.202047428458913	0.839879646162178	0.992437694366657
K8B78_10740	cds	0.0548150217076223	0.340161127315109	4.05729003464737	0.0838394900069482	0.933184050045524	0.992437694366657
K8B78_10745	cds	0	NA	NA	NA	NA	NA
K8B78_10750	cds	0	NA	NA	NA	NA	NA
K8B78_10755	cds	0	NA	NA	NA	NA	NA
K8B78_10760	cds	0.741963926436175	-0.0996438488536195	2.43825842314117	-0.0408668121097886	0.967402075433196	0.992437694366657
K8B78_10765	cds	2.64654915729946	-0.0967651401460916	1.08080198079363	-0.0895308686194646	0.928660022471068	0.992437694366657
K8B78_10770	cds	5.75718050678677	-0.521937037107776	0.698146934149804	-0.747603422112546	0.454699399976154	0.992437694366657
K8B78_10775	cds	0.164445065122867	1.10366924633593	4.04118419481979	0.273105405032186	0.784772192000975	0.992437694366657
K8B78_10780	cds	5.09560466459064	-0.488503641327129	0.778273621663781	-0.627675958338167	0.530216237887075	0.992437694366657
K8B78_10785	cds	1.71854662698415	-0.707084651190144	1.41107302556409	-0.50109713556992	0.616302762673949	0.992437694366657
K8B78_10790	cds	0.338228885963021	0.141893788368204	4.04118410858733	0.0351119336698088	0.971990485588248	0.992437694366657
K8B78_10795	cds	1.75414283993048	1.03901088023237	1.40360222496317	0.740245962676238	0.45915076303212	0.992437694366657
K8B78_10800	cds	2.73667610819742	0.433073121976755	1.11656496633411	0.387862000899613	0.698118159933753	0.992437694366657
K8B78_10805	cds	25.1804460741316	0.254524586100294	0.433581033039255	0.587028875124365	0.557184314026502	0.992437694366657
K8B78_10810	cds	24.310916779745	-0.534492032828051	0.439632091647964	-1.21577119364627	0.224072095109217	0.992437694366657
K8B78_10815	cds	0.641370917431574	1.23594709227149	3.06359598260875	0.403430184426292	0.686631785187328	0.992437694366657
K8B78_10820	cds	23.3855515399852	-0.433839281390969	0.429771789831042	-1.0094643056063	0.312752011833921	0.992437694366657
K8B78_10825	cds	30.9699881552657	-0.652890538638566	0.40619495361667	-1.60733296370468	0.107981346887049	0.992437694366657
K8B78_10830	cds	0.578685809420173	-1.14063683284139	3.30321273620955	-0.345311345024141	0.729860318541693	0.992437694366657
K8B78_10835	cds	0.283413864255399	-0.169130501904008	4.04685382652495	-0.0417930839990929	0.966663648366882	0.992437694366657
K8B78_10840	cds	0.228598842547776	-0.621612225862862	4.05728984179716	-0.153208730482888	0.878233673027429	0.992437694366657
K8B78_10845	cds	0.202850743770596	-1.45330564524076	4.0804728567969	-0.356161086286844	0.721719932270683	0.992437694366657
K8B78_10850	cds	0	NA	NA	NA	NA	NA
K8B78_10855	cds	0.204017691877461	-1.45330564524076	4.0804728567969	-0.356161086286844	0.721719932270682	0.992437694366657
K8B78_10860	cds	0.69144924801032	-1.61886635225094	2.69747029477393	-0.600142420618061	0.548411323447962	0.992437694366657
K8B78_10865	cds	0.447317632051548	2.00245092637131	3.91561114899437	0.511401885982879	0.60906967457968	0.992437694366657
K8B78_10870	cds	0	NA	NA	NA	NA	NA
K8B78_10875	cds	0	NA	NA	NA	NA	NA
K8B78_10880	cds	0.675916474599324	1.17074669431201	2.63483840670627	0.444333394917953	0.656801560434904	0.992437694366657
K8B78_10885	cds	0	NA	NA	NA	NA	NA
K8B78_10890	cds	0	NA	NA	NA	NA	NA
K8B78_10895	cds	0	NA	NA	NA	NA	NA
K8B78_10900	cds	0	NA	NA	NA	NA	NA
K8B78_10905	cds	0	NA	NA	NA	NA	NA
K8B78_10910	cds	0.276667206386296	0.817556181396176	4.04635843433476	0.2020473951242	0.839879672222042	0.992437694366657
K8B78_10915	cds	0	NA	NA	NA	NA	NA
K8B78_10920	cds	0	NA	NA	NA	NA	NA
K8B78_10925	cds	0	NA	NA	NA	NA	NA
K8B78_10930	cds	0	NA	NA	NA	NA	NA
K8B78_10935	cds	0.37663456461075	-2.3176833923885	4.0408595692135	-0.573561974300335	0.566264249893832	0.992437694366657
K8B78_10940	cds	0	NA	NA	NA	NA	NA
K8B78_10945	cds	0	NA	NA	NA	NA	NA
K8B78_10950	cds	0	NA	NA	NA	NA	NA
K8B78_10980	cds	0	NA	NA	NA	NA	NA
K8B78_10985	cds	0.347567641680308	-2.21854749209444	4.05022280311521	-0.547759370271693	0.583857140019594	0.992437694366657
K8B78_10990	cds	1.4445010093786	0.280130801511196	1.60709952548062	0.174308309516437	0.861623169164442	0.992437694366657
K8B78_10995	cds	0.487431556132859	-1.02603504495632	3.3876775216461	-0.302872702138945	0.761986875387751	0.992437694366657
K8B78_11000	cds	1.34923679126749	-2.02191103905513	1.7827140579161	-1.13417574180048	0.256720837388588	0.992437694366657
K8B78_11005	cds	0.170650425665252	0.817556315744581	4.04635843168295	0.202047428458913	0.839879646162178	0.992437694366657
K8B78_11010	cds	3.78678083282015	0.143530332165649	0.87151463824635	0.164690672843384	0.86918745872619	0.992437694366657
K8B78_11015	cds	0.170650425665252	0.817556315744581	4.04635843168295	0.202047428458913	0.839879646162178	0.992437694366657
K8B78_11020	cds	0.431449586318372	-1.4854188598126	3.66414068303593	-0.405393511960314	0.685188279302752	0.992437694366657
K8B78_11025	cds	0	NA	NA	NA	NA	NA
K8B78_11030	cds	0.408035383754921	-2.41924630985639	4.03189057975788	-0.600027769107182	0.548487728954896	0.992437694366657
K8B78_11035	cds	0.447317632051548	2.00245092637131	3.91561114899437	0.511401885982879	0.60906967457968	0.992437694366657
K8B78_11040	cds	0.0548150217076223	0.340161127315109	4.05729003464737	0.0838394900069482	0.933184050045524	0.992437694366657
K8B78_11045	cds	1.04941764403517	0.696239025459919	1.9679893946622	0.353781899103895	0.72350233975631	0.992437694366657
K8B78_11050	cds	0.885513876239023	-0.566147554778701	2.16236193275903	-0.261819053601417	0.793460948688678	0.992437694366657
K8B78_11055	cds	1.7840092618221	0.407802961584207	1.3604316944332	0.299759968290146	0.764360252551543	0.992437694366657
K8B78_11060	cds	0	NA	NA	NA	NA	NA
K8B78_11065	cds	2.38719915122486	-1.78288519999788	1.19868159569054	-1.48737179782158	0.136916641216726	0.992437694366657
K8B78_11070	cds	2.28868911956524	-3.37427906938352	1.38660919458808	-2.43347518720726	0.0149546603684731	0.992437694366657
K8B78_11075	cds	3.37597950303602	1.21522503464561	1.03563360096924	1.17341213485956	0.240630573282232	0.992437694366657
K8B78_11080	cds	0.42831619114347	0.331643072676927	3.70211730494387	0.0895820000717011	0.928619388750356	0.992437694366657
K8B78_11085	cds	0.374668117542712	-0.144213088051307	4.04635820912315	-0.0356402178448157	0.971569239476422	0.992437694366657
K8B78_11090	cds	2.02844665917049	-0.142277594830575	1.31191540351885	-0.108450281511258	0.913638517421852	0.992437694366657
K8B78_11095	cds	1.88189775460491	-0.14079235865279	1.32715313033171	-0.106085993722217	0.915514123822395	0.992437694366657
K8B78_11100	cds	27.2476466861704	-0.444211072254843	0.430178887325658	-1.03261941797381	0.301782037352517	0.992437694366657
K8B78_11105	cds	0	NA	NA	NA	NA	NA
K8B78_11110	cds	0.204017691877461	-1.45330564524076	4.0804728567969	-0.356161086286844	0.721719932270682	0.992437694366657
K8B78_11115	cds	0.548451938382866	-1.06039650159031	3.16506619749021	-0.335031381786317	0.737601413610455	0.992437694366657
K8B78_11120	cds	0.55748897279351	1.03346700247982	3.35744048824241	0.307813945205871	0.758223909731979	0.992437694366657
K8B78_11125	cds	1.71628574137518	-0.574945235965165	1.38020187078198	-0.416566045979507	0.676995849098012	0.992437694366657
K8B78_11130	cds	0	NA	NA	NA	NA	NA
K8B78_11135	cds	0.173783820840154	-1.45330564524076	4.0804728567969	-0.356161086286844	0.721719932270683	0.992437694366657
K8B78_11140	cds	0	NA	NA	NA	NA	NA
K8B78_11145	cds	0	NA	NA	NA	NA	NA
K8B78_11150	cds	0	NA	NA	NA	NA	NA
K8B78_11155	cds	0	NA	NA	NA	NA	NA
K8B78_11160	cds	0.228598842547776	-0.621612225862862	4.05728984179716	-0.153208730482888	0.878233673027429	0.992437694366657
K8B78_11165	cds	1.22374276220204	-0.344517598119681	1.75893414617292	-0.195867252261423	0.844714069672832	0.992437694366657
K8B78_11170	cds	0.654948586623209	1.15301749144833	2.80433945525029	0.411154751358523	0.68095906498019	0.992437694366657
K8B78_11175	cds	0.225465447372874	1.29731318462424	4.03700179369559	0.321355612635643	0.747940916587146	0.992437694366657
K8B78_11180	cds	3.77091278708698	-0.363080423272826	0.8564228586273	-0.423949944370684	0.671602318909533	0.992437694366657
K8B78_11185	cds	5.32747976173456	-0.123838573878253	0.807727154985731	-0.153317333847022	0.878148031846535	0.992437694366657
K8B78_11190	cds	0.862899172636745	-1.98040918475469	2.33857211844017	-0.846845461441499	0.397081264838009	0.992437694366657
K8B78_11195	cds	2.51816453176191	-1.09279347757603	1.07100975035033	-1.0203394294203	0.307567509490262	0.992437694366657
K8B78_11200	cds	0.373501169435848	-0.144213088051308	4.04635820912315	-0.0356402178448157	0.971569239476422	0.992437694366657
K8B78_11205	cds	0.926835582208439	1.63339030140662	2.38481305968482	0.684913349821427	0.493398601349381	0.992437694366657
K8B78_11210	cds	0.457197685095553	-0.933339981317861	3.84134722279938	-0.242972042667283	0.80802705528149	0.992437694366657
K8B78_11215	cds	4.02717859572481	-1.05798984797865	0.881248718160228	-1.20055760215732	0.22992285576375	0.992437694366657
K8B78_11220	cds	3.01121663143825	-0.293230000536753	1.0115310957714	-0.289887282519115	0.771902471169074	0.992437694366657
K8B78_11225	cds	1.40649812756245	-1.12429123362285	1.63543263111132	-0.687457992603992	0.491794163578707	0.992437694366657
K8B78_11230	cds	0.853313558133679	0.548304672384061	2.3613969676865	0.23219504381817	0.816386527037469	0.992437694366657
K8B78_11235	cds	1.51477579389247	-1.11940680742565	1.55019166013805	-0.722108650310998	0.470227680267543	0.992437694366657
K8B78_11240	cds	1.74261597126031	1.59286926160565	1.54486882011827	1.03107088502421	0.302507579904883	0.992437694366657
K8B78_11245	cds	0	NA	NA	NA	NA	NA
K8B78_11250	cds	0.331482228093918	1.32566323268583	4.03558372832831	0.328493551844845	0.742538518933187	0.992437694366657
K8B78_11255	cds	0.495927293216785	2.2105937545481	3.5858262479282	0.616481000947919	0.537577107448416	0.992437694366657
K8B78_11260	cds	0.675916474599324	1.17074669431201	2.63483840670627	0.444333394917953	0.656801560434904	0.992437694366657
K8B78_11265	cds	0.689115351796591	-1.61457133641346	2.70276069225674	-0.597378577037589	0.550254653392173	0.992437694366657
K8B78_11270	cds	4.05303594201323	-0.551950892733222	0.847711660112437	-0.651106878322299	0.514977496693188	0.992437694366657
K8B78_11275	cds	0.785546518014569	1.51958244445162	2.37882614648021	0.638795082482192	0.522956247744175	0.992437694366657
K8B78_11280	cds	5.46830341122571	0.426445619839683	0.738047577902518	0.577802343111284	0.563397573173439	0.992437694366657
K8B78_11285	cds	1.35372662361059	1.27909628630734	1.67527049047402	0.763516276076361	0.445155559358333	0.992437694366657
K8B78_11290	cds	1.87996056052078	1.11154167791531	1.39194012191115	0.798555670907125	0.424548100394398	0.992437694366657
K8B78_11295	cds	8.17076952103384	0.662734853699323	0.641360328457431	1.03332685901122	0.301450961939597	0.992437694366657
K8B78_11300	cds	0.0548150217076223	0.340161127315109	4.05729003464737	0.0838394900069482	0.933184050045524	0.992437694366657
K8B78_11305	cds	2.32420622720484	0.994010863786001	1.28254756031162	0.775028462526944	0.438322841187245	0.992437694366657
K8B78_11310	cds	0.109630043415245	0.792644007599646	4.04685395018959	0.195866719519866	0.844714486663204	0.992437694366657
K8B78_11315	cds	0.283413864255399	-0.169130501904008	4.04685382652495	-0.0417930839990929	0.966663648366882	0.992437694366657
K8B78_11320	cds	0.447317632051548	2.00245092637131	3.91561114899437	0.511401885982879	0.60906967457968	0.992437694366657
K8B78_11325	cds	0.888585841606506	0.396536687776697	2.39969419159755	0.165244675411207	0.868751402676266	0.992437694366657
K8B78_11330	cds	0	NA	NA	NA	NA	NA
K8B78_11335	cds	0.0548150217076223	0.340161127315109	4.05729003464737	0.0838394900069482	0.933184050045524	0.992437694366657
K8B78_11340	cds	1.21699610433294	0.221793769752603	1.71465423958597	0.129351891846229	0.897079212530337	0.992437694366657
K8B78_11345	cds	4.57928528185507	0.537580831430817	0.828606858706722	0.64877670970509	0.516482713554543	0.992437694366657
K8B78_11350	cds	3.36601079850696	-0.352334760233163	0.917294872504477	-0.384101961969097	0.700902877378846	0.992437694366657
K8B78_11355	cds	2.37574935324242	0.33300756816898	1.20514707263408	0.276321102818702	0.782301448944169	0.992437694366657
K8B78_11360	cds	1.66431373638449	0.865060136426669	1.45456158149618	0.594722249942045	0.552029146461812	0.992437694366657
K8B78_11365	cds	1.22713865704303	3.55046107200234	1.90936730795511	1.85949610491908	0.0629568508502802	0.992437694366657
K8B78_11370	cds	0.0548150217076223	0.340161127315109	4.05729003464737	0.0838394900069482	0.933184050045524	0.992437694366657
K8B78_11375	cds	0.280280469080497	1.55333478645372	4.0250333516253	0.385918488309292	0.699557037630276	0.992437694366657
K8B78_11380	cds	0.170650425665252	0.817556315744581	4.04635843168295	0.202047428458913	0.839879646162178	0.992437694366657
K8B78_11385	cds	1.16218108262532	0.0578446535260263	1.76923626438344	0.0326947026185813	0.973918048332482	0.992617729069987
K8B78_11390	cds	0.0548150217076223	0.340161127315109	4.05729003464737	0.0838394900069482	0.933184050045524	0.992437694366657
K8B78_11395	cds	3.65178804990865	0.379381678248479	0.89055344149568	0.426006638760847	0.670103008526475	0.992437694366657
K8B78_11400	cds	0	NA	NA	NA	NA	NA
K8B78_11405	cds	0.515084672170658	0.762243962045843	3.58484492157845	0.212629549874703	0.831615920985883	0.992437694366657
K8B78_11410	cds	14.5666775081743	0.673151680650273	0.570071798610563	1.18081912189122	0.237674586073811	0.992437694366657
K8B78_11415	cds	9.37379365348021	0.04558641015026	0.628404256365165	0.0725431275942374	0.942169684999947	0.992437694366657
K8B78_11420	cds	34.6971041922397	0.391959509161487	0.520778334057302	0.752641735511137	0.451665230840495	0.992437694366657
K8B78_11425	cds	0	NA	NA	NA	NA	NA
K8B78_11430	cds	0.740796978329311	-0.108590140469811	2.59261417066173	-0.0418844198641769	0.966590836645978	0.992437694366657
K8B78_11435	cds	0	NA	NA	NA	NA	NA
K8B78_11440	cds	8.83740521240464	1.05064938457657	0.627825896064483	1.67347252026803	0.0942343118450478	0.992437694366657
K8B78_11445	cds	0.274075108538111	1.59303086754682	4.02333872711413	0.395947489285713	0.692143766502984	0.992437694366657
K8B78_11450	cds	0.931615793009505	1.74440325063813	2.18015293500025	0.800128845382092	0.423636150176625	0.992437694366657
K8B78_11455	cds	0	NA	NA	NA	NA	NA
K8B78_11460	cds	0.45045102722645	-0.148966827542009	3.92778818040938	-0.037926390299001	0.96974637176627	0.992437694366657
K8B78_11465	cds	0.51821806734556	-0.936603090842503	3.54924303221	-0.263888125536253	0.791866125873169	0.992437694366657
K8B78_11470	cds	3.65700824456285	-0.0129104411428724	0.957666922193491	-0.0134811392600902	0.989243932926599	0.997671429380991
K8B78_11475	cds	0.608149434480214	2.41191322185295	3.17923622059899	0.758645490456361	0.448064652560805	0.992437694366657
K8B78_11480	cds	0.331482228093918	1.32566323268583	4.03558372832831	0.328493551844845	0.742538518933187	0.992437694366657
K8B78_11485	cds	4.43509427834042	-0.47280689051553	0.846999721821265	-0.558213749467208	0.576698433072346	0.992437694366657
K8B78_11535	cds	0	NA	NA	NA	NA	NA
K8B78_11540	cds	1.77668047284504	-0.738252198133402	1.31383273080164	-0.561907296740091	0.574179181961052	0.992437694366657
K8B78_11545	cds	0.685981956621688	-0.345687205413023	2.72775104936098	-0.1267297488508	0.899154299488516	0.992437694366657
K8B78_11550	cds	1.20911467518049	-1.65710897144241	1.93521670600798	-0.856291166926076	0.391836745892182	0.992437694366657
K8B78_11555	cds	0.0548150217076223	0.340161127315109	4.05729003464737	0.0838394900069482	0.933184050045524	0.992437694366657
K8B78_11560	cds	0.709283740811532	-0.568959665473251	2.56994200837486	-0.221390079472276	0.824788716231777	0.992437694366657
K8B78_11565	cds	2.42243608701181	-0.107951694260495	1.14886235627567	-0.0939639928759165	0.92513775966709	0.992437694366657
K8B78_11570	cds	0.69144924801032	-1.61886635225094	2.69747029477393	-0.600142420618061	0.548411323447962	0.992437694366657
K8B78_11575	cds	12.2159811171628	-0.226128946475696	0.55183072154473	-0.409779553125815	0.681967666593554	0.992437694366657
K8B78_11580	cds	0.636634226302697	-2.10085130600563	2.83786474555884	-0.740292964734626	0.459122248877877	0.992437694366657
K8B78_11585	cds	0	NA	NA	NA	NA	NA
K8B78_11590	cds	0.37663456461075	-2.3176833923885	4.0408595692135	-0.573561974300335	0.566264249893832	0.992437694366657
K8B78_11595	cds	0.0548150217076223	0.340161127315109	4.05729003464737	0.0838394900069482	0.933184050045524	0.992437694366657
K8B78_11600	cds	0	NA	NA	NA	NA	NA
K8B78_11605	cds	0.534332971864514	0.338506679124567	3.24026729437887	0.104468751609412	0.916797365165031	0.992437694366657
K8B78_11610	cds	0.38629724980154	1.75186365202327	4.01695725902211	0.436117075452713	0.662751788838491	0.992437694366657
K8B78_11615	cds	0	NA	NA	NA	NA	NA
K8B78_11620	cds	1.44074196342356	0.541377366788313	1.56304260066189	0.346361235809605	0.729071253572689	0.992437694366657
K8B78_11625	cds	41.761533647246	0.371300496269529	0.448111331360602	0.828589839810896	0.407336539168964	0.992437694366657
K8B78_11630	cds	3.43243704233818	-0.121453185938883	0.946086791882922	-0.128374253800926	0.897852805044237	0.992437694366657
K8B78_11635	cds	7.12749419559295	-0.730919834949945	0.652582742445446	-1.1200416244704	0.262696024718137	0.992437694366657
K8B78_11640	cds	0.109630043415245	0.792644007599646	4.04685395018959	0.195866719519866	0.844714486663204	0.992437694366657
K8B78_11645	cds	0.578685809420173	-1.14063683284139	3.30321273620955	-0.345311345024141	0.729860318541693	0.992437694366657
K8B78_11650	cds	3.79833289439126	-0.760088532716091	0.875702217752679	-0.867976028046054	0.385407455974314	0.992437694366657
K8B78_11655	cds	0.658081981798111	-0.267795857272749	2.62208089872184	-0.102131043097598	0.918652661010559	0.992437694366657
K8B78_11660	cds	0.276667206386296	0.817556181396176	4.04635843433476	0.2020473951242	0.839879672222042	0.992437694366657
K8B78_11665	cds	0	NA	NA	NA	NA	NA
K8B78_11670	cds	0	NA	NA	NA	NA	NA
K8B78_11675	cds	0.280280469080497	1.55333478645372	4.0250333516253	0.385918488309292	0.699557037630276	0.992437694366657
K8B78_11680	cds	0	NA	NA	NA	NA	NA
K8B78_11685	cds	0	NA	NA	NA	NA	NA
K8B78_11690	cds	0	NA	NA	NA	NA	NA
K8B78_11695	cds	0.225465447372874	1.29731318462424	4.03700179369559	0.321355612635643	0.747940916587146	0.992437694366657
K8B78_11700	cds	1.35850253638003	-3.2633236504704	1.83621949396645	-1.77719693162675	0.0755358441287562	0.992437694366657
K8B78_11705	cds	0	NA	NA	NA	NA	NA
K8B78_11710	cds	0.0548150217076223	0.340161127315109	4.05729003464737	0.0838394900069482	0.933184050045524	0.992437694366657
K8B78_11715	cds	0.480684898263756	-0.156356473922449	3.763311307306	-0.0415475790214067	0.966859363002837	0.992437694366657
K8B78_11720	cds	0	NA	NA	NA	NA	NA
K8B78_11725	cds	0.502673951085888	0.845539806119488	3.59494619683401	0.235202353477261	0.814051679421072	0.992437694366657
K8B78_11730	cds	0	NA	NA	NA	NA	NA
K8B78_11735	cds	0	NA	NA	NA	NA	NA
K8B78_11740	cds	0	NA	NA	NA	NA	NA
K8B78_11745	cds	0.170650425665252	0.817556315744581	4.04635843168295	0.202047428458913	0.839879646162178	0.992437694366657
K8B78_11750	cds	0.257665765478218	-0.621612225862862	4.05728984179716	-0.153208730482888	0.878233673027429	0.992437694366657
K8B78_11755	cds	1.4210137962104	-0.219034999343213	1.50008938761322	-0.146014631629198	0.883909837853046	0.992437694366657
K8B78_11760	cds	0	NA	NA	NA	NA	NA
K8B78_11765	cds	0	NA	NA	NA	NA	NA
K8B78_11770	cds	0.0548150217076223	0.340161127315109	4.05729003464737	0.0838394900069482	0.933184050045524	0.992437694366657
K8B78_11775	cds	0	NA	NA	NA	NA	NA
K8B78_11780	cds	0	NA	NA	NA	NA	NA
K8B78_11785	cds	0.228598842547776	-0.621612225862862	4.05728984179716	-0.153208730482888	0.878233673027429	0.992437694366657
K8B78_11790	cds	22.1947869084773	1.31145880245408	0.56100119537049	2.33771124424785	0.0194022324800921	0.992437694366657
K8B78_11795	cds	1.13384088599995	0.144849698471004	1.85369041880874	0.0781412564909789	0.937715689571907	0.992437694366657
K8B78_11800	cds	0.0548150217076223	0.340161127315109	4.05729003464737	0.0838394900069482	0.933184050045524	0.992437694366657
K8B78_11805	cds	0.164445065122867	1.10366924633593	4.04118419481979	0.273105405032186	0.784772192000975	0.992437694366657
K8B78_11810	cds	0	NA	NA	NA	NA	NA
K8B78_11815	cds	0.377801512717615	-2.32148134558044	4.04051306814427	-0.574551129133374	0.56559491198217	0.992437694366657
K8B78_11820	cds	0.408035383754921	-2.41924630985639	4.03189057975788	-0.600027769107182	0.548487728954896	0.992437694366657
K8B78_11825	cds	0.910967536475264	-1.19607888866377	2.20722910390286	-0.541891590025179	0.58789319064867	0.992437694366657
K8B78_11830	cds	1.62317745939343	0.222008936694255	1.47941446610961	0.150065408835745	0.880713010645186	0.992437694366657
K8B78_11835	cds	2.71851159122073	0.855732451783515	1.07183132090998	0.79838350968975	0.424647969776351	0.992437694366657
K8B78_11840	cds	0.484298160957957	0.595865118436837	3.3966468817501	0.175427455128871	0.860743769007014	0.992437694366657
K8B78_11845	cds	0.225465447372874	1.29731318462424	4.03700179369559	0.321355612635643	0.747940916587146	0.992437694366657
K8B78_11850	cds	0.257665765478218	-0.621612225862862	4.05728984179716	-0.153208730482888	0.878233673027429	0.992437694366657
K8B78_11855	cds	2.69563438795236	-1.66369574495797	1.10041568780664	-1.51187934104617	0.130564560490556	0.992437694366657
K8B78_11860	cds	10.0425636581129	-0.375424828529365	0.569469344056086	-0.659253799081396	0.509732804964764	0.992437694366657
K8B78_11865	cds	4.44613202631379	0.443073370021739	0.834785886571177	0.530762890400114	0.59558309880681	0.992437694366657
K8B78_11870	cds	0.173783820840154	-1.45330564524076	4.0804728567969	-0.356161086286844	0.721719932270683	0.992437694366657
K8B78_11875	cds	2.27553513623219	2.13278588835506	1.45046858015317	1.47041164320142	0.141450299862434	0.992437694366657
K8B78_11880	cds	0.69144924801032	-1.61886635225094	2.69747029477393	-0.600142420618061	0.548411323447962	0.992437694366657
K8B78_11885	cds	2.41415503189015	-0.217145292790024	1.26772108062555	-0.171287908758979	0.863997387375617	0.992437694366657
K8B78_11890	cds	0.164445065122867	1.10366924633593	4.04118419481979	0.273105405032186	0.784772192000975	0.992437694366657
K8B78_11895	cds	0.399249268213028	0.33381611792935	3.87626950170267	0.0861178815824648	0.931372708984207	0.992437694366657
K8B78_11900	cds	2.1747627929512	-0.534705063412848	1.17475925070036	-0.455161398468728	0.648993129105752	0.992437694366657
K8B78_11905	cds	1.71135974731326	-0.235107738358056	1.36851611867772	-0.171797566100442	0.863596679047282	0.992437694366657
K8B78_11910	cds	2.25189807972016	-0.169391623193451	1.16349651549584	-0.145588423289143	0.884246307480593	0.992437694366657
K8B78_11915	cds	0.537946234558715	0.817334707713907	3.16762347687053	0.258027733940587	0.796385503177417	0.992437694366657
K8B78_11920	cds	0.202850743770596	-1.45330564524076	4.0804728567969	-0.356161086286844	0.721719932270683	0.992437694366657
K8B78_11925	cds	3.11158337768325	-2.00643371530624	1.04183309851369	-1.92586866185063	0.05412077533902	0.992437694366657
K8B78_11930	cds	0.933582240077542	0.449663592685931	2.06555067458189	0.217696713142586	0.827665424797865	0.992437694366657
K8B78_11935	cds	0.40238266338793	-1.38685318104749	4.0268649229747	-0.344400223890052	0.730545320513992	0.992437694366657
K8B78_11940	cds	0.483131212851093	0.595819566066513	3.40183517272604	0.175146512342353	0.86096451152002	0.992437694366657
K8B78_11945	cds	3.61276806332945	0.758440702298313	0.921105892072028	0.823402291556513	0.410279260359822	0.992437694366657
K8B78_11950	cds	0.820818801487396	1.46960316424124	2.52820837502437	0.581282452332307	0.561050105185185	0.992437694366657
K8B78_11955	cds	1.54330141949619	-0.977688344504929	1.48033912577065	-0.660448898150926	0.508965801685407	0.992437694366657
K8B78_11960	cds	1.88128344667344	-0.0766637183717349	1.2885075818678	-0.0594980731588744	0.952555400156717	0.992437694366657
K8B78_11965	cds	3.61189149368056	-0.192551987364761	0.871099832500478	-0.221044684180507	0.825057640446968	0.992437694366657
K8B78_11970	cds	1.77183883223655	0.129983787073001	1.54104981140856	0.0843475571722058	0.932780101935073	0.992437694366657
K8B78_11975	cds	3.63461520684541	0.106505478473226	0.938866334074081	0.113440512890755	0.909681322349335	0.992437694366657
K8B78_11980	cds	0.769617042473974	1.4486858022428	2.58830775984537	0.559703843846355	0.57568146006504	0.992437694366657
K8B78_11985	cds	0	NA	NA	NA	NA	NA
K8B78_11990	cds	1.57382972907444	-0.480406636077928	1.42031759409508	-0.338238882680325	0.735183176622325	0.992437694366657
K8B78_11995	cds	0.225465447372874	1.29731318462424	4.03700179369559	0.321355612635643	0.747940916587146	0.992437694366657
K8B78_12000	cds	0.280280469080497	1.55333478645372	4.0250333516253	0.385918488309292	0.699557037630276	0.992437694366657
K8B78_12005	cds	0	NA	NA	NA	NA	NA
K8B78_12010	cds	0.164445065122867	1.10366924633593	4.04118419481979	0.273105405032186	0.784772192000975	0.992437694366657
K8B78_12015	cds	0.228598842547776	-0.621612225862862	4.05728984179716	-0.153208730482888	0.878233673027429	0.992437694366657
K8B78_12020	cds	0.821360098814113	0.386460263568523	2.28720149992223	0.168966426255694	0.865823049619138	0.992437694366657
K8B78_12025	cds	0.788679913189471	0.246524372345821	2.51291145202626	0.098103087614583	0.921850435793668	0.992437694366657
K8B78_12030	cds	0.109630043415245	0.792644007599646	4.04685395018959	0.195866719519866	0.844714486663204	0.992437694366657
K8B78_12035	cds	0.632333883020931	-0.640889001224937	2.7115700402933	-0.236353474814029	0.813158395202117	0.992437694366657
K8B78_12040	cds	0	NA	NA	NA	NA	NA
K8B78_12045	cds	0.173783820840154	-1.45330564524076	4.0804728567969	-0.356161086286844	0.721719932270683	0.992437694366657
K8B78_12050	cds	0.405701487541192	-2.41201521938008	4.03250914990581	-0.598142528563492	0.549744835222615	0.992437694366657
K8B78_12055	cds	0	NA	NA	NA	NA	NA
K8B78_12060	cds	0.338228885963021	0.141893788368204	4.04118410858733	0.0351119336698088	0.971990485588248	0.992437694366657
K8B78_12065	cds	0.225465447372874	1.29731318462424	4.03700179369559	0.321355612635643	0.747940916587146	0.992437694366657
K8B78_12070	cds	0.202850743770596	-1.45330564524076	4.0804728567969	-0.356161086286844	0.721719932270683	0.992437694366657
K8B78_12075	cds	0.399249268213028	0.33381611792935	3.87626950170267	0.0861178815824648	0.931372708984207	0.992437694366657
K8B78_12080	cds	0	NA	NA	NA	NA	NA
K8B78_12085	cds	0.367295808893463	0.141893788368204	4.04118410858733	0.0351119336698089	0.971990485588248	0.992437694366657
K8B78_12090	cds	2.41984398916362	0.110146006389008	1.11116650090286	0.0991264642153178	0.921037860158754	0.992437694366657
K8B78_12095	cds	0	NA	NA	NA	NA	NA
K8B78_12100	cds	0.460516509248814	-1.57871239235442	3.82169390868905	-0.413092317196058	0.67953897806719	0.992437694366657
K8B78_12105	cds	0.257665765478218	-0.621612225862862	4.05728984179716	-0.153208730482888	0.878233673027429	0.992437694366657
K8B78_12110	cds	1.7711007630828	-0.41291809930712	1.33637098677813	-0.308984633303533	0.757333216112027	0.992437694366657
K8B78_12115	cds	0.109630043415245	0.792644007599646	4.04685395018959	0.195866719519866	0.844714486663204	0.992437694366657
K8B78_12120	cds	0.225465447372874	1.29731318462424	4.03700179369559	0.321355612635643	0.747940916587146	0.992437694366657
K8B78_12125	cds	0	NA	NA	NA	NA	NA
K8B78_12130	cds	0.204017691877461	-1.45330564524076	4.0804728567969	-0.356161086286844	0.721719932270682	0.992437694366657
K8B78_12135	cds	0	NA	NA	NA	NA	NA
K8B78_12140	cds	1.61011302260834	0.662803786574442	1.54672640140105	0.428520380834039	0.668272298494075	0.992437694366657
K8B78_12145	cds	0.109630043415245	0.792644007599646	4.04685395018959	0.195866719519866	0.844714486663204	0.992437694366657
K8B78_12150	cds	0	NA	NA	NA	NA	NA
K8B78_12155	cds	0	NA	NA	NA	NA	NA
K8B78_12160	cds	0.0548150217076223	0.340161127315109	4.05729003464737	0.0838394900069482	0.933184050045524	0.992437694366657
K8B78_12165	cds	0	NA	NA	NA	NA	NA
K8B78_12170	cds	0	NA	NA	NA	NA	NA
K8B78_12175	cds	0	NA	NA	NA	NA	NA
K8B78_12180	cds	0.331482228093918	1.32566323268583	4.03558372832831	0.328493551844845	0.742538518933187	0.992437694366657
K8B78_12185	cds	0	NA	NA	NA	NA	NA
K8B78_12190	cds	0.782413122839666	2.84945345147517	2.46314206062984	1.15683682927591	0.247339031715139	0.992437694366657
K8B78_12195	cds	2.04488549316294	2.13673087334761	1.41975521661646	1.50499948747491	0.132324208506082	0.992437694366657
K8B78_12200	cds	2.04204247644601	0.673635936730635	1.27188118844933	0.529637471525095	0.596363308773997	0.992437694366657
K8B78_12205	cds	0.109630043415245	0.792644007599646	4.04685395018959	0.195866719519866	0.844714486663204	0.992437694366657
K8B78_12210	cds	2.47633507948131	1.20128152017666	1.14982982208769	1.0447472287643	0.296139810411657	0.992437694366657
K8B78_12215	cds	64.39230364181	-0.12420568492751	0.374588426853733	-0.33157907725753	0.740207120521284	0.992437694366657
K8B78_12220	cds	1.36736572260964	-0.390552946957553	1.59337508220692	-0.245110489877007	0.806370880887059	0.992437694366657
K8B78_12225	cds	0.204017691877461	-1.45330564524076	4.0804728567969	-0.356161086286844	0.721719932270682	0.992437694366657
K8B78_12230	cds	0.204017691877461	-1.45330564524076	4.0804728567969	-0.356161086286844	0.721719932270682	0.992437694366657
K8B78_12235	cds	2.05539119698709	1.37582187046874	1.3063481562139	1.05318162231437	0.292257759582274	0.992437694366657
K8B78_12240	cds	7.11649477419724	-0.228622329736666	0.68320309870888	-0.334633039821859	0.737901918246116	0.992437694366657
K8B78_12245	cds	0.898789824124014	1.90174165992521	2.30082331595056	0.826548325871567	0.408493116375135	0.992437694366657
K8B78_12250	cds	0.204017691877461	-1.45330564524076	4.0804728567969	-0.356161086286844	0.721719932270682	0.992437694366657
K8B78_12255	cds	0	NA	NA	NA	NA	NA
K8B78_12260	cds	1.45658051822417	0.0456778986879985	1.57775323462336	0.0289512312100584	0.976903486128412	0.993884426071339
K8B78_12265	cds	6.66563301610157	0.178573781367574	0.651067829213902	0.274278306122395	0.783870754690182	0.992437694366657
K8B78_12270	cds	0.508879311628273	0.81403390214362	3.27904371296558	0.248253446248633	0.803938316167969	0.992437694366657
K8B78_12275	cds	0.109630043415245	0.792644007599646	4.04685395018959	0.195866719519866	0.844714486663204	0.992437694366657
K8B78_12280	cds	2.64727588360453	-0.0115634292284108	1.02533971221667	-0.0112776566543122	0.991001922611448	0.997671429380991
K8B78_12285	cds	0.283413864255399	-0.169130501904008	4.04685382652495	-0.0417930839990929	0.966663648366882	0.992437694366657
K8B78_12290	cds	0	NA	NA	NA	NA	NA
K8B78_12295	cds	1.3746945115867	1.30742942574441	1.68564351978314	0.77562628776493	0.437969674255661	0.992437694366657
K8B78_12300	cds	1.32465970068015	1.32533284488144	1.6949217162854	0.781943397236097	0.43424783928258	0.992437694366657
K8B78_12305	cds	0.258832713585083	-0.621612225862862	4.05728984179716	-0.153208730482888	0.878233673027429	0.992437694366657
K8B78_12310	cds	0.645129963386623	1.04783929546128	2.84824553166322	0.367889384469391	0.71295571597633	0.992437694366657
K8B78_12315	cds	1.01013539573855	-1.64589776719194	1.9548459451309	-0.841957787666859	0.399811582028689	0.992437694366657
K8B78_12320	cds	0	NA	NA	NA	NA	NA
K8B78_12325	cds	0	NA	NA	NA	NA	NA
K8B78_12330	cds	2.66652418329839	-0.0763009575569751	1.04892138232184	-0.0727423035157115	0.942011184360867	0.992437694366657
K8B78_12335	cds	0.602100011983624	-0.556088763372083	2.78765645897851	-0.199482530058906	0.841885307726389	0.992437694366657
K8B78_12340	cds	0.202850743770596	-1.45330564524076	4.0804728567969	-0.356161086286844	0.721719932270683	0.992437694366657
K8B78_12345	cds	3.48078850186896	0.131414858808915	0.93464287619142	0.140604355049939	0.888182507588258	0.992437694366657
K8B78_12350	cds	0.173783820840154	-1.45330564524076	4.0804728567969	-0.356161086286844	0.721719932270683	0.992437694366657
K8B78_12355	cds	0.505266048934072	0.343064754632301	3.35176343394982	0.102353510739278	0.918476082858878	0.992437694366657
K8B78_12360	cds	0.173783820840154	-1.45330564524076	4.0804728567969	-0.356161086286844	0.721719932270683	0.992437694366657
K8B78_12365	cds	0	NA	NA	NA	NA	NA
K8B78_12370	cds	1.24777127269697	-0.285291309221968	1.75003753131595	-0.163020109064428	0.870502601721329	0.992437694366657
K8B78_12375	cds	1.60132690706644	1.61976839357919	1.56194509139757	1.03702006075635	0.299726508065801	0.992437694366657
K8B78_12380	cds	0.170650425665252	0.817556315744581	4.04635843168295	0.202047428458913	0.839879646162178	0.992437694366657
K8B78_12385	cds	0	NA	NA	NA	NA	NA
K8B78_12390	cds	1.43881879807905	-1.44717061145362	1.79201189450803	-0.807567525577678	0.419339587528058	0.992437694366657
K8B78_12395	cds	3.02882509942852	-0.721620229391871	1.02031759856417	-0.707250595704087	0.479410761379125	0.992437694366657
K8B78_12400	cds	2.69785199183781	-0.211620424711505	1.03024082299024	-0.205408696674709	0.837252826180025	0.992437694366657
K8B78_12405	cds	0.0548150217076223	0.340161127315109	4.05729003464737	0.0838394900069482	0.933184050045524	0.992437694366657
K8B78_12410	cds	0.173783820840154	-1.45330564524076	4.0804728567969	-0.356161086286844	0.721719932270683	0.992437694366657
K8B78_12415	cds	0.0548150217076223	0.340161127315109	4.05729003464737	0.0838394900069482	0.933184050045524	0.992437694366657
K8B78_12420	cds	0.516498479063301	-1.11084790399349	3.2658211795953	-0.340143517634711	0.7337484511195	0.992437694366657
K8B78_12425	cds	0.202850743770596	-1.45330564524076	4.0804728567969	-0.356161086286844	0.721719932270683	0.992437694366657
K8B78_12430	cds	0	NA	NA	NA	NA	NA
K8B78_12435	cds	3.06687896981086	0.594728038302616	1.0212256179589	0.582366940119741	0.560319544942477	0.992437694366657
K8B78_12440	cds	0	NA	NA	NA	NA	NA
K8B78_12445	cds	1.39242674079926	0.676182726638422	1.63023436947714	0.414776390007831	0.678305604839584	0.992437694366657
K8B78_12450	cds	3.23249074509194	0.247131661097627	0.971305470074547	0.254432481553573	0.799161459764324	0.992437694366657
K8B78_12455	cds	0.257665765478218	-0.621612225862862	4.05728984179716	-0.153208730482888	0.878233673027429	0.992437694366657
K8B78_12460	cds	0.796778948143798	0.115495712783717	2.33471188705837	0.0494689359419147	0.960545592405927	0.992437694366657
K8B78_12465	cds	0	NA	NA	NA	NA	NA
K8B78_12470	cds	1.38260811756267	0.615273496787929	1.59361740043598	0.386086081025223	0.699432917921838	0.992437694366657
K8B78_12475	cds	0.399249268213028	0.33381611792935	3.87626950170267	0.0861178815824648	0.931372708984207	0.992437694366657
K8B78_12480	cds	0.258832713585083	-0.621612225862862	4.05728984179716	-0.153208730482888	0.878233673027429	0.992437694366657
K8B78_12485	cds	0.173783820840154	-1.45330564524076	4.0804728567969	-0.356161086286844	0.721719932270683	0.992437694366657
K8B78_12490	cds	0.173783820840154	-1.45330564524076	4.0804728567969	-0.356161086286844	0.721719932270683	0.992437694366657
K8B78_12495	cds	1.4365465696214	-1.56830906755207	1.62607014941955	-0.964478111914116	0.33480627695594	0.992437694366657
K8B78_12500	cds	0.204017691877461	-1.45330564524076	4.0804728567969	-0.356161086286844	0.721719932270682	0.992437694366657
K8B78_12505	cds	0.109630043415245	0.792644007599646	4.04685395018959	0.195866719519866	0.844714486663204	0.992437694366657
K8B78_12510	cds	0.0548150217076223	0.340161127315109	4.05729003464737	0.0838394900069482	0.933184050045524	0.992437694366657
K8B78_12515	cds	0.164445065122867	1.10366924633593	4.04118419481979	0.273105405032186	0.784772192000975	0.992437694366657
K8B78_12520	cds	0.228598842547776	-0.621612225862862	4.05728984179716	-0.153208730482888	0.878233673027429	0.992437694366657
K8B78_12525	cds	0	NA	NA	NA	NA	NA
K8B78_12530	cds	0	NA	NA	NA	NA	NA
K8B78_12535	cds	0.202850743770596	-1.45330564524076	4.0804728567969	-0.356161086286844	0.721719932270683	0.992437694366657
K8B78_12540	cds	0.483131212851093	0.595819566066513	3.40183517272604	0.175146512342353	0.86096451152002	0.992437694366657
K8B78_12545	cds	0	NA	NA	NA	NA	NA
K8B78_12550	cds	0	NA	NA	NA	NA	NA
K8B78_12555	cds	0	NA	NA	NA	NA	NA
K8B78_12560	cds	0	NA	NA	NA	NA	NA
K8B78_12565	cds	0	NA	NA	NA	NA	NA
K8B78_12570	cds	19.1208999125096	0.648203632215907	0.562717692967073	1.15191621005924	0.249355506413479	0.992437694366657
K8B78_12575	cds	6.23345527746574	-0.225603872386476	0.71832916776918	-0.31406753687464	0.753469744765501	0.992437694366657
K8B78_12580	cds	1.35168310585483	-1.36553459622939	1.69113664112874	-0.807465560747335	0.419398308393153	0.992437694366657
K8B78_12585	cds	8.14022617333961	0.764868154105497	0.610585206166965	1.2526804553734	0.210322021608797	0.992437694366657
K8B78_12590	cds	0.429483139250335	0.331554728002685	3.69560610998923	0.0897159270049078	0.928512959062952	0.992437694366657
K8B78_12595	cds	0.274075108538111	1.59303086754682	4.02333872711413	0.395947489285713	0.692143766502984	0.992437694366657
K8B78_12600	cds	0.399249268213028	0.33381611792935	3.87626950170267	0.0861178815824648	0.931372708984207	0.992437694366657
K8B78_12605	cds	0.280280469080497	1.55333478645372	4.0250333516253	0.385918488309292	0.699557037630276	0.992437694366657
K8B78_12610	cds	0	NA	NA	NA	NA	NA
K8B78_12615	cds	0	NA	NA	NA	NA	NA
K8B78_12620	cds	0.0548150217076223	0.340161127315109	4.05729003464737	0.0838394900069482	0.933184050045524	0.992437694366657
K8B78_12625	cds	0.517665427170166	-1.12343650339685	3.533911058094	-0.317901748212864	0.750559466460599	0.992437694366657
K8B78_12630	cds	0	NA	NA	NA	NA	NA
K8B78_12635	cds	1.1109793236119	0.102065545940049	1.86130072179404	0.0548356021920368	0.956269436613307	0.992437694366657
K8B78_12640	cds	1.21163376242392	-2.49534403255034	1.8488627742665	-1.3496642732397	0.177123697230476	0.992437694366657
K8B78_12645	cds	3.03065710608439	-0.548283812095375	0.963153009115797	-0.569259304498998	0.569180179818382	0.992437694366657
K8B78_12650	cds	0.808084150929122	-2.47742303495274	2.43695409390706	-1.01660636166551	0.309340726647175	0.992437694366657
K8B78_12655	cds	1.05757810879692	-1.07803835826087	1.94886697355678	-0.553161592293491	0.580152764167676	0.992437694366657
K8B78_12660	cds	2.39380551192847	1.59423430650565	1.22928754294862	1.29687664668077	0.194673632977059	0.992437694366657
K8B78_12665	cds	0.614896092349317	1.04974299367885	2.92947490804879	0.358338277892281	0.720090175799815	0.992437694366657
K8B78_12670	cds	1.94371035305038	0.912302886023831	1.36619336328118	0.667769958882512	0.504280445410353	0.992437694366657
K8B78_12675	cds	0.170650425665252	0.817556315744581	4.04635843168295	0.202047428458913	0.839879646162178	0.992437694366657
K8B78_12680	cds	1.08766738463711	1.89986147141611	2.19628006706836	0.865036067076858	0.387018993161064	0.992437694366657
K8B78_12685	cds	0.721683119047626	-1.68729272102955	2.84205468901005	-0.593687632948848	0.55272105615409	0.992437694366657
K8B78_12690	cds	1.89841951603841	0.693640625716454	1.30968483631927	0.529624079382224	0.596372595837869	0.992437694366657
K8B78_12695	cds	0	NA	NA	NA	NA	NA
K8B78_12700	cds	0	NA	NA	NA	NA	NA
K8B78_12705	cds	1.60045033741755	-0.764214207806395	1.42657739600024	-0.535697684506329	0.592167504171719	0.992437694366657
K8B78_12710	cds	1.50715662645744	-0.343485116698794	1.55823990262735	-0.220431472791605	0.825535136408581	0.992437694366657
K8B78_12715	cds	0.335095490788119	1.76073601628981	4.01661893054575	0.438362724155806	0.661123363420876	0.992437694366657
K8B78_12720	cds	1.05757810879692	-1.07803835826087	1.94886697355678	-0.553161592293491	0.580152764167676	0.992437694366657
K8B78_12725	cds	0.173783820840154	-1.45330564524076	4.0804728567969	-0.356161086286844	0.721719932270683	0.992437694366657
K8B78_12730	cds	1.2434709294152	0.413025208165002	1.76179794451537	0.2344339255536	0.814648123575472	0.992437694366657
K8B78_12735	cds	4.39441297481086	-0.534146932217144	0.860574687819798	-0.620686315525228	0.534806034968146	0.992437694366657
K8B78_12740	cds	1.75303732163104	-0.031760664580978	1.37672228893591	-0.0230697685627841	0.98159462045773	0.997671429380991
K8B78_12745	cds	0.202850743770596	-1.45330564524076	4.0804728567969	-0.356161086286844	0.721719932270683	0.992437694366657
K8B78_12750	cds	2.22283115678972	-0.151683466635898	1.14969213891116	-0.131933986066524	0.895036506593553	0.992437694366657
K8B78_12755	cds	0.170650425665252	0.817556315744581	4.04635843168295	0.202047428458913	0.839879646162178	0.992437694366657
K8B78_12760	cds	0.0548150217076223	0.340161127315109	4.05729003464737	0.0838394900069482	0.933184050045524	0.992437694366657
K8B78_12765	cds	0.788679913189471	0.246524372345821	2.51291145202626	0.098103087614583	0.921850435793668	0.992437694366657
K8B78_12770	cds	0	NA	NA	NA	NA	NA
K8B78_12775	cds	0.0548150217076223	0.340161127315109	4.05729003464737	0.0838394900069482	0.933184050045524	0.992437694366657
K8B78_12780	cds	0.202850743770596	-1.45330564524076	4.0804728567969	-0.356161086286844	0.721719932270683	0.992437694366657
K8B78_12785	cds	0	NA	NA	NA	NA	NA
K8B78_12790	cds	0	NA	NA	NA	NA	NA
K8B78_12795	cds	0	NA	NA	NA	NA	NA
K8B78_12800	cds	0	NA	NA	NA	NA	NA
K8B78_12805	cds	0	NA	NA	NA	NA	NA
K8B78_12810	cds	0.731272793633664	0.301356558161419	2.80826832808707	0.107310457176539	0.914542688821654	0.992437694366657
K8B78_12815	cds	1.93971173107526	0.185413352707377	1.27853568162082	0.145020084595782	0.88469501420676	0.992437694366657
K8B78_12820	cds	1.4262990674317	-1.21550017661744	1.6743709038618	-0.725944397274214	0.467872857790711	0.992437694366657
K8B78_12825	cds	0.399249268213028	0.33381611792935	3.87626950170267	0.0861178815824648	0.931372708984207	0.992437694366657
K8B78_12830	cds	0.45045102722645	-0.148966827542009	3.92778818040938	-0.037926390299001	0.96974637176627	0.992437694366657
K8B78_12835	cds	0.335095490788119	1.76073601628981	4.01661893054575	0.438362724155806	0.661123363420876	0.992437694366657
K8B78_12840	cds	3.28244144049372	0.344818718462988	0.94585790575583	0.364556574898473	0.715442435233802	0.992437694366657
K8B78_12845	cds	0	NA	NA	NA	NA	NA
K8B78_12850	cds	0	NA	NA	NA	NA	NA
K8B78_12855	cds	8.65258071975152	1.08380977992078	0.645471201058031	1.67909858432761	0.0931328320936696	0.992437694366657
K8B78_12860	cds	7.02961585759509	-0.703515537649298	0.669801269207941	-1.05033473358631	0.293564241250117	0.992437694366657
K8B78_12865	cds	0.978734576594374	-1.59261023880694	2.07232756467334	-0.768512790137973	0.442182594966804	0.992437694366657
K8B78_12870	cds	2.97011777941741	0.460543559896897	1.04358245412734	0.441310179253648	0.658988457837174	0.992437694366657
K8B78_12875	cds	0	NA	NA	NA	NA	NA
K8B78_12880	cds	0	NA	NA	NA	NA	NA
K8B78_12885	cds	0	NA	NA	NA	NA	NA
K8B78_12890	cds	0	NA	NA	NA	NA	NA
K8B78_12895	cds	0	NA	NA	NA	NA	NA
K8B78_12900	cds	0	NA	NA	NA	NA	NA
K8B78_12905	cds	0	NA	NA	NA	NA	NA
K8B78_12910	cds	0	NA	NA	NA	NA	NA
K8B78_12915	cds	0	NA	NA	NA	NA	NA
K8B78_12920	cds	2.75885422600393	-0.910298398304507	1.81972475320194	-0.500239608601668	0.616906371798337	0.992437694366657
K8B78_12925	cds	0	NA	NA	NA	NA	NA
K8B78_12930	cds	0.777050780930643	-1.13165997041057	2.37821138097463	-0.475844989837193	0.634184815233779	0.992437694366657
K8B78_12935	cds	2.75581604960064	1.9385142429299	1.17372755278932	1.65158791605692	0.0986185850674742	0.992437694366657
K8B78_12940	cds	0.828979266249142	-1.02637462782413	2.40856240214497	-0.42613578411341	0.670008906569581	0.992437694366657
K8B78_12945	cds	0	NA	NA	NA	NA	NA
K8B78_12950	cds	1.83851599493652	2.93670935916507	1.66180445419443	1.76718106137744	0.0771979103422354	0.992437694366657
K8B78_12955	cds	0.377801512717615	-2.32148134558044	4.04051306814427	-0.574551129133374	0.56559491198217	0.992437694366657
K8B78_12960	cds	1.13876688006187	-0.180290980597024	1.81296516790146	-0.0994453637549553	0.920784666175487	0.992437694366657
K8B78_12965	cds	0.486264608025995	-1.02260575117989	3.39286183756534	-0.301399172774361	0.763110125034241	0.992437694366657
K8B78_12970	cds	0.511951276995756	2.25840676957787	3.88798278913759	0.580868509986079	0.561329077065414	0.992437694366657
K8B78_12975	cds	0.535499919971378	0.338325529750236	3.23604015044886	0.104549237345929	0.916733496583111	0.992437694366657
K8B78_12980	cds	1.05546706653176	3.16952639051479	2.17472563285686	1.45743736250126	0.144995689903799	0.992437694366657
K8B78_12985	cds	0	NA	NA	NA	NA	NA
K8B78_12990	cds	0	NA	NA	NA	NA	NA
K8B78_12995	cds	1.15660137286308	0.816237893731393	1.8962615004158	0.430445850191238	0.666871348732047	0.992437694366657
K8B78_13000	cds	0	NA	NA	NA	NA	NA
K8B78_13005	cds	0.0548150217076223	0.340161127315109	4.05729003464737	0.0838394900069482	0.933184050045524	0.992437694366657
K8B78_13010	cds	0.347567641680308	-2.21854749209444	4.05022280311521	-0.547759370271693	0.583857140019594	0.992437694366657
K8B78_13015	cds	0	NA	NA	NA	NA	NA
K8B78_13020	cds	0.164445065122867	1.10366924633593	4.04118419481979	0.273105405032186	0.784772192000975	0.992437694366657
K8B78_13025	cds	0.204017691877461	-1.45330564524076	4.0804728567969	-0.356161086286844	0.721719932270682	0.992437694366657
K8B78_13030	cds	0	NA	NA	NA	NA	NA
K8B78_13035	cds	0.40238266338793	-1.38685318104749	4.0268649229747	-0.344400223890052	0.730545320513992	0.992437694366657
K8B78_13040	cds	0	NA	NA	NA	NA	NA
K8B78_13045	cds	0.429483139250335	0.331554728002685	3.69560610998923	0.0897159270049078	0.928512959062952	0.992437694366657
K8B78_13050	cds	0.173783820840154	-1.45330564524076	4.0804728567969	-0.356161086286844	0.721719932270683	0.992437694366657
K8B78_13055	cds	0.598966616808722	0.951788958022656	2.9961957832813	0.31766580920166	0.750738449083934	0.992437694366657
K8B78_13060	cds	2.33023655150247	0.601214101737568	1.22128895604476	0.492278341470187	0.622522589026709	0.992437694366657
K8B78_13065	cds	0	NA	NA	NA	NA	NA
K8B78_13070	cds	0.109630043415245	0.792644007599646	4.04685395018959	0.195866719519866	0.844714486663204	0.992437694366657
K8B78_13075	cds	0.825599012288461	1.6006275633427	2.45147994769425	0.652922967959897	0.513805941047655	0.992437694366657
K8B78_13080	cds	0.228598842547776	-0.621612225862862	4.05728984179716	-0.153208730482888	0.878233673027429	0.992437694366657
K8B78_13085	cds	0.109630043415245	0.792644007599646	4.04685395018959	0.195866719519866	0.844714486663204	0.992437694366657
K8B78_13090	cds	0	NA	NA	NA	NA	NA
K8B78_13095	cds	0	NA	NA	NA	NA	NA
K8B78_13100	cds	0	NA	NA	NA	NA	NA
K8B78_13105	cds	0	NA	NA	NA	NA	NA
K8B78_13110	cds	0	NA	NA	NA	NA	NA
K8B78_13115	cds	0	NA	NA	NA	NA	NA
K8B78_13120	cds	0	NA	NA	NA	NA	NA
K8B78_13125	cds	0	NA	NA	NA	NA	NA
K8B78_13130	cds	0.480684898263756	-0.156356473922449	3.763311307306	-0.0415475790214067	0.966859363002837	0.992437694366657
K8B78_13135	cds	0.730731496306946	1.35514859175676	2.49031049129281	0.544168526974822	0.58632550759177	0.992437694366657
K8B78_13140	cds	0	NA	NA	NA	NA	NA
K8B78_13145	cds	3.73821397584796	0.208672468803833	0.933912287824332	0.223439044034813	0.823193819583939	0.992437694366657
K8B78_13150	cds	0.0548150217076223	0.340161127315109	4.05729003464737	0.0838394900069482	0.933184050045524	0.992437694366657
K8B78_13155	cds	0	NA	NA	NA	NA	NA
K8B78_13160	cds	0	NA	NA	NA	NA	NA
K8B78_13165	cds	0	NA	NA	NA	NA	NA
K8B78_13170	cds	0.202850743770596	-1.45330564524076	4.0804728567969	-0.356161086286844	0.721719932270683	0.992437694366657
K8B78_13175	cds	0.373501169435848	-0.144213088051308	4.04635820912315	-0.0356402178448157	0.971569239476422	0.992437694366657
K8B78_13180	cds	1.09690387676573	-1.19944100568511	2.06019885667395	-0.582196714554793	0.560434186112959	0.992437694366657
K8B78_13185	cds	606.044858291007	0.381547197602145	0.462078051037099	0.825720236539673	0.408962810061134	0.992437694366657
K8B78_13190	cds	16.2083154025513	0.05929942647636	0.512445805622223	0.115718434663266	0.90787569565592	0.992437694366657
K8B78_13195	cds	0	NA	NA	NA	NA	NA
K8B78_13200	cds	0.38629724980154	1.75186365202327	4.01695725902211	0.436117075452713	0.662751788838491	0.992437694366657
K8B78_13205	cds	0.0548150217076223	0.340161127315109	4.05729003464737	0.0838394900069482	0.933184050045524	0.992437694366657
K8B78_13210	cds	0	NA	NA	NA	NA	NA
K8B78_13215	cds	0.0548150217076223	0.340161127315109	4.05729003464737	0.0838394900069482	0.933184050045524	0.992437694366657
K8B78_13220	cds	0	NA	NA	NA	NA	NA
K8B78_13225	cds	0.0548150217076223	0.340161127315109	4.05729003464737	0.0838394900069482	0.933184050045524	0.992437694366657
K8B78_13230	cds	0.257665765478218	-0.621612225862862	4.05728984179716	-0.153208730482888	0.878233673027429	0.992437694366657
K8B78_13235	cds	0	NA	NA	NA	NA	NA
K8B78_13240	cds	0.408035383754921	-2.41924630985639	4.03189057975788	-0.600027769107182	0.548487728954896	0.992437694366657
K8B78_13245	cds	2.93921742381871	-0.774335057771233	1.07218901784494	-0.72220013904602	0.470171437862389	0.992437694366657
K8B78_13250	cds	0	NA	NA	NA	NA	NA
K8B78_13255	cds	0.486264608025995	-1.02260575117989	3.39286183756534	-0.301399172774361	0.763110125034241	0.992437694366657
K8B78_13260	cds	0.76293181441229	-0.137930302724512	2.4309801239663	-0.0567385563397654	0.954753459953604	0.992437694366657
K8B78_13265	cds	0.276667206386296	0.817556181396176	4.04635843433476	0.2020473951242	0.839879672222042	0.992437694366657
K8B78_13270	cds	2.85617604987172	0.433007482914626	1.0224824038035	0.423486488670999	0.67194035439587	0.992437694366657
K8B78_13275	cds	0.461683457355679	-1.57883315294753	3.50643818060891	-0.450266929466687	0.652517981597643	0.992437694366657
K8B78_13280	cds	0.95258368098562	1.75163746546498	2.20576909124375	0.794116425159128	0.427127656370114	0.992437694366657
K8B78_13285	cds	1.21786861389887	-0.280087245190223	1.88178457593049	-0.148841290747496	0.881678868205432	0.992437694366657
K8B78_13290	cds	0.873041725346834	1.78254770520936	2.34100609973292	0.761445134813074	0.446391237534317	0.992437694366657
K8B78_13295	cds	0.399249268213028	0.33381611792935	3.87626950170267	0.0861178815824648	0.931372708984207	0.992437694366657
K8B78_13300	cds	0	NA	NA	NA	NA	NA
K8B78_13305	cds	0	NA	NA	NA	NA	NA
K8B78_13310	cds	0.0548150217076223	0.340161127315109	4.05729003464737	0.0838394900069482	0.933184050045524	0.992437694366657
K8B78_13315	cds	0	NA	NA	NA	NA	NA
K8B78_13320	cds	0	NA	NA	NA	NA	NA
K8B78_13325	cds	1.90851836294801	-0.338164263700259	1.42912385669296	-0.23662348236407	0.81294890118816	0.992437694366657
K8B78_13330	cds	0.170650425665252	0.817556315744581	4.04635843168295	0.202047428458913	0.839879646162178	0.992437694366657
K8B78_13335	cds	0	NA	NA	NA	NA	NA
K8B78_13340	cds	0	NA	NA	NA	NA	NA
K8B78_13345	cds	0	NA	NA	NA	NA	NA
K8B78_13350	cds	0.806117703861085	-1.19727678790991	2.21687859846687	-0.540073231226064	0.589146530539964	0.992437694366657
K8B78_13355	cds	1.69187843888589	-1.53574571988808	1.48378652250201	-1.0350179736762	0.300660517382374	0.992437694366657
K8B78_13360	cds	0.0548150217076223	0.340161127315109	4.05729003464737	0.0838394900069482	0.933184050045524	0.992437694366657
K8B78_13365	cds	18.5464796480307	-0.0262683461759627	0.4808893183101	-0.0546245158205482	0.956437607113875	0.992437694366657
K8B78_13370	cds	0	NA	NA	NA	NA	NA
K8B78_13375	cds	0	NA	NA	NA	NA	NA
K8B78_13380	cds	1.83266244265952	-0.596544331402482	1.30028596708342	-0.458779335087765	0.646392635887453	0.992437694366657
K8B78_13385	cds	0.276667206386296	0.817556181396176	4.04635843433476	0.2020473951242	0.839879672222042	0.992437694366657
K8B78_13390	cds	0	NA	NA	NA	NA	NA
K8B78_13395	cds	1.48534571984797	1.71164405930731	1.67895655422791	1.01946894039461	0.307980391362189	0.992437694366657
K8B78_13400	cds	0.795365141251154	1.60042360684887	2.50163234002226	0.639751725801014	0.522334021354808	0.992437694366657
K8B78_13405	cds	0	NA	NA	NA	NA	NA
K8B78_13410	cds	0.429483139250335	0.331554728002685	3.69560610998923	0.0897159270049078	0.928512959062952	0.992437694366657
K8B78_13415	cds	0	NA	NA	NA	NA	NA
K8B78_13420	cds	0.656915033691247	-0.26482744294962	2.62473051635003	-0.100897003063724	0.919632222177377	0.992437694366657
K8B78_13425	cds	1.56000520109703	0.345886814382394	1.50887790172294	0.229234462236764	0.818686688639441	0.992437694366657
K8B78_13430	cds	0.257665765478218	-0.621612225862862	4.05728984179716	-0.153208730482888	0.878233673027429	0.992437694366657
K8B78_13435	cds	0	NA	NA	NA	NA	NA
K8B78_13440	cds	0.405701487541192	-2.41201521938008	4.03250914990581	-0.598142528563492	0.549744835222615	0.992437694366657
K8B78_13445	cds	3.26673052087007	-0.284327836028296	0.930870677884733	-0.305442896401452	0.760028855113318	0.992437694366657
K8B78_13450	cds	4.07890374192972	-1.39791245836001	0.856514244816446	-1.63209481549205	0.102659513774287	0.992437694366657
K8B78_13455	cds	0	NA	NA	NA	NA	NA
K8B78_13460	cds	0.257665765478218	-0.621612225862862	4.05728984179716	-0.153208730482888	0.878233673027429	0.992437694366657
K8B78_13465	cds	42.2396236580787	-0.283612618182518	0.430924210915136	-0.658149649053651	0.510441975303842	0.992437694366657
K8B78_13470	cds	0.170650425665252	0.817556315744581	4.04635843168295	0.202047428458913	0.839879646162178	0.992437694366657
K8B78_13475	cds	0.505266048934072	0.343064754632301	3.35176343394982	0.102353510739278	0.918476082858878	0.992437694366657
K8B78_13480	cds	2.97270868920186	-0.326232962979333	0.973417788858495	-0.33514177233385	0.737518143334864	0.992437694366657
K8B78_13485	cds	0.173783820840154	-1.45330564524076	4.0804728567969	-0.356161086286844	0.721719932270683	0.992437694366657
K8B78_13490	cds	5.30594538353079	0.542624439658936	0.762980581774175	0.711190366597744	0.476966277389952	0.992437694366657
K8B78_13495	cds	0	NA	NA	NA	NA	NA
K8B78_13500	cds	0	NA	NA	NA	NA	NA
K8B78_13505	cds	0	NA	NA	NA	NA	NA
K8B78_13510	cds	0.347567641680308	-2.21854749209444	4.05022280311521	-0.547759370271693	0.583857140019594	0.992437694366657
K8B78_13515	cds	0	NA	NA	NA	NA	NA
K8B78_13520	cds	0.368462757000327	0.141893788368203	4.04118410858733	0.0351119336698087	0.971990485588248	0.992437694366657
K8B78_13525	cds	5.93395718768768	0.416479772665037	0.750862143847141	0.554668757877642	0.579121249408964	0.992437694366657
K8B78_13530	cds	0.204017691877461	-1.45330564524076	4.0804728567969	-0.356161086286844	0.721719932270682	0.992437694366657
K8B78_13535	cds	3.50776838737145	-0.18121161428532	0.939920308725122	-0.192794657805734	0.847119787454817	0.992437694366657
K8B78_13540	cds	2.16283312744946	1.2984110324582	1.34637301105681	0.964376901345517	0.334856998544192	0.992437694366657
K8B78_13545	cds	1.43396581462189	-0.801193912593674	1.53238396126955	-0.522841489367913	0.601084564646131	0.992437694366657
K8B78_13550	cds	0.820818801487396	1.46960316424124	2.52820837502437	0.581282452332307	0.561050105185185	0.992437694366657
K8B78_13555	cds	0.377801512717615	-2.32148134558044	4.04051306814427	-0.574551129133374	0.56559491198217	0.992437694366657
K8B78_13560	cds	0.682663132468427	0.0453570254573186	2.72396177841043	0.0166511240417576	0.986714939112418	0.997671429380991
K8B78_13565	cds	0.202850743770596	-1.45330564524076	4.0804728567969	-0.356161086286844	0.721719932270683	0.992437694366657
K8B78_13570	cds	0.679049869774226	-0.467814793853386	2.79846952764056	-0.167168085709981	0.867237794948671	0.992437694366657
K8B78_13575	cds	0.542246577840481	-0.698040786330588	3.16464758880005	-0.220574571652468	0.825423702286688	0.992437694366657
K8B78_13580	cds	0.377801512717615	-2.32148134558044	4.04051306814427	-0.574551129133374	0.56559491198217	0.992437694366657
K8B78_13585	cds	0.708116792704668	-0.565897229257103	2.57223833329655	-0.220001864497469	0.825869702619223	0.992437694366657
K8B78_13590	cds	5.83979323972931	-0.691982482992839	0.695736900718849	-0.994603681762272	0.319929056144234	0.992437694366657
K8B78_13595	cds	5.56053918364153	0.284218336849763	0.717316061749862	0.396224693695587	0.691939275961083	0.992437694366657
K8B78_13600	cds	0	NA	NA	NA	NA	NA
K8B78_13605	cds	0.460516509248814	-1.57871239235442	3.82169390868905	-0.413092317196058	0.67953897806719	0.992437694366657
K8B78_13610	cds	0	NA	NA	NA	NA	NA
K8B78_13615	cds	0	NA	NA	NA	NA	NA
K8B78_13620	cds	0.257665765478218	-0.621612225862862	4.05728984179716	-0.153208730482888	0.878233673027429	0.992437694366657
K8B78_13625	cds	0	NA	NA	NA	NA	NA
K8B78_13630	cds	0	NA	NA	NA	NA	NA
K8B78_13635	cds	0	NA	NA	NA	NA	NA
K8B78_13640	cds	0	NA	NA	NA	NA	NA
K8B78_13645	cds	0	NA	NA	NA	NA	NA
K8B78_13650	cds	0	NA	NA	NA	NA	NA
K8B78_13655	cds	0.936715635252444	-0.711342286235461	2.12682840116888	-0.334461532413483	0.73803131381865	0.992437694366657
K8B78_13660	cds	0	NA	NA	NA	NA	NA
K8B78_13665	cds	0	NA	NA	NA	NA	NA
K8B78_13670	cds	0.331482228093918	1.32566323268583	4.03558372832831	0.328493551844845	0.742538518933187	0.992437694366657
K8B78_13675	cds	0.0548150217076223	0.340161127315109	4.05729003464737	0.0838394900069482	0.933184050045524	0.992437694366657
K8B78_13680	cds	0	NA	NA	NA	NA	NA
K8B78_13685	cds	0	NA	NA	NA	NA	NA
K8B78_13690	cds	1.00480660484506	2.03793096423115	2.07933451824859	0.980088074499762	0.32704264528679	0.992437694366657
K8B78_13695	cds	1.47514173733046	0.743263881512318	1.5799889688515	0.470423462546451	0.638052504587583	0.992437694366657
K8B78_13700	cds	0.335095490788119	1.76073601628981	4.01661893054575	0.438362724155806	0.661123363420876	0.992437694366657
K8B78_13705	cds	0.396115873038126	1.91510842034285	4.01102187252213	0.477461475207221	0.633033547538546	0.992437694366657
K8B78_13710	cds	10.3099679914059	0.0519178139397556	0.57113959463525	0.0909021444624446	0.927570346215002	0.992437694366657
K8B78_13715	cds	0.66336725301941	-2.15796046352345	2.99814720584804	-0.719764679770971	0.471669895090264	0.992437694366657
K8B78_13720	cds	0	NA	NA	NA	NA	NA
K8B78_13725	cds	0.0548150217076223	0.340161127315109	4.05729003464737	0.0838394900069482	0.933184050045524	0.992437694366657
K8B78_13730	cds	0.0548150217076223	0.340161127315109	4.05729003464737	0.0838394900069482	0.933184050045524	0.992437694366657
K8B78_13735	cds	0	NA	NA	NA	NA	NA
K8B78_13740	cds	1.05106445966134	2.05179747527641	2.14093913657753	0.958363290306507	0.337879599514482	0.992437694366657
K8B78_13745	cds	0.331482228093918	1.32566323268583	4.03558372832831	0.328493551844845	0.742538518933187	0.992437694366657
K8B78_13750	cds	2.89063725358604	-0.0703181559803984	0.990859140306946	-0.0709668540359989	0.943424135601369	0.992437694366657
K8B78_13755	cds	0.77901722799868	-2.4322485162426	2.50721358680338	-0.970100245565293	0.33199652662264	0.992437694366657
K8B78_13760	cds	0.335095490788119	1.76073601628981	4.01661893054575	0.438362724155806	0.661123363420876	0.992437694366657
K8B78_13765	cds	0.454064289920651	0.594683615880446	3.53939840953294	0.168018275161886	0.866568901959952	0.992437694366657
K8B78_13770	cds	3.72973686437841	-1.08345759288435	0.876699071134427	-1.23583750520276	0.216518970790718	0.992437694366657
K8B78_13775	cds	21.2202999190777	0.258114974209825	0.446341958932462	0.578289737373495	0.563068521961735	0.992437694366657
K8B78_13780	cds	3.95000796126997	-0.232127546699661	0.83937349128875	-0.276548579516443	0.782126752766013	0.992437694366657
K8B78_13785	cds	1.61091252156951	-0.0104650519488227	1.45791747716942	-0.00717808251338125	0.994272767968926	0.998109777973194
K8B78_13790	cds	3.13398071343232	-0.299152230236151	0.981813780148835	-0.304693452347758	0.760599636913614	0.992437694366657
K8B78_13795	cds	0.170650425665252	0.817556315744581	4.04635843168295	0.202047428458913	0.839879646162178	0.992437694366657
K8B78_13800	cds	0.0548150217076223	0.340161127315109	4.05729003464737	0.0838394900069482	0.933184050045524	0.992437694366657
K8B78_13805	cds	0.0548150217076223	0.340161127315109	4.05729003464737	0.0838394900069482	0.933184050045524	0.992437694366657
K8B78_13810	cds	0	NA	NA	NA	NA	NA
K8B78_13815	cds	0	NA	NA	NA	NA	NA
K8B78_13820	cds	0.650168375822144	0.963574154396939	2.90396902552206	0.331812820979973	0.740030602520971	0.992437694366657
K8B78_13825	cds	0	NA	NA	NA	NA	NA
K8B78_13830	cds	0	NA	NA	NA	NA	NA
K8B78_13835	cds	7.69736601067935	0.547857708803371	0.634325676800454	0.863685215403501	0.387760837555919	0.992437694366657
K8B78_13840	cds	2.93564499490575	0.181289595584815	1.06665327750013	0.169961129271262	0.865040706170222	0.992437694366657
K8B78_13845	cds	0	NA	NA	NA	NA	NA
K8B78_13850	cds	0.399249268213028	0.33381611792935	3.87626950170267	0.0861178815824648	0.931372708984207	0.992437694366657
K8B78_13855	cds	0.228598842547776	-0.621612225862862	4.05728984179716	-0.153208730482888	0.878233673027429	0.992437694366657
K8B78_13860	cds	0.377801512717615	-2.32148134558044	4.04051306814427	-0.574551129133374	0.56559491198217	0.992437694366657
K8B78_13865	cds	0.109630043415245	0.792644007599646	4.04685395018959	0.195866719519866	0.844714486663204	0.992437694366657
K8B78_13870	cds	0	NA	NA	NA	NA	NA
K8B78_13875	cds	0	NA	NA	NA	NA	NA
K8B78_13880	cds	0	NA	NA	NA	NA	NA
K8B78_13885	cds	0.602100011983624	-0.556088763372083	2.78765645897851	-0.199482530058906	0.841885307726389	0.992437694366657
K8B78_13890	cds	0.0548150217076223	0.340161127315109	4.05729003464737	0.0838394900069482	0.933184050045524	0.992437694366657
K8B78_13895	cds	0	NA	NA	NA	NA	NA
K8B78_13900	cds	0.276667206386296	0.817556181396176	4.04635843433476	0.2020473951242	0.839879672222042	0.992437694366657
K8B78_13905	cds	0	NA	NA	NA	NA	NA
K8B78_13910	cds	0.0548150217076223	0.340161127315109	4.05729003464737	0.0838394900069482	0.933184050045524	0.992437694366657
K8B78_13915	cds	4.43708770913744	0.855213756819634	0.816825429715701	1.04699697843307	0.295100971778486	0.992437694366657
K8B78_13920	cds	0	NA	NA	NA	NA	NA
K8B78_13925	cds	0	NA	NA	NA	NA	NA
K8B78_13930	cds	8.6707856464325	0.308501420325279	0.625311797612134	0.493356148889798	0.62176096100071	0.992437694366657
K8B78_13935	cds	12.0151403401324	-0.445480715299872	0.544141470921314	-0.818685468956457	0.41296588926755	0.992437694366657
K8B78_13940	cds	4.35477550943782	0.0772336220875501	0.791167809456101	0.0976197731561467	0.922234222790297	0.992437694366657
K8B78_13945	cds	7.68150930779485	0.384373307964631	0.655614660017136	0.586279306131721	0.557687835059991	0.992437694366657
K8B78_13950	cds	3.68286899966229	0.545263518432087	0.871820811969475	0.625430720333823	0.531688404949148	0.992437694366657
K8B78_13955	cds	2.37406600186664	0.649999257139957	1.1394457850488	0.570452114237376	0.568371091751322	0.992437694366657
K8B78_13960	cds	0.651335323929008	0.963145444935623	2.90106393079134	0.331997318195226	0.739891284041938	0.992437694366657
K8B78_13965	cds	0	NA	NA	NA	NA	NA
K8B78_13970	cds	0.0548150217076223	0.340161127315109	4.05729003464737	0.0838394900069482	0.933184050045524	0.992437694366657
K8B78_13975	cds	1.16720815221216	-0.652141007975767	1.82753745299548	-0.356841391626123	0.721210547436809	0.992437694366657
K8B78_13980	cds	0.164445065122867	1.10366924633593	4.04118419481979	0.273105405032186	0.784772192000975	0.992437694366657
K8B78_13985	cds	0.173783820840154	-1.45330564524076	4.0804728567969	-0.356161086286844	0.721719932270683	0.992437694366657
K8B78_13990	cds	0.50213265375917	2.17599531859403	3.31047997212823	0.657305084735232	0.510984767679095	0.992437694366657
K8B78_13995	cds	0	NA	NA	NA	NA	NA
K8B78_14000	cds	1.76428109460894	-0.214246702743088	1.35119888683363	-0.158560449413298	0.874015191291907	0.992437694366657
K8B78_14005	cds	1.09919425330727	0.926334611600348	1.87062169067905	0.49520147030054	0.62045791286717	0.992437694366657
K8B78_14010	cds	0.656915033691247	-0.26482744294962	2.62473051635003	-0.100897003063724	0.919632222177377	0.992437694366657
K8B78_14015	cds	0	NA	NA	NA	NA	NA
K8B78_14020	cds	0.775331192648384	-1.32716825635194	2.51823737964083	-0.527022697336515	0.598177826731644	0.992437694366657
K8B78_14025	cds	0.257665765478218	-0.621612225862862	4.05728984179716	-0.153208730482888	0.878233673027429	0.992437694366657
K8B78_14030	cds	0.479517950156892	-0.156070171699375	3.76928642510534	-0.0414057606924932	0.966972420368893	0.992437694366657
K8B78_14035	cds	0.367295808893463	0.141893788368204	4.04118410858733	0.0351119336698089	0.971990485588248	0.992437694366657
K8B78_14040	cds	0	NA	NA	NA	NA	NA
K8B78_14045	cds	0	NA	NA	NA	NA	NA
K8B78_14050	cds	0	NA	NA	NA	NA	NA
K8B78_14055	cds	0.170650425665252	0.817556315744581	4.04635843168295	0.202047428458913	0.839879646162178	0.992437694366657
K8B78_14060	cds	0.988397261785165	0.628838374858209	1.98841311250639	0.316251371962419	0.751811717878187	0.992437694366657
K8B78_14065	cds	0.313647735292705	-0.169130501904008	4.04685382652495	-0.0417930839990929	0.966663648366881	0.992437694366657
K8B78_14070	cds	0.225465447372874	1.29731318462424	4.03700179369559	0.321355612635643	0.747940916587146	0.992437694366657
K8B78_14075	cds	0	NA	NA	NA	NA	NA
K8B78_14080	cds	0.636634226302697	-2.10085130600563	2.83786474555884	-0.740292964734626	0.459122248877877	0.992437694366657
K8B78_14085	cds	0	NA	NA	NA	NA	NA
K8B78_14090	cds	0	NA	NA	NA	NA	NA
K8B78_14095	cds	0	NA	NA	NA	NA	NA
K8B78_14100	cds	0	NA	NA	NA	NA	NA
K8B78_14105	cds	0	NA	NA	NA	NA	NA
K8B78_14110	cds	0	NA	NA	NA	NA	NA
K8B78_14115	cds	0.0548150217076223	0.340161127315109	4.05729003464737	0.0838394900069482	0.933184050045524	0.992437694366657
K8B78_14120	cds	0	NA	NA	NA	NA	NA
K8B78_14125	cds	0	NA	NA	NA	NA	NA
K8B78_14130	cds	0	NA	NA	NA	NA	NA
K8B78_14135	cds	0.204017691877461	-1.45330564524076	4.0804728567969	-0.356161086286844	0.721719932270682	0.992437694366657
K8B78_14140	cds	4.06278274270879	-0.24548803575813	0.85060478026775	-0.288604110220091	0.772884349790732	0.992437694366657
K8B78_14145	cds	0	NA	NA	NA	NA	NA
K8B78_14150	cds	0.276667206386296	0.817556181396176	4.04635843433476	0.2020473951242	0.839879672222042	0.992437694366657
K8B78_14155	cds	0.0548150217076223	0.340161127315109	4.05729003464737	0.0838394900069482	0.933184050045524	0.992437694366657
K8B78_14160	cds	0	NA	NA	NA	NA	NA
K8B78_14165	cds	0	NA	NA	NA	NA	NA
K8B78_14170	cds	0.0548150217076223	0.340161127315109	4.05729003464737	0.0838394900069482	0.933184050045524	0.992437694366657
K8B78_14175	cds	0	NA	NA	NA	NA	NA
K8B78_14180	cds	0	NA	NA	NA	NA	NA
K8B78_14185	cds	0	NA	NA	NA	NA	NA
K8B78_14190	cds	0.228598842547776	-0.621612225862862	4.05728984179716	-0.153208730482888	0.878233673027429	0.992437694366657
K8B78_14195	cds	0	NA	NA	NA	NA	NA
K8B78_14200	cds	0	NA	NA	NA	NA	NA
K8B78_14205	cds	0	NA	NA	NA	NA	NA
K8B78_14210	cds	0	NA	NA	NA	NA	NA
K8B78_14215	cds	0	NA	NA	NA	NA	NA
K8B78_14220	cds	1.529230032733	0.842991632206929	1.57670211812529	0.534654975417458	0.592888461002483	0.992437694366657
K8B78_14225	cds	0.0548150217076223	0.340161127315109	4.05729003464737	0.0838394900069482	0.933184050045524	0.992437694366657
K8B78_14230	cds	0.202850743770596	-1.45330564524076	4.0804728567969	-0.356161086286844	0.721719932270683	0.992437694366657
K8B78_14235	cds	0	NA	NA	NA	NA	NA
K8B78_14240	cds	0.109630043415245	0.792644007599646	4.04685395018959	0.195866719519866	0.844714486663204	0.992437694366657
K8B78_14245	cds	1.08278491024738	-0.418732806078332	1.83639673116189	-0.228018705856332	0.819631698374355	0.992437694366657
K8B78_14250	cds	3.125133168083	0.75266180289728	1.04297256175041	0.721650626775933	0.470509304621931	0.992437694366657
K8B78_14255	cds	0	NA	NA	NA	NA	NA
K8B78_14260	cds	0	NA	NA	NA	NA	NA
K8B78_14265	cds	0.109630043415245	0.792644007599646	4.04685395018959	0.195866719519866	0.844714486663204	0.992437694366657
K8B78_14270	cds	1.72303239924428	-0.906430663007948	1.36170514225329	-0.665658544483445	0.505629376713568	0.992437694366657
K8B78_14275	cds	7.16058123813214	-0.506024649286651	0.639664593080915	-0.791078097428227	0.428898419447039	0.992437694366657
K8B78_14280	cds	0	NA	NA	NA	NA	NA
K8B78_14285	cds	0	NA	NA	NA	NA	NA
K8B78_14290	cds	4.7575394720237	-0.628187685493625	0.781717679735785	-0.803599178805765	0.421628497538033	0.992437694366657
K8B78_14295	cds	2.73483980350992	-2.18790035838593	1.14381073004614	-1.91281678070783	0.0557715121305941	0.992437694366657
K8B78_14300	cds	0.173783820840154	-1.45330564524076	4.0804728567969	-0.356161086286844	0.721719932270683	0.992437694366657
K8B78_14305	cds	0	NA	NA	NA	NA	NA
K8B78_14310	cds	0	NA	NA	NA	NA	NA
K8B78_14315	cds	9.20767752994532	0.217152474592376	0.624309131427923	0.347828445333971	0.727969025702276	0.992437694366657
K8B78_14320	cds	0	NA	NA	NA	NA	NA
K8B78_14325	cds	0	NA	NA	NA	NA	NA
K8B78_14330	cds	0	NA	NA	NA	NA	NA
K8B78_14335	cds	1.12684736934507	2.1584192322298	1.97031340908232	1.09547000100613	0.273310781153663	0.992437694366657
K8B78_14340	cds	0.0548150217076223	0.340161127315109	4.05729003464737	0.0838394900069482	0.933184050045524	0.992437694366657
K8B78_14345	cds	0.228598842547776	-0.621612225862862	4.05728984179716	-0.153208730482888	0.878233673027429	0.992437694366657
K8B78_14350	cds	0.406868435648057	-2.41563620035963	4.03219902455072	-0.599086549461378	0.549115170655865	0.992437694366657
K8B78_14355	cds	0	NA	NA	NA	NA	NA
K8B78_14360	cds	6.2326809714055	-0.519132807180111	0.701012101724585	-0.74054756815606	0.458967809030192	0.992437694366657