"tag"	"moltype"	"baseMean"	"log2FoldChange"	"lfcSE"	"stat"	"pvalue"	"padj"
HMPRNC0000_0001	cds	3.80117309292405	0.549669112437385	1.02332902579964	0.537138201477154	0.591172154786298	0.999719434250228
HMPRNC0000_0002	cds	4.01095142190544	0.0401448987591077	1.0021476396891	0.0400588667469817	0.968046195041127	0.999719434250228
HMPRNC0000_0003	cds	0.454512846610516	-1.72620677046046	2.72248810867921	-0.63405484305234	0.526045031388398	0.999719434250228
HMPRNC0000_0004	cds	6.19666724716151	-0.244722126879332	0.818218678720389	-0.299091347147016	0.764870348256363	0.999719434250228
HMPRNC0000_0005	cds	8.24826866006976	0.0830167270745178	0.755667670552148	0.109858778282601	0.912521374765188	0.999719434250228
HMPRNC0000_0006	cds	8.35398947571049	-0.161243058720496	0.753221656272615	-0.214071193224079	0.83049153954747	0.999719434250228
HMPRNC0000_0007	cds	0.243906863596743	1.54940953912336	4.02560868948633	0.384888263772369	0.700320201503466	0.999719434250228
HMPRNC0000_0008	cds	0.615014429099432	1.05893515250593	2.58310457212701	0.40994668351114	0.681845058992947	0.999719434250228
HMPRNC0000_0010	cds	1.62718730241951	2.42701784015336	1.84761233099622	1.31359690527976	0.188981890723813	0.999719434250228
HMPRNC0000_0011	cds	0.286627552246287	-2.10374684818585	3.48560055425297	-0.603553624530772	0.546140453262705	0.999719434250228
HMPRNC0000_0012	cds	0.0487813727193487	0.375790524484671	4.0527002134097	0.0927259616295436	0.926121271465377	0.999719434250228
HMPRNC0000_0013	cds	0	NA	NA	NA	NA	NA
HMPRNC0000_0014	cds	1.23990650020952	-0.599231061026382	1.75497453866443	-0.341447153690565	0.732766982089353	0.999719434250228
HMPRNC0000_0015	cds	4.14604991104689	-0.652125341485119	0.984323176400254	-0.662511416087948	0.507643520938117	0.999719434250228
HMPRNC0000_0016	cds	0.552075592049213	-0.951158955474807	2.54701254531637	-0.373441017094268	0.708820236632849	0.999719434250228
HMPRNC0000_0017	cds	3.89135775987906	-0.841256168578932	1.04222059200845	-0.807176690836399	0.419564692896923	0.999719434250228
HMPRNC0000_0018	cds	0.801271727099485	0.51717428470365	2.14769149212753	0.240804736899772	0.809706458126606	0.999719434250228
HMPRNC0000_0021	cds	0.384190297684984	-0.870064806946467	2.91106931505297	-0.298881514929037	0.765030451751717	0.999719434250228
HMPRNC0000_0022	cds	2.35763457272262	0.684842609888862	1.4038513759552	0.487831277312306	0.62566935516199	0.999719434250228
HMPRNC0000_0023	cds	1.19029747345778	-0.569689975119183	1.84560114357267	-0.308674480996685	0.757569157704596	0.999719434250228
HMPRNC0000_0025	cds	0.454151182847693	-2.62434747675469	2.92882050404078	-0.89604244204586	0.370230095980578	0.999719434250228
HMPRNC0000_0026	cds	0.558136276119019	1.353581440297	2.74610824533194	0.49290898951195	0.622076895166794	0.999719434250228
HMPRNC0000_0027	cds	0.265448039802927	0.183718671281334	3.60766581706817	0.0509245258837848	0.959385662032769	0.999719434250228
HMPRNC0000_0029	cds	0.618231686760422	1.38466185014353	2.46370085575102	0.562025152896024	0.574098881891157	0.999719434250228
HMPRNC0000_0030	cds	0	NA	NA	NA	NA	NA
HMPRNC0000_0031	cds	0	NA	NA	NA	NA	NA
HMPRNC0000_0032	cds	0.265448039802927	0.183718671281334	3.60766581706817	0.0509245258837848	0.959385662032769	0.999719434250228
HMPRNC0000_0033	cds	0.964126995615724	0.468356146936201	2.02225909115989	0.231600465530641	0.816848345900531	0.999719434250228
HMPRNC0000_0034	cds	0.273954568917445	1.59922945008679	3.52719659019143	0.453399579295917	0.650261039339036	0.999719434250228
HMPRNC0000_0035	cds	9.31653610626462	0.218926534959103	0.686449237971478	0.318926036841489	0.749782599950161	0.999719434250228
HMPRNC0000_0037	cds	2.17805445230985	1.90269002745496	1.43873657650872	1.32247282686876	0.186010752011359	0.999719434250228
HMPRNC0000_0038	cds	0.319518683975804	0.935254863299043	3.6919625952401	0.253321868565199	0.800019498438201	0.999719434250228
HMPRNC0000_0039	cds	0	NA	NA	NA	NA	NA
HMPRNC0000_0040	cds	0	NA	NA	NA	NA	NA
HMPRNC0000_0041	cds	0	NA	NA	NA	NA	NA
HMPRNC0000_0042	cds	0.0975627454386974	0.799599759100727	4.04388460996796	0.197730607132003	0.843255841445575	0.999719434250228
HMPRNC0000_0043	cds	0	NA	NA	NA	NA	NA
HMPRNC0000_0044	cds	1.11735945187596	2.37339628540552	2.03352038049057	1.16713670941078	0.243155165181204	0.999719434250228
HMPRNC0000_0045	cds	6.98139591746539	-0.22161654941667	0.80386418084218	-0.275689046356675	0.782786909461251	0.999719434250228
HMPRNC0000_0046	cds	0.619849877772747	0.588323261513419	2.53857248042448	0.231753580427628	0.816729412922431	0.999719434250228
HMPRNC0000_0048	cds	8.16550433148963	0.950707758002336	0.790393836923895	1.20282789868701	0.22904292630717	0.999719434250228
HMPRNC0000_0050	cds	0	NA	NA	NA	NA	NA
HMPRNC0000_0051	cds	0.0975627454386974	0.799599759100727	4.04388460996796	0.197730607132003	0.843255841445575	0.999719434250228
HMPRNC0000_0054	cds	3.03640271083091	-0.163879553951338	1.28010275832889	-0.128020624035897	0.898132651716717	0.999719434250228
HMPRNC0000_0055	cds	31.6561607587427	-0.261474504251971	0.472670509872657	-0.553185567515975	0.580136348617893	0.999719434250228
HMPRNC0000_0056	cds	0.345895308855303	-1.44690171747346	3.58267920564563	-0.403860249389177	0.686315488649598	0.999719434250228
HMPRNC0000_0057	cds	2.06791651595133	-0.649295640319601	1.34407693465547	-0.483079222311061	0.629039486393562	0.999719434250228
HMPRNC0000_0058	cds	0.880100805139535	0.630561399549681	2.01064731207403	0.313611141925851	0.753816396151786	0.999719434250228
HMPRNC0000_0059	cds	0	NA	NA	NA	NA	NA
HMPRNC0000_0062	cds	0.5446918801739	2.2382951269804	2.61786300979347	0.855008500676656	0.392546441749136	0.999719434250228
HMPRNC0000_0063	cds	0.167523630601406	-1.45031368697984	4.06631116532894	-0.356665692322275	0.721342092060065	0.999719434250228
HMPRNC0000_0064	cds	0.0487813727193487	0.375790524484671	4.0527002134097	0.0927259616295436	0.926121271465377	0.999719434250228
HMPRNC0000_0065	cds	11.0595588654916	-0.357730448278935	0.644233754991444	-0.555280510385063	0.578702807523926	0.999719434250228
HMPRNC0000_0068	cds	0.176391823478747	0.953491072601642	4.04121339089401	0.23594177796949	0.813477849127285	0.999719434250228
HMPRNC0000_0069	cds	0	NA	NA	NA	NA	NA
HMPRNC0000_0070	cds	0	NA	NA	NA	NA	NA
HMPRNC0000_0071	cds	0.463381039487857	-0.215386436366594	2.74435238004668	-0.0784835205320571	0.937443438495234	0.999719434250228
HMPRNC0000_0072	cds	0.167523630601406	-1.45031368697984	4.06631116532894	-0.356665692322275	0.721342092060065	0.999719434250228
HMPRNC0000_0073	cds	0	NA	NA	NA	NA	NA
HMPRNC0000_0074	cds	0	NA	NA	NA	NA	NA
HMPRNC0000_0075	cds	0	NA	NA	NA	NA	NA
HMPRNC0000_0076	cds	0.703708981660788	-0.00512219577143718	2.26402295188885	-0.00226243102666595	0.99819484275392	0.999719434250228
HMPRNC0000_0077	cds	0	NA	NA	NA	NA	NA
HMPRNC0000_0078	cds	0	NA	NA	NA	NA	NA
HMPRNC0000_0079	cds	0.119103921644881	-1.33377711657661	4.07039375829128	-0.327677663582238	0.743155393650616	0.999719434250228
HMPRNC0000_0080	cds	0.0487813727193487	0.375790524484671	4.0527002134097	0.0927259616295436	0.926121271465377	0.999719434250228
HMPRNC0000_0083	cds	0.273954568917445	1.59922945008679	3.52719659019143	0.453399579295917	0.650261039339036	0.999719434250228
HMPRNC0000_0084	cds	0.319518683975804	0.935254863299043	3.6919625952401	0.253321868565199	0.800019498438201	0.999719434250228
HMPRNC0000_0085	cds	0	NA	NA	NA	NA	NA
HMPRNC0000_0086	cds	0	NA	NA	NA	NA	NA
HMPRNC0000_0087	cds	0	NA	NA	NA	NA	NA
HMPRNC0000_0088	cds	0	NA	NA	NA	NA	NA
HMPRNC0000_0089	cds	0	NA	NA	NA	NA	NA
HMPRNC0000_0090	cds	0	NA	NA	NA	NA	NA
HMPRNC0000_0091	cds	0	NA	NA	NA	NA	NA
HMPRNC0000_0092	cds	0.0487813727193487	0.375790524484671	4.0527002134097	0.0927259616295436	0.926121271465377	0.999719434250228
HMPRNC0000_0093	cds	0.40609313765399	-1.59655416566332	3.05815492186251	-0.522064514864723	0.601625412276501	0.999719434250228
HMPRNC0000_0094	cds	0.0487813727193487	0.375790524484671	4.0527002134097	0.0927259616295436	0.926121271465377	0.999719434250228
HMPRNC0000_0095	cds	0	NA	NA	NA	NA	NA
HMPRNC0000_0096	cds	0.216666667083578	-0.120651453087526	3.90274731382682	-0.0309144926344776	0.975337731996773	0.999719434250228
HMPRNC0000_0097	cds	0.58818398143972	1.38791018355337	2.50587265097926	0.553863015748621	0.57967259788057	0.999719434250228
HMPRNC0000_0098	cds	0	NA	NA	NA	NA	NA
HMPRNC0000_0099	cds	0	NA	NA	NA	NA	NA
HMPRNC0000_0100	cds	0.176391823478747	0.953491072601642	4.04121339089401	0.23594177796949	0.813477849127285	0.999719434250228
HMPRNC0000_0101	cds	1.83944043717257	1.49850297351512	1.50696817698929	0.994382626253537	0.320036623172431	0.999719434250228
HMPRNC0000_0102	cds	66.8747193229632	0.0757509874752429	0.373689783601082	0.202710886942812	0.839361013294667	0.999719434250228
HMPRNC0000_0103	cds	1.00622677489691	-1.91897652169592	2.0371593654515	-0.9419864514481	0.346199576517191	0.999719434250228
HMPRNC0000_0104	cds	0.738592135654805	-0.753327462064829	2.26850593437248	-0.332080886653363	0.73982818220894	0.999719434250228
HMPRNC0000_0105	cds	0.195125490877395	1.32363267005752	4.03575887785796	0.327976152718039	0.742929693592936	0.999719434250228
HMPRNC0000_0106	cds	0	NA	NA	NA	NA	NA
HMPRNC0000_0108	cds	0	NA	NA	NA	NA	NA
HMPRNC0000_0109	cds	0	NA	NA	NA	NA	NA
HMPRNC0000_0110	cds	0	NA	NA	NA	NA	NA
HMPRNC0000_0113	cds	0	NA	NA	NA	NA	NA
HMPRNC0000_0115	cds	0	NA	NA	NA	NA	NA
HMPRNC0000_0116	cds	0	NA	NA	NA	NA	NA
HMPRNC0000_0117	cds	0.176391823478747	0.953491072601642	4.04121339089401	0.23594177796949	0.813477849127285	0.999719434250228
HMPRNC0000_0119	cds	0.0487813727193487	0.375790524484671	4.0527002134097	0.0927259616295436	0.926121271465377	0.999719434250228
HMPRNC0000_0120	cds	0	NA	NA	NA	NA	NA
HMPRNC0000_0121	cds	0	NA	NA	NA	NA	NA
HMPRNC0000_0122	cds	0	NA	NA	NA	NA	NA
HMPRNC0000_0123	cds	7.15220208874305	0.474347667409107	0.775508682510395	0.611660034383624	0.540762709134963	0.999719434250228
HMPRNC0000_0124	cds	0	NA	NA	NA	NA	NA
HMPRNC0000_0125	cds	0	NA	NA	NA	NA	NA
HMPRNC0000_0126	cds	0	NA	NA	NA	NA	NA
HMPRNC0000_0127	cds	0	NA	NA	NA	NA	NA
HMPRNC0000_0128	cds	0	NA	NA	NA	NA	NA
HMPRNC0000_0129	cds	2.64193277392028	-0.302917739006271	1.23509715375005	-0.245258227732564	0.8062564935459	0.999719434250228
HMPRNC0000_0130	cds	6.11446373745994	1.10727274200994	0.923839397037183	1.19855544758217	0.230700850656639	0.999719434250228
HMPRNC0000_0131	cds	1.50118808579812	1.14109410168281	1.67779478208722	0.680115419278665	0.49643138192507	0.999719434250228
HMPRNC0000_0132	cds	1.69788368259721	0.268287582484034	1.51538029704772	0.177043071634701	0.859474557649648	0.999719434250228
HMPRNC0000_0133	cds	0.28698921600911	-1.14796227981964	3.48608271901746	-0.329298634698831	0.74192997597943	0.999719434250228
HMPRNC0000_0134	cds	2.09180574479321	1.74093474626751	1.45652654937643	1.19526468433607	0.23198363311868	0.999719434250228
HMPRNC0000_0135	cds	11.1735881024949	0.316529921131235	0.658182170052684	0.480915368925746	0.630576649237383	0.999719434250228
HMPRNC0000_0136	cds	0	NA	NA	NA	NA	NA
HMPRNC0000_0137	cds	0	NA	NA	NA	NA	NA
HMPRNC0000_0138	cds	0	NA	NA	NA	NA	NA
HMPRNC0000_0139	cds	0	NA	NA	NA	NA	NA
HMPRNC0000_0140	cds	0	NA	NA	NA	NA	NA
HMPRNC0000_0141	cds	0.593473252893249	2.39810543378917	2.50805847877111	0.95616009518414	0.338991357231092	0.999719434250228
HMPRNC0000_0142	cds	0.0975627454386974	0.799599759100727	4.04388460996796	0.197730607132003	0.843255841445575	0.999719434250228
HMPRNC0000_0143	cds	1.05282154817708	-0.230225656247156	1.85248720375275	-0.124279215414157	0.901094203403839	0.999719434250228
HMPRNC0000_0144	cds	0.176391823478747	0.953491072601642	4.04121339089401	0.23594177796949	0.813477849127285	0.999719434250228
HMPRNC0000_0148	cds	0.176391823478747	0.953491072601642	4.04121339089401	0.23594177796949	0.813477849127285	0.999719434250228
HMPRNC0000_0150	cds	0	NA	NA	NA	NA	NA
HMPRNC0000_0151	cds	0.265086376040103	-0.226838741306307	3.60889173429503	-0.0628555129960467	0.949881560241462	0.999719434250228
HMPRNC0000_0152	cds	0.0975627454386974	0.799599759100727	4.04388460996796	0.197730607132003	0.843255841445575	0.999719434250228
HMPRNC0000_0154	cds	0	NA	NA	NA	NA	NA
HMPRNC0000_0155	cds	0	NA	NA	NA	NA	NA
HMPRNC0000_0156	cds	0.344277117842977	0.419866341640232	3.05523277331361	0.137425320030479	0.890694618422668	0.999719434250228
HMPRNC0000_0157	cds	0	NA	NA	NA	NA	NA
HMPRNC0000_0158	cds	0	NA	NA	NA	NA	NA
HMPRNC0000_0159	cds	0	NA	NA	NA	NA	NA
HMPRNC0000_0160	cds	0	NA	NA	NA	NA	NA
HMPRNC0000_0161	cds	0	NA	NA	NA	NA	NA
HMPRNC0000_0162	cds	0.176391823478747	0.953491072601642	4.04121339089401	0.23594177796949	0.813477849127285	0.999719434250228
HMPRNC0000_0163	cds	0.0487813727193487	0.375790524484671	4.0527002134097	0.0927259616295436	0.926121271465377	0.999719434250228
HMPRNC0000_0164	cds	0	NA	NA	NA	NA	NA
HMPRNC0000_0166	cds	0.788598743770644	2.9027016910072	2.2531267619025	1.28829932700112	0.197641787315478	0.999719434250228
HMPRNC0000_0167	cds	0.0487813727193487	0.375790524484671	4.0527002134097	0.0927259616295436	0.926121271465377	0.999719434250228
HMPRNC0000_0168	cds	0.0487813727193487	0.375790524484671	4.0527002134097	0.0927259616295436	0.926121271465377	0.999719434250228
HMPRNC0000_0169	cds	5.71790813369456	0.211601270684915	0.889671750257969	0.237841957579927	0.812003674821505	0.999719434250228
HMPRNC0000_0171	cds	0.216305003320755	-0.660871302467674	3.89797339989202	-0.169542281249529	0.86537011807472	0.999719434250228
HMPRNC0000_0172	cds	0	NA	NA	NA	NA	NA
HMPRNC0000_0173	cds	0.225173196198096	1.36512127210923	3.829993073362	0.356429175186711	0.721519183510662	0.999719434250228
HMPRNC0000_0175	cds	0	NA	NA	NA	NA	NA
HMPRNC0000_0176	cds	0	NA	NA	NA	NA	NA
HMPRNC0000_0177	cds	0.0975627454386974	0.799599759100727	4.04388460996796	0.197730607132003	0.843255841445575	0.999719434250228
HMPRNC0000_0178	cds	0.904485407754535	1.79735220112597	2.22445379047974	0.807997095205268	0.41909225434285	0.999719434250228
HMPRNC0000_0179	cds	0.787373508374153	-0.44057257365848	2.19374803813252	-0.200830982410144	0.840830735998451	0.999719434250228
HMPRNC0000_0180	cds	0.785393653599004	0.319133508498835	2.27250320028392	0.140432589251783	0.888318210474507	0.999719434250228
HMPRNC0000_0181	cds	0	NA	NA	NA	NA	NA
HMPRNC0000_0182	cds	6.84242987779103	0.450959399331294	0.799417898825398	0.564109710320344	0.572679470001461	0.999719434250228
HMPRNC0000_0184	cds	0.216666667083578	-0.120651453087526	3.90274731382682	-0.0309144926344776	0.975337731996773	0.999719434250228
HMPRNC0000_0185	cds	1.93659343375782	0.947332048670604	1.45346533983986	0.651774777632453	0.514546474970565	0.999719434250228
HMPRNC0000_0186	cds	0.0487813727193487	0.375790524484671	4.0527002134097	0.0927259616295436	0.926121271465377	0.999719434250228
HMPRNC0000_0187	cds	0.345895308855303	-1.44690171747346	3.58267920564563	-0.403860249389177	0.686315488649598	0.999719434250228
HMPRNC0000_0188	cds	0	NA	NA	NA	NA	NA
HMPRNC0000_0190	cds	0.119103921644881	-1.33377711657661	4.07039375829128	-0.327677663582238	0.743155393650616	0.999719434250228
HMPRNC0000_0191	cds	0.383828633922161	-1.45988224056892	3.13811251533414	-0.465210292312759	0.641780868873606	0.999719434250228
HMPRNC0000_0192	cds	0.0975627454386974	0.799599759100727	4.04388460996796	0.197730607132003	0.843255841445575	0.999719434250228
HMPRNC0000_0194	cds	0.834536690081176	0.773647630659506	2.07912310719602	0.372102848543141	0.709816275551088	0.999719434250228
HMPRNC0000_0196	cds	3.13496202901528	-0.964897994777757	1.14613648206428	-0.841870065107691	0.399860687880783	0.999719434250228
HMPRNC0000_0200	cds	0.420298687075491	2.12836925047077	2.98700967485691	0.712541800043793	0.47612933681565	0.999719434250228
HMPRNC0000_0203	cds	0.195125490877395	1.32363267005752	4.03575887785796	0.327976152718039	0.742929693592936	0.999719434250228
HMPRNC0000_0204	cds	0.363010785241624	0.66842718040185	3.20126388887417	0.208801024721809	0.834603571355885	0.999719434250228
HMPRNC0000_0205	cds	0.265086376040103	-0.226838741306307	3.60889173429503	-0.0628555129960467	0.949881560241462	0.999719434250228
HMPRNC0000_0206	cds	0	NA	NA	NA	NA	NA
HMPRNC0000_0207	cds	1.61421915588385	0.642016935382527	1.59667981195499	0.402094978952879	0.687614127866732	0.999719434250228
HMPRNC0000_0209	cds	0	NA	NA	NA	NA	NA
HMPRNC0000_0210	cds	0	NA	NA	NA	NA	NA
HMPRNC0000_0211	cds	0	NA	NA	NA	NA	NA
HMPRNC0000_0212	cds	0	NA	NA	NA	NA	NA
HMPRNC0000_0213	cds	0	NA	NA	NA	NA	NA
HMPRNC0000_0214	cds	0	NA	NA	NA	NA	NA
HMPRNC0000_0215	cds	0	NA	NA	NA	NA	NA
HMPRNC0000_0216	cds	0	NA	NA	NA	NA	NA
HMPRNC0000_0217	cds	0	NA	NA	NA	NA	NA
HMPRNC0000_0218	cds	0	NA	NA	NA	NA	NA
HMPRNC0000_0219	cds	1.0445742646681	-0.688201914297897	2.30263797577394	-0.298875429632653	0.765035095026592	0.999719434250228
HMPRNC0000_0221	cds	0	NA	NA	NA	NA	NA
HMPRNC0000_0222	cds	0.176391823478747	0.953491072601642	4.04121339089401	0.23594177796949	0.813477849127285	0.999719434250228
HMPRNC0000_0223	cds	0.622036477211922	-2.16692041618239	2.42249427468073	-0.894499705873598	0.37105458706931	0.999719434250228
HMPRNC0000_0224	cds	0	NA	NA	NA	NA	NA
HMPRNC0000_0225	cds	0	NA	NA	NA	NA	NA
HMPRNC0000_0226	cds	0	NA	NA	NA	NA	NA
HMPRNC0000_0227	cds	0.798066636927846	-1.86317343152591	2.28220774328987	-0.816390811486813	0.414276650223423	0.999719434250228
HMPRNC0000_0228	cds	0.119103921644881	-1.33377711657661	4.07039375829128	-0.327677663582238	0.743155393650616	0.999719434250228
HMPRNC0000_0229	cds	0	NA	NA	NA	NA	NA
HMPRNC0000_0230	cds	0.0487813727193487	0.375790524484671	4.0527002134097	0.0927259616295436	0.926121271465377	0.999719434250228
HMPRNC0000_0231	cds	0.0487813727193487	0.375790524484671	4.0527002134097	0.0927259616295436	0.926121271465377	0.999719434250228
HMPRNC0000_0232	cds	0.343915454080153	-0.121041835981614	3.3000429015719	-0.0366788673941054	0.970741058679562	0.999719434250228
HMPRNC0000_0233	cds	0.0487813727193487	0.375790524484671	4.0527002134097	0.0927259616295436	0.926121271465377	0.999719434250228
HMPRNC0000_0234	cds	0.490621236001023	1.06707519231369	2.66896731741496	0.399808264923685	0.689297742800925	0.999719434250228
HMPRNC0000_0235	cds	0	NA	NA	NA	NA	NA
HMPRNC0000_0236	cds	1.77807170604405	-0.529796465978483	1.41999521477658	-0.373097360093458	0.70907598340121	0.999719434250228
HMPRNC0000_0238	cds	0.53053441584303	-0.0497856037431147	2.59491760169584	-0.0191858129562876	0.98469287514191	0.999719434250228
HMPRNC0000_0239	cds	0	NA	NA	NA	NA	NA
HMPRNC0000_0240	cds	0.654927608941439	-0.401347759124189	2.35680184914988	-0.170293382648592	0.864779415134927	0.999719434250228
HMPRNC0000_0241	cds	34.5834441368739	0.364735773957758	0.442332455458659	0.82457384588603	0.409613575021975	0.999719434250228
HMPRNC0000_0243	cds	10.4990466530914	0.86247220716898	0.694163326738523	1.24246293912017	0.214065806209373	0.999719434250228
HMPRNC0000_0244	cds	2.13800547773271	0.548304584990614	1.49397089943445	0.36701155638184	0.713610397877029	0.999719434250228
HMPRNC0000_0245	cds	0.577956843155591	2.46660198369929	2.7145818284215	0.908648970487506	0.363535448387447	0.999719434250228
HMPRNC0000_0246	cds	1.56624048763379	-1.03424279304395	1.59645048851103	-0.647838940503924	0.517089126372929	0.999719434250228
HMPRNC0000_0247	cds	0.761358547257478	1.59342531828286	2.21140991202895	0.720547244369048	0.471188122208819	0.999719434250228
HMPRNC0000_0248	cds	0.28698921600911	-1.14796227981964	3.48608271901746	-0.329298634698831	0.74192997597943	0.999719434250228
HMPRNC0000_0249	cds	1.03606773555358	-1.45129598827685	2.03292802938654	-0.713894425822243	0.475292464444647	0.999719434250228
HMPRNC0000_0251	cds	0.167523630601406	-1.45031368697984	4.06631116532894	-0.356665692322275	0.721342092060065	0.999719434250228
HMPRNC0000_0253	cds	0	NA	NA	NA	NA	NA
HMPRNC0000_0254	cds	0.579315788562379	0.152605882832577	2.5163589410358	0.0606455145742288	0.951641524820095	0.999719434250228
HMPRNC0000_0255	cds	0	NA	NA	NA	NA	NA
HMPRNC0000_0256	cds	0.392696826799502	0.318698234413709	2.92080041518191	0.109113321388603	0.913112609036995	0.999719434250228
HMPRNC0000_0257	cds	0.0487813727193487	0.375790524484671	4.0527002134097	0.0927259616295436	0.926121271465377	0.999719434250228
HMPRNC0000_0259	cds	0.0975627454386974	0.799599759100727	4.04388460996796	0.197730607132003	0.843255841445575	0.999719434250228
HMPRNC0000_0260	cds	2.97393448979852	1.5832770973405	1.21400378283328	1.30417805918643	0.192172878921613	0.999719434250228
HMPRNC0000_0261	cds	9.40858162649727	-0.265323998692747	0.669128041463961	-0.396522014100999	0.691719971041164	0.999719434250228
HMPRNC0000_0262	cds	0.344277117842977	0.419866341640232	3.05523277331361	0.137425320030479	0.890694618422668	0.999719434250228
HMPRNC0000_0263	cds	0.368300056695153	1.36469586330921	3.21312284482372	0.42472570431215	0.671036643489566	0.999719434250228
HMPRNC0000_0264	cds	0	NA	NA	NA	NA	NA
HMPRNC0000_0265	cds	0	NA	NA	NA	NA	NA
HMPRNC0000_0266	cds	0	NA	NA	NA	NA	NA
HMPRNC0000_0267	cds	0	NA	NA	NA	NA	NA
HMPRNC0000_0268	cds	0	NA	NA	NA	NA	NA
HMPRNC0000_0269	cds	0.119103921644881	-1.33377711657661	4.07039375829128	-0.327677663582238	0.743155393650616	0.999719434250228
HMPRNC0000_0270	cds	1.00106303903862	2.12766676090558	2.35085987788956	0.905058944991502	0.365434160471948	0.999719434250228
HMPRNC0000_0271	cds	0.880462468902359	0.931696824102476	2.07755681095312	0.448457928654688	0.65382274261754	0.999719434250228
HMPRNC0000_0272	cds	0.384190297684984	-0.870064806946467	2.91106931505297	-0.298881514929037	0.765030451751717	0.999719434250228
HMPRNC0000_0273	cds	0.617870022997598	1.13903253556259	2.48263597268393	0.458799658143681	0.646378040278202	0.999719434250228
HMPRNC0000_0274	cds	1.29881259305571	-0.789919113547564	1.81530176234414	-0.435144795170321	0.663457330328411	0.999719434250228
HMPRNC0000_0275	cds	0.611343348658229	-0.736764034145967	2.51432263860525	-0.293026846608145	0.769501631288362	0.999719434250228
HMPRNC0000_0276	cds	0.728467415527961	-0.300945370007588	2.16810171004753	-0.138805928067365	0.889603509417196	0.999719434250228
HMPRNC0000_0277	cds	5.9199238710236	0.517008810836217	0.836768415509434	0.617863677994414	0.536665203616096	0.999719434250228
HMPRNC0000_0279	cds	0.740778735093979	-3.31842114120245	2.43263079655497	-1.36412855822672	0.172527108054009	0.999719434250228
HMPRNC0000_0280	cds	1.43570723352193	-0.34859362088559	1.77536725401247	-0.196350146764136	0.844336113767629	0.999719434250228
HMPRNC0000_0281	cds	0.499127765115541	2.30322168235192	2.79843001867961	0.823040657432147	0.410484873170855	0.999719434250228
HMPRNC0000_0282	cds	1.04305849181306	0.244561982219961	2.01104179842547	0.121609596782841	0.903208212771935	0.999719434250228
HMPRNC0000_0284	cds	26.5415974118109	0.00169660171312496	0.513319570092103	0.00330515688856465	0.997362871148944	0.999719434250228
HMPRNC0000_0285	cds	0.773669866823497	-1.43439889763226	2.36215027272812	-0.607242864348179	0.543689749591145	0.999719434250228
HMPRNC0000_0286	cds	0.319518683975804	0.935254863299043	3.6919625952401	0.253321868565199	0.800019498438201	0.999719434250228
HMPRNC0000_0287	cds	0.394676681574651	-0.648409492460957	3.16084105849526	-0.205138278218151	0.837464090624571	0.999719434250228
HMPRNC0000_0288	cds	0.176391823478747	0.953491072601642	4.04121339089401	0.23594177796949	0.813477849127285	0.999719434250228
HMPRNC0000_0289	cds	0.313867748759452	0.0845059777468095	3.38573230597931	0.0249594386412562	0.98008731679588	0.999719434250228
HMPRNC0000_0290	cds	0	NA	NA	NA	NA	NA
HMPRNC0000_0291	cds	0.0975627454386974	0.799599759100727	4.04388460996796	0.197730607132003	0.843255841445575	0.999719434250228
HMPRNC0000_0292	cds	0.438622605620685	-0.0404914844505486	3.0709213959172	-0.0131854512799911	0.989479836829828	0.999719434250228
HMPRNC0000_0293	cds	0	NA	NA	NA	NA	NA
HMPRNC0000_0294	cds	0.225173196198096	1.36512127210923	3.829993073362	0.356429175186711	0.721519183510662	0.999719434250228
HMPRNC0000_0295	cds	0.343915454080153	-0.121041835981614	3.3000429015719	-0.0366788673941054	0.970741058679562	0.999719434250228
HMPRNC0000_0296	cds	0.335408924965635	-1.31525528744249	3.04917213135285	-0.431348323670707	0.666215118445371	0.999719434250228
HMPRNC0000_0297	cds	0.335408924965635	-1.31525528744249	3.04917213135285	-0.431348323670707	0.666215118445371	0.999719434250228
HMPRNC0000_0298	cds	0	NA	NA	NA	NA	NA
HMPRNC0000_0299	cds	0.286627552246287	-2.10374684818585	3.48560055425297	-0.603553624530772	0.546140453262705	0.999719434250228
HMPRNC0000_0301	cds	0.313867748759452	0.0845059777468095	3.38573230597931	0.0249594386412562	0.98008731679588	0.999719434250228
HMPRNC0000_0303	cds	0	NA	NA	NA	NA	NA
HMPRNC0000_0304	cds	0	NA	NA	NA	NA	NA
HMPRNC0000_0305	cds	0	NA	NA	NA	NA	NA
HMPRNC0000_0306	cds	0.176391823478747	0.953491072601642	4.04121339089401	0.23594177796949	0.813477849127285	0.999719434250228
HMPRNC0000_0307	cds	6.62771156373221	0.0526794440935647	0.836347847344768	0.0629874809396725	0.949776473288488	0.999719434250228
HMPRNC0000_0308	cds	0.216305003320755	-0.660871302467674	3.89797339989202	-0.169542281249529	0.86537011807472	0.999719434250228
HMPRNC0000_0309	cds	0.28698921600911	-1.14796227981964	3.48608271901746	-0.329298634698831	0.74192997597943	0.999719434250228
HMPRNC0000_0310	cds	0	NA	NA	NA	NA	NA
HMPRNC0000_0311	cds	0	NA	NA	NA	NA	NA
HMPRNC0000_0312	cds	0.167885294364229	-0.546066368947976	4.04678249549853	-0.1349384034243	0.89266057567314	0.999719434250228
HMPRNC0000_0314	cds	0	NA	NA	NA	NA	NA
HMPRNC0000_0315	cds	0	NA	NA	NA	NA	NA
HMPRNC0000_0316	cds	0	NA	NA	NA	NA	NA
HMPRNC0000_0317	cds	0	NA	NA	NA	NA	NA
HMPRNC0000_0318	cds	0	NA	NA	NA	NA	NA
HMPRNC0000_0319	cds	0.167523630601406	-1.45031368697984	4.06631116532894	-0.356665692322275	0.721342092060065	0.999719434250228
HMPRNC0000_0320	cds	0	NA	NA	NA	NA	NA
HMPRNC0000_0321	cds	0	NA	NA	NA	NA	NA
HMPRNC0000_0322	cds	0	NA	NA	NA	NA	NA
HMPRNC0000_0323	cds	0.345895308855303	-1.44690171747346	3.58267920564563	-0.403860249389177	0.686315488649598	0.999719434250228
HMPRNC0000_0324	cds	0	NA	NA	NA	NA	NA
HMPRNC0000_0325	cds	0	NA	NA	NA	NA	NA
HMPRNC0000_0326	cds	0.176391823478747	0.953491072601642	4.04121339089401	0.23594177796949	0.813477849127285	0.999719434250228
HMPRNC0000_0327	cds	0	NA	NA	NA	NA	NA
HMPRNC0000_0328	cds	0	NA	NA	NA	NA	NA
HMPRNC0000_0329	cds	0	NA	NA	NA	NA	NA
HMPRNC0000_0330	cds	0	NA	NA	NA	NA	NA
HMPRNC0000_0331	cds	0.319518683975804	0.935254863299043	3.6919625952401	0.253321868565199	0.800019498438201	0.999719434250228
HMPRNC0000_0332	cds	0.0487813727193487	0.375790524484671	4.0527002134097	0.0927259616295436	0.926121271465377	0.999719434250228
HMPRNC0000_0333	cds	0.167885294364229	-0.546066368947976	4.04678249549853	-0.1349384034243	0.89266057567314	0.999719434250228
HMPRNC0000_0334	cds	0.167885294364229	-0.546066368947976	4.04678249549853	-0.1349384034243	0.89266057567314	0.999719434250228
HMPRNC0000_0335	cds	0.93050036887121	-0.337019407823833	2.10917361178503	-0.1597874190824	0.873048534859204	0.999719434250228
HMPRNC0000_0336	cds	0.225173196198096	1.36512127210923	3.829993073362	0.356429175186711	0.721519183510662	0.999719434250228
HMPRNC0000_0337	cds	0.593473252893249	2.39810543378917	2.50805847877111	0.95616009518414	0.338991357231092	0.999719434250228
HMPRNC0000_0338	cds	0.666651395716947	1.30788313669253	2.40290888956064	0.544291605218401	0.58624082282432	0.999719434250228
HMPRNC0000_0339	cds	0.176391823478747	0.953491072601642	4.04121339089401	0.23594177796949	0.813477849127285	0.999719434250228
HMPRNC0000_0340	cds	0.0975627454386974	0.799599759100727	4.04388460996796	0.197730607132003	0.843255841445575	0.999719434250228
HMPRNC0000_0341	cds	0	NA	NA	NA	NA	NA
HMPRNC0000_0343	cds	0.48704231457721	-0.149015949958056	2.96192039530632	-0.0503105857247878	0.959874888265296	0.999719434250228
HMPRNC0000_0345	cds	0	NA	NA	NA	NA	NA
HMPRNC0000_0347	cds	0.167523630601406	-1.45031368697984	4.06631116532894	-0.356665692322275	0.721342092060065	0.999719434250228
HMPRNC0000_0348	cds	1.66711264975087	-0.0616165294028046	1.57857145824139	-0.0390330948156434	0.96886400286361	0.999719434250228
HMPRNC0000_0349	cds	0.119103921644881	-1.33377711657661	4.07039375829128	-0.327677663582238	0.743155393650616	0.999719434250228
HMPRNC0000_0350	cds	0.216305003320755	-0.660871302467674	3.89797339989202	-0.169542281249529	0.86537011807472	0.999719434250228
HMPRNC0000_0351	cds	3.31559405026037	-0.175489736840053	1.08441510304814	-0.161828930957136	0.871440569718195	0.999719434250228
HMPRNC0000_0352	cds	0.167885294364229	-0.546066368947976	4.04678249549853	-0.1349384034243	0.89266057567314	0.999719434250228
HMPRNC0000_0353	cds	0.119103921644881	-1.33377711657661	4.07039375829128	-0.327677663582238	0.743155393650616	0.999719434250228
HMPRNC0000_0354	cds	0.265448039802927	0.183718671281334	3.60766581706817	0.0509245258837848	0.959385662032769	0.999719434250228
HMPRNC0000_0355	cds	0.176391823478747	0.953491072601642	4.04121339089401	0.23594177796949	0.813477849127285	0.999719434250228
HMPRNC0000_0356	cds	0.216305003320755	-0.660871302467674	3.89797339989202	-0.169542281249529	0.86537011807472	0.999719434250228
HMPRNC0000_0357	cds	0.0975627454386974	0.799599759100727	4.04388460996796	0.197730607132003	0.843255841445575	0.999719434250228
HMPRNC0000_0358	cds	0.394676681574651	-0.648409492460957	3.16084105849526	-0.205138278218151	0.837464090624571	0.999719434250228
HMPRNC0000_0360	cds	0.668631250492096	0.814557115271709	2.46530683702246	0.330408005623962	0.741091693279133	0.999719434250228
HMPRNC0000_0363	cds	0.343915454080153	-0.121041835981614	3.3000429015719	-0.0366788673941054	0.970741058679562	0.999719434250228
HMPRNC0000_0364	cds	0	NA	NA	NA	NA	NA
HMPRNC0000_0365	cds	0	NA	NA	NA	NA	NA
HMPRNC0000_0366	cds	0.319518683975804	0.935254863299043	3.6919625952401	0.253321868565199	0.800019498438201	0.999719434250228
HMPRNC0000_0367	cds	0.322735941636793	1.79877988878583	3.3032158120014	0.544554153031848	0.586060194092078	0.999719434250228
HMPRNC0000_0368	cds	0.119103921644881	-1.33377711657661	4.07039375829128	-0.327677663582238	0.743155393650616	0.999719434250228
HMPRNC0000_0369	cds	0.335408924965635	-1.31525528744249	3.04917213135285	-0.431348323670707	0.666215118445371	0.999719434250228
HMPRNC0000_0370	cds	2.04392949470043	0.223261282816053	1.4064943044361	0.158736002066901	0.873876872233393	0.999719434250228
HMPRNC0000_0371	cds	0	NA	NA	NA	NA	NA
HMPRNC0000_0372	cds	0.176391823478747	0.953491072601642	4.04121339089401	0.23594177796949	0.813477849127285	0.999719434250228
HMPRNC0000_0373	cds	1.00082291779674	-1.20922772223862	1.98536848705131	-0.609069666475156	0.542478262622544	0.999719434250228
HMPRNC0000_0374	cds	0.119103921644881	-1.33377711657661	4.07039375829128	-0.327677663582238	0.743155393650616	0.999719434250228
HMPRNC0000_0375	cds	0.119103921644881	-1.33377711657661	4.07039375829128	-0.327677663582238	0.743155393650616	0.999719434250228
HMPRNC0000_0376	cds	0.167885294364229	-0.546066368947976	4.04678249549853	-0.1349384034243	0.89266057567314	0.999719434250228
HMPRNC0000_0377	cds	0	NA	NA	NA	NA	NA
HMPRNC0000_0380	cds	0	NA	NA	NA	NA	NA
HMPRNC0000_0382	cds	0.0487813727193487	0.375790524484671	4.0527002134097	0.0927259616295436	0.926121271465377	0.999719434250228
HMPRNC0000_0384	cds	0.0487813727193487	0.375790524484671	4.0527002134097	0.0927259616295436	0.926121271465377	0.999719434250228
HMPRNC0000_0385	cds	0	NA	NA	NA	NA	NA
HMPRNC0000_0386	cds	0.0487813727193487	0.375790524484671	4.0527002134097	0.0927259616295436	0.926121271465377	0.999719434250228
HMPRNC0000_0387	cds	0.167885294364229	-0.546066368947976	4.04678249549853	-0.1349384034243	0.89266057567314	0.999719434250228
HMPRNC0000_0388	cds	0	NA	NA	NA	NA	NA
HMPRNC0000_0389	cds	0	NA	NA	NA	NA	NA
HMPRNC0000_0391	cds	0.216305003320755	-0.660871302467674	3.89797339989202	-0.169542281249529	0.86537011807472	0.999719434250228
HMPRNC0000_0392	cds	0.383828633922161	-1.45988224056892	3.13811251533414	-0.465210292312759	0.641780868873606	0.999719434250228
HMPRNC0000_0393	cds	0.167523630601406	-1.45031368697984	4.06631116532894	-0.356665692322275	0.721342092060065	0.999719434250228
HMPRNC0000_0394	cds	5.31131499651918	-0.103439509996753	0.866998757028269	-0.119307564351422	0.905031690821206	0.999719434250228
HMPRNC0000_0397	cds	0.319518683975804	0.935254863299043	3.6919625952401	0.253321868565199	0.800019498438201	0.999719434250228
HMPRNC0000_0398	cds	0.0487813727193487	0.375790524484671	4.0527002134097	0.0927259616295436	0.926121271465377	0.999719434250228
HMPRNC0000_0399	cds	0	NA	NA	NA	NA	NA
HMPRNC0000_0401	cds	0	NA	NA	NA	NA	NA
HMPRNC0000_0402	cds	0.119103921644881	-1.33377711657661	4.07039375829128	-0.327677663582238	0.743155393650616	0.999719434250228
HMPRNC0000_0403	cds	0.499127765115541	2.30322168235192	2.79843001867961	0.823040657432147	0.410484873170855	0.999719434250228
HMPRNC0000_0404	cds	0.384190297684984	-0.870064806946467	2.91106931505297	-0.298881514929037	0.765030451751717	0.999719434250228
HMPRNC0000_0406	cds	0.0487813727193487	0.375790524484671	4.0527002134097	0.0927259616295436	0.926121271465377	0.999719434250228
HMPRNC0000_0407	cds	5.83022995209345	-0.432804381442333	0.87819709799103	-0.49283285316294	0.62213069517251	0.999719434250228
HMPRNC0000_0408	cds	0.964126995615724	0.468356146936201	2.02225909115989	0.231600465530641	0.816848345900531	0.999719434250228
HMPRNC0000_0410	cds	20.8468835675452	-0.218703766574654	0.521502993296634	-0.419372025445411	0.67494426549763	0.999719434250228
HMPRNC0000_0411	cds	5.99950566009286	0.0676979861959585	0.839872695330103	0.0806050566620106	0.935756044658913	0.999719434250228
HMPRNC0000_0412	cds	5.05199414134207	-0.283966252014264	0.88226951909787	-0.321858849101602	0.74755962927033	0.999719434250228
HMPRNC0000_0413	cds	0.0487813727193487	0.375790524484671	4.0527002134097	0.0927259616295436	0.926121271465377	0.999719434250228
HMPRNC0000_0415	cds	0.920375648744366	0.0752872943992805	2.02098616230797	0.0372527510595631	0.970283478511324	0.999719434250228
HMPRNC0000_0416	cds	0	NA	NA	NA	NA	NA
HMPRNC0000_0417	cds	0.40609313765399	-1.59655416566332	3.05815492186251	-0.522064514864723	0.601625412276501	0.999719434250228
HMPRNC0000_0418	cds	0.571068505053399	0.308761626528044	2.6344673519595	0.117200779238501	0.906700949433006	0.999719434250228
HMPRNC0000_0419	cds	2.1471072577542	-0.456838601187492	1.32790286314732	-0.344030134933756	0.730823623388314	0.999719434250228
HMPRNC0000_0420	cds	0.383828633922161	-1.45988224056892	3.13811251533414	-0.465210292312759	0.641780868873606	0.999719434250228
HMPRNC0000_0421	cds	0.345895308855303	-1.44690171747346	3.58267920564563	-0.403860249389177	0.686315488649598	0.999719434250228
HMPRNC0000_0422	cds	0.615014429099432	1.05893515250593	2.58310457212701	0.40994668351114	0.681845058992947	0.999719434250228
HMPRNC0000_0423	cds	0	NA	NA	NA	NA	NA
HMPRNC0000_0424	cds	22.0225301933099	0.448826414028022	0.478954167362665	0.937096792579257	0.34870877115662	0.999719434250228
HMPRNC0000_0425	cds	5.38916150142805	-0.263684032055431	0.858024243022467	-0.307315363405794	0.758603342832491	0.999719434250228
HMPRNC0000_0426	cds	1.24188635498467	-1.24004907971909	1.71297995750368	-0.723913361792167	0.46911892627017	0.999719434250228
HMPRNC0000_0427	cds	0.961785477077752	0.769684840337573	2.12327542585931	0.362498821850243	0.716979303780047	0.999719434250228
HMPRNC0000_0429	cds	2.57405416169001	-0.270293317503347	1.20975106286844	-0.223428873757263	0.823201734244295	0.999719434250228
HMPRNC0000_0430	cds	0.920375648744366	0.0752872943992805	2.02098616230797	0.0372527510595631	0.970283478511324	0.999719434250228
HMPRNC0000_0431	cds	3.0089384774152	-0.142304646647235	1.1818242208161	-0.120411008795342	0.904157571095546	0.999719434250228
HMPRNC0000_0432	cds	3.76813730123563	-0.430409120900265	1.14778752605428	-0.374990240902748	0.707667724607883	0.999719434250228
HMPRNC0000_0433	cds	4.61168684415305	0.464607546600477	0.925492994191888	0.502010873681608	0.615659872175357	0.999719434250228
HMPRNC0000_0434	cds	4.4707278815081	-0.906484191302133	0.957089522476927	-0.94712581217708	0.343574673142913	0.999719434250228
HMPRNC0000_0435	cds	21.8141273930756	0.4173415618993	0.488371722091018	0.854557180568123	0.392796341203772	0.999719434250228
HMPRNC0000_0437	cds	0.176391823478747	0.953491072601642	4.04121339089401	0.23594177796949	0.813477849127285	0.999719434250228
HMPRNC0000_0438	cds	0	NA	NA	NA	NA	NA
HMPRNC0000_0439	cds	0	NA	NA	NA	NA	NA
HMPRNC0000_0440	cds	0	NA	NA	NA	NA	NA
HMPRNC0000_0441	cds	0	NA	NA	NA	NA	NA
HMPRNC0000_0442	cds	0.847209673410018	-0.974085538851936	2.04874682325929	-0.475454325440901	0.634463181072152	0.999719434250228
HMPRNC0000_0443	cds	0	NA	NA	NA	NA	NA
HMPRNC0000_0444	cds	0.0487813727193487	0.375790524484671	4.0527002134097	0.0927259616295436	0.926121271465377	0.999719434250228
HMPRNC0000_0445	cds	0	NA	NA	NA	NA	NA
HMPRNC0000_0446	cds	0	NA	NA	NA	NA	NA
HMPRNC0000_0448	cds	0	NA	NA	NA	NA	NA
HMPRNC0000_0449	cds	0.176391823478747	0.953491072601642	4.04121339089401	0.23594177796949	0.813477849127285	0.999719434250228
HMPRNC0000_0450	cds	0	NA	NA	NA	NA	NA
HMPRNC0000_0453	cds	0.345895308855303	-1.44690171747346	3.58267920564563	-0.403860249389177	0.686315488649598	0.999719434250228
HMPRNC0000_0454	cds	0.0487813727193487	0.375790524484671	4.0527002134097	0.0927259616295436	0.926121271465377	0.999719434250228
HMPRNC0000_0455	cds	0.167523630601406	-1.45031368697984	4.06631116532894	-0.356665692322275	0.721342092060065	0.999719434250228
HMPRNC0000_0456	cds	0	NA	NA	NA	NA	NA
HMPRNC0000_0457	cds	0	NA	NA	NA	NA	NA
HMPRNC0000_0458	cds	1.96903074270712	1.28489500316625	1.43864989242931	0.893125568581923	0.371789931869598	0.999719434250228
HMPRNC0000_0459	cds	0	NA	NA	NA	NA	NA
HMPRNC0000_0460	cds	0	NA	NA	NA	NA	NA
HMPRNC0000_0461	cds	0	NA	NA	NA	NA	NA
HMPRNC0000_0462	cds	0.176391823478747	0.953491072601642	4.04121339089401	0.23594177796949	0.813477849127285	0.999719434250228
HMPRNC0000_0463	cds	0	NA	NA	NA	NA	NA
HMPRNC0000_0466	cds	0.216305003320755	-0.660871302467674	3.89797339989202	-0.169542281249529	0.86537011807472	0.999719434250228
HMPRNC0000_0467	cds	2.47315261606937	0.419865998571794	1.27542791807816	0.329196180058891	0.742007410050836	0.999719434250228
HMPRNC0000_0468	cds	2.42156373454249	0.736032276461118	1.272727610491	0.578310920886807	0.563054222581198	0.999719434250228
HMPRNC0000_0469	cds	0.216666667083578	-0.120651453087526	3.90274731382682	-0.0309144926344776	0.975337731996773	0.999719434250228
HMPRNC0000_0471	cds	0.675519588594288	2.72168306544911	2.51582387087108	1.08182575774144	0.279329958970502	0.999719434250228
HMPRNC0000_0472	cds	1.09273472801909	-0.912914809587038	1.90515910900018	-0.479180350488487	0.6318103317596	0.999719434250228
HMPRNC0000_0474	cds	0.225173196198096	1.36512127210923	3.829993073362	0.356429175186711	0.721519183510662	0.999719434250228
HMPRNC0000_0475	cds	0	NA	NA	NA	NA	NA
HMPRNC0000_0476	cds	0.0975627454386974	0.799599759100727	4.04388460996796	0.197730607132003	0.843255841445575	0.999719434250228
HMPRNC0000_0477	cds	0.499127765115541	2.30322168235192	2.79843001867961	0.823040657432147	0.410484873170855	0.999719434250228
HMPRNC0000_0478	cds	0.216666667083578	-0.120651453087526	3.90274731382682	-0.0309144926344776	0.975337731996773	0.999719434250228
HMPRNC0000_0479	cds	0.417081429414501	1.75366284695227	3.03678101642573	0.57747425233062	0.563619127091725	0.999719434250228
HMPRNC0000_0480	cds	1.06315301296795	-1.39370824718228	1.93033485207832	-0.722003358993247	0.470292412364887	0.999719434250228
HMPRNC0000_0481	cds	0.99639721797688	1.09279283692376	1.99023306573162	0.54907782195953	0.582952044502585	0.999719434250228
HMPRNC0000_0482	cds	0.319518683975804	0.935254863299043	3.6919625952401	0.253321868565199	0.800019498438201	0.999719434250228
HMPRNC0000_0483	cds	0.335408924965635	-1.31525528744249	3.04917213135285	-0.431348323670707	0.666215118445371	0.999719434250228
HMPRNC0000_0484	cds	0.659763057614755	-0.909924008073935	2.45997907734665	-0.369890954135831	0.711463741744713	0.999719434250228
HMPRNC0000_0485	cds	0.859675912074834	-2.38526909784656	2.25485548583717	-1.05783679390033	0.290129855116005	0.999719434250228
HMPRNC0000_0486	cds	0	NA	NA	NA	NA	NA
HMPRNC0000_0487	cds	0.828511923612651	1.66948731753367	2.25753306402296	0.739518434586562	0.459592249960798	0.999719434250228
HMPRNC0000_0488	cds	0.345895308855303	-1.44690171747346	3.58267920564563	-0.403860249389177	0.686315488649598	0.999719434250228
HMPRNC0000_0490	cds	8.04992591153138	-0.0242904005452825	0.734183937748378	-0.0330848977979241	0.973606885968905	0.999719434250228
HMPRNC0000_0491	cds	3.19758537904385	-0.09526924018752	1.22240088560353	-0.0779361675122503	0.937878829380219	0.999719434250228
HMPRNC0000_0492	cds	1.34993548431303	-0.960472786379706	1.71153632602564	-0.561175811330875	0.574677690863398	0.999719434250228
HMPRNC0000_0494	cds	0.225173196198096	1.36512127210923	3.829993073362	0.356429175186711	0.721519183510662	0.999719434250228
HMPRNC0000_0495	cds	6.42459616012392	-0.283236676662867	0.81880869931944	-0.3459131258599	0.729408003901517	0.999719434250228
HMPRNC0000_0496	cds	1.63543458592849	1.85462646438486	1.73021101048673	1.07190767666143	0.283761501842052	0.999719434250228
HMPRNC0000_0497	cds	6.7281567790712	-0.524774027661881	0.793546794932111	-0.661301930791335	0.508418703499222	0.999719434250228
HMPRNC0000_0502	cds	0.0975627454386974	0.799599759100727	4.04388460996796	0.197730607132003	0.843255841445575	0.999719434250228
HMPRNC0000_0503	cds	0.0487813727193487	0.375790524484671	4.0527002134097	0.0927259616295436	0.926121271465377	0.999719434250228
HMPRNC0000_0504	cds	5.6950393039346	-0.087788381298234	0.839956193988765	-0.104515428216972	0.916760325384698	0.999719434250228
HMPRNC0000_0505	cds	1.29682057079121	1.20328536557621	1.84825000300737	0.651040369873281	0.515020427479909	0.999719434250228
HMPRNC0000_0506	cds	0.833299287195336	-0.585442802389593	2.2185640752021	-0.263883657422093	0.791869568921415	0.999719434250228
HMPRNC0000_0507	cds	0.0975627454386974	0.799599759100727	4.04388460996796	0.197730607132003	0.843255841445575	0.999719434250228
HMPRNC0000_0509	cds	0.0487813727193487	0.375790524484671	4.0527002134097	0.0927259616295436	0.926121271465377	0.999719434250228
HMPRNC0000_0510	cds	0	NA	NA	NA	NA	NA
HMPRNC0000_0511	cds	0.785393653599004	0.319133508498835	2.27250320028392	0.140432589251783	0.888318210474507	0.999719434250228
HMPRNC0000_0512	cds	3.17825183498996	-1.43852940721139	1.13649419359837	-1.26576045466341	0.205598857029611	0.999719434250228
HMPRNC0000_0513	cds	4.09361866697484	0.371400831714089	1.05234639481415	0.352926406689197	0.724143613401095	0.999719434250228
HMPRNC0000_0514	cds	0.383828633922161	-1.45988224056892	3.13811251533414	-0.465210292312759	0.641780868873606	0.999719434250228
HMPRNC0000_0515	cds	1.0349514524121	2.0009340932531	1.99568266940388	1.00263139221968	0.316038743556945	0.999719434250228
HMPRNC0000_0516	cds	4.470372751843	0.328538338410535	0.93472064070322	0.351482918108415	0.725226085405418	0.999719434250228
HMPRNC0000_0517	cds	2.80718389404115	-0.999048833698205	1.23076265360672	-0.811731515227989	0.416945706546047	0.999719434250228
HMPRNC0000_0518	cds	2.64804779105674	0.013226671506536	1.21466583541753	0.0108891442575146	0.991311891613429	0.999719434250228
HMPRNC0000_0519	cds	3.30820380428733	-1.47402884830186	1.11014092442058	-1.32778534317272	0.184249030268984	0.999719434250228
HMPRNC0000_0520	cds	5.2777364548653	-0.00169033895981944	0.877463694461572	-0.00192639190713944	0.998462962589892	0.999719434250228
HMPRNC0000_0521	cds	5.06013900669376	-0.205938366952613	0.890585276915749	-0.231239357185213	0.817128855821628	0.999719434250228
HMPRNC0000_0522	cds	3.05702781446191	-1.69411072315514	1.16722358913344	-1.4514020612048	0.146667936131411	0.999719434250228
HMPRNC0000_0523	cds	10.639789527919	-0.3789702565546	0.715141965361907	-0.529923113046257	0.596165240325986	0.999719434250228
HMPRNC0000_0524	cds	0.893497115994024	-0.676117421601157	2.18859302282403	-0.308927888625331	0.757376381697164	0.999719434250228
HMPRNC0000_0525	cds	5.17936447085959	-0.806288751568396	0.882396861446901	-0.913748435422008	0.360849046943745	0.999719434250228
HMPRNC0000_0527	cds	2.54104844431386	-0.273990100465526	1.23377909575366	-0.222073871577601	0.824256377486376	0.999719434250228
HMPRNC0000_0528	cds	1.28166582481638	1.45388107205912	1.76890161949712	0.821911776231196	0.411127110174512	0.999719434250228
HMPRNC0000_0530	cds	0	NA	NA	NA	NA	NA
HMPRNC0000_0531	cds	0.146344118158046	1.09517713710624	4.03897252822655	0.271152410533258	0.786273813110385	0.999719434250228
HMPRNC0000_0532	cds	1.16870821216097	-1.11941956096422	1.81520180586803	-0.616691520108373	0.537438215537629	0.999719434250228
HMPRNC0000_0533	cds	0.56256197593888	-1.0698323671002	2.58511876716874	-0.41384263682086	0.678989356362025	0.999719434250228
HMPRNC0000_0534	cds	1.04924262675327	-1.30364961748949	2.04323109093291	-0.638033369438533	0.523451958286681	0.999719434250228
HMPRNC0000_0537	cds	7.99368779228299	-0.185368313002563	0.745302630088417	-0.248715495584085	0.803580861680969	0.999719434250228
HMPRNC0000_0538	cds	5.10521470485331	0.492330113064077	1.04051423528406	0.47316038201983	0.636098760446618	0.999719434250228
HMPRNC0000_0539	cds	3.42264589794477	0.498574922953012	1.11417870910942	0.447482005244502	0.654527077677341	0.999719434250228
HMPRNC0000_0540	cds	0.167885294364229	-0.546066368947976	4.04678249549853	-0.1349384034243	0.89266057567314	0.999719434250228
HMPRNC0000_0541	cds	0.216666667083578	-0.120651453087526	3.90274731382682	-0.0309144926344776	0.975337731996773	0.999719434250228
HMPRNC0000_0542	cds	1.66981583205166	-0.163656325122384	1.5655463030087	-0.104536240677051	0.916743809912147	0.999719434250228
HMPRNC0000_0543	cds	4.94423113362137	-1.09033043824508	0.971411062360956	-1.12241921107538	0.261684239994313	0.999719434250228
HMPRNC0000_0560	cds	0.384190297684984	-0.870064806946467	2.91106931505297	-0.298881514929037	0.765030451751717	0.999719434250228
HMPRNC0000_0561	cds	2.89725609359636	-0.0882263720864442	1.1700982829352	-0.0754008217712515	0.939895805393824	0.999719434250228
HMPRNC0000_0562	cds	1.68663614523116	-1.03829117004938	1.56345256733766	-0.664101483946801	0.506625360447175	0.999719434250228
HMPRNC0000_0563	cds	2.35962659498712	-0.50510167274683	1.31509099228115	-0.384081159183277	0.700918295328541	0.999719434250228
HMPRNC0000_0564	cds	0.495910507454552	2.05240888290464	2.91724630337241	0.70354322860295	0.481717276791693	0.999719434250228
HMPRNC0000_0565	cds	4.79028439143464	-0.354723002349832	0.916235644141697	-0.387152589639891	0.698643246476314	0.999719434250228
HMPRNC0000_0566	cds	2.35811082213208	-0.0594184137358058	1.2862849015901	-0.0461938204066246	0.963155767819893	0.999719434250228
HMPRNC0000_0567	cds	3.72173527300499	-0.130404077439626	1.03778977839843	-0.125655580883513	0.900004564401	0.999719434250228
HMPRNC0000_0568	cds	12.0610679937615	-0.40927624902103	0.620210959171212	-0.659898447405615	0.509319000630014	0.999719434250228
HMPRNC0000_0569	cds	1.54277378971911	-0.735378341862946	1.62074519109124	-0.453728535432408	0.650024225845353	0.999719434250228
HMPRNC0000_0570	cds	1.09173744637512	0.739686812584061	1.96426040661744	0.376572683587224	0.706491191158428	0.999719434250228
HMPRNC0000_0571	cds	3.86629852941344	0.48042197667911	1.03699718185689	0.463281853687246	0.643162351087519	0.999719434250228
HMPRNC0000_0572	cds	0.562200312176057	-1.71559766791269	2.59358902028603	-0.661476299634971	0.508306908848534	0.999719434250228
HMPRNC0000_0573	cds	1.0939240458143	-0.908402579006096	1.89098893280818	-0.480384926239145	0.6309537107252	0.999719434250228
HMPRNC0000_0574	cds	0	NA	NA	NA	NA	NA
HMPRNC0000_0575	cds	0.513418939456709	-2.54152420291002	2.8554589827927	-0.890058032080138	0.373434726274856	0.999719434250228
HMPRNC0000_0576	cds	0	NA	NA	NA	NA	NA
HMPRNC0000_0577	cds	0.273954568917445	1.59922945008679	3.52719659019143	0.453399579295917	0.650261039339036	0.999719434250228
HMPRNC0000_0578	cds	0.0487813727193487	0.375790524484671	4.0527002134097	0.0927259616295436	0.926121271465377	0.999719434250228
HMPRNC0000_0579	cds	0.906839093781857	-0.540521135035655	2.03952504222267	-0.265023044015481	0.790991709796927	0.999719434250228
HMPRNC0000_0580	cds	8.27617383987805	0.275579912129076	0.72966875932581	0.377678102024955	0.705669737075539	0.999719434250228
HMPRNC0000_0581	cds	9.63207387160163	-0.106290628123481	0.70924070413455	-0.149865380686494	0.880870825404974	0.999719434250228
HMPRNC0000_0582	cds	16.3995375961373	-0.416742270320186	0.538106900571787	-0.77446000019208	0.438658813712793	0.999719434250228
HMPRNC0000_0583	cds	8.43915065091524	-0.0538078282740554	0.723448224750126	-0.0743768889510237	0.940710497804498	0.999719434250228
HMPRNC0000_0584	cds	0.167885294364229	-0.546066368947976	4.04678249549853	-0.1349384034243	0.89266057567314	0.999719434250228
HMPRNC0000_0585	cds	23.1263450859852	0.157861956795075	0.484567436572034	0.325779127693423	0.744591471662866	0.999719434250228
HMPRNC0000_0586	cds	32.9555531483829	-0.15872469000607	0.416833882738379	-0.380786439344451	0.703361722406441	0.999719434250228
HMPRNC0000_0587	cds	8.22947484983745	0.121963876479568	0.807171786109417	0.151100272059106	0.879896617892733	0.999719434250228
HMPRNC0000_0588	cds	18.3588031642335	-0.539254275489397	0.51878074276089	-1.03946471223961	0.298588661372944	0.999719434250228
HMPRNC0000_0589	cds	5.17273304723689	0.389148639104738	0.891323520924917	0.436596398466993	0.66240407502719	0.999719434250228
HMPRNC0000_0590	cds	74.6718798903523	-0.000931764081582174	0.339080266178484	-0.00274791597896091	0.997807483025302	0.999719434250228
HMPRNC0000_0591	cds	76.6113344813741	0.224386185859711	0.35360874575364	0.634560622592863	0.525715016960402	0.999719434250228
HMPRNC0000_0592	cds	0.394676681574651	-0.648409492460957	3.16084105849526	-0.205138278218151	0.837464090624571	0.999719434250228
HMPRNC0000_0593	cds	0	NA	NA	NA	NA	NA
HMPRNC0000_0594	cds	3.55738081497394	-0.190910366017357	1.03163213937116	-0.185056628939196	0.853184619071724	0.999719434250228
HMPRNC0000_0595	cds	0.694253255992936	2.82042493651551	2.46881521927913	1.1424204268066	0.25327930452641	0.999719434250228
HMPRNC0000_0596	cds	0.243906863596743	1.54940953912336	4.02560868948633	0.384888263772369	0.700320201503466	0.999719434250228
HMPRNC0000_0597	cds	3.18553775445626	0.127229167987852	1.12578477176403	0.113013758205747	0.910019647625322	0.999719434250228
HMPRNC0000_0598	cds	2.50801706847632	-1.74318120092109	1.3402924475513	-1.30059764501834	0.193396213564296	0.999719434250228
HMPRNC0000_0599	cds	0.0487813727193487	0.375790524484671	4.0527002134097	0.0927259616295436	0.926121271465377	0.999719434250228
HMPRNC0000_0600	cds	0.0487813727193487	0.375790524484671	4.0527002134097	0.0927259616295436	0.926121271465377	0.999719434250228
HMPRNC0000_0601	cds	0	NA	NA	NA	NA	NA
HMPRNC0000_0602	cds	0.584605060015907	0.70884247874256	2.56081856588224	0.276803084836412	0.781931312336192	0.999719434250228
HMPRNC0000_0603	cds	0.119103921644881	-1.33377711657661	4.07039375829128	-0.327677663582238	0.743155393650616	0.999719434250228
HMPRNC0000_0605	cds	0.67081784993127	-1.70167658758615	2.35879516374665	-0.721417702452489	0.470652558220996	0.999719434250228
HMPRNC0000_0606	cds	0.866564250177027	0.0905881702861271	2.1473550961058	0.0421859293092268	0.96635047935994	0.999719434250228
HMPRNC0000_0608	cds	1.74828324632889	-0.295579147852063	1.5273690180368	-0.19352176478739	0.846550362386045	0.999719434250228
HMPRNC0000_0609	cds	0.265448039802927	0.183718671281334	3.60766581706817	0.0509245258837848	0.959385662032769	0.999719434250228
HMPRNC0000_0611	cds	0.441839863281674	0.884871184924693	2.76985391505716	0.319464929220439	0.749373981579547	0.999719434250228
HMPRNC0000_0612	cds	1.91424301898462	-0.57950584175723	1.51040559945017	-0.383675644454832	0.701218866485879	0.999719434250228
HMPRNC0000_0613	cds	0.665413992831107	-0.176625468816465	2.72130167423309	-0.0649047735092586	0.948249819899732	0.999719434250228
HMPRNC0000_0614	cds	1.3629701314047	-2.20093597061021	1.78879868749355	-1.2303989185581	0.218547758132224	0.999719434250228
HMPRNC0000_0615	cds	3.13367029306279	-1.06585756283364	1.15928877142022	-0.919406440491857	0.357883021853018	0.999719434250228
HMPRNC0000_0616	cds	0.738592135654805	-0.753327462064829	2.26850593437248	-0.332080886653363	0.73982818220894	0.999719434250228
HMPRNC0000_0617	cds	0.417081429414501	1.75366284695227	3.03678101642573	0.57747425233062	0.563619127091725	0.999719434250228
HMPRNC0000_0619	cds	1.67067940368533	1.63570441963654	1.64228365256979	0.995993851048231	0.319253132824972	0.999719434250228
HMPRNC0000_0620	cds	3.33034676549822	-0.616298721301082	1.13817439140469	-0.541480045549497	0.588176747879696	0.999719434250228
HMPRNC0000_0621	cds	0.611343348658229	-0.736764034145967	2.51432263860525	-0.293026846608145	0.769501631288362	0.999719434250228
HMPRNC0000_0622	cds	3.84900526909007	1.47762270565843	1.09633969185964	1.34777817188398	0.177729740571599	0.999719434250228
HMPRNC0000_0623	cds	0.319518683975804	0.935254863299043	3.6919625952401	0.253321868565199	0.800019498438201	0.999719434250228
HMPRNC0000_0625	cds	1.90568215680345	-0.345254123286387	1.37789476848285	-0.250566393881105	0.802149366756334	0.999719434250228
HMPRNC0000_0626	cds	0.119103921644881	-1.33377711657661	4.07039375829128	-0.327677663582238	0.743155393650616	0.999719434250228
HMPRNC0000_0627	cds	0.891824591915043	1.84026607553453	2.18048688944774	0.843970254735456	0.398686027538112	0.999719434250228
HMPRNC0000_0628	cds	6.03649211973243	-0.793680625946946	0.842724887355334	-0.941802761323092	0.346293631182316	0.999719434250228
HMPRNC0000_0629	cds	2.36105857504763	0.264981837492716	1.27711513638296	0.207484689472241	0.835631348546792	0.999719434250228
HMPRNC0000_0630	cds	0.0487813727193487	0.375790524484671	4.0527002134097	0.0927259616295436	0.926121271465377	0.999719434250228
HMPRNC0000_0631	cds	0.319518683975804	0.935254863299043	3.6919625952401	0.253321868565199	0.800019498438201	0.999719434250228
HMPRNC0000_0632	cds	0.0975627454386974	0.799599759100727	4.04388460996796	0.197730607132003	0.843255841445575	0.999719434250228
HMPRNC0000_0633	cds	1.29668032668319	-0.396295773126718	1.7459135545966	-0.226984762265783	0.820435590899139	0.999719434250228
HMPRNC0000_0634	cds	0	NA	NA	NA	NA	NA
HMPRNC0000_0635	cds	0.584103152145064	-2.83429934331684	2.69497138715942	-1.05169923392184	0.29293756259878	0.999719434250228
HMPRNC0000_0636	cds	1.19998115287816	1.4291890369886	1.89497473429701	0.754199521039414	0.450729425167427	0.999719434250228
HMPRNC0000_0637	cds	4.80333120601565	-1.01737339192385	0.92700033421165	-1.09748977899674	0.272427346358765	0.999719434250228
HMPRNC0000_0638	cds	2.55306668539789	0.802662041186216	1.38140927847248	0.581045786860337	0.561209595055657	0.999719434250228
HMPRNC0000_0639	cds	1.42516651656561	0.44789887882872	1.68911316101921	0.265168071130568	0.79087999026574	0.999719434250228
HMPRNC0000_0640	cds	3.44024458061486	0.158102290204506	1.08735543174478	0.145400745320979	0.88439447623663	0.999719434250228
HMPRNC0000_0641	cds	2.09135192201299	1.03816859604296	1.40882125611285	0.736905829279876	0.46117961886339	0.999719434250228
HMPRNC0000_0643	cds	0.265086376040103	-0.226838741306307	3.60889173429503	-0.0628555129960467	0.949881560241462	0.999719434250228
HMPRNC0000_0644	cds	0.0487813727193487	0.375790524484671	4.0527002134097	0.0927259616295436	0.926121271465377	0.999719434250228
HMPRNC0000_0645	cds	0	NA	NA	NA	NA	NA
HMPRNC0000_0646	cds	0.167523630601406	-1.45031368697984	4.06631116532894	-0.356665692322275	0.721342092060065	0.999719434250228
HMPRNC0000_0647	cds	0	NA	NA	NA	NA	NA
HMPRNC0000_0648	cds	0.176391823478747	0.953491072601642	4.04121339089401	0.23594177796949	0.813477849127285	0.999719434250228
HMPRNC0000_0649	cds	0	NA	NA	NA	NA	NA
HMPRNC0000_0650	cds	0	NA	NA	NA	NA	NA
HMPRNC0000_0651	cds	0.0975627454386974	0.799599759100727	4.04388460996796	0.197730607132003	0.843255841445575	0.999719434250228
HMPRNC0000_0652	cds	0.0487813727193487	0.375790524484671	4.0527002134097	0.0927259616295436	0.926121271465377	0.999719434250228
HMPRNC0000_0653	cds	0.343915454080153	-0.121041835981614	3.3000429015719	-0.0366788673941054	0.970741058679562	0.999719434250228
HMPRNC0000_0654	cds	0.495910507454552	2.05240888290464	2.91724630337241	0.70354322860295	0.481717276791693	0.999719434250228
HMPRNC0000_0655	cds	0	NA	NA	NA	NA	NA
HMPRNC0000_0656	cds	0	NA	NA	NA	NA	NA
HMPRNC0000_0657	cds	0	NA	NA	NA	NA	NA
HMPRNC0000_0658	cds	0.0487813727193487	0.375790524484671	4.0527002134097	0.0927259616295436	0.926121271465377	0.999719434250228
HMPRNC0000_0659	cds	2.4667596517403	-1.86510414319524	1.37195383705353	-1.35945109290326	0.174003690157449	0.999719434250228
HMPRNC0000_0661	cds	0	NA	NA	NA	NA	NA
HMPRNC0000_0662	cds	0.833299287195336	-0.585442802389593	2.2185640752021	-0.263883657422093	0.791869568921415	0.999719434250228
HMPRNC0000_0663	cds	0.0975627454386974	0.799599759100727	4.04388460996796	0.197730607132003	0.843255841445575	0.999719434250228
HMPRNC0000_0664	cds	5.11730137293239	-0.870582583420094	0.895748703223374	-0.971904933032313	0.33109784544299	0.999719434250228
HMPRNC0000_0665	cds	0.0487813727193487	0.375790524484671	4.0527002134097	0.0927259616295436	0.926121271465377	0.999719434250228
HMPRNC0000_0666	cds	1.78488700949252	-1.44130548228422	1.62684968560309	-0.885948772673436	0.375645132468171	0.999719434250228
HMPRNC0000_0667	cds	0.345895308855303	-1.44690171747346	3.58267920564563	-0.403860249389177	0.686315488649598	0.999719434250228
HMPRNC0000_0668	cds	0.495910507454552	2.05240888290464	2.91724630337241	0.70354322860295	0.481717276791693	0.999719434250228
HMPRNC0000_0669	cds	0.119103921644881	-1.33377711657661	4.07039375829128	-0.327677663582238	0.743155393650616	0.999719434250228
HMPRNC0000_0671	cds	0.394676681574651	-0.648409492460957	3.16084105849526	-0.205138278218151	0.837464090624571	0.999719434250228
HMPRNC0000_0672	cds	0.715794432199119	1.67195315842778	2.33231987966886	0.716862713816578	0.473458810673115	0.999719434250228
HMPRNC0000_0673	cds	10.3695728261205	0.225241549623552	0.661372952331805	0.340566618016986	0.733429863570647	0.999719434250228
HMPRNC0000_0674	cds	1.7678804853612	1.59537027448297	1.61464317835832	0.98806367615231	0.323121463880456	0.999719434250228
HMPRNC0000_0676	cds	10.0145494796303	0.00745648759933104	0.725838689812191	0.010272926621286	0.991803534621161	0.999719434250228
HMPRNC0000_0677	cds	7.16466581990644	0.213578813166636	0.763429548374188	0.279762308940591	0.779659870527112	0.999719434250228
HMPRNC0000_0678	cds	0.0487813727193487	0.375790524484671	4.0527002134097	0.0927259616295436	0.926121271465377	0.999719434250228
HMPRNC0000_0679	cds	0	NA	NA	NA	NA	NA
HMPRNC0000_0680	cds	0	NA	NA	NA	NA	NA
HMPRNC0000_0681	cds	0.383828633922161	-1.45988224056892	3.13811251533414	-0.465210292312759	0.641780868873606	0.999719434250228
HMPRNC0000_0682	cds	0.502570891804218	-2.72183433990594	3.07064854634834	-0.886403734853596	0.375400007350612	0.999719434250228
HMPRNC0000_0684	cds	0.265086376040103	-0.226838741306307	3.60889173429503	-0.0628555129960467	0.949881560241462	0.999719434250228
HMPRNC0000_0685	cds	0	NA	NA	NA	NA	NA
HMPRNC0000_0686	cds	0.482114706886505	0.0761439506814137	2.87036312108552	0.0265276369118822	0.97883649028424	0.999719434250228
HMPRNC0000_0687	cds	0.368300056695153	1.36469586330921	3.21312284482372	0.42472570431215	0.671036643489566	0.999719434250228
HMPRNC0000_0688	cds	0.345895308855303	-1.44690171747346	3.58267920564563	-0.403860249389177	0.686315488649598	0.999719434250228
HMPRNC0000_0689	cds	3.43963583873585	-0.471111447499555	1.09239681307895	-0.431264025909885	0.666276404445965	0.999719434250228
HMPRNC0000_0690	cds	2.30641952244791	0.385900534561293	1.29860533539302	0.29716536968062	0.76634025926572	0.999719434250228
HMPRNC0000_0691	cds	2.88334570738168	0.125476568719948	1.13744643425295	0.110314266185518	0.912160143536429	0.999719434250228
HMPRNC0000_0692	cds	3.52714478045459	-1.02419363931616	1.07796601660269	-0.950116815875142	0.342052899648472	0.999719434250228
HMPRNC0000_0693	cds	1.25578457371	-0.467390199527561	1.75809638151851	-0.26585015727287	0.790354612770529	0.999719434250228
HMPRNC0000_0694	cds	2.64661581099623	-0.695322986293244	1.23114145155312	-0.564779120560089	0.572224010423274	0.999719434250228
HMPRNC0000_0695	cds	0.119103921644881	-1.33377711657661	4.07039375829128	-0.327677663582238	0.743155393650616	0.999719434250228
HMPRNC0000_0696	cds	1.37197856839006	0.100941377639247	1.70624879775636	0.0591598234512932	0.952824809806561	0.999719434250228
HMPRNC0000_0698	cds	1.35248374751503	-1.92771388578644	1.74892163878708	-1.1022299930621	0.270361695721463	0.999719434250228
HMPRNC0000_0699	cds	0.855716202524536	-0.274514989195612	2.10383932510168	-0.13048286811653	0.896184407521892	0.999719434250228
HMPRNC0000_0700	cds	0.273954568917445	1.59922945008679	3.52719659019143	0.453399579295917	0.650261039339036	0.999719434250228
HMPRNC0000_0701	cds	0.314229412522275	0.428573315432851	3.38545245075932	0.126592625850269	0.899262833702065	0.999719434250228
HMPRNC0000_0702	cds	0.513418939456709	-2.54152420291002	2.8554589827927	-0.890058032080138	0.373434726274856	0.999719434250228
HMPRNC0000_0704	cds	3.18269432804744	-0.35600450467477	1.10224379254227	-0.322981637169091	0.746709148832598	0.999719434250228
HMPRNC0000_0706	cds	3.24020364953611	-0.532818870257772	1.11175966580032	-0.479257241154015	0.631755637005342	0.999719434250228
HMPRNC0000_0707	cds	1.11499923175092	-1.03685352470916	1.98920196442506	-0.521240951523414	0.602198929692266	0.999719434250228
HMPRNC0000_0708	cds	0.460211866917498	0.78487288490515	2.93431005523748	0.267481237541419	0.789098658342409	0.999719434250228
HMPRNC0000_0710	cds	0.368300056695153	1.36469586330921	3.21312284482372	0.42472570431215	0.671036643489566	0.999719434250228
HMPRNC0000_0712	cds	0.119103921644881	-1.33377711657661	4.07039375829128	-0.327677663582238	0.743155393650616	0.999719434250228
HMPRNC0000_0714	cds	0.273954568917445	1.59922945008679	3.52719659019143	0.453399579295917	0.650261039339036	0.999719434250228
HMPRNC0000_0715	cds	0.238207843289761	-1.92641116629437	4.04312367186234	-0.476466050173288	0.633742388520023	0.999719434250228
HMPRNC0000_0716	cds	0.441839863281674	0.884871184924693	2.76985391505716	0.319464929220439	0.749373981579547	0.999719434250228
HMPRNC0000_0717	cds	5.22830076267774	-0.523764663601891	0.921887730261252	-0.568143653949557	0.569937427881557	0.999719434250228
HMPRNC0000_0718	cds	4.529531556197	-1.03997955267767	0.967830104183426	-1.07454763825012	0.282577305613397	0.999719434250228
HMPRNC0000_0719	cds	0.384190297684984	-0.870064806946467	2.91106931505297	-0.298881514929037	0.765030451751717	0.999719434250228
HMPRNC0000_0721	cds	1.58132802415433	-0.395910202956205	1.55862709766865	-0.254012138983338	0.799486180056136	0.999719434250228
HMPRNC0000_0722	cds	2.72615354157115	-0.152882780190307	1.22152779690968	-0.125157021049445	0.900399241862202	0.999719434250228
HMPRNC0000_0723	cds	0.443458054294	-0.202129893262732	3.0378860895293	-0.0665363635454977	0.946950807917231	0.999719434250228
HMPRNC0000_0724	cds	0.738592135654805	-0.753327462064829	2.26850593437248	-0.332080886653363	0.73982818220894	0.999719434250228
HMPRNC0000_0725	cds	1.22157041417498	1.48519852377921	1.78072317687534	0.834042339127249	0.404257125726479	0.999719434250228
HMPRNC0000_0726	cds	0.417081429414501	1.75366284695227	3.03678101642573	0.57747425233062	0.563619127091725	0.999719434250228
HMPRNC0000_0727	cds	0.659763057614755	-0.909924008073935	2.45997907734665	-0.369890954135831	0.711463741744713	0.999719434250228
HMPRNC0000_0728	cds	1.14270541853365	-0.713191179053568	1.82467795530927	-0.390858659183334	0.695901713165033	0.999719434250228
HMPRNC0000_0729	cds	5.52271151651289	-0.662362567255303	0.867151768574567	-0.763836955950746	0.444964410782784	0.999719434250228
HMPRNC0000_0730	cds	7.059846538505	-0.966089362378076	0.774909275678359	-1.24671286394444	0.212502800299453	0.999719434250228
HMPRNC0000_0731	cds	0.265086376040103	-0.226838741306307	3.60889173429503	-0.0628555129960467	0.949881560241462	0.999719434250228
HMPRNC0000_0733	cds	0	NA	NA	NA	NA	NA
HMPRNC0000_0734	cds	0	NA	NA	NA	NA	NA
HMPRNC0000_0735	cds	0.955258802738383	-0.623382859484765	1.92477864939476	-0.323872492912775	0.746034569965833	0.999719434250228
HMPRNC0000_0737	cds	1.25864016760817	-0.382319972130181	1.73788119302791	-0.219992007315567	0.825877379471766	0.999719434250228
HMPRNC0000_0738	cds	0.28698921600911	-1.14796227981964	3.48608271901746	-0.329298634698831	0.74192997597943	0.999719434250228
HMPRNC0000_0739	cds	1.76224796561023	-1.34969701359911	1.53954830790112	-0.876683769305794	0.380658424979864	0.999719434250228
HMPRNC0000_0740	cds	0.562200312176057	-1.71559766791269	2.59358902028603	-0.661476299634971	0.508306908848534	0.999719434250228
HMPRNC0000_0741	cds	0.225173196198096	1.36512127210923	3.829993073362	0.356429175186711	0.721519183510662	0.999719434250228
HMPRNC0000_0742	cds	0.0487813727193487	0.375790524484671	4.0527002134097	0.0927259616295436	0.926121271465377	0.999719434250228
HMPRNC0000_0743	cds	0	NA	NA	NA	NA	NA
HMPRNC0000_0744	cds	0	NA	NA	NA	NA	NA
HMPRNC0000_0745	cds	0	NA	NA	NA	NA	NA
HMPRNC0000_0746	cds	0.757687466816275	-0.00811336111510613	2.32688319541075	-0.00348679346307881	0.997217946966343	0.999719434250228
HMPRNC0000_0747	cds	0.0487813727193487	0.375790524484671	4.0527002134097	0.0927259616295436	0.926121271465377	0.999719434250228
HMPRNC0000_0748	cds	2.02855332907079	1.08061994996435	1.58546660963254	0.681578497711036	0.495505515181101	0.999719434250228
HMPRNC0000_0749	cds	3.32191397993571	0.633195374581893	1.18636523613418	0.53372718223368	0.593530299950875	0.999719434250228
HMPRNC0000_0750	cds	0.606917648838367	1.49966789591679	2.66530734292765	0.562662276039622	0.573664876756894	0.999719434250228
HMPRNC0000_0751	cds	0	NA	NA	NA	NA	NA
HMPRNC0000_0752	cds	2.2276947709146	-0.0723616980919944	1.32509744888119	-0.0546085860727382	0.956450298270932	0.999719434250228
HMPRNC0000_0753	cds	1.22437792298251	0.699325826407401	1.74495895590648	0.400769212387642	0.688590048078795	0.999719434250228
HMPRNC0000_0754	cds	21.4463936600824	-0.023884530687823	0.481402116428374	-0.04961451118044	0.960429582624347	0.999719434250228
HMPRNC0000_0755	cds	1.45905492993909	0.33270149637476	1.61346350274896	0.206203298561086	0.836632111337801	0.999719434250228
HMPRNC0000_0756	cds	0.0975627454386974	0.799599759100727	4.04388460996796	0.197730607132003	0.843255841445575	0.999719434250228
HMPRNC0000_0757	cds	0.313867748759452	0.0845059777468095	3.38573230597931	0.0249594386412562	0.98008731679588	0.999719434250228
HMPRNC0000_0758	cds	1.28488308247737	1.60048831524328	1.81400458855347	0.882295626671787	0.377616960817795	0.999719434250228
HMPRNC0000_0760	cds	1.98044719878646	0.861740466888148	1.40856373519215	0.611786634397907	0.540678933806821	0.999719434250228
HMPRNC0000_0762	cds	0	NA	NA	NA	NA	NA
HMPRNC0000_0763	cds	0.394676681574651	-0.648409492460957	3.16084105849526	-0.205138278218151	0.837464090624571	0.999719434250228
HMPRNC0000_0764	cds	1.00932944691126	-0.159098477093572	2.11937369831143	-0.0750686286332281	0.940160108097637	0.999719434250228
HMPRNC0000_0765	cds	1.03444954454126	-0.227831789476542	1.95763627140888	-0.116381062613116	0.90735054324431	0.999719434250228
HMPRNC0000_0767	cds	1.90912528349213	-2.68260747441181	1.58473522827606	-1.69277960541715	0.0904974260927732	0.999719434250228
HMPRNC0000_0768	cds	0.67081784993127	-1.70167658758615	2.35879516374665	-0.721417702452489	0.470652558220996	0.999719434250228
HMPRNC0000_0769	cds	0.216666667083578	-0.120651453087526	3.90274731382682	-0.0309144926344776	0.975337731996773	0.999719434250228
HMPRNC0000_0771	cds	1.25399092988666	-2.9556334878567	2.03264293356468	-1.4540839608624	0.145923029784253	0.999719434250228
HMPRNC0000_0772	cds	4.15975355259755	-0.55646108689118	0.98602060546697	-0.56435036327425	0.572515712489364	0.999719434250228
HMPRNC0000_0773	cds	0.503655883092688	-0.844537273702254	2.8298143165063	-0.298442646493119	0.765365343988419	0.999719434250228
HMPRNC0000_0774	cds	1.92763308186309	-0.0049746756804497	1.39522939919532	-0.00356548943372235	0.997155157056741	0.999719434250228
HMPRNC0000_0775	cds	0.858057721062509	-0.785295205551153	2.09275934663972	-0.375243912689759	0.707479074599902	0.999719434250228
HMPRNC0000_0776	cds	0.736973944642479	0.44446773053113	2.1963828642832	0.202363503084506	0.839632558430927	0.999719434250228
HMPRNC0000_0777	cds	11.9507503805489	-0.106901276298622	0.620007674977908	-0.172419279007201	0.863107916687929	0.999719434250228
HMPRNC0000_0778	cds	10.2849607586035	-0.510042344498992	0.658689033924393	-0.774329491201968	0.438735968000239	0.999719434250228
HMPRNC0000_0779	cds	4.28570235300226	1.13687923877576	1.02406637429369	1.11016167244031	0.266929365442948	0.999719434250228
HMPRNC0000_0780	cds	9.42322004221018	0.687544746138196	0.709573998773411	0.968954256112407	0.332568013083734	0.999719434250228
HMPRNC0000_0783	cds	0.335408924965635	-1.31525528744249	3.04917213135285	-0.431348323670707	0.666215118445371	0.999719434250228
HMPRNC0000_0784	cds	0.0487813727193487	0.375790524484671	4.0527002134097	0.0927259616295436	0.926121271465377	0.999719434250228
HMPRNC0000_0785	cds	0.216305003320755	-0.660871302467674	3.89797339989202	-0.169542281249529	0.86537011807472	0.999719434250228
HMPRNC0000_0786	cds	0.0487813727193487	0.375790524484671	4.0527002134097	0.0927259616295436	0.926121271465377	0.999719434250228
HMPRNC0000_0787	cds	0.0487813727193487	0.375790524484671	4.0527002134097	0.0927259616295436	0.926121271465377	0.999719434250228
HMPRNC0000_0788	cds	0.0487813727193487	0.375790524484671	4.0527002134097	0.0927259616295436	0.926121271465377	0.999719434250228
HMPRNC0000_0789	cds	0	NA	NA	NA	NA	NA
HMPRNC0000_0790	cds	0.28698921600911	-1.14796227981964	3.48608271901746	-0.329298634698831	0.74192997597943	0.999719434250228
HMPRNC0000_0791	cds	1.54184371752944	-0.621194743176791	1.63837421930484	-0.379153148198562	0.704574140896929	0.999719434250228
HMPRNC0000_0792	cds	6.78109897261325	0.245932886976279	0.786447287163943	0.31271375843021	0.754498141745876	0.999719434250228
HMPRNC0000_0794	cds	1.06351467673077	-1.07801640001471	1.87491429799688	-0.574968360509298	0.565312695290337	0.999719434250228
HMPRNC0000_0795	cds	0.513780603219532	-1.53409437773976	2.66311243433842	-0.576053176711206	0.564579238897781	0.999719434250228
HMPRNC0000_0797	cds	0.74584213751982	1.66916362067758	2.33923051073054	0.713552432315147	0.475503980272135	0.999719434250228
HMPRNC0000_0799	cds	1.08731174655526	2.37026459251645	2.03920137815792	1.16234944616289	0.245093549247428	0.999719434250228
HMPRNC0000_0800	cds	0	NA	NA	NA	NA	NA
HMPRNC0000_0802	cds	0.712215510775306	1.18502405841981	2.31478301110554	0.511937426849286	0.608694803221843	0.999719434250228
HMPRNC0000_0803	cds	1.8630536271713	1.27370918920353	1.58275384667085	0.804742437924028	0.420968324736111	0.999719434250228
HMPRNC0000_0804	cds	4.16299385147218	0.218526067027211	1.01802532514535	0.214656808263598	0.83003489955588	0.999719434250228
HMPRNC0000_0805	cds	0.319518683975804	0.935254863299043	3.6919625952401	0.253321868565199	0.800019498438201	0.999719434250228
HMPRNC0000_0806	cds	0.0487813727193487	0.375790524484671	4.0527002134097	0.0927259616295436	0.926121271465377	0.999719434250228
HMPRNC0000_0807	cds	2.76646430277726	0.60964186392614	1.30606636801364	0.466777094071662	0.640659365647413	0.999719434250228
HMPRNC0000_0808	cds	6.20375396370486	-0.712899388756839	0.861970494203212	-0.827057763056994	0.40820432239421	0.999719434250228
HMPRNC0000_0809	cds	3.38520794665103	-0.751821083871063	1.10466682329488	-0.680586279968665	0.496133310756582	0.999719434250228
HMPRNC0000_0810	cds	0	NA	NA	NA	NA	NA
HMPRNC0000_0811	cds	0	NA	NA	NA	NA	NA
HMPRNC0000_0812	cds	0	NA	NA	NA	NA	NA
HMPRNC0000_0813	cds	1.09039320948111	-0.535129171632672	2.01025027820831	-0.266200272390769	0.790084973253765	0.999719434250228
HMPRNC0000_0814	cds	0.176391823478747	0.953491072601642	4.04121339089401	0.23594177796949	0.813477849127285	0.999719434250228
HMPRNC0000_0815	cds	0.619849877772747	0.588323261513419	2.53857248042448	0.231753580427628	0.816729412922431	0.999719434250228
HMPRNC0000_0817	cds	0.273954568917445	1.59922945008679	3.52719659019143	0.453399579295917	0.650261039339036	0.999719434250228
HMPRNC0000_0818	cds	0.682167805454605	1.22310064026148	2.41448686571108	0.506567526885788	0.612458298024233	0.999719434250228
HMPRNC0000_0819	cds	0	NA	NA	NA	NA	NA
HMPRNC0000_0821	cds	0.904031584974321	0.490391141690354	2.19354226161536	0.223561291829966	0.823098685949937	0.999719434250228
HMPRNC0000_0823	cds	2.40281789965449	1.48772070692641	1.35578282604889	1.09731490792078	0.272503756214495	0.999719434250228
HMPRNC0000_0825	cds	0.335408924965635	-1.31525528744249	3.04917213135285	-0.431348323670707	0.666215118445371	0.999719434250228
HMPRNC0000_0826	cds	0.0487813727193487	0.375790524484671	4.0527002134097	0.0927259616295436	0.926121271465377	0.999719434250228
HMPRNC0000_0827	cds	0.481753043123681	-0.289958815567386	2.69042337524064	-0.107774418790668	0.914174635519261	0.999719434250228
HMPRNC0000_0828	cds	0.785381486109654	2.76199747756706	2.43007429440361	1.13658972646551	0.255709836811136	0.999719434250228
HMPRNC0000_0829	cds	0.769865076371996	2.79469138396769	2.29231380801879	1.21915741823459	0.222784450300986	0.999719434250228
HMPRNC0000_0831	cds	1.29718223455404	1.39826859687757	1.77006553682644	0.789953008962896	0.429555211957532	0.999719434250228
HMPRNC0000_0832	cds	0	NA	NA	NA	NA	NA
HMPRNC0000_0833	cds	0	NA	NA	NA	NA	NA
HMPRNC0000_0834	cds	34.7045887742964	0.342412611641961	0.470884535776569	0.727168946156333	0.467122467007654	0.999719434250228
HMPRNC0000_0837	cds	7.0028659673673	-0.906565758254217	0.82108271215956	-1.10411015215486	0.269545357912544	0.999719434250228
HMPRNC0000_0838	cds	1.04798609950376	0.338652136356166	1.84949841521267	0.183104853494683	0.854715747620478	0.999719434250228
HMPRNC0000_0839	cds	0.0975627454386974	0.799599759100727	4.04388460996796	0.197730607132003	0.843255841445575	0.999719434250228
HMPRNC0000_0840	cds	0.0487813727193487	0.375790524484671	4.0527002134097	0.0927259616295436	0.926121271465377	0.999719434250228
HMPRNC0000_0841	cds	0.345895308855303	-1.44690171747346	3.58267920564563	-0.403860249389177	0.686315488649598	0.999719434250228
HMPRNC0000_0842	cds	3.27840084595678	1.52181360010913	1.17716932738255	1.29277374521208	0.196089323446848	0.999719434250228
HMPRNC0000_0843	cds	3.46339699095906	-0.120298687913545	1.0859809780516	-0.110774212757738	0.911795394713768	0.999719434250228
HMPRNC0000_0847	cds	1.17757640503831	-0.0506607465292333	1.82355610938812	-0.0277812929738873	0.977836586248332	0.999719434250228
HMPRNC0000_0848	cds	1.05245988441426	-0.526316210281553	1.94467661889493	-0.270644592097083	0.786664395765996	0.999719434250228
HMPRNC0000_0849	cds	2.13173109212456	0.379099729525198	1.41871575535521	0.267213307594713	0.789304930596075	0.999719434250228
HMPRNC0000_0850	cds	1.42837160673725	1.88633738210974	1.74882602821955	1.07863066518411	0.280752405476613	0.999719434250228
HMPRNC0000_0851	cds	1.92477748796492	-0.0336938935408827	1.38270288926914	-0.0243681370758489	0.980558963705029	0.999719434250228
HMPRNC0000_0852	cds	0.828511923612651	1.66948731753367	2.25753306402296	0.739518434586562	0.459592249960798	0.999719434250228
HMPRNC0000_0853	cds	3.12983421075827	1.19994512902776	1.21841709944673	0.984839370337667	0.324702978499722	0.999719434250228
HMPRNC0000_0854	cds	3.65933796837949	0.414030462301025	1.06130285007809	0.39011528355979	0.69645130179742	0.999719434250228
HMPRNC0000_0856	cds	2.86458709041994	-0.759873330047046	1.2977596835025	-0.585526996798233	0.55819341944967	0.999719434250228
HMPRNC0000_0857	cds	1.4560590919329	-0.973821211597592	1.72510984453101	-0.564498089605614	0.572415199924552	0.999719434250228
HMPRNC0000_0858	cds	1.12400766873628	1.29509991521922	1.82502766162953	0.709633033212687	0.477931729476085	0.999719434250228
HMPRNC0000_0859	cds	92.8783713737861	-0.032969622119577	0.422828429214405	-0.0779739956956842	0.937848738427025	0.999719434250228
HMPRNC0000_0860	cds	17.3336925048117	-0.0336504273450161	0.544247697601417	-0.0618292507130829	0.950698809343491	0.999719434250228
HMPRNC0000_0861	cds	25.8787518958793	0.00995482493086526	0.454523904502688	0.0219016532073428	0.982526406023591	0.999719434250228
HMPRNC0000_0863	cds	18.1520694491577	0.137311126335278	0.548306672913841	0.250427603963986	0.802256684679713	0.999719434250228
HMPRNC0000_0864	cds	14.9970141165282	-0.0462669394817486	0.554649392109002	-0.0834165513205071	0.933520328327136	0.999719434250228
HMPRNC0000_0865	cds	27.4060929743414	0.0367962909074884	0.449775735194438	0.0818103068445464	0.934797559874317	0.999719434250228
HMPRNC0000_0867	cds	0.687818740670957	2.51222489607504	2.59932620580161	0.966490812298912	0.333798642150253	0.999719434250228
HMPRNC0000_0868	cds	2.53465505720819	0.18707232797689	1.29807307967332	0.144115405292874	0.885409340046914	0.999719434250228
HMPRNC0000_0869	cds	0.512162412207206	0.0462015296742414	2.62474379633529	0.017602300742171	0.985956121235178	0.999719434250228
HMPRNC0000_0870	cds	4.66280973541037	0.40584146708953	0.933056344775919	0.434959227662715	0.663592022539569	0.999719434250228
HMPRNC0000_0871	cds	0.481753043123681	-0.289958815567386	2.69042337524064	-0.107774418790668	0.914174635519261	0.999719434250228
HMPRNC0000_0873	cds	0.216666667083578	-0.120651453087526	3.90274731382682	-0.0309144926344776	0.975337731996773	0.999719434250228
HMPRNC0000_0874	cds	0.55171392828639	-1.37807115766048	2.55623537831892	-0.539101825030976	0.589816596380226	0.999719434250228
HMPRNC0000_0875	cds	0.167885294364229	-0.546066368947976	4.04678249549853	-0.1349384034243	0.89266057567314	0.999719434250228
HMPRNC0000_0876	cds	0.216305003320755	-0.660871302467674	3.89797339989202	-0.169542281249529	0.86537011807472	0.999719434250228
HMPRNC0000_0877	cds	20.3988795608711	0.516114269026177	0.563927096247038	0.915214524113034	0.360079021295623	0.999719434250228
HMPRNC0000_0878	cds	0	NA	NA	NA	NA	NA
HMPRNC0000_0879	cds	0.520668941321724	1.05589705027683	2.65987380649838	0.39697261114311	0.691387657844115	0.999719434250228
HMPRNC0000_0881	cds	0.167885294364229	-0.546066368947976	4.04678249549853	-0.1349384034243	0.89266057567314	0.999719434250228
HMPRNC0000_0882	cds	0.225173196198096	1.36512127210923	3.829993073362	0.356429175186711	0.721519183510662	0.999719434250228
HMPRNC0000_0883	cds	17.5034663655609	-0.895510804471332	0.579564368819926	-1.54514468564504	0.122311270375515	0.999719434250228
HMPRNC0000_0884	cds	0.167523630601406	-1.45031368697984	4.06631116532894	-0.356665692322275	0.721342092060065	0.999719434250228
HMPRNC0000_0886	cds	0	NA	NA	NA	NA	NA
HMPRNC0000_0887	cds	0.0487813727193487	0.375790524484671	4.0527002134097	0.0927259616295436	0.926121271465377	0.999719434250228
HMPRNC0000_0888	cds	0.0487813727193487	0.375790524484671	4.0527002134097	0.0927259616295436	0.926121271465377	0.999719434250228
HMPRNC0000_0889	cds	0.286627552246287	-2.10374684818585	3.48560055425297	-0.603553624530772	0.546140453262705	0.999719434250228
HMPRNC0000_0890	cds	1.43575531861256	0.281068536422112	1.64924333911666	0.170422720380762	0.864677705221463	0.999719434250228
HMPRNC0000_0891	cds	7.49694550106687	0.565261342514692	0.917286941730664	0.616231755625129	0.537741572598925	0.999719434250228
HMPRNC0000_0892	cds	0.946390609861041	-1.65492337088762	2.02430951384939	-0.817524869376645	0.413628543029605	0.999719434250228
HMPRNC0000_0893	cds	0.286627552246287	-2.10374684818585	3.48560055425297	-0.603553624530772	0.546140453262705	0.999719434250228
HMPRNC0000_0894	cds	1.00586511113408	-2.32525052195231	2.05861533726168	-1.12952161575037	0.258677856265056	0.999719434250228
HMPRNC0000_0895	cds	0	NA	NA	NA	NA	NA
HMPRNC0000_0896	cds	0.0975627454386974	0.799599759100727	4.04388460996796	0.197730607132003	0.843255841445575	0.999719434250228
HMPRNC0000_0898	cds	2.0795045079917	-2.20519407913116	1.47770061033988	-1.4923145214266	0.13561671164807	0.999719434250228
HMPRNC0000_0902	cds	0.957445402177557	-2.2627670772332	2.07655608913234	-1.08967298744079	0.27585721927109	0.999719434250228
HMPRNC0000_0903	cds	1.09838566323544	-0.488454337269638	1.86382389706007	-0.262071077659272	0.793266644369257	0.999719434250228
HMPRNC0000_0904	cds	4.68835027924273	-0.224568117197192	0.943785115990383	-0.237944118202729	0.811924436629391	0.999719434250228
HMPRNC0000_0905	cds	0.779228643022458	-0.939785353266943	2.28417959397712	-0.411432339096693	0.680755544933144	0.999719434250228
HMPRNC0000_0906	cds	0.584605060015907	0.70884247874256	2.56081856588224	0.276803084836412	0.781931312336192	0.999719434250228
HMPRNC0000_0908	cds	0.167885294364229	-0.546066368947976	4.04678249549853	-0.1349384034243	0.89266057567314	0.999719434250228
HMPRNC0000_0910	cds	1.17721474127549	-0.3832052763535	1.80493566672097	-0.212309659241025	0.831865460217673	0.999719434250228
HMPRNC0000_0911	cds	0.593473252893249	2.39810543378917	2.50805847877111	0.95616009518414	0.338991357231092	0.999719434250228
HMPRNC0000_0912	cds	0.273954568917445	1.59922945008679	3.52719659019143	0.453399579295917	0.650261039339036	0.999719434250228
HMPRNC0000_0914	cds	0.295495745123628	-0.00122740619470259	3.4905487686999	-0.000351637027881939	0.999719434250228	0.999719434250228
HMPRNC0000_0916	cds	0.513780603219532	-1.53409437773976	2.66311243433842	-0.576053176711206	0.564579238897781	0.999719434250228
HMPRNC0000_0918	cds	1.15083811639599	1.07113010741862	1.90163813415035	0.563267052854513	0.573253049690612	0.999719434250228
HMPRNC0000_0920	cds	0	NA	NA	NA	NA	NA
HMPRNC0000_0921	cds	0	NA	NA	NA	NA	NA
HMPRNC0000_0922	cds	0	NA	NA	NA	NA	NA
HMPRNC0000_0923	cds	0.0487813727193487	0.375790524484671	4.0527002134097	0.0927259616295436	0.926121271465377	0.999719434250228
HMPRNC0000_0924	cds	10.9939103455648	-1.20329783103608	0.750804663622018	-1.60267761954375	0.10900584712306	0.999719434250228
HMPRNC0000_0925	cds	0.319518683975804	0.935254863299043	3.6919625952401	0.253321868565199	0.800019498438201	0.999719434250228
HMPRNC0000_0926	cds	0.578954124799555	-0.200665974039738	2.69636838857432	-0.0744208302137223	0.940675534647301	0.999719434250228
HMPRNC0000_0927	cds	0	NA	NA	NA	NA	NA
HMPRNC0000_0930	cds	0.319518683975804	0.935254863299043	3.6919625952401	0.253321868565199	0.800019498438201	0.999719434250228
HMPRNC0000_0931	cds	0.216305003320755	-0.660871302467674	3.89797339989202	-0.169542281249529	0.86537011807472	0.999719434250228
HMPRNC0000_0932	cds	0	NA	NA	NA	NA	NA
HMPRNC0000_0933	cds	0	NA	NA	NA	NA	NA
HMPRNC0000_0934	cds	17.9357815432858	0.507865460069754	0.591896264331218	0.85803119680708	0.390875237269351	0.999719434250228
HMPRNC0000_0935	cds	1.53010080639027	0.294567716523423	1.56552027571745	0.188159630438787	0.850751517447969	0.999719434250228
HMPRNC0000_0936	cds	1.68422812613719	0.674495692773797	1.51727303272649	0.44454470502369	0.656648815053504	0.999719434250228
HMPRNC0000_0937	cds	5.31784167085855	0.186255617201994	0.884900292683216	0.210482038193507	0.833291469111806	0.999719434250228
HMPRNC0000_0938	cds	4.19203030905642	1.23338642245916	1.15558859243246	1.06732312047398	0.285825951182224	0.999719434250228
HMPRNC0000_0939	cds	1.02558135166391	-1.18816742641231	1.86581964364048	-0.636807223282328	0.524250420477534	0.999719434250228
HMPRNC0000_0940	cds	8.27580000862588	0.447957694245787	0.733934383481416	0.610351148996318	0.541629221076767	0.999719434250228
HMPRNC0000_0941	cds	0	NA	NA	NA	NA	NA
HMPRNC0000_0942	cds	0.225173196198096	1.36512127210923	3.829993073362	0.356429175186711	0.721519183510662	0.999719434250228
HMPRNC0000_0944	cds	0.322735941636793	1.79877988878583	3.3032158120014	0.544554153031848	0.586060194092078	0.999719434250228
HMPRNC0000_0946	cds	0.958102229147199	1.54290986120404	2.20330755855614	0.700269853481158	0.483758794742369	0.999719434250228
HMPRNC0000_0947	cds	0.40609313765399	-1.59655416566332	3.05815492186251	-0.522064514864723	0.601625412276501	0.999719434250228
HMPRNC0000_0948	cds	0.0975627454386974	0.799599759100727	4.04388460996796	0.197730607132003	0.843255841445575	0.999719434250228
HMPRNC0000_0949	cds	5.97949616470566	-0.748273801741159	0.866851577447426	-0.863208675174316	0.388022744817384	0.999719434250228
HMPRNC0000_0950	cds	0.273954568917445	1.59922945008679	3.52719659019143	0.453399579295917	0.650261039339036	0.999719434250228
HMPRNC0000_0951	cds	0.0487813727193487	0.375790524484671	4.0527002134097	0.0927259616295436	0.926121271465377	0.999719434250228
HMPRNC0000_0953	cds	1.21550973010517	-0.109570018421109	1.72591475733791	-0.0634851854387714	0.949380155753582	0.999719434250228
HMPRNC0000_0954	cds	0.195125490877395	1.32363267005752	4.03575887785796	0.327976152718039	0.742929693592936	0.999719434250228
HMPRNC0000_0955	cds	1.75653052983787	-0.0740350003270934	1.42984945520843	-0.0517781785050239	0.958705443253446	0.999719434250228
HMPRNC0000_0956	cds	0.784517914475987	-1.09746230406015	2.39892801414716	-0.457480298528385	0.647325859915471	0.999719434250228
HMPRNC0000_0957	cds	2.64102574294425	0.959104747273786	1.27479162912178	0.752361974587584	0.451833407423885	0.999719434250228
HMPRNC0000_0958	cds	5.15028021430641	-0.092232278791325	0.889934614044264	-0.103639388035689	0.917455528824042	0.999719434250228
HMPRNC0000_0959	cds	0.432971670404333	-0.551805167929453	2.79281889275506	-0.197580003974088	0.843373680897434	0.999719434250228
HMPRNC0000_0960	cds	3.65967659092867	-0.266348098285736	1.10450211024756	-0.24114765903529	0.809440675896414	0.999719434250228
HMPRNC0000_0961	cds	1.95950572286014	-0.958759953317961	1.44237694221174	-0.66470831948256	0.506237071601456	0.999719434250228
HMPRNC0000_0962	cds	0.0487813727193487	0.375790524484671	4.0527002134097	0.0927259616295436	0.926121271465377	0.999719434250228
HMPRNC0000_0963	cds	3.85229598418137	0.474741367375815	1.04648067371675	0.453655169464041	0.650077038491931	0.999719434250228
HMPRNC0000_0964	cds	0.119103921644881	-1.33377711657661	4.07039375829128	-0.327677663582238	0.743155393650616	0.999719434250228
HMPRNC0000_0965	cds	1.09676747222311	0.485423557093086	1.80988609932864	0.268206688406054	0.788540226945418	0.999719434250228
HMPRNC0000_0966	cds	5.47404472944018	-0.946537060441465	0.865334911769442	-1.09383898369012	0.274025603224605	0.999719434250228
HMPRNC0000_0968	cds	2.06270723602584	0.279268245641556	1.47405335144529	0.189455995855059	0.849735440685551	0.999719434250228
HMPRNC0000_0969	cds	0.806922662315837	1.52744575375646	2.3628011794725	0.646455472862709	0.517984424940167	0.999719434250228
HMPRNC0000_0970	cds	0	NA	NA	NA	NA	NA
HMPRNC0000_0972	cds	0	NA	NA	NA	NA	NA
HMPRNC0000_0975	cds	0.632522861101589	-2.9342056175433	2.47453225213161	-1.18576171921611	0.235716413041247	0.999719434250228
HMPRNC0000_0976	cds	1.45340399472274	-0.0946298457023144	1.68416808079576	-0.0561878869344218	0.95519213074491	0.999719434250228
HMPRNC0000_0977	cds	0.383828633922161	-1.45988224056892	3.13811251533414	-0.465210292312759	0.641780868873606	0.999719434250228
HMPRNC0000_0978	cds	1.76477781334685	0.0603354582570595	1.53750169842703	0.0392425311261683	0.968697024800121	0.999719434250228
HMPRNC0000_0979	cds	1.43217639718875	-0.104703565821115	1.59005764168453	-0.0658489120622009	0.947498114514562	0.999719434250228
HMPRNC0000_0980	cds	0.441478199518851	0.581490225685808	2.78142307242295	0.209062127747168	0.834399739074529	0.999719434250228
HMPRNC0000_0981	cds	6.15496254174301	0.472684345756708	0.817312462669528	0.578339823930757	0.56303471261454	0.999719434250228
HMPRNC0000_0983	cds	0.176391823478747	0.953491072601642	4.04121339089401	0.23594177796949	0.813477849127285	0.999719434250228
HMPRNC0000_0984	cds	0.432971670404333	-0.551805167929453	2.79281889275506	-0.197580003974088	0.843373680897434	0.999719434250228
HMPRNC0000_0985	cds	3.79946274289434	0.560386848741503	1.02572844451138	0.546330611908156	0.584838697470173	0.999719434250228
HMPRNC0000_0986	cds	0.618231686760422	1.38466185014353	2.46370085575102	0.562025152896024	0.574098881891157	0.999719434250228
HMPRNC0000_0987	cds	5.92534685248743	-0.129706959842761	0.824441123552937	-0.157327134876276	0.874987036007829	0.999719434250228
HMPRNC0000_0988	cds	16.8266713653298	1.17459164561086	0.562878415073069	2.0867590835907	0.0369099174532888	0.999719434250228
HMPRNC0000_0989	cds	0.216305003320755	-0.660871302467674	3.89797339989202	-0.169542281249529	0.86537011807472	0.999719434250228
HMPRNC0000_0990	cds	0.520668941321724	1.05589705027683	2.65987380649838	0.39697261114311	0.691387657844115	0.999719434250228
HMPRNC0000_0991	cds	0	NA	NA	NA	NA	NA
HMPRNC0000_0992	cds	5.54084922410628	-0.301034774349544	0.889973771002853	-0.338251288024284	0.735173828914857	0.999719434250228
HMPRNC0000_0994	cds	0.352783646957495	1.82900906207584	3.5354442762379	0.517334999272596	0.60492232612595	0.999719434250228
HMPRNC0000_0995	cds	0.216305003320755	-0.660871302467674	3.89797339989202	-0.169542281249529	0.86537011807472	0.999719434250228
HMPRNC0000_0996	cds	1.05599072074744	-0.979190791450633	2.09754015579755	-0.466828150461946	0.640622833704838	0.999719434250228
HMPRNC0000_0997	cds	4.02881901016899	-0.734079665450578	1.04656102124241	-0.701420796829527	0.483040447036099	0.999719434250228
HMPRNC0000_0999	cds	1.43956010906406	-1.34616648750431	1.76475659202461	-0.762805756662412	0.44557924744575	0.999719434250228
HMPRNC0000_1001	cds	6.55531703453614	-0.188785949205511	0.832570403723321	-0.226750732864447	0.820617575288736	0.999719434250228
HMPRNC0000_1002	cds	0.146344118158046	1.09517713710624	4.03897252822655	0.271152410533258	0.786273813110385	0.999719434250228
HMPRNC0000_1003	cds	1.21628114272145	1.00681784452728	1.82153090755406	0.552731683196762	0.580447154760699	0.999719434250228
HMPRNC0000_1004	cds	3.06023290463355	-0.968085785500047	1.12213575871504	-0.862717169452478	0.388292990025009	0.999719434250228
HMPRNC0000_1005	cds	0.420298687075491	2.12836925047077	2.98700967485691	0.712541800043793	0.47612933681565	0.999719434250228
HMPRNC0000_1006	cds	5.56379488978645	-0.297144627179075	0.849622465844701	-0.349737252867545	0.726535893363828	0.999719434250228
HMPRNC0000_1007	cds	0	NA	NA	NA	NA	NA
HMPRNC0000_1008	cds	18.5410179213867	0.306222796804645	0.524020838902979	0.584371410583045	0.558970457146547	0.999719434250228
HMPRNC0000_1010	cds	0.562200312176057	-1.71559766791269	2.59358902028603	-0.661476299634971	0.508306908848534	0.999719434250228
HMPRNC0000_1011	cds	0.0487813727193487	0.375790524484671	4.0527002134097	0.0927259616295436	0.926121271465377	0.999719434250228
HMPRNC0000_1012	cds	0	NA	NA	NA	NA	NA
HMPRNC0000_1013	cds	0.530172752080207	-0.440773401031323	2.7919505527714	-0.157872925290097	0.874556932973333	0.999719434250228
HMPRNC0000_1014	cds	0.176391823478747	0.953491072601642	4.04121339089401	0.23594177796949	0.813477849127285	0.999719434250228
HMPRNC0000_1015	cds	1.49023571163889	1.37350262286592	1.68838621991722	0.813500256436147	0.415931299322306	0.999719434250228
HMPRNC0000_1016	cds	7.93201826455602	-0.0715433849358963	0.731280926399707	-0.0978329700025456	0.92206492667824	0.999719434250228
HMPRNC0000_1018	cds	0	NA	NA	NA	NA	NA
HMPRNC0000_1019	cds	2.74996069416015	-2.41391784937912	1.35015378819931	-1.78788362516727	0.0737947852834177	0.999719434250228
HMPRNC0000_1020	cds	0.216305003320755	-0.660871302467674	3.89797339989202	-0.169542281249529	0.86537011807472	0.999719434250228
HMPRNC0000_1021	cds	0.60936349388308	0.12440109001063	2.32721222852774	0.0534549829558643	0.95736939773163	0.999719434250228
HMPRNC0000_1022	cds	1.09075487324394	-0.276110873725055	1.86841295606636	-0.147778291104533	0.882517742398648	0.999719434250228
HMPRNC0000_1023	cds	1.24224801874749	-0.965059389857862	1.71226493676257	-0.563615693540118	0.573015704070606	0.999719434250228
HMPRNC0000_1024	cds	0	NA	NA	NA	NA	NA
HMPRNC0000_1025	cds	0	NA	NA	NA	NA	NA
HMPRNC0000_1027	cds	0	NA	NA	NA	NA	NA
HMPRNC0000_1028	cds	0.0487813727193487	0.375790524484671	4.0527002134097	0.0927259616295436	0.926121271465377	0.999719434250228
HMPRNC0000_1029	cds	0.0487813727193487	0.375790524484671	4.0527002134097	0.0927259616295436	0.926121271465377	0.999719434250228
HMPRNC0000_1030	cds	15.8060732084678	-0.666677091269352	0.552560964305948	-1.20652223797014	0.227616189878286	0.999719434250228
HMPRNC0000_1031	cds	2.08333513327997	3.27382163085548	1.68052694274985	1.94809232007819	0.0514039175935223	0.999719434250228
HMPRNC0000_1032	cds	0	NA	NA	NA	NA	NA
HMPRNC0000_1033	cds	1.24877469308686	0.137036584469336	1.75848305906251	0.0779288624721769	0.937884640285888	0.999719434250228
HMPRNC0000_1034	cds	1.00565836647006	-1.6424565636871	2.1411996793832	-0.767073047647863	0.443038085629658	0.999719434250228
HMPRNC0000_1036	cds	0.666651395716947	1.30788313669253	2.40290888956064	0.544291605218401	0.58624082282432	0.999719434250228
HMPRNC0000_1037	cds	3.43755356580342	-0.253560964629541	1.07615946670935	-0.235616534977732	0.813730241600104	0.999719434250228
HMPRNC0000_1038	cds	0.0975627454386974	0.799599759100727	4.04388460996796	0.197730607132003	0.843255841445575	0.999719434250228
HMPRNC0000_1039	cds	0.941555161187726	-1.29983265239432	2.05087898291004	-0.63379295571597	0.526215950991383	0.999719434250228
HMPRNC0000_1040	cds	2.87387781422448	1.63045746016301	1.27262163543251	1.2811800575816	0.200130429099226	0.999719434250228
HMPRNC0000_1041	cds	0.225173196198096	1.36512127210923	3.829993073362	0.356429175186711	0.721519183510662	0.999719434250228
HMPRNC0000_1042	cds	1.0978837553646	-2.84447028528239	2.04677250399898	-1.38973446229362	0.164609525842057	0.999719434250228
HMPRNC0000_1043	cds	1.85161151263057	-0.565324498174296	1.41166366016874	-0.400466849239939	0.688812695625184	0.999719434250228
HMPRNC0000_1044	cds	1.08006174469025	0.646552643924152	1.9494571193511	0.331657792062318	0.740147675343354	0.999719434250228
HMPRNC0000_1046	cds	1.47519224904511	1.03885749357819	1.73534533616623	0.598645970878203	0.54940899351572	0.999719434250228
HMPRNC0000_1047	cds	0.463381039487857	-0.215386436366594	2.74435238004668	-0.0784835205320571	0.937443438495234	0.999719434250228
HMPRNC0000_1049	cds	0.167523630601406	-1.45031368697984	4.06631116532894	-0.356665692322275	0.721342092060065	0.999719434250228
HMPRNC0000_1050	cds	5.48329328766742	0.0751688271206143	0.873444562560785	0.0860602153160501	0.931418549822065	0.999719434250228
HMPRNC0000_1051	cds	1.19433021766181	0.733782322714928	1.7492248955262	0.419489983587384	0.674858073503693	0.999719434250228
HMPRNC0000_1052	cds	0.432971670404333	-0.551805167929453	2.79281889275506	-0.197580003974088	0.843373680897434	0.999719434250228
HMPRNC0000_1053	cds	1.6710532349375	0.489305050109655	1.51395631287706	0.323196281126368	0.746546597141438	0.999719434250228
HMPRNC0000_1054	cds	0.464999230500183	-2.35031526258434	2.94653922453871	-0.797652799939323	0.4250720015856	0.999719434250228
HMPRNC0000_1055	cds	0.91753222233555	-1.57216093622314	2.01814762219002	-0.779011861638294	0.435972727458666	0.999719434250228
HMPRNC0000_1056	cds	1.43539365484974	0.118897629129637	1.62460659334975	0.0731854897156881	0.941658512951482	0.999719434250228
HMPRNC0000_1057	cds	0.0487813727193487	0.375790524484671	4.0527002134097	0.0927259616295436	0.926121271465377	0.999719434250228
HMPRNC0000_1058	cds	3.46693227666512	-0.790766428745295	1.12601018087205	-0.702272894311559	0.482508993873686	0.999719434250228
HMPRNC0000_1059	cds	0.225173196198096	1.36512127210923	3.829993073362	0.356429175186711	0.721519183510662	0.999719434250228
HMPRNC0000_1062	cds	0	NA	NA	NA	NA	NA
HMPRNC0000_1063	cds	10.333075930487	0.227852021695584	0.648038771883381	0.351602452787482	0.725136425467379	0.999719434250228
HMPRNC0000_1064	cds	0.649276673725087	-0.783215247700091	2.41323092753135	-0.324550476609916	0.745521313666663	0.999719434250228
HMPRNC0000_1065	cds	0.641391053978931	-1.0864939714907	2.50613957758688	-0.433532905033513	0.664627666378167	0.999719434250228
HMPRNC0000_1066	cds	1.47065759697024	-2.23791602154925	1.80860023237387	-1.23737461794522	0.215948037418439	0.999719434250228
HMPRNC0000_1067	cds	0.0487813727193487	0.375790524484671	4.0527002134097	0.0927259616295436	0.926121271465377	0.999719434250228
HMPRNC0000_1068	cds	0.0975627454386974	0.799599759100727	4.04388460996796	0.197730607132003	0.843255841445575	0.999719434250228
HMPRNC0000_1069	cds	0.167523630601406	-1.45031368697984	4.06631116532894	-0.356665692322275	0.721342092060065	0.999719434250228
HMPRNC0000_1070	cds	0.0975627454386974	0.799599759100727	4.04388460996796	0.197730607132003	0.843255841445575	0.999719434250228
HMPRNC0000_1071	cds	0	NA	NA	NA	NA	NA
HMPRNC0000_1072	cds	1.43919844530124	-1.56622735910584	1.76935226297389	-0.885198155212665	0.376049767138367	0.999719434250228
HMPRNC0000_1073	cds	0.443458054294	-0.202129893262732	3.0378860895293	-0.0665363635454977	0.946950807917231	0.999719434250228
HMPRNC0000_1074	cds	1.26087926798885	-0.850540260310809	1.90284893444642	-0.446982545442184	0.654887662566076	0.999719434250228
HMPRNC0000_1075	cds	0.0975627454386974	0.799599759100727	4.04388460996796	0.197730607132003	0.843255841445575	0.999719434250228
HMPRNC0000_1076	cds	7.95924004560381	0.547756113227526	0.746288830949266	0.733973349876871	0.462964980631146	0.999719434250228
HMPRNC0000_1078	cds	0	NA	NA	NA	NA	NA
HMPRNC0000_1080	cds	0	NA	NA	NA	NA	NA
HMPRNC0000_1081	cds	0	NA	NA	NA	NA	NA
HMPRNC0000_1082	cds	2.4545885762823	-0.245483868765663	1.23953829416694	-0.198044602511168	0.84301016702614	0.999719434250228
HMPRNC0000_1084	cds	0.371517314356142	1.97316139373138	3.12843321504973	0.630718720233256	0.528224456536213	0.999719434250228
HMPRNC0000_1085	cds	0.225173196198096	1.36512127210923	3.829993073362	0.356429175186711	0.721519183510662	0.999719434250228
HMPRNC0000_1086	cds	4.61008777750439	0.171421283877086	0.934609645913393	0.183414845573904	0.854472528369604	0.999719434250228
HMPRNC0000_1087	cds	0.167885294364229	-0.546066368947976	4.04678249549853	-0.1349384034243	0.89266057567314	0.999719434250228
HMPRNC0000_1088	cds	1.02966218095857	1.2566303584826	1.93234076540921	0.650315089852426	0.515488711829775	0.999719434250228
HMPRNC0000_1089	cds	0.384551961447807	-0.40905246037548	3.12801238618826	-0.130770729099939	0.895956678907827	0.999719434250228
HMPRNC0000_1091	cds	0.411430494198149	0.579798940937277	3.05694460732851	0.189666158669446	0.849570740875892	0.999719434250228
HMPRNC0000_1093	cds	3.73335635550151	-2.39503781737282	1.12419779987973	-2.13044165148611	0.0331351681814801	0.999719434250228
HMPRNC0000_1094	cds	53.4671926075874	-0.202703066410104	0.407838296468567	-0.497018225520482	0.619176199031055	0.999719434250228
HMPRNC0000_1095	cds	44.3853076000273	0.0334577393785201	0.383049419690908	0.087345751379856	0.93039668861536	0.999719434250228
HMPRNC0000_1097	cds	6.54276305270481	-0.142091756471045	0.786883115289147	-0.180575429450958	0.856700843266125	0.999719434250228
HMPRNC0000_1098	cds	3.28367332417269	0.141722074567944	1.11061887483661	0.127606398359467	0.898460467374342	0.999719434250228
HMPRNC0000_1099	cds	0.417081429414501	1.75366284695227	3.03678101642573	0.57747425233062	0.563619127091725	0.999719434250228
HMPRNC0000_1100	cds	1.09260101800879	3.3571910119766	2.02521176819015	1.65769874771011	0.0973782867233121	0.999719434250228
HMPRNC0000_1101	cds	0.0975627454386974	0.799599759100727	4.04388460996796	0.197730607132003	0.843255841445575	0.999719434250228
HMPRNC0000_1103	cds	0	NA	NA	NA	NA	NA
HMPRNC0000_1104	cds	0.167885294364229	-0.546066368947976	4.04678249549853	-0.1349384034243	0.89266057567314	0.999719434250228
HMPRNC0000_1105	cds	2.58865266672734	-0.831687937836225	1.32342416216831	-0.62843641638942	0.529718087359145	0.999719434250228
HMPRNC0000_1106	cds	1.35050389273988	-1.27295835235194	1.70130670380145	-0.748223909015113	0.454325111917496	0.999719434250228
HMPRNC0000_1109	cds	0.645471883273587	2.70790664315349	2.53422460571296	1.0685345872852	0.285279437259988	0.999719434250228
HMPRNC0000_1110	cds	1.71340009233487	0.1908730223776	1.51136732850015	0.126291616060682	0.899501092537466	0.999719434250228
HMPRNC0000_1111	cds	2.86700164361164	0.275151077125502	1.15127081477097	0.238997700276316	0.811107365990607	0.999719434250228
HMPRNC0000_1112	cds	3.09770677352857	1.12499386144204	1.1884407180588	0.946613360134288	0.343835833541158	0.999719434250228
HMPRNC0000_1113	cds	1.52596564402896	-0.770110777230995	1.69977779994833	-0.453065557894923	0.650501535428359	0.999719434250228
HMPRNC0000_1114	cds	0.719237558887796	-1.79316784811613	2.33091658386674	-0.769297305844149	0.441716836241563	0.999719434250228
HMPRNC0000_1115	cds	0	NA	NA	NA	NA	NA
HMPRNC0000_1116	cds	8.78067487913903	0.909345019405748	0.703753556621332	1.29213559327706	0.196310191509212	0.999719434250228
HMPRNC0000_1118	cds	0.146344118158046	1.09517713710624	4.03897252822655	0.271152410533258	0.786273813110385	0.999719434250228
HMPRNC0000_1119	cds	2.14439190796405	0.315612050192367	1.34337060639772	0.234940416806266	0.814254979300464	0.999719434250228
HMPRNC0000_1120	cds	2.7136142682526	-1.02278925851325	1.19877843723173	-0.853192906001147	0.393552336719933	0.999719434250228
HMPRNC0000_1122	cds	67.3078280036569	-0.380464011915521	0.384623141470264	-0.989186481242797	0.322571911413104	0.999719434250228
HMPRNC0000_1123	cds	0.273954568917445	1.59922945008679	3.52719659019143	0.453399579295917	0.650261039339036	0.999719434250228
HMPRNC0000_1124	cds	2.5217060350362	-1.21704720674317	1.26226826403267	-0.964174764922771	0.334958313854248	0.999719434250228
HMPRNC0000_1125	cds	0.725659906720425	0.639738738149236	2.33334671662133	0.274172172353183	0.78395231226238	0.999719434250228
HMPRNC0000_1126	cds	1.72767214231238	-0.0416307223121481	1.46163359763131	-0.0284823244208493	0.977277465379141	0.999719434250228
HMPRNC0000_1127	cds	5.79000128522979	-0.0193305949206324	0.84173855107461	-0.0229650820863009	0.981678126057361	0.999719434250228
HMPRNC0000_1128	cds	3.97088332296463	-0.0865686878757824	0.995045140459527	-0.0869997594639814	0.9306717033036	0.999719434250228
HMPRNC0000_1129	cds	0	NA	NA	NA	NA	NA
HMPRNC0000_1130	cds	0.668631250492096	0.814557115271709	2.46530683702246	0.330408005623962	0.741091693279133	0.999719434250228
HMPRNC0000_1131	cds	0.681665897583761	-1.55415715782456	2.39598012052621	-0.64865194185469	0.516563374000841	0.999719434250228
HMPRNC0000_1132	cds	24.5521304850044	0.55562818227529	0.478854374558197	1.16032809095234	0.245915251659831	0.999719434250228
HMPRNC0000_1133	cds	39.3521112834782	-0.764050126625386	0.420698882294509	-1.8161448931317	0.0693481487363267	0.999719434250228
HMPRNC0000_1134	cds	56.3327973608686	-0.347579530420576	0.368503959910689	-0.943217897861437	0.345569460527056	0.999719434250228
HMPRNC0000_1135	cds	24.7053281833941	-0.448435224068869	0.466644216463369	-0.96097885337034	0.336562800586435	0.999719434250228
HMPRNC0000_1137	cds	0	NA	NA	NA	NA	NA
HMPRNC0000_1138	cds	0	NA	NA	NA	NA	NA
HMPRNC0000_1139	cds	0	NA	NA	NA	NA	NA
HMPRNC0000_1140	cds	0.344277117842977	0.419866341640232	3.05523277331361	0.137425320030479	0.890694618422668	0.999719434250228
HMPRNC0000_1142	cds	0.167885294364229	-0.546066368947976	4.04678249549853	-0.1349384034243	0.89266057567314	0.999719434250228
HMPRNC0000_1143	cds	1.26912655149783	-0.436158126185576	1.70281574854544	-0.256139354218533	0.797843235035284	0.999719434250228
HMPRNC0000_1144	cds	2.97240192370586	0.0087977670196157	1.11809262321939	0.00786854938214672	0.993721870716226	0.999719434250228
HMPRNC0000_1145	cds	0.216666667083578	-0.120651453087526	3.90274731382682	-0.0309144926344776	0.975337731996773	0.999719434250228
HMPRNC0000_1146	cds	0.46586280213385	2.03480993415235	2.90601075152283	0.700207297266901	0.483797855065444	0.999719434250228
HMPRNC0000_1147	cds	0.393058490562325	0.673341743733009	2.89406238525531	0.232663175183629	0.81602296645579	0.999719434250228
HMPRNC0000_1148	cds	6.9987412559537	0.467024857082708	0.800139281870963	0.583679451395844	0.559435994695904	0.999719434250228
HMPRNC0000_1149	cds	5.05176456536178	0.521815328138333	0.958097050082928	0.54463723491599	0.586003040451543	0.999719434250228
HMPRNC0000_1150	cds	1.24877469308686	0.137036584469336	1.75848305906251	0.0779288624721769	0.937884640285888	0.999719434250228
HMPRNC0000_1151	cds	0.0487813727193487	0.375790524484671	4.0527002134097	0.0927259616295436	0.926121271465377	0.999719434250228
HMPRNC0000_1152	cds	0.438622605620685	-0.0404914844505486	3.0709213959172	-0.0131854512799911	0.989479836829828	0.999719434250228
HMPRNC0000_1153	cds	9.56770143226314	0.434955964581711	0.687623408231783	0.632549676719407	0.527027758433223	0.999719434250228
HMPRNC0000_1154	cds	0.90932085642785	1.3931986721887	2.24378078770415	0.620915679385164	0.534655104182673	0.999719434250228
HMPRNC0000_1155	cds	3.51056017266608	0.188416240761026	1.13831578183656	0.165521943706197	0.868533179466692	0.999719434250228
HMPRNC0000_1157	cds	0.801633390862309	0.823036712462111	2.25283734912123	0.365333392924773	0.714862554571644	0.999719434250228
HMPRNC0000_1158	cds	3.37838047571322	0.252509251075748	1.1410077871209	0.221303705308536	0.824855965088907	0.999719434250228
HMPRNC0000_1159	cds	1.67572159702267	0.258746462707717	1.49853739982471	0.172666002689011	0.862913968281639	0.999719434250228
HMPRNC0000_1160	cds	1.19544650080329	-2.00260749298559	1.97416200027039	-1.01440889486846	0.310387681722696	0.999719434250228
HMPRNC0000_1161	cds	0.481753043123681	-0.289958815567386	2.69042337524064	-0.107774418790668	0.914174635519261	0.999719434250228
HMPRNC0000_1162	cds	3.98677356395446	-0.425373230658538	0.986535315104637	-0.431178918935528	0.666338281019722	0.999719434250228
HMPRNC0000_1163	cds	0	NA	NA	NA	NA	NA
HMPRNC0000_1164	cds	0.238207843289761	-1.92641116629437	4.04312367186234	-0.476466050173288	0.633742388520023	0.999719434250228
HMPRNC0000_1165	cds	0.675519588594288	2.72168306544911	2.51582387087108	1.08182575774144	0.279329958970502	0.999719434250228
HMPRNC0000_1166	cds	0.703347317897965	-0.521609764096204	2.43575443676474	-0.214147106220209	0.830432342292037	0.999719434250228
HMPRNC0000_1167	cds	0.195125490877395	1.32363267005752	4.03575887785796	0.327976152718039	0.742929693592936	0.999719434250228
HMPRNC0000_1168	cds	2.24057700640889	-0.947966267089552	1.47109838537176	-0.644393520185935	0.519320285353765	0.999719434250228
HMPRNC0000_1169	cds	2.43626465773711	0.146773797497235	1.2975348922974	0.113117418551542	0.909937465618591	0.999719434250228
HMPRNC0000_1170	cds	0	NA	NA	NA	NA	NA
HMPRNC0000_1173	cds	0	NA	NA	NA	NA	NA
HMPRNC0000_1175	cds	0	NA	NA	NA	NA	NA
HMPRNC0000_1176	cds	0	NA	NA	NA	NA	NA
HMPRNC0000_1177	cds	0.119103921644881	-1.33377711657661	4.07039375829128	-0.327677663582238	0.743155393650616	0.999719434250228
HMPRNC0000_1179	cds	0	NA	NA	NA	NA	NA
HMPRNC0000_1182	cds	0.176391823478747	0.953491072601642	4.04121339089401	0.23594177796949	0.813477849127285	0.999719434250228
HMPRNC0000_1183	cds	0	NA	NA	NA	NA	NA
HMPRNC0000_1184	cds	0.28698921600911	-1.14796227981964	3.48608271901746	-0.329298634698831	0.74192997597943	0.999719434250228
HMPRNC0000_1185	cds	0.216666667083578	-0.120651453087526	3.90274731382682	-0.0309144926344776	0.975337731996773	0.999719434250228
HMPRNC0000_1186	cds	1.40033504804471	-1.82019454458136	1.93259748451832	-0.941838411341525	0.346275376067533	0.999719434250228
HMPRNC0000_1187	cds	0.176391823478747	0.953491072601642	4.04121339089401	0.23594177796949	0.813477849127285	0.999719434250228
HMPRNC0000_1189	cds	0	NA	NA	NA	NA	NA
HMPRNC0000_1190	cds	0.195125490877395	1.32363267005752	4.03575887785796	0.327976152718039	0.742929693592936	0.999719434250228
HMPRNC0000_1191	cds	0.0487813727193487	0.375790524484671	4.0527002134097	0.0927259616295436	0.926121271465377	0.999719434250228
HMPRNC0000_1192	cds	1.53700826885612	-0.149325266312813	1.63624931867805	-0.0912607049599594	0.927285440549663	0.999719434250228
HMPRNC0000_1193	cds	4.97149949609735	-0.0339117408440165	0.92493906015299	-0.0366637568948675	0.970753107009678	0.999719434250228
HMPRNC0000_1194	cds	0.736600113390306	2.64138192097654	2.50204929269922	1.05568740339524	0.291111054022753	0.999719434250228
HMPRNC0000_1195	cds	2.67826258296559	-0.129907383290754	1.25021511335074	-0.103908025029857	0.917242338531841	0.999719434250228
HMPRNC0000_1197	cds	21.8099749230433	0.123132913002549	0.52271450525018	0.235564369776989	0.81377072422377	0.999719434250228
HMPRNC0000_1198	cds	7.35572444758167	-0.303563695705476	0.846294114710985	-0.358697632925339	0.719821299363286	0.999719434250228
HMPRNC0000_1199	cds	0.977663550578233	0.940605067456541	1.91597586930518	0.490927408077246	0.623477791117177	0.999719434250228
HMPRNC0000_1200	cds	0.871955939787841	0.195341584300664	2.18205298969377	0.0895219250968227	0.9286671298299	0.999719434250228
HMPRNC0000_1201	cds	0.345895308855303	-1.44690171747346	3.58267920564563	-0.403860249389177	0.686315488649598	0.999719434250228
HMPRNC0000_1203	cds	9.53756972425053	0.0741781656982393	0.666114281611551	0.111359518548045	0.911331259862345	0.999719434250228
HMPRNC0000_1204	cds	1.1988040025723	-0.0277192506873553	1.8441091076197	-0.0150312422257565	0.988007255503351	0.999719434250228
HMPRNC0000_1205	cds	1.15245630740832	0.175816603777233	2.15372093790199	0.0816338833333265	0.934937856202265	0.999719434250228
HMPRNC0000_1206	cds	17.7234523338547	0.654676780532655	0.551120004020432	1.18790240919722	0.23487186043407	0.999719434250228
HMPRNC0000_1207	cds	6.3077953319143	-0.880283915894834	0.861500623541082	-1.02180299333568	0.306874152350284	0.999719434250228
HMPRNC0000_1208	cds	1.22685968562851	2.23249672810676	1.91604390297389	1.16515948545945	0.243954441813126	0.999719434250228
HMPRNC0000_1209	cds	1.22106850630413	-0.164141439728316	1.80144198460351	-0.0911166949206208	0.927399867195706	0.999719434250228
HMPRNC0000_1210	cds	7.50408878748903	-0.244192692555343	0.737757499628452	-0.330993168728645	0.740649645570091	0.999719434250228
HMPRNC0000_1211	cds	0.265448039802927	0.183718671281334	3.60766581706817	0.0509245258837848	0.959385662032769	0.999719434250228
HMPRNC0000_1212	cds	0	NA	NA	NA	NA	NA
HMPRNC0000_1213	cds	0.119103921644881	-1.33377711657661	4.07039375829128	-0.327677663582238	0.743155393650616	0.999719434250228
HMPRNC0000_1215	cds	0.243906863596743	1.54940953912336	4.02560868948633	0.384888263772369	0.700320201503466	0.999719434250228
HMPRNC0000_1217	cds	0.176391823478747	0.953491072601642	4.04121339089401	0.23594177796949	0.813477849127285	0.999719434250228
HMPRNC0000_1219	cds	0.384190297684984	-0.870064806946467	2.91106931505297	-0.298881514929037	0.765030451751717	0.999719434250228
HMPRNC0000_1220	cds	0.814975368650142	1.33873836817898	2.3013433497726	0.581720397484913	0.560755029946959	0.999719434250228
HMPRNC0000_1221	cds	0.0487813727193487	0.375790524484671	4.0527002134097	0.0927259616295436	0.926121271465377	0.999719434250228
HMPRNC0000_1223	cds	0	NA	NA	NA	NA	NA
HMPRNC0000_1224	cds	0	NA	NA	NA	NA	NA
HMPRNC0000_1225	cds	0.216666667083578	-0.120651453087526	3.90274731382682	-0.0309144926344776	0.975337731996773	0.999719434250228
HMPRNC0000_1226	cds	3.97559532076754	0.499096002088531	1.01443906262008	0.491992097385792	0.622724930148824	0.999719434250228
HMPRNC0000_1227	cds	1.88810069014756	-0.841451709301402	1.58704076863951	-0.530201697353206	0.595972094341394	0.999719434250228
HMPRNC0000_1228	cds	30.0798487394258	0.906341197533278	0.640634445825602	1.41475564331426	0.157140153547359	0.999719434250228
HMPRNC0000_1229	cds	9.42534197321849	0.47456061891742	0.680996750778583	0.696861796146392	0.485889288419522	0.999719434250228
HMPRNC0000_1230	cds	4.92350544395822	-0.687579043459935	0.965486956907569	-0.712157775452745	0.476367080734695	0.999719434250228
HMPRNC0000_1231	cds	0.688554235685953	0.583279271362297	2.36803350872956	0.246313774366827	0.805439347961353	0.999719434250228
HMPRNC0000_1232	cds	2.49219986214021	0.244550612604885	1.33622038554811	0.183016675430057	0.854784934501013	0.999719434250228
HMPRNC0000_1233	cds	1.54873205563163	0.646513885790666	1.5624477818632	0.413782715361986	0.679033243569131	0.999719434250228
HMPRNC0000_1234	cds	3.64260328011965	-0.58447318179142	1.0824296179916	-0.539964143697289	0.589221760468067	0.999719434250228
HMPRNC0000_1235	cds	16.8685341857631	-1.04839210023436	0.564129822965542	-1.85842346487397	0.0631089026491172	0.999719434250228
HMPRNC0000_1237	cds	0.535823687296559	0.310707260665976	2.673702877498	0.11620859717843	0.907487223355419	0.999719434250228
HMPRNC0000_1238	cds	0.0487813727193487	0.375790524484671	4.0527002134097	0.0927259616295436	0.926121271465377	0.999719434250228
HMPRNC0000_1239	cds	1.44514454372441	1.05924845128026	1.79860809253952	0.58892676824592	0.555910400120352	0.999719434250228
HMPRNC0000_1240	cds	0.609001830120257	-0.233880260777218	2.48373171859104	-0.0941648645168056	0.924978194774618	0.999719434250228
HMPRNC0000_1242	cds	0.335408924965635	-1.31525528744249	3.04917213135285	-0.431348323670707	0.666215118445371	0.999719434250228
HMPRNC0000_1243	cds	1.65367851294564	-0.461558470113887	1.50022427818982	-0.307659645843624	0.758341329151259	0.999719434250228
HMPRNC0000_1245	cds	1.29989758434418	-0.0656304031251953	1.74580163887764	-0.0375932761567278	0.970011968983719	0.999719434250228
HMPRNC0000_1246	cds	0.393058490562325	0.673341743733009	2.89406238525531	0.232663175183629	0.81602296645579	0.999719434250228
HMPRNC0000_1247	cds	0	NA	NA	NA	NA	NA
HMPRNC0000_1248	cds	0.0975627454386974	0.799599759100727	4.04388460996796	0.197730607132003	0.843255841445575	0.999719434250228
HMPRNC0000_1249	cds	0.357311764934642	-2.37389348193233	3.47562863273487	-0.683011257179218	0.494599729236806	0.999719434250228
HMPRNC0000_1251	cds	1.27146807003581	-0.880179704300188	1.91412318012337	-0.459834410575111	0.64563508190078	0.999719434250228
HMPRNC0000_1252	cds	0.822812903305669	-0.449707333836453	2.12592407265254	-0.211534993004406	0.832469829473283	0.999719434250228
HMPRNC0000_1253	cds	1.58542797781265	-0.222764102839699	1.62483026546482	-0.13709992211154	0.890951814033965	0.999719434250228
HMPRNC0000_1254	cds	0.698419710207259	-0.246559972147746	2.33442666428032	-0.10561906952162	0.915884594090056	0.999719434250228
HMPRNC0000_1255	cds	8.05438380391035	0.999697655393095	0.759026917449506	1.31707800133399	0.187812480066419	0.999719434250228
HMPRNC0000_1256	cds	4.48382339576414	-0.149840126086944	1.03322331384328	-0.145022014195154	0.884693490714107	0.999719434250228
HMPRNC0000_1257	cds	1.18007033517366	-0.231931494308893	1.8606531266473	-0.124650581555095	0.900800182353386	0.999719434250228
HMPRNC0000_1258	cds	2.42354358931764	0.470696567252741	1.23387676154363	0.381477779566801	0.702848756259409	0.999719434250228
HMPRNC0000_1259	cds	0.443458054294	-0.202129893262732	3.0378860895293	-0.0665363635454977	0.946950807917231	0.999719434250228
HMPRNC0000_1260	cds	0.216305003320755	-0.660871302467674	3.89797339989202	-0.169542281249529	0.86537011807472	0.999719434250228
HMPRNC0000_1261	cds	4.09075865722579	0.209979491519187	0.976432566406281	0.21504761183049	0.829730197951175	0.999719434250228
HMPRNC0000_1263	cds	0.853270357479823	0.927706408115932	2.0725725730206	0.447611060858477	0.654433919104569	0.999719434250228
HMPRNC0000_1264	cds	0	NA	NA	NA	NA	NA
HMPRNC0000_1265	cds	0.738953799417628	-0.278350742847911	2.23081587337323	-0.124775310311476	0.900701434129478	0.999719434250228
HMPRNC0000_1267	cds	3.35822257989252	-0.897239133940803	1.09517530741644	-0.819265306535651	0.412635062020027	0.999719434250228
HMPRNC0000_1269	cds	0.343915454080153	-0.121041835981614	3.3000429015719	-0.0366788673941054	0.970741058679562	0.999719434250228
HMPRNC0000_1271	cds	4.73241358255853	1.66139812424438	0.992338546158506	1.67422512274254	0.0940863638366637	0.999719434250228
HMPRNC0000_1272	cds	0	NA	NA	NA	NA	NA
HMPRNC0000_1273	cds	0.798789964453492	-0.880237512213524	2.1040288586094	-0.418358098374797	0.675685317573818	0.999719434250228
HMPRNC0000_1274	cds	1.1119343856873	-1.14612329219639	1.88293029384106	-0.608691302033475	0.542729073400997	0.999719434250228
HMPRNC0000_1275	cds	0.719237558887796	-1.79316784811613	2.33091658386674	-0.769297305844149	0.441716836241563	0.999719434250228
HMPRNC0000_1276	cds	0.401565019676844	1.99228357754139	3.08113443970882	0.646607156073874	0.517886225404644	0.999719434250228
HMPRNC0000_1277	cds	1.7629528776705	1.23613013411962	1.56329513097464	0.790720900761041	0.429106876732656	0.999719434250228
HMPRNC0000_1278	cds	0.617870022997598	1.13903253556259	2.48263597268393	0.458799658143681	0.646378040278202	0.999719434250228
HMPRNC0000_1279	cds	0.273954568917445	1.59922945008679	3.52719659019143	0.453399579295917	0.650261039339036	0.999719434250228
HMPRNC0000_1280	cds	0.0975627454386974	0.799599759100727	4.04388460996796	0.197730607132003	0.843255841445575	0.999719434250228
HMPRNC0000_1281	cds	16.2268648103544	0.122955380305217	0.625971706913169	0.196423223202119	0.844278920810076	0.999719434250228
HMPRNC0000_1282	cds	0.827648351978984	-1.00793104599852	2.13028775742582	-0.473143143448598	0.63611105826327	0.999719434250228
HMPRNC0000_1283	cds	3.26520916151947	-0.0891715448398221	1.16793082486523	-0.076350022570996	0.93914062969391	0.999719434250228
HMPRNC0000_1285	cds	1.74210356076156	-0.627397309759679	1.6345802183038	-0.383827788158802	0.701106090722567	0.999719434250228
HMPRNC0000_1287	cds	2.10918046678507	3.24992671669337	1.664842333103	1.95209279105489	0.0509271889697535	0.999719434250228
HMPRNC0000_1288	cds	0.779228643022458	-0.939785353266943	2.28417959397712	-0.411432339096693	0.680755544933144	0.999719434250228
HMPRNC0000_1289	cds	2.40444825815617	0.266788523430879	1.25943935551148	0.211831178899861	0.832238743213033	0.999719434250228
HMPRNC0000_1290	cds	15.1270294940134	0.192745253125157	0.561456889065541	0.343294840403423	0.731376661996659	0.999719434250228
HMPRNC0000_1292	cds	6.34712348646723	-0.35333301487414	0.789524940905339	-0.447526096476416	0.654495249892374	0.999719434250228
HMPRNC0000_1294	cds	1.02594301542674	-0.862958583903664	1.94068411321909	-0.444667206798659	0.656560271289504	0.999719434250228
HMPRNC0000_1295	cds	0.658144866602429	0.316442725505366	2.26489976444239	0.139715995592094	0.888884387717725	0.999719434250228
HMPRNC0000_1298	cds	0	NA	NA	NA	NA	NA
HMPRNC0000_1300	cds	0.319518683975804	0.935254863299043	3.6919625952401	0.253321868565199	0.800019498438201	0.999719434250228
HMPRNC0000_1301	cds	4.34128998757092	-0.73794609489834	1.00673195280896	-0.733011496098179	0.46355141778287	0.999719434250228
HMPRNC0000_1304	cds	0.560582121163731	-0.102551673595138	2.40342440605181	-0.0426689823640443	0.965965405528796	0.999719434250228
HMPRNC0000_1305	cds	0	NA	NA	NA	NA	NA
HMPRNC0000_1306	cds	0.438622605620685	-0.0404914844505486	3.0709213959172	-0.0131854512799911	0.989479836829828	0.999719434250228
HMPRNC0000_1307	cds	11.5208916412988	0.0169612090853413	0.613442035422508	0.0276492449260659	0.977941904889601	0.999719434250228
HMPRNC0000_1308	cds	0.703347317897965	-0.521609764096204	2.43575443676474	-0.214147106220209	0.830432342292037	0.999719434250228
HMPRNC0000_1310	cds	0.495910507454552	2.05240888290464	2.91724630337241	0.70354322860295	0.481717276791693	0.999719434250228
HMPRNC0000_1311	cds	0	NA	NA	NA	NA	NA
HMPRNC0000_1312	cds	4.59203961168065	-0.194237591977198	1.02517050166472	-0.189468572946438	0.849725584121018	0.999719434250228
HMPRNC0000_1313	cds	4.99885427825715	-0.181122407238997	0.891402487911015	-0.203188132965002	0.838987987894542	0.999719434250228
HMPRNC0000_1314	cds	0	NA	NA	NA	NA	NA
HMPRNC0000_1315	cds	1.87024276187193	-0.434679851759365	1.47353723170132	-0.294990749068139	0.768000946606283	0.999719434250228
HMPRNC0000_1316	cds	2.33696913563945	1.45156097400179	1.39884089378031	1.03768840363182	0.299415145488751	0.999719434250228
HMPRNC0000_1317	cds	1.99659668538183	0.430804862390715	1.43032306799966	0.301194095256539	0.763266492198411	0.999719434250228
HMPRNC0000_1318	cds	2.84515313670929	0.00708132389669264	1.16816595262676	0.00606191601524547	0.995163320424674	0.999719434250228
HMPRNC0000_1319	cds	3.05951166183274	1.46586466432255	1.24025738912755	1.18190359289349	0.237243956212814	0.999719434250228
HMPRNC0000_1320	cds	77.6064113541827	-0.522377191627987	0.467658129416088	-1.11700654552979	0.26399152652226	0.999719434250228
HMPRNC0000_1321	cds	9.33534470123403	0.0964619678362508	0.725128220502368	0.133027463431808	0.894171660843175	0.999719434250228
HMPRNC0000_1322	cds	0.313867748759452	0.0845059777468095	3.38573230597931	0.0249594386412562	0.98008731679588	0.999719434250228
HMPRNC0000_1323	cds	2.13773152361439	1.85727651652923	1.52263795515084	1.2197755285466	0.222549980604098	0.999719434250228
HMPRNC0000_1324	cds	0.146344118158046	1.09517713710624	4.03897252822655	0.271152410533258	0.786273813110385	0.999719434250228
HMPRNC0000_1325	cds	0.394676681574651	-0.648409492460957	3.16084105849526	-0.205138278218151	0.837464090624571	0.999719434250228
HMPRNC0000_1326	cds	0.343915454080153	-0.121041835981614	3.3000429015719	-0.0366788673941054	0.970741058679562	0.999719434250228
HMPRNC0000_1327	cds	3.74262866384068	0.63147561128721	1.02872934234491	0.613840380840901	0.539320810264861	0.999719434250228
HMPRNC0000_1328	cds	2.12016222444785	0.581515993292864	1.41224137214445	0.411768133098841	0.680509380645403	0.999719434250228
HMPRNC0000_1330	cds	0.368300056695153	1.36469586330921	3.21312284482372	0.42472570431215	0.671036643489566	0.999719434250228
HMPRNC0000_1331	cds	1.81661377298992	0.943255315975799	1.61715135208721	0.583282025370334	0.559703460727721	0.999719434250228
HMPRNC0000_1332	cds	1.31790792421718	-0.287356310983836	1.67668163116791	-0.171383944120432	0.863921878733166	0.999719434250228
HMPRNC0000_1333	cds	0.0975627454386974	0.799599759100727	4.04388460996796	0.197730607132003	0.843255841445575	0.999719434250228
HMPRNC0000_1334	cds	4.44476291383151	-0.469253884763007	0.950895983235444	-0.493486031107588	0.621669207606205	0.999719434250228
HMPRNC0000_1336	cds	1.15603522883213	0.806585728096772	1.84389097191082	0.437436779280344	0.661794615823631	0.999719434250228
HMPRNC0000_1337	cds	0	NA	NA	NA	NA	NA
HMPRNC0000_1338	cds	0.681665897583761	-1.55415715782456	2.39598012052621	-0.64865194185469	0.516563374000841	0.999719434250228
HMPRNC0000_1339	cds	5.6094262142991	-0.605224016273007	0.847769223374793	-0.71390184921285	0.475287873805418	0.999719434250228
HMPRNC0000_1340	cds	10.25675266395	-0.763680323402275	0.647362542199953	-1.17967950509931	0.238127708246064	0.999719434250228
HMPRNC0000_1341	cds	6.45183635663708	-0.130515960619298	0.820588103683558	-0.159051733791195	0.873628114891208	0.999719434250228
HMPRNC0000_1342	cds	0.994277119093711	0.116815305269813	2.0463270132192	0.0570853556226304	0.954477201919805	0.999719434250228
HMPRNC0000_1343	cds	0.146344118158046	1.09517713710624	4.03897252822655	0.271152410533258	0.786273813110385	0.999719434250228
HMPRNC0000_1344	cds	0.352783646957495	1.82900906207584	3.5354442762379	0.517334999272596	0.60492232612595	0.999719434250228
HMPRNC0000_1345	cds	0.167885294364229	-0.546066368947976	4.04678249549853	-0.1349384034243	0.89266057567314	0.999719434250228
HMPRNC0000_1346	cds	0.0487813727193487	0.375790524484671	4.0527002134097	0.0927259616295436	0.926121271465377	0.999719434250228
HMPRNC0000_1347	cds	1.51745911491444	-1.22584829245219	1.62453206969381	-0.754585468222388	0.450497745620145	0.999719434250228
HMPRNC0000_1348	cds	0.755707612041126	0.64914092177366	2.15766367681389	0.300853617155113	0.763526120700852	0.999719434250228
HMPRNC0000_1349	cds	1.39907852079521	-0.560753165570086	1.73322212436627	-0.323532199183712	0.746292226179784	0.999719434250228
HMPRNC0000_1350	cds	0.0487813727193487	0.375790524484671	4.0527002134097	0.0927259616295436	0.926121271465377	0.999719434250228
HMPRNC0000_1351	cds	3.71092494155692	0.365446254204849	1.22457949164425	0.29842591411862	0.765378113016697	0.999719434250228
HMPRNC0000_1352	cds	12.7005804271038	0.0999058530064028	0.676065759575861	0.147775348168912	0.882520065021871	0.999719434250228
HMPRNC0000_1353	cds	1.6060199574655	1.39706593820032	1.65265067094298	0.845348604374559	0.397916231189545	0.999719434250228
HMPRNC0000_1354	cds	0.216305003320755	-0.660871302467674	3.89797339989202	-0.169542281249529	0.86537011807472	0.999719434250228
HMPRNC0000_1355	cds	1.68696260029099	-2.12150220647563	1.69264139581832	-1.25336779055316	0.210071887803849	0.999719434250228
HMPRNC0000_1356	cds	0.734166435834943	1.59845844997804	2.32758532951517	0.686745370710425	0.492243200561745	0.999719434250228
HMPRNC0000_1358	cds	0.0487813727193487	0.375790524484671	4.0527002134097	0.0927259616295436	0.926121271465377	0.999719434250228
HMPRNC0000_1359	cds	1.11427590422527	-1.57947431921487	1.87903963551352	-0.840575307387392	0.400585896737113	0.999719434250228
HMPRNC0000_1361	cds	0.195125490877395	1.32363267005752	4.03575887785796	0.327976152718039	0.742929693592936	0.999719434250228
HMPRNC0000_1362	cds	0.879739141376712	0.337528528021231	2.14343032454233	0.157471191928434	0.874873510129385	0.999719434250228
HMPRNC0000_1363	cds	0.167523630601406	-1.45031368697984	4.06631116532894	-0.356665692322275	0.721342092060065	0.999719434250228
HMPRNC0000_1364	cds	0.503294219329865	-1.27353893614199	2.6300112298128	-0.484233269312937	0.628220328299264	0.999719434250228
HMPRNC0000_1365	cds	0.352783646957495	1.82900906207584	3.5354442762379	0.517334999272596	0.60492232612595	0.999719434250228
HMPRNC0000_1366	cds	4.25860803398874	-0.428311348704156	0.963176556799832	-0.444686226715512	0.656546524206703	0.999719434250228
HMPRNC0000_1367	cds	2.49305689967616	-1.19974367821536	1.29424204845059	-0.926985550849353	0.353934036409071	0.999719434250228
HMPRNC0000_1368	cds	20.6410643267435	1.2497571497979	0.550041970824742	2.272112340671	0.0230797259366113	0.999719434250228
HMPRNC0000_1369	cds	1.27844856715539	1.32159721037993	1.93536096929345	0.682868586970841	0.494689885183327	0.999719434250228
HMPRNC0000_1370	cds	0.335408924965635	-1.31525528744249	3.04917213135285	-0.431348323670707	0.666215118445371	0.999719434250228
HMPRNC0000_1371	cds	0.0487813727193487	0.375790524484671	4.0527002134097	0.0927259616295436	0.926121271465377	0.999719434250228
HMPRNC0000_1372	cds	0.904859239006708	0.18170057295111	2.00255133958429	0.0907345391648384	0.92770352553047	0.999719434250228
HMPRNC0000_1373	cds	0.216666667083578	-0.120651453087526	3.90274731382682	-0.0309144926344776	0.975337731996773	0.999719434250228
HMPRNC0000_1374	cds	0.265448039802927	0.183718671281334	3.60766581706817	0.0509245258837848	0.959385662032769	0.999719434250228
HMPRNC0000_1376	cds	0	NA	NA	NA	NA	NA
HMPRNC0000_1377	cds	1.1820501899488	-0.94869845790555	1.90466625694744	-0.498091702126338	0.618419408909383	0.999719434250228
HMPRNC0000_1379	cds	18.3198982159841	-0.250765308019361	0.531960307476026	-0.471398531986642	0.6373561641174	0.999719434250228
HMPRNC0000_1380	cds	0	NA	NA	NA	NA	NA
HMPRNC0000_1381	cds	0	NA	NA	NA	NA	NA
HMPRNC0000_1382	cds	0	NA	NA	NA	NA	NA
HMPRNC0000_1383	cds	0	NA	NA	NA	NA	NA
HMPRNC0000_1384	cds	0	NA	NA	NA	NA	NA
HMPRNC0000_1385	cds	0	NA	NA	NA	NA	NA
HMPRNC0000_1386	cds	0	NA	NA	NA	NA	NA
HMPRNC0000_1387	cds	0	NA	NA	NA	NA	NA
HMPRNC0000_1388	cds	0	NA	NA	NA	NA	NA
HMPRNC0000_1389	cds	0	NA	NA	NA	NA	NA
HMPRNC0000_1390	cds	0	NA	NA	NA	NA	NA
HMPRNC0000_1391	cds	0	NA	NA	NA	NA	NA
HMPRNC0000_1392	cds	0	NA	NA	NA	NA	NA
HMPRNC0000_1393	cds	0	NA	NA	NA	NA	NA
HMPRNC0000_1394	cds	0	NA	NA	NA	NA	NA
HMPRNC0000_1395	cds	0	NA	NA	NA	NA	NA
HMPRNC0000_1396	cds	0	NA	NA	NA	NA	NA
HMPRNC0000_1397	cds	0	NA	NA	NA	NA	NA
HMPRNC0000_1398	cds	0	NA	NA	NA	NA	NA
HMPRNC0000_1399	cds	0	NA	NA	NA	NA	NA
HMPRNC0000_1400	cds	0	NA	NA	NA	NA	NA
HMPRNC0000_1401	cds	0	NA	NA	NA	NA	NA
HMPRNC0000_1402	cds	0	NA	NA	NA	NA	NA
HMPRNC0000_1403	cds	0	NA	NA	NA	NA	NA
HMPRNC0000_1404	cds	0	NA	NA	NA	NA	NA
HMPRNC0000_1405	cds	0	NA	NA	NA	NA	NA
HMPRNC0000_1406	cds	0	NA	NA	NA	NA	NA
HMPRNC0000_1407	cds	0	NA	NA	NA	NA	NA
HMPRNC0000_1410	cds	0	NA	NA	NA	NA	NA
HMPRNC0000_1411	cds	0.265448039802927	0.183718671281334	3.60766581706817	0.0509245258837848	0.959385662032769	0.999719434250228
HMPRNC0000_1412	cds	0.810139919976827	1.7307511217484	2.16018103821716	0.801206515161721	0.423012100084782	0.999719434250228
HMPRNC0000_1413	cds	0	NA	NA	NA	NA	NA
HMPRNC0000_1414	cds	0	NA	NA	NA	NA	NA
HMPRNC0000_1415	cds	0.335047261202812	-2.25220383345059	3.57856757866601	-0.629359033731073	0.529114031292577	0.999719434250228
HMPRNC0000_1416	cds	0	NA	NA	NA	NA	NA
HMPRNC0000_1417	cds	0.906839093781857	-0.540521135035655	2.03952504222267	-0.265023044015481	0.790991709796927	0.999719434250228
HMPRNC0000_1419	cds	0.119103921644881	-1.33377711657661	4.07039375829128	-0.327677663582238	0.743155393650616	0.999719434250228
HMPRNC0000_1420	cds	0.883679726563348	1.15397646920253	2.13677847810196	0.540054329931089	0.589159565104516	0.999719434250228
HMPRNC0000_1421	cds	1.49955119319872	-0.928939757685452	1.78747682611219	-0.519693315244776	0.603277346817812	0.999719434250228
HMPRNC0000_1422	cds	0.490259572238199	0.799483391360964	2.67370676067239	0.299016856717642	0.764927183841108	0.999719434250228
HMPRNC0000_1423	cds	0	NA	NA	NA	NA	NA
HMPRNC0000_1424	cds	2.39287688297803	-0.0585829025863047	1.45586864064544	-0.0402391403666288	0.967902473385699	0.999719434250228
HMPRNC0000_1425	cds	0.552437255812036	-0.589739298868224	2.73406922383585	-0.215700207488101	0.829221439473625	0.999719434250228
HMPRNC0000_1426	cds	1.68702346745537	1.20993914972864	1.62445899625994	0.74482590974246	0.456376969505636	0.999719434250228
HMPRNC0000_1427	cds	0.622398140974745	-1.60383163946726	2.43567470694484	-0.658475302508278	0.510232761904547	0.999719434250228
HMPRNC0000_1428	cds	2.50756977979383	0.341914457229651	1.28057569615651	0.267000582828384	0.789468712344426	0.999719434250228
HMPRNC0000_1430	cds	7.12806014839336	0.555803630694255	0.776236271113533	0.716023782162277	0.473976664187515	0.999719434250228
HMPRNC0000_1431	cds	0.503294219329865	-1.27353893614199	2.6300112298128	-0.484233269312937	0.628220328299264	0.999719434250228
HMPRNC0000_1432	cds	0	NA	NA	NA	NA	NA
HMPRNC0000_1433	cds	1.27564105834785	2.31930238702969	1.89080688863901	1.2266204449356	0.219965281236384	0.999719434250228
HMPRNC0000_1434	cds	2.07320578740486	-0.575980373433781	1.32958148441441	-0.433204267798195	0.66486637866168	0.999719434250228
HMPRNC0000_1436	cds	7.30941711939185	-0.204303381333969	0.785544489300485	-0.260078689516234	0.794803075741979	0.999719434250228
HMPRNC0000_1437	cds	0	NA	NA	NA	NA	NA
HMPRNC0000_1438	cds	0.265448039802927	0.183718671281334	3.60766581706817	0.0509245258837848	0.959385662032769	0.999719434250228
HMPRNC0000_1439	cds	18.263322977849	-0.161749472984772	0.517157639650658	-0.312766283592049	0.754458232907411	0.999719434250228
HMPRNC0000_1440	cds	1.04431501906256	-0.83888711908383	1.92699844427504	-0.435333573608269	0.663320318657169	0.999719434250228
HMPRNC0000_1442	cds	1.25075454786201	-0.443790363571095	1.70977564041318	-0.259560583904359	0.795202743909062	0.999719434250228
HMPRNC0000_1443	cds	1.97049401462065	-0.00595152109771101	1.43039205364815	-0.00416076213687844	0.996680201708507	0.999719434250228
HMPRNC0000_1444	cds	0.146344118158046	1.09517713710624	4.03897252822655	0.271152410533258	0.786273813110385	0.999719434250228
HMPRNC0000_1445	cds	0	NA	NA	NA	NA	NA
HMPRNC0000_1447	cds	0.481753043123681	-0.289958815567386	2.69042337524064	-0.107774418790668	0.914174635519261	0.999719434250228
HMPRNC0000_1448	cds	2.95800179710969	-1.04963978996318	1.17983584051948	-0.889649012104112	0.37365438014646	0.999719434250228
HMPRNC0000_1449	cds	24.4702909828151	-0.361185615001377	0.493962521308236	-0.73120044420535	0.464656728890718	0.999719434250228
HMPRNC0000_1450	cds	0.93662755349702	-0.845468097749101	2.09102795559646	-0.404331322059218	0.685969095531854	0.999719434250228
HMPRNC0000_1451	cds	0.393058490562325	0.673341743733009	2.89406238525531	0.232663175183629	0.81602296645579	0.999719434250228
HMPRNC0000_1452	cds	4.61996541951504	-0.351652793529874	0.936901648216323	-0.375335868177148	0.707410693804013	0.999719434250228
HMPRNC0000_1454	cds	1.21587139386799	0.125591779667769	1.72569032618516	0.0727777039495864	0.941983013568356	0.999719434250228
HMPRNC0000_1455	cds	1.74359830090349	0.572323768373544	1.56739790349663	0.365142614454679	0.71500495203123	0.999719434250228
HMPRNC0000_1457	cds	2.34865509646422	0.710065004693582	1.39960137360996	0.507333743794583	0.611920665946275	0.999719434250228
HMPRNC0000_1458	cds	0.176391823478747	0.953491072601642	4.04121339089401	0.23594177796949	0.813477849127285	0.999719434250228
HMPRNC0000_1459	cds	1.98638425561048	-0.641206763966748	1.45981853222659	-0.439237309166603	0.660489593875798	0.999719434250228
HMPRNC0000_1460	cds	2.21836058776769	-0.283116964506081	1.39599072554928	-0.202807195867783	0.839285733330003	0.999719434250228
HMPRNC0000_1461	cds	0.0487813727193487	0.375790524484671	4.0527002134097	0.0927259616295436	0.926121271465377	0.999719434250228
HMPRNC0000_1462	cds	0.508993239636847	0.96269940204236	2.83316981818718	0.339795869581283	0.734010258638619	0.999719434250228
HMPRNC0000_1463	cds	1.92348504311414	-0.635412857933511	1.55389229711682	-0.408916923722765	0.682600628854855	0.999719434250228
HMPRNC0000_1464	cds	3.23460733350811	1.26611131651304	1.26951400178946	0.997319694566879	0.318609357082691	0.999719434250228
HMPRNC0000_1465	cds	0.932099435519874	1.03774114009407	1.99641761849475	0.519801633926926	0.603201840406465	0.999719434250228
HMPRNC0000_1466	cds	0.443458054294	-0.202129893262732	3.0378860895293	-0.0665363635454977	0.946950807917231	0.999719434250228
HMPRNC0000_1467	cds	0.508993239636847	0.96269940204236	2.83316981818718	0.339795869581283	0.734010258638619	0.999719434250228
HMPRNC0000_1468	cds	0.167885294364229	-0.546066368947976	4.04678249549853	-0.1349384034243	0.89266057567314	0.999719434250228
HMPRNC0000_1469	cds	0	NA	NA	NA	NA	NA
HMPRNC0000_1470	cds	0	NA	NA	NA	NA	NA
HMPRNC0000_1471	cds	0.0487813727193487	0.375790524484671	4.0527002134097	0.0927259616295436	0.926121271465377	0.999719434250228
HMPRNC0000_1472	cds	0	NA	NA	NA	NA	NA
HMPRNC0000_1473	cds	0	NA	NA	NA	NA	NA
HMPRNC0000_1474	cds	0.345895308855303	-1.44690171747346	3.58267920564563	-0.403860249389177	0.686315488649598	0.999719434250228
HMPRNC0000_1475	cds	0.994810318817567	-1.7543117324526	2.11901065667165	-0.827891887626518	0.407731729608243	0.999719434250228
HMPRNC0000_1476	cds	1.35122722026553	-0.821121117179652	1.72059043779586	-0.477232175154674	0.633196801995459	0.999719434250228
HMPRNC0000_1477	cds	0.195125490877395	1.32363267005752	4.03575887785796	0.327976152718039	0.742929693592936	0.999719434250228
HMPRNC0000_1478	cds	0	NA	NA	NA	NA	NA
HMPRNC0000_1479	cds	0	NA	NA	NA	NA	NA
HMPRNC0000_1480	cds	0.176391823478747	0.953491072601642	4.04121339089401	0.23594177796949	0.813477849127285	0.999719434250228
HMPRNC0000_1481	cds	0.319518683975804	0.935254863299043	3.6919625952401	0.253321868565199	0.800019498438201	0.999719434250228
HMPRNC0000_1482	cds	0.216305003320755	-0.660871302467674	3.89797339989202	-0.169542281249529	0.86537011807472	0.999719434250228
HMPRNC0000_1483	cds	0.146344118158046	1.09517713710624	4.03897252822655	0.271152410533258	0.786273813110385	0.999719434250228
HMPRNC0000_1486	cds	0	NA	NA	NA	NA	NA
HMPRNC0000_1487	cds	0	NA	NA	NA	NA	NA
HMPRNC0000_1488	cds	0	NA	NA	NA	NA	NA
HMPRNC0000_1490	cds	0.343915454080153	-0.121041835981614	3.3000429015719	-0.0366788673941054	0.970741058679562	0.999719434250228
HMPRNC0000_1492	cds	0.0487813727193487	0.375790524484671	4.0527002134097	0.0927259616295436	0.926121271465377	0.999719434250228
HMPRNC0000_1495	cds	0.167523630601406	-1.45031368697984	4.06631116532894	-0.356665692322275	0.721342092060065	0.999719434250228
HMPRNC0000_1496	cds	1.01671315878657	-2.2281480076355	1.95443625510296	-1.14004639538275	0.254266972597458	0.999719434250228
HMPRNC0000_1497	cds	3.9656152605996	1.35916312743401	1.08902172412626	1.24805878278001	0.212009531034618	0.999719434250228
HMPRNC0000_1498	cds	0	NA	NA	NA	NA	NA
HMPRNC0000_1501	cds	0.0487813727193487	0.375790524484671	4.0527002134097	0.0927259616295436	0.926121271465377	0.999719434250228
HMPRNC0000_1502	cds	0.176391823478747	0.953491072601642	4.04121339089401	0.23594177796949	0.813477849127285	0.999719434250228
HMPRNC0000_1503	cds	0.167523630601406	-1.45031368697984	4.06631116532894	-0.356665692322275	0.721342092060065	0.999719434250228
HMPRNC0000_1504	cds	0.707287903084601	0.76434514238935	2.32734802412776	0.328418927665883	0.742594933729265	0.999719434250228
HMPRNC0000_1505	cds	0	NA	NA	NA	NA	NA
HMPRNC0000_1507	cds	0	NA	NA	NA	NA	NA
HMPRNC0000_1508	cds	0.384190297684984	-0.870064806946467	2.91106931505297	-0.298881514929037	0.765030451751717	0.999719434250228
HMPRNC0000_1509	cds	16.539701000186	-0.845499897173504	0.589027336485932	-1.43541707625601	0.151168282800611	0.999719434250228
HMPRNC0000_1510	cds	0.751988446509293	-2.33386285337294	2.31053740959638	-1.01009524610149	0.312449659621073	0.999719434250228
HMPRNC0000_1511	cds	0.384190297684984	-0.870064806946467	2.91106931505297	-0.298881514929037	0.765030451751717	0.999719434250228
HMPRNC0000_1512	cds	0.265086376040103	-0.226838741306307	3.60889173429503	-0.0628555129960467	0.949881560241462	0.999719434250228
HMPRNC0000_1513	cds	3.86747506513491	-0.510516336382667	1.05454971003016	-0.484108365425532	0.628308964689426	0.999719434250228
HMPRNC0000_1514	cds	0.910919923076514	2.10934971877747	2.15548514424367	0.978596268413444	0.327779503803992	0.999719434250228
HMPRNC0000_1515	cds	0.167523630601406	-1.45031368697984	4.06631116532894	-0.356665692322275	0.721342092060065	0.999719434250228
HMPRNC0000_1516	cds	0.216305003320755	-0.660871302467674	3.89797339989202	-0.169542281249529	0.86537011807472	0.999719434250228
HMPRNC0000_1517	cds	0.335047261202812	-2.25220383345059	3.57856757866601	-0.629359033731073	0.529114031292577	0.999719434250228
HMPRNC0000_1518	cds	1.42714637134076	-0.0488167623598839	1.63150632807934	-0.0299212828781073	0.976129832165195	0.999719434250228
HMPRNC0000_1519	cds	3.10581381292953	0.543304692875545	1.18274976300835	0.459357262092057	0.645977633465796	0.999719434250228
HMPRNC0000_1520	cds	12.2328944878968	0.129179020294604	0.636117856151109	0.203074035802444	0.839077165318833	0.999719434250228
HMPRNC0000_1522	cds	1.54098014589577	-2.74585668468443	1.76349850028712	-1.55705076258209	0.119458433731336	0.999719434250228
HMPRNC0000_1523	cds	0.343915454080153	-0.121041835981614	3.3000429015719	-0.0366788673941054	0.970741058679562	0.999719434250228
HMPRNC0000_1524	cds	1.06957536080058	0.530122495055572	1.8947537863514	0.279784370335734	0.77964294367334	0.999719434250228
HMPRNC0000_1525	cds	0.962508804603398	1.25978582864391	2.08819202951776	0.603290219882142	0.546315638002858	0.999719434250228
HMPRNC0000_1526	cds	0.167885294364229	-0.546066368947976	4.04678249549853	-0.1349384034243	0.89266057567314	0.999719434250228
HMPRNC0000_1527	cds	0	NA	NA	NA	NA	NA
HMPRNC0000_1530	cds	1.1724273776928	1.18449024845038	1.8747835934238	0.631801052988317	0.527516885488745	0.999719434250228
HMPRNC0000_1531	cds	0.955620466501206	-0.336766426468728	1.99712095137227	-0.168625954395665	0.866090864244513	0.999719434250228
HMPRNC0000_1532	cds	0.216305003320755	-0.660871302467674	3.89797339989202	-0.169542281249529	0.86537011807472	0.999719434250228
HMPRNC0000_1533	cds	0.58818398143972	1.38791018355337	2.50587265097926	0.553863015748621	0.57967259788057	0.999719434250228
HMPRNC0000_1534	cds	0.67081784993127	-1.70167658758615	2.35879516374665	-0.721417702452489	0.470652558220996	0.999719434250228
HMPRNC0000_1535	cds	0.909025693221032	-2.19760300755145	2.11523333351523	-1.03894117624335	0.298832094691029	0.999719434250228
HMPRNC0000_1536	cds	1.00242198444541	0.476378794696921	1.91499997918278	0.24876177539188	0.803545060569409	0.999719434250228
HMPRNC0000_1537	cds	1.41665998745109	-0.0200647786074572	1.64907228535113	-0.0121673129708713	0.9902921283659	0.999719434250228
HMPRNC0000_1538	cds	0.176391823478747	0.953491072601642	4.04121339089401	0.23594177796949	0.813477849127285	0.999719434250228
HMPRNC0000_1539	cds	0	NA	NA	NA	NA	NA
HMPRNC0000_1540	cds	0	NA	NA	NA	NA	NA
HMPRNC0000_1541	cds	1.68942523857333	0.437007737147265	1.51824039808656	0.287838301298019	0.773470517289526	0.999719434250228
HMPRNC0000_1543	cds	14.6264084588964	0.103079196035014	0.565195863383259	0.182377831674108	0.855286221805509	0.999719434250228
HMPRNC0000_1546	cds	1.34759396577506	-0.600423704977342	1.76792249423617	-0.33962105631602	0.734141919064259	0.999719434250228
HMPRNC0000_1547	cds	2.5576244730003	1.92675246360383	1.40459081598272	1.37175356814203	0.170140166159234	0.999719434250228
HMPRNC0000_1548	cds	1.27513915047701	0.282197020177519	1.74066350205419	0.162120375273275	0.871211061299389	0.999719434250228
HMPRNC0000_1549	cds	1.1183086484293	-0.192832996040646	1.81286342440933	-0.106369290396752	0.91528935753121	0.999719434250228
HMPRNC0000_1550	cds	1.36668929693653	-0.154544115874346	1.65414119095737	-0.0934286122122983	0.925563060666278	0.999719434250228
HMPRNC0000_1551	cds	2.04981846643382	-1.81551425345266	1.50814192413713	-1.20380862331069	0.228663555937331	0.999719434250228
HMPRNC0000_1552	cds	0.798789964453492	-0.880237512213524	2.1040288586094	-0.418358098374797	0.675685317573818	0.999719434250228
HMPRNC0000_1553	cds	0.216666667083578	-0.120651453087526	3.90274731382682	-0.0309144926344776	0.975337731996773	0.999719434250228
HMPRNC0000_1554	cds	0.216666667083578	-0.120651453087526	3.90274731382682	-0.0309144926344776	0.975337731996773	0.999719434250228
HMPRNC0000_1556	cds	2.75400811335495	-2.03543380428007	1.27092764454853	-1.6015339763918	0.109258700916961	0.999719434250228
HMPRNC0000_1557	cds	1.50452688598006	-0.266402249872506	1.66292555296089	-0.160200947900625	0.872722782722121	0.999719434250228
HMPRNC0000_1558	cds	0.345895308855303	-1.44690171747346	3.58267920564563	-0.403860249389177	0.686315488649598	0.999719434250228
HMPRNC0000_1559	cds	1.46544136017044	0.0903876466414143	1.61960099336545	0.0558085892832118	0.955494292351766	0.999719434250228
HMPRNC0000_1560	cds	24.3599667496389	-0.387631850855202	0.462395410025379	-0.838312497163255	0.401855218933854	0.999719434250228
HMPRNC0000_1563	cds	0	NA	NA	NA	NA	NA
HMPRNC0000_1564	cds	0.286627552246287	-2.10374684818585	3.48560055425297	-0.603553624530772	0.546140453262705	0.999719434250228
HMPRNC0000_1566	cds	2.56897605075139	-0.760048362563068	1.26276854930977	-0.601890475478275	0.547247044645184	0.999719434250228
HMPRNC0000_1567	cds	1.8699835162664	-0.566788757748042	1.42779734449841	-0.39696723063115	0.691391625595839	0.999719434250228
HMPRNC0000_1569	cds	0.319518683975804	0.935254863299043	3.6919625952401	0.253321868565199	0.800019498438201	0.999719434250228
HMPRNC0000_1570	cds	0.776525460721663	-0.725856509986444	2.28995739438291	-0.316973805611805	0.75126347826424	0.999719434250228
HMPRNC0000_1571	cds	0.216666667083578	-0.120651453087526	3.90274731382682	-0.0309144926344776	0.975337731996773	0.999719434250228
HMPRNC0000_1573	cds	0.146344118158046	1.09517713710624	4.03897252822655	0.271152410533258	0.786273813110385	0.999719434250228
HMPRNC0000_1575	cds	6.41331740712917	0.288021103741752	0.854451815968544	0.337082909017254	0.736054400887565	0.999719434250228
HMPRNC0000_1576	cds	0.984685598690722	-1.18809079053619	2.0421829136173	-0.581774914780643	0.560718302972508	0.999719434250228
HMPRNC0000_1577	cds	1.12967077144198	0.483587371114445	1.86528874165494	0.259256039193906	0.795437695669051	0.999719434250228
HMPRNC0000_1578	cds	1.80848107512758	-0.41601414972664	1.43610353652569	-0.289682560585489	0.772059099179308	0.999719434250228
HMPRNC0000_1580	cds	1.55978684794815	0.0845475379661314	1.53477264027182	0.0550879887663085	0.956068365190515	0.999719434250228
HMPRNC0000_1581	cds	0.79525912812031	-0.458950890876696	2.40774688679244	-0.190614259910062	0.848827817246872	0.999719434250228
HMPRNC0000_1582	cds	0.584605060015907	0.70884247874256	2.56081856588224	0.276803084836412	0.781931312336192	0.999719434250228
HMPRNC0000_1583	cds	1.53774376387112	-0.740815335363388	1.55816040804976	-0.475442278943935	0.634471765561519	0.999719434250228
HMPRNC0000_1584	cds	0.845023073970844	1.31767452182078	2.27486850683048	0.579231071098992	0.562433268198252	0.999719434250228
HMPRNC0000_1585	cds	0.368300056695153	1.36469586330921	3.21312284482372	0.42472570431215	0.671036643489566	0.999719434250228
HMPRNC0000_1587	cds	0	NA	NA	NA	NA	NA
HMPRNC0000_1588	cds	9.13226641467819	-0.0455171094194743	0.689844194429382	-0.0659817242603957	0.947392375670513	0.999719434250228
HMPRNC0000_1589	cds	0.632522861101589	-2.9342056175433	2.47453225213161	-1.18576171921611	0.235716413041247	0.999719434250228
HMPRNC0000_1590	cds	5.25366543092249	-0.344934757048123	0.870712460114996	-0.39615231531494	0.691992666503744	0.999719434250228
HMPRNC0000_1591	cds	7.79614735895931	-0.0564600834601842	0.895396614603316	-0.0630559492177637	0.949721951886407	0.999719434250228
HMPRNC0000_1592	cds	0.0487813727193487	0.375790524484671	4.0527002134097	0.0927259616295436	0.926121271465377	0.999719434250228
HMPRNC0000_1593	cds	0.119103921644881	-1.33377711657661	4.07039375829128	-0.327677663582238	0.743155393650616	0.999719434250228
HMPRNC0000_1595	cds	1.01943504267444	2.04710612918558	2.11334301953379	0.96865776651685	0.332715971051271	0.999719434250228
HMPRNC0000_1596	cds	3.89370139666388	0.44392283604679	1.06870296567421	0.415384676851471	0.677860322183385	0.999719434250228
HMPRNC0000_1597	cds	0.394676681574651	-0.648409492460957	3.16084105849526	-0.205138278218151	0.837464090624571	0.999719434250228
HMPRNC0000_1598	cds	0	NA	NA	NA	NA	NA
HMPRNC0000_1599	cds	0.176391823478747	0.953491072601642	4.04121339089401	0.23594177796949	0.813477849127285	0.999719434250228
HMPRNC0000_1600	cds	2.36670951026399	0.576152552456876	1.32540161225821	0.434700355822889	0.663779940085942	0.999719434250228
HMPRNC0000_1601	cds	0	NA	NA	NA	NA	NA
HMPRNC0000_1602	cds	0	NA	NA	NA	NA	NA
HMPRNC0000_1604	cds	0	NA	NA	NA	NA	NA
HMPRNC0000_1605	cds	0	NA	NA	NA	NA	NA
HMPRNC0000_1606	cds	0.225173196198096	1.36512127210923	3.829993073362	0.356429175186711	0.721519183510662	0.999719434250228
HMPRNC0000_1607	cds	0	NA	NA	NA	NA	NA
HMPRNC0000_1608	cds	2.49014697271134	-0.810187022405383	1.25384325396074	-0.64616292335274	0.518173848349929	0.999719434250228
HMPRNC0000_1609	cds	1.21147698590114	-1.40014319348593	1.84258171896678	-0.759881192282239	0.447325604778178	0.999719434250228
HMPRNC0000_1610	cds	1.22034517877849	-0.605733606789804	1.73463023051869	-0.349200421007697	0.726938850154953	0.999719434250228
HMPRNC0000_1611	cds	0.394676681574651	-0.648409492460957	3.16084105849526	-0.205138278218151	0.837464090624571	0.999719434250228
HMPRNC0000_1612	cds	0.48704231457721	-0.149015949958056	2.96192039530632	-0.0503105857247878	0.959874888265296	0.999719434250228
HMPRNC0000_1613	cds	0	NA	NA	NA	NA	NA
HMPRNC0000_1615	cds	0.0487813727193487	0.375790524484671	4.0527002134097	0.0927259616295436	0.926121271465377	0.999719434250228
HMPRNC0000_1616	cds	0.668631250492096	0.814557115271709	2.46530683702246	0.330408005623962	0.741091693279133	0.999719434250228
HMPRNC0000_1617	cds	1.24554526793652	1.4275024662027	2.05673181868588	0.69406349103637	0.487642392979781	0.999719434250228
HMPRNC0000_1618	cds	0	NA	NA	NA	NA	NA
HMPRNC0000_1619	cds	0.54790913783489	2.4514817597799	2.69582549021577	0.909362185600406	0.363158975456067	0.999719434250228
HMPRNC0000_1620	cds	0	NA	NA	NA	NA	NA
HMPRNC0000_1621	cds	0.295495745123628	-0.00122740619470259	3.4905487686999	-0.000351637027881939	0.999719434250228	0.999719434250228
HMPRNC0000_1622	cds	0.600856964768562	-0.685052027864813	2.47046071504475	-0.277297276452503	0.781551850675661	0.999719434250228
HMPRNC0000_1623	cds	0.600133637242915	-1.4814720291084	2.67964671135803	-0.552860950971255	0.580358628185916	0.999719434250228
HMPRNC0000_1624	cds	3.69838757658783	-0.404021613154044	1.02167373125125	-0.395450720514501	0.692510283324002	0.999719434250228
HMPRNC0000_1625	cds	1.24188635498467	-1.24004907971909	1.71297995750368	-0.723913361792167	0.46911892627017	0.999719434250228
HMPRNC0000_1628	cds	2.85081623941499	-0.312132650790074	1.13621246383007	-0.274713278305276	0.783536528910478	0.999719434250228
HMPRNC0000_1630	cds	0.0975627454386974	0.799599759100727	4.04388460996796	0.197730607132003	0.843255841445575	0.999719434250228
HMPRNC0000_1631	cds	1.09640580846029	0.247677068983915	1.82809682393605	0.135483561779099	0.89222956022069	0.999719434250228
HMPRNC0000_1632	cds	0	NA	NA	NA	NA	NA
HMPRNC0000_1633	cds	7.71495802727221	-0.289997695969103	0.795559880935452	-0.364520261665423	0.715469546428737	0.999719434250228
HMPRNC0000_1634	cds	1.07634257915841	-1.79889870469243	2.05545502613063	-0.87518271225756	0.381474498086226	0.999719434250228
HMPRNC0000_1635	cds	0.464999230500183	-2.35031526258434	2.94653922453871	-0.797652799939323	0.4250720015856	0.999719434250228
HMPRNC0000_1636	cds	0.895629382366543	-1.05934091803461	2.03778256578892	-0.51984982883809	0.603168246231434	0.999719434250228
HMPRNC0000_1637	cds	0.46586280213385	2.03480993415235	2.90601075152283	0.700207297266901	0.483797855065444	0.999719434250228
HMPRNC0000_1638	cds	4.52984071901831	-1.13292359539456	0.947746830265395	-1.19538631965386	0.231936128141441	0.999719434250228
HMPRNC0000_1640	cds	7.5728541068805	-0.0838673235507177	0.773101742886815	-0.108481612313473	0.913613665677969	0.999719434250228
HMPRNC0000_1641	cds	0.773082334032986	2.93803497122411	2.38429859593404	1.23224288108644	0.217858369458777	0.999719434250228
HMPRNC0000_1642	cds	1.7117940688119	-0.120964187598916	1.55100104840342	-0.0779910418006709	0.937835178895389	0.999719434250228
HMPRNC0000_1644	cds	0.877654960094823	1.96823358335067	2.21961212366275	0.886746635760277	0.375215324068322	0.999719434250228
HMPRNC0000_1645	cds	0.659763057614755	-0.909924008073935	2.45997907734665	-0.369890954135831	0.711463741744713	0.999719434250228
HMPRNC0000_1646	cds	0.335408924965635	-1.31525528744249	3.04917213135285	-0.431348323670707	0.666215118445371	0.999719434250228
HMPRNC0000_1647	cds	0.712215510775306	1.18502405841981	2.31478301110554	0.511937426849286	0.608694803221843	0.999719434250228
HMPRNC0000_1649	cds	3.19055307179147	1.05647368232286	1.13973010127612	0.926950758903322	0.353952101106065	0.999719434250228
HMPRNC0000_1650	cds	0.265086376040103	-0.226838741306307	3.60889173429503	-0.0628555129960467	0.949881560241462	0.999719434250228
HMPRNC0000_1651	cds	2.3182354682408	1.38406005960267	1.41903320873326	0.975354241947717	0.329384573033783	0.999719434250228
HMPRNC0000_1652	cds	0.93050036887121	-0.337019407823833	2.10917361178503	-0.1597874190824	0.873048534859204	0.999719434250228
HMPRNC0000_1654	cds	6.83933144525218	-1.16332340229461	0.837792348456958	-1.38855816054804	0.164967147514103	0.999719434250228
HMPRNC0000_1655	cds	1.52000737811644	-2.11096822035002	1.67704010974638	-1.25874641165813	0.208121941834433	0.999719434250228
HMPRNC0000_1656	cds	0.225173196198096	1.36512127210923	3.829993073362	0.356429175186711	0.721519183510662	0.999719434250228
HMPRNC0000_1657	cds	0.341469609035441	1.92657373801357	3.52526791006573	0.546504205400277	0.584719397751855	0.999719434250228
HMPRNC0000_1658	cds	0.0487813727193487	0.375790524484671	4.0527002134097	0.0927259616295436	0.926121271465377	0.999719434250228
HMPRNC0000_1659	cds	4.55601713333151	0.0460159823617511	0.923662287172509	0.0498190550819326	0.960266581777525	0.999719434250228
HMPRNC0000_1660	cds	0.632522861101589	-2.9342056175433	2.47453225213161	-1.18576171921611	0.235716413041247	0.999719434250228
HMPRNC0000_1662	cds	2.54696637677421	-0.521318868117029	1.31015348720452	-0.3979067133801	0.690698951228909	0.999719434250228
HMPRNC0000_1663	cds	2.0675548521885	-0.798546924234066	1.35444412584431	-0.589575390373732	0.555475354661717	0.999719434250228
HMPRNC0000_1665	cds	1.88164705046192	0.217311889071223	1.48467830522043	0.146369680426467	0.883629561019465	0.999719434250228
HMPRNC0000_1666	cds	12.8581328053586	0.161088544316123	0.673476586103546	0.23918952438735	0.810958625274169	0.999719434250228
HMPRNC0000_1667	cds	0	NA	NA	NA	NA	NA
HMPRNC0000_1668	cds	0	NA	NA	NA	NA	NA
HMPRNC0000_1669	cds	0	NA	NA	NA	NA	NA
HMPRNC0000_1670	cds	0	NA	NA	NA	NA	NA
HMPRNC0000_1671	cds	0	NA	NA	NA	NA	NA
HMPRNC0000_1672	cds	0	NA	NA	NA	NA	NA
HMPRNC0000_1674	cds	0.363010785241624	0.66842718040185	3.20126388887417	0.208801024721809	0.834603571355885	0.999719434250228
HMPRNC0000_1675	cds	1.05084169340193	0.385597466903081	1.8900187622259	0.204017798452413	0.838339590268643	0.999719434250228
HMPRNC0000_1676	cds	2.47966058882167	-0.741659768318119	1.23103622051879	-0.602467868902806	0.54686274497479	0.999719434250228
HMPRNC0000_1677	cds	1.49144415379776	0.00386947814533741	1.5519482957931	0.00249330351779533	0.998010633678926	0.999719434250228
HMPRNC0000_1679	cds	1.92813498973393	1.02441865408811	1.45308507447932	0.704995648279702	0.480812944321725	0.999719434250228
HMPRNC0000_1680	cds	3.06126356285537	-0.299344649410133	1.16212560545475	-0.257583731057192	0.796728186854832	0.999719434250228
HMPRNC0000_1681	cds	0.420298687075491	2.12836925047077	2.98700967485691	0.712541800043793	0.47612933681565	0.999719434250228
HMPRNC0000_1682	cds	10.3157190093761	-0.81810374694663	0.682405110701329	-1.19885348763851	0.230584920218114	0.999719434250228
HMPRNC0000_1683	cds	0.313867748759452	0.0845059777468095	3.38573230597931	0.0249594386412562	0.98008731679588	0.999719434250228
HMPRNC0000_1684	cds	0.810139919976827	1.7307511217484	2.16018103821716	0.801206515161721	0.423012100084782	0.999719434250228
HMPRNC0000_1685	cds	0.535823687296559	0.310707260665976	2.673702877498	0.11620859717843	0.907487223355419	0.999719434250228
HMPRNC0000_1686	cds	0.167885294364229	-0.546066368947976	4.04678249549853	-0.1349384034243	0.89266057567314	0.999719434250228
HMPRNC0000_1687	cds	0.91055825931369	1.94747270738658	2.15322522036293	0.904444499799389	0.365759750998684	0.999719434250228
HMPRNC0000_1688	cds	0.719599222650619	-1.37055147996427	2.30068181359036	-0.595715353539236	0.551365399565912	0.999719434250228
HMPRNC0000_1689	cds	0.368300056695153	1.36469586330921	3.21312284482372	0.42472570431215	0.671036643489566	0.999719434250228
HMPRNC0000_1690	cds	1.73001366085035	-0.292911077409618	1.51786419216935	-0.192975813594355	0.846977910004272	0.999719434250228
HMPRNC0000_1691	cds	3.33687153148813	0.0140330995763698	1.16950503227683	0.0119991784465003	0.990426270513818	0.999719434250228
HMPRNC0000_1692	cds	1.12242076957697	-1.34532960791104	1.92329509137923	-0.699492040478446	0.484244585554439	0.999719434250228
HMPRNC0000_1693	cds	0.167885294364229	-0.546066368947976	4.04678249549853	-0.1349384034243	0.89266057567314	0.999719434250228
HMPRNC0000_1694	cds	7.95354102529683	0.32634539697478	0.734473743092417	0.444325477995634	0.65680728345616	0.999719434250228
HMPRNC0000_1695	cds	2.54426570197484	-0.0982979202982348	1.20949979317222	-0.0812715478358402	0.935226000659136	0.999719434250228
HMPRNC0000_1697	cds	0.795982455645957	0.0820780307445079	2.23438608303346	0.0367340413403742	0.970697065886815	0.999719434250228
HMPRNC0000_1698	cds	0.167523630601406	-1.45031368697984	4.06631116532894	-0.356665692322275	0.721342092060065	0.999719434250228
HMPRNC0000_1700	cds	0	NA	NA	NA	NA	NA
HMPRNC0000_1701	cds	1.58417145056315	0.66084296849337	1.57714665219196	0.419011743502046	0.675207549847367	0.999719434250228
HMPRNC0000_1702	cds	7.34241005469425	-0.700169402150309	0.770398122104918	-0.908841003191016	0.363434059285467	0.999719434250228
HMPRNC0000_1703	cds	6.2156601601657	-0.139021546524695	0.830104588084364	-0.16747473573844	0.866996524730842	0.999719434250228
HMPRNC0000_1704	cds	36.1290754377865	0.4563730504686	1.16419685565507	0.392006771236132	0.695053210695905	0.999719434250228
HMPRNC0000_1705	cds	2.26746770664858	-1.27271229686712	1.31416005648632	-0.968460645707022	0.332814364278038	0.999719434250228
HMPRNC0000_1706	cds	0.560220457400908	-0.510673663290526	2.58410506387495	-0.197621091506532	0.843341531606752	0.999719434250228
HMPRNC0000_1707	cds	4.37234592448419	0.260465167865988	1.03703723939483	0.251162791432623	0.801688250779045	0.999719434250228
HMPRNC0000_1708	cds	4.04542249591996	1.32642533496433	1.05057126820864	1.26257530079427	0.206741848916918	0.999719434250228
HMPRNC0000_1710	cds	33.1858552399194	0.342155951258139	0.413107369752559	0.828249448716158	0.40752924490228	0.999719434250228
HMPRNC0000_1711	cds	19.0072088008082	-0.160207151324407	0.52777181335251	-0.303553822449782	0.761467836687663	0.999719434250228
HMPRNC0000_1713	cds	11.5052534029185	-0.454668498225528	0.622471135318682	-0.730425030861479	0.465130422747431	0.999719434250228
HMPRNC0000_1714	cds	0.216305003320755	-0.660871302467674	3.89797339989202	-0.169542281249529	0.86537011807472	0.999719434250228
HMPRNC0000_1715	cds	2.82586322837314	-0.412182681052259	1.21040243888132	-0.340533584378106	0.733454735699761	0.999719434250228
HMPRNC0000_1716	cds	2.10366324157901	0.0827265429729434	1.35010765399518	0.0612740345024656	0.951140969401523	0.999719434250228
HMPRNC0000_1717	cds	0.368300056695153	1.36469586330921	3.21312284482372	0.42472570431215	0.671036643489566	0.999719434250228
HMPRNC0000_1718	cds	0.167523630601406	-1.45031368697984	4.06631116532894	-0.356665692322275	0.721342092060065	0.999719434250228
HMPRNC0000_1720	cds	0.216305003320755	-0.660871302467674	3.89797339989202	-0.169542281249529	0.86537011807472	0.999719434250228
HMPRNC0000_1721	cds	0.335047261202812	-2.25220383345059	3.57856757866601	-0.629359033731073	0.529114031292577	0.999719434250228
HMPRNC0000_1724	cds	2.00484396889081	0.496297719013205	1.42570868687218	0.348105979561659	0.727760593811972	0.999719434250228
HMPRNC0000_1726	cds	0.414599666768509	-0.646893616843262	3.0710021878757	-0.210645768797299	0.833163695187632	0.999719434250228
HMPRNC0000_1727	cds	0.0487813727193487	0.375790524484671	4.0527002134097	0.0927259616295436	0.926121271465377	0.999719434250228
HMPRNC0000_1728	cds	0.176391823478747	0.953491072601642	4.04121339089401	0.23594177796949	0.813477849127285	0.999719434250228
HMPRNC0000_1729	cds	0.265448039802927	0.183718671281334	3.60766581706817	0.0509245258837848	0.959385662032769	0.999719434250228
HMPRNC0000_1730	cds	1.15319180242331	-0.848867663892803	1.81732761229303	-0.467096663337293	0.640430721314723	0.999719434250228
HMPRNC0000_1732	cds	0.119103921644881	-1.33377711657661	4.07039375829128	-0.327677663582238	0.743155393650616	0.999719434250228
HMPRNC0000_1733	cds	0.167885294364229	-0.546066368947976	4.04678249549853	-0.1349384034243	0.89266057567314	0.999719434250228
HMPRNC0000_1734	cds	0	NA	NA	NA	NA	NA
HMPRNC0000_1735	cds	0.492239427013349	0.11681603727339	2.9288073799721	0.0398851894707064	0.968184658797923	0.999719434250228
HMPRNC0000_1736	cds	0.392696826799502	0.318698234413709	2.92080041518191	0.109113321388603	0.913112609036995	0.999719434250228
HMPRNC0000_1737	cds	0.687818740670957	2.51222489607504	2.59932620580161	0.966490812298912	0.333798642150253	0.999719434250228
HMPRNC0000_1738	cds	0.28698921600911	-1.14796227981964	3.48608271901746	-0.329298634698831	0.74192997597943	0.999719434250228
HMPRNC0000_1739	cds	0.286627552246287	-2.10374684818585	3.48560055425297	-0.603553624530772	0.546140453262705	0.999719434250228
HMPRNC0000_1740	cds	0.0975627454386974	0.799599759100727	4.04388460996796	0.197730607132003	0.843255841445575	0.999719434250228
HMPRNC0000_1742	cds	0.393058490562325	0.673341743733009	2.89406238525531	0.232663175183629	0.81602296645579	0.999719434250228
HMPRNC0000_1744	cds	3.1427330631148	-0.505224769145553	1.1126633487015	-0.454067953020257	0.649779918264827	0.999719434250228
HMPRNC0000_1745	cds	0.167885294364229	-0.546066368947976	4.04678249549853	-0.1349384034243	0.89266057567314	0.999719434250228
HMPRNC0000_1746	cds	0	NA	NA	NA	NA	NA
HMPRNC0000_1747	cds	1.97071543427545	-0.719719537342275	1.37884082184686	-0.521974346812755	0.601688191970506	0.999719434250228
HMPRNC0000_1748	cds	0.56256197593888	-1.0698323671002	2.58511876716874	-0.41384263682086	0.678989356362025	0.999719434250228
HMPRNC0000_1749	cds	2.62617624294075	-1.54612546405801	1.27174438599901	-1.21575175096485	0.224079503708505	0.999719434250228
HMPRNC0000_1750	cds	1.40920324092205	-0.98576224085606	1.91401496884126	-0.515023266224943	0.606536761877522	0.999719434250228
HMPRNC0000_1751	cds	0.0975627454386974	0.799599759100727	4.04388460996796	0.197730607132003	0.843255841445575	0.999719434250228
HMPRNC0000_1752	cds	0.883679726563348	1.15397646920253	2.13677847810196	0.540054329931089	0.589159565104516	0.999719434250228
HMPRNC0000_1753	cds	1.57027323183781	0.0734182525773392	1.53284932105748	0.0478965881177997	0.96179865855944	0.999719434250228
HMPRNC0000_1754	cds	1.04960429051609	-0.797651205078198	1.91262149727593	-0.417046031436047	0.676644738661807	0.999719434250228
HMPRNC0000_1755	cds	1.212654136207	-0.152205516861177	1.90674067123292	-0.07982496999068	0.936376464510343	0.999719434250228
HMPRNC0000_1756	cds	1.06106883168606	-0.0369831109286304	1.98239964369471	-0.0186557292048857	0.985115745078577	0.999719434250228
HMPRNC0000_1757	cds	0.79634411940878	0.315720947533795	2.38693827368434	0.132270260615691	0.894770529259678	0.999719434250228
HMPRNC0000_1758	cds	3.56011528912775	-1.46799004883552	1.0988318629226	-1.33595511594564	0.181563944311373	0.999719434250228
HMPRNC0000_1759	cds	0.906839093781857	-0.540521135035655	2.03952504222267	-0.265023044015481	0.790991709796927	0.999719434250228
HMPRNC0000_1761	cds	1.57547034427395	-0.181827707675378	1.63495859886009	-0.111212423239433	0.911447900425618	0.999719434250228
HMPRNC0000_1762	cds	0.344277117842977	0.419866341640232	3.05523277331361	0.137425320030479	0.890694618422668	0.999719434250228
HMPRNC0000_1764	cds	1.1833419259013	-0.788913902617943	1.80800882345405	-0.436344055617377	0.662587122254607	0.999719434250228
HMPRNC0000_1765	cds	0.0487813727193487	0.375790524484671	4.0527002134097	0.0927259616295436	0.926121271465377	0.999719434250228
HMPRNC0000_1766	cds	1.90413117524542	-0.541804685333169	1.56420320475496	-0.346377429534832	0.729059085121605	0.999719434250228
HMPRNC0000_1767	cds	0.216666667083578	-0.120651453087526	3.90274731382682	-0.0309144926344776	0.975337731996773	0.999719434250228
HMPRNC0000_1768	cds	1.60316436356733	1.44914996764757	1.67873056467076	0.863241545811604	0.388004675603002	0.999719434250228
HMPRNC0000_1769	cds	3.39214436984385	0.142116976261782	1.13352962026372	0.125375617647042	0.900226190086519	0.999719434250228
HMPRNC0000_1770	cds	3.52323315599492	-0.240261072529927	1.13168687774003	-0.212303488938323	0.831870273693767	0.999719434250228
HMPRNC0000_1772	cds	1.69295607490651	0.194163604537851	1.56785919078819	0.123839950474278	0.901441999364581	0.999719434250228
HMPRNC0000_1773	cds	1.27477748671419	0.0332651699924658	1.69909624533631	0.019578155200903	0.98437989011809	0.999719434250228
HMPRNC0000_1775	cds	0.394676681574651	-0.648409492460957	3.16084105849526	-0.205138278218151	0.837464090624571	0.999719434250228
HMPRNC0000_1776	cds	0.344277117842977	0.419866341640232	3.05523277331361	0.137425320030479	0.890694618422668	0.999719434250228
HMPRNC0000_1777	cds	21.3648325149143	0.252104836979866	0.589229416717348	0.427855144069972	0.668756586249388	0.999719434250228
HMPRNC0000_1778	cds	7.12153538240344	0.288301155130451	0.767962529568447	0.375410445210733	0.707355237868937	0.999719434250228
HMPRNC0000_1779	cds	2.99358143614922	-0.353336253180634	1.11815714897304	-0.315998742667925	0.752003462481238	0.999719434250228
HMPRNC0000_1780	cds	6.78278808003246	-0.304735375160305	0.818010719706812	-0.372532251496077	0.709496603949431	0.999719434250228
HMPRNC0000_1781	cds	0.0487813727193487	0.375790524484671	4.0527002134097	0.0927259616295436	0.926121271465377	0.999719434250228
HMPRNC0000_1782	cds	0	NA	NA	NA	NA	NA
HMPRNC0000_1783	cds	2.18272027337159	2.57488223231742	1.5771600168589	1.63260684064614	0.102551711602417	0.999719434250228
HMPRNC0000_1784	cds	0.622036477211922	-2.16692041618239	2.42249427468073	-0.894499705873598	0.37105458706931	0.999719434250228
HMPRNC0000_1785	cds	0.167523630601406	-1.45031368697984	4.06631116532894	-0.356665692322275	0.721342092060065	0.999719434250228
HMPRNC0000_1786	cds	0.119103921644881	-1.33377711657661	4.07039375829128	-0.327677663582238	0.743155393650616	0.999719434250228
HMPRNC0000_1787	cds	1.38537487924455	-0.82238534456251	1.66545188431053	-0.493791115978692	0.621453707990216	0.999719434250228
HMPRNC0000_1788	cds	1.76546522327121	-0.966651465992108	1.51872005664656	-0.636490880436873	0.524456523100953	0.999719434250228
HMPRNC0000_1791	cds	1.53774376387112	-0.740815335363388	1.55816040804976	-0.475442278943935	0.634471765561519	0.999719434250228
HMPRNC0000_1792	cds	0.0487813727193487	0.375790524484671	4.0527002134097	0.0927259616295436	0.926121271465377	0.999719434250228
HMPRNC0000_1794	cds	0.119103921644881	-1.33377711657661	4.07039375829128	-0.327677663582238	0.743155393650616	0.999719434250228
HMPRNC0000_1795	cds	1.1544170378198	1.49174352035587	1.87475634898528	0.795699943175702	0.426206459894688	0.999719434250228
HMPRNC0000_1796	cds	0.345895308855303	-1.44690171747346	3.58267920564563	-0.403860249389177	0.686315488649598	0.999719434250228
HMPRNC0000_1797	cds	3.00640683107543	-0.823507012041502	1.21407494660981	-0.678299980030944	0.497581511341358	0.999719434250228
HMPRNC0000_1798	cds	1.02558135166391	-1.18816742641231	1.86581964364048	-0.636807223282328	0.524250420477534	0.999719434250228
HMPRNC0000_1799	cds	3.48471674751044	0.0868421892123591	1.10047241203928	0.078913554090313	0.937101382258682	0.999719434250228
HMPRNC0000_1800	cds	10.9367588195285	-0.27379968110274	0.649938520777918	-0.421270123788056	0.673557843766845	0.999719434250228
HMPRNC0000_1801	cds	0.0487813727193487	0.375790524484671	4.0527002134097	0.0927259616295436	0.926121271465377	0.999719434250228
HMPRNC0000_1802	cds	7.47019412613952	0.0629852219546328	0.770143296487455	0.0817837696463787	0.934818662779613	0.999719434250228
HMPRNC0000_1803	cds	0.536185351059382	0.798410243756628	2.63376994202076	0.303143502026622	0.761780503088432	0.999719434250228
HMPRNC0000_1804	cds	2.84786848649943	-0.567202751001342	1.22658599652123	-0.462423957724944	0.643777322051207	0.999719434250228
HMPRNC0000_1805	cds	0.393058490562325	0.673341743733009	2.89406238525531	0.232663175183629	0.81602296645579	0.999719434250228
HMPRNC0000_1806	cds	0.0487813727193487	0.375790524484671	4.0527002134097	0.0927259616295436	0.926121271465377	0.999719434250228
HMPRNC0000_1807	cds	0.57397843201822	-1.48868929306687	2.70403610782534	-0.550543422389471	0.581946702551902	0.999719434250228
HMPRNC0000_1808	cds	3.32721975850516	-0.267141188548594	1.1505506503537	-0.232185509144226	0.816393932275026	0.999719434250228
HMPRNC0000_1809	cds	3.65390845281794	-0.140393574794048	1.13884809566777	-0.123276822719475	0.901887893615006	0.999719434250228
HMPRNC0000_1810	cds	0.782899723463661	0.601371811731296	2.21717116805343	0.27123382280822	0.786211200803554	0.999719434250228
HMPRNC0000_1811	cds	4.11713528210529	-0.119044869720911	0.975996793960546	-0.121972603247838	0.902920715678631	0.999719434250228
HMPRNC0000_1812	cds	2.90691482345365	-0.0105937866030383	1.14226530062016	-0.00927436611905018	0.992600232542964	0.999719434250228
HMPRNC0000_1813	cds	3.70234728613813	-0.83348388255597	1.04618172134705	-0.796691306633409	0.42563033404756	0.999719434250228
HMPRNC0000_1814	cds	1.85913546861391	-0.667094267280855	1.49882294271996	-0.445078766989153	0.656262832654497	0.999719434250228
HMPRNC0000_1815	cds	7.37233875851743	-0.510886411216231	0.784655290833251	-0.651096624447283	0.514984115383991	0.999719434250228
HMPRNC0000_1816	cds	0.619849877772747	0.588323261513419	2.53857248042448	0.231753580427628	0.816729412922431	0.999719434250228
HMPRNC0000_1817	cds	1.04395335529974	-1.11902520893451	1.9393939102653	-0.576997382023044	0.563941224048677	0.999719434250228
HMPRNC0000_1818	cds	2.76248335061646	-0.00168356038631762	1.19352852071639	-0.00141057407267243	0.998874525098776	0.999719434250228
HMPRNC0000_1820	cds	0.502932555567041	-1.83512465341218	2.63744832222372	-0.695795492161502	0.486556912699884	0.999719434250228
HMPRNC0000_1822	cds	0.146344118158046	1.09517713710624	4.03897252822655	0.271152410533258	0.786273813110385	0.999719434250228
HMPRNC0000_1824	cds	0.719237558887796	-1.79316784811613	2.33091658386674	-0.769297305844149	0.441716836241563	0.999719434250228
HMPRNC0000_1825	cds	5.71313484595068	0.125701082887398	0.858258636012133	0.146460609439904	0.883557783661354	0.999719434250228
HMPRNC0000_1826	cds	2.43988111898996	-2.27321468914166	1.40801280129951	-1.61448439037175	0.106422399979489	0.999719434250228
HMPRNC0000_1827	cds	2.79344271266145	1.14539728198061	1.21986197526389	0.938956459998538	0.347753099309365	0.999719434250228
HMPRNC0000_1828	cds	0.600495301005739	-1.0523800446255	2.48261320366938	-0.423900123897692	0.671638653799428	0.999719434250228
HMPRNC0000_1829	cds	0	NA	NA	NA	NA	NA
HMPRNC0000_1830	cds	13.1817892870331	-0.111565525702846	0.608219160384749	-0.183429811109981	0.854460786785532	0.999719434250228
HMPRNC0000_1831	cds	7.72123894697807	0.524665521831492	0.743621707333277	0.70555433852652	0.480465328665935	0.999719434250228
HMPRNC0000_1832	cds	0.56908865027825	0.968070081462909	2.58364995011401	0.374690883112935	0.707890373354005	0.999719434250228
HMPRNC0000_1833	cds	0.822812903305669	-0.449707333836453	2.12592407265254	-0.211534993004406	0.832469829473283	0.999719434250228
HMPRNC0000_1834	cds	1.4642039572846	-0.756210022329211	1.59812532861516	-0.473185681240968	0.636080712428149	0.999719434250228
HMPRNC0000_1835	cds	6.73513978369221	-0.0139222853321094	0.798164894893053	-0.0174428685365508	0.986083310202791	0.999719434250228
HMPRNC0000_1836	cds	0.907341001652701	1.78934575874279	2.0824565770804	0.859247572523916	0.390203942172355	0.999719434250228
HMPRNC0000_1837	cds	1.73617867142689	0.35302123450899	1.47842347197298	0.238782217139638	0.811274460085089	0.999719434250228
HMPRNC0000_1839	cds	1.8749111239571	-0.62998373053666	1.43085774477165	-0.440283971511927	0.659731448192352	0.999719434250228
HMPRNC0000_1840	cds	1.01509496777425	-1.00741044741274	1.89791114469905	-0.530799584704733	0.595557667884642	0.999719434250228
HMPRNC0000_1841	cds	1.15405537405698	1.27214931496525	1.80917838153825	0.703164114687028	0.481953479927621	0.999719434250228
HMPRNC0000_1843	cds	10.5564132410602	-0.130590633418511	0.667022951017401	-0.195781319397366	0.844781332074472	0.999719434250228
HMPRNC0000_1845	cds	21.1643278885128	0.4909021516779	0.498449226589004	0.984858889314062	0.324693389353242	0.999719434250228
HMPRNC0000_1846	cds	10.2595205482036	-1.01464092158203	0.682979194232731	-1.48561029406158	0.137382230612723	0.999719434250228
HMPRNC0000_1848	cds	0.335408924965635	-1.31525528744249	3.04917213135285	-0.431348323670707	0.666215118445371	0.999719434250228
HMPRNC0000_1849	cds	0.593473252893249	2.39810543378917	2.50805847877111	0.95616009518414	0.338991357231092	0.999719434250228
HMPRNC0000_1850	cds	0.0975627454386974	0.799599759100727	4.04388460996796	0.197730607132003	0.843255841445575	0.999719434250228
HMPRNC0000_1851	cds	1.17883293228782	-2.08509089892403	2.11509722240406	-0.985813265148196	0.324224755107821	0.999719434250228
HMPRNC0000_1852	cds	0	NA	NA	NA	NA	NA
HMPRNC0000_1855	cds	4.23954862042855	0.0391435657608941	0.953527948425529	0.0410513040813625	0.967254995563316	0.999719434250228
HMPRNC0000_1857	cds	1.08753761558295	-0.682302852202358	1.91462107791804	-0.356364431621266	0.721567662651845	0.999719434250228
HMPRNC0000_1859	cds	1.82473297988023	-0.933208153924644	1.4596780550291	-0.639324644711492	0.522611759292262	0.999719434250228
HMPRNC0000_1860	cds	0	NA	NA	NA	NA	NA
HMPRNC0000_1861	cds	0	NA	NA	NA	NA	NA
HMPRNC0000_1862	cds	0.438622605620685	-0.0404914844505486	3.0709213959172	-0.0131854512799911	0.989479836829828	0.999719434250228
HMPRNC0000_1863	cds	0	NA	NA	NA	NA	NA
HMPRNC0000_1864	cds	0.167523630601406	-1.45031368697984	4.06631116532894	-0.356665692322275	0.721342092060065	0.999719434250228
HMPRNC0000_1865	cds	0.972374279124704	0.501712821196969	1.95007898626969	0.257278205000658	0.796964016183192	0.999719434250228
HMPRNC0000_1866	cds	1.31628973320486	0.391001262263882	1.69695974326894	0.230412809623095	0.81777100827515	0.999719434250228
HMPRNC0000_1867	cds	1.25273440263716	-1.12812021670227	1.82832172539283	-0.617025002237986	0.537218234606293	0.999719434250228
HMPRNC0000_1868	cds	9.16302348143205	0.221347228961695	0.717747993898431	0.308391288925035	0.757784609616844	0.999719434250228
HMPRNC0000_1871	cds	0.689810762935456	-1.26997572362485	2.45635346427382	-0.51701668432328	0.605144512047958	0.999719434250228
HMPRNC0000_1872	cds	0.454512846610516	-1.72620677046046	2.72248810867921	-0.63405484305234	0.526045031388398	0.999719434250228
HMPRNC0000_1873	cds	0.513418939456709	-2.54152420291002	2.8554589827927	-0.890058032080138	0.373434726274856	0.999719434250228
HMPRNC0000_1875	cds	7.49113280844272	-0.591306340114334	0.779357494322164	-0.758710020012851	0.448026041606051	0.999719434250228
HMPRNC0000_1876	cds	1.31863125174283	0.0872281568325906	1.75226778380306	0.0497801521199425	0.96029758338442	0.999719434250228
HMPRNC0000_1877	cds	0.0975627454386974	0.799599759100727	4.04388460996796	0.197730607132003	0.843255841445575	0.999719434250228
HMPRNC0000_1878	cds	0.319518683975804	0.935254863299043	3.6919625952401	0.253321868565199	0.800019498438201	0.999719434250228
HMPRNC0000_1879	cds	0.0975627454386974	0.799599759100727	4.04388460996796	0.197730607132003	0.843255841445575	0.999719434250228
HMPRNC0000_1880	cds	6.25623982696527	-0.137046214072249	0.837957284469456	-0.163547971492387	0.87008700577982	0.999719434250228
HMPRNC0000_1881	cds	1.59792317720443	1.57670617365382	1.71762775973695	0.917955689011042	0.358642064639589	0.999719434250228
HMPRNC0000_1882	cds	2.05970515004363	0.481094155348628	1.4078214246636	0.341729531118327	0.732554445976028	0.999719434250228
HMPRNC0000_1883	cds	5.29788739381168	0.919782116212202	0.889272999389751	1.03430793113407	0.30099223027815	0.999719434250228
HMPRNC0000_1884	cds	1.68656964467516	0.444415791905618	1.47888873336813	0.300506577593213	0.763790779955479	0.999719434250228
HMPRNC0000_1885	cds	2.50520955966878	-1.22802108901467	1.39997540029904	-0.87717333372598	0.380392497707246	0.999719434250228
HMPRNC0000_1886	cds	1.84584599176759	-0.0222761596822231	1.46357452521663	-0.0152203794876287	0.987856363064795	0.999719434250228
HMPRNC0000_1887	cds	0.167523630601406	-1.45031368697984	4.06631116532894	-0.356665692322275	0.721342092060065	0.999719434250228
HMPRNC0000_1888	cds	1.18007033517366	-0.231931494308893	1.8606531266473	-0.124650581555095	0.900800182353386	0.999719434250228
HMPRNC0000_1889	cds	0.807296493568011	-0.174353118212178	2.1370357829849	-0.0815864290155452	0.934975593391339	0.999719434250228
HMPRNC0000_1890	cds	0.865943340808665	-0.656275670020726	2.13759743825786	-0.307015557875851	0.758831530265263	0.999719434250228
HMPRNC0000_1891	cds	0.80927634834316	-1.10019943533481	2.16491823106364	-0.508194452588756	0.611316980870757	0.999719434250228
HMPRNC0000_1892	cds	4.8320852670344	-0.823693963011022	0.943175944688977	-0.873319519702811	0.382488943984096	0.999719434250228
HMPRNC0000_1893	cds	0.880462468902359	0.931696824102476	2.07755681095312	0.448457928654688	0.65382274261754	0.999719434250228
HMPRNC0000_1894	cds	1.73015390495837	0.757080649754571	1.50612041554335	0.502669402752533	0.615196725177341	0.999719434250228
HMPRNC0000_1895	cds	2.99261353800881	-0.875565537229766	1.24138766045846	-0.705311938501475	0.480616132525199	0.999719434250228
HMPRNC0000_1896	cds	0.460573530680321	1.04593118151795	2.93702642151816	0.356119091695914	0.721751380151189	0.999719434250228
HMPRNC0000_1897	cds	0.787735172136977	-0.0374770594915615	2.17222712303853	-0.0172528273374739	0.986234918326439	0.999719434250228
HMPRNC0000_1898	cds	7.06626045932288	-0.851025705491776	0.809390640643127	-1.05144001271817	0.293056546842273	0.999719434250228
HMPRNC0000_1899	cds	0.481391379360858	-0.699652257666892	2.89261593340133	-0.241875269228775	0.808876813530746	0.999719434250228
HMPRNC0000_1900	cds	0.392696826799502	0.318698234413709	2.92080041518191	0.109113321388603	0.913112609036995	0.999719434250228
HMPRNC0000_1902	cds	0.665413992831107	-0.176625468816465	2.72130167423309	-0.0649047735092586	0.948249819899732	0.999719434250228
HMPRNC0000_1903	cds	1.5073343947876	-0.86164444023708	1.56072958014065	-0.552077984040918	0.580894925036713	0.999719434250228
HMPRNC0000_1904	cds	0.897970900904516	-1.57914962042308	2.05111733472907	-0.769897262182552	0.441360838091388	0.999719434250228
HMPRNC0000_1905	cds	0.0487813727193487	0.375790524484671	4.0527002134097	0.0927259616295436	0.926121271465377	0.999719434250228
HMPRNC0000_1906	cds	0.401565019676844	1.99228357754139	3.08113443970882	0.646607156073874	0.517886225404644	0.999719434250228
HMPRNC0000_1907	cds	10.1231179092191	0.870226862337538	0.677023092123329	1.28537249683503	0.198662147342008	0.999719434250228
HMPRNC0000_1908	cds	7.00466261471115	1.51469239066112	0.89243636151531	1.69725535173091	0.0896483944338579	0.999719434250228
HMPRNC0000_1909	cds	6.13475910185511	-0.462769322091455	0.954965732634299	-0.484592594558229	0.627965367793705	0.999719434250228
HMPRNC0000_1910	cds	0.216666667083578	-0.120651453087526	3.90274731382682	-0.0309144926344776	0.975337731996773	0.999719434250228
HMPRNC0000_1911	cds	0.9881499344679	1.51635970610652	2.09251029716403	0.724660570684714	0.468660289925072	0.999719434250228
HMPRNC0000_1912	cds	0.0487813727193487	0.375790524484671	4.0527002134097	0.0927259616295436	0.926121271465377	0.999719434250228
HMPRNC0000_1913	cds	0.858057721062509	-0.785295205551153	2.09275934663972	-0.375243912689759	0.707479074599902	0.999719434250228
HMPRNC0000_1914	cds	0.225173196198096	1.36512127210923	3.829993073362	0.356429175186711	0.721519183510662	0.999719434250228
HMPRNC0000_1915	cds	0	NA	NA	NA	NA	NA
HMPRNC0000_1916	cds	0.352783646957495	1.82900906207584	3.5354442762379	0.517334999272596	0.60492232612595	0.999719434250228
HMPRNC0000_1917	cds	2.53292228054923	1.4376720693532	1.3294078304253	1.08143794285706	0.279502351330604	0.999719434250228
HMPRNC0000_1918	cds	0.0487813727193487	0.375790524484671	4.0527002134097	0.0927259616295436	0.926121271465377	0.999719434250228
HMPRNC0000_1919	cds	0.335047261202812	-2.25220383345059	3.57856757866601	-0.629359033731073	0.529114031292577	0.999719434250228
HMPRNC0000_1920	cds	1.01509496777425	-1.00741044741274	1.89791114469905	-0.530799584704733	0.595557667884642	0.999719434250228
HMPRNC0000_1922	cds	0.535823687296559	0.310707260665976	2.673702877498	0.11620859717843	0.907487223355419	0.999719434250228
HMPRNC0000_1923	cds	0.225173196198096	1.36512127210923	3.829993073362	0.356429175186711	0.721519183510662	0.999719434250228
HMPRNC0000_1924	cds	0	NA	NA	NA	NA	NA
HMPRNC0000_1925	cds	0.216666667083578	-0.120651453087526	3.90274731382682	-0.0309144926344776	0.975337731996773	0.999719434250228
HMPRNC0000_1926	cds	0.615014429099432	1.05893515250593	2.58310457212701	0.40994668351114	0.681845058992947	0.999719434250228
HMPRNC0000_1927	cds	1.98903935282065	-1.53816268783414	1.42777629473432	-1.07731350737992	0.281340229877398	0.999719434250228
HMPRNC0000_1928	cds	9.25340269203973	-0.0257365269506487	0.682065591971457	-0.0377332140099008	0.969900393895111	0.999719434250228
HMPRNC0000_1929	cds	0.687818740670957	2.51222489607504	2.59932620580161	0.966490812298912	0.333798642150253	0.999719434250228
HMPRNC0000_1930	cds	0	NA	NA	NA	NA	NA
HMPRNC0000_1931	cds	0.731310841936777	1.61156324710293	2.35130373960746	0.685391351170975	0.493097000236389	0.999719434250228
HMPRNC0000_1932	cds	0.295495745123628	-0.00122740619470259	3.4905487686999	-0.000351637027881939	0.999719434250228	0.999719434250228
HMPRNC0000_1933	cds	0.383828633922161	-1.45988224056892	3.13811251533414	-0.465210292312759	0.641780868873606	0.999719434250228
HMPRNC0000_1934	cds	0.343915454080153	-0.121041835981614	3.3000429015719	-0.0366788673941054	0.970741058679562	0.999719434250228
HMPRNC0000_1935	cds	2.29240230222506	0.510677303615525	1.40504439086808	0.363459906985582	0.716261357605912	0.999719434250228
HMPRNC0000_1936	cds	2.49605273768234	-0.415987151424736	1.24381217193128	-0.33444531321705	0.738043550946626	0.999719434250228
HMPRNC0000_1937	cds	0	NA	NA	NA	NA	NA
HMPRNC0000_1938	cds	0	NA	NA	NA	NA	NA
HMPRNC0000_1939	cds	0.344277117842977	0.419866341640232	3.05523277331361	0.137425320030479	0.890694618422668	0.999719434250228
HMPRNC0000_1940	cds	0	NA	NA	NA	NA	NA
HMPRNC0000_1941	cds	0	NA	NA	NA	NA	NA
HMPRNC0000_1942	cds	0.0487813727193487	0.375790524484671	4.0527002134097	0.0927259616295436	0.926121271465377	0.999719434250228
HMPRNC0000_1943	cds	0	NA	NA	NA	NA	NA
HMPRNC0000_1945	cds	0	NA	NA	NA	NA	NA
HMPRNC0000_1946	cds	0	NA	NA	NA	NA	NA
HMPRNC0000_1947	cds	0.146344118158046	1.09517713710624	4.03897252822655	0.271152410533258	0.786273813110385	0.999719434250228
HMPRNC0000_1948	cds	1.23324611585985	1.57506411501044	1.8591257212171	0.84720688710568	0.396879815411517	0.999719434250228
HMPRNC0000_1950	cds	0	NA	NA	NA	NA	NA
HMPRNC0000_1951	cds	0	NA	NA	NA	NA	NA
HMPRNC0000_1952	cds	0	NA	NA	NA	NA	NA
HMPRNC0000_1953	cds	0	NA	NA	NA	NA	NA
HMPRNC0000_1955	cds	0.0975627454386974	0.799599759100727	4.04388460996796	0.197730607132003	0.843255841445575	0.999719434250228
HMPRNC0000_1956	cds	0.0487813727193487	0.375790524484671	4.0527002134097	0.0927259616295436	0.926121271465377	0.999719434250228
HMPRNC0000_1957	cds	0.119103921644881	-1.33377711657661	4.07039375829128	-0.327677663582238	0.743155393650616	0.999719434250228
HMPRNC0000_1958	cds	0	NA	NA	NA	NA	NA
HMPRNC0000_1959	cds	0	NA	NA	NA	NA	NA
HMPRNC0000_1960	cds	0	NA	NA	NA	NA	NA
HMPRNC0000_1961	cds	0	NA	NA	NA	NA	NA
HMPRNC0000_1962	cds	0	NA	NA	NA	NA	NA
HMPRNC0000_1971	cds	0.481391379360858	-0.699652257666892	2.89261593340133	-0.241875269228775	0.808876813530746	0.999719434250228
HMPRNC0000_1972	cds	0.344277117842977	0.419866341640232	3.05523277331361	0.137425320030479	0.890694618422668	0.999719434250228
HMPRNC0000_1974	cds	0.454151182847693	-2.62434747675469	2.92882050404078	-0.89604244204586	0.370230095980578	0.999719434250228
HMPRNC0000_1977	cds	1.18241185371163	-0.652828046367288	1.88904680260557	-0.345585956614119	0.729653901425261	0.999719434250228
HMPRNC0000_1978	cds	1.98958934578212	0.228725795540813	1.40846566012139	0.162393590427402	0.870995917943992	0.999719434250228
HMPRNC0000_1979	cds	2.25932937539461	1.30313798745676	1.36251864926704	0.956418459415416	0.338860862298584	0.999719434250228
HMPRNC0000_1980	cds	1.70392315757852	-1.60618896904889	1.68583414284996	-0.952756222111846	0.34071359993358	0.999719434250228
HMPRNC0000_1981	cds	0.438622605620685	-0.0404914844505486	3.0709213959172	-0.0131854512799911	0.989479836829828	0.999719434250228
HMPRNC0000_1982	cds	1.93093033105212	1.55496666133756	1.52245039046359	1.02135785249729	0.307084926270386	0.999719434250228
HMPRNC0000_1983	cds	0.119103921644881	-1.33377711657661	4.07039375829128	-0.327677663582238	0.743155393650616	0.999719434250228
HMPRNC0000_1984	cds	6.56468964278575	0.428858376805912	0.812318426280957	0.527943676926495	0.59753842864718	0.999719434250228
HMPRNC0000_1986	cds	1.64915039496849	0.792749212020771	1.62897200030527	0.486656131518657	0.626502038054402	0.999719434250228
HMPRNC0000_1987	cds	2.03034485464729	-0.543905790169171	1.46040417055277	-0.372435111550868	0.709568915890345	0.999719434250228
HMPRNC0000_1988	cds	0.630904670089263	-0.824946091352309	2.31798797979784	-0.35588885643154	0.721923801452031	0.999719434250228
HMPRNC0000_1990	cds	4.922985120622	-0.363312867438764	0.930735910254034	-0.390350112675465	0.696277671910279	0.999719434250228
HMPRNC0000_1991	cds	0	NA	NA	NA	NA	NA
HMPRNC0000_1992	cds	0.849691436056011	0.396916926333179	2.22231968217431	0.178604783783779	0.858248037975853	0.999719434250228
HMPRNC0000_1993	cds	0.822812903305669	-0.449707333836453	2.12592407265254	-0.211534993004406	0.832469829473283	0.999719434250228
HMPRNC0000_1994	cds	0.736600113390306	2.64138192097654	2.50204929269922	1.05568740339524	0.291111054022753	0.999719434250228
HMPRNC0000_1995	cds	1.02756120643906	-2.14704586274037	2.09154764924924	-1.02653452026831	0.304639700723247	0.999719434250228
HMPRNC0000_1996	cds	2.57405416169001	-0.270293317503347	1.20975106286844	-0.223428873757263	0.823201734244295	0.999719434250228
HMPRNC0000_1997	cds	0	NA	NA	NA	NA	NA
HMPRNC0000_1998	cds	0	NA	NA	NA	NA	NA
HMPRNC0000_1999	cds	2.29800515235078	0.41524260135509	1.33470517979264	0.31111185274609	0.755715590793103	0.999719434250228
HMPRNC0000_2001	cds	0.0487813727193487	0.375790524484671	4.0527002134097	0.0927259616295436	0.926121271465377	0.999719434250228
HMPRNC0000_2002	cds	0.414599666768509	-0.646893616843262	3.0710021878757	-0.210645768797299	0.833163695187632	0.999719434250228
HMPRNC0000_2003	cds	0.0487813727193487	0.375790524484671	4.0527002134097	0.0927259616295436	0.926121271465377	0.999719434250228
HMPRNC0000_2004	cds	0.119103921644881	-1.33377711657661	4.07039375829128	-0.327677663582238	0.743155393650616	0.999719434250228
HMPRNC0000_2005	cds	0	NA	NA	NA	NA	NA
HMPRNC0000_2006	cds	0.944772418848715	-0.533590943457693	1.95026535090668	-0.273599150602571	0.784392686819995	0.999719434250228
HMPRNC0000_2038	cds	11.9131536753679	0.101207235263812	0.65545852494836	0.154406772376309	0.877289014113881	0.999719434250228
HMPRNC0000_2040	cds	0.858921292696176	1.85484938773106	2.11691625533088	0.876203479027632	0.380919425551956	0.999719434250228
HMPRNC0000_2041	cds	0.265086376040103	-0.226838741306307	3.60889173429503	-0.0628555129960467	0.949881560241462	0.999719434250228
HMPRNC0000_2042	cds	0.560943784926555	0.261215945024949	2.53229097136435	0.10315400085489	0.917840747084069	0.999719434250228
HMPRNC0000_2044	cds	1.36247475763158	1.12380072146251	1.81018722903869	0.620820157956428	0.534717958571821	0.999719434250228
HMPRNC0000_2045	cds	0.490621236001023	1.06707519231369	2.66896731741496	0.399808264923685	0.689297742800925	0.999719434250228
HMPRNC0000_2046	cds	0.847571337172841	-0.644206019158805	2.04688100865481	-0.314725680894451	0.752969943875197	0.999719434250228
HMPRNC0000_2047	cds	0	NA	NA	NA	NA	NA
HMPRNC0000_2049	cds	2.41147030626866	-0.704743395700485	1.27460151145397	-0.552912725559665	0.580323173118898	0.999719434250228
HMPRNC0000_2051	cds	0.393058490562325	0.673341743733009	2.89406238525531	0.232663175183629	0.81602296645579	0.999719434250228
HMPRNC0000_2052	cds	0.454512846610516	-1.72620677046046	2.72248810867921	-0.63405484305234	0.526045031388398	0.999719434250228
HMPRNC0000_2054	cds	0.216305003320755	-0.660871302467674	3.89797339989202	-0.169542281249529	0.86537011807472	0.999719434250228
HMPRNC0000_2055	cds	3.67922574487035	0.191478818234479	1.03552071567255	0.184910659281323	0.85329911027005	0.999719434250228
HMPRNC0000_2058	cds	2.10080764768084	0.0605577851486901	1.30589708173899	0.0463725556902605	0.963013310359989	0.999719434250228
HMPRNC0000_2060	cds	0.119103921644881	-1.33377711657661	4.07039375829128	-0.327677663582238	0.743155393650616	0.999719434250228
HMPRNC0000_2061	cds	1.44464263585357	-0.753795929572191	1.7466212902383	-0.431573766897888	0.666051228081398	0.999719434250228
HMPRNC0000_2062	cds	0.837380116489992	3.00427351529401	2.20948368094849	1.35971744946508	0.173919354072802	0.999719434250228
HMPRNC0000_2063	cds	2.10278750245599	-0.293818957179229	1.34430760984469	-0.21856527109385	0.826988708341359	0.999719434250228
HMPRNC0000_2064	cds	0.368300056695153	1.36469586330921	3.21312284482372	0.42472570431215	0.671036643489566	0.999719434250228
HMPRNC0000_2065	cds	2.69391923681127	0.532374570372804	1.19263379334642	0.446385615888854	0.655318721322584	0.999719434250228
HMPRNC0000_2066	cds	2.77981844805444	0.0213376370971676	1.26339657868989	0.0168891047016244	0.98652508471748	0.999719434250228
HMPRNC0000_2067	cds	3.36550849935882	0.419403772283914	1.07878448386841	0.388774383164999	0.697443052282383	0.999719434250228
HMPRNC0000_2068	cds	1.5541359127318	-0.267623270472227	1.56820779229869	-0.170655490800708	0.864494662514391	0.999719434250228
HMPRNC0000_2069	cds	1.16709002114865	-0.0230251665827539	1.76371997499473	-0.0130548879125909	0.989584002358956	0.999719434250228
HMPRNC0000_2070	cds	1.00404017545773	-0.413677014307279	1.88664790848755	-0.21926561519309	0.826443145266126	0.999719434250228
HMPRNC0000_2071	cds	0.577956843155591	2.46660198369929	2.7145818284215	0.908648970487506	0.363535448387447	0.999719434250228
HMPRNC0000_2072	cds	0.893183537321831	0.141928269343443	2.15003051344254	0.0660122116667977	0.947368103157924	0.999719434250228
HMPRNC0000_2073	cds	0.392696826799502	0.318698234413709	2.92080041518191	0.109113321388603	0.913112609036995	0.999719434250228
HMPRNC0000_2074	cds	0	NA	NA	NA	NA	NA
HMPRNC0000_2075	cds	1.21587139386799	0.125591779667769	1.72569032618516	0.0727777039495864	0.941983013568356	0.999719434250228
HMPRNC0000_2076	cds	0.658144866602429	0.316442725505366	2.26489976444239	0.139715995592094	0.888884387717725	0.999719434250228
HMPRNC0000_2078	cds	3.00447756889234	0.104701359722624	1.13161356098468	0.0925239528161163	0.926281761248116	0.999719434250228
HMPRNC0000_2079	cds	0.513418939456709	-2.54152420291002	2.8554589827927	-0.890058032080138	0.373434726274856	0.999719434250228
HMPRNC0000_2080	cds	2.86283518939731	1.27446130819745	1.24770941538417	1.02144080383095	0.307045641597186	0.999719434250228
HMPRNC0000_2081	cds	1.09111653700676	-0.048575443779277	1.8386046542524	-0.0264197328484565	0.978922555105646	0.999719434250228
HMPRNC0000_2082	cds	0.619849877772747	0.588323261513419	2.53857248042448	0.231753580427628	0.816729412922431	0.999719434250228
HMPRNC0000_2083	cds	2.29960421899944	0.972738727152563	1.31327240148321	0.740698370006064	0.458876347890506	0.999719434250228
HMPRNC0000_2084	cds	4.64706537192019	-0.538431100714471	0.960533815588374	-0.560554029411922	0.575101597538667	0.999719434250228
HMPRNC0000_2085	cds	2.3254789360081	-0.556994634030308	1.30930248105685	-0.425413257890345	0.670535442920835	0.999719434250228
HMPRNC0000_2086	cds	0.0487813727193487	0.375790524484671	4.0527002134097	0.0927259616295436	0.926121271465377	0.999719434250228
HMPRNC0000_2087	cds	4.14952450596396	-0.23997301799311	0.978411936433286	-0.245267876501907	0.806249023045066	0.999719434250228
HMPRNC0000_2088	cds	1.35966724882404	2.28520316720327	1.87005652836578	1.2219968394219	0.221708822198536	0.999719434250228
HMPRNC0000_2089	cds	0.0487813727193487	0.375790524484671	4.0527002134097	0.0927259616295436	0.926121271465377	0.999719434250228
HMPRNC0000_2090	cds	0.432971670404333	-0.551805167929453	2.79281889275506	-0.197580003974088	0.843373680897434	0.999719434250228
HMPRNC0000_2091	cds	2.83395559278332	-0.656696782998062	1.24079821878259	-0.529253486229519	0.596629617602427	0.999719434250228
HMPRNC0000_2092	cds	0.502570891804218	-2.72183433990594	3.07064854634834	-0.886403734853596	0.375400007350612	0.999719434250228
HMPRNC0000_2094	cds	0.394676681574651	-0.648409492460957	3.16084105849526	-0.205138278218151	0.837464090624571	0.999719434250228
HMPRNC0000_2095	cds	0	NA	NA	NA	NA	NA
HMPRNC0000_2096	cds	0.0487813727193487	0.375790524484671	4.0527002134097	0.0927259616295436	0.926121271465377	0.999719434250228
HMPRNC0000_2097	cds	1.12044091480182	-0.589416368053086	2.00681604292214	-0.293707223505564	0.768981634088524	0.999719434250228
HMPRNC0000_2098	cds	0.322735941636793	1.79877988878583	3.3032158120014	0.544554153031848	0.586060194092078	0.999719434250228
HMPRNC0000_2100	cds	1.57927513472545	-2.08430703640837	1.6653391347085	-1.25158113021418	0.210722533995339	0.999719434250228
HMPRNC0000_2102	cds	0.606146236222091	-0.876219381364794	2.57241776427423	-0.340620949494961	0.733388956196314	0.999719434250228
HMPRNC0000_2103	cds	0.864210564149704	2.86484304304366	2.27311083424109	1.26031823872773	0.207554583079187	0.999719434250228
HMPRNC0000_2104	cds	3.56082394166262	-1.03227755244232	1.06023390493804	-0.973631901068709	0.330239340864129	0.999719434250228
HMPRNC0000_2105	cds	0.265086376040103	-0.226838741306307	3.60889173429503	-0.0628555129960467	0.949881560241462	0.999719434250228
HMPRNC0000_2106	cds	2.99016960131356	-0.745516767536231	1.15630668983059	-0.644739647442025	0.519095918578234	0.999719434250228
HMPRNC0000_2107	cds	15.7376110900433	-0.114654003755553	0.573489310836617	-0.199923523575868	0.841540392672988	0.999719434250228
HMPRNC0000_2109	cds	0.362649121478801	0.336748648919421	3.20930829626241	0.104928731624694	0.916432360268412	0.999719434250228
HMPRNC0000_2110	cds	2.24689442858281	-0.18611302387399	1.43385607682278	-0.129798957428412	0.896725487788947	0.999719434250228
HMPRNC0000_2111	cds	1.76627446183823	0.86278109077008	1.55390190190076	0.555235236995792	0.578733769888494	0.999719434250228
HMPRNC0000_2112	cds	1.36099027662955	-1.44063634053085	1.65101728561913	-0.872574959135335	0.382894794296311	0.999719434250228
HMPRNC0000_2113	cds	16.0008907175608	0.284374673905864	0.660057511263894	0.430833175977858	0.66658967494666	0.999719434250228
HMPRNC0000_2114	cds	0.0487813727193487	0.375790524484671	4.0527002134097	0.0927259616295436	0.926121271465377	0.999719434250228
HMPRNC0000_2115	cds	0.852908693717	0.658742486074646	2.18699479734753	0.301208986355886	0.763255137732505	0.999719434250228
HMPRNC0000_2116	cds	0.313867748759452	0.0845059777468095	3.38573230597931	0.0249594386412562	0.98008731679588	0.999719434250228
HMPRNC0000_2117	cds	1.35014222897706	-1.53581280760579	1.72096650973446	-0.892412954533762	0.372171630027154	0.999719434250228
HMPRNC0000_2118	cds	0.60936349388308	0.12440109001063	2.32721222852774	0.0534549829558643	0.95736939773163	0.999719434250228
HMPRNC0000_2119	cds	0.810139919976827	1.7307511217484	2.16018103821716	0.801206515161721	0.423012100084782	0.999719434250228
HMPRNC0000_2120	cds	0.176391823478747	0.953491072601642	4.04121339089401	0.23594177796949	0.813477849127285	0.999719434250228
HMPRNC0000_2121	cds	0.609001830120257	-0.233880260777218	2.48373171859104	-0.0941648645168056	0.924978194774618	0.999719434250228
HMPRNC0000_2123	cds	0.319518683975804	0.935254863299043	3.6919625952401	0.253321868565199	0.800019498438201	0.999719434250228
HMPRNC0000_2124	cds	0.273954568917445	1.59922945008679	3.52719659019143	0.453399579295917	0.650261039339036	0.999719434250228
HMPRNC0000_2126	cds	1.91219666365347	1.48006619495016	1.53414438608595	0.964750259736794	0.334669914866817	0.999719434250228
HMPRNC0000_2127	cds	0.225173196198096	1.36512127210923	3.829993073362	0.356429175186711	0.721519183510662	0.999719434250228
HMPRNC0000_2128	cds	2.34385093964392	-0.549509531925651	1.2849778667868	-0.427641242801908	0.668912334189453	0.999719434250228
HMPRNC0000_2129	cds	0	NA	NA	NA	NA	NA
HMPRNC0000_2130	cds	0.176391823478747	0.953491072601642	4.04121339089401	0.23594177796949	0.813477849127285	0.999719434250228
HMPRNC0000_2131	cds	1.02322766563659	0.839549257475953	2.0261166168926	0.414363739222251	0.678607740508712	0.999719434250228
HMPRNC0000_2132	cds	20.3307629979896	0.589236691553903	0.517723236291383	1.13813066567148	0.255065924887561	0.999719434250228
HMPRNC0000_2133	cds	1.62917932468401	-0.00900735636845741	1.64979331290329	-0.00545968776695207	0.995643821065591	0.999719434250228
HMPRNC0000_2134	cds	0.352783646957495	1.82900906207584	3.5354442762379	0.517334999272596	0.60492232612595	0.999719434250228
HMPRNC0000_2135	cds	1.52851390723096	-1.66142511301408	1.58498275109051	-1.04822914436828	0.294533045900895	0.999719434250228
HMPRNC0000_2136	cds	0.52228713233405	-0.15557599972584	2.89820022062301	-0.053680211125095	0.957189949300417	0.999719434250228
HMPRNC0000_2137	cds	0.273954568917445	1.59922945008679	3.52719659019143	0.453399579295917	0.650261039339036	0.999719434250228
HMPRNC0000_2138	cds	0	NA	NA	NA	NA	NA
HMPRNC0000_2139	cds	0.146344118158046	1.09517713710624	4.03897252822655	0.271152410533258	0.786273813110385	0.999719434250228
HMPRNC0000_2140	cds	0	NA	NA	NA	NA	NA
HMPRNC0000_2141	cds	0	NA	NA	NA	NA	NA
HMPRNC0000_2144	cds	0	NA	NA	NA	NA	NA
HMPRNC0000_2145	cds	0	NA	NA	NA	NA	NA
HMPRNC0000_2146	cds	0	NA	NA	NA	NA	NA
HMPRNC0000_2147	cds	0	NA	NA	NA	NA	NA
HMPRNC0000_2148	cds	0	NA	NA	NA	NA	NA
HMPRNC0000_2149	cds	0	NA	NA	NA	NA	NA
HMPRNC0000_2150	cds	0	NA	NA	NA	NA	NA
HMPRNC0000_2151	cds	0	NA	NA	NA	NA	NA
HMPRNC0000_2152	cds	0	NA	NA	NA	NA	NA
HMPRNC0000_2153	cds	0	NA	NA	NA	NA	NA
HMPRNC0000_2154	cds	0	NA	NA	NA	NA	NA
HMPRNC0000_2155	cds	0	NA	NA	NA	NA	NA
HMPRNC0000_2156	cds	0	NA	NA	NA	NA	NA
HMPRNC0000_2157	cds	0	NA	NA	NA	NA	NA
HMPRNC0000_2158	cds	0	NA	NA	NA	NA	NA
HMPRNC0000_2159	cds	0	NA	NA	NA	NA	NA
HMPRNC0000_2160	cds	0.0487813727193487	0.375790524484671	4.0527002134097	0.0927259616295436	0.926121271465377	0.999719434250228
HMPRNC0000_2161	cds	0	NA	NA	NA	NA	NA
HMPRNC0000_2162	cds	0	NA	NA	NA	NA	NA
HMPRNC0000_2163	cds	0	NA	NA	NA	NA	NA
HMPRNC0000_2164	cds	0	NA	NA	NA	NA	NA
HMPRNC0000_2165	cds	0	NA	NA	NA	NA	NA
HMPRNC0000_2166	cds	0.0487813727193487	0.375790524484671	4.0527002134097	0.0927259616295436	0.926121271465377	0.999719434250228
HMPRNC0000_2167	cds	0	NA	NA	NA	NA	NA
HMPRNC0000_2168	cds	0	NA	NA	NA	NA	NA
HMPRNC0000_2169	cds	0	NA	NA	NA	NA	NA
HMPRNC0000_2170	cds	0	NA	NA	NA	NA	NA
HMPRNC0000_2171	cds	0	NA	NA	NA	NA	NA
HMPRNC0000_2172	cds	0	NA	NA	NA	NA	NA
HMPRNC0000_2173	cds	0	NA	NA	NA	NA	NA
HMPRNC0000_2174	cds	0	NA	NA	NA	NA	NA
HMPRNC0000_2175	cds	0	NA	NA	NA	NA	NA
HMPRNC0000_2176	cds	0	NA	NA	NA	NA	NA
HMPRNC0000_2177	cds	0	NA	NA	NA	NA	NA
HMPRNC0000_2178	cds	0	NA	NA	NA	NA	NA
HMPRNC0000_2179	cds	0	NA	NA	NA	NA	NA
HMPRNC0000_2180	cds	0	NA	NA	NA	NA	NA
HMPRNC0000_2181	cds	0	NA	NA	NA	NA	NA
HMPRNC0000_2182	cds	0	NA	NA	NA	NA	NA
HMPRNC0000_2183	cds	0.167523630601406	-1.45031368697984	4.06631116532894	-0.356665692322275	0.721342092060065	0.999719434250228
HMPRNC0000_2184	cds	0.801271727099485	0.51717428470365	2.14769149212753	0.240804736899772	0.809706458126606	0.999719434250228
HMPRNC0000_2185	cds	1.9557200567723	-1.06708152450692	1.44130695443176	-0.740356883192601	0.459083473853892	0.999719434250228
HMPRNC0000_2186	cds	0.0487813727193487	0.375790524484671	4.0527002134097	0.0927259616295436	0.926121271465377	0.999719434250228
HMPRNC0000_2187	cds	0	NA	NA	NA	NA	NA
HMPRNC0000_2188	cds	0.167885294364229	-0.546066368947976	4.04678249549853	-0.1349384034243	0.89266057567314	0.999719434250228
HMPRNC0000_2189	cds	0.56256197593888	-1.0698323671002	2.58511876716874	-0.41384263682086	0.678989356362025	0.999719434250228
HMPRNC0000_2190	cds	1.71916561319786	-0.410352179018184	1.47544301376925	-0.278121333856111	0.780919219504576	0.999719434250228
HMPRNC0000_2191	cds	3.32093140680453	0.259544505735082	1.19615239123407	0.216982808910586	0.828221742293036	0.999719434250228
HMPRNC0000_2193	cds	0.335770588728458	-0.716251251243675	3.29048964198531	-0.217673151771882	0.827683783869489	0.999719434250228
HMPRNC0000_2194	cds	0.345895308855303	-1.44690171747346	3.58267920564563	-0.403860249389177	0.686315488649598	0.999719434250228
HMPRNC0000_2195	cds	0.0975627454386974	0.799599759100727	4.04388460996796	0.197730607132003	0.843255841445575	0.999719434250228
HMPRNC0000_2197	cds	0.0975627454386974	0.799599759100727	4.04388460996796	0.197730607132003	0.843255841445575	0.999719434250228
HMPRNC0000_2198	cds	0	NA	NA	NA	NA	NA
HMPRNC0000_2199	cds	0	NA	NA	NA	NA	NA
HMPRNC0000_2200	cds	26.5861573457535	0.089185388117696	0.485180040711662	0.183819161206382	0.85415532380491	0.999719434250228
HMPRNC0000_2201	cds	3.02683423164156	0.288571419739351	1.13700176980644	0.253800325911962	0.79964982164542	0.999719434250228
HMPRNC0000_2202	cds	1.55734100290343	0.837396158294455	1.57491898949584	0.531707449005056	0.594928631945783	0.999719434250228
HMPRNC0000_2203	cds	4.50407937011555	1.10262907239159	1.03459636208293	1.06575773200255	0.286533172544513	0.999719434250228
HMPRNC0000_2204	cds	0	NA	NA	NA	NA	NA
HMPRNC0000_2205	cds	0.176391823478747	0.953491072601642	4.04121339089401	0.23594177796949	0.813477849127285	0.999719434250228
HMPRNC0000_2208	cds	0	NA	NA	NA	NA	NA
HMPRNC0000_2209	cds	0.639772862966605	0.417145427322683	2.46188790956171	0.169441275414097	0.86544955975787	0.999719434250228
HMPRNC0000_2210	cds	0	NA	NA	NA	NA	NA
HMPRNC0000_2211	cds	1.19594840867414	-0.0621210739178821	1.79098068753585	-0.0346855074151316	0.972330517381662	0.999719434250228
HMPRNC0000_2212	cds	1.20985879488882	-0.528235984976846	1.76703432345139	-0.298939289388047	0.764986368420884	0.999719434250228
HMPRNC0000_2214	cds	0.441839863281674	0.884871184924693	2.76985391505716	0.319464929220439	0.749373981579547	0.999719434250228
HMPRNC0000_2216	cds	0.593473252893249	2.39810543378917	2.50805847877111	0.95616009518414	0.338991357231092	0.999719434250228
HMPRNC0000_2218	cds	0.0487813727193487	0.375790524484671	4.0527002134097	0.0927259616295436	0.926121271465377	0.999719434250228
HMPRNC0000_2219	cds	0.167885294364229	-0.546066368947976	4.04678249549853	-0.1349384034243	0.89266057567314	0.999719434250228
HMPRNC0000_2220	cds	0.273954568917445	1.59922945008679	3.52719659019143	0.453399579295917	0.650261039339036	0.999719434250228
HMPRNC0000_2222	cds	1.10930021144393	-2.98435937813139	2.04631353349068	-1.45840768254147	0.14472820433777	0.999719434250228
HMPRNC0000_2223	cds	1.13449405262595	1.90754310470528	1.98836121395028	0.959354412730454	0.337380232383853	0.999719434250228
HMPRNC0000_2225	cds	0	NA	NA	NA	NA	NA
HMPRNC0000_2226	cds	0.345895308855303	-1.44690171747346	3.58267920564563	-0.403860249389177	0.686315488649598	0.999719434250228
HMPRNC0000_2227	cds	0.401565019676844	1.99228357754139	3.08113443970882	0.646607156073874	0.517886225404644	0.999719434250228
HMPRNC0000_2228	cds	0.167523630601406	-1.45031368697984	4.06631116532894	-0.356665692322275	0.721342092060065	0.999719434250228
HMPRNC0000_2229	cds	0.443458054294	-0.202129893262732	3.0378860895293	-0.0665363635454977	0.946950807917231	0.999719434250228
HMPRNC0000_2230	cds	0	NA	NA	NA	NA	NA
HMPRNC0000_2231	cds	0.167885294364229	-0.546066368947976	4.04678249549853	-0.1349384034243	0.89266057567314	0.999719434250228
HMPRNC0000_2233	cds	0.0487813727193487	0.375790524484671	4.0527002134097	0.0927259616295436	0.926121271465377	0.999719434250228
HMPRNC0000_2234	cds	0	NA	NA	NA	NA	NA
HMPRNC0000_2235	cds	0.0975627454386974	0.799599759100727	4.04388460996796	0.197730607132003	0.843255841445575	0.999719434250228
HMPRNC0000_2236	cds	0.357311764934642	-2.37389348193233	3.47562863273487	-0.683011257179218	0.494599729236806	0.999719434250228
HMPRNC0000_2239	cds	0.176391823478747	0.953491072601642	4.04121339089401	0.23594177796949	0.813477849127285	0.999719434250228
HMPRNC0000_2240	cds	0.273954568917445	1.59922945008679	3.52719659019143	0.453399579295917	0.650261039339036	0.999719434250228
HMPRNC0000_2241	cds	0.0487813727193487	0.375790524484671	4.0527002134097	0.0927259616295436	0.926121271465377	0.999719434250228
HMPRNC0000_2242	cds	0.0487813727193487	0.375790524484671	4.0527002134097	0.0927259616295436	0.926121271465377	0.999719434250228
HMPRNC0000_2243	cds	0.345895308855303	-1.44690171747346	3.58267920564563	-0.403860249389177	0.686315488649598	0.999719434250228
HMPRNC0000_2249	cds	0.167885294364229	-0.546066368947976	4.04678249549853	-0.1349384034243	0.89266057567314	0.999719434250228
HMPRNC0000_2250	cds	0.119103921644881	-1.33377711657661	4.07039375829128	-0.327677663582238	0.743155393650616	0.999719434250228
HMPRNC0000_2251	cds	3.97864086609212	-0.866244568597156	1.03473159835529	-0.837168372913374	0.402497932325639	0.999719434250228
HMPRNC0000_2252	cds	1.42876456235308	-0.885486800386597	1.69183495639375	-0.523388405612606	0.600703991008455	0.999719434250228
HMPRNC0000_2253	cds	2.29210713901824	-0.681254578601153	1.38957216234811	-0.490262108770201	0.623948436096329	0.999719434250228
HMPRNC0000_2255	cds	2.67916207220054	2.02078560457655	1.35160770045594	1.49509772983306	0.134888938278558	0.999719434250228
HMPRNC0000_2256	cds	0.691790617710605	-2.95010698318897	2.77913249020622	-1.06152081398971	0.288453278971502	0.999719434250228
HMPRNC0000_2257	cds	1.53860733550479	0.735334111683869	1.56175146492336	0.470839392950372	0.637755431076765	0.999719434250228
HMPRNC0000_2258	cds	0	NA	NA	NA	NA	NA
HMPRNC0000_2259	cds	0.383828633922161	-1.45988224056892	3.13811251533414	-0.465210292312759	0.641780868873606	0.999719434250228
HMPRNC0000_2260	cds	0.880100805139535	0.630561399549681	2.01064731207403	0.313611141925851	0.753816396151786	0.999719434250228
HMPRNC0000_2261	cds	0.0975627454386974	0.799599759100727	4.04388460996796	0.197730607132003	0.843255841445575	0.999719434250228
HMPRNC0000_2262	cds	1.25645356816899	0.99055815262969	1.83692966681504	0.539246641025277	0.589716681547368	0.999719434250228
HMPRNC0000_2263	cds	1.67353499758349	1.57102262594936	1.6230220592182	0.967961351496425	0.333063671983937	0.999719434250228
HMPRNC0000_2265	cds	2.61300597748933	1.07976177192207	1.26923389477906	0.850719301118276	0.394925298829605	0.999719434250228
HMPRNC0000_2267	cds	0.628097161281727	0.327860458810453	2.45026646038505	0.133806042775826	0.893555948725585	0.999719434250228
HMPRNC0000_2268	cds	8.80145218447002	-0.325250881410369	0.760080348826972	-0.42791644582356	0.668711953228236	0.999719434250228
HMPRNC0000_2269	cds	1.59970002779015	-0.394077705094143	1.51933943518785	-0.259374367549026	0.795346404880539	0.999719434250228
HMPRNC0000_2271	cds	1.53385126377511	-0.668499939077148	1.68371285496522	-0.397039160867461	0.691338582771821	0.999719434250228
HMPRNC0000_2273	cds	1.56014851171097	0.261127771069125	1.54732024281714	0.168761297010955	0.865984402114902	0.999719434250228
HMPRNC0000_2274	cds	0	NA	NA	NA	NA	NA
HMPRNC0000_2275	cds	0	NA	NA	NA	NA	NA
HMPRNC0000_2276	cds	0.463019375725034	-0.843806187880812	2.75879120648099	-0.305860837129874	0.759710605273738	0.999719434250228
HMPRNC0000_2279	cds	0.225173196198096	1.36512127210923	3.829993073362	0.356429175186711	0.721519183510662	0.999719434250228
HMPRNC0000_2280	cds	1.33855423693669	0.259523340837568	1.80622763386946	0.143682521500125	0.885751173793863	0.999719434250228
HMPRNC0000_2282	cds	0.441478199518851	0.581490225685808	2.78142307242295	0.209062127747168	0.834399739074529	0.999719434250228
HMPRNC0000_2283	cds	0.690172426698279	-0.584519406636245	2.30912709006279	-0.253134359365361	0.800164388363338	0.999719434250228
HMPRNC0000_2284	cds	0.167885294364229	-0.546066368947976	4.04678249549853	-0.1349384034243	0.89266057567314	0.999719434250228
HMPRNC0000_2285	cds	0.0487813727193487	0.375790524484671	4.0527002134097	0.0927259616295436	0.926121271465377	0.999719434250228
HMPRNC0000_2286	cds	0.920737312507189	0.361274019181285	2.13312407114812	0.169363809666652	0.865510487944763	0.999719434250228
HMPRNC0000_2287	cds	0.319518683975804	0.935254863299043	3.6919625952401	0.253321868565199	0.800019498438201	0.999719434250228
HMPRNC0000_2289	cds	0	NA	NA	NA	NA	NA
HMPRNC0000_2290	cds	0.167885294364229	-0.546066368947976	4.04678249549853	-0.1349384034243	0.89266057567314	0.999719434250228
HMPRNC0000_2291	cds	2.5821990270417	-0.124455670621245	1.19485283459871	-0.104159832087642	0.91704250987848	0.999719434250228
HMPRNC0000_2292	cds	1.26134334990896	-0.548782886631426	1.8951080449811	-0.289578680268279	0.772138579157174	0.999719434250228
HMPRNC0000_2293	cds	0.265086376040103	-0.226838741306307	3.60889173429503	-0.0628555129960467	0.949881560241462	0.999719434250228
HMPRNC0000_2294	cds	12.0364658883417	0.10185916686894	0.614627875714743	0.165724938444241	0.868373419394448	0.999719434250228
HMPRNC0000_2295	cds	12.239431421376	0.15988464294726	0.629680110754669	0.253914075125605	0.799561940695872	0.999719434250228
HMPRNC0000_2296	cds	3.35809582675654	0.069888572943012	1.1753341878333	0.0594627244459294	0.952583554501063	0.999719434250228
HMPRNC0000_2297	cds	14.9784684922065	-0.418290847326387	0.548435104156802	-0.762698893918348	0.445642990379678	0.999719434250228
HMPRNC0000_2298	cds	1.69546912940551	-1.66543921365503	1.68842199576404	-0.986388010718487	0.323942746140532	0.999719434250228
HMPRNC0000_2299	cds	2.14403024420123	0.189122936935427	1.36456395028202	0.138595876650809	0.889769501819306	0.999719434250228
HMPRNC0000_2300	cds	2.79209635752061	-1.41850323204506	1.27021180531556	-1.11674543261913	0.26410318619201	0.999719434250228
HMPRNC0000_2301	cds	28.9304049660554	-0.37526925292419	0.438097318429507	-0.856588792347456	0.391672181876493	0.999719434250228
HMPRNC0000_2303	cds	9.27561286270491	0.0796289271138516	0.704354914909615	0.11305227723735	0.909989109593182	0.999719434250228
HMPRNC0000_2304	cds	1.748747328249	-0.154315779615107	1.58892486477302	-0.0971196203397264	0.922631399737678	0.999719434250228
HMPRNC0000_2305	cds	8.22850684195073	-0.0594540181705584	0.811767518327098	-0.073240203418193	0.941614974574977	0.999719434250228
HMPRNC0000_2306	cds	4.67944896238724	1.15142147343677	0.992290187377241	1.16036769090716	0.24589913533036	0.999719434250228
HMPRNC0000_2307	cds	0.394676681574651	-0.648409492460957	3.16084105849526	-0.205138278218151	0.837464090624571	0.999719434250228
HMPRNC0000_2308	cds	0.0975627454386974	0.799599759100727	4.04388460996796	0.197730607132003	0.843255841445575	0.999719434250228
HMPRNC0000_2311	cds	1.27243596817621	0.417434984485092	1.83943393387861	0.226936655237676	0.820472998777984	0.999719434250228
HMPRNC0000_2312	cds	1.00118458155957	-0.697809003973851	2.01755163939193	-0.345869216107978	0.729441004468119	0.999719434250228
HMPRNC0000_2313	cds	1.00404017545773	-0.413677014307279	1.88664790848755	-0.21926561519309	0.826443145266126	0.999719434250228
HMPRNC0000_2315	cds	2.90370973328201	-0.669695822755515	1.1732962533268	-0.570781523299542	0.56814774908868	0.999719434250228
HMPRNC0000_2316	cds	5.2137835429335	-1.11795897666476	0.954904303717407	-1.17075498802612	0.241697275391404	0.999719434250228
HMPRNC0000_2317	cds	6.75400673832457	0.393293000537058	0.787561072572922	0.499380954993356	0.617511033454839	0.999719434250228
HMPRNC0000_2319	cds	2.16660207862923	0.862369403009231	1.35555800138665	0.636173001912928	0.524663668049926	0.999719434250228
HMPRNC0000_2320	cds	2.41629358745262	-0.354856912364489	1.25918348895527	-0.281815093254526	0.778085297074541	0.999719434250228
HMPRNC0000_2322	cds	7.18167930091206	-0.579649607975444	0.76920941686041	-0.753565407898061	0.451110222253176	0.999719434250228
HMPRNC0000_2323	cds	0.273954568917445	1.59922945008679	3.52719659019143	0.453399579295917	0.650261039339036	0.999719434250228
HMPRNC0000_2324	cds	2.73958577002691	0.385788707571581	1.29721985774361	0.297396547908712	0.766163778900618	0.999719434250228
HMPRNC0000_2326	cds	1.1446852733088	-1.44035346795574	1.79074839422222	-0.804330453459004	0.421206154428904	0.999719434250228
HMPRNC0000_2328	cds	0.335770588728458	-0.716251251243675	3.29048964198531	-0.217673151771882	0.827683783869489	0.999719434250228
HMPRNC0000_2330	cds	1.29030606394119	-1.30339092018709	1.71728116943228	-0.758985158276658	0.447861435141292	0.999719434250228
HMPRNC0000_2331	cds	2.68434239139906	-0.341438075454085	1.3200109595165	-0.258663061084849	0.795895222757236	0.999719434250228
HMPRNC0000_2332	cds	0.513780603219532	-1.53409437773976	2.66311243433842	-0.576053176711206	0.564579238897781	0.999719434250228
HMPRNC0000_2333	cds	0.750370255496967	-0.761186065844763	2.29601019829095	-0.331525559603942	0.740247537774371	0.999719434250228
HMPRNC0000_2334	cds	4.63384260552726	0.414124882461362	1.03432032492797	0.400383587637806	0.688874010713614	0.999719434250228
HMPRNC0000_2335	cds	10.7989074407679	0.71113370981166	0.652609155069781	1.08967780223007	0.275855097598585	0.999719434250228
HMPRNC0000_2338	cds	4.49204763805948	-0.754000070667028	0.934475442195053	-0.806869861551316	0.419741464209896	0.999719434250228
HMPRNC0000_2339	cds	2.25748323062976	-0.261737256067458	1.30912258864317	-0.199933343399669	0.841532712622375	0.999719434250228
HMPRNC0000_2340	cds	8.48981558966316	0.63220895598403	0.769101279729733	0.822010016946263	0.41107119590967	0.999719434250228
HMPRNC0000_2341	cds	0	NA	NA	NA	NA	NA
HMPRNC0000_2343	cds	0.633748096498079	1.30420487824171	2.47322892790636	0.527328814379407	0.597965267852632	0.999719434250228
HMPRNC0000_2345	cds	0.511800748444383	-0.384353838384175	2.50327421092972	-0.153540445831312	0.877972097261444	0.999719434250228
HMPRNC0000_2346	cds	0.216666667083578	-0.120651453087526	3.90274731382682	-0.0309144926344776	0.975337731996773	0.999719434250228
HMPRNC0000_2348	cds	1.50218536744209	0.00490759266143491	1.66601530825079	0.00294570682341903	0.997649669403986	0.999719434250228
HMPRNC0000_2349	cds	0.0975627454386974	0.799599759100727	4.04388460996796	0.197730607132003	0.843255841445575	0.999719434250228
HMPRNC0000_2350	cds	1.21587139386799	0.125591779667769	1.72569032618516	0.0727777039495864	0.941983013568356	0.999719434250228
HMPRNC0000_2351	cds	2.28768585504926	0.286577157878987	1.30407486252598	0.219755142986109	0.826061856321201	0.999719434250228
HMPRNC0000_2352	cds	0	NA	NA	NA	NA	NA
HMPRNC0000_2354	cds	0.432971670404333	-0.551805167929453	2.79281889275506	-0.197580003974088	0.843373680897434	0.999719434250228
HMPRNC0000_2355	cds	0	NA	NA	NA	NA	NA
HMPRNC0000_2356	cds	4.40635143100573	0.0274953099214688	1.00276996429842	0.0274193592751911	0.978125257584302	0.999719434250228
HMPRNC0000_2358	cds	1.40779179457375	-0.655919221199481	1.64745687849538	-0.398140448931526	0.69052665976263	0.999719434250228
HMPRNC0000_2359	cds	1.72834113677137	1.04049595229904	1.5517259308389	0.670541061163113	0.502512940143447	0.999719434250228
HMPRNC0000_2361	cds	0.0487813727193487	0.375790524484671	4.0527002134097	0.0927259616295436	0.926121271465377	0.999719434250228
HMPRNC0000_2362	cds	0.0487813727193487	0.375790524484671	4.0527002134097	0.0927259616295436	0.926121271465377	0.999719434250228
HMPRNC0000_2363	cds	0.441839863281674	0.884871184924693	2.76985391505716	0.319464929220439	0.749373981579547	0.999719434250228
HMPRNC0000_2365	cds	0.225173196198096	1.36512127210923	3.829993073362	0.356429175186711	0.721519183510662	0.999719434250228
HMPRNC0000_2367	cds	3.11752080646742	-0.666390300647103	1.09376537409849	-0.609262568031428	0.54235041399653	0.999719434250228
HMPRNC0000_2368	cds	0.827648351978984	-1.00793104599852	2.13028775742582	-0.473143143448598	0.63611105826327	0.999719434250228
HMPRNC0000_2369	cds	1.19433021766181	0.733782322714928	1.7492248955262	0.419489983587384	0.674858073503693	0.999719434250228
HMPRNC0000_2370	cds	3.18911667588007	0.296602720802833	1.11253393327647	0.266601055420685	0.789776342931495	0.999719434250228
HMPRNC0000_2371	cds	1.2883140416767	0.558498996697961	1.81608566479114	0.307528993552289	0.758440757875057	0.999719434250228
HMPRNC0000_2381	cds	5.22743930929091	0.123702120415786	0.888920748220338	0.13915989773379	0.889323797071417	0.999719434250228
HMPRNC0000_2383	cds	0.495910507454552	2.05240888290464	2.91724630337241	0.70354322860295	0.481717276791693	0.999719434250228
HMPRNC0000_2384	cds	0.454512846610516	-1.72620677046046	2.72248810867921	-0.63405484305234	0.526045031388398	0.999719434250228
HMPRNC0000_2385	cds	1.28796454540322	-0.907592490204751	1.92015929715279	-0.472665206241236	0.63645205360589	0.999719434250228
HMPRNC0000_2386	cds	4.54736785260754	-0.694769809492288	0.99706832099125	-0.696812640483426	0.485920054403116	0.999719434250228
HMPRNC0000_2387	cds	2.50025256847452	0.0759209867785865	1.28781029808447	0.0589535484314062	0.952989106701463	0.999719434250228
HMPRNC0000_2388	cds	1.67200243149084	-1.27038112016582	1.53583714962532	-0.827158739112243	0.408147094695194	0.999719434250228
HMPRNC0000_2389	cds	4.44443716766996	0.0646727824935709	0.953452540097087	0.0678301014196107	0.945920881469328	0.999719434250228
HMPRNC0000_2391	cds	0.55171392828639	-1.37807115766048	2.55623537831892	-0.539101825030976	0.589816596380226	0.999719434250228
HMPRNC0000_2393	cds	0.146344118158046	1.09517713710624	4.03897252822655	0.271152410533258	0.786273813110385	0.999719434250228
HMPRNC0000_2394	cds	0	NA	NA	NA	NA	NA
HMPRNC0000_2395	cds	0.562200312176057	-1.71559766791269	2.59358902028603	-0.661476299634971	0.508306908848534	0.999719434250228
HMPRNC0000_2396	cds	0.0487813727193487	0.375790524484671	4.0527002134097	0.0927259616295436	0.926121271465377	0.999719434250228
HMPRNC0000_2398	cds	0.0975627454386974	0.799599759100727	4.04388460996796	0.197730607132003	0.843255841445575	0.999719434250228
HMPRNC0000_2399	cds	0	NA	NA	NA	NA	NA
HMPRNC0000_2400	cds	0.0975627454386974	0.799599759100727	4.04388460996796	0.197730607132003	0.843255841445575	0.999719434250228
HMPRNC0000_2401	cds	8.68523433539792	1.10058905991668	0.800174150729287	1.37543690822003	0.168996033119256	0.999719434250228
HMPRNC0000_2402	cds	1.45941659370191	0.505610552726441	1.59072712096237	0.317848703315344	0.750599704990653	0.999719434250228
HMPRNC0000_2403	cds	4.50765175744164	-0.20103791239954	0.956812440225762	-0.210112143140723	0.833580148166326	0.999719434250228
HMPRNC0000_2404	cds	1.38823047314272	-0.665540522738577	1.61933330932207	-0.410996623676692	0.681075010434099	0.999719434250228
HMPRNC0000_2405	cds	0.383828633922161	-1.45988224056892	3.13811251533414	-0.465210292312759	0.641780868873606	0.999719434250228
HMPRNC0000_2406	cds	8.20402193942528	0.507259792337456	0.74999291506355	0.676352779005217	0.498816690490602	0.999719434250228
HMPRNC0000_2407	cds	1.19717364407063	2.38684445425885	2.01907010055843	1.18215036397137	0.237146043552877	0.999719434250228
HMPRNC0000_2409	cds	0.225173196198096	1.36512127210923	3.829993073362	0.356429175186711	0.721519183510662	0.999719434250228
HMPRNC0000_2410	cds	0.438622605620685	-0.0404914844505486	3.0709213959172	-0.0131854512799911	0.989479836829828	0.999719434250228
HMPRNC0000_2413	cds	0	NA	NA	NA	NA	NA
HMPRNC0000_2414	cds	0	NA	NA	NA	NA	NA
HMPRNC0000_2415	cds	0	NA	NA	NA	NA	NA
HMPRNC0000_2416	cds	0.0487813727193487	0.375790524484671	4.0527002134097	0.0927259616295436	0.926121271465377	0.999719434250228
HMPRNC0000_2417	cds	0.0487813727193487	0.375790524484671	4.0527002134097	0.0927259616295436	0.926121271465377	0.999719434250228
HMPRNC0000_2418	cds	0.345895308855303	-1.44690171747346	3.58267920564563	-0.403860249389177	0.686315488649598	0.999719434250228
HMPRNC0000_2421	cds	0.460211866917498	0.78487288490515	2.93431005523748	0.267481237541419	0.789098658342409	0.999719434250228
HMPRNC0000_2422	cds	0	NA	NA	NA	NA	NA
HMPRNC0000_2423	cds	0.48704231457721	-0.149015949958056	2.96192039530632	-0.0503105857247878	0.959874888265296	0.999719434250228
HMPRNC0000_2424	cds	0.0975627454386974	0.799599759100727	4.04388460996796	0.197730607132003	0.843255841445575	0.999719434250228
HMPRNC0000_2426	cds	0	NA	NA	NA	NA	NA
HMPRNC0000_2428	cds	0.167523630601406	-1.45031368697984	4.06631116532894	-0.356665692322275	0.721342092060065	0.999719434250228
HMPRNC0000_2429	cds	0.0487813727193487	0.375790524484671	4.0527002134097	0.0927259616295436	0.926121271465377	0.999719434250228
HMPRNC0000_2430	cds	0	NA	NA	NA	NA	NA
HMPRNC0000_2431	cds	7.70098738847755	-0.12785062030054	0.768388962724595	-0.166387892724539	0.867851701352747	0.999719434250228
HMPRNC0000_2432	cds	2.76487295424506	0.16389230709911	1.30003762056986	0.126067357210223	0.899678606449049	0.999719434250228
HMPRNC0000_2433	cds	0.393058490562325	0.673341743733009	2.89406238525531	0.232663175183629	0.81602296645579	0.999719434250228
HMPRNC0000_2434	cds	0.176391823478747	0.953491072601642	4.04121339089401	0.23594177796949	0.813477849127285	0.999719434250228
HMPRNC0000_2435	cds	0.0487813727193487	0.375790524484671	4.0527002134097	0.0927259616295436	0.926121271465377	0.999719434250228
HMPRNC0000_2436	cds	2.21991156932573	-0.12240464332609	1.27139198199407	-0.0962760856286891	0.923301303747326	0.999719434250228
HMPRNC0000_2437	cds	8.47120879396581	-0.798552015990576	0.780798405542689	-1.02273776473141	0.306431850623966	0.999719434250228
HMPRNC0000_2438	cds	8.66666981502419	-0.256767941146548	0.701064439652059	-0.366254407760267	0.714175246809232	0.999719434250228
HMPRNC0000_2439	cds	1.54823014776079	-0.85994933931643	1.66242528347832	-0.517286008497866	0.604956519626313	0.999719434250228
HMPRNC0000_2440	cds	0.384190297684984	-0.870064806946467	2.91106931505297	-0.298881514929037	0.765030451751717	0.999719434250228
HMPRNC0000_2441	cds	0.729723942777463	-2.22736674198986	2.35770246813659	-0.944719179833687	0.34480226245837	0.999719434250228
HMPRNC0000_2442	cds	6.39547598596946	-0.144392578689212	0.804568322008318	-0.17946590083088	0.857571889812256	0.999719434250228
HMPRNC0000_2443	cds	22.049094684891	-0.254035653721735	0.479770483518662	-0.52949412781425	0.596462716913563	0.999719434250228
HMPRNC0000_2444	cds	16.7262743239291	0.165949421654996	0.628620422599678	0.263989866840004	0.791787726956917	0.999719434250228
HMPRNC0000_2445	cds	1.11092493655398	2.13703642386854	2.15225722034845	0.99292798447323	0.32074505098305	0.999719434250228
HMPRNC0000_2446	cds	3.58851351158311	0.0224233006011284	1.05647164391044	0.0212247065317631	0.983066405757585	0.999719434250228
HMPRNC0000_2447	cds	1.9255386414413	1.72132779117701	1.5709423746224	1.09572942902553	0.273197199889746	0.999719434250228
HMPRNC0000_2448	cds	2.4535534686876	-0.321199107700644	1.39025102267043	-0.231036771390879	0.81728623526337	0.999719434250228
HMPRNC0000_2449	cds	4.60647103012984	-0.421846636979682	0.937678886653007	-0.44988390267103	0.652794155197144	0.999719434250228
HMPRNC0000_2450	cds	7.28497164961247	-1.0447569092176	0.757025920020907	-1.38008076287368	0.167561779603656	0.999719434250228
HMPRNC0000_2451	cds	1.89462736448693	0.094115542360117	1.44133708989609	0.0652973846436589	0.947937224654393	0.999719434250228
HMPRNC0000_2452	cds	6.68405934413389	1.54768592360879	0.845431577939983	1.83064598483528	0.0671534001755149	0.999719434250228
HMPRNC0000_2453	cds	0.888968998016877	1.84202111619146	2.11653556504007	0.870300101078897	0.384136423720434	0.999719434250228
HMPRNC0000_2454	cds	3.71488655945667	-0.193686949480719	1.05511162898046	-0.183570102120736	0.854350719546499	0.999719434250228
HMPRNC0000_2455	cds	4.94529770944446	-0.202964745024988	0.963089034989939	-0.210743490633873	0.833087436024999	0.999719434250228
HMPRNC0000_2456	cds	2.36355250518298	0.1729320139811	1.29676399748027	0.133356581704245	0.893911381418989	0.999719434250228
HMPRNC0000_2457	cds	4.37589397683158	-0.302286216235283	1.0412860881755	-0.290300830547864	0.771586103508693	0.999719434250228
HMPRNC0000_2458	cds	0.907702665415524	1.96803415753846	2.07943416055126	0.946427732540823	0.343930466002077	0.999719434250228
HMPRNC0000_2459	cds	9.13333722997678	-0.481274024887919	0.735725524636089	-0.654148875867764	0.513015895176437	0.999719434250228
HMPRNC0000_2460	cds	1.17030727880963	0.253218918059618	1.78899588806124	0.141542481874587	0.887441402152166	0.999719434250228
HMPRNC0000_2461	cds	5.57826593278951	-0.154238152888897	0.977707302879815	-0.157754935893996	0.87464990984638	0.999719434250228
HMPRNC0000_2462	cds	6.99605317142027	-0.565964945407645	0.810688084015476	-0.698129103618157	0.485096458683765	0.999719434250228
HMPRNC0000_2464	cds	10.2276275653022	0.200770328887838	0.650388606496881	0.308692875124652	0.757555164143218	0.999719434250228
HMPRNC0000_2465	cds	0.596690510554238	2.58555030674781	2.60910044908226	0.99097384604616	0.321698351325455	0.999719434250228
HMPRNC0000_2466	cds	8.89588167493964	0.100571192146641	0.711774453386841	0.141296434099444	0.887635766530907	0.999719434250228
HMPRNC0000_2467	cds	0.495910507454552	2.05240888290464	2.91724630337241	0.70354322860295	0.481717276791693	0.999719434250228
HMPRNC0000_2469	cds	0.682167805454605	1.22310064026148	2.41448686571108	0.506567526885788	0.612458298024233	0.999719434250228
HMPRNC0000_2471	cds	0.454151182847693	-2.62434747675469	2.92882050404078	-0.89604244204586	0.370230095980578	0.999719434250228
HMPRNC0000_2472	cds	0.146344118158046	1.09517713710624	4.03897252822655	0.271152410533258	0.786273813110385	0.999719434250228
HMPRNC0000_2473	cds	0.265448039802927	0.183718671281334	3.60766581706817	0.0509245258837848	0.959385662032769	0.999719434250228
HMPRNC0000_2474	cds	0.925211097417681	-0.554893355246656	2.04144117884017	-0.271814520544703	0.785764639664328	0.999719434250228
HMPRNC0000_2475	cds	0.167885294364229	-0.546066368947976	4.04678249549853	-0.1349384034243	0.89266057567314	0.999719434250228
HMPRNC0000_2476	cds	0	NA	NA	NA	NA	NA
HMPRNC0000_2477	cds	3.03253325194855	0.899190772104696	1.15060373685441	0.781494743414408	0.434511567180927	0.999719434250228
HMPRNC0000_2479	cds	3.32065091858849	-0.824991319836805	1.10476060173913	-0.746760265109104	0.455208284674438	0.999719434250228
HMPRNC0000_2481	cds	0.167523630601406	-1.45031368697984	4.06631116532894	-0.356665692322275	0.721342092060065	0.999719434250228
HMPRNC0000_2482	cds	0.352783646957495	1.82900906207584	3.5354442762379	0.517334999272596	0.60492232612595	0.999719434250228
HMPRNC0000_2483	cds	0.176391823478747	0.953491072601642	4.04121339089401	0.23594177796949	0.813477849127285	0.999719434250228
HMPRNC0000_2484	cds	0	NA	NA	NA	NA	NA
HMPRNC0000_2485	cds	0.295495745123628	-0.00122740619470259	3.4905487686999	-0.000351637027881939	0.999719434250228	0.999719434250228
HMPRNC0000_2486	cds	2.07876456360382	-0.566450680288411	1.37196695171009	-0.412874872519603	0.679698291793235	0.999719434250228
HMPRNC0000_2488	cds	0.492239427013349	0.11681603727339	2.9288073799721	0.0398851894707064	0.968184658797923	0.999719434250228
HMPRNC0000_2489	cds	0.216305003320755	-0.660871302467674	3.89797339989202	-0.169542281249529	0.86537011807472	0.999719434250228
HMPRNC0000_2490	cds	0.855716202524536	-0.274514989195612	2.10383932510168	-0.13048286811653	0.896184407521892	0.999719434250228
HMPRNC0000_2491	cds	0.265086376040103	-0.226838741306307	3.60889173429503	-0.0628555129960467	0.949881560241462	0.999719434250228
HMPRNC0000_2493	cds	1.05437252973511	0.0698399556313787	2.07116762402846	0.0337200885245292	0.973100359754698	0.999719434250228
HMPRNC0000_2494	cds	1.30814486785316	0.105055701843579	1.73118799163902	0.0606841673757895	0.951610741044228	0.999719434250228
HMPRNC0000_2495	cds	1.32796543488973	0.431508244219396	1.76946394835051	0.24386382362955	0.807336287976799	0.999719434250228
HMPRNC0000_2496	cds	0.335770588728458	-0.716251251243675	3.29048964198531	-0.217673151771882	0.827683783869489	0.999719434250228
HMPRNC0000_2498	cds	0.0487813727193487	0.375790524484671	4.0527002134097	0.0927259616295436	0.926121271465377	0.999719434250228
HMPRNC0000_2499	cds	0.698058046444436	-0.543929184402099	2.34501166957297	-0.231951589606013	0.816575614281517	0.999719434250228
HMPRNC0000_2500	cds	0.513780603219532	-1.53409437773976	2.66311243433842	-0.576053176711206	0.564579238897781	0.999719434250228
HMPRNC0000_2501	cds	1.6135060874981	-0.270133855751217	1.68820653695269	-0.160012326595314	0.87287136411491	0.999719434250228
HMPRNC0000_2502	cds	0.0487813727193487	0.375790524484671	4.0527002134097	0.0927259616295436	0.926121271465377	0.999719434250228
HMPRNC0000_2504	cds	0	NA	NA	NA	NA	NA
HMPRNC0000_2505	cds	0.0487813727193487	0.375790524484671	4.0527002134097	0.0927259616295436	0.926121271465377	0.999719434250228
HMPRNC0000_2507	cds	0.778505315496812	-1.75318429446688	2.30517846078968	-0.760541677916901	0.446930866364687	0.999719434250228
HMPRNC0000_2509	cds	1.13347556189348	-1.94204558462485	1.89758232045638	-1.02343153374119	0.30610385619784	0.999719434250228
HMPRNC0000_2510	cds	0	NA	NA	NA	NA	NA
HMPRNC0000_2511	cds	0	NA	NA	NA	NA	NA
HMPRNC0000_2512	cds	0	NA	NA	NA	NA	NA
HMPRNC0000_2513	cds	0.450346392396192	2.14601351044411	2.92305025240482	0.734169215420966	0.462845613157726	0.999719434250228
HMPRNC0000_2515	cds	0	NA	NA	NA	NA	NA
HMPRNC0000_2516	cds	0.119103921644881	-1.33377711657661	4.07039375829128	-0.327677663582238	0.743155393650616	0.999719434250228
HMPRNC0000_2517	cds	0.176391823478747	0.953491072601642	4.04121339089401	0.23594177796949	0.813477849127285	0.999719434250228
HMPRNC0000_2519	cds	0.216666667083578	-0.120651453087526	3.90274731382682	-0.0309144926344776	0.975337731996773	0.999719434250228
HMPRNC0000_2521	cds	1.11550113962176	0.653076248618778	1.87974190654108	0.347428679621505	0.728269290423441	0.999719434250228
HMPRNC0000_2523	cds	2.67172123363545	-0.437852647078109	1.22385439417826	-0.357765310286033	0.720518952929762	0.999719434250228
HMPRNC0000_2524	cds	0.855250212254973	0.33217377361111	2.23780535604874	0.14843729492078	0.881997668977598	0.999719434250228
HMPRNC0000_2525	cds	0.392696826799502	0.318698234413709	2.92080041518191	0.109113321388603	0.913112609036995	0.999719434250228
HMPRNC0000_2528	cds	1.71549453275666	-1.12736782390767	1.5731772972954	-0.716618416656428	0.473609577655362	0.999719434250228
HMPRNC0000_2529	cds	1.2456055205165	0.629269885381345	1.88786540640211	0.333323489718797	0.738890110005768	0.999719434250228
HMPRNC0000_2530	cds	0.0487813727193487	0.375790524484671	4.0527002134097	0.0927259616295436	0.926121271465377	0.999719434250228
HMPRNC0000_2531	cds	0.167523630601406	-1.45031368697984	4.06631116532894	-0.356665692322275	0.721342092060065	0.999719434250228
HMPRNC0000_2532	cds	0.216666667083578	-0.120651453087526	3.90274731382682	-0.0309144926344776	0.975337731996773	0.999719434250228
HMPRNC0000_2534	cds	4.52765411957914	-0.773674621731756	0.930320389162466	-0.831621698013377	0.405622510692335	0.999719434250228
HMPRNC0000_2535	cds	0.814975368650142	1.33873836817898	2.3013433497726	0.581720397484913	0.560755029946959	0.999719434250228
HMPRNC0000_2536	cds	2.99664628221284	-0.298629003140664	1.22820487320851	-0.243142662641077	0.807894882645598	0.999719434250228
HMPRNC0000_2537	cds	0	NA	NA	NA	NA	NA
HMPRNC0000_2538	cds	5.09875811945723	1.0556327345239	0.970019453826752	1.08825934403625	0.276480633151829	0.999719434250228
HMPRNC0000_2539	cds	12.0545581126598	-0.102436628980279	0.631393930775394	-0.16223885594605	0.871117762486774	0.999719434250228
HMPRNC0000_2542	cds	2.67237152650736	-1.46213407457692	1.32893128303829	-1.10023301673965	0.271230608496079	0.999719434250228
HMPRNC0000_2544	cds	0.265086376040103	-0.226838741306307	3.60889173429503	-0.0628555129960467	0.949881560241462	0.999719434250228
HMPRNC0000_2545	cds	1.10849125899862	1.34551456014385	1.89046652328295	0.711736782202971	0.476627786120453	0.999719434250228
HMPRNC0000_2546	cds	0.609001830120257	-0.233880260777218	2.48373171859104	-0.0941648645168056	0.924978194774618	0.999719434250228
HMPRNC0000_2547	cds	0.225173196198096	1.36512127210923	3.829993073362	0.356429175186711	0.721519183510662	0.999719434250228
HMPRNC0000_2548	cds	0	NA	NA	NA	NA	NA
HMPRNC0000_2551	cds	2.95595544177853	0.214630299235212	1.19746141640018	0.179237757722863	0.857751017377088	0.999719434250228
HMPRNC0000_2553	cds	4.73419606653587	-0.643297110841385	0.926554101875394	-0.694289852626325	0.487500453368191	0.999719434250228
HMPRNC0000_2554	cds	0.335408924965635	-1.31525528744249	3.04917213135285	-0.431348323670707	0.666215118445371	0.999719434250228
HMPRNC0000_2555	cds	0.706564575558954	0.180881060146914	2.34331236624544	0.0771903322631843	0.938472132437053	0.999719434250228
HMPRNC0000_2556	cds	0.393058490562325	0.673341743733009	2.89406238525531	0.232663175183629	0.81602296645579	0.999719434250228
HMPRNC0000_2558	cds	0.286627552246287	-2.10374684818585	3.48560055425297	-0.603553624530772	0.546140453262705	0.999719434250228
HMPRNC0000_2559	cds	0.443458054294	-0.202129893262732	3.0378860895293	-0.0665363635454977	0.946950807917231	0.999719434250228
HMPRNC0000_2560	cds	0.273954568917445	1.59922945008679	3.52719659019143	0.453399579295917	0.650261039339036	0.999719434250228
HMPRNC0000_2561	cds	0.9881499344679	1.51635970610652	2.09251029716403	0.724660570684714	0.468660289925072	0.999719434250228
HMPRNC0000_2563	cds	0	NA	NA	NA	NA	NA
HMPRNC0000_2564	cds	3.93020736741849	1.68939112742547	1.12852714978107	1.49698758045228	0.134396489680331	0.999719434250228
HMPRNC0000_2565	cds	2.44665487144552	-0.845864239032458	1.430310479461	-0.591385053230691	0.554262452858096	0.999719434250228
HMPRNC0000_2566	cds	0.737335608405302	0.747791053882409	2.29398913408081	0.325978463791654	0.74444064933807	0.999719434250228
HMPRNC0000_2567	cds	0	NA	NA	NA	NA	NA
HMPRNC0000_2568	cds	2.28277737172222	-1.04199195845902	1.50222096288083	-0.693634281644411	0.487911589157184	0.999719434250228
HMPRNC0000_2569	cds	0.659763057614755	-0.909924008073935	2.45997907734665	-0.369890954135831	0.711463741744713	0.999719434250228
HMPRNC0000_2570	cds	2.25195783100865	1.68234559374261	1.5422158098331	1.09086262961127	0.275333333034429	0.999719434250228
HMPRNC0000_2572	cds	3.53280626093254	1.14875076010691	1.13601221298855	1.0112133892336	0.311914308815038	0.999719434250228
HMPRNC0000_2573	cds	0.714195365550455	0.30076738777886	2.4948003916056	0.120557696235286	0.904041377878331	0.999719434250228
HMPRNC0000_2574	cds	2.93584624563286	1.02317650632458	1.19034146433441	0.859565542309912	0.39002857617622	0.999719434250228
HMPRNC0000_2575	cds	0.167523630601406	-1.45031368697984	4.06631116532894	-0.356665692322275	0.721342092060065	0.999719434250228
HMPRNC0000_2576	cds	2.72161888949628	-1.64267449514259	1.22745640080989	-1.33827522839812	0.180806733826133	0.999719434250228
HMPRNC0000_2577	cds	1.38823047314272	-0.665540522738577	1.61933330932207	-0.410996623676692	0.681075010434099	0.999719434250228
HMPRNC0000_2578	cds	0.536185351059382	0.798410243756628	2.63376994202076	0.303143502026622	0.761780503088432	0.999719434250228
HMPRNC0000_2579	cds	0.384551961447807	-0.40905246037548	3.12801238618826	-0.130770729099939	0.895956678907827	0.999719434250228
HMPRNC0000_2580	cds	0.368300056695153	1.36469586330921	3.21312284482372	0.42472570431215	0.671036643489566	0.999719434250228
HMPRNC0000_2581	cds	0.286627552246287	-2.10374684818585	3.48560055425297	-0.603553624530772	0.546140453262705	0.999719434250228
HMPRNC0000_2582	cds	0.0975627454386974	0.799599759100727	4.04388460996796	0.197730607132003	0.843255841445575	0.999719434250228
HMPRNC0000_2583	cds	0.577956843155591	2.46660198369929	2.7145818284215	0.908648970487506	0.363535448387447	0.999719434250228
HMPRNC0000_2584	cds	0	NA	NA	NA	NA	NA
HMPRNC0000_2586	cds	0.719237558887796	-1.79316784811613	2.33091658386674	-0.769297305844149	0.441716836241563	0.999719434250228
HMPRNC0000_2588	cds	3.15376943996595	0.535958584394935	1.14508101761503	0.468052981535951	0.639746701961267	0.999719434250228
HMPRNC0000_2591	cds	0.265086376040103	-0.226838741306307	3.60889173429503	-0.0628555129960467	0.949881560241462	0.999719434250228
HMPRNC0000_2592	cds	0.0487813727193487	0.375790524484671	4.0527002134097	0.0927259616295436	0.926121271465377	0.999719434250228
HMPRNC0000_2593	cds	0.313867748759452	0.0845059777468095	3.38573230597931	0.0249594386412562	0.98008731679588	0.999719434250228
HMPRNC0000_2594	cds	2.64660113600545	-0.422452500982158	1.27992020294134	-0.330061592911289	0.741353422904585	0.999719434250228
HMPRNC0000_2596	cds	0.341469609035441	1.92657373801357	3.52526791006573	0.546504205400277	0.584719397751855	0.999719434250228
HMPRNC0000_2597	cds	1.19594840867414	-0.0621210739178821	1.79098068753585	-0.0346855074151316	0.972330517381662	0.999719434250228
HMPRNC0000_2599	cds	0.648279392081123	1.38753761156748	2.67740331681649	0.518240043572256	0.604290799214435	0.999719434250228
HMPRNC0000_2600	cds	0.0487813727193487	0.375790524484671	4.0527002134097	0.0927259616295436	0.926121271465377	0.999719434250228
HMPRNC0000_2601	cds	0.176391823478747	0.953491072601642	4.04121339089401	0.23594177796949	0.813477849127285	0.999719434250228
HMPRNC0000_2602	cds	0.503294219329865	-1.27353893614199	2.6300112298128	-0.484233269312937	0.628220328299264	0.999719434250228
HMPRNC0000_2605	cds	1.97322848877446	-2.74150735734055	1.62680964060485	-1.6852047645361	0.0919490721458654	0.999719434250228
HMPRNC0000_2606	cds	0.730085606540287	-1.63820760020967	2.22660603736687	-0.73574200946072	0.46188771862229	0.999719434250228
HMPRNC0000_2607	cds	0	NA	NA	NA	NA	NA
HMPRNC0000_2608	cds	0	NA	NA	NA	NA	NA
HMPRNC0000_2609	cds	0	NA	NA	NA	NA	NA
HMPRNC0000_2610	cds	0.335047261202812	-2.25220383345059	3.57856757866601	-0.629359033731073	0.529114031292577	0.999719434250228
HMPRNC0000_2611	cds	0.450346392396192	2.14601351044411	2.92305025240482	0.734169215420966	0.462845613157726	0.999719434250228
HMPRNC0000_2612	cds	0.390250981754789	2.08182908453373	3.34744814880676	0.621915259621221	0.533997590577678	0.999719434250228
HMPRNC0000_2613	cds	12.1288730723372	-0.233281607218201	0.629103467516808	-0.370815961544463	0.710774612027892	0.999719434250228
HMPRNC0000_2616	cds	19.9188320995831	0.431253819756471	0.591737282409919	0.728792713550412	0.466128469368441	0.999719434250228
HMPRNC0000_2619	cds	0.906839093781857	-0.540521135035655	2.03952504222267	-0.265023044015481	0.790991709796927	0.999719434250228
HMPRNC0000_2621	cds	3.42636315512715	1.35357562582503	1.12579825257427	1.20232521477976	0.229237551383476	0.999719434250228
HMPRNC0000_2622	cds	0	NA	NA	NA	NA	NA
HMPRNC0000_2623	cds	0.463019375725034	-0.843806187880812	2.75879120648099	-0.305860837129874	0.759710605273738	0.999719434250228
HMPRNC0000_2625	cds	0.0487813727193487	0.375790524484671	4.0527002134097	0.0927259616295436	0.926121271465377	0.999719434250228
HMPRNC0000_2626	cds	0.216666667083578	-0.120651453087526	3.90274731382682	-0.0309144926344776	0.975337731996773	0.999719434250228
HMPRNC0000_2627	cds	1.46607697805158	-1.13268661594005	1.77489847324304	-0.638169806901938	0.523363149269064	0.999719434250228
HMPRNC0000_2628	cds	0.265448039802927	0.183718671281334	3.60766581706817	0.0509245258837848	0.959385662032769	0.999719434250228
HMPRNC0000_2629	cds	1.8785822043983	0.156875166028846	1.51407086512084	0.103611508313599	0.917477654508986	0.999719434250228
HMPRNC0000_2630	cds	2.94235421838516	0.0319673786762683	1.14374277559503	0.0279497972432109	0.977702191481701	0.999719434250228
HMPRNC0000_2632	cds	0.880462468902359	0.931696824102476	2.07755681095312	0.448457928654688	0.65382274261754	0.999719434250228
HMPRNC0000_2633	cds	4.12461323772283	1.41925326961198	1.07630627069973	1.31863328148157	0.187291741593991	0.999719434250228
HMPRNC0000_2634	cds	0.511800748444383	-0.384353838384175	2.50327421092972	-0.153540445831312	0.877972097261444	0.999719434250228
HMPRNC0000_2636	cds	1.54110126564013	0.571876132174206	1.62529493533947	0.35185991153954	0.724943324972205	0.999719434250228
HMPRNC0000_2638	cds	6.95898200565671	2.00316491436794	0.939921870792101	2.13120364214933	0.033072369099229	0.999719434250228
HMPRNC0000_2640	cds	2.94684641876103	-1.70214497634561	1.19082841504594	-1.4293788717495	0.152895367716948	0.999719434250228
HMPRNC0000_2641	cds	0	NA	NA	NA	NA	NA
HMPRNC0000_2642	cds	3.09503668168393	-0.252808020703037	1.15140426505983	-0.21956495070817	0.82620999056679	0.999719434250228
HMPRNC0000_2643	cds	2.11459128075954	1.95089105526448	1.59831731027791	1.22059058155684	0.222241074156854	0.999719434250228
HMPRNC0000_2644	cds	2.97345170629134	-0.128978089791673	1.25281675633992	-0.102950482693479	0.91800227112786	0.999719434250228
HMPRNC0000_2645	cds	2.10203288307734	1.33727106849352	1.40440958997986	0.95219448659041	0.340998356633878	0.999719434250228
HMPRNC0000_2647	cds	1.03164203573372	0.793658790657537	1.97372100394488	0.4021129577439	0.687600896931932	0.999719434250228
HMPRNC0000_2648	cds	0.890587189029203	1.16294562509768	2.21678203269384	0.52460982087827	0.599854458178878	0.999719434250228
HMPRNC0000_2649	cds	0.764214141155644	1.60102224972146	2.28216231689606	0.70153741382383	0.48296769425078	0.999719434250228
HMPRNC0000_2651	cds	1.65932944816199	-0.131690752356137	1.47234872320071	-0.0894426369792728	0.928730139826089	0.999719434250228
HMPRNC0000_2652	cds	4.34597955874459	0.335588228588676	0.944049130611327	0.355477503984738	0.722231895091395	0.999719434250228
HMPRNC0000_2655	cds	7.72858674125211	-0.0891257149412226	0.727993045485604	-0.122426602141195	0.902561171511061	0.999719434250228
HMPRNC0000_2657	cds	2.36268893354931	-0.805140792618141	1.2901408995768	-0.624071985379463	0.532580311032428	0.999719434250228
HMPRNC0000_2658	cds	1.37493658044551	-0.0289118990418252	1.80041615152413	-0.0160584534955155	0.987187758545097	0.999719434250228
HMPRNC0000_2659	cds	4.22563823421387	0.204180207245914	0.956016733039608	0.213573884420132	0.830879366704005	0.999719434250228
HMPRNC0000_2660	cds	0.730085606540287	-1.63820760020967	2.22660603736687	-0.73574200946072	0.46188771862229	0.999719434250228
HMPRNC0000_2661	cds	0.273954568917445	1.59922945008679	3.52719659019143	0.453399579295917	0.650261039339036	0.999719434250228
HMPRNC0000_2662	cds	1.44785989351455	-0.41152904541292	1.70768664508018	-0.240986276140608	0.809565753174906	0.999719434250228
HMPRNC0000_2663	cds	0	NA	NA	NA	NA	NA
HMPRNC0000_2664	cds	0.0487813727193487	0.375790524484671	4.0527002134097	0.0927259616295436	0.926121271465377	0.999719434250228
HMPRNC0000_2665	cds	0.273954568917445	1.59922945008679	3.52719659019143	0.453399579295917	0.650261039339036	0.999719434250228
HMPRNC0000_2666	cds	0.0487813727193487	0.375790524484671	4.0527002134097	0.0927259616295436	0.926121271465377	0.999719434250228
HMPRNC0000_2667	cds	0.119103921644881	-1.33377711657661	4.07039375829128	-0.327677663582238	0.743155393650616	0.999719434250228
HMPRNC0000_2668	cds	1.13039409896763	0.901071386145079	1.94776571108339	0.46261795297951	0.643638237848191	0.999719434250228
HMPRNC0000_2669	cds	0.761358547257478	1.59342531828286	2.21140991202895	0.720547244369048	0.471188122208819	0.999719434250228
HMPRNC0000_2670	cds	0.319518683975804	0.935254863299043	3.6919625952401	0.253321868565199	0.800019498438201	0.999719434250228
HMPRNC0000_2672	cds	0.167885294364229	-0.546066368947976	4.04678249549853	-0.1349384034243	0.89266057567314	0.999719434250228
HMPRNC0000_2673	cds	5.22793909891491	-0.587122078586348	0.906835428509794	-0.647440605128505	0.517346823329626	0.999719434250228
HMPRNC0000_2675	cds	2.84181433652735	0.778734940410781	1.20474040183004	0.646392317571367	0.518025314442214	0.999719434250228
HMPRNC0000_2676	cds	2.13904238393055	0.574647176752181	1.63824391862351	0.350770218170572	0.72576074174398	0.999719434250228
HMPRNC0000_2677	cds	1.28179953482668	-1.81811587485152	1.79087693071622	-1.01520983584528	0.310005813003833	0.999719434250228
HMPRNC0000_2679	cds	7.64322032504578	-0.134638300302111	0.911458669189989	-0.147717395043006	0.882565802985261	0.999719434250228
HMPRNC0000_2683	cds	0	NA	NA	NA	NA	NA
HMPRNC0000_2685	cds	104.479214900015	0.261856673864172	0.421583687506772	0.621126200144936	0.534516591843673	0.999719434250228
HMPRNC0000_2687	cds	3.07469328380971	-0.169903897840234	1.25891211997794	-0.134960888170027	0.892642798058605	0.999719434250228
HMPRNC0000_2689	cds	1.77178515294656	0.263817246953189	1.55874046772833	0.169250271238334	0.865599789380458	0.999719434250228
HMPRNC0000_2691	cds	3.60971868248786	0.822458977567566	1.11219518180872	0.739491584768453	0.459608547821669	0.999719434250228
HMPRNC0000_2692	cds	0	NA	NA	NA	NA	NA
HMPRNC0000_2693	cds	0	NA	NA	NA	NA	NA
HMPRNC0000_2694	cds	0.0487813727193487	0.375790524484671	4.0527002134097	0.0927259616295436	0.926121271465377	0.999719434250228
HMPRNC0000_2695	cds	0	NA	NA	NA	NA	NA
HMPRNC0000_2696	cds	0	NA	NA	NA	NA	NA
HMPRNC0000_2697	cds	0	NA	NA	NA	NA	NA
HMPRNC0000_2698	cds	0	NA	NA	NA	NA	NA
HMPRNC0000_2700	cds	0.335047261202812	-2.25220383345059	3.57856757866601	-0.629359033731073	0.529114031292577	0.999719434250228
HMPRNC0000_2703	cds	0.176391823478747	0.953491072601642	4.04121339089401	0.23594177796949	0.813477849127285	0.999719434250228
HMPRNC0000_2704	cds	2.85579193219632	0.0739797006922208	1.16228028098801	0.0636504825061074	0.949248533977801	0.999719434250228
HMPRNC0000_2705	cds	3.12813526697576	0.475467550613334	1.25340239164542	0.379341505794607	0.704434281635522	0.999719434250228
HMPRNC0000_2706	cds	1.39429115721252	0.65195823231098	1.6852345106968	0.386864990108358	0.698856160776812	0.999719434250228
HMPRNC0000_2707	cds	0	NA	NA	NA	NA	NA
HMPRNC0000_2708	cds	1.06106883168606	-0.0369831109286304	1.98239964369471	-0.0186557292048857	0.985115745078577	0.999719434250228
HMPRNC0000_2709	cds	0	NA	NA	NA	NA	NA
HMPRNC0000_2710	cds	1.74385754650903	1.01274342795327	1.49546381552737	0.677210252389914	0.498272563770518	0.999719434250228
HMPRNC0000_2711	cds	1.66301269609255	-0.225833593159334	1.59153906738429	-0.141896355413062	0.887161873148008	0.999719434250228
HMPRNC0000_2712	cds	7.20873938236213	1.16397881728868	0.834130477814405	1.3954397402413	0.162883274494936	0.999719434250228
HMPRNC0000_2713	cds	0.433333334167156	-0.159748379107158	2.99287990269836	-0.0533761408077652	0.957432214984577	0.999719434250228
HMPRNC0000_2714	cds	0.0487813727193487	0.375790524484671	4.0527002134097	0.0927259616295436	0.926121271465377	0.999719434250228
HMPRNC0000_2716	cds	0.345895308855303	-1.44690171747346	3.58267920564563	-0.403860249389177	0.686315488649598	0.999719434250228
HMPRNC0000_2717	cds	0.411792157960973	0.870650446675008	3.05544241913345	0.284950696901672	0.775681914756401	0.999719434250228
HMPRNC0000_2718	cds	0.535823687296559	0.310707260665976	2.673702877498	0.11620859717843	0.907487223355419	0.999719434250228
HMPRNC0000_2719	cds	0.0487813727193487	0.375790524484671	4.0527002134097	0.0927259616295436	0.926121271465377	0.999719434250228
HMPRNC0000_2721	cds	0	NA	NA	NA	NA	NA
HMPRNC0000_2722	cds	0.0487813727193487	0.375790524484671	4.0527002134097	0.0927259616295436	0.926121271465377	0.999719434250228
HMPRNC0000_2723	cds	0	NA	NA	NA	NA	NA
HMPRNC0000_2724	cds	0.946390609861041	-1.65492337088762	2.02430951384939	-0.817524869376645	0.413628543029605	0.999719434250228
HMPRNC0000_2725	cds	3.61892358956493	0.54494295554695	1.14147070854149	0.477404239521177	0.633074295881141	0.999719434250228
HMPRNC0000_2726	cds	0.265086376040103	-0.226838741306307	3.60889173429503	-0.0628555129960467	0.949881560241462	0.999719434250228
HMPRNC0000_2727	cds	1.74952064921473	0.39439717514416	1.51259040567963	0.26074287769064	0.794290797844334	0.999719434250228
HMPRNC0000_2728	cds	0.93554256220855	-1.78218443672298	2.1364537958281	-0.83417878739203	0.404180242789855	0.999719434250228
HMPRNC0000_2729	cds	0.994277119093711	0.116815305269813	2.0463270132192	0.0570853556226304	0.954477201919805	0.999719434250228
HMPRNC0000_2730	cds	0.0487813727193487	0.375790524484671	4.0527002134097	0.0927259616295436	0.926121271465377	0.999719434250228
HMPRNC0000_2731	cds	0	NA	NA	NA	NA	NA
HMPRNC0000_2732	cds	0.417081429414501	1.75366284695227	3.03678101642573	0.57747425233062	0.563619127091725	0.999719434250228
HMPRNC0000_2733	cds	0.335408924965635	-1.31525528744249	3.04917213135285	-0.431348323670707	0.666215118445371	0.999719434250228
HMPRNC0000_2734	cds	0.119103921644881	-1.33377711657661	4.07039375829128	-0.327677663582238	0.743155393650616	0.999719434250228
HMPRNC0000_2736	cds	0.176391823478747	0.953491072601642	4.04121339089401	0.23594177796949	0.813477849127285	0.999719434250228
HMPRNC0000_2737	cds	0	NA	NA	NA	NA	NA
HMPRNC0000_2738	cds	0	NA	NA	NA	NA	NA
HMPRNC0000_2739	cds	0	NA	NA	NA	NA	NA
HMPRNC0000_2742	cds	0.622036477211922	-2.16692041618239	2.42249427468073	-0.894499705873598	0.37105458706931	0.999719434250228
HMPRNC0000_2743	cds	0	NA	NA	NA	NA	NA
HMPRNC0000_2744	cds	0	NA	NA	NA	NA	NA
HMPRNC0000_2745	cds	0	NA	NA	NA	NA	NA
HMPRNC0000_2746	cds	0	NA	NA	NA	NA	NA
HMPRNC0000_2749	cds	0.0487813727193487	0.375790524484671	4.0527002134097	0.0927259616295436	0.926121271465377	0.999719434250228
HMPRNC0000_2750	cds	0.319518683975804	0.935254863299043	3.6919625952401	0.253321868565199	0.800019498438201	0.999719434250228
HMPRNC0000_2751	cds	1.24876252559751	1.52521361311692	1.85973423953935	0.820124499882688	0.412145136808163	0.999719434250228
HMPRNC0000_2752	cds	1.38623845087822	0.971695539072232	1.75284851444636	0.554352262083038	0.579337789919576	0.999719434250228
HMPRNC0000_2753	cds	0	NA	NA	NA	NA	NA
HMPRNC0000_2754	cds	0.368300056695153	1.36469586330921	3.21312284482372	0.42472570431215	0.671036643489566	0.999719434250228
HMPRNC0000_2755	cds	1.31777421420689	3.63864485627039	1.91907253406633	1.89604342289264	0.0579543028781459	0.999719434250228
HMPRNC0000_2756	cds	5.83964368855938	0.612371067992895	0.84563713122234	0.72415347598057	0.468971517268791	0.999719434250228
HMPRNC0000_2757	cds	0.99517198258039	-1.36471244530223	1.98144720602431	-0.688745297453807	0.490983565193461	0.999719434250228
HMPRNC0000_2758	cds	0.368300056695153	1.36469586330921	3.21312284482372	0.42472570431215	0.671036643489566	0.999719434250228
HMPRNC0000_2759	cds	1.75937395624668	0.954154184531361	1.57385826142553	0.606251660595619	0.544347652665731	0.999719434250228
HMPRNC0000_2760	cds	0	NA	NA	NA	NA	NA
HMPRNC0000_2761	cds	0	NA	NA	NA	NA	NA
HMPRNC0000_2762	cds	0.167523630601406	-1.45031368697984	4.06631116532894	-0.356665692322275	0.721342092060065	0.999719434250228
HMPRNC0000_2763	cds	0	NA	NA	NA	NA	NA
HMPRNC0000_2765	cds	10.7372895132763	-0.359533649539507	0.6425658582929	-0.559528093345447	0.575801363775893	0.999719434250228
HMPRNC0000_2766	cds	0	NA	NA	NA	NA	NA
HMPRNC0000_2767	cds	0.176391823478747	0.953491072601642	4.04121339089401	0.23594177796949	0.813477849127285	0.999719434250228
HMPRNC0000_2768	cds	0.176391823478747	0.953491072601642	4.04121339089401	0.23594177796949	0.813477849127285	0.999719434250228
HMPRNC0000_2769	cds	4.11673206734956	1.06515608745273	1.04661921528532	1.01771119037056	0.308815227669343	0.999719434250228
HMPRNC0000_2770	cds	5.92277738019693	-0.810787980592146	0.857206222357891	-0.945849387749352	0.344225411260442	0.999719434250228
HMPRNC0000_2771	cds	3.18848105799893	0.933948064936059	1.13519442256296	0.822720801276895	0.410666783465408	0.999719434250228
HMPRNC0000_2772	cds	0.834898353843999	1.03242043171697	2.18186256058547	0.473183073199597	0.636082572948909	0.999719434250228
HMPRNC0000_2773	cds	0.28698921600911	-1.14796227981964	3.48608271901746	-0.329298634698831	0.74192997597943	0.999719434250228
HMPRNC0000_2774	cds	2.5247965395612	0.237243427718786	1.31369730951469	0.180592154677114	0.856687714292404	0.999719434250228
HMPRNC0000_2775	cds	0.443458054294	-0.202129893262732	3.0378860895293	-0.0665363635454977	0.946950807917231	0.999719434250228
HMPRNC0000_2776	cds	0.552437255812036	-0.589739298868224	2.73406922383585	-0.215700207488101	0.829221439473625	0.999719434250228
HMPRNC0000_2777	cds	0.964126995615724	0.468356146936201	2.02225909115989	0.231600465530641	0.816848345900531	0.999719434250228
HMPRNC0000_2778	cds	4.81161440712591	-0.332420211818088	0.924966886691214	-0.359386067329631	0.719306296147262	0.999719434250228
HMPRNC0000_2780	cds	0.663434138055958	0.962006335694705	2.52374118629931	0.381182643021072	0.703067727499052	0.999719434250228
HMPRNC0000_2783	cds	0	NA	NA	NA	NA	NA
HMPRNC0000_2785	cds	0	NA	NA	NA	NA	NA
HMPRNC0000_2786	cds	2.90359514763537	-0.117193784600339	1.28729958417309	-0.0910384700198748	0.927462023304534	0.999719434250228
HMPRNC0000_2787	cds	1.09676747222311	0.485423557093086	1.80988609932864	0.268206688406054	0.788540226945418	0.999719434250228
HMPRNC0000_2788	cds	1.82274095761573	0.309487676408137	1.56277044965955	0.198037834971578	0.843015461883699	0.999719434250228
HMPRNC0000_2790	cds	1.3251579260822	1.07718258147188	1.73710054464783	0.620103761288191	0.535189476031758	0.999719434250228
HMPRNC0000_2791	cds	0.0487813727193487	0.375790524484671	4.0527002134097	0.0927259616295436	0.926121271465377	0.999719434250228
HMPRNC0000_2792	cds	0	NA	NA	NA	NA	NA
HMPRNC0000_2793	cds	0.0487813727193487	0.375790524484671	4.0527002134097	0.0927259616295436	0.926121271465377	0.999719434250228
HMPRNC0000_2794	cds	0.0487813727193487	0.375790524484671	4.0527002134097	0.0927259616295436	0.926121271465377	0.999719434250228
HMPRNC0000_2795	cds	0.216666667083578	-0.120651453087526	3.90274731382682	-0.0309144926344776	0.975337731996773	0.999719434250228
HMPRNC0000_2797	cds	0.0487813727193487	0.375790524484671	4.0527002134097	0.0927259616295436	0.926121271465377	0.999719434250228
HMPRNC0000_2798	cds	7.98137841458843	-0.274183382643758	0.771709208325937	-0.355293651657393	0.722369610879953	0.999719434250228
HMPRNC0000_2800	cds	0	NA	NA	NA	NA	NA
HMPRNC0000_2801	cds	0	NA	NA	NA	NA	NA
HMPRNC0000_2803	cds	0	NA	NA	NA	NA	NA
HMPRNC0000_2804	cds	1.20247508301351	1.16956871966151	1.85667456878824	0.629926611438872	0.528742600978287	0.999719434250228
HMPRNC0000_2806	cds	0.441478199518851	0.581490225685808	2.78142307242295	0.209062127747168	0.834399739074529	0.999719434250228
HMPRNC0000_2807	cds	2.79850403036246	-0.225448705514053	1.16147520119331	-0.194105483511335	0.846093288066287	0.999719434250228
HMPRNC0000_2808	cds	0	NA	NA	NA	NA	NA
HMPRNC0000_2809	cds	0.839825961534705	1.52253138088234	2.33139131959006	0.653056982793459	0.51371954333643	0.999719434250228
HMPRNC0000_2810	cds	0.441478199518851	0.581490225685808	2.78142307242295	0.209062127747168	0.834399739074529	0.999719434250228
HMPRNC0000_2811	cds	0	NA	NA	NA	NA	NA
HMPRNC0000_2812	cds	2.15375547461452	-0.97129577832997	1.35946959384298	-0.714466717555845	0.474938629487623	0.999719434250228
HMPRNC0000_2814	cds	0.273954568917445	1.59922945008679	3.52719659019143	0.453399579295917	0.650261039339036	0.999719434250228
HMPRNC0000_2815	cds	0.176391823478747	0.953491072601642	4.04121339089401	0.23594177796949	0.813477849127285	0.999719434250228
HMPRNC0000_2816	cds	2.51219005678836	-0.24751059680579	1.22901500007267	-0.201389402725887	0.840394100864342	0.999719434250228
HMPRNC0000_2817	cds	4.50022587998902	0.189232793153992	0.967232247893236	0.195643593941545	0.844889136554547	0.999719434250228
HMPRNC0000_2818	cds	2.79596201513648	-0.611691778117543	1.24530425143469	-0.491198658811953	0.623285947449969	0.999719434250228
HMPRNC0000_2819	cds	0	NA	NA	NA	NA	NA
HMPRNC0000_2820	cds	0.52228713233405	-0.15557599972584	2.89820022062301	-0.053680211125095	0.957189949300417	0.999719434250228
HMPRNC0000_2821	cds	9.59094568198103	-0.193339357774192	0.755033338378801	-0.256067312457127	0.797898861560452	0.999719434250228
HMPRNC0000_2822	cds	0.265086376040103	-0.226838741306307	3.60889173429503	-0.0628555129960467	0.949881560241462	0.999719434250228
HMPRNC0000_2823	cds	4.05379323029934	0.62484635399625	1.02114726670646	0.611906210170436	0.540599812605169	0.999719434250228
HMPRNC0000_2824	cds	5.11492081090294	0.360447332808929	0.929039355892449	0.387978539900151	0.698031914806014	0.999719434250228
HMPRNC0000_2826	cds	1.24472978139349	0.0974294425344276	1.76174847816777	0.0553026971453694	0.955897313445449	0.999719434250228
HMPRNC0000_2828	cds	5.24169665075564	0.563425293047712	0.903828622772644	0.623376245066583	0.533037304559167	0.999719434250228
HMPRNC0000_2829	cds	0	NA	NA	NA	NA	NA
HMPRNC0000_2830	cds	0	NA	NA	NA	NA	NA
HMPRNC0000_2831	cds	0	NA	NA	NA	NA	NA
HMPRNC0000_2833	cds	0	NA	NA	NA	NA	NA
HMPRNC0000_2834	cds	7.91360872109116	0.719472334721532	0.737898230552018	0.975029218030918	0.329545766929532	0.999719434250228
HMPRNC0000_2835	cds	0	NA	NA	NA	NA	NA
HMPRNC0000_2836	cds	1.35396822851706	0.372127581773461	1.72552100149286	0.215660998302258	0.829252004628732	0.999719434250228
HMPRNC0000_2838	cds	6.53126721968183	0.371967708601515	0.786296475303067	0.473062922554937	0.636168288330299	0.999719434250228
HMPRNC0000_2839	cds	2.19998858413187	-0.240018330283164	1.31284457115151	-0.182823112162197	0.854936813360615	0.999719434250228
HMPRNC0000_2840	cds	1.38873238101356	0.767790292627848	1.75412100592253	0.437706572143835	0.661599004694863	0.999719434250228
HMPRNC0000_2841	cds	0.530172752080207	-0.440773401031323	2.7919505527714	-0.157872925290097	0.874556932973333	0.999719434250228
HMPRNC0000_2842	cds	0.520668941321724	1.05589705027683	2.65987380649838	0.39697261114311	0.691387657844115	0.999719434250228
HMPRNC0000_2843	cds	0.0975627454386974	0.799599759100727	4.04388460996796	0.197730607132003	0.843255841445575	0.999719434250228
HMPRNC0000_2844	cds	0.432971670404333	-0.551805167929453	2.79281889275506	-0.197580003974088	0.843373680897434	0.999719434250228
HMPRNC0000_2846	cds	0.877619042493543	-0.717970494012894	2.21054155852092	-0.324793936239449	0.745337034142	0.999719434250228
HMPRNC0000_2847	cds	0	NA	NA	NA	NA	NA
HMPRNC0000_2848	cds	0.167523630601406	-1.45031368697984	4.06631116532894	-0.356665692322275	0.721342092060065	0.999719434250228
HMPRNC0000_2849	cds	0.584605060015907	0.70884247874256	2.56081856588224	0.276803084836412	0.781931312336192	0.999719434250228
HMPRNC0000_2851	cds	0	NA	NA	NA	NA	NA
HMPRNC0000_2852	cds	5.80973410909986	-0.0355960551423511	0.920900011815066	-0.0386535505328014	0.969166607013951	0.999719434250228
HMPRNC0000_2853	cds	0.0975627454386974	0.799599759100727	4.04388460996796	0.197730607132003	0.843255841445575	0.999719434250228
HMPRNC0000_2854	cds	0	NA	NA	NA	NA	NA
HMPRNC0000_2855	cds	0.176391823478747	0.953491072601642	4.04121339089401	0.23594177796949	0.813477849127285	0.999719434250228
HMPRNC0000_2856	cds	0.0487813727193487	0.375790524484671	4.0527002134097	0.0927259616295436	0.926121271465377	0.999719434250228
HMPRNC0000_2857	cds	0.0487813727193487	0.375790524484671	4.0527002134097	0.0927259616295436	0.926121271465377	0.999719434250228
HMPRNC0000_2858	cds	0	NA	NA	NA	NA	NA
HMPRNC0000_2860	cds	0	NA	NA	NA	NA	NA
HMPRNC0000_2861	cds	0	NA	NA	NA	NA	NA
HMPRNC0000_2862	cds	0	NA	NA	NA	NA	NA
HMPRNC0000_2864	cds	0.495910507454552	2.05240888290464	2.91724630337241	0.70354322860295	0.481717276791693	0.999719434250228
HMPRNC0000_2865	cds	0.777610452010133	0.156280585879368	2.24591731168664	0.0695843008405345	0.944524532763496	0.999719434250228
HMPRNC0000_2866	cds	0.225173196198096	1.36512127210923	3.829993073362	0.356429175186711	0.721519183510662	0.999719434250228
HMPRNC0000_2867	cds	0	NA	NA	NA	NA	NA
HMPRNC0000_2868	cds	0	NA	NA	NA	NA	NA
HMPRNC0000_2870	cds	0	NA	NA	NA	NA	NA
HMPRNC0000_2872	cds	0	NA	NA	NA	NA	NA
HMPRNC0000_2873	cds	0	NA	NA	NA	NA	NA
HMPRNC0000_2874	cds	1.40040808269844	0.809642356267459	1.69882822838568	0.476588711406582	0.633655023425278	0.999719434250228
HMPRNC0000_2876	cds	1.06952727570995	-0.397629639363652	1.88146665125661	-0.211340253678204	0.832621774317366	0.999719434250228
HMPRNC0000_2877	cds	0.394676681574651	-0.648409492460957	3.16084105849526	-0.205138278218151	0.837464090624571	0.999719434250228
HMPRNC0000_2878	cds	1.08224834412942	-0.811824400136832	1.96948669773293	-0.412201007029557	0.680192099101627	0.999719434250228
HMPRNC0000_2879	cds	6.19863242694588	-0.261671387283254	0.838861072194019	-0.311936500520711	0.755088782136753	0.999719434250228
HMPRNC0000_2881	cds	0.511439084681559	-0.968770463490663	2.85925845157722	-0.338818781127068	0.734746251975941	0.999719434250228
HMPRNC0000_2882	cds	0.392696826799502	0.318698234413709	2.92080041518191	0.109113321388603	0.913112609036995	0.999719434250228
HMPRNC0000_2883	cds	0	NA	NA	NA	NA	NA
HMPRNC0000_2884	cds	0.273954568917445	1.59922945008679	3.52719659019143	0.453399579295917	0.650261039339036	0.999719434250228
HMPRNC0000_2885	cds	1.23648249788451	-0.211206760503355	1.97797459996159	-0.106779308747168	0.914964062839381	0.999719434250228
HMPRNC0000_2886	cds	0.739817371051295	2.79291304361124	2.30267033883425	1.21290181946982	0.225167359934501	0.999719434250228
HMPRNC0000_2887	cds	4.1800781122298	2.65627654397616	1.24772428134772	2.12889705176451	0.0332627787638085	0.999719434250228
HMPRNC0000_2888	cds	0.314229412522275	0.428573315432851	3.38545245075932	0.126592625850269	0.899262833702065	0.999719434250228
HMPRNC0000_2889	cds	4.35145504114993	-0.225863559111307	1.01435942055407	-0.222666201481063	0.823795308274516	0.999719434250228
HMPRNC0000_2891	cds	2.24107891427974	0.12742636613514	1.39612086513712	0.0912717296311055	0.927276680693553	0.999719434250228
HMPRNC0000_2892	cds	0.357311764934642	-2.37389348193233	3.47562863273487	-0.683011257179218	0.494599729236806	0.999719434250228
HMPRNC0000_2893	cds	0.167523630601406	-1.45031368697984	4.06631116532894	-0.356665692322275	0.721342092060065	0.999719434250228
HMPRNC0000_2894	cds	1.76092493780472	1.06513480924229	1.58068099051144	0.673845523313124	0.500409529362282	0.999719434250228
HMPRNC0000_2895	cds	52.9938407263211	-0.0941954383675599	0.358243082036186	-0.262937215234335	0.792598971615842	0.999719434250228
HMPRNC0000_2896	cds	3.01777146158955	-0.251967017966832	1.13909250150642	-0.221199786350636	0.82493687560657	0.999719434250228
HMPRNC0000_2898	cds	0.854888548492149	0.00711694925406592	2.24361489731324	0.00317209038974941	0.997469042297031	0.999719434250228
HMPRNC0000_2900	cds	0.344277117842977	0.419866341640232	3.05523277331361	0.137425320030479	0.890694618422668	0.999719434250228
HMPRNC0000_2901	cds	0.216666667083578	-0.120651453087526	3.90274731382682	-0.0309144926344776	0.975337731996773	0.999719434250228
HMPRNC0000_2903	cds	0.0487813727193487	0.375790524484671	4.0527002134097	0.0927259616295436	0.926121271465377	0.999719434250228
HMPRNC0000_2904	cds	0.167523630601406	-1.45031368697984	4.06631116532894	-0.356665692322275	0.721342092060065	0.999719434250228
HMPRNC0000_2905	cds	0	NA	NA	NA	NA	NA
HMPRNC0000_2906	cds	0.167885294364229	-0.546066368947976	4.04678249549853	-0.1349384034243	0.89266057567314	0.999719434250228
HMPRNC0000_2907	cds	0.344277117842977	0.419866341640232	3.05523277331361	0.137425320030479	0.890694618422668	0.999719434250228
HMPRNC0000_2908	cds	0.54790913783489	2.4514817597799	2.69582549021577	0.909362185600406	0.363158975456067	0.999719434250228
HMPRNC0000_2910	cds	0.740571990429954	-2.11219419114111	2.53977000399874	-0.831647821580524	0.405607760762539	0.999719434250228
HMPRNC0000_2911	cds	0.0975627454386974	0.799599759100727	4.04388460996796	0.197730607132003	0.843255841445575	0.999719434250228
HMPRNC0000_2912	cds	1.53466675031815	0.19345347641624	1.64496243374615	0.117603583186809	0.906381765679239	0.999719434250228
HMPRNC0000_2914	cds	0	NA	NA	NA	NA	NA
HMPRNC0000_2915	cds	0.443458054294	-0.202129893262732	3.0378860895293	-0.0665363635454977	0.946950807917231	0.999719434250228
HMPRNC0000_2916	cds	0.319518683975804	0.935254863299043	3.6919625952401	0.253321868565199	0.800019498438201	0.999719434250228
HMPRNC0000_2917	cds	0.394676681574651	-0.648409492460957	3.16084105849526	-0.205138278218151	0.837464090624571	0.999719434250228
HMPRNC0000_2918	cds	0.0487813727193487	0.375790524484671	4.0527002134097	0.0927259616295436	0.926121271465377	0.999719434250228
HMPRNC0000_2919	cds	0	NA	NA	NA	NA	NA
HMPRNC0000_2920	cds	0	NA	NA	NA	NA	NA
HMPRNC0000_2922	cds	0.514644174853199	2.24445558448972	2.79749456377246	0.802309185352996	0.422374130398887	0.999719434250228
HMPRNC0000_2923	cds	0.511439084681559	-0.968770463490663	2.85925845157722	-0.338818781127068	0.734746251975941	0.999719434250228
HMPRNC0000_2924	cds	16.4771298523539	0.0102335538944647	0.622723288838432	0.0164335493434867	0.986888514853617	0.999719434250228
HMPRNC0000_2926	cds	9.64191570195295	1.20885596189187	0.894162842291438	1.35194162038089	0.176393991725463	0.999719434250228
HMPRNC0000_2927	cds	2.41036869811795	0.309590134584844	1.36404360840712	0.226964983140365	0.820450971037508	0.999719434250228
HMPRNC0000_2929	cds	1.8268530787634	-0.400370172117308	1.39898538391324	-0.286186100813572	0.774735588694957	0.999719434250228
HMPRNC0000_2932	cds	3.33553824454273	1.88020509338513	1.237150945976	1.51978632801498	0.128564686383895	0.999719434250228
HMPRNC0000_2934	cds	0.874449869923183	-0.0300233939500745	2.03780225023508	-0.0147332224933067	0.988245014514817	0.999719434250228
HMPRNC0000_2935	cds	1.66621778626419	0.877048500995613	1.52368822809887	0.575608897425113	0.564879565734586	0.999719434250228
HMPRNC0000_2936	cds	0	NA	NA	NA	NA	NA
HMPRNC0000_2937	cds	0	NA	NA	NA	NA	NA
HMPRNC0000_2938	cds	0	NA	NA	NA	NA	NA
HMPRNC0000_2940	cds	0.0487813727193487	0.375790524484671	4.0527002134097	0.0927259616295436	0.926121271465377	0.999719434250228
HMPRNC0000_2941	cds	0.243906863596743	1.54940953912336	4.02560868948633	0.384888263772369	0.700320201503466	0.999719434250228
HMPRNC0000_2942	cds	5.76479344443329	-0.0828613468411861	0.887969805993178	-0.0933155004617608	0.925652918226214	0.999719434250228
HMPRNC0000_2944	cds	2.69207309204642	-0.727167006735325	1.206657586493	-0.602629126004788	0.546755439861915	0.999719434250228
HMPRNC0000_2946	cds	3.90278075005612	0.619179829914339	1.0174317693299	0.608571354442904	0.542808596497559	0.999719434250228
HMPRNC0000_2948	cds	0.90809562103136	-2.47068389014466	2.22263801286387	-1.11159976381452	0.266310274140701	0.999719434250228
HMPRNC0000_2949	cds	2.38536763550748	-1.07189830385881	1.47089326974373	-0.728739688941237	0.466160910097047	0.999719434250228
HMPRNC0000_2950	cds	1.75887204837584	-0.367740833058253	1.58797178673	-0.231578946257929	0.816865061471698	0.999719434250228
HMPRNC0000_2951	cds	1.43379458820107	-0.884793322690322	1.63559816422926	-0.54096008545428	0.588535094642364	0.999719434250228
HMPRNC0000_2952	cds	1.47556608029728	-0.121225745032457	1.61885215541543	-0.0748837654055865	0.940307193615602	0.999719434250228
HMPRNC0000_2953	cds	0.119103921644881	-1.33377711657661	4.07039375829128	-0.327677663582238	0.743155393650616	0.999719434250228
HMPRNC0000_2955	cds	0	NA	NA	NA	NA	NA
HMPRNC0000_2958	cds	0	NA	NA	NA	NA	NA
HMPRNC0000_2961	cds	0	NA	NA	NA	NA	NA
HMPRNC0000_2962	cds	1.46222410250945	-0.159125365190168	1.60796990422147	-0.0989604126124562	0.921169701922703	0.999719434250228
HMPRNC0000_2963	cds	0	NA	NA	NA	NA	NA
HMPRNC0000_2964	cds	0	NA	NA	NA	NA	NA
HMPRNC0000_2965	cds	0	NA	NA	NA	NA	NA
HMPRNC0000_2966	cds	0.28698921600911	-1.14796227981964	3.48608271901746	-0.329298634698831	0.74192997597943	0.999719434250228
HMPRNC0000_2967	cds	0	NA	NA	NA	NA	NA
HMPRNC0000_2968	cds	0	NA	NA	NA	NA	NA
HMPRNC0000_2970	cds	0	NA	NA	NA	NA	NA
HMPRNC0000_2971	cds	0	NA	NA	NA	NA	NA
HMPRNC0000_2972	cds	0	NA	NA	NA	NA	NA
HMPRNC0000_2974	cds	0	NA	NA	NA	NA	NA
HMPRNC0000_2976	cds	1.31257056767302	-1.38791955535649	1.68994820625722	-0.821279344667229	0.411487170297192	0.999719434250228
HMPRNC0000_2977	cds	0	NA	NA	NA	NA	NA
HMPRNC0000_2978	cds	0	NA	NA	NA	NA	NA
HMPRNC0000_2980	cds	2.10044598391802	-0.0768854641473479	1.31482378216356	-0.0584758696871394	0.953369582797479	0.999719434250228
HMPRNC0000_2981	cds	0	NA	NA	NA	NA	NA
HMPRNC0000_2982	cds	0	NA	NA	NA	NA	NA
HMPRNC0000_2983	cds	0.0487813727193487	0.375790524484671	4.0527002134097	0.0927259616295436	0.926121271465377	0.999719434250228
HMPRNC0000_2984	cds	0.167523630601406	-1.45031368697984	4.06631116532894	-0.356665692322275	0.721342092060065	0.999719434250228
HMPRNC0000_2985	cds	0	NA	NA	NA	NA	NA
HMPRNC0000_2986	cds	0	NA	NA	NA	NA	NA
HMPRNC0000_2987	cds	0	NA	NA	NA	NA	NA
HMPRNC0000_2989	cds	0	NA	NA	NA	NA	NA
HMPRNC0000_2990	cds	0	NA	NA	NA	NA	NA
HMPRNC0000_2991	cds	0.119103921644881	-1.33377711657661	4.07039375829128	-0.327677663582238	0.743155393650616	0.999719434250228
HMPRNC0000_2992	cds	0	NA	NA	NA	NA	NA
HMPRNC0000_2994	cds	0	NA	NA	NA	NA	NA
HMPRNC0000_2995	cds	0	NA	NA	NA	NA	NA
HMPRNC0000_2996	cds	0	NA	NA	NA	NA	NA
HMPRNC0000_2997	cds	0	NA	NA	NA	NA	NA
HMPRNC0000_2999	cds	0	NA	NA	NA	NA	NA
HMPRNC0000_3000	cds	0.265448039802927	0.183718671281334	3.60766581706817	0.0509245258837848	0.959385662032769	0.999719434250228
HMPRNC0000_3001	cds	0.0487813727193487	0.375790524484671	4.0527002134097	0.0927259616295436	0.926121271465377	0.999719434250228
HMPRNC0000_3002	cds	0.119103921644881	-1.33377711657661	4.07039375829128	-0.327677663582238	0.743155393650616	0.999719434250228
HMPRNC0000_3003	cds	0.0487813727193487	0.375790524484671	4.0527002134097	0.0927259616295436	0.926121271465377	0.999719434250228
HMPRNC0000_3004	cds	0.216305003320755	-0.660871302467674	3.89797339989202	-0.169542281249529	0.86537011807472	0.999719434250228
HMPRNC0000_3005	cds	1.75113884022705	-0.237823229353858	1.59892684828378	-0.148739280730152	0.881759364438576	0.999719434250228
HMPRNC0000_3006	cds	0.216305003320755	-0.660871302467674	3.89797339989202	-0.169542281249529	0.86537011807472	0.999719434250228
HMPRNC0000_3007	cds	0	NA	NA	NA	NA	NA
HMPRNC0000_3008	cds	0.119103921644881	-1.33377711657661	4.07039375829128	-0.327677663582238	0.743155393650616	0.999719434250228
HMPRNC0000_3010	cds	0	NA	NA	NA	NA	NA
HMPRNC0000_3011	cds	5.53941491291972	0.691418256831318	0.901929117994056	0.766599329190162	0.443319774438732	0.999719434250228
HMPRNC0000_3012	cds	0	NA	NA	NA	NA	NA
HMPRNC0000_3013	cds	0	NA	NA	NA	NA	NA
HMPRNC0000_3014	cds	0	NA	NA	NA	NA	NA
HMPRNC0000_3015	cds	3.68381856480037	-1.08314814701031	1.23474351200148	-0.877225218421732	0.380364321068271	0.999719434250228
HMPRNC0000_3016	cds	0	NA	NA	NA	NA	NA
HMPRNC0000_3017	cds	0.119103921644881	-1.33377711657661	4.07039375829128	-0.327677663582238	0.743155393650616	0.999719434250228
HMPRNC0000_3018	cds	0	NA	NA	NA	NA	NA
HMPRNC0000_3019	cds	6.91026011880898	-0.86709411626291	0.836654127926694	-1.03638300143412	0.30002349745011	0.999719434250228
HMPRNC0000_3020	cds	0.167523630601406	-1.45031368697984	4.06631116532894	-0.356665692322275	0.721342092060065	0.999719434250228
HMPRNC0000_3021	cds	0.495910507454552	2.05240888290464	2.91724630337241	0.70354322860295	0.481717276791693	0.999719434250228
HMPRNC0000_3023	cds	0	NA	NA	NA	NA	NA
HMPRNC0000_3025	cds	0.852908693717	0.658742486074646	2.18699479734753	0.301208986355886	0.763255137732505	0.999719434250228
HMPRNC0000_3026	cds	0.833299287195336	-0.585442802389593	2.2185640752021	-0.263883657422093	0.791869568921415	0.999719434250228
HMPRNC0000_3027	cds	0.577956843155591	2.46660198369929	2.7145818284215	0.908648970487506	0.363535448387447	0.999719434250228
HMPRNC0000_3029	cds	0.836516544856325	0.164259805824676	2.12491360240202	0.0773018750687065	0.938383399283622	0.999719434250228
HMPRNC0000_3030	cds	0	NA	NA	NA	NA	NA
HMPRNC0000_3031	cds	3.19760641175697	-1.15616392667373	1.12482050248725	-1.02786526749572	0.304013209522585	0.999719434250228