"tag"	"moltype"	"baseMean"	"log2FoldChange"	"lfcSE"	"stat"	"pvalue"	"padj"
HMPRNC0000_0001	cds	3.08851790554012	-0.82144105339739	1.05963264139455	-0.775213051493316	0.438213777270488	0.998900740178849
HMPRNC0000_0002	cds	4.5081726440947	-0.280910733762535	0.922503424872833	-0.304509149980943	0.760740022858161	0.998900740178849
HMPRNC0000_0003	cds	1.16285945528183	0.0184786476571381	1.72056695454677	0.0107398596772456	0.991430996510013	0.998900740178849
HMPRNC0000_0004	cds	7.7279829704298	-0.200893032823385	0.716335084919228	-0.280445614144443	0.779135645448038	0.998900740178849
HMPRNC0000_0005	cds	13.023401945038	0.516275144133922	0.609079817413988	0.847631343829299	0.396643312830693	0.998900740178849
HMPRNC0000_0006	cds	12.6362190441113	0.37247550322124	0.627505877171804	0.593580899831573	0.552792459113267	0.998900740178849
HMPRNC0000_0007	cds	1.00167508886463	2.84545366655794	1.99727063116388	1.42467105967497	0.154252308511802	0.998900740178849
HMPRNC0000_0008	cds	0.21207141959431	-1.20998026795234	3.86222589384395	-0.313285732427236	0.754063588820276	0.998900740178849
HMPRNC0000_0010	cds	1.32272431063513	1.78074394899937	1.81241364205863	0.982526233347435	0.325840665575483	0.998900740178849
HMPRNC0000_0011	cds	0.373872960800685	-2.88258360744455	3.12100858894442	-0.923606432117989	0.355691263742552	0.998900740178849
HMPRNC0000_0012	cds	0.304675478839496	0.848858857215286	3.38937150278016	0.250447275112511	0.802241473932794	0.998900740178849
HMPRNC0000_0013	cds	0.304675478839496	0.848858857215286	3.38937150278016	0.250447275112511	0.802241473932794	0.998900740178849
HMPRNC0000_0014	cds	2.10991341172106	0.161606427858892	1.29043584527027	0.12523398854055	0.900338310085158	0.998900740178849
HMPRNC0000_0015	cds	6.09893876961719	-0.000960113409913061	0.834310758865471	-0.00115078632237544	0.999081805563256	0.999501069039812
HMPRNC0000_0016	cds	1.05676079104274	-0.281060391950203	1.7372580538659	-0.161783905001771	0.871476028008977	0.998900740178849
HMPRNC0000_0017	cds	5.75746110568745	-0.301231758920036	0.921079324233384	-0.327042146093934	0.743636008388248	0.998900740178849
HMPRNC0000_0018	cds	1.14936485028792	0.638106239881685	1.74966826904288	0.364701270047463	0.715334410455502	0.998900740178849
HMPRNC0000_0021	cds	1.1863789195221	0.743113479359449	1.74125395346918	0.426769155572576	0.669547474498039	0.998900740178849
HMPRNC0000_0022	cds	2.66328145837402	0.623023323076771	1.24849363296132	0.499020024314433	0.617765277342404	0.998900740178849
HMPRNC0000_0023	cds	1.40156827289366	-1.08282063668345	1.60292627028338	-0.675527413055637	0.499340740956402	0.998900740178849
HMPRNC0000_0025	cds	0.844928167288579	-1.16247576669136	2.19351718227945	-0.529959726817978	0.596139853912236	0.998900740178849
HMPRNC0000_0026	cds	0.59535322334419	0.936868504633228	2.43062099186899	0.385444093409576	0.699908419544593	0.998900740178849
HMPRNC0000_0027	cds	0.765958296146174	1.22453493425349	2.07907569441491	0.588980448159246	0.555874389484002	0.998900740178849
HMPRNC0000_0029	cds	0.682887830242051	0.988957676287257	2.15552394587596	0.458801526273635	0.646376698631742	0.998900740178849
HMPRNC0000_0030	cds	0	NA	NA	NA	NA	NA
HMPRNC0000_0031	cds	0	NA	NA	NA	NA	NA
HMPRNC0000_0032	cds	0.475268688205887	0.49761317048108	2.60402544924046	0.191093820003266	0.848452089344682	0.998900740178849
HMPRNC0000_0033	cds	0.754725654300177	-1.0712331788969	2.30190933931863	-0.465367232583536	0.641668495488471	0.998900740178849
HMPRNC0000_0034	cds	0.203155001042426	0.854985990072026	3.8561156513957	0.221722081847459	0.8245302391019	0.998900740178849
HMPRNC0000_0035	cds	16.025758653244	0.978927782746017	0.535316962515717	1.82868814420816	0.0674463395465589	0.998900740178849
HMPRNC0000_0037	cds	6.58271653604987	3.24570887171739	1.06816763139972	3.03857632108195	0.00237698886821926	0.96886066268617
HMPRNC0000_0038	cds	0.309253665281519	1.31742048186384	3.30525907759484	0.398583121908404	0.690200400000409	0.998900740178849
HMPRNC0000_0039	cds	0	NA	NA	NA	NA	NA
HMPRNC0000_0040	cds	0	NA	NA	NA	NA	NA
HMPRNC0000_0041	cds	0.0830704659041226	-0.0871824083588438	4.06317883659053	-0.0214566997577689	0.982881344090469	0.998900740178849
HMPRNC0000_0042	cds	0.240169070276606	1.04410192069867	4.00806168855364	0.260500461776936	0.794477759158688	0.998900740178849
HMPRNC0000_0043	cds	0.0830704659041226	-0.0871824083588438	4.06317883659053	-0.0214566997577689	0.982881344090469	0.998900740178849
HMPRNC0000_0044	cds	1.11222603066187	1.93205217492148	1.84989323357383	1.04441280169933	0.296294443286414	0.998900740178849
HMPRNC0000_0045	cds	9.27944253029517	-0.268673239016378	0.665220434257349	-0.403886028119873	0.686296531111306	0.998900740178849
HMPRNC0000_0046	cds	0.482611967136716	-1.3005657276022	2.95441480963582	-0.440210942404027	0.659784335206819	0.998900740178849
HMPRNC0000_0048	cds	9.02144578000636	0.634147633393777	0.745021366029541	0.85118046583463	0.394669112232404	0.998900740178849
HMPRNC0000_0050	cds	0	NA	NA	NA	NA	NA
HMPRNC0000_0051	cds	0.143112733473274	0.477233240766022	4.03080623412424	0.118396472826164	0.905753520400384	0.998900740178849
HMPRNC0000_0054	cds	2.82650188485271	-1.23695188329932	1.35997678611072	-0.909538968556055	0.363065697742397	0.998900740178849
HMPRNC0000_0055	cds	43.9885055455088	-0.0190392000649152	0.384817263381421	-0.0494759509945478	0.960540002049188	0.998900740178849
HMPRNC0000_0056	cds	0.750273376742032	-0.103269892885248	2.42019430783747	-0.0426700833692662	0.965964527853079	0.998900740178849
HMPRNC0000_0057	cds	2.22707641221167	-1.83976564639223	1.26783801314552	-1.45110465794266	0.146750719691947	0.998900740178849
HMPRNC0000_0058	cds	0.964773906586729	0.373828208436493	1.80664522265587	0.206918438522725	0.836073556274626	0.998900740178849
HMPRNC0000_0059	cds	0	NA	NA	NA	NA	NA
HMPRNC0000_0062	cds	0	NA	NA	NA	NA	NA
HMPRNC0000_0063	cds	0.466477020045871	-1.13055251550194	3.02730918755984	-0.373451288077127	0.708812593555211	0.998900740178849
HMPRNC0000_0064	cds	0.0830704659041226	-0.0871824083588438	4.06317883659053	-0.0214566997577689	0.982881344090469	0.998900740178849
HMPRNC0000_0065	cds	11.3691919197275	-1.06589078497498	0.632756500361881	-1.68451969180149	0.0920812770910943	0.998900740178849
HMPRNC0000_0068	cds	0	NA	NA	NA	NA	NA
HMPRNC0000_0069	cds	0.0830704659041226	-0.0871824083588438	4.06317883659053	-0.0214566997577689	0.982881344090469	0.998900740178849
HMPRNC0000_0070	cds	0.0830704659041226	-0.0871824083588438	4.06317883659053	-0.0214566997577689	0.982881344090469	0.998900740178849
HMPRNC0000_0071	cds	0.627297840231045	-0.114369596908602	2.36932451102786	-0.0482709719062445	0.961500288639085	0.998900740178849
HMPRNC0000_0072	cds	0.221843808775526	-2.21903366148579	4.07067951085028	-0.545126103779729	0.58566679046034	0.998900740178849
HMPRNC0000_0073	cds	0	NA	NA	NA	NA	NA
HMPRNC0000_0074	cds	0	NA	NA	NA	NA	NA
HMPRNC0000_0075	cds	0	NA	NA	NA	NA	NA
HMPRNC0000_0076	cds	0.683126626082204	-0.346675774981348	2.16225690756373	-0.160330520285841	0.872620718139274	0.998900740178849
HMPRNC0000_0077	cds	0	NA	NA	NA	NA	NA
HMPRNC0000_0078	cds	0	NA	NA	NA	NA	NA
HMPRNC0000_0079	cds	0.21207141959431	-1.20998026795234	3.86222589384395	-0.313285732427236	0.754063588820276	0.998900740178849
HMPRNC0000_0080	cds	0.120084535138303	0.318360587378331	4.03879997395116	0.0788255396235627	0.937171389566932	0.998900740178849
HMPRNC0000_0083	cds	0	NA	NA	NA	NA	NA
HMPRNC0000_0084	cds	0	NA	NA	NA	NA	NA
HMPRNC0000_0085	cds	0	NA	NA	NA	NA	NA
HMPRNC0000_0086	cds	0	NA	NA	NA	NA	NA
HMPRNC0000_0087	cds	0	NA	NA	NA	NA	NA
HMPRNC0000_0088	cds	0	NA	NA	NA	NA	NA
HMPRNC0000_0089	cds	0	NA	NA	NA	NA	NA
HMPRNC0000_0090	cds	0	NA	NA	NA	NA	NA
HMPRNC0000_0091	cds	0	NA	NA	NA	NA	NA
HMPRNC0000_0092	cds	0.203155001042426	0.854985990072026	3.8561156513957	0.221722081847459	0.8245302391019	0.998900740178849
HMPRNC0000_0093	cds	0.599200189548749	-1.51806792452586	2.4349296736095	-0.623454525598473	0.532985876485015	0.998900740178849
HMPRNC0000_0094	cds	0.489380467988974	1.96102627514522	2.74092746011521	0.715460844433582	0.474324327363924	0.998900740178849
HMPRNC0000_0095	cds	0	NA	NA	NA	NA	NA
HMPRNC0000_0096	cds	1.0891978323269	1.90016798766368	1.85803576057665	1.02267568148094	0.306461213182998	0.998900740178849
HMPRNC0000_0097	cds	1.14924009989605	1.99695388909067	1.83335294426857	1.08923592444845	0.276049860679845	0.998900740178849
HMPRNC0000_0098	cds	0	NA	NA	NA	NA	NA
HMPRNC0000_0099	cds	0	NA	NA	NA	NA	NA
HMPRNC0000_0100	cds	0.244633211270345	-0.0674090275086976	4.06184416357083	-0.0165956705363697	0.986759178495284	0.998900740178849
HMPRNC0000_0101	cds	1.45427912496757	0.252767455523258	1.58237604922288	0.159739181876138	0.873086534516023	0.998900740178849
HMPRNC0000_0102	cds	71.9818226152066	-0.437934836279337	0.406879037732154	-1.0763268580271	0.281781100963775	0.998900740178849
HMPRNC0000_0103	cds	2.10037981838	-0.17713704563683	1.34825911143327	-0.131382049737105	0.895473087806316	0.998900740178849
HMPRNC0000_0104	cds	1.09220172065586	-0.385891693798059	1.83771733291625	-0.209984248875583	0.833679966552179	0.998900740178849
HMPRNC0000_0105	cds	0.286225466946548	1.23610492887501	3.36414935735462	0.367434616472265	0.713294854401914	0.998900740178849
HMPRNC0000_0106	cds	0.0600422675691515	-0.287764842376576	4.07015500311295	-0.0707011998699035	0.943635565871096	0.998900740178849
HMPRNC0000_0108	cds	0	NA	NA	NA	NA	NA
HMPRNC0000_0109	cds	0.0830704659041226	-0.0871824083588438	4.06317883659053	-0.0214566997577689	0.982881344090469	0.998900740178849
HMPRNC0000_0110	cds	0.0600422675691515	-0.287764842376576	4.07015500311295	-0.0707011998699035	0.943635565871096	0.998900740178849
HMPRNC0000_0113	cds	0	NA	NA	NA	NA	NA
HMPRNC0000_0115	cds	0	NA	NA	NA	NA	NA
HMPRNC0000_0116	cds	0.244633211270345	-0.0674090275086976	4.06184416357083	-0.0165956705363697	0.986759178495284	0.998900740178849
HMPRNC0000_0117	cds	0	NA	NA	NA	NA	NA
HMPRNC0000_0119	cds	0	NA	NA	NA	NA	NA
HMPRNC0000_0120	cds	0	NA	NA	NA	NA	NA
HMPRNC0000_0121	cds	0.0830704659041226	-0.0871824083588438	4.06317883659053	-0.0214566997577689	0.982881344090469	0.998900740178849
HMPRNC0000_0122	cds	0	NA	NA	NA	NA	NA
HMPRNC0000_0123	cds	11.066021973175	0.917497915023406	0.668185531437525	1.37311850056004	0.169715510520992	0.998900740178849
HMPRNC0000_0124	cds	0	NA	NA	NA	NA	NA
HMPRNC0000_0125	cds	0	NA	NA	NA	NA	NA
HMPRNC0000_0126	cds	0	NA	NA	NA	NA	NA
HMPRNC0000_0127	cds	0	NA	NA	NA	NA	NA
HMPRNC0000_0128	cds	0	NA	NA	NA	NA	NA
HMPRNC0000_0129	cds	3.26686033677997	-0.378461772656667	1.05499032594462	-0.358734827561381	0.719793471590618	0.998900740178849
HMPRNC0000_0130	cds	4.86425219522082	-0.0764738218168624	0.904045508204999	-0.0845906772643588	0.932586810967681	0.998900740178849
HMPRNC0000_0131	cds	1.18215357436852	0.0389444584229695	1.75789649314613	0.0221540111006594	0.98232510240199	0.998900740178849
HMPRNC0000_0132	cds	1.98716097049222	0.106255555311429	1.31392106248324	0.0808690554899942	0.935546089480451	0.998900740178849
HMPRNC0000_0133	cds	0.673354236900987	0.035353870558703	2.28465807759552	0.0154744689830835	0.98765365285479	0.998900740178849
HMPRNC0000_0134	cds	1.05676079104274	-0.281060391950203	1.7372580538659	-0.161783905001771	0.871476028008977	0.998900740178849
HMPRNC0000_0135	cds	11.654675752144	-0.184244261110535	0.610213213576809	-0.301934237101445	0.762702195596275	0.998900740178849
HMPRNC0000_0136	cds	0	NA	NA	NA	NA	NA
HMPRNC0000_0137	cds	0	NA	NA	NA	NA	NA
HMPRNC0000_0138	cds	0	NA	NA	NA	NA	NA
HMPRNC0000_0139	cds	0.143112733473274	0.477233240766022	4.03080623412424	0.118396472826164	0.905753520400384	0.998900740178849
HMPRNC0000_0140	cds	0	NA	NA	NA	NA	NA
HMPRNC0000_0141	cds	0.549308690109841	1.87375380458372	2.7982159591441	0.66962444355326	0.503097227882062	0.998900740178849
HMPRNC0000_0142	cds	0.166140931808245	0.619965652411284	4.02427872731825	0.154056340134378	0.877565312758198	0.998900740178849
HMPRNC0000_0143	cds	1.26725907101599	-0.797170923150402	1.64898192686112	-0.48343217725123	0.628788905697597	0.998900740178849
HMPRNC0000_0144	cds	0.120084535138303	0.318360587378331	4.03879997395116	0.0788255396235627	0.937171389566932	0.998900740178849
HMPRNC0000_0148	cds	0.0830704659041226	-0.0871824083588438	4.06317883659053	-0.0214566997577689	0.982881344090469	0.998900740178849
HMPRNC0000_0150	cds	0.244633211270345	-0.0674090275086976	4.06184416357083	-0.0165956705363697	0.986759178495284	0.998900740178849
HMPRNC0000_0151	cds	0.3649565422488	-0.535340677198235	2.86310297098819	-0.186979190976657	0.851676948399978	0.998900740178849
HMPRNC0000_0152	cds	0.244633211270345	-0.0674090275086976	4.06184416357083	-0.0165956705363697	0.986759178495284	0.998900740178849
HMPRNC0000_0154	cds	0.304675478839496	0.848858857215286	3.38937150278016	0.250447275112511	0.802241473932794	0.998900740178849
HMPRNC0000_0155	cds	0.0600422675691515	-0.287764842376576	4.07015500311295	-0.0707011998699035	0.943635565871096	0.998900740178849
HMPRNC0000_0156	cds	0.152029152025158	-2.10450454780732	4.07469586340345	-0.516481381275287	0.605518239535364	0.998900740178849
HMPRNC0000_0157	cds	0	NA	NA	NA	NA	NA
HMPRNC0000_0158	cds	0	NA	NA	NA	NA	NA
HMPRNC0000_0159	cds	0	NA	NA	NA	NA	NA
HMPRNC0000_0160	cds	0	NA	NA	NA	NA	NA
HMPRNC0000_0161	cds	0	NA	NA	NA	NA	NA
HMPRNC0000_0162	cds	0.244633211270345	-0.0674090275086976	4.06184416357083	-0.0165956705363697	0.986759178495284	0.998900740178849
HMPRNC0000_0163	cds	0.166140931808245	0.619965652411284	4.02427872731825	0.154056340134378	0.877565312758198	0.998900740178849
HMPRNC0000_0164	cds	0.143112733473274	0.477233240766022	4.03080623412424	0.118396472826164	0.905753520400384	0.998900740178849
HMPRNC0000_0166	cds	0.323239536180728	1.38826700733702	3.23790899199705	0.428754177701818	0.668102128766098	0.998900740178849
HMPRNC0000_0167	cds	0.203155001042426	0.854985990072026	3.8561156513957	0.221722081847459	0.8245302391019	0.998900740178849
HMPRNC0000_0168	cds	0.0600422675691515	-0.287764842376576	4.07015500311295	-0.0707011998699035	0.943635565871096	0.998900740178849
HMPRNC0000_0169	cds	10.5649599941454	1.03079122360355	0.68008023823703	1.51569059891472	0.129597605910657	0.998900740178849
HMPRNC0000_0171	cds	0.591139741626197	0.584550208372841	2.40247409662143	0.243311763150698	0.80776389248934	0.998900740178849
HMPRNC0000_0172	cds	0	NA	NA	NA	NA	NA
HMPRNC0000_0173	cds	0.120084535138303	0.318360587378331	4.03879997395116	0.0788255396235627	0.937171389566932	0.998900740178849
HMPRNC0000_0175	cds	0.0600422675691515	-0.287764842376576	4.07015500311295	-0.0707011998699035	0.943635565871096	0.998900740178849
HMPRNC0000_0176	cds	0.304675478839496	0.848858857215286	3.38937150278016	0.250447275112511	0.802241473932794	0.998900740178849
HMPRNC0000_0177	cds	0	NA	NA	NA	NA	NA
HMPRNC0000_0178	cds	0.599817364337929	0.705898313306095	2.27050339136779	0.310899475415824	0.755877043285789	0.998900740178849
HMPRNC0000_0179	cds	1.37842718760241	0.501927414780021	1.64969671667093	0.304254357608776	0.760934115097306	0.998900740178849
HMPRNC0000_0180	cds	0.443687617551053	-3.04314751185492	3.30030000138653	-0.922082086651647	0.356485759990919	0.998900740178849
HMPRNC0000_0181	cds	0.120084535138303	0.318360587378331	4.03879997395116	0.0788255396235627	0.937171389566932	0.998900740178849
HMPRNC0000_0182	cds	7.84414592134445	0.0509691695706193	0.710567940715575	0.0717301846172387	0.942816634176845	0.998900740178849
HMPRNC0000_0184	cds	0.438254618971706	0.335744888988159	2.64891459106457	0.126748099059407	0.89913977525963	0.998900740178849
HMPRNC0000_0185	cds	1.34322505382944	-0.316795181952119	1.62629926924295	-0.194795132693867	0.845553332849464	0.998900740178849
HMPRNC0000_0186	cds	0.0600422675691515	-0.287764842376576	4.07015500311295	-0.0707011998699035	0.943635565871096	0.998900740178849
HMPRNC0000_0187	cds	0.422569699567564	-2.21054879241464	3.39962777145516	-0.650232596337582	0.515541988594059	0.998900740178849
HMPRNC0000_0188	cds	0.0830704659041226	-0.0871824083588438	4.06317883659053	-0.0214566997577689	0.982881344090469	0.998900740178849
HMPRNC0000_0190	cds	0.152029152025158	-2.10450454780732	4.07469586340345	-0.516481381275287	0.605518239535364	0.998900740178849
HMPRNC0000_0191	cds	0.563772152689356	-1.51291239082835	2.73593958351339	-0.552977265998514	0.580278977460883	0.998900740178849
HMPRNC0000_0192	cds	0.304675478839496	0.848858857215286	3.38937150278016	0.250447275112511	0.802241473932794	0.998900740178849
HMPRNC0000_0194	cds	1.00636616226293	0.664601992500904	1.85893886176804	0.357516864147324	0.720704903548515	0.998900740178849
HMPRNC0000_0196	cds	5.94631579265329	0.0488839172016835	0.865061754660206	0.0565091647368979	0.954936194788727	0.998900740178849
HMPRNC0000_0200	cds	0.120084535138303	0.318360587378331	4.03879997395116	0.0788255396235627	0.937171389566932	0.998900740178849
HMPRNC0000_0203	cds	0.576915074886835	2.07107376401965	2.71017415465873	0.764184751913275	0.444757151963688	0.998900740178849
HMPRNC0000_0204	cds	0.863014632949506	1.476411500179	1.99681392448234	0.739383616108221	0.459674088150901	0.998900740178849
HMPRNC0000_0205	cds	0.568111543291226	0.508415984436469	2.42719904030401	0.209466127826414	0.834084374932573	0.998900740178849
HMPRNC0000_0206	cds	0	NA	NA	NA	NA	NA
HMPRNC0000_0207	cds	1.98439587800342	0.769490323273319	1.35896866797142	0.566231099663221	0.571236691238166	0.998900740178849
HMPRNC0000_0209	cds	0	NA	NA	NA	NA	NA
HMPRNC0000_0210	cds	0	NA	NA	NA	NA	NA
HMPRNC0000_0211	cds	0	NA	NA	NA	NA	NA
HMPRNC0000_0212	cds	0	NA	NA	NA	NA	NA
HMPRNC0000_0213	cds	0	NA	NA	NA	NA	NA
HMPRNC0000_0214	cds	0	NA	NA	NA	NA	NA
HMPRNC0000_0215	cds	0	NA	NA	NA	NA	NA
HMPRNC0000_0216	cds	0	NA	NA	NA	NA	NA
HMPRNC0000_0217	cds	0	NA	NA	NA	NA	NA
HMPRNC0000_0218	cds	0	NA	NA	NA	NA	NA
HMPRNC0000_0219	cds	1.16837893531586	-0.854153373613764	2.03004304184221	-0.420756287432529	0.673933054348319	0.998900740178849
HMPRNC0000_0221	cds	0.0830704659041226	-0.0871824083588438	4.06317883659053	-0.0214566997577689	0.982881344090469	0.998900740178849
HMPRNC0000_0222	cds	0	NA	NA	NA	NA	NA
HMPRNC0000_0223	cds	0.807788189170521	-2.86067886460032	2.20985379885441	-1.29451046312806	0.195489157532467	0.998900740178849
HMPRNC0000_0224	cds	0.244633211270345	-0.0674090275086976	4.06184416357083	-0.0165956705363697	0.986759178495284	0.998900740178849
HMPRNC0000_0225	cds	0	NA	NA	NA	NA	NA
HMPRNC0000_0226	cds	0	NA	NA	NA	NA	NA
HMPRNC0000_0227	cds	1.06219378962208	-2.83662146315153	2.16322650497453	-1.31129193204155	0.189759153103458	0.998900740178849
HMPRNC0000_0228	cds	0.235099617929281	-1.01553877897961	3.71196657710418	-0.27358510856309	0.784403479174539	0.998900740178849
HMPRNC0000_0229	cds	0.143112733473274	0.477233240766022	4.03080623412424	0.118396472826164	0.905753520400384	0.998900740178849
HMPRNC0000_0230	cds	0.0830704659041226	-0.0871824083588438	4.06317883659053	-0.0214566997577689	0.982881344090469	0.998900740178849
HMPRNC0000_0231	cds	0.0600422675691515	-0.287764842376576	4.07015500311295	-0.0707011998699035	0.943635565871096	0.998900740178849
HMPRNC0000_0232	cds	0.715688417758239	0.787530908652687	2.36106496550676	0.333549021377164	0.738719892116461	0.998900740178849
HMPRNC0000_0233	cds	0.0830704659041226	-0.0871824083588438	4.06317883659053	-0.0214566997577689	0.982881344090469	0.998900740178849
HMPRNC0000_0234	cds	0.355184153067584	-0.0503250482365566	2.86104832266514	-0.0175897232625829	0.9859661550585	0.998900740178849
HMPRNC0000_0235	cds	0.180126802707454	0.73662894826931	4.01936770776885	0.183269857805125	0.85458628380304	0.998900740178849
HMPRNC0000_0236	cds	1.97328798654929	-1.05307920530255	1.28886067195586	-0.81706209850014	0.413892941253215	0.998900740178849
HMPRNC0000_0238	cds	0.863253428789658	0.310306730254156	1.94916019380904	0.159200219273797	0.873511131110183	0.998900740178849
HMPRNC0000_0239	cds	0	NA	NA	NA	NA	NA
HMPRNC0000_0240	cds	0.618506172071029	-1.83852712282955	2.54585974839814	-0.722163553583953	0.470193928211481	0.998900740178849
HMPRNC0000_0241	cds	48.5965610892455	0.596707677503176	0.377947566841639	1.57881073951509	0.114379474519191	0.998900740178849
HMPRNC0000_0243	cds	18.6288680916247	1.58863663305421	0.552245506940327	2.87668548333862	0.00401875931176012	0.998900740178849
HMPRNC0000_0244	cds	2.65500862011291	0.47249189396243	1.24059332679854	0.380859612699786	0.703307422260472	0.998900740178849
HMPRNC0000_0245	cds	0.951154551200953	2.86389169516579	2.05262371679882	1.39523463152428	0.162945096902664	0.998900740178849
HMPRNC0000_0246	cds	2.06877118373156	-1.05028757881758	1.35147762342427	-0.77714019130886	0.437076063874746	0.998900740178849
HMPRNC0000_0247	cds	1.01059150741652	1.6343866635708	1.93524326184762	0.844538098022059	0.398368783420977	0.998900740178849
HMPRNC0000_0248	cds	0.992015586639693	0.775533325223964	1.92283435043235	0.403328204038786	0.686706795962732	0.998900740178849
HMPRNC0000_0249	cds	1.60205536784554	-0.481580971283746	1.71198030964073	-0.281300531654368	0.778479902567032	0.998900740178849
HMPRNC0000_0251	cds	0.522055146621284	0.319086959204377	2.81318125495901	0.113425666633424	0.909693091984412	0.998900740178849
HMPRNC0000_0253	cds	0.364717746408648	1.31699726920546	3.15313732361123	0.417678373645053	0.676182286208923	0.998900740178849
HMPRNC0000_0254	cds	0.863253428789658	0.310306730254156	1.94916019380904	0.159200219273797	0.873511131110183	0.998900740178849
HMPRNC0000_0255	cds	0.327703677174468	1.03170555790918	3.3144544785805	0.311274619873805	0.755591859954961	0.998900740178849
HMPRNC0000_0256	cds	0.221843808775526	-2.21903366148579	4.07067951085028	-0.545126103779729	0.58566679046034	0.998900740178849
HMPRNC0000_0257	cds	0.0600422675691515	-0.287764842376576	4.07015500311295	-0.0707011998699035	0.943635565871096	0.998900740178849
HMPRNC0000_0259	cds	0.0830704659041226	-0.0871824083588438	4.06317883659053	-0.0214566997577689	0.982881344090469	0.998900740178849
HMPRNC0000_0260	cds	3.9774834299643	1.71978473149891	1.08994379409242	1.57786552005735	0.11459650769111	0.998900740178849
HMPRNC0000_0261	cds	14.9202557574424	0.316955708424463	0.54097827539596	0.585893598393527	0.557947019493369	0.998900740178849
HMPRNC0000_0262	cds	0.272113687163461	-0.598190794220942	3.52853068428213	-0.169529713000822	0.865380003002097	0.998900740178849
HMPRNC0000_0263	cds	0	NA	NA	NA	NA	NA
HMPRNC0000_0264	cds	0	NA	NA	NA	NA	NA
HMPRNC0000_0265	cds	0	NA	NA	NA	NA	NA
HMPRNC0000_0266	cds	0.0600422675691515	-0.287764842376576	4.07015500311295	-0.0707011998699035	0.943635565871096	0.998900740178849
HMPRNC0000_0267	cds	0	NA	NA	NA	NA	NA
HMPRNC0000_0268	cds	0	NA	NA	NA	NA	NA
HMPRNC0000_0269	cds	0.152029152025158	-2.10450454780732	4.07469586340345	-0.516481381275287	0.605518239535364	0.998900740178849
HMPRNC0000_0270	cds	0.479732829199626	0.0268813220073914	2.69393087779693	0.00997847503398998	0.992038460951934	0.998900740178849
HMPRNC0000_0271	cds	0.751846516363087	0.0473516460935849	2.10516092940374	0.0224931241275681	0.982054596765261	0.998900740178849
HMPRNC0000_0272	cds	0.780182962885536	0.0613981382100906	2.02114429594316	0.0303779093523056	0.975765662506931	0.998900740178849
HMPRNC0000_0273	cds	0.304914274679649	-1.1266313018717	3.37909901043244	-0.333411746265321	0.738823497686307	0.998900740178849
HMPRNC0000_0274	cds	1.32827019617075	-1.80214804776751	1.91765666325813	-0.939765747589892	0.347337731944042	0.998900740178849
HMPRNC0000_0275	cds	1.39168299675616	0.803237863506312	1.63522336547303	0.491209874116466	0.623278015910481	0.998900740178849
HMPRNC0000_0276	cds	2.01237948323743	1.18178356230277	1.40038463668009	0.843899262637184	0.398725700277548	0.998900740178849
HMPRNC0000_0277	cds	6.80161095553309	0.305550662273236	0.750242255917621	0.407269331823381	0.683810184817903	0.998900740178849
HMPRNC0000_0279	cds	1.53746247782797	-0.939138748429657	1.50785449121652	-0.622831151082736	0.533395485312917	0.998900740178849
HMPRNC0000_0280	cds	1.13835811152835	-1.93559602134871	1.98042966207186	-0.977361659653066	0.328390137108794	0.998900740178849
HMPRNC0000_0281	cds	0.0830704659041226	-0.0871824083588438	4.06317883659053	-0.0214566997577689	0.982881344090469	0.998900740178849
HMPRNC0000_0282	cds	1.12052527442458	-0.330675513916609	1.89952587219642	-0.174083185049883	0.861800087810489	0.998900740178849
HMPRNC0000_0284	cds	30.111491428596	-0.287540188269921	0.53177956004285	-0.540713126030553	0.588705329768305	0.998900740178849
HMPRNC0000_0285	cds	1.51432139253672	0.376036142268786	1.54151401635272	0.243939489540615	0.807277684596398	0.998900740178849
HMPRNC0000_0286	cds	0	NA	NA	NA	NA	NA
HMPRNC0000_0287	cds	0.727245178407061	-0.26577716106299	2.43217995670831	-0.109275286283787	0.912984147881902	0.998900740178849
HMPRNC0000_0288	cds	0	NA	NA	NA	NA	NA
HMPRNC0000_0289	cds	0.591139741626197	0.584550208372841	2.40247409662143	0.243311763150698	0.80776389248934	0.998900740178849
HMPRNC0000_0290	cds	0.0600422675691515	-0.287764842376576	4.07015500311295	-0.0707011998699035	0.943635565871096	0.998900740178849
HMPRNC0000_0291	cds	0	NA	NA	NA	NA	NA
HMPRNC0000_0292	cds	0.742930097811203	1.17164237071619	2.08871150044939	0.560940259324523	0.574838263645225	0.998900740178849
HMPRNC0000_0293	cds	0	NA	NA	NA	NA	NA
HMPRNC0000_0294	cds	0	NA	NA	NA	NA	NA
HMPRNC0000_0295	cds	0.609589753519145	0.337633152110404	2.30321607058484	0.146592044238677	0.883454033619113	0.998900740178849
HMPRNC0000_0296	cds	0.683126626082204	-0.346675774981348	2.16225690756373	-0.160330520285841	0.872620718139274	0.998900740178849
HMPRNC0000_0297	cds	0.456943426704807	-1.82879079707035	2.67804541716518	-0.682882667093152	0.494680987302635	0.998900740178849
HMPRNC0000_0298	cds	0	NA	NA	NA	NA	NA
HMPRNC0000_0299	cds	0.373872960800685	-2.88258360744455	3.12100858894442	-0.923606432117989	0.355691263742552	0.998900740178849
HMPRNC0000_0301	cds	0.471055206487894	0.0506473866074068	2.92458563757222	0.0173177991291274	0.98618308608085	0.998900740178849
HMPRNC0000_0303	cds	0	NA	NA	NA	NA	NA
HMPRNC0000_0304	cds	0	NA	NA	NA	NA	NA
HMPRNC0000_0305	cds	0	NA	NA	NA	NA	NA
HMPRNC0000_0306	cds	0	NA	NA	NA	NA	NA
HMPRNC0000_0307	cds	9.05324659964118	0.329844328146132	0.697233574426275	0.473075795894579	0.636159104266223	0.998900740178849
HMPRNC0000_0308	cds	0.526519287615023	-0.244266336402971	2.61058288836211	-0.0935677382594905	0.925452538286904	0.998900740178849
HMPRNC0000_0309	cds	0.304058304050316	-2.68933617914148	3.78428881512101	-0.710658279673477	0.477296018823417	0.998900740178849
HMPRNC0000_0310	cds	0	NA	NA	NA	NA	NA
HMPRNC0000_0311	cds	0	NA	NA	NA	NA	NA
HMPRNC0000_0312	cds	0.576789166002957	0.648024312442889	2.49407402388701	0.259825613127932	0.79499829287809	0.998900740178849
HMPRNC0000_0314	cds	0	NA	NA	NA	NA	NA
HMPRNC0000_0315	cds	0	NA	NA	NA	NA	NA
HMPRNC0000_0316	cds	0	NA	NA	NA	NA	NA
HMPRNC0000_0317	cds	0	NA	NA	NA	NA	NA
HMPRNC0000_0318	cds	0	NA	NA	NA	NA	NA
HMPRNC0000_0319	cds	0.304914274679649	-1.1266313018717	3.37909901043244	-0.333411746265321	0.738823497686307	0.998900740178849
HMPRNC0000_0320	cds	0	NA	NA	NA	NA	NA
HMPRNC0000_0321	cds	0	NA	NA	NA	NA	NA
HMPRNC0000_0322	cds	0	NA	NA	NA	NA	NA
HMPRNC0000_0323	cds	0.750273376742032	-0.103269892885248	2.42019430783747	-0.0426700833692662	0.965964527853079	0.998900740178849
HMPRNC0000_0324	cds	0	NA	NA	NA	NA	NA
HMPRNC0000_0325	cds	0	NA	NA	NA	NA	NA
HMPRNC0000_0326	cds	0	NA	NA	NA	NA	NA
HMPRNC0000_0327	cds	0	NA	NA	NA	NA	NA
HMPRNC0000_0328	cds	0	NA	NA	NA	NA	NA
HMPRNC0000_0329	cds	0	NA	NA	NA	NA	NA
HMPRNC0000_0330	cds	0	NA	NA	NA	NA	NA
HMPRNC0000_0331	cds	0.0830704659041226	-0.0871824083588438	4.06317883659053	-0.0214566997577689	0.982881344090469	0.998900740178849
HMPRNC0000_0332	cds	0.0830704659041226	-0.0871824083588438	4.06317883659053	-0.0214566997577689	0.982881344090469	0.998900740178849
HMPRNC0000_0333	cds	0.396662363295503	-1.02854224685167	3.19083846572596	-0.322342311558432	0.747193382292063	0.998900740178849
HMPRNC0000_0334	cds	2.39085616814073	2.98837740644377	1.6615733621	1.79852269818943	0.0720942149839473	0.998900740178849
HMPRNC0000_0335	cds	1.05072351042794	-0.207524830375407	1.8919530296915	-0.109688151406827	0.912656697519638	0.998900740178849
HMPRNC0000_0336	cds	0.286225466946548	1.23610492887501	3.36414935735462	0.367434616472265	0.713294854401914	0.998900740178849
HMPRNC0000_0337	cds	0.309253665281519	1.31742048186384	3.30525907759484	0.398583121908404	0.690200400000409	0.998900740178849
HMPRNC0000_0338	cds	0.808280613567832	1.26345479076965	2.18128251703637	0.579225653211701	0.562436923438565	0.998900740178849
HMPRNC0000_0339	cds	0.0600422675691515	-0.287764842376576	4.07015500311295	-0.0707011998699035	0.943635565871096	0.998900740178849
HMPRNC0000_0340	cds	0	NA	NA	NA	NA	NA
HMPRNC0000_0341	cds	0	NA	NA	NA	NA	NA
HMPRNC0000_0343	cds	0.771266544333651	1.16454378186722	2.19008470847892	0.531734584218907	0.594909835321091	0.998900740178849
HMPRNC0000_0345	cds	0	NA	NA	NA	NA	NA
HMPRNC0000_0347	cds	0.281886076344678	-1.31483424838019	3.4811021787336	-0.377706307046269	0.705648781956344	0.998900740178849
HMPRNC0000_0348	cds	1.67900207168019	-0.837530599021803	1.51500032165866	-0.552825360528541	0.580383000992063	0.998900740178849
HMPRNC0000_0349	cds	0.152029152025158	-2.10450454780732	4.07469586340345	-0.516481381275287	0.605518239535364	0.998900740178849
HMPRNC0000_0350	cds	0.221843808775526	-2.21903366148579	4.07067951085028	-0.545126103779729	0.58566679046034	0.998900740178849
HMPRNC0000_0351	cds	3.40067827275233	-0.76376711550226	1.11100514435159	-0.687455966685029	0.491795439838169	0.998900740178849
HMPRNC0000_0352	cds	0.21207141959431	-1.20998026795234	3.86222589384395	-0.313285732427236	0.754063588820276	0.998900740178849
HMPRNC0000_0353	cds	0.21207141959431	-1.20998026795234	3.86222589384395	-0.313285732427236	0.754063588820276	0.998900740178849
HMPRNC0000_0354	cds	0.295141885498432	-0.444006782590369	3.06681321097508	-0.144777902025927	0.884886230009678	0.998900740178849
HMPRNC0000_0355	cds	0.120084535138303	0.318360587378331	4.03879997395116	0.0788255396235627	0.937171389566932	0.998900740178849
HMPRNC0000_0356	cds	0.341928343913829	-0.6945620436913	3.2340876845324	-0.214762898054115	0.829952180971082	0.998900740178849
HMPRNC0000_0357	cds	0.143112733473274	0.477233240766022	4.03080623412424	0.118396472826164	0.905753520400384	0.998900740178849
HMPRNC0000_0358	cds	0.422569699567564	-2.21054879241464	3.39962777145516	-0.650232596337582	0.515541988594059	0.998900740178849
HMPRNC0000_0360	cds	1.44727298676717	1.8730160073762	1.8020364841657	1.03938850507978	0.298624087876542	0.998900740178849
HMPRNC0000_0363	cds	0.387984740583772	-0.407322651532318	3.11395333491096	-0.130805637632963	0.895929063132717	0.998900740178849
HMPRNC0000_0364	cds	0	NA	NA	NA	NA	NA
HMPRNC0000_0365	cds	0	NA	NA	NA	NA	NA
HMPRNC0000_0366	cds	0.0830704659041226	-0.0871824083588438	4.06317883659053	-0.0214566997577689	0.982881344090469	0.998900740178849
HMPRNC0000_0367	cds	0	NA	NA	NA	NA	NA
HMPRNC0000_0368	cds	0.152029152025158	-2.10450454780732	4.07469586340345	-0.516481381275287	0.605518239535364	0.998900740178849
HMPRNC0000_0369	cds	0.373872960800685	-2.88258360744455	3.12100858894442	-0.923606432117989	0.355691263742552	0.998900740178849
HMPRNC0000_0370	cds	2.70283752481487	0.148214139291422	1.1349232906435	0.130593970987577	0.896096512335078	0.998900740178849
HMPRNC0000_0371	cds	0.387745944743619	1.41047631014659	2.79879897221566	0.50395770619781	0.614291097923545	0.998900740178849
HMPRNC0000_0372	cds	0.0600422675691515	-0.287764842376576	4.07015500311295	-0.0707011998699035	0.943635565871096	0.998900740178849
HMPRNC0000_0373	cds	1.35490772336214	-0.257524424612354	1.68384096946951	-0.152938685589463	0.87844662807123	0.998900740178849
HMPRNC0000_0374	cds	0.516746898433806	0.335614386113191	2.59055741985115	0.129552961668179	0.896920120649705	0.998900740178849
HMPRNC0000_0375	cds	0.152029152025158	-2.10450454780732	4.07469586340345	-0.516481381275287	0.605518239535364	0.998900740178849
HMPRNC0000_0376	cds	0.318170083833403	-0.30644228861375	3.33779510575269	-0.0918097962590923	0.926849160648587	0.998900740178849
HMPRNC0000_0377	cds	0.244633211270345	-0.0674090275086976	4.06184416357083	-0.0165956705363697	0.986759178495284	0.998900740178849
HMPRNC0000_0380	cds	0.0830704659041226	-0.0871824083588438	4.06317883659053	-0.0214566997577689	0.982881344090469	0.998900740178849
HMPRNC0000_0382	cds	0.286225466946548	1.23610492887501	3.36414935735462	0.367434616472265	0.713294854401914	0.998900740178849
HMPRNC0000_0384	cds	0	NA	NA	NA	NA	NA
HMPRNC0000_0385	cds	0	NA	NA	NA	NA	NA
HMPRNC0000_0386	cds	0	NA	NA	NA	NA	NA
HMPRNC0000_0387	cds	0.539775096768777	0.423032032611561	2.37901859446053	0.177817875655356	0.858866008331759	0.998900740178849
HMPRNC0000_0388	cds	0	NA	NA	NA	NA	NA
HMPRNC0000_0389	cds	0.0600422675691515	-0.287764842376576	4.07015500311295	-0.0707011998699035	0.943635565871096	0.998900740178849
HMPRNC0000_0391	cds	0.448027008152923	-0.031807678113493	2.66524306810233	-0.0119342503857032	0.990478071901911	0.998900740178849
HMPRNC0000_0392	cds	0.748363096390549	-1.1132769795473	2.35126009065181	-0.473481000240464	0.63587005304207	0.998900740178849
HMPRNC0000_0393	cds	0.221843808775526	-2.21903366148579	4.07067951085028	-0.545126103779729	0.58566679046034	0.998900740178849
HMPRNC0000_0394	cds	5.78640002345595	-0.41154522486288	0.813449295275251	-0.505926094291622	0.612908533092895	0.998900740178849
HMPRNC0000_0397	cds	0.327703677174468	1.03170555790918	3.3144544785805	0.311274619873805	0.755591859954961	0.998900740178849
HMPRNC0000_0398	cds	0.0830704659041226	-0.0871824083588438	4.06317883659053	-0.0214566997577689	0.982881344090469	0.998900740178849
HMPRNC0000_0399	cds	0.0830704659041226	-0.0871824083588438	4.06317883659053	-0.0214566997577689	0.982881344090469	0.998900740178849
HMPRNC0000_0401	cds	0	NA	NA	NA	NA	NA
HMPRNC0000_0402	cds	0.152029152025158	-2.10450454780732	4.07469586340345	-0.516481381275287	0.605518239535364	0.998900740178849
HMPRNC0000_0403	cds	0.143112733473274	0.477233240766022	4.03080623412424	0.118396472826164	0.905753520400384	0.998900740178849
HMPRNC0000_0404	cds	0.433915228369836	-1.98407382520791	2.72718902244285	-0.727516064665991	0.466909877878246	0.998900740178849
HMPRNC0000_0406	cds	0.304675478839496	0.848858857215286	3.38937150278016	0.250447275112511	0.802241473932794	0.998900740178849
HMPRNC0000_0407	cds	5.86779784635673	-1.07232082826878	0.816944744212624	-1.31259896812518	0.18931811750782	0.998900740178849
HMPRNC0000_0408	cds	0.82381024930509	-0.787340313932926	2.26483091460799	-0.34763756925722	0.72811238784972	0.998900740178849
HMPRNC0000_0410	cds	23.5677501020493	-0.691583965383574	0.481247080302273	-1.43706630895129	0.150699153186214	0.998900740178849
HMPRNC0000_0411	cds	7.59826381842975	-0.0326973278398619	0.726186870089373	-0.0450260520901979	0.964086543443092	0.998900740178849
HMPRNC0000_0412	cds	5.35345146486157	-0.99093474068732	0.819245110188977	-1.20957052823756	0.226443732747161	0.998900740178849
HMPRNC0000_0413	cds	0.327703677174468	1.03170555790918	3.3144544785805	0.311274619873805	0.755591859954961	0.998900740178849
HMPRNC0000_0415	cds	0.85360579000031	-1.30253135646425	2.08390394361656	-0.625043856006025	0.531942274833059	0.998900740178849
HMPRNC0000_0416	cds	0	NA	NA	NA	NA	NA
HMPRNC0000_0417	cds	0.742312923022023	-0.734674462933524	2.21440974928118	-0.331769882774408	0.740063027461592	0.998900740178849
HMPRNC0000_0418	cds	0.994906588012377	0.831204726342381	2.25302810530054	0.368927810703677	0.712181533370267	0.998900740178849
HMPRNC0000_0419	cds	2.2773462905996	-1.40010311046532	1.22293899731862	-1.14486749832587	0.25226404935735	0.998900740178849
HMPRNC0000_0420	cds	0.70688488616263	-0.647927515666921	2.29674184706791	-0.282107245311042	0.777861277820923	0.998900740178849
HMPRNC0000_0421	cds	0.482611967136716	-1.3005657276022	2.95441480963582	-0.440210942404027	0.659784335206819	0.998900740178849
HMPRNC0000_0422	cds	0.701451887583283	1.22807801521565	2.25556529004147	0.544465735768205	0.586121020883968	0.998900740178849
HMPRNC0000_0423	cds	0	NA	NA	NA	NA	NA
HMPRNC0000_0424	cds	23.259263719519	-0.0346762848164684	0.454976346315709	-0.0762155771333362	0.939247589975196	0.998900740178849
HMPRNC0000_0425	cds	6.79569726681815	-0.30306277381007	0.744971342921156	-0.406811317898096	0.684146573510725	0.998900740178849
HMPRNC0000_0426	cds	1.58108976424752	-1.78186218329463	1.59260228562392	-1.11883688688578	0.26320973198793	0.998900740178849
HMPRNC0000_0427	cds	0.997574494102917	0.129029573041322	1.94786810460591	0.0662414322285066	0.947185611044408	0.998900740178849
HMPRNC0000_0429	cds	3.22379609417726	-0.418470961109098	1.05859696451536	-0.395307161399882	0.692616214891087	0.998900740178849
HMPRNC0000_0430	cds	1.03373259270776	-0.335982141717833	1.76494292932782	-0.190364309312705	0.849023663288534	0.998900740178849
HMPRNC0000_0431	cds	6.54372387507226	1.00702546795714	0.855916255308397	1.17654672605125	0.239376471962259	0.998900740178849
HMPRNC0000_0432	cds	5.02615373062973	-0.62838723287883	0.895295230701557	-0.701877114196647	0.482755802385441	0.998900740178849
HMPRNC0000_0433	cds	4.69023729114724	-0.10413777391392	0.868017893937416	-0.119971920672673	0.904505391328134	0.998900740178849
HMPRNC0000_0434	cds	6.49531891104379	-0.579435215646394	0.811369813868617	-0.714144408310735	0.475137888171556	0.998900740178849
HMPRNC0000_0435	cds	27.5196113973927	0.403909668440297	0.419691535504574	0.962396508556449	0.335850466836459	0.998900740178849
HMPRNC0000_0437	cds	0	NA	NA	NA	NA	NA
HMPRNC0000_0438	cds	0	NA	NA	NA	NA	NA
HMPRNC0000_0439	cds	0	NA	NA	NA	NA	NA
HMPRNC0000_0440	cds	0	NA	NA	NA	NA	NA
HMPRNC0000_0441	cds	0.0830704659041226	-0.0871824083588438	4.06317883659053	-0.0214566997577689	0.982881344090469	0.998900740178849
HMPRNC0000_0442	cds	1.31561866905244	-0.590084659421758	1.59247458333229	-0.37054573152872	0.71097590874141	0.998900740178849
HMPRNC0000_0443	cds	0	NA	NA	NA	NA	NA
HMPRNC0000_0444	cds	0.0830704659041226	-0.0871824083588438	4.06317883659053	-0.0214566997577689	0.982881344090469	0.998900740178849
HMPRNC0000_0445	cds	0.0600422675691515	-0.287764842376576	4.07015500311295	-0.0707011998699035	0.943635565871096	0.998900740178849
HMPRNC0000_0446	cds	0	NA	NA	NA	NA	NA
HMPRNC0000_0448	cds	0.0830704659041226	-0.0871824083588438	4.06317883659053	-0.0214566997577689	0.982881344090469	0.998900740178849
HMPRNC0000_0449	cds	0.0830704659041226	-0.0871824083588438	4.06317883659053	-0.0214566997577689	0.982881344090469	0.998900740178849
HMPRNC0000_0450	cds	0	NA	NA	NA	NA	NA
HMPRNC0000_0453	cds	0.422569699567564	-2.21054879241464	3.39962777145516	-0.650232596337582	0.515541988594059	0.998900740178849
HMPRNC0000_0454	cds	0	NA	NA	NA	NA	NA
HMPRNC0000_0455	cds	0.281886076344678	-1.31483424838019	3.4811021787336	-0.377706307046269	0.705648781956344	0.998900740178849
HMPRNC0000_0456	cds	0.0830704659041226	-0.0871824083588438	4.06317883659053	-0.0214566997577689	0.982881344090469	0.998900740178849
HMPRNC0000_0457	cds	0	NA	NA	NA	NA	NA
HMPRNC0000_0458	cds	1.85816001680204	0.486688895130828	1.3962861759458	0.348559560006501	0.727419992227222	0.998900740178849
HMPRNC0000_0459	cds	0	NA	NA	NA	NA	NA
HMPRNC0000_0460	cds	0	NA	NA	NA	NA	NA
HMPRNC0000_0461	cds	0	NA	NA	NA	NA	NA
HMPRNC0000_0462	cds	0.180126802707454	0.73662894826931	4.01936770776885	0.183269857805125	0.85458628380304	0.998900740178849
HMPRNC0000_0463	cds	0	NA	NA	NA	NA	NA
HMPRNC0000_0466	cds	0.609589753519145	0.337633152110404	2.30321607058484	0.146592044238677	0.883454033619113	0.998900740178849
HMPRNC0000_0467	cds	2.61701267136552	-0.209042691300852	1.18458150439781	-0.17646965660427	0.859924985087525	0.998900740178849
HMPRNC0000_0468	cds	2.21588616707628	-0.109866235254817	1.27008952458245	-0.0865027489231016	0.931066770940134	0.998900740178849
HMPRNC0000_0469	cds	0.521325084875829	0.654889690060953	2.49916427456831	0.262043474582749	0.793287925033408	0.998900740178849
HMPRNC0000_0471	cds	0.997210947870896	2.92916790853035	1.98906811917503	1.47263328002322	0.140849946019383	0.998900740178849
HMPRNC0000_0472	cds	1.69225788083394	-0.53761136109221	1.40667877100864	-0.382184882698359	0.702324234153188	0.998900740178849
HMPRNC0000_0474	cds	0.120084535138303	0.318360587378331	4.03879997395116	0.0788255396235627	0.937171389566932	0.998900740178849
HMPRNC0000_0475	cds	0.143112733473274	0.477233240766022	4.03080623412424	0.118396472826164	0.905753520400384	0.998900740178849
HMPRNC0000_0476	cds	0.263197268611577	1.14782995603102	3.49168931681059	0.328731983829387	0.742358277083363	0.998900740178849
HMPRNC0000_0477	cds	0.470816410647742	1.74016388990278	2.59884759166482	0.669590589107241	0.503118814894759	0.998900740178849
HMPRNC0000_0478	cds	0.396662363295503	-1.02854224685167	3.19083846572596	-0.322342311558432	0.747193382292063	0.998900740178849
HMPRNC0000_0479	cds	0.143112733473274	0.477233240766022	4.03080623412424	0.118396472826164	0.905753520400384	0.998900740178849
HMPRNC0000_0480	cds	2.97355592440334	0.630874653892277	1.31061705883337	0.481356968185537	0.630262814838867	0.998900740178849
HMPRNC0000_0481	cds	2.1050975879309	1.98194067247209	1.43929023995743	1.37702641027477	0.168504082657195	0.998900740178849
HMPRNC0000_0482	cds	0.0600422675691515	-0.287764842376576	4.07015500311295	-0.0707011998699035	0.943635565871096	0.998900740178849
HMPRNC0000_0483	cds	0.516985694273959	-1.22237923215343	2.36781136639116	-0.516248570094705	0.605680811374798	0.998900740178849
HMPRNC0000_0484	cds	0.930638975289639	-0.704794501007397	1.98847595583879	-0.354439538953388	0.723009507497062	0.998900740178849
HMPRNC0000_0485	cds	1.50053489004847	-0.536791341183135	1.71940368933668	-0.312196225070462	0.754891400798892	0.998900740178849
HMPRNC0000_0486	cds	0.0600422675691515	-0.287764842376576	4.07015500311295	-0.0707011998699035	0.943635565871096	0.998900740178849
HMPRNC0000_0487	cds	1.50081608259923	2.37133888130839	1.83551980007432	1.29191680809565	0.196385956258739	0.998900740178849
HMPRNC0000_0488	cds	0.967414248683667	0.994693456082705	2.18716065469379	0.454787559362879	0.649262081196139	0.998900740178849
HMPRNC0000_0490	cds	11.2591479871977	0.093872859724032	0.605321329199347	0.155079385436817	0.876758733601178	0.998900740178849
HMPRNC0000_0491	cds	3.9198019612536	-0.346976274454474	1.06014064545132	-0.327292681346785	0.743446527336777	0.998900740178849
HMPRNC0000_0492	cds	1.44519555931321	-1.98557500757653	1.66130846572212	-1.19518743721893	0.232013805759351	0.998900740178849
HMPRNC0000_0494	cds	0	NA	NA	NA	NA	NA
HMPRNC0000_0495	cds	7.24067798993151	-0.656987118663725	0.706145525332081	-0.930384878322017	0.352171845134258	0.998900740178849
HMPRNC0000_0496	cds	1.5326466540378	1.34793334364985	1.57095527978825	0.858034191674467	0.390873583596891	0.998900740178849
HMPRNC0000_0497	cds	9.81476637882394	-0.180690944794067	0.636615457588441	-0.283830596069001	0.776540206070523	0.998900740178849
HMPRNC0000_0502	cds	0.143112733473274	0.477233240766022	4.03080623412424	0.118396472826164	0.905753520400384	0.998900740178849
HMPRNC0000_0503	cds	0.0600422675691515	-0.287764842376576	4.07015500311295	-0.0707011998699035	0.943635565871096	0.998900740178849
HMPRNC0000_0504	cds	8.28103979103366	0.29935852212668	0.682677569320841	0.438506456898087	0.661019190541541	0.998900740178849
HMPRNC0000_0505	cds	0.914504028198794	-0.153492253502975	2.00852236510143	-0.0764204851138035	0.939084572496344	0.998900740178849
HMPRNC0000_0506	cds	0.717711585065997	-1.36934562008582	2.19396073027431	-0.624143176853771	0.532533560456302	0.998900740178849
HMPRNC0000_0507	cds	0.613929144121016	2.16883283577983	2.33959687258679	0.927011341651286	0.35392064566802	0.998900740178849
HMPRNC0000_0509	cds	0.327703677174468	1.03170555790918	3.3144544785805	0.311274619873805	0.755591859954961	0.998900740178849
HMPRNC0000_0510	cds	0.0600422675691515	-0.287764842376576	4.07015500311295	-0.0707011998699035	0.943635565871096	0.998900740178849
HMPRNC0000_0511	cds	1.11319488824748	0.612877411118065	1.93863010889712	0.316139426652528	0.751896682021924	0.998900740178849
HMPRNC0000_0512	cds	4.68650140110955	-0.681252441332853	0.967750972622245	-0.703954282253948	0.4814612451001	0.998900740178849
HMPRNC0000_0513	cds	5.9459375751814	0.697970101124813	0.95937028964869	0.727529410338944	0.466901705530826	0.998900740178849
HMPRNC0000_0514	cds	0.77139129472552	-0.951124372695502	2.33954738823146	-0.406542042054761	0.684344372632244	0.998900740178849
HMPRNC0000_0515	cds	0.835772952896542	1.16072737416825	2.03124235742009	0.571437165007972	0.567703342378371	0.998900740178849
HMPRNC0000_0516	cds	4.91835833486972	0.0473307150671534	0.89860406956754	0.0526713784970189	0.95799374400987	0.998900740178849
HMPRNC0000_0517	cds	3.83431424853468	-0.579075917433195	0.984604714283909	-0.588130352244301	0.556444801584169	0.998900740178849
HMPRNC0000_0518	cds	4.04305869031534	0.550610691177957	1.02310082333153	0.538178328686123	0.59045393997005	0.998900740178849
HMPRNC0000_0519	cds	5.30704441471334	-0.467350889712044	0.844946440398378	-0.553113034586779	0.58018601171911	0.998900740178849
HMPRNC0000_0520	cds	5.25664797514413	-0.77724313549548	0.897855998874946	-0.865665693016921	0.386673518787813	0.998900740178849
HMPRNC0000_0521	cds	5.49284198252215	-0.823709547524139	0.811248991853087	-1.01535971791175	0.309934387441612	0.998900740178849
HMPRNC0000_0522	cds	5.5440937404233	-0.399225078055971	0.821413692534496	-0.486021942030392	0.626951608963439	0.998900740178849
HMPRNC0000_0523	cds	16.0100725817658	0.118481759017469	0.634801727332788	0.186643724986835	0.851939981521625	0.998900740178849
HMPRNC0000_0524	cds	1.09749707608961	-0.382131314628041	1.90520533663668	-0.200572246612867	0.841033061041665	0.998900740178849
HMPRNC0000_0525	cds	6.45975310186492	-0.750377468026333	0.749865657597258	-1.0006825361635	0.316980313046342	0.998900740178849
HMPRNC0000_0527	cds	2.8297740729787	-0.438253951546701	1.15743041775666	-0.378643886339301	0.704952327955606	0.998900740178849
HMPRNC0000_0528	cds	1.17250709407118	0.981408702735124	1.78646780786364	0.549357060012601	0.582760436160974	0.998900740178849
HMPRNC0000_0530	cds	0.120084535138303	0.318360587378331	4.03879997395116	0.0788255396235627	0.937171389566932	0.998900740178849
HMPRNC0000_0531	cds	0.120084535138303	0.318360587378331	4.03879997395116	0.0788255396235627	0.937171389566932	0.998900740178849
HMPRNC0000_0532	cds	1.39626002470618	-1.20407727022264	1.55780390580835	-0.772932501795107	0.439562328345545	0.998900740178849
HMPRNC0000_0533	cds	0.943894784443393	-0.212845238865291	1.95466443231797	-0.108890935623607	0.91328899621737	0.998900740178849
HMPRNC0000_0534	cds	0.866257317118617	-3.79493675106872	2.39371968645093	-1.5853722441057	0.112881783600732	0.998900740178849
HMPRNC0000_0537	cds	12.3753096533289	0.349773040796149	0.597039836153681	0.585845398607733	0.557979412471974	0.998900740178849
HMPRNC0000_0538	cds	5.07121589353061	0.165773724310869	0.864244601903194	0.191813433310212	0.847888348091635	0.998900740178849
HMPRNC0000_0539	cds	2.98748869364835	-0.562308534596185	1.15594655867062	-0.486448556274834	0.626649170908659	0.998900740178849
HMPRNC0000_0540	cds	0.821422377273302	1.24372541288685	2.25419262682518	0.551738745875735	0.581127359808738	0.998900740178849
HMPRNC0000_0541	cds	0.21207141959431	-1.20998026795234	3.86222589384395	-0.313285732427236	0.754063588820276	0.998900740178849
HMPRNC0000_0542	cds	1.57395771716324	-1.41971069873767	1.69154497007099	-0.839298229640383	0.40130197643919	0.998900740178849
HMPRNC0000_0543	cds	7.15777170184845	-0.907276234443605	0.859028249174201	-1.05616577256427	0.29089248520433	0.998900740178849
HMPRNC0000_0560	cds	0.516985694273959	-1.22237923215343	2.36781136639116	-0.516248570094705	0.605680811374798	0.998900740178849
HMPRNC0000_0561	cds	3.71115223636647	-0.211275709221163	1.01899734886096	-0.207336858586852	0.835746790517549	0.998900740178849
HMPRNC0000_0562	cds	2.8698203760067	-0.34987256638046	1.13596883377676	-0.307994863923543	0.758086240499538	0.998900740178849
HMPRNC0000_0563	cds	2.79528630039317	-0.757303017379422	1.19130185518808	-0.635693643958828	0.524976119987923	0.998900740178849
HMPRNC0000_0564	cds	0.166140931808245	0.619965652411284	4.02427872731825	0.154056340134378	0.877565312758198	0.998900740178849
HMPRNC0000_0565	cds	7.50932424833145	0.379063413605442	0.721427894855252	0.52543492746631	0.599280878445848	0.998900740178849
HMPRNC0000_0566	cds	5.14406575335622	1.13841777957437	0.941150164845669	1.20960269901356	0.226431381991824	0.998900740178849
HMPRNC0000_0567	cds	6.51733803647476	0.602790196202476	0.82499274176166	0.730661211534176	0.464986113421174	0.998900740178849
HMPRNC0000_0568	cds	25.3444264571364	0.980284709307681	0.488248950346524	2.00775589709296	0.0446692375179186	0.998900740178849
HMPRNC0000_0569	cds	3.05514253994536	0.44477556812297	1.10114577109569	0.403920697693275	0.686271035606892	0.998900740178849
HMPRNC0000_0570	cds	2.10266847768051	1.71817996722635	1.44906953361104	1.18571257443023	0.235735827015167	0.998900740178849
HMPRNC0000_0571	cds	3.97698984707498	0.0422558280080803	0.934455117808266	0.0452197512783599	0.963932151108975	0.998900740178849
HMPRNC0000_0572	cds	1.12921578989004	-0.222224031453922	1.925772189408	-0.115394766149487	0.908132227258906	0.998900740178849
HMPRNC0000_0573	cds	1.83694375392827	-0.0780197038079737	1.34609989599002	-0.0579598171282766	0.953780635976802	0.998900740178849
HMPRNC0000_0574	cds	0.0830704659041226	-0.0871824083588438	4.06317883659053	-0.0214566997577689	0.982881344090469	0.998900740178849
HMPRNC0000_0575	cds	0.907610776954668	-0.787580586928079	2.02235797266618	-0.389436784967287	0.696953065028649	0.998900740178849
HMPRNC0000_0576	cds	0.429338200419822	1.77015003700904	2.87828952442397	0.61500068773078	0.538554266245802	0.998900740178849
HMPRNC0000_0577	cds	0.244633211270345	-0.0674090275086976	4.06184416357083	-0.0165956705363697	0.986759178495284	0.998900740178849
HMPRNC0000_0578	cds	0.120084535138303	0.318360587378331	4.03879997395116	0.0788255396235627	0.937171389566932	0.998900740178849
HMPRNC0000_0579	cds	1.29450075106895	-0.308252985158402	1.6635851165726	-0.185294387457301	0.852998139967812	0.998900740178849
HMPRNC0000_0580	cds	8.41496842615215	-0.403553720722371	0.684080357206479	-0.589921515025412	0.555243269124058	0.998900740178849
HMPRNC0000_0581	cds	12.1559584707506	-0.148468359350394	0.629025069352633	-0.236029319949348	0.813409918805139	0.998900740178849
HMPRNC0000_0582	cds	23.5105596280501	-0.129218841100338	0.459747831797054	-0.281064601425632	0.778660851155213	0.998900740178849
HMPRNC0000_0583	cds	10.9121333318865	-0.10811861365947	0.711625973057366	-0.151931798097474	0.879240728164348	0.998900740178849
HMPRNC0000_0584	cds	0.983099168087809	1.7245585631812	1.93360431945061	0.891888038226553	0.372452946767946	0.998900740178849
HMPRNC0000_0585	cds	32.9205203785843	0.443303372716866	0.418819711016751	1.05845871399099	0.289846363676328	0.998900740178849
HMPRNC0000_0586	cds	49.2977708459779	0.308311790970541	0.346210757679093	0.890532093911188	0.373180243346585	0.998900740178849
HMPRNC0000_0587	cds	10.1197341321785	0.0362650424784495	0.778060315555526	0.0466095516676707	0.962824419175837	0.998900740178849
HMPRNC0000_0588	cds	23.6631828867086	-0.532300873537938	0.448181080707521	-1.18769153016817	0.234954961910996	0.998900740178849
HMPRNC0000_0589	cds	7.10024812443965	0.45482854838606	0.752459335782679	0.604455984206729	0.545540524500584	0.998900740178849
HMPRNC0000_0590	cds	84.5009545290299	-0.394268037068228	0.359147749078295	-1.09778785494289	0.272297135976339	0.998900740178849
HMPRNC0000_0591	cds	82.6138966298915	-0.272512479646638	0.30717618355214	-0.887153673489085	0.374996170164888	0.998900740178849
HMPRNC0000_0592	cds	1.07351291292276	1.27386921125287	1.92967058415275	0.660148536084037	0.509158514309304	0.998900740178849
HMPRNC0000_0593	cds	0.143112733473274	0.477233240766022	4.03080623412424	0.118396472826164	0.905753520400384	0.998900740178849
HMPRNC0000_0594	cds	5.68011566503089	0.265628808321404	0.819782493805189	0.324023518834165	0.745920228535165	0.998900740178849
HMPRNC0000_0595	cds	1.25100053202529	3.299892887539	2.03674041668042	1.62018333829568	0.10519289946321	0.998900740178849
HMPRNC0000_0596	cds	0	NA	NA	NA	NA	NA
HMPRNC0000_0597	cds	3.04959355595446	-1.03191484887571	1.08355650383042	-0.952340598047126	0.340924274703811	0.998900740178849
HMPRNC0000_0598	cds	4.0538548559437	-0.745257886675553	1.03110455976399	-0.722776249623155	0.469817361125069	0.998900740178849
HMPRNC0000_0599	cds	0.143112733473274	0.477233240766022	4.03080623412424	0.118396472826164	0.905753520400384	0.998900740178849
HMPRNC0000_0600	cds	0.203155001042426	0.854985990072026	3.8561156513957	0.221722081847459	0.8245302391019	0.998900740178849
HMPRNC0000_0601	cds	0.143112733473274	0.477233240766022	4.03080623412424	0.118396472826164	0.905753520400384	0.998900740178849
HMPRNC0000_0602	cds	0.448027008152923	-0.031807678113493	2.66524306810233	-0.0119342503857032	0.990478071901911	0.998900740178849
HMPRNC0000_0603	cds	0.396662363295503	-1.02854224685167	3.19083846572596	-0.322342311558432	0.747193382292063	0.998900740178849
HMPRNC0000_0605	cds	0.973929120978766	-1.59988960260715	1.88306614843821	-0.8496194379226	0.395536701476346	0.998900740178849
HMPRNC0000_0606	cds	1.00393705201254	0.0103576778269353	1.90024352586395	0.00545071075678377	0.99565098357683	0.998900740178849
HMPRNC0000_0608	cds	2.506912915747	0.297093909744134	1.23947478287154	0.239693387755614	0.810567961347208	0.998900740178849
HMPRNC0000_0609	cds	0.318170083833403	-0.30644228861375	3.33779510575269	-0.0918097962590923	0.926849160648587	0.998900740178849
HMPRNC0000_0611	cds	0.521325084875829	0.654889690060953	2.49916427456831	0.262043474582749	0.793287925033408	0.998900740178849
HMPRNC0000_0612	cds	2.59251248610405	-0.126780436393806	1.22263700024881	-0.103694257877036	0.917411983640473	0.998900740178849
HMPRNC0000_0613	cds	0.62572470060999	-0.1137408567434	2.45371071081422	-0.0463546318814647	0.963027596127823	0.998900740178849
HMPRNC0000_0614	cds	2.17401387734133	-1.14610861583	1.27362281678626	-0.89988071878453	0.36818373204482	0.998900740178849
HMPRNC0000_0615	cds	5.29752384329988	-0.0208793092032589	0.836363112889392	-0.0249644070637297	0.980083353803155	0.998900740178849
HMPRNC0000_0616	cds	0.704455775912242	-2.3430103930137	2.41098698023556	-0.971805493858279	0.331147322225057	0.998900740178849
HMPRNC0000_0617	cds	0.475394597089765	1.90046633904362	2.8495393021836	0.666938103849733	0.504811670652409	0.998900740178849
HMPRNC0000_0619	cds	1.14704978548582	0.414784874501345	1.81714948319679	0.228261284135877	0.81944312085287	0.998900740178849
HMPRNC0000_0620	cds	4.88301459165486	-0.177494444158933	0.849454030108034	-0.208951206148683	0.834486329598382	0.998900740178849
HMPRNC0000_0621	cds	0.694683386731025	-1.51326156591035	2.36829511631605	-0.638966637006066	0.522844636097019	0.998900740178849
HMPRNC0000_0622	cds	4.3629250148494	1.24012727816168	1.00724297341934	1.23120965932555	0.218244459647087	0.998900740178849
HMPRNC0000_0623	cds	0	NA	NA	NA	NA	NA
HMPRNC0000_0625	cds	1.99631618488426	-1.01287097638994	1.28016377518277	-0.791204216230333	0.428824831531687	0.998900740178849
HMPRNC0000_0626	cds	0.152029152025158	-2.10450454780732	4.07469586340345	-0.516481381275287	0.605518239535364	0.998900740178849
HMPRNC0000_0627	cds	0.646603822753326	0.563576105115039	2.40981691624741	0.233866772747468	0.815088409440172	0.998900740178849
HMPRNC0000_0628	cds	7.74134704794615	-0.728048060417564	0.723997256659859	-1.00559505401497	0.314610404079847	0.998900740178849
HMPRNC0000_0629	cds	2.41397171577138	-0.253118824910572	1.19847698469473	-0.21120040530027	0.832730894502586	0.998900740178849
HMPRNC0000_0630	cds	0.0830704659041226	-0.0871824083588438	4.06317883659053	-0.0214566997577689	0.982881344090469	0.998900740178849
HMPRNC0000_0631	cds	0.120084535138303	0.318360587378331	4.03879997395116	0.0788255396235627	0.937171389566932	0.998900740178849
HMPRNC0000_0632	cds	0.120084535138303	0.318360587378331	4.03879997395116	0.0788255396235627	0.937171389566932	0.998900740178849
HMPRNC0000_0633	cds	1.5802349521102	-0.177748023428716	1.62300307172951	-0.109517983375906	0.912791658890542	0.998900740178849
HMPRNC0000_0634	cds	0	NA	NA	NA	NA	NA
HMPRNC0000_0635	cds	0.726628003617881	-3.56597122732858	2.50335816446303	-1.42447504234516	0.154309004731294	0.998900740178849
HMPRNC0000_0636	cds	1.25967699624501	1.15012229578859	1.7546505143731	0.655470868054603	0.512164636770835	0.998900740178849
HMPRNC0000_0637	cds	6.54887374113757	-0.716581697870005	0.746094831975279	-0.960443186522097	0.336832211623057	0.998900740178849
HMPRNC0000_0638	cds	2.85993509986921	0.462259126497219	1.25644202012608	0.367911227969623	0.712939427844488	0.998900740178849
HMPRNC0000_0639	cds	2.03564647741255	0.578443097691476	1.32534838659658	0.436446072248885	0.662513117882418	0.998900740178849
HMPRNC0000_0640	cds	3.39691560019231	-0.606967903259684	1.00580365838476	-0.603465595098778	0.546198996637888	0.998900740178849
HMPRNC0000_0641	cds	1.94121861927056	0.29044133956717	1.3966908891692	0.207949619933395	0.835268304822698	0.998900740178849
HMPRNC0000_0643	cds	0.545083344956255	0.425413505232743	2.49507130285763	0.170501542278777	0.864615721559732	0.998900740178849
HMPRNC0000_0644	cds	0.918604622960512	2.70620284545096	2.05298909047514	1.31817692456644	0.18744442825557	0.998900740178849
HMPRNC0000_0645	cds	0.244633211270345	-0.0674090275086976	4.06184416357083	-0.0165956705363697	0.986759178495284	0.998900740178849
HMPRNC0000_0646	cds	0.281886076344678	-1.31483424838019	3.4811021787336	-0.377706307046269	0.705648781956344	0.998900740178849
HMPRNC0000_0647	cds	0	NA	NA	NA	NA	NA
HMPRNC0000_0648	cds	0	NA	NA	NA	NA	NA
HMPRNC0000_0649	cds	0	NA	NA	NA	NA	NA
HMPRNC0000_0650	cds	0	NA	NA	NA	NA	NA
HMPRNC0000_0651	cds	0	NA	NA	NA	NA	NA
HMPRNC0000_0652	cds	0	NA	NA	NA	NA	NA
HMPRNC0000_0653	cds	0.221843808775526	-2.21903366148579	4.07067951085028	-0.545126103779729	0.58566679046034	0.998900740178849
HMPRNC0000_0654	cds	0.244633211270345	-0.0674090275086976	4.06184416357083	-0.0165956705363697	0.986759178495284	0.998900740178849
HMPRNC0000_0655	cds	0.0600422675691515	-0.287764842376576	4.07015500311295	-0.0707011998699035	0.943635565871096	0.998900740178849
HMPRNC0000_0656	cds	0.120084535138303	0.318360587378331	4.03879997395116	0.0788255396235627	0.937171389566932	0.998900740178849
HMPRNC0000_0657	cds	0	NA	NA	NA	NA	NA
HMPRNC0000_0658	cds	0.387745944743619	1.41047631014659	2.79879897221566	0.50395770619781	0.614291097923545	0.998900740178849
HMPRNC0000_0659	cds	4.59763323190205	-0.32532579551918	0.890899134145908	-0.365165688292048	0.714987729142067	0.998900740178849
HMPRNC0000_0661	cds	0.309253665281519	1.31742048186384	3.30525907759484	0.398583121908404	0.690200400000409	0.998900740178849
HMPRNC0000_0662	cds	1.20709205305497	0.560294677195283	1.78692054865386	0.313553211762755	0.753860400126177	0.998900740178849
HMPRNC0000_0663	cds	0.392324131185642	1.62671436711725	3.03723317954627	0.535590872005508	0.592241338680366	0.998900740178849
HMPRNC0000_0664	cds	9.273823708356	0.0516942129874095	0.659316900140785	0.0784057150307707	0.937505327591129	0.998900740178849
HMPRNC0000_0665	cds	0	NA	NA	NA	NA	NA
HMPRNC0000_0666	cds	2.40754035564955	-1.42985222207007	1.28812794096748	-1.11002345077318	0.266988921296056	0.998900740178849
HMPRNC0000_0667	cds	0.422569699567564	-2.21054879241464	3.39962777145516	-0.650232596337582	0.515541988594059	0.998900740178849
HMPRNC0000_0668	cds	0.143112733473274	0.477233240766022	4.03080623412424	0.118396472826164	0.905753520400384	0.998900740178849
HMPRNC0000_0669	cds	0.401240549737526	0.143483388375521	3.08973550800973	0.0464387284942545	0.962960568920843	0.998900740178849
HMPRNC0000_0671	cds	1.1195693095927	1.36589205933405	1.92280028839512	0.710366057035544	0.477477166183715	0.998900740178849
HMPRNC0000_0672	cds	0.355184153067584	-0.0503250482365566	2.86104832266514	-0.0175897232625829	0.9859661550585	0.998900740178849
HMPRNC0000_0673	cds	11.477074216767	-0.235592863189607	0.608811601071685	-0.386971704834295	0.698777155479527	0.998900740178849
HMPRNC0000_0674	cds	2.51875086894658	1.94620301919427	1.39061525115959	1.39952658909169	0.16165513068288	0.998900740178849
HMPRNC0000_0676	cds	10.4034061001292	-0.647254236872639	0.726536856467905	-0.890875983937411	0.37299570565761	0.998900740178849
HMPRNC0000_0677	cds	11.586278928001	0.816878542689039	0.741441884842849	1.10174318363762	0.270573337294373	0.998900740178849
HMPRNC0000_0678	cds	0.203155001042426	0.854985990072026	3.8561156513957	0.221722081847459	0.8245302391019	0.998900740178849
HMPRNC0000_0679	cds	0.244633211270345	-0.0674090275086976	4.06184416357083	-0.0165956705363697	0.986759178495284	0.998900740178849
HMPRNC0000_0680	cds	0	NA	NA	NA	NA	NA
HMPRNC0000_0681	cds	0.443687617551053	-3.04314751185492	3.30030000138653	-0.922082086651647	0.356485759990919	0.998900740178849
HMPRNC0000_0682	cds	1.25196823111888	-0.0835430806425431	1.87556419772418	-0.0445429064725775	0.964471651478675	0.998900740178849
HMPRNC0000_0684	cds	0.304914274679649	-1.1266313018717	3.37909901043244	-0.333411746265321	0.738823497686307	0.998900740178849
HMPRNC0000_0685	cds	0.0830704659041226	-0.0871824083588438	4.06317883659053	-0.0214566997577689	0.982881344090469	0.998900740178849
HMPRNC0000_0686	cds	0.590283770996864	-0.279972639479668	2.39244432414125	-0.117023680197934	0.906841288322413	0.998900740178849
HMPRNC0000_0687	cds	0.0830704659041226	-0.0871824083588438	4.06317883659053	-0.0214566997577689	0.982881344090469	0.998900740178849
HMPRNC0000_0688	cds	0.482611967136716	-1.3005657276022	2.95441480963582	-0.440210942404027	0.659784335206819	0.998900740178849
HMPRNC0000_0689	cds	8.99076269967072	1.18971863236709	0.706264506535066	1.68452275508485	0.0920806856007343	0.998900740178849
HMPRNC0000_0690	cds	2.50195750884795	0.00747993131659858	1.28968759463287	0.00579980093452619	0.995372454321951	0.998900740178849
HMPRNC0000_0691	cds	3.50147049959335	0.0944363060830538	1.00825453067664	0.093663160650196	0.925376735127307	0.998900740178849
HMPRNC0000_0692	cds	5.32921561310084	-0.497344958428944	0.875969187061171	-0.567765357246765	0.570194305890505	0.998900740178849
HMPRNC0000_0693	cds	1.47222600751962	-0.630296862017443	1.54246936344218	-0.408628447965326	0.682812350441888	0.998900740178849
HMPRNC0000_0694	cds	3.37641369850599	-0.854519759469471	1.24590560264622	-0.685862362007624	0.492799906514566	0.998900740178849
HMPRNC0000_0695	cds	0.539775096768777	0.423032032611561	2.37901859446053	0.177817875655356	0.858866008331759	0.998900740178849
HMPRNC0000_0696	cds	1.90952466165946	0.485755701112124	1.4396646794473	0.337408917539472	0.735808663173729	0.998900740178849
HMPRNC0000_0698	cds	3.56090861430093	0.49738749473422	1.01065809436392	0.492142196760678	0.622618823874267	0.998900740178849
HMPRNC0000_0699	cds	1.26968818126638	0.0277150780465732	1.62050623251667	0.01710272845019	0.986354662242999	0.998900740178849
HMPRNC0000_0700	cds	0.286225466946548	1.23610492887501	3.36414935735462	0.367434616472265	0.713294854401914	0.998900740178849
HMPRNC0000_0701	cds	0.415226420636735	0.251450326159402	2.7159002211849	0.0925845228768007	0.926233639884592	0.998900740178849
HMPRNC0000_0702	cds	0.870596707720487	-1.02249733155884	2.06382032258562	-0.495439123439691	0.620290183837362	0.998900740178849
HMPRNC0000_0704	cds	5.33928208758655	0.24334160740001	0.844398536343612	0.288183360020637	0.77320638551183	0.998900740178849
HMPRNC0000_0706	cds	5.80173326006366	0.34990193242607	0.805137257193081	0.434586686058871	0.663862460737955	0.998900740178849
HMPRNC0000_0707	cds	1.42301043885384	-1.25163165483357	1.70084528964279	-0.735888009600471	0.461798854866612	0.998900740178849
HMPRNC0000_0708	cds	1.50516617814469	2.17629406019458	1.73000084987463	1.25797282721121	0.208401583504862	0.998900740178849
HMPRNC0000_0710	cds	0.627915015020225	2.2215249615897	2.34972203023736	0.945441602454267	0.344433471311236	0.998900740178849
HMPRNC0000_0712	cds	0.272113687163461	-0.598190794220942	3.52853068428213	-0.169529713000822	0.865380003002097	0.998900740178849
HMPRNC0000_0714	cds	0.44778821231277	1.66656106074528	2.63246316046167	0.633080487421905	0.526681083814621	0.998900740178849
HMPRNC0000_0715	cds	1.05663604065087	1.02668519639963	1.95702394462864	0.524615551699064	0.599850473494218	0.998900740178849
HMPRNC0000_0716	cds	1.04314143565696	1.83328842570787	1.90850200289424	0.960590255041752	0.336758230419118	0.998900740178849
HMPRNC0000_0717	cds	7.32274132931284	-0.0666360673617064	0.764380394040191	-0.0871765784173197	0.930531156181933	0.998900740178849
HMPRNC0000_0718	cds	5.60214506199317	-0.988624215666751	0.842317279308952	-1.17369575568702	0.240516910905234	0.998900740178849
HMPRNC0000_0719	cds	0.821661173113455	-0.111482815738485	1.94156522911066	-0.0574190421557715	0.95421139457882	0.998900740178849
HMPRNC0000_0721	cds	2.21515610533083	0.0149877225300017	1.24963830360697	0.0119936484715145	0.990430682477997	0.998900740178849
HMPRNC0000_0722	cds	5.33230532416915	0.925244881363997	0.900244207886509	1.02777099064728	0.304057565134778	0.998900740178849
HMPRNC0000_0723	cds	0.810315644311183	0.319371856686432	2.18661306547756	0.146057783029245	0.883875773201898	0.998900740178849
HMPRNC0000_0724	cds	0.95366717362461	-0.641209432289857	2.00800913903523	-0.319325953166694	0.749479354277071	0.998900740178849
HMPRNC0000_0725	cds	0.983337963927961	0.621181970676832	1.87629714553386	0.331068014549522	0.740593111226941	0.998900740178849
HMPRNC0000_0726	cds	0.87254822629057	2.63533874412196	2.1304265863176	1.23700049607299	0.216086898459813	0.998900740178849
HMPRNC0000_0727	cds	1.06917352232089	-0.47330005874931	1.96505267799429	-0.240858712872981	0.809664622524821	0.998900740178849
HMPRNC0000_0728	cds	1.67080282212003	-0.368474746473958	1.41534022426169	-0.260343583936626	0.794598756218556	0.998900740178849
HMPRNC0000_0729	cds	7.45780316131513	-0.464644341982085	0.761700242977253	-0.610009444352981	0.541855551367328	0.998900740178849
HMPRNC0000_0730	cds	12.6087597028287	0.0649192939313508	0.602378054750553	0.107771678299659	0.914176809452843	0.998900740178849
HMPRNC0000_0731	cds	1.22351889764016	1.84061144203951	1.81699778522264	1.01299597446344	0.311062083732781	0.998900740178849
HMPRNC0000_0733	cds	0.406310002084851	1.69795236697911	2.94068621469176	0.577400049857781	0.56366924053454	0.998900740178849
HMPRNC0000_0734	cds	0.0830704659041226	-0.0871824083588438	4.06317883659053	-0.0214566997577689	0.982881344090469	0.998900740178849
HMPRNC0000_0735	cds	2.13039961284937	0.863751129233395	1.369738235564	0.630595764071476	0.528304869246512	0.998900740178849
HMPRNC0000_0737	cds	2.08677116793781	-0.0955913330698845	1.38251800876817	-0.0691429207168569	0.944875856964467	0.998900740178849
HMPRNC0000_0738	cds	1.15804247299965	0.896426069024716	2.05985178281059	0.435189597865908	0.6634248123958	0.998900740178849
HMPRNC0000_0739	cds	2.57418722460297	-0.642534028789722	1.21341546313003	-0.529525169501544	0.596441189020074	0.998900740178849
HMPRNC0000_0740	cds	1.81222952901597	1.13992591005138	1.54178557943497	0.739354372784533	0.459691840656918	0.998900740178849
HMPRNC0000_0741	cds	0.286225466946548	1.23610492887501	3.36414935735462	0.367434616472265	0.713294854401914	0.998900740178849
HMPRNC0000_0742	cds	0.0600422675691515	-0.287764842376576	4.07015500311295	-0.0707011998699035	0.943635565871096	0.998900740178849
HMPRNC0000_0743	cds	0	NA	NA	NA	NA	NA
HMPRNC0000_0744	cds	0.0830704659041226	-0.0871824083588438	4.06317883659053	-0.0214566997577689	0.982881344090469	0.998900740178849
HMPRNC0000_0745	cds	0	NA	NA	NA	NA	NA
HMPRNC0000_0746	cds	1.20709205305497	0.560294677195283	1.78692054865386	0.313553211762755	0.753860400126177	0.998900740178849
HMPRNC0000_0747	cds	0	NA	NA	NA	NA	NA
HMPRNC0000_0748	cds	2.56807932456864	0.934244825322422	1.39576735219674	0.669341365415985	0.503277745418673	0.998900740178849
HMPRNC0000_0749	cds	2.13882463632209	-1.75310217254803	1.47654471807865	-1.18730042584097	0.235109140198977	0.998900740178849
HMPRNC0000_0750	cds	0.923056900518657	1.60622413535944	1.96265791029863	0.81839230715201	0.413133212987812	0.998900740178849
HMPRNC0000_0751	cds	0	NA	NA	NA	NA	NA
HMPRNC0000_0752	cds	3.57636647212664	0.518285573892195	1.06754530788272	0.485492812403548	0.627326809995122	0.998900740178849
HMPRNC0000_0753	cds	1.84140905341402	1.13847694895765	1.47742505651746	0.770581860606335	0.440954816405316	0.998900740178849
HMPRNC0000_0754	cds	24.6288718905114	-0.288244646193349	0.438607834279511	-0.657180797207694	0.511064671378899	0.998900740178849
HMPRNC0000_0755	cds	1.32996924467568	-0.602209299745422	1.66452035348647	-0.361791490554048	0.717507851567765	0.998900740178849
HMPRNC0000_0756	cds	0.143112733473274	0.477233240766022	4.03080623412424	0.118396472826164	0.905753520400384	0.998900740178849
HMPRNC0000_0757	cds	0.424998809817952	-0.132845218645049	2.70072497756426	-0.0491887251566283	0.960768896412642	0.998900740178849
HMPRNC0000_0758	cds	1.05242255893287	0.744720593457279	1.85994676008044	0.400398876699607	0.688862751466737	0.998900740178849
HMPRNC0000_0760	cds	1.74867908528495	0.0852805357608759	1.48244225673284	0.0575270540039962	0.954125355809723	0.998900740178849
HMPRNC0000_0762	cds	0.364717746408648	1.31699726920546	3.15313732361123	0.417678373645053	0.676182286208923	0.998900740178849
HMPRNC0000_0763	cds	0.542654234705867	-0.673479125675339	2.82076274977553	-0.238757806103662	0.811293389904251	0.998900740178849
HMPRNC0000_0764	cds	1.00913125475174	-0.821795167961582	2.01411804821109	-0.408017379463676	0.683260915577267	0.998900740178849
HMPRNC0000_0765	cds	1.95448629185991	0.814589276032225	1.42181878213113	0.572920604418559	0.56669845289835	0.998900740178849
HMPRNC0000_0767	cds	2.41721439994049	-1.99296069365548	1.26651137660184	-1.57358293851475	0.115583900189142	0.998900740178849
HMPRNC0000_0768	cds	0.992379132871714	-2.74238471371406	2.16659820000021	-1.26575601960428	0.205600445350856	0.998900740178849
HMPRNC0000_0769	cds	5.2682836043414	4.37557735793516	1.47253399995698	2.97146100399922	0.00296386511024642	0.998900740178849
HMPRNC0000_0771	cds	3.99180528310193	1.16223481636188	1.14132338018871	1.01832209567959	0.308524911178596	0.998900740178849
HMPRNC0000_0772	cds	20.7600346150781	2.55303806165407	0.598131889158363	4.26835303037675	1.96921504216549e-05	0.0200663012796664
HMPRNC0000_0773	cds	0.760762934914971	-1.27883900616561	2.31554351222055	-0.552284592976287	0.580753384753472	0.998900740178849
HMPRNC0000_0774	cds	2.36114797674119	-0.181184041066055	1.23638374092838	-0.146543532617152	0.883492326767132	0.998900740178849
HMPRNC0000_0775	cds	1.21600847160685	-0.303696078942152	1.73452503429184	-0.175088899230644	0.86100978066696	0.998900740178849
HMPRNC0000_0776	cds	1.15394303672995	0.809782119097198	1.73272077444853	0.467347151969669	0.640251526416647	0.998900740178849
HMPRNC0000_0777	cds	13.4387582594682	-0.560300513016932	0.607776474972712	-0.921885818371119	0.356588137181984	0.998900740178849
HMPRNC0000_0778	cds	11.5194356709669	-0.992481053089101	0.650685328693973	-1.52528574000764	0.127187842971162	0.998900740178849
HMPRNC0000_0779	cds	3.70546857851138	0.380337225786607	1.03234685615876	0.368419997133323	0.71256008891324	0.998900740178849
HMPRNC0000_0780	cds	9.35792129700941	0.056577333770177	0.677010267462465	0.0835693880718194	0.933398806550868	0.998900740178849
HMPRNC0000_0783	cds	0.969352093028752	0.566216030082274	1.89628999009173	0.298591477590874	0.765251768862628	0.998900740178849
HMPRNC0000_0784	cds	0	NA	NA	NA	NA	NA
HMPRNC0000_0785	cds	0.3649565422488	-0.535340677198235	2.86310297098819	-0.186979190976657	0.851676948399978	0.998900740178849
HMPRNC0000_0786	cds	0	NA	NA	NA	NA	NA
HMPRNC0000_0787	cds	0.143112733473274	0.477233240766022	4.03080623412424	0.118396472826164	0.905753520400384	0.998900740178849
HMPRNC0000_0788	cds	0.0600422675691515	-0.287764842376576	4.07015500311295	-0.0707011998699035	0.943635565871096	0.998900740178849
HMPRNC0000_0789	cds	0.0830704659041226	-0.0871824083588438	4.06317883659053	-0.0214566997577689	0.982881344090469	0.998900740178849
HMPRNC0000_0790	cds	0.364100571619468	-1.80626310943161	3.18244402847403	-0.567571053338433	0.570326267167277	0.998900740178849
HMPRNC0000_0791	cds	1.48220962854739	-1.7265658804903	1.62606385819996	-1.06180693444697	0.288323341095643	0.998900740178849
HMPRNC0000_0792	cds	7.03610513293491	-0.332482254310242	0.73896925374027	-0.449927047204459	0.652763044338806	0.998900740178849
HMPRNC0000_0794	cds	1.97584300568355	-0.0502081508019764	1.35767360800458	-0.0369810170176094	0.970500141611587	0.998900740178849
HMPRNC0000_0795	cds	0.934852457007631	-0.237461794676305	2.16711057511559	-0.109575301511156	0.912746199223966	0.998900740178849
HMPRNC0000_0797	cds	0.742930097811203	1.17164237071619	2.08871150044939	0.560940259324523	0.574838263645225	0.998900740178849
HMPRNC0000_0799	cds	1.00154917998076	1.6611962220765	2.12176276428003	0.78293212136758	0.433666973590182	0.998900740178849
HMPRNC0000_0800	cds	0.364717746408648	1.31699726920546	3.15313732361123	0.417678373645053	0.676182286208923	0.998900740178849
HMPRNC0000_0802	cds	0.281886076344678	-1.31483424838019	3.4811021787336	-0.377706307046269	0.705648781956344	0.998900740178849
HMPRNC0000_0803	cds	2.74265908324846	1.71443439218354	1.31220028017643	1.30653408483729	0.191370995686634	0.998900740178849
HMPRNC0000_0804	cds	4.87254035701919	-0.0771467334426091	0.960363587253994	-0.0803307564619333	0.935974197130573	0.998900740178849
HMPRNC0000_0805	cds	0.203155001042426	0.854985990072026	3.8561156513957	0.221722081847459	0.8245302391019	0.998900740178849
HMPRNC0000_0806	cds	0.226183199377397	0.963282297667723	3.71000305628801	0.259644610274667	0.79513792206964	0.998900740178849
HMPRNC0000_0807	cds	3.03815265154332	0.303242085905728	1.19970416428732	0.252764052116021	0.800450548066126	0.998900740178849
HMPRNC0000_0808	cds	10.6769111513755	0.260038051132789	0.650460696550958	0.399775193968875	0.689322102920045	0.998900740178849
HMPRNC0000_0809	cds	5.11026499350814	-0.0436095794908958	0.875138878424077	-0.0498316102347396	0.960256576641846	0.998900740178849
HMPRNC0000_0810	cds	0	NA	NA	NA	NA	NA
HMPRNC0000_0811	cds	0	NA	NA	NA	NA	NA
HMPRNC0000_0812	cds	0.304675478839496	0.848858857215286	3.38937150278016	0.250447275112511	0.802241473932794	0.998900740178849
HMPRNC0000_0813	cds	1.21061477128283	-1.29617886548574	1.94655462478767	-0.665883633050947	0.505485482696941	0.998900740178849
HMPRNC0000_0814	cds	0.263197268611577	1.14782995603102	3.49168931681059	0.328731983829387	0.742358277083363	0.998900740178849
HMPRNC0000_0815	cds	1.44727298676717	1.8730160073762	1.8020364841657	1.03938850507978	0.298624087876542	0.998900740178849
HMPRNC0000_0817	cds	0.0600422675691515	-0.287764842376576	4.07015500311295	-0.0707011998699035	0.943635565871096	0.998900740178849
HMPRNC0000_0818	cds	0.424998809817952	-0.132845218645049	2.70072497756426	-0.0491887251566283	0.960768896412642	0.998900740178849
HMPRNC0000_0819	cds	0.203155001042426	0.854985990072026	3.8561156513957	0.221722081847459	0.8245302391019	0.998900740178849
HMPRNC0000_0821	cds	2.31932994715244	1.84921167576871	1.47574310108493	1.25307153691534	0.210179673488971	0.998900740178849
HMPRNC0000_0823	cds	2.538168709107	1.10594283454377	1.2821303801464	0.86258219262965	0.388367224561408	0.998900740178849
HMPRNC0000_0825	cds	0.493957495938988	-1.3552641463003	2.59174733144226	-0.52291522783053	0.601033247121626	0.998900740178849
HMPRNC0000_0826	cds	0.203155001042426	0.854985990072026	3.8561156513957	0.221722081847459	0.8245302391019	0.998900740178849
HMPRNC0000_0827	cds	1.16792890762915	0.858503079582085	1.69218687780282	0.50733349303405	0.611920841863466	0.998900740178849
HMPRNC0000_0828	cds	0.775491889487238	2.42600379376852	2.19565106237014	1.10491317830335	0.269197211568279	0.998900740178849
HMPRNC0000_0829	cds	0.452366398754793	1.83762107124473	2.84391333045099	0.646159308572642	0.518176189114408	0.998900740178849
HMPRNC0000_0831	cds	1.02928031514962	0.348123130942467	1.98662536508065	0.175233406892665	0.86089623552751	0.998900740178849
HMPRNC0000_0832	cds	0.0600422675691515	-0.287764842376576	4.07015500311295	-0.0707011998699035	0.943635565871096	0.998900740178849
HMPRNC0000_0833	cds	0	NA	NA	NA	NA	NA
HMPRNC0000_0834	cds	52.1685886034921	0.701881623559502	0.471993531313034	1.48705771794572	0.136999567504953	0.998900740178849
HMPRNC0000_0837	cds	10.0878202010874	-0.585575994663152	0.632256514989089	-0.926168383845372	0.354358480244928	0.998900740178849
HMPRNC0000_0838	cds	1.3059721887551	0.345644590933873	1.62553036928043	0.212634963619214	0.831611697995879	0.998900740178849
HMPRNC0000_0839	cds	0	NA	NA	NA	NA	NA
HMPRNC0000_0840	cds	0.203155001042426	0.854985990072026	3.8561156513957	0.221722081847459	0.8245302391019	0.998900740178849
HMPRNC0000_0841	cds	0.422569699567564	-2.21054879241464	3.39962777145516	-0.650232596337582	0.515541988594059	0.998900740178849
HMPRNC0000_0842	cds	2.61627190467648	0.631836202791221	1.31995025101858	0.478681830852069	0.63216499336981	0.998900740178849
HMPRNC0000_0843	cds	4.63623230419288	-0.156567073596899	0.867662091885137	-0.180447060049301	0.85680161204255	0.998900740178849
HMPRNC0000_0847	cds	1.35454301863811	-0.131454841367194	1.63903534785523	-0.0802025664298273	0.936076149023799	0.998900740178849
HMPRNC0000_0848	cds	2.01115918490481	0.689223924066023	1.50229761413215	0.458779883281765	0.646392242183782	0.998900740178849
HMPRNC0000_0849	cds	2.95472869205337	0.454888008150125	1.16026071544348	0.392056718025013	0.695016306604642	0.998900740178849
HMPRNC0000_0850	cds	2.6031556786316	2.45371000833709	1.41688000002471	1.73176980993048	0.0833145554413174	0.998900740178849
HMPRNC0000_0851	cds	3.04379701114309	0.508945534902862	1.08711098086274	0.468163364975816	0.639667768428781	0.998900740178849
HMPRNC0000_0852	cds	0.794294742668623	1.21525459822359	2.17073212630845	0.559836279886938	0.575591114927091	0.998900740178849
HMPRNC0000_0853	cds	4.37244571543674	1.32197996491361	1.03469171520218	1.27765589062951	0.20137078441482	0.998900740178849
HMPRNC0000_0854	cds	4.94694622213918	0.496181092194797	0.907717208977208	0.546625190409115	0.584636259175813	0.998900740178849
HMPRNC0000_0856	cds	7.22611866092287	1.18726999042177	0.846005647736861	1.40338305494511	0.160502643219862	0.998900740178849
HMPRNC0000_0857	cds	1.87525092872475	-0.644716041064905	1.4655420557576	-0.439916438107009	0.659997629786317	0.998900740178849
HMPRNC0000_0858	cds	1.8789143885535	1.76680226163201	1.48190226984885	1.19225288845277	0.233162101163353	0.998900740178849
HMPRNC0000_0859	cds	96.8902202959087	-0.77297397712725	0.411650471756145	-1.87774345023743	0.0604162696176225	0.998900740178849
HMPRNC0000_0860	cds	25.4026121046638	0.328065555234366	0.500578857354756	0.655372376228564	0.512228032307293	0.998900740178849
HMPRNC0000_0861	cds	30.8114545300757	-0.21806618920352	0.410318687164843	-0.531455661233175	0.595103058843253	0.998900740178849
HMPRNC0000_0863	cds	19.248383823337	-0.399971788216072	0.49392497538925	-0.809782473341956	0.418065207548561	0.998900740178849
HMPRNC0000_0864	cds	18.4302466561173	-0.212596242828285	0.500937053942733	-0.424397119668031	0.671276220981266	0.998900740178849
HMPRNC0000_0865	cds	36.6663005001866	0.160307441827296	0.4085482257386	0.392383155103617	0.694775130444943	0.998900740178849
HMPRNC0000_0867	cds	0.387745944743619	1.41047631014659	2.79879897221566	0.50395770619781	0.614291097923545	0.998900740178849
HMPRNC0000_0868	cds	3.0148838465788	-0.15170606222935	1.12159150787701	-0.135259638793544	0.892406595333166	0.998900740178849
HMPRNC0000_0869	cds	0.751846516363087	0.0473516460935849	2.10516092940374	0.0224931241275681	0.982054596765261	0.998900740178849
HMPRNC0000_0870	cds	4.70552813104435	-0.287154276693432	0.878824785742776	-0.32674804051041	0.74385846170642	0.998900740178849
HMPRNC0000_0871	cds	0.743168893651355	-0.095409459336566	2.06398945586159	-0.0462257493930551	0.9631303193597	0.998900740178849
HMPRNC0000_0873	cds	0.152029152025158	-2.10450454780732	4.07469586340345	-0.516481381275287	0.605518239535364	0.998900740178849
HMPRNC0000_0874	cds	0.655759037145362	-2.51696498232628	2.39444827611331	-1.05116698800103	0.293181902060477	0.998900740178849
HMPRNC0000_0875	cds	0.396662363295503	-1.02854224685167	3.19083846572596	-0.322342311558432	0.747193382292063	0.998900740178849
HMPRNC0000_0876	cds	0.221843808775526	-2.21903366148579	4.07067951085028	-0.545126103779729	0.58566679046034	0.998900740178849
HMPRNC0000_0877	cds	20.8489792291688	-0.0822486505204247	0.566862364414978	-0.14509456912933	0.88463620612246	0.998900740178849
HMPRNC0000_0878	cds	0	NA	NA	NA	NA	NA
HMPRNC0000_0879	cds	0.396662363295503	-1.02854224685167	3.19083846572596	-0.322342311558432	0.747193382292063	0.998900740178849
HMPRNC0000_0881	cds	0.539775096768777	0.423032032611561	2.37901859446053	0.177817875655356	0.858866008331759	0.998900740178849
HMPRNC0000_0882	cds	0.226183199377397	0.963282297667723	3.71000305628801	0.259644610274667	0.79513792206964	0.998900740178849
HMPRNC0000_0883	cds	25.4013458250496	-0.472805169649955	0.537678478698023	-0.879345535262715	0.379213953479449	0.998900740178849
HMPRNC0000_0884	cds	0.221843808775526	-2.21903366148579	4.07067951085028	-0.545126103779729	0.58566679046034	0.998900740178849
HMPRNC0000_0886	cds	0	NA	NA	NA	NA	NA
HMPRNC0000_0887	cds	0.0600422675691515	-0.287764842376576	4.07015500311295	-0.0707011998699035	0.943635565871096	0.998900740178849
HMPRNC0000_0888	cds	0.143112733473274	0.477233240766022	4.03080623412424	0.118396472826164	0.905753520400384	0.998900740178849
HMPRNC0000_0889	cds	0.493957495938988	-1.3552641463003	2.59174733144226	-0.52291522783053	0.601033247121626	0.998900740178849
HMPRNC0000_0890	cds	2.81497462816076	1.07982215257893	1.22578061271405	0.880926114656074	0.378357811820251	0.998900740178849
HMPRNC0000_0891	cds	8.78069999168791	0.256061464534825	0.897947164486872	0.285163175141992	0.775519131516076	0.998900740178849
HMPRNC0000_0892	cds	1.71528607916891	-0.496855078736773	1.41775736147592	-0.350451418724806	0.725999943384174	0.998900740178849
HMPRNC0000_0893	cds	0.516985694273959	-1.22237923215343	2.36781136639116	-0.516248570094705	0.605680811374798	0.998900740178849
HMPRNC0000_0894	cds	2.00851768431586	-0.642342023686344	1.32487401666559	-0.484832531702128	0.627795144256213	0.998900740178849
HMPRNC0000_0895	cds	0.0600422675691515	-0.287764842376576	4.07015500311295	-0.0707011998699035	0.943635565871096	0.998900740178849
HMPRNC0000_0896	cds	0	NA	NA	NA	NA	NA
HMPRNC0000_0898	cds	3.16123926422118	-1.21109092912002	1.16615091706337	-1.03853704644835	0.299020097194352	0.998900740178849
HMPRNC0000_0902	cds	2.49258990411736	0.107450207513198	1.19697297663067	0.0897682818334432	0.928471353828261	0.998900740178849
HMPRNC0000_0903	cds	1.45196406016547	0.0142601215388757	1.5679417465676	0.00909480315202571	0.992743497019073	0.998900740178849
HMPRNC0000_0904	cds	5.891192689379	-0.138538503599753	0.813585699803657	-0.170281389696484	0.864788846387376	0.998900740178849
HMPRNC0000_0905	cds	1.03130348245738	-1.6774034501734	1.99262701246517	-0.841805034098283	0.399897093663988	0.998900740178849
HMPRNC0000_0906	cds	0.304914274679649	-1.1266313018717	3.37909901043244	-0.333411746265321	0.738823497686307	0.998900740178849
HMPRNC0000_0908	cds	0.152029152025158	-2.10450454780732	4.07469586340345	-0.516481381275287	0.605518239535364	0.998900740178849
HMPRNC0000_0910	cds	1.48439994295763	-0.0626252033568023	1.53736197571645	-0.0407354964842405	0.967506762968602	0.998900740178849
HMPRNC0000_0911	cds	0.364717746408648	1.31699726920546	3.15313732361123	0.417678373645053	0.676182286208923	0.998900740178849
HMPRNC0000_0912	cds	0.143112733473274	0.477233240766022	4.03080623412424	0.118396472826164	0.905753520400384	0.998900740178849
HMPRNC0000_0914	cds	0.355184153067584	-0.0503250482365566	2.86104832266514	-0.0175897232625829	0.9859661550585	0.998900740178849
HMPRNC0000_0916	cds	0.879274330432219	-1.15458960653362	2.12368515077244	-0.543672684302411	0.586666732737633	0.998900740178849
HMPRNC0000_0918	cds	0.433915228369836	-1.98407382520791	2.72718902244285	-0.727516064665991	0.466909877878246	0.998900740178849
HMPRNC0000_0920	cds	0	NA	NA	NA	NA	NA
HMPRNC0000_0921	cds	0	NA	NA	NA	NA	NA
HMPRNC0000_0922	cds	0.0830704659041226	-0.0871824083588438	4.06317883659053	-0.0214566997577689	0.982881344090469	0.998900740178849
HMPRNC0000_0923	cds	0	NA	NA	NA	NA	NA
HMPRNC0000_0924	cds	17.8080362656676	-0.4386467622056	0.843218094572447	-0.52020558504264	0.602920293057615	0.998900740178849
HMPRNC0000_0925	cds	0.0830704659041226	-0.0871824083588438	4.06317883659053	-0.0214566997577689	0.982881344090469	0.998900740178849
HMPRNC0000_0926	cds	0.526758083455175	-1.97377109781602	2.81784403923151	-0.700454343936762	0.483643608209071	0.998900740178849
HMPRNC0000_0927	cds	0.0600422675691515	-0.287764842376576	4.07015500311295	-0.0707011998699035	0.943635565871096	0.998900740178849
HMPRNC0000_0930	cds	0.0600422675691515	-0.287764842376576	4.07015500311295	-0.0707011998699035	0.943635565871096	0.998900740178849
HMPRNC0000_0931	cds	0.424998809817952	-0.132845218645049	2.70072497756426	-0.0491887251566283	0.960768896412642	0.998900740178849
HMPRNC0000_0932	cds	0	NA	NA	NA	NA	NA
HMPRNC0000_0933	cds	0	NA	NA	NA	NA	NA
HMPRNC0000_0934	cds	17.8458761693849	-0.227216930137829	0.646105020836409	-0.351671822397678	0.725084394805981	0.998900740178849
HMPRNC0000_0935	cds	1.43942542000344	-0.458001241448687	1.58662655690772	-0.288663541811197	0.772838864916953	0.998900740178849
HMPRNC0000_0936	cds	2.05940473749298	0.464531646109145	1.34164712612574	0.346239810053905	0.729162498703725	0.998900740178849
HMPRNC0000_0937	cds	5.70130639024407	-0.182100212110437	0.803061997300654	-0.226757352137859	0.820612427920526	0.998900740178849
HMPRNC0000_0938	cds	5.50004415178778	1.25856473334719	1.05853497573912	1.18896849154031	0.234452066018922	0.998900740178849
HMPRNC0000_0939	cds	2.21334416986962	0.442862637715472	1.25636297483786	0.352495772786226	0.72446648812628	0.998900740178849
HMPRNC0000_0940	cds	11.0602206482929	0.589835281141917	0.626813890122974	0.941005441066722	0.34670207085727	0.998900740178849
HMPRNC0000_0941	cds	0.0600422675691515	-0.287764842376576	4.07015500311295	-0.0707011998699035	0.943635565871096	0.998900740178849
HMPRNC0000_0942	cds	0.775491889487238	2.42600379376852	2.19565106237014	1.10491317830335	0.269197211568279	0.998900740178849
HMPRNC0000_0944	cds	0.263197268611577	1.14782995603102	3.49168931681059	0.328731983829387	0.742358277083363	0.998900740178849
HMPRNC0000_0946	cds	0.708795166514113	0.280065866460113	2.33703257664561	0.119838238139623	0.904611290545821	0.998900740178849
HMPRNC0000_0947	cds	0.719284724687052	-0.810952738711375	2.25892746054967	-0.358999017398303	0.719595824348798	0.998900740178849
HMPRNC0000_0948	cds	0.692421423583115	2.23896498848833	2.31169039109729	0.9685401631252	0.332774670747134	0.998900740178849
HMPRNC0000_0949	cds	8.74007221797702	-0.328893101909601	0.712955743782843	-0.461309281505385	0.644576726870701	0.998900740178849
HMPRNC0000_0950	cds	0.309253665281519	1.31742048186384	3.30525907759484	0.398583121908404	0.690200400000409	0.998900740178849
HMPRNC0000_0951	cds	0.143112733473274	0.477233240766022	4.03080623412424	0.118396472826164	0.905753520400384	0.998900740178849
HMPRNC0000_0953	cds	1.31561866905244	-0.590084659421758	1.59247458333229	-0.37054573152872	0.71097590874141	0.998900740178849
HMPRNC0000_0954	cds	0.673971411690167	2.31929542873788	2.25368901465712	1.02911067749547	0.303427669247573	0.998900740178849
HMPRNC0000_0955	cds	2.67524300347347	0.22009885487931	1.21285454766332	0.181471764527208	0.855997293822983	0.998900740178849
HMPRNC0000_0956	cds	0.634641119161874	-2.15427360091969	2.46835908856456	-0.872755350264887	0.382796441217759	0.998900740178849
HMPRNC0000_0957	cds	2.71310015058325	0.464689503507056	1.21911638478443	0.381169106827502	0.703077771024839	0.998900740178849
HMPRNC0000_0958	cds	6.89452624082737	0.0486635684751683	0.759461174315802	0.0640764401406159	0.948909361330845	0.998900740178849
HMPRNC0000_0959	cds	0.623084358513052	-0.628255252296519	2.43191525644335	-0.258337641754563	0.79614633801427	0.998900740178849
HMPRNC0000_0960	cds	5.10474654279226	0.038025671241906	0.889617521456459	0.0427438425219541	0.965905730208463	0.998900740178849
HMPRNC0000_0961	cds	3.55513834581728	0.0751345633509355	1.1155806347954	0.0673501860891617	0.946302924832179	0.998900740178849
HMPRNC0000_0962	cds	0	NA	NA	NA	NA	NA
HMPRNC0000_0963	cds	3.94440049140535	-0.0731877322421747	1.00433653877697	-0.0728717211974574	0.941908197312845	0.998900740178849
HMPRNC0000_0964	cds	0.272113687163461	-0.598190794220942	3.52853068428213	-0.169529713000822	0.865380003002097	0.998900740178849
HMPRNC0000_0965	cds	1.38000032722346	0.509701997537874	1.56294548876135	0.326116298490883	0.744336366131857	0.998900740178849
HMPRNC0000_0966	cds	6.98396802962143	-1.16652999691322	0.729496232170675	-1.59908981769806	0.109800646828446	0.998900740178849
HMPRNC0000_0968	cds	1.51815649530569	-1.10755531900278	1.54116336030077	-0.71864887755094	0.472357289568885	0.998900740178849
HMPRNC0000_0969	cds	0.645873761007871	0.870332322202332	2.43335065937316	0.357668270641492	0.720591580717336	0.998900740178849
HMPRNC0000_0970	cds	0	NA	NA	NA	NA	NA
HMPRNC0000_0972	cds	0.0600422675691515	-0.287764842376576	4.07015500311295	-0.0707011998699035	0.943635565871096	0.998900740178849
HMPRNC0000_0975	cds	1.48897812939965	0.107479807960914	1.54932501601825	0.0693720212671295	0.944693499046544	0.998900740178849
HMPRNC0000_0976	cds	1.67189758858951	-0.628645081447959	1.53221247078548	-0.410285840530777	0.681596277703688	0.998900740178849
HMPRNC0000_0977	cds	1.19615130870332	0.495252800667795	1.83989536281511	0.26917443821916	0.787795449905672	0.998900740178849
HMPRNC0000_0978	cds	2.64968850848984	0.290965986174619	1.15507877306576	0.251901422621029	0.801117259947015	0.998900740178849
HMPRNC0000_0979	cds	1.77243734536538	-0.0403943232255392	1.45155445137402	-0.0278283210025656	0.977799077812154	0.998900740178849
HMPRNC0000_0980	cds	0.697238405865291	0.922834962126204	2.34020149631925	0.394339959006808	0.693330065397848	0.998900740178849
HMPRNC0000_0981	cds	7.07843944296603	0.16052383234712	0.755498696148177	0.212474003152529	0.831737257242075	0.998900740178849
HMPRNC0000_0983	cds	0.0600422675691515	-0.287764842376576	4.07015500311295	-0.0707011998699035	0.943635565871096	0.998900740178849
HMPRNC0000_0984	cds	0.493957495938988	-1.3552641463003	2.59174733144226	-0.52291522783053	0.601033247121626	0.998900740178849
HMPRNC0000_0985	cds	3.98829594844806	0.00696272580398627	1.01215812597506	0.00687908897365096	0.99451132440463	0.998900740178849
HMPRNC0000_0986	cds	0.5443532832108	0.725691667368966	2.51355970248232	0.288710734283451	0.772802747583211	0.998900740178849
HMPRNC0000_0987	cds	9.15880978405703	0.408413133135111	0.656126011049588	0.62246142700818	0.533638499889196	0.998900740178849
HMPRNC0000_0988	cds	19.1915034258514	0.898077887142853	0.523613744544773	1.71515338644068	0.086317108502378	0.998900740178849
HMPRNC0000_0989	cds	0.614167939961168	0.652671029721187	2.42255939407493	0.269413840303558	0.787611236761715	0.998900740178849
HMPRNC0000_0990	cds	0.516746898433806	0.335614386113191	2.59055741985115	0.129552961668179	0.896920120649705	0.998900740178849
HMPRNC0000_0991	cds	0.304675478839496	0.848858857215286	3.38937150278016	0.250447275112511	0.802241473932794	0.998900740178849
HMPRNC0000_0992	cds	7.61784867651877	-0.0882581674115866	0.762810731972696	-0.11570126600519	0.907889302865648	0.998900740178849
HMPRNC0000_0994	cds	0.549422735558125	2.12923557501206	2.63048314735986	0.809446575298957	0.418258321121605	0.998900740178849
HMPRNC0000_0995	cds	0.304914274679649	-1.1266313018717	3.37909901043244	-0.333411746265321	0.738823497686307	0.998900740178849
HMPRNC0000_0996	cds	1.65426309057856	-0.00575699691417424	1.53720810009713	-0.00374509925742031	0.997011850109015	0.999305278747757
HMPRNC0000_0997	cds	5.22571229556947	-0.848623614628551	0.940447905083979	-0.902361109042794	0.366865073378048	0.998900740178849
HMPRNC0000_0999	cds	3.71536687657647	0.540550965118833	1.02005734871879	0.529922132121074	0.596165920464072	0.998900740178849
HMPRNC0000_1001	cds	9.81844619150809	0.184220504887286	0.71233679813389	0.258614331549189	0.79593282437171	0.998900740178849
HMPRNC0000_1002	cds	2.40169070276606	4.17801674295318	3.92085931360202	1.0655870075366	0.286610374963796	0.998900740178849
HMPRNC0000_1003	cds	2.11401400648278	1.36242807831244	1.36604052935622	0.997355531577469	0.31859196789415	0.998900740178849
HMPRNC0000_1004	cds	6.24109516123784	0.40448989317993	0.788322727740634	0.513101904773461	0.607880039195102	0.998900740178849
HMPRNC0000_1005	cds	0.655521399797219	2.37507233704745	2.47830452747371	0.958345639415228	0.337888497040715	0.998900740178849
HMPRNC0000_1006	cds	6.84004172222943	-0.470291757298057	0.735022938611205	-0.639832762480384	0.522281330417496	0.998900740178849
HMPRNC0000_1007	cds	0	NA	NA	NA	NA	NA
HMPRNC0000_1008	cds	36.2575330877291	1.2478864521527	0.438282346253429	2.84722043408778	0.00441028120864118	0.998900740178849
HMPRNC0000_1010	cds	0.764498043481394	-1.69845459670631	2.31697398850756	-0.733048625116562	0.463528772740616	0.998900740178849
HMPRNC0000_1011	cds	0	NA	NA	NA	NA	NA
HMPRNC0000_1012	cds	0	NA	NA	NA	NA	NA
HMPRNC0000_1013	cds	0.586800351024327	-1.36809593461225	2.47482062164202	-0.552806099419252	0.58039619145458	0.998900740178849
HMPRNC0000_1014	cds	0.120084535138303	0.318360587378331	4.03879997395116	0.0788255396235627	0.937171389566932	0.998900740178849
HMPRNC0000_1015	cds	1.23242345275645	0.392028335208593	1.74263690937077	0.224962717764394	0.822008277785309	0.998900740178849
HMPRNC0000_1016	cds	10.0934822012085	-0.0242333034125097	0.627273549417524	-0.0386327519070625	0.969183189530411	0.998900740178849
HMPRNC0000_1018	cds	0	NA	NA	NA	NA	NA
HMPRNC0000_1019	cds	3.94672931680219	-1.67012148341886	1.11023351881641	-1.5042974789658	0.132504787924001	0.998900740178849
HMPRNC0000_1020	cds	1.42667389868259	2.15081006349324	1.72759341903055	1.24497467969065	0.213141057718447	0.998900740178849
HMPRNC0000_1021	cds	0.57702796184311	-0.810191523328839	2.26228252995608	-0.358130124155875	0.720245936319642	0.998900740178849
HMPRNC0000_1022	cds	1.48695380359988	-0.603566243921493	1.70246028408188	-0.354525887954555	0.722944806482185	0.998900740178849
HMPRNC0000_1023	cds	1.30365596546099	-2.0933048580985	1.65115990241019	-1.26777839931972	0.204877098140228	0.998900740178849
HMPRNC0000_1024	cds	0	NA	NA	NA	NA	NA
HMPRNC0000_1025	cds	0	NA	NA	NA	NA	NA
HMPRNC0000_1027	cds	0	NA	NA	NA	NA	NA
HMPRNC0000_1028	cds	0.0600422675691515	-0.287764842376576	4.07015500311295	-0.0707011998699035	0.943635565871096	0.998900740178849
HMPRNC0000_1029	cds	0	NA	NA	NA	NA	NA
HMPRNC0000_1030	cds	19.9869646934438	-0.598223986138023	0.472712681459865	-1.26551287833139	0.205687534823723	0.998900740178849
HMPRNC0000_1031	cds	3.51778742650368	3.70407267311765	1.45850402050143	2.53963830133577	0.011096716249974	0.998900740178849
HMPRNC0000_1032	cds	0.0600422675691515	-0.287764842376576	4.07015500311295	-0.0707011998699035	0.943635565871096	0.998900740178849
HMPRNC0000_1033	cds	1.4957454717599	-0.122627432094837	1.53247766958701	-0.0800190662013914	0.936222091958471	0.998900740178849
HMPRNC0000_1034	cds	2.54405289386505	0.808897123403018	1.35492391069915	0.597005571320695	0.550503660938668	0.998900740178849
HMPRNC0000_1036	cds	0.831194766454519	0.985500898387699	2.26439582477362	0.435215825610446	0.663405776513324	0.998900740178849
HMPRNC0000_1037	cds	3.55790162751668	-1.08299330194266	1.04063142416199	-1.04070785947558	0.298011154439541	0.998900740178849
HMPRNC0000_1038	cds	0.143112733473274	0.477233240766022	4.03080623412424	0.118396472826164	0.905753520400384	0.998900740178849
HMPRNC0000_1039	cds	1.26015458792531	-0.517425254961965	1.65658027969578	-0.312345415011814	0.754778029032999	0.998900740178849
HMPRNC0000_1040	cds	2.35572684159744	0.751962110581347	1.32010137089648	0.569624520631087	0.568932393707292	0.998900740178849
HMPRNC0000_1041	cds	0	NA	NA	NA	NA	NA
HMPRNC0000_1042	cds	1.8320855334275	-1.27678796235297	1.46414629041646	-0.872035786799561	0.383188854806999	0.998900740178849
HMPRNC0000_1043	cds	3.55198033231345	0.587907740442934	1.10367291880205	0.532682944763259	0.594253074249226	0.998900740178849
HMPRNC0000_1044	cds	2.21865357654911	1.72287603630703	1.5456501883924	1.11466103342501	0.26499570516885	0.998900740178849
HMPRNC0000_1046	cds	1.33237079093247	0.40305115622414	1.71253330346747	0.235353762410376	0.813934170399868	0.998900740178849
HMPRNC0000_1047	cds	0.44717103752359	-1.05806173281911	2.67354677133117	-0.395752093872027	0.692287920966096	0.998900740178849
HMPRNC0000_1049	cds	0.387984740583772	-0.407322651532318	3.11395333491096	-0.130805637632963	0.895929063132717	0.998900740178849
HMPRNC0000_1050	cds	5.88118072288637	-0.408786799152707	0.893105283012955	-0.457714008558583	0.647157922358128	0.998900740178849
HMPRNC0000_1051	cds	1.64319759583504	0.919307480238901	1.48640561602069	0.618476861450519	0.536261045748295	0.998900740178849
HMPRNC0000_1052	cds	0.877239299688867	0.367785703058137	2.00130927241581	0.183772547365544	0.85419189334661	0.998900740178849
HMPRNC0000_1053	cds	2.07469557739008	0.101102762560468	1.39272993690457	0.07259322850859	0.942129815371769	0.998900740178849
HMPRNC0000_1054	cds	0.800782050970119	-0.853636284385767	2.09974177510118	-0.406543459061595	0.684343331699764	0.998900740178849
HMPRNC0000_1055	cds	1.23205693724302	-1.42166017837612	1.89620632723057	-0.749739180784443	0.453411804974647	0.998900740178849
HMPRNC0000_1056	cds	1.68936687946126	-0.171111362652112	1.48625058117338	-0.115129551382259	0.908342437021561	0.998900740178849
HMPRNC0000_1057	cds	0.0830704659041226	-0.0871824083588438	4.06317883659053	-0.0214566997577689	0.982881344090469	0.998900740178849
HMPRNC0000_1058	cds	4.65326149085025	-0.661125914739388	0.992038471783093	-0.666431729760518	0.50513518709996	0.998900740178849
HMPRNC0000_1059	cds	0.673971411690167	2.31929542873788	2.25368901465712	1.02911067749547	0.303427669247573	0.998900740178849
HMPRNC0000_1062	cds	0	NA	NA	NA	NA	NA
HMPRNC0000_1063	cds	11.508974619736	-0.181906128078404	0.589829469530415	-0.308404610951749	0.75777447382599	0.998900740178849
HMPRNC0000_1064	cds	1.20518177270349	0.0834223372277197	1.72619013455297	0.0483274325103959	0.961455292109608	0.998900740178849
HMPRNC0000_1065	cds	0.966922982778364	-0.155666868000229	1.98573504224989	-0.0783925673305612	0.937515785748557	0.998900740178849
HMPRNC0000_1066	cds	2.8003557527405	-0.278700091031228	1.20715219230842	-0.230874029643497	0.817412667061842	0.998900740178849
HMPRNC0000_1067	cds	0	NA	NA	NA	NA	NA
HMPRNC0000_1068	cds	0.244633211270345	-0.0674090275086976	4.06184416357083	-0.0165956705363697	0.986759178495284	0.998900740178849
HMPRNC0000_1069	cds	0.3649565422488	-0.535340677198235	2.86310297098819	-0.186979190976657	0.851676948399978	0.998900740178849
HMPRNC0000_1070	cds	0.166140931808245	0.619965652411284	4.02427872731825	0.154056340134378	0.877565312758198	0.998900740178849
HMPRNC0000_1071	cds	0	NA	NA	NA	NA	NA
HMPRNC0000_1072	cds	2.80243585882486	-0.160057615572705	1.32534198580138	-0.120767030160841	0.903875565043789	0.998900740178849
HMPRNC0000_1073	cds	0.97199243512569	1.18037307172683	2.09232341824104	0.564144654423997	0.572655690149765	0.998900740178849
HMPRNC0000_1074	cds	1.94868780708527	0.144127780347533	1.53961295549701	0.0936129952875114	0.925416586203246	0.998900740178849
HMPRNC0000_1075	cds	0.489380467988974	1.96102627514522	2.74092746011521	0.715460844433582	0.474324327363924	0.998900740178849
HMPRNC0000_1076	cds	10.1216182823051	0.487093240220402	0.670514513799211	0.726446974966249	0.467564802650346	0.998900740178849
HMPRNC0000_1078	cds	0.166140931808245	0.619965652411284	4.02427872731825	0.154056340134378	0.877565312758198	0.998900740178849
HMPRNC0000_1080	cds	0	NA	NA	NA	NA	NA
HMPRNC0000_1081	cds	0	NA	NA	NA	NA	NA
HMPRNC0000_1082	cds	2.99389067898718	-0.605099395329751	1.08133724434647	-0.559584346598045	0.575762984373142	0.998900740178849
HMPRNC0000_1084	cds	0.360253605414909	1.5151105015818	3.55268500683832	0.426469134940324	0.669766033922532	0.998900740178849
HMPRNC0000_1085	cds	0.120084535138303	0.318360587378331	4.03879997395116	0.0788255396235627	0.937171389566932	0.998900740178849
HMPRNC0000_1086	cds	5.00672018991131	-0.281455456900803	0.856647015226845	-0.328554762811229	0.742492245363501	0.998900740178849
HMPRNC0000_1087	cds	0.272113687163461	-0.598190794220942	3.52853068428213	-0.169529713000822	0.865380003002097	0.998900740178849
HMPRNC0000_1088	cds	1.10342249906626	0.87370634851668	1.82366438802244	0.479093825736278	0.631871881953212	0.998900740178849
HMPRNC0000_1089	cds	1.54590246319156	1.56457370620565	1.62665459372821	0.961835236711024	0.336132374767313	0.998900740178849
HMPRNC0000_1091	cds	0.531097474057046	0.335890793508975	2.5303587666064	0.13274433568148	0.894395578307988	0.998900740178849
HMPRNC0000_1093	cds	7.76068137593329	-0.262323140917244	0.722413561965756	-0.363120454443627	0.716514905545172	0.998900740178849
HMPRNC0000_1094	cds	91.890843920159	0.60256612129165	0.338473394069683	1.78024663636515	0.0750356061456936	0.998900740178849
HMPRNC0000_1095	cds	64.3132936085948	0.372578539089823	0.343554653879788	1.08448112951539	0.278151529399828	0.998900740178849
HMPRNC0000_1097	cds	6.77469042500154	-0.982213856815752	0.760606738283176	-1.29135571298353	0.196580359968082	0.998900740178849
HMPRNC0000_1098	cds	2.54342269714827	-1.25983153096572	1.2257417847411	-1.0278115233151	0.304038494695105	0.998900740178849
HMPRNC0000_1099	cds	0.0600422675691515	-0.287764842376576	4.07015500311295	-0.0707011998699035	0.943635565871096	0.998900740178849
HMPRNC0000_1100	cds	0.3462677345157	1.46559414657943	3.12433877091974	0.469089383078643	0.639005747569983	0.998900740178849
HMPRNC0000_1101	cds	0.452366398754793	1.83762107124473	2.84391333045099	0.646159308572642	0.518176189114408	0.998900740178849
HMPRNC0000_1103	cds	0	NA	NA	NA	NA	NA
HMPRNC0000_1104	cds	0.479732829199626	0.0268813220073914	2.69393087779693	0.00997847503398998	0.992038460951934	0.998900740178849
HMPRNC0000_1105	cds	3.65059216821655	-0.542432633373421	1.05426185928321	-0.514514139534763	0.606892577298652	0.998900740178849
HMPRNC0000_1106	cds	2.08615399314863	-0.968326127838615	1.3417130991062	-0.721708782960888	0.470473541040954	0.998900740178849
HMPRNC0000_1109	cds	0.775605934935522	2.62064120128763	2.33762180878239	1.12107150585349	0.262257426372818	0.998900740178849
HMPRNC0000_1110	cds	1.43785228038238	-0.696485068152979	1.52561424795325	-0.45652763736795	0.648010601551939	0.998900740178849
HMPRNC0000_1111	cds	3.84543503274254	0.415359824958147	0.975566987561172	0.425762485051394	0.670280925642052	0.998900740178849
HMPRNC0000_1112	cds	2.1471662767954	-0.261602555578887	1.36365443967659	-0.191839331114508	0.847868061337735	0.998900740178849
HMPRNC0000_1113	cds	3.32472712265589	0.9351029827104	1.16636543799906	0.801723844213528	0.422712719817541	0.998900740178849
HMPRNC0000_1114	cds	1.12223605719123	-2.01668809337933	1.92402405155199	-1.04816158184332	0.29456416760175	0.998900740178849
HMPRNC0000_1115	cds	0	NA	NA	NA	NA	NA
HMPRNC0000_1116	cds	10.7208490051288	0.786403643472092	0.644211068546848	1.22072358248359	0.222190695737899	0.998900740178849
HMPRNC0000_1118	cds	1.00167508886463	2.84545366655794	1.99727063116388	1.42467105967497	0.154252308511802	0.998900740178849
HMPRNC0000_1119	cds	2.37756295789079	0.173930783423495	1.32048246720074	0.131717601515912	0.895207662825614	0.998900740178849
HMPRNC0000_1120	cds	4.29612878849399	-0.284983302754845	0.916036314200892	-0.311104809205573	0.755720945229277	0.998900740178849
HMPRNC0000_1122	cds	93.1152803335209	-0.151661129734546	0.316231137352471	-0.479589489524255	0.631519321439662	0.998900740178849
HMPRNC0000_1123	cds	0	NA	NA	NA	NA	NA
HMPRNC0000_1124	cds	5.79224193425933	0.576339009911323	0.867048930513842	0.664713362335578	0.506233845545279	0.998900740178849
HMPRNC0000_1125	cds	1.18191477852836	0.905079366533526	1.7482485411448	0.517706347371441	0.604663168955331	0.998900740178849
HMPRNC0000_1126	cds	1.88287424171434	-0.475801912207263	1.35419054335367	-0.351355216991055	0.725321874944068	0.998900740178849
HMPRNC0000_1127	cds	10.0080791527369	0.668920683826532	0.645931381737808	1.0355909354131	0.300393022635246	0.998900740178849
HMPRNC0000_1128	cds	4.24958112591875	-0.489556228959	0.932130284751685	-0.52520150559148	0.599443118405118	0.998900740178849
HMPRNC0000_1129	cds	0	NA	NA	NA	NA	NA
HMPRNC0000_1130	cds	0.542654234705867	-0.673479125675339	2.82076274977553	-0.238757806103662	0.811293389904251	0.998900740178849
HMPRNC0000_1131	cds	1.0358816688994	-0.977372254852783	1.90391455762999	-0.513348800730547	0.607707353088173	0.998900740178849
HMPRNC0000_1132	cds	32.5329504459833	0.593610719728094	0.422746335224877	1.40417709218538	0.160266121560271	0.998900740178849
HMPRNC0000_1133	cds	51.5813483136698	-0.71100688374022	0.41779976311738	-1.70178862341878	0.0887949999082824	0.998900740178849
HMPRNC0000_1134	cds	71.8076229848479	-0.328909934750844	0.321439965533194	-1.0232390804462	0.306194819356343	0.998900740178849
HMPRNC0000_1135	cds	36.1346440349787	-0.048250907213507	0.391657246556632	-0.123196768699466	0.901951284282494	0.998900740178849
HMPRNC0000_1137	cds	0.0600422675691515	-0.287764842376576	4.07015500311295	-0.0707011998699035	0.943635565871096	0.998900740178849
HMPRNC0000_1138	cds	0	NA	NA	NA	NA	NA
HMPRNC0000_1139	cds	0.0830704659041226	-0.0871824083588438	4.06317883659053	-0.0214566997577689	0.982881344090469	0.998900740178849
HMPRNC0000_1140	cds	0.332155954732613	-0.171260097434708	3.27126260625581	-0.0523529040766088	0.958247499721694	0.998900740178849
HMPRNC0000_1142	cds	0.332155954732613	-0.171260097434708	3.27126260625581	-0.0523529040766088	0.958247499721694	0.998900740178849
HMPRNC0000_1143	cds	1.81234241597225	-0.24857837067311	1.36076484284942	-0.182675479881293	0.855052656217125	0.998900740178849
HMPRNC0000_1144	cds	4.43803386854151	0.391015855107955	0.898966575062994	0.434961505749594	0.663590368948399	0.998900740178849
HMPRNC0000_1145	cds	1.10318370322611	1.93386122862679	1.88665437565743	1.025021463167	0.30535306048063	0.998900740178849
HMPRNC0000_1146	cds	1.14478782233791	3.05998528614823	1.90913938969746	1.6028087329093	0.108976888206973	0.998900740178849
HMPRNC0000_1147	cds	0.604395550779952	0.936051887963942	2.38875589176714	0.39185748999722	0.69516351415487	0.998900740178849
HMPRNC0000_1148	cds	7.10603280581542	-0.215214289754821	0.735029585525314	-0.292796771712272	0.769677495974664	0.998900740178849
HMPRNC0000_1149	cds	7.5124845788193	0.789278131328233	0.773869915475464	1.01991060195602	0.307770860943888	0.998900740178849
HMPRNC0000_1150	cds	1.93859014060922	0.449805244146583	1.40467466396009	0.320220230126799	0.748801388555613	0.998900740178849
HMPRNC0000_1151	cds	0.203155001042426	0.854985990072026	3.8561156513957	0.221722081847459	0.8245302391019	0.998900740178849
HMPRNC0000_1152	cds	0.826000563715325	1.37942135543428	2.0180046900557	0.683557061205942	0.494254906663132	0.998900740178849
HMPRNC0000_1153	cds	14.2222238538367	0.79300938697662	0.624490980868577	1.26984922324044	0.204138343131368	0.998900740178849
HMPRNC0000_1154	cds	1.24917557463648	1.76056063490834	1.99592669941092	0.882076799427535	0.377735277522717	0.998900740178849
HMPRNC0000_1155	cds	7.53722331207405	1.11713219530178	0.792362580141349	1.40987500331287	0.15857659480717	0.998900740178849
HMPRNC0000_1157	cds	2.9213376259006	2.57548625556487	1.40224720698497	1.83668488889525	0.0662564273226795	0.998900740178849
HMPRNC0000_1158	cds	4.42138009155176	0.466537994719394	0.951589380577337	0.490272384540842	0.623941165659183	0.998900740178849
HMPRNC0000_1159	cds	2.447138818801	0.55877219909605	1.26737263066574	0.440890220899381	0.659292473583758	0.998900740178849
HMPRNC0000_1160	cds	1.58745232215715	-1.83397890815954	1.62265536800037	-1.1302331624611	0.258377989499132	0.998900740178849
HMPRNC0000_1161	cds	1.10788664006	0.729112885153103	1.71997861236776	0.423908111362729	0.671632828358226	0.998900740178849
HMPRNC0000_1162	cds	4.34205811778805	-1.10784645711412	1.08898713046165	-1.01731822730033	0.309002068334342	0.998900740178849
HMPRNC0000_1163	cds	0.0600422675691515	-0.287764842376576	4.07015500311295	-0.0707011998699035	0.943635565871096	0.998900740178849
HMPRNC0000_1164	cds	0.364100571619468	-1.80626310943161	3.18244402847403	-0.567571053338433	0.570326267167277	0.998900740178849
HMPRNC0000_1165	cds	0.424760013977799	1.60481055135012	2.97937933861488	0.538639216077869	0.590135822606771	0.998900740178849
HMPRNC0000_1166	cds	0.646842618593478	-0.958610421567684	2.36917505790936	-0.4046178092106	0.685758465646438	0.998900740178849
HMPRNC0000_1167	cds	0	NA	NA	NA	NA	NA
HMPRNC0000_1168	cds	3.35446853237878	-0.117242125122915	1.11064493369879	-0.10556220225348	0.91592971536571	0.998900740178849
HMPRNC0000_1169	cds	3.20669331881895	0.0746236039076838	1.06896389168311	0.0698092840069525	0.944345457639074	0.998900740178849
HMPRNC0000_1170	cds	0.0830704659041226	-0.0871824083588438	4.06317883659053	-0.0214566997577689	0.982881344090469	0.998900740178849
HMPRNC0000_1173	cds	0.0600422675691515	-0.287764842376576	4.07015500311295	-0.0707011998699035	0.943635565871096	0.998900740178849
HMPRNC0000_1175	cds	0	NA	NA	NA	NA	NA
HMPRNC0000_1176	cds	0	NA	NA	NA	NA	NA
HMPRNC0000_1177	cds	0.152029152025158	-2.10450454780732	4.07469586340345	-0.516481381275287	0.605518239535364	0.998900740178849
HMPRNC0000_1179	cds	0.0600422675691515	-0.287764842376576	4.07015500311295	-0.0707011998699035	0.943635565871096	0.998900740178849
HMPRNC0000_1182	cds	0	NA	NA	NA	NA	NA
HMPRNC0000_1183	cds	0.0830704659041226	-0.0871824083588438	4.06317883659053	-0.0214566997577689	0.982881344090469	0.998900740178849
HMPRNC0000_1184	cds	0.876395192495129	0.285369691217853	2.25598453579148	0.126494524537038	0.899340483019702	0.998900740178849
HMPRNC0000_1185	cds	0.844450575608274	1.26500503005537	2.07921701515898	0.608404519986407	0.542919214395744	0.998900740178849
HMPRNC0000_1186	cds	3.0405366864527	0.236638187293646	1.29819397928877	0.182282610356344	0.855360944984251	0.998900740178849
HMPRNC0000_1187	cds	0	NA	NA	NA	NA	NA
HMPRNC0000_1189	cds	0	NA	NA	NA	NA	NA
HMPRNC0000_1190	cds	0.180126802707454	0.73662894826931	4.01936770776885	0.183269857805125	0.85458628380304	0.998900740178849
HMPRNC0000_1191	cds	0.590900945786045	2.11494219317024	2.35973163501627	0.896263863986232	0.370111853962603	0.998900740178849
HMPRNC0000_1192	cds	1.70104954899396	-0.0968560312788105	1.43720956346526	-0.0673917247289118	0.946269856923135	0.998900740178849
HMPRNC0000_1193	cds	7.13748631827411	0.429995987578673	0.753179227096944	0.570907922190114	0.56806206051369	0.998900740178849
HMPRNC0000_1194	cds	0.424760013977799	1.60481055135012	2.97937933861488	0.538639216077869	0.590135822606771	0.998900740178849
HMPRNC0000_1195	cds	3.35977678056626	-0.131086619220356	1.04796759717968	-0.125086519443101	0.900455055397779	0.998900740178849
HMPRNC0000_1197	cds	25.7067691894253	-0.129450643834776	0.455553866028725	-0.284161003754084	0.776286998614425	0.998900740178849
HMPRNC0000_1198	cds	10.7991572461352	0.00874479424104343	0.694017656801931	0.0126002474941918	0.989946723082951	0.998900740178849
HMPRNC0000_1199	cds	2.03106944946254	1.90496829060941	1.46006608425459	1.30471374628359	0.191990338923673	0.998900740178849
HMPRNC0000_1200	cds	0.839369259825355	-0.332291393376476	2.14622257878665	-0.154826156737357	0.876958369758217	0.998900740178849
HMPRNC0000_1201	cds	0.727245178407061	-0.26577716106299	2.43217995670831	-0.109275286283787	0.912984147881902	0.998900740178849
HMPRNC0000_1203	cds	13.8374796096119	0.424364598968839	0.570300398736014	0.744107140569041	0.456811659752835	0.998900740178849
HMPRNC0000_1204	cds	1.10642638739522	-1.44394865708241	2.03224081436314	-0.710520449583093	0.477381454324834	0.998900740178849
HMPRNC0000_1205	cds	0.972117185517558	-1.18218347305446	2.08591034346671	-0.566747020914482	0.570886069542499	0.998900740178849
HMPRNC0000_1206	cds	16.2568006890334	-0.26844740570021	0.53828519979634	-0.498708502113335	0.617984754129864	0.998900740178849
HMPRNC0000_1207	cds	6.49403840758421	-1.8803401717266	0.887567210391603	-2.11853271471912	0.034129977321349	0.998900740178849
HMPRNC0000_1208	cds	0.692660219423268	0.704165695595339	2.19169542951703	0.321288116091255	0.747992061405241	0.998900740178849
HMPRNC0000_1209	cds	1.61267083490236	-0.242042712150744	1.47786375004564	-0.163778773343124	0.869905302441334	0.998900740178849
HMPRNC0000_1210	cds	7.31261580819218	-1.16620717607708	0.740040748413451	-1.5758688674607	0.115056027098395	0.998900740178849
HMPRNC0000_1211	cds	0.235099617929281	-1.01553877897961	3.71196657710418	-0.27358510856309	0.784403479174539	0.998900740178849
HMPRNC0000_1212	cds	0.0600422675691515	-0.287764842376576	4.07015500311295	-0.0707011998699035	0.943635565871096	0.998900740178849
HMPRNC0000_1213	cds	0.21207141959431	-1.20998026795234	3.86222589384395	-0.313285732427236	0.754063588820276	0.998900740178849
HMPRNC0000_1215	cds	0.0600422675691515	-0.287764842376576	4.07015500311295	-0.0707011998699035	0.943635565871096	0.998900740178849
HMPRNC0000_1217	cds	0.0600422675691515	-0.287764842376576	4.07015500311295	-0.0707011998699035	0.943635565871096	0.998900740178849
HMPRNC0000_1219	cds	0.803211161220507	0.122865587937603	1.99859766024278	0.061475899017453	0.950980207892414	0.998900740178849
HMPRNC0000_1220	cds	0.888921969221567	0.955786805004595	2.16205982502097	0.442072321007735	0.658436873023007	0.998900740178849
HMPRNC0000_1221	cds	0.143112733473274	0.477233240766022	4.03080623412424	0.118396472826164	0.905753520400384	0.998900740178849
HMPRNC0000_1223	cds	0	NA	NA	NA	NA	NA
HMPRNC0000_1224	cds	0	NA	NA	NA	NA	NA
HMPRNC0000_1225	cds	1.29223878792104	2.02532716940501	1.82285535825365	1.11107398633391	0.266536504078897	0.998900740178849
HMPRNC0000_1226	cds	5.388457199505	0.42848543850324	0.847159881217347	0.50579052195852	0.613003712885275	0.998900740178849
HMPRNC0000_1227	cds	1.97807740483786	-1.52463477390965	1.51483135355654	-1.00647162493046	0.31418875444655	0.998900740178849
HMPRNC0000_1228	cds	32.678433823441	0.475024249597317	0.603210681339591	0.787493100325078	0.430993265846822	0.998900740178849
HMPRNC0000_1229	cds	8.24427790121362	-0.579422105868677	0.683374347864728	-0.847883898011595	0.396502632808728	0.998900740178849
HMPRNC0000_1230	cds	7.81547271111232	-0.0148630992549506	0.779022553638894	-0.0190791642495118	0.984777952925559	0.998900740178849
HMPRNC0000_1231	cds	0.687340107800196	0.118163769062543	2.29866143540263	0.0514054689580003	0.959002426938686	0.998900740178849
HMPRNC0000_1232	cds	2.83714569737439	0.0471987022380201	1.16616905122406	0.0404732934633091	0.967715798319098	0.998900740178849
HMPRNC0000_1233	cds	1.92724461180695	0.574057064496658	1.46596390332766	0.391590177079791	0.695361046987466	0.998900740178849
HMPRNC0000_1234	cds	5.23615871836467	-0.159482715154367	0.988518321670901	-0.161335113025312	0.871829469294906	0.998900740178849
HMPRNC0000_1235	cds	21.578088081918	-1.01070417588599	0.49008585432086	-2.06230024183533	0.039179160026962	0.998900740178849
HMPRNC0000_1237	cds	0.387984740583772	-0.407322651532318	3.11395333491096	-0.130805637632963	0.895929063132717	0.998900740178849
HMPRNC0000_1238	cds	0.226183199377397	0.963282297667723	3.71000305628801	0.259644610274667	0.79513792206964	0.998900740178849
HMPRNC0000_1239	cds	1.05072351042794	-0.207524830375407	1.8919530296915	-0.109688151406827	0.912656697519638	0.998900740178849
HMPRNC0000_1240	cds	1.28379996104947	0.81869457431654	1.7479943442295	0.46836225587298	0.6395255548455	0.998900740178849
HMPRNC0000_1242	cds	0.623084358513052	-0.628255252296519	2.43191525644335	-0.258337641754563	0.79614633801427	0.998900740178849
HMPRNC0000_1243	cds	2.36561211773493	-0.302188578712528	1.18287911932294	-0.255468689721648	0.798361123442154	0.998900740178849
HMPRNC0000_1245	cds	2.3881627243896	0.716900122871967	1.29133203131763	0.555163277519312	0.578782984407094	0.998900740178849
HMPRNC0000_1246	cds	0.58136735244498	0.873562408723403	2.39818220603211	0.364260232823905	0.715663692548953	0.998900740178849
HMPRNC0000_1247	cds	0.0830704659041226	-0.0871824083588438	4.06317883659053	-0.0214566997577689	0.982881344090469	0.998900740178849
HMPRNC0000_1248	cds	0.203155001042426	0.854985990072026	3.8561156513957	0.221722081847459	0.8245302391019	0.998900740178849
HMPRNC0000_1249	cds	0.742312923022023	-0.734674462933524	2.21440974928118	-0.331769882774408	0.740063027461592	0.998900740178849
HMPRNC0000_1251	cds	1.6755922404086	-0.744684265892742	1.56859534712888	-0.474745935754427	0.634968072247161	0.998900740178849
HMPRNC0000_1252	cds	1.08931071928318	0.0901509365195669	1.84516431881437	0.048857944845527	0.961032503961945	0.998900740178849
HMPRNC0000_1253	cds	2.21407423161507	0.300848586659678	1.29644366323906	0.232056814492064	0.816493886376046	0.998900740178849
HMPRNC0000_1254	cds	2.44618182465099	1.53348233550809	1.33842639358877	1.14573527752715	0.251904702417375	0.998900740178849
HMPRNC0000_1255	cds	6.1726129083051	-0.268445356887119	0.797386829293575	-0.336656371820114	0.736375955578606	0.998900740178849
HMPRNC0000_1256	cds	7.12362813474492	0.453343561221322	0.877011430945115	0.516918645784097	0.605212950957924	0.998900740178849
HMPRNC0000_1257	cds	1.29559551753844	-0.693537646414992	1.72898817879855	-0.401123417105676	0.688329260887731	0.998900740178849
HMPRNC0000_1258	cds	2.22696352525539	-0.711383767784414	1.38769666568807	-0.512636360217587	0.608205713909772	0.998900740178849
HMPRNC0000_1259	cds	1.22108978738977	1.43867363988307	1.92847689010288	0.746015494023536	0.455658055468829	0.998900740178849
HMPRNC0000_1260	cds	0.401970611482981	-0.262597358204313	3.05821922321702	-0.0858661001836486	0.93157286008385	0.998900740178849
HMPRNC0000_1261	cds	5.20941329983144	0.141583318965267	0.838602756518061	0.168832403500712	0.865928469868758	0.998900740178849
HMPRNC0000_1263	cds	1.2924775837612	0.941893913273502	1.66266900595824	0.566495141184558	0.571057234992431	0.998900740178849
HMPRNC0000_1264	cds	0.0830704659041226	-0.0871824083588438	4.06317883659053	-0.0214566997577689	0.982881344090469	0.998900740178849
HMPRNC0000_1265	cds	1.4887393335595	0.996824063385098	1.60691631114465	0.620333527310474	0.535038225961816	0.998900740178849
HMPRNC0000_1267	cds	3.64286935184469	-1.7871410372734	1.07561473934854	-1.66150664535873	0.0966117353880798	0.998900740178849
HMPRNC0000_1269	cds	0.424998809817952	-0.132845218645049	2.70072497756426	-0.0491887251566283	0.960768896412642	0.998900740178849
HMPRNC0000_1271	cds	5.32443251039583	1.47972650707452	0.960996336027449	1.5397837136314	0.12361308310415	0.998900740178849
HMPRNC0000_1272	cds	0	NA	NA	NA	NA	NA
HMPRNC0000_1273	cds	1.18576174473292	-0.704351406316134	1.67011111782534	-0.421739247645553	0.673215353800532	0.998900740178849
HMPRNC0000_1274	cds	2.14259995378897	-0.196481619570443	1.39987715953365	-0.140356329290992	0.888378460402987	0.998900740178849
HMPRNC0000_1275	cds	1.61619471162223	0.0105396578175684	1.55265888924949	0.00678813478642628	0.994583893651883	0.998900740178849
HMPRNC0000_1276	cds	0.226183199377397	0.963282297667723	3.71000305628801	0.259644610274667	0.79513792206964	0.998900740178849
HMPRNC0000_1277	cds	2.00995037298704	0.798414789770065	1.42602331673397	0.55988901471729	0.575555142176994	0.998900740178849
HMPRNC0000_1278	cds	0.424998809817952	-0.132845218645049	2.70072497756426	-0.0491887251566283	0.960768896412642	0.998900740178849
HMPRNC0000_1279	cds	0.120084535138303	0.318360587378331	4.03879997395116	0.0788255396235627	0.937171389566932	0.998900740178849
HMPRNC0000_1280	cds	0.650943213355196	2.27113567535248	2.28297114437342	0.994815760571435	0.319825879462062	0.998900740178849
HMPRNC0000_1281	cds	30.9368523267889	1.11610989352877	0.586908192507991	1.90167714095006	0.0572133760950243	0.998900740178849
HMPRNC0000_1282	cds	1.43340000282424	-0.252601829017356	1.57514759811923	-0.160367085166476	0.872591916249208	0.998900740178849
HMPRNC0000_1283	cds	4.26172646804501	-0.117030830120151	1.05218972663294	-0.111225976796651	0.911437152929261	0.998900740178849
HMPRNC0000_1285	cds	1.99526187516211	-0.862015183742045	1.38581680339485	-0.622026794328339	0.533924249527276	0.998900740178849
HMPRNC0000_1287	cds	1.00154917998076	1.6611962220765	2.12176276428003	0.78293212136758	0.433666973590182	0.998900740178849
HMPRNC0000_1288	cds	1.28051488016975	-0.397217253308676	1.69248102832223	-0.234695247191303	0.814445276910417	0.998900740178849
HMPRNC0000_1289	cds	3.24335454676469	0.326477300433539	1.08110525673276	0.30198474977376	0.762663688477742	0.998900740178849
HMPRNC0000_1290	cds	19.5370775510022	0.280845113146253	0.551862117316293	0.508904496855127	0.610819167791975	0.998900740178849
HMPRNC0000_1292	cds	10.1968530448811	0.268701351969371	0.64718711301281	0.415183409197539	0.678007643180751	0.998900740178849
HMPRNC0000_1294	cds	1.59868496400315	-0.300795566749073	1.56045412864608	-0.192761556541272	0.847145712213114	0.998900740178849
HMPRNC0000_1295	cds	1.32008396853819	1.10901546055429	1.68779823875496	0.657078218882594	0.511130623280058	0.998900740178849
HMPRNC0000_1298	cds	0.44778821231277	1.66656106074528	2.63246316046167	0.633080487421905	0.526681083814621	0.998900740178849
HMPRNC0000_1300	cds	0	NA	NA	NA	NA	NA
HMPRNC0000_1301	cds	6.91314145985952	-0.252034152064197	0.75023963199195	-0.335938200698655	0.736917469387496	0.998900740178849
HMPRNC0000_1304	cds	1.02928031514962	0.348123130942467	1.98662536508065	0.175233406892665	0.86089623552751	0.998900740178849
HMPRNC0000_1305	cds	0	NA	NA	NA	NA	NA
HMPRNC0000_1306	cds	0.21207141959431	-1.20998026795234	3.86222589384395	-0.313285732427236	0.754063588820276	0.998900740178849
HMPRNC0000_1307	cds	13.9297995070249	-0.156743726096808	0.552157922828504	-0.283874811202321	0.776506320489617	0.998900740178849
HMPRNC0000_1308	cds	1.48237677564987	1.06082285401857	1.65832075201936	0.639697026481026	0.522369588996606	0.998900740178849
HMPRNC0000_1310	cds	0	NA	NA	NA	NA	NA
HMPRNC0000_1311	cds	0	NA	NA	NA	NA	NA
HMPRNC0000_1312	cds	7.68508203780715	0.479269701852777	0.865895773017379	0.553495832625064	0.579923933428063	0.998900740178849
HMPRNC0000_1313	cds	9.06885908883638	0.682588130641907	0.674296246414606	1.01229709385362	0.311396023978703	0.998900740178849
HMPRNC0000_1314	cds	0	NA	NA	NA	NA	NA
HMPRNC0000_1315	cds	2.2994185241027	-0.764925504931517	1.29593788818557	-0.590248585140512	0.555024003688927	0.998900740178849
HMPRNC0000_1316	cds	2.35731287397223	0.979313898454644	1.33569685618617	0.733185747888105	0.463445146704399	0.998900740178849
HMPRNC0000_1317	cds	2.35150149644385	0.322993762536895	1.29478328002488	0.249457779938808	0.803006695455153	0.998900740178849
HMPRNC0000_1318	cds	3.53257100928647	-0.241041512221213	1.02436959613894	-0.235307171483562	0.813970329340975	0.998900740178849
HMPRNC0000_1319	cds	4.44213562179524	1.69091783194144	1.04089087076141	1.62449098117705	0.104271063662443	0.998900740178849
HMPRNC0000_1320	cds	70.8913611214397	-2.24351746680978	0.471103754237551	-4.7622576696311	1.91439020833269e-06	0.00390152724458202
HMPRNC0000_1321	cds	11.4666983270216	-0.0808377566275281	0.645450035471394	-0.125242469881483	0.900331595816539	0.998900740178849
HMPRNC0000_1322	cds	0.794294742668623	1.21525459822359	2.17073212630845	0.559836279886938	0.575591114927091	0.998900740178849
HMPRNC0000_1323	cds	1.67948160332377	1.13828313714896	1.55965289222882	0.729831068708049	0.465493451035037	0.998900740178849
HMPRNC0000_1324	cds	0.180126802707454	0.73662894826931	4.01936770776885	0.183269857805125	0.85458628380304	0.998900740178849
HMPRNC0000_1325	cds	1.13355518049191	1.42132429756696	1.89992588910487	0.74809459975126	0.454403099096505	0.998900740178849
HMPRNC0000_1326	cds	1.26053296687434	1.91005564931537	1.79090749088291	1.06652948800483	0.286184356045541	0.998900740178849
HMPRNC0000_1327	cds	3.83278234713223	0.0480211988030692	0.979097378246922	0.0490463970897883	0.960882320876858	0.998900740178849
HMPRNC0000_1328	cds	2.51570458390701	0.544728164721552	1.27671049493679	0.426665377062261	0.669623072038863	0.998900740178849
HMPRNC0000_1330	cds	0.466352269654003	1.89738712255135	2.79978711554778	0.677689782917701	0.49796840588187	0.998900740178849
HMPRNC0000_1331	cds	1.54371214878132	0.278590920289203	1.52556621420503	0.182614768008858	0.855100296005272	0.998900740178849
HMPRNC0000_1332	cds	1.89999106831839	0.0265963314975831	1.40655168206042	0.0189088903285963	0.984913787353089	0.998900740178849
HMPRNC0000_1333	cds	0.567872747451073	2.05999565254869	2.42344386655217	0.850028210259084	0.395309402382109	0.998900740178849
HMPRNC0000_1334	cds	6.00599257402715	-0.447855268568616	0.818260065346003	-0.547326317800001	0.584154566170302	0.998900740178849
HMPRNC0000_1336	cds	1.08700751791667	0.251247800139422	1.85523116691737	0.13542668138596	0.892274529757441	0.998900740178849
HMPRNC0000_1337	cds	0.470816410647742	1.74016388990278	2.59884759166482	0.669590589107241	0.503118814894759	0.998900740178849
HMPRNC0000_1338	cds	1.19298027327188	-0.358214563293767	1.75802006727332	-0.203760224335412	0.838540877075729	0.998900740178849
HMPRNC0000_1339	cds	9.25137260508362	0.235362653650689	0.655227604662991	0.359207475350104	0.719439884799776	0.998900740178849
HMPRNC0000_1340	cds	14.8189462208409	-0.356768398089961	0.530930533455146	-0.671968130685974	0.501603985159497	0.998900740178849
HMPRNC0000_1341	cds	8.27997245938391	-0.0612005904946217	0.687588785519645	-0.089007546055844	0.929075913040222	0.998900740178849
HMPRNC0000_1342	cds	1.6652557780924	0.372365613713788	1.6350454880039	0.227740216676405	0.819848205471293	0.998900740178849
HMPRNC0000_1343	cds	0.0600422675691515	-0.287764842376576	4.07015500311295	-0.0707011998699035	0.943635565871096	0.998900740178849
HMPRNC0000_1344	cds	0.120084535138303	0.318360587378331	4.03879997395116	0.0788255396235627	0.937171389566932	0.998900740178849
HMPRNC0000_1345	cds	0.724480085918255	1.27866147405191	2.23360764270331	0.572464675355585	0.567007210789317	0.998900740178849
HMPRNC0000_1346	cds	0.300211337845757	1.29285276375937	3.80644253467875	0.339648570018012	0.734121196630311	0.998900740178849
HMPRNC0000_1347	cds	1.95326483503528	-1.14221699690411	1.39817563682467	-0.816933843517787	0.413966235794619	0.998900740178849
HMPRNC0000_1348	cds	1.9850130527926	1.86751137353858	1.45826428099086	1.28063986609453	0.200320190438282	0.998900740178849
HMPRNC0000_1349	cds	1.75866270631272	-0.54552297969902	1.52495393001179	-0.357730793673748	0.720544786053561	0.998900740178849
HMPRNC0000_1350	cds	0.249211397712368	1.05920636453912	4.00756229968065	0.264301908575077	0.791547289725438	0.998900740178849
HMPRNC0000_1351	cds	5.92809465312817	0.763303490279339	1.01213570920132	0.754151329056121	0.450758358984355	0.998900740178849
HMPRNC0000_1352	cds	15.1561364696342	-0.0905484974975623	0.587897333843186	-0.154020935773992	0.87759322819102	0.998900740178849
HMPRNC0000_1353	cds	1.42001944327861	0.703895302815786	1.71368308051133	0.410749986867909	0.681255869313163	0.998900740178849
HMPRNC0000_1354	cds	0.466477020045871	-1.13055251550194	3.02730918755984	-0.373451288077127	0.708812593555211	0.998900740178849
HMPRNC0000_1355	cds	2.71305994168279	-0.749560986297432	1.26957330431056	-0.590403865418767	0.554919919732023	0.998900740178849
HMPRNC0000_1356	cds	1.09897022150812	1.74394168146163	1.85456677302942	0.940349901024548	0.347038111056271	0.998900740178849
HMPRNC0000_1358	cds	0.0830704659041226	-0.0871824083588438	4.06317883659053	-0.0214566997577689	0.982881344090469	0.998900740178849
HMPRNC0000_1359	cds	1.6457102182587	-1.11301682985596	1.50787350867819	-0.73813673590674	0.460431362187063	0.998900740178849
HMPRNC0000_1361	cds	0.489380467988974	1.96102627514522	2.74092746011521	0.715460844433582	0.474324327363924	0.998900740178849
HMPRNC0000_1362	cds	1.21929355248657	0.811781914632422	1.87626603444921	0.432658215694196	0.665263089761288	0.998900740178849
HMPRNC0000_1363	cds	0.872787022130722	1.27216706725715	1.9927956071722	0.638383114996106	0.5232243195974	0.998900740178849
HMPRNC0000_1364	cds	0.752085312203239	-1.1481993804458	2.07064814856377	-0.554512064853803	0.579228451098983	0.998900740178849
HMPRNC0000_1365	cds	0.0830704659041226	-0.0871824083588438	4.06317883659053	-0.0214566997577689	0.982881344090469	0.998900740178849
HMPRNC0000_1366	cds	7.74263846547498	0.431755029871555	0.726992560206996	0.5938919509006	0.552584382929421	0.998900740178849
HMPRNC0000_1367	cds	3.96055010973606	-0.29517164690258	1.0229031215348	-0.28856266120265	0.772916072494719	0.998900740178849
HMPRNC0000_1368	cds	25.2312336208006	1.14949678629048	0.456693691652508	2.51699729446913	0.011835973804616	0.998900740178849
HMPRNC0000_1369	cds	0.373872960800685	-2.88258360744455	3.12100858894442	-0.923606432117989	0.355691263742552	0.998900740178849
HMPRNC0000_1370	cds	0.493957495938988	-1.3552641463003	2.59174733144226	-0.52291522783053	0.601033247121626	0.998900740178849
HMPRNC0000_1371	cds	0.669507270696428	2.41552265700093	2.46149234535804	0.981324464224398	0.326432762277302	0.998900740178849
HMPRNC0000_1372	cds	1.13983125694686	-0.0385398415455681	1.68775832179476	-0.0228349290581988	0.981781945923282	0.998900740178849
HMPRNC0000_1373	cds	0.332155954732613	-0.171260097434708	3.27126260625581	-0.0523529040766088	0.958247499721694	0.998900740178849
HMPRNC0000_1374	cds	0.567381481545771	0.783169848108248	2.77012442835533	0.282720097368777	0.777391409044084	0.998900740178849
HMPRNC0000_1376	cds	0.0600422675691515	-0.287764842376576	4.07015500311295	-0.0707011998699035	0.943635565871096	0.998900740178849
HMPRNC0000_1377	cds	1.92096737685999	-0.349153953037155	1.68773005243847	-0.206877843131779	0.836105260810673	0.998900740178849
HMPRNC0000_1379	cds	22.7981549235539	-0.345167963856869	0.526619407246841	-0.655441024593837	0.512183845467822	0.998900740178849
HMPRNC0000_1380	cds	0	NA	NA	NA	NA	NA
HMPRNC0000_1381	cds	0	NA	NA	NA	NA	NA
HMPRNC0000_1382	cds	0	NA	NA	NA	NA	NA
HMPRNC0000_1383	cds	0	NA	NA	NA	NA	NA
HMPRNC0000_1384	cds	0	NA	NA	NA	NA	NA
HMPRNC0000_1385	cds	0	NA	NA	NA	NA	NA
HMPRNC0000_1386	cds	0	NA	NA	NA	NA	NA
HMPRNC0000_1387	cds	0	NA	NA	NA	NA	NA
HMPRNC0000_1388	cds	0	NA	NA	NA	NA	NA
HMPRNC0000_1389	cds	0	NA	NA	NA	NA	NA
HMPRNC0000_1390	cds	0	NA	NA	NA	NA	NA
HMPRNC0000_1391	cds	0	NA	NA	NA	NA	NA
HMPRNC0000_1392	cds	0	NA	NA	NA	NA	NA
HMPRNC0000_1393	cds	0	NA	NA	NA	NA	NA
HMPRNC0000_1394	cds	0	NA	NA	NA	NA	NA
HMPRNC0000_1395	cds	0	NA	NA	NA	NA	NA
HMPRNC0000_1396	cds	0	NA	NA	NA	NA	NA
HMPRNC0000_1397	cds	0	NA	NA	NA	NA	NA
HMPRNC0000_1398	cds	0	NA	NA	NA	NA	NA
HMPRNC0000_1399	cds	0	NA	NA	NA	NA	NA
HMPRNC0000_1400	cds	0	NA	NA	NA	NA	NA
HMPRNC0000_1401	cds	0	NA	NA	NA	NA	NA
HMPRNC0000_1402	cds	0	NA	NA	NA	NA	NA
HMPRNC0000_1403	cds	0	NA	NA	NA	NA	NA
HMPRNC0000_1404	cds	0	NA	NA	NA	NA	NA
HMPRNC0000_1405	cds	0	NA	NA	NA	NA	NA
HMPRNC0000_1406	cds	0	NA	NA	NA	NA	NA
HMPRNC0000_1407	cds	0	NA	NA	NA	NA	NA
HMPRNC0000_1410	cds	0	NA	NA	NA	NA	NA
HMPRNC0000_1411	cds	0.332155954732613	-0.171260097434708	3.27126260625581	-0.0523529040766088	0.958247499721694	0.998900740178849
HMPRNC0000_1412	cds	0.987563309081548	1.59304362089661	1.9398455200293	0.821221898572908	0.411519885156036	0.998900740178849
HMPRNC0000_1413	cds	0	NA	NA	NA	NA	NA
HMPRNC0000_1414	cds	0.244633211270345	-0.0674090275086976	4.06184416357083	-0.0165956705363697	0.986759178495284	0.998900740178849
HMPRNC0000_1415	cds	0.443687617551053	-3.04314751185492	3.30030000138653	-0.922082086651647	0.356485759990919	0.998900740178849
HMPRNC0000_1416	cds	0.0830704659041226	-0.0871824083588438	4.06317883659053	-0.0214566997577689	0.982881344090469	0.998900740178849
HMPRNC0000_1417	cds	1.01285347056443	-1.04289652657667	1.88218775798182	-0.554087402892748	0.579519030833307	0.998900740178849
HMPRNC0000_1419	cds	0.272113687163461	-0.598190794220942	3.52853068428213	-0.169529713000822	0.865380003002097	0.998900740178849
HMPRNC0000_1420	cds	1.31971926381416	1.25295208970998	1.73047504086945	0.724050945618062	0.469034458761996	0.998900740178849
HMPRNC0000_1421	cds	2.36402608536014	-0.422026618126552	1.34935047742778	-0.312762788605557	0.754460888392459	0.998900740178849
HMPRNC0000_1422	cds	0.401970611482981	-0.262597358204313	3.05821922321702	-0.0858661001836486	0.93157286008385	0.998900740178849
HMPRNC0000_1423	cds	0.609465003127277	2.27961181438965	2.53866452191809	0.897957093073209	0.369208424797965	0.998900740178849
HMPRNC0000_1424	cds	2.6331880752037	-0.528868110702396	1.37684189848085	-0.384116804758723	0.700891876745606	0.998900740178849
HMPRNC0000_1425	cds	1.12548068132362	0.110361673557307	2.00632132975559	0.0550069781547659	0.956132904448344	0.998900740178849
HMPRNC0000_1426	cds	1.46753493412133	0.506412265411297	1.57084909907263	0.322381230450629	0.747163901766795	0.998900740178849
HMPRNC0000_1427	cds	1.14874767549874	-0.874895353587227	1.71557607649054	-0.50997176142544	0.610071245424157	0.998900740178849
HMPRNC0000_1428	cds	3.25429529111634	0.334850579402107	1.06024144224201	0.315824835797803	0.752135465982068	0.998900740178849
HMPRNC0000_1430	cds	12.9499204911132	1.24824739749854	0.622106377039139	2.00648545581458	0.0448044789718446	0.998900740178849
HMPRNC0000_1431	cds	0.992254382479845	-0.178557023414447	1.84003376342081	-0.0970400798964098	0.922694565474277	0.998900740178849
HMPRNC0000_1432	cds	0	NA	NA	NA	NA	NA
HMPRNC0000_1433	cds	0.67421020753032	0.867409571433355	2.30931043103786	0.375614105308277	0.707203802893598	0.998900740178849
HMPRNC0000_1434	cds	2.26421639032973	-1.16154416696526	1.27928943574335	-0.907960414986405	0.36389913620771	0.998900740178849
HMPRNC0000_1436	cds	7.64262384522516	-0.638947995317189	0.741172646388933	-0.862077140097125	0.388645069967703	0.998900740178849
HMPRNC0000_1437	cds	0	NA	NA	NA	NA	NA
HMPRNC0000_1438	cds	0.378212351402555	0.0515476879401578	2.81268084820443	0.0183268883752186	0.985378077245092	0.998900740178849
HMPRNC0000_1439	cds	25.4552255861662	0.0961080376171453	0.436208621132043	0.220325855476508	0.825617385109536	0.998900740178849
HMPRNC0000_1440	cds	1.31776774524408	-1.10979587988782	1.60189442458874	-0.692802136553246	0.488433731220964	0.998900740178849
HMPRNC0000_1442	cds	2.08868144828929	0.133205535763575	1.33651371344341	0.0996664190002084	0.920609161513534	0.998900740178849
HMPRNC0000_1443	cds	1.58895187307726	-2.5113987679752	1.77357564457323	-1.41600882694773	0.156772920087417	0.998900740178849
HMPRNC0000_1444	cds	0.309253665281519	1.31742048186384	3.30525907759484	0.398583121908404	0.690200400000409	0.998900740178849
HMPRNC0000_1445	cds	0.0830704659041226	-0.0871824083588438	4.06317883659053	-0.0214566997577689	0.982881344090469	0.998900740178849
HMPRNC0000_1447	cds	0.918717509916787	0.276666985852393	2.0019808810602	0.138196617395206	0.890085028375291	0.998900740178849
HMPRNC0000_1448	cds	4.12403486971549	-0.832492004686921	0.984018920908156	-0.846012192447082	0.39754594264262	0.998900740178849
HMPRNC0000_1449	cds	33.5557899319728	-0.159302002789474	0.416130933749931	-0.382817017119916	0.701855443074177	0.998900740178849
HMPRNC0000_1450	cds	1.97522764168378	0.344963102807793	1.58553741900624	0.217568566135767	0.827765278362534	0.998900740178849
HMPRNC0000_1451	cds	0.378212351402555	0.0515476879401578	2.81268084820443	0.0183268883752186	0.985378077245092	0.998900740178849
HMPRNC0000_1452	cds	6.04154754908856	-0.369396021342843	0.793352184470919	-0.465614173091602	0.641491696169586	0.998900740178849
HMPRNC0000_1454	cds	1.25484633973784	-0.493091829760238	1.79427195819571	-0.274814432398577	0.783458809418394	0.998900740178849
HMPRNC0000_1455	cds	2.78798425968094	0.794887397580708	1.20590824090104	0.659160764161273	0.509792539267164	0.998900740178849
HMPRNC0000_1457	cds	5.01482600382588	1.62430094660535	1.01729507017029	1.59668614764195	0.11033568498074	0.998900740178849
HMPRNC0000_1458	cds	0.0830704659041226	-0.0871824083588438	4.06317883659053	-0.0214566997577689	0.982881344090469	0.998900740178849
HMPRNC0000_1459	cds	3.87465566618532	0.418267428804871	1.14117166620896	0.366524547699628	0.713973698693892	0.998900740178849
HMPRNC0000_1460	cds	3.63855781588743	0.390143174804152	1.03552336979745	0.376759410925189	0.706352407062675	0.998900740178849
HMPRNC0000_1461	cds	0.0600422675691515	-0.287764842376576	4.07015500311295	-0.0707011998699035	0.943635565871096	0.998900740178849
HMPRNC0000_1462	cds	1.33913929178472	2.12547682267923	1.76861907077775	1.20177196876235	0.229451888701158	0.998900740178849
HMPRNC0000_1463	cds	1.94144336386497	-1.44554599638853	1.5295706019337	-0.945066539956416	0.344624906381066	0.998900740178849
HMPRNC0000_1464	cds	2.88637415879391	0.300441781322048	1.19530349811144	0.25135187991731	0.801542067875736	0.998900740178849
HMPRNC0000_1465	cds	0.516985694273959	-1.22237923215343	2.36781136639116	-0.516248570094705	0.605680811374798	0.998900740178849
HMPRNC0000_1466	cds	1.15658337882688	1.46419593794586	1.87872698755613	0.779355354792929	0.435770415211706	0.998900740178849
HMPRNC0000_1467	cds	0.835772952896542	1.16072737416825	2.03124235742009	0.571437165007972	0.567703342378371	0.998900740178849
HMPRNC0000_1468	cds	0.152029152025158	-2.10450454780732	4.07469586340345	-0.516481381275287	0.605518239535364	0.998900740178849
HMPRNC0000_1469	cds	0	NA	NA	NA	NA	NA
HMPRNC0000_1470	cds	0	NA	NA	NA	NA	NA
HMPRNC0000_1471	cds	0	NA	NA	NA	NA	NA
HMPRNC0000_1472	cds	0	NA	NA	NA	NA	NA
HMPRNC0000_1473	cds	0	NA	NA	NA	NA	NA
HMPRNC0000_1474	cds	0.422569699567564	-2.21054879241464	3.39962777145516	-0.650232596337582	0.515541988594059	0.998900740178849
HMPRNC0000_1475	cds	2.14535434133419	0.126639007402433	1.36213514705427	0.0929709564255066	0.925926634677381	0.998900740178849
HMPRNC0000_1476	cds	4.37017073036122	1.19236542242197	1.02096638916302	1.16787921236023	0.242855490323481	0.998900740178849
HMPRNC0000_1477	cds	0.323239536180728	1.38826700733702	3.23790899199705	0.428754177701818	0.668102128766098	0.998900740178849
HMPRNC0000_1478	cds	0	NA	NA	NA	NA	NA
HMPRNC0000_1479	cds	0	NA	NA	NA	NA	NA
HMPRNC0000_1480	cds	0	NA	NA	NA	NA	NA
HMPRNC0000_1481	cds	0.0600422675691515	-0.287764842376576	4.07015500311295	-0.0707011998699035	0.943635565871096	0.998900740178849
HMPRNC0000_1482	cds	0.281886076344678	-1.31483424838019	3.4811021787336	-0.377706307046269	0.705648781956344	0.998900740178849
HMPRNC0000_1483	cds	0.872662271738854	2.79496036073566	2.25819000022625	1.23769937890772	0.215827549540461	0.998900740178849
HMPRNC0000_1486	cds	0	NA	NA	NA	NA	NA
HMPRNC0000_1487	cds	0.0600422675691515	-0.287764842376576	4.07015500311295	-0.0707011998699035	0.943635565871096	0.998900740178849
HMPRNC0000_1488	cds	0.244633211270345	-0.0674090275086976	4.06184416357083	-0.0165956705363697	0.986759178495284	0.998900740178849
HMPRNC0000_1490	cds	0.221843808775526	-2.21903366148579	4.07067951085028	-0.545126103779729	0.58566679046034	0.998900740178849
HMPRNC0000_1492	cds	0.549308690109841	1.87375380458372	2.7982159591441	0.66962444355326	0.503097227882062	0.998900740178849
HMPRNC0000_1495	cds	0.424998809817952	-0.132845218645049	2.70072497756426	-0.0491887251566283	0.960768896412642	0.998900740178849
HMPRNC0000_1496	cds	1.76121656695498	-1.01694488763392	1.36663046575099	-0.744125726097502	0.456800416847956	0.998900740178849
HMPRNC0000_1497	cds	2.30735422163338	-0.646616598508493	1.28755191917592	-0.502206232524083	0.615522459279476	0.998900740178849
HMPRNC0000_1498	cds	0.143112733473274	0.477233240766022	4.03080623412424	0.118396472826164	0.905753520400384	0.998900740178849
HMPRNC0000_1501	cds	0.286225466946548	1.23610492887501	3.36414935735462	0.367434616472265	0.713294854401914	0.998900740178849
HMPRNC0000_1502	cds	0.180126802707454	0.73662894826931	4.01936770776885	0.183269857805125	0.85458628380304	0.998900740178849
HMPRNC0000_1503	cds	0.549547485949994	-0.0748936859077182	2.58793470928862	-0.0289395577248953	0.976912796320971	0.998900740178849
HMPRNC0000_1504	cds	0.774874714698058	0.120394421826343	2.09469037775595	0.0574759988897846	0.954166024607315	0.998900740178849
HMPRNC0000_1505	cds	0.0600422675691515	-0.287764842376576	4.07015500311295	-0.0707011998699035	0.943635565871096	0.998900740178849
HMPRNC0000_1507	cds	0.143112733473274	0.477233240766022	4.03080623412424	0.118396472826164	0.905753520400384	0.998900740178849
HMPRNC0000_1508	cds	1.07087257082582	0.631095363887325	1.76315808066931	0.357934646250072	0.720392222144262	0.998900740178849
HMPRNC0000_1509	cds	31.9837483150508	0.432881161270347	0.491454218910528	0.880816858648546	0.378416953456447	0.998900740178849
HMPRNC0000_1510	cds	1.16488262258959	-1.37282525104333	1.78538909566644	-0.768922166252445	0.441939517619923	0.998900740178849
HMPRNC0000_1511	cds	1.49563258480362	1.28499259999272	1.57649887232885	0.815092622359122	0.41501929433622	0.998900740178849
HMPRNC0000_1512	cds	0.895815220465694	1.31957431979071	1.97469491225292	0.668242122670592	0.503979051361498	0.998900740178849
HMPRNC0000_1513	cds	5.76930911153323	-0.0587303341157928	0.819889937413993	-0.0716319733122151	0.942894794402091	0.998900740178849
HMPRNC0000_1514	cds	1.09871956223237	2.00086236053923	2.04141606673214	0.980134521887139	0.327019720475495	0.998900740178849
HMPRNC0000_1515	cds	1.54675843382089	2.30925839294825	1.68753753276546	1.36841898216269	0.171180965880697	0.998900740178849
HMPRNC0000_1516	cds	0.508069275722074	0.260109750374225	2.52738416711011	0.102916586152252	0.918029173755713	0.998900740178849
HMPRNC0000_1517	cds	0.646842618593478	-0.958610421567684	2.36917505790936	-0.4046178092106	0.685758465646438	0.998900740178849
HMPRNC0000_1518	cds	2.45339919469794	0.558731060110224	1.28486393556495	0.434856209007496	0.663666802233434	0.998900740178849
HMPRNC0000_1519	cds	7.59727860157081	1.65193963850811	0.813820721296942	2.02985693934593	0.0423710831982447	0.998900740178849
HMPRNC0000_1520	cds	15.1389166673509	0.156576831746838	0.532252238069544	0.294177873849315	0.76862198709518	0.998900740178849
HMPRNC0000_1522	cds	2.30144169141046	-1.74392955413641	1.34020232111935	-1.30124349634007	0.193175121141023	0.998900740178849
HMPRNC0000_1523	cds	0.281886076344678	-1.31483424838019	3.4811021787336	-0.377706307046269	0.705648781956344	0.998900740178849
HMPRNC0000_1524	cds	1.04350498188898	-0.676646867088172	1.78858644229694	-0.378313762805452	0.705197522624645	0.998900740178849
HMPRNC0000_1525	cds	1.01962197141669	0.949581334982527	1.97828817438448	0.480001522163462	0.631226310675592	0.998900740178849
HMPRNC0000_1526	cds	0.295141885498432	-0.444006782590369	3.06681321097508	-0.144777902025927	0.884886230009678	0.998900740178849
HMPRNC0000_1527	cds	0.120084535138303	0.318360587378331	4.03879997395116	0.0788255396235627	0.937171389566932	0.998900740178849
HMPRNC0000_1530	cds	0.623814420258507	-1.07958629518455	2.64227408261291	-0.40858225204138	0.682846257427187	0.998900740178849
HMPRNC0000_1531	cds	1.6868248822546	0.535583641198779	1.48033906318185	0.361797951914876	0.717503022753773	0.998900740178849
HMPRNC0000_1532	cds	0.304914274679649	-1.1266313018717	3.37909901043244	-0.333411746265321	0.738823497686307	0.998900740178849
HMPRNC0000_1533	cds	1.25076057769312	2.05537528994015	1.79245605932266	1.1466809907278	0.251513489691415	0.998900740178849
HMPRNC0000_1534	cds	1.60630827699273	-0.11543900576492	1.48195586974318	-0.0778963855279474	0.937910474607117	0.998900740178849
HMPRNC0000_1535	cds	1.72577563734185	-0.845263236561969	1.3942313056238	-0.606257536430649	0.544343751464511	0.998900740178849
HMPRNC0000_1536	cds	1.02926845171403	-0.062536195549653	1.8697787511476	-0.0334457729350442	0.973319108538977	0.998900740178849
HMPRNC0000_1537	cds	2.16464743110274	0.268965437872975	1.26356836119266	0.212861801651241	0.831434757418417	0.998900740178849
HMPRNC0000_1538	cds	0.327703677174468	1.03170555790918	3.3144544785805	0.311274619873805	0.755591859954961	0.998900740178849
HMPRNC0000_1539	cds	0	NA	NA	NA	NA	NA
HMPRNC0000_1540	cds	0	NA	NA	NA	NA	NA
HMPRNC0000_1541	cds	1.77086420574433	-0.171057040330359	1.42797321531702	-0.119790090245063	0.90464943225227	0.998900740178849
HMPRNC0000_1543	cds	19.7271077088065	0.200593131263671	0.493016402600897	0.406869082256588	0.684104144976054	0.998900740178849
HMPRNC0000_1546	cds	1.84067886249469	-0.276260696111201	1.51571253716987	-0.182264571504457	0.855375100787822	0.998900740178849
HMPRNC0000_1547	cds	3.22020275652986	1.83993933052109	1.20579033719268	1.52591978370372	0.127029843031771	0.998900740178849
HMPRNC0000_1548	cds	2.48534497007681	1.33457464683985	1.32325834037981	1.00855184971424	0.313189609424193	0.998900740178849
HMPRNC0000_1549	cds	1.48597308257868	0.083824407651421	1.55836948970967	0.0537898157047708	0.957102623663874	0.998900740178849
HMPRNC0000_1550	cds	1.42459647122863	-1.01715020447447	1.55819039737089	-0.652776583779937	0.513900321763145	0.998900740178849
HMPRNC0000_1551	cds	3.02222596701762	-1.67468717615418	1.16253191099217	-1.44055157567667	0.149711409281609	0.998900740178849
HMPRNC0000_1552	cds	2.27025598792854	1.10531102333045	1.51826748512851	0.728008097490733	0.466608629455075	0.998900740178849
HMPRNC0000_1553	cds	0.6228455626729	0.779370648828661	2.2545293903085	0.345691057379391	0.72957490558332	0.998900740178849
HMPRNC0000_1554	cds	0.272113687163461	-0.598190794220942	3.52853068428213	-0.169529713000822	0.865380003002097	0.998900740178849
HMPRNC0000_1556	cds	4.45655552917213	-0.751904214525511	0.886615133545944	-0.848061561410906	0.396403687177796	0.998900740178849
HMPRNC0000_1557	cds	2.43072383765141	0.225352954542738	1.19182510646093	0.189082234734854	0.850028364958075	0.998900740178849
HMPRNC0000_1558	cds	0.708795166514113	0.280065866460113	2.33703257664561	0.119838238139623	0.904611290545821	0.998900740178849
HMPRNC0000_1559	cds	1.92001421983239	0.047662250830205	1.32457972469393	0.035982923444807	0.971295975253209	0.998900740178849
HMPRNC0000_1560	cds	29.7223373698145	-0.53539410023601	0.406401575152695	-1.31740163663206	0.187704032636491	0.998900740178849
HMPRNC0000_1563	cds	0.3462677345157	1.46559414657943	3.12433877091974	0.469089383078643	0.639005747569983	0.998900740178849
HMPRNC0000_1564	cds	0.701576637975152	-0.838454444607742	2.23290129601813	-0.375500003561704	0.707288643787032	0.998900740178849
HMPRNC0000_1566	cds	3.30407274510697	-0.592468873128587	1.04004534779537	-0.56965676966343	0.568910516366089	0.998900740178849
HMPRNC0000_1567	cds	3.08177993796288	0.084475726885276	1.10102659775691	0.0767245106134364	0.938842705360954	0.998900740178849
HMPRNC0000_1569	cds	0.203155001042426	0.854985990072026	3.8561156513957	0.221722081847459	0.8245302391019	0.998900740178849
HMPRNC0000_1570	cds	0.974785091608098	-1.0002032167678	2.09294924720963	-0.477891768327059	0.632727240554653	0.998900740178849
HMPRNC0000_1571	cds	0.992141495523571	1.72032697522531	1.92346973610845	0.894387337076515	0.371114685295908	0.998900740178849
HMPRNC0000_1573	cds	0.44778821231277	1.66656106074528	2.63246316046167	0.633080487421905	0.526681083814621	0.998900740178849
HMPRNC0000_1575	cds	7.00462356566236	-0.0430323931671131	0.768437838849783	-0.0559998362802189	0.955341937587621	0.998900740178849
HMPRNC0000_1576	cds	1.60208293183914	-0.557468504037533	1.5035475912767	-0.370768778635184	0.710809757538597	0.998900740178849
HMPRNC0000_1577	cds	0.858914038187788	-1.02599704790757	1.9835634938505	-0.517249410512139	0.604982064046626	0.998900740178849
HMPRNC0000_1578	cds	2.29121927454254	-0.394489121685058	1.21916666978955	-0.323572757901227	0.746261515321459	0.998900740178849
HMPRNC0000_1580	cds	1.28305687737641	-1.13476535194064	1.68071606343612	-0.67516779105489	0.499569167556668	0.998900740178849
HMPRNC0000_1581	cds	1.21941830287844	-0.404116782583037	1.82793849174964	-0.22107788878401	0.825031786503866	0.998900740178849
HMPRNC0000_1582	cds	0.221843808775526	-2.21903366148579	4.07067951085028	-0.545126103779729	0.58566679046034	0.998900740178849
HMPRNC0000_1583	cds	2.41130380968084	-0.195034433249423	1.19291464641925	-0.163494038601047	0.870129466508107	0.998900740178849
HMPRNC0000_1584	cds	1.34117432252808	1.69127215508816	1.81789618171694	0.930345842682174	0.352192049402199	0.998900740178849
HMPRNC0000_1585	cds	0.3462677345157	1.46559414657943	3.12433877091974	0.469089383078643	0.639005747569983	0.998900740178849
HMPRNC0000_1587	cds	0.38328180374988	1.61962209124078	3.04397183022273	0.532075256137396	0.594673874183529	0.998900740178849
HMPRNC0000_1588	cds	12.6328872862268	0.156865401100392	0.603693386806063	0.259842835003236	0.794985007923898	0.998900740178849
HMPRNC0000_1589	cds	1.96425868104113	0.642565918805402	1.38974886896869	0.462361174132304	0.643822337195831	0.998900740178849
HMPRNC0000_1590	cds	5.80508883118905	-0.636636637165086	0.806948180321271	-0.788943643086997	0.430144946123166	0.998900740178849
HMPRNC0000_1591	cds	8.460631852585	-0.716810659567578	1.881111822608	-0.381056910574184	0.70316101990555	0.998900740178849
HMPRNC0000_1592	cds	0	NA	NA	NA	NA	NA
HMPRNC0000_1593	cds	0.415226420636735	0.251450326159402	2.7159002211849	0.0925845228768007	0.926233639884592	0.998900740178849
HMPRNC0000_1595	cds	1.8285197597737	2.67096531323777	1.64933296431476	1.61942153041697	0.105356597439119	0.998900740178849
HMPRNC0000_1596	cds	6.45877858994957	0.779653930576889	0.884926097314844	0.881038465181008	0.37829700101929	0.998900740178849
HMPRNC0000_1597	cds	0.976456576119429	0.978492142598042	2.03802085400465	0.480118807751812	0.631142915400635	0.998900740178849
HMPRNC0000_1598	cds	0.166140931808245	0.619965652411284	4.02427872731825	0.154056340134378	0.877565312758198	0.998900740178849
HMPRNC0000_1599	cds	0.507830479881922	1.87710925948876	2.51467599851559	0.746461675618175	0.455388574259705	0.998900740178849
HMPRNC0000_1600	cds	2.65848017664986	0.498054585225949	1.18580142023498	0.420015170100955	0.674474371588566	0.998900740178849
HMPRNC0000_1601	cds	0	NA	NA	NA	NA	NA
HMPRNC0000_1602	cds	0	NA	NA	NA	NA	NA
HMPRNC0000_1604	cds	0.0600422675691515	-0.287764842376576	4.07015500311295	-0.0707011998699035	0.943635565871096	0.998900740178849
HMPRNC0000_1605	cds	0	NA	NA	NA	NA	NA
HMPRNC0000_1606	cds	0.793941901380186	2.41111122783081	2.5236186722623	0.955418207327402	0.339366250095341	0.998900740178849
HMPRNC0000_1607	cds	0	NA	NA	NA	NA	NA
HMPRNC0000_1608	cds	3.83481737787558	-0.273673832668551	1.05053399090896	-0.260509260087585	0.794470973326157	0.998900740178849
HMPRNC0000_1609	cds	2.24180536678394	-0.36388162034135	1.27043473870272	-0.286422914342628	0.774554226421105	0.998900740178849
HMPRNC0000_1610	cds	3.10965065624061	1.09095532694155	1.16721929578026	0.934661833372338	0.349962602045859	0.998900740178849
HMPRNC0000_1611	cds	0.976456576119429	0.978492142598042	2.03802085400465	0.480118807751812	0.631142915400635	0.998900740178849
HMPRNC0000_1612	cds	0.304914274679649	-1.1266313018717	3.37909901043244	-0.333411746265321	0.738823497686307	0.998900740178849
HMPRNC0000_1613	cds	0.226183199377397	0.963282297667723	3.71000305628801	0.259644610274667	0.79513792206964	0.998900740178849
HMPRNC0000_1615	cds	0.203155001042426	0.854985990072026	3.8561156513957	0.221722081847459	0.8245302391019	0.998900740178849
HMPRNC0000_1616	cds	1.28113205495892	1.56921703647887	1.86116296331143	0.843137902167834	0.399151323187003	0.998900740178849
HMPRNC0000_1617	cds	0.959579703847535	0.826078908146369	2.02079605816353	0.408788855663691	0.682694619018828	0.998900740178849
HMPRNC0000_1618	cds	0	NA	NA	NA	NA	NA
HMPRNC0000_1619	cds	0.752577736600551	2.58092230050602	2.36252751998629	1.09244115832394	0.274639240534979	0.998900740178849
HMPRNC0000_1620	cds	0	NA	NA	NA	NA	NA
HMPRNC0000_1621	cds	0.235099617929281	-1.01553877897961	3.71196657710418	-0.27358510856309	0.784403479174539	0.998900740178849
HMPRNC0000_1622	cds	0.872169847341542	-0.593866365449003	1.92549224962315	-0.308423139882922	0.757760376537886	0.998900740178849
HMPRNC0000_1623	cds	1.07184142841143	-0.593879229701969	1.96743003869057	-0.301855322945677	0.762762355076746	0.998900740178849
HMPRNC0000_1624	cds	5.99307968268951	0.252145517897032	0.805778978888284	0.312921439381444	0.754340348716376	0.998900740178849
HMPRNC0000_1625	cds	2.47220204787933	0.170476718862017	1.17646827824209	0.144905495553818	0.884785487411027	0.998900740178849
HMPRNC0000_1628	cds	3.37582524620242	-0.545575545538014	1.04035153721667	-0.524414609890069	0.59999019706409	0.998900740178849
HMPRNC0000_1630	cds	0.166140931808245	0.619965652411284	4.02427872731825	0.154056340134378	0.877565312758198	0.998900740178849
HMPRNC0000_1631	cds	1.99454548764165	0.978895285985431	1.61272638392056	0.60698162797196	0.543863104616147	0.998900740178849
HMPRNC0000_1632	cds	0	NA	NA	NA	NA	NA
HMPRNC0000_1633	cds	12.4659909164897	0.332612214264534	0.611295665422671	0.544110212256378	0.586365633384686	0.998900740178849
HMPRNC0000_1634	cds	2.45554827088958	0.273238292349513	1.30810676317705	0.208880727507202	0.834541349524505	0.998900740178849
HMPRNC0000_1635	cds	0.754725654300177	-1.0712331788969	2.30190933931863	-0.465367232583536	0.641668495488471	0.998900740178849
HMPRNC0000_1636	cds	1.66719465175562	0.118051710200135	1.55664669890955	0.0758371891854661	0.939548628613325	0.998900740178849
HMPRNC0000_1637	cds	0.120084535138303	0.318360587378331	4.03879997395116	0.0788255396235627	0.937171389566932	0.998900740178849
HMPRNC0000_1638	cds	7.12204184402239	-0.422622506988657	0.723226464815195	-0.584357082531057	0.55898009489149	0.998900740178849
HMPRNC0000_1640	cds	10.3583917880994	0.0993472287427393	0.713421747600771	0.139254556055857	0.889248998923859	0.998900740178849
HMPRNC0000_1641	cds	1.27885822837542	3.24681231014689	1.85507406515713	1.75023325005187	0.0800780735631427	0.998900740178849
HMPRNC0000_1642	cds	2.58518209992695	0.312563758518465	1.19020352279061	0.262613706423597	0.792848334579669	0.998900740178849
HMPRNC0000_1644	cds	0.761494155152435	1.37618903836448	2.20199069452418	0.624974956427714	0.53198749487191	0.998900740178849
HMPRNC0000_1645	cds	0.810554440151336	-1.45297816652761	2.28768437134681	-0.635130520943414	0.525343292752823	0.998900740178849
HMPRNC0000_1646	cds	1.47706852746239	1.14501063612891	1.64967256177169	0.694083579167501	0.487629795852921	0.998900740178849
HMPRNC0000_1647	cds	0.3649565422488	-0.535340677198235	2.86310297098819	-0.186979190976657	0.851676948399978	0.998900740178849
HMPRNC0000_1649	cds	2.78059974253151	0.25507582549013	1.11812563260805	0.228128054711669	0.81954669055942	0.998900740178849
HMPRNC0000_1650	cds	0.304914274679649	-1.1266313018717	3.37909901043244	-0.333411746265321	0.738823497686307	0.998900740178849
HMPRNC0000_1651	cds	2.32029880473805	0.927701116464786	1.35753915701008	0.683369692634138	0.4943732659973	0.998900740178849
HMPRNC0000_1652	cds	1.75218726144682	1.04048955149018	1.57901497615277	0.658948500935254	0.509928839395272	0.998900740178849
HMPRNC0000_1654	cds	7.95587385411857	-1.46219374257957	0.800756253758816	-1.82601601388177	0.0678478497077826	0.998900740178849
HMPRNC0000_1655	cds	1.95941500260635	-2.39342220369669	1.41119886302411	-1.69602050172272	0.0898819975125817	0.998900740178849
HMPRNC0000_1656	cds	0.44778821231277	1.66656106074528	2.63246316046167	0.633080487421905	0.526681083814621	0.998900740178849
HMPRNC0000_1657	cds	0.466352269654003	1.89738712255135	2.79978711554778	0.677689782917701	0.49796840588187	0.998900740178849
HMPRNC0000_1658	cds	0.166140931808245	0.619965652411284	4.02427872731825	0.154056340134378	0.877565312758198	0.998900740178849
HMPRNC0000_1659	cds	4.73893287142211	-0.641648439090415	0.904672347771045	-0.709260585527262	0.478162782642797	0.998900740178849
HMPRNC0000_1660	cds	1.22120267434605	-0.934730336432421	1.74921736367082	-0.534370602445224	0.593085153846247	0.998900740178849
HMPRNC0000_1662	cds	4.31713381952121	0.0949243078336427	0.977766677859869	0.0970827805682769	0.922660655376439	0.998900740178849
HMPRNC0000_1663	cds	3.36813015530129	-0.130729106680897	1.03222047538954	-0.126648433932258	0.899218660824749	0.998900740178849
HMPRNC0000_1665	cds	2.98351594773378	0.867858709628058	1.17033987757074	0.741544167006821	0.458363562382035	0.998900740178849
HMPRNC0000_1666	cds	13.9493696663044	-0.185507743556674	0.714930091056163	-0.259476759864204	0.795267411070292	0.998900740178849
HMPRNC0000_1667	cds	0	NA	NA	NA	NA	NA
HMPRNC0000_1668	cds	0.0830704659041226	-0.0871824083588438	4.06317883659053	-0.0214566997577689	0.982881344090469	0.998900740178849
HMPRNC0000_1669	cds	0	NA	NA	NA	NA	NA
HMPRNC0000_1670	cds	0	NA	NA	NA	NA	NA
HMPRNC0000_1671	cds	0	NA	NA	NA	NA	NA
HMPRNC0000_1672	cds	0.244633211270345	-0.0674090275086976	4.06184416357083	-0.0165956705363697	0.986759178495284	0.998900740178849
HMPRNC0000_1674	cds	1.39845149760842	2.32630595039811	1.74832360052203	1.33059231695065	0.183323191910311	0.998900740178849
HMPRNC0000_1675	cds	0.978998573326091	-0.533784465960779	1.89861606338906	-0.281143974421013	0.778599974057594	0.998900740178849
HMPRNC0000_1676	cds	3.37992468247213	-0.625172695008813	1.0355180397739	-0.603729409818217	0.546023557759759	0.998900740178849
HMPRNC0000_1677	cds	1.71949956088691	-0.215534144862178	1.38946214527045	-0.155120559128458	0.876726274523533	0.998900740178849
HMPRNC0000_1679	cds	2.48837758089138	0.971752113752931	1.3827364872307	0.702774623167081	0.482196214310462	0.998900740178849
HMPRNC0000_1680	cds	4.00479560026293	-0.198457033921122	1.03785657789808	-0.191218168432336	0.848354669895266	0.998900740178849
HMPRNC0000_1681	cds	1.37097102171531	3.3434014031438	1.8137893509036	1.84332397887228	0.0652817221368703	0.998900740178849
HMPRNC0000_1682	cds	17.261510199502	0.021968388979223	0.535720150205536	0.0410072105198854	0.967290147535377	0.998900740178849
HMPRNC0000_1683	cds	0.591139741626197	0.584550208372841	2.40247409662143	0.243311763150698	0.80776389248934	0.998900740178849
HMPRNC0000_1684	cds	0.392198222301764	0.14693693019578	3.09333786482408	0.0475010931934319	0.962113859078524	0.998900740178849
HMPRNC0000_1685	cds	1.15901248907727	1.84991944637126	1.82789472244892	1.01204922999768	0.311514515454048	0.998900740178849
HMPRNC0000_1686	cds	0.21207141959431	-1.20998026795234	3.86222589384395	-0.313285732427236	0.754063588820276	0.998900740178849
HMPRNC0000_1687	cds	0.7112242767645	0.996878786414613	2.24586770804762	0.443872443084022	0.657134808947173	0.998900740178849
HMPRNC0000_1688	cds	1.11704185445204	-0.968728468034468	1.74834803126401	-0.554082168259202	0.579522613117048	0.998900740178849
HMPRNC0000_1689	cds	0.143112733473274	0.477233240766022	4.03080623412424	0.118396472826164	0.905753520400384	0.998900740178849
HMPRNC0000_1690	cds	4.05426376816774	1.23054394929467	1.05015611431124	1.17177239890827	0.241288446924418	0.998900740178849
HMPRNC0000_1691	cds	5.63161842384884	0.527520550105977	0.875025815363883	0.602862842265523	0.546599936849503	0.998900740178849
HMPRNC0000_1692	cds	1.94208529484348	-0.553054918258434	1.64673110321618	-0.335850168359776	0.736983856332761	0.998900740178849
HMPRNC0000_1693	cds	0.415226420636735	0.251450326159402	2.7159002211849	0.0925845228768007	0.926233639884592	0.998900740178849
HMPRNC0000_1694	cds	9.38614266876544	0.0516009902459224	0.724342849921481	0.0712383510812814	0.943208059188019	0.998900740178849
HMPRNC0000_1695	cds	3.05185848838378	-0.176502761975662	1.23019999920088	-0.143474851317116	0.885915171491447	0.998900740178849
HMPRNC0000_1697	cds	0.932212114910694	-0.369848806222778	1.87700822890977	-0.197041654120823	0.843794941431408	0.998900740178849
HMPRNC0000_1698	cds	0.221843808775526	-2.21903366148579	4.07067951085028	-0.545126103779729	0.58566679046034	0.998900740178849
HMPRNC0000_1700	cds	0	NA	NA	NA	NA	NA
HMPRNC0000_1701	cds	1.43497314244529	-0.0644690839177726	1.52196728788469	-0.0423590470248379	0.966212474767294	0.998900740178849
HMPRNC0000_1702	cds	10.9632515316113	-0.22696916090943	0.625790235704228	-0.362692077887748	0.716834918274432	0.998900740178849
HMPRNC0000_1703	cds	8.98211511045732	0.361239475365904	0.700138972645064	0.515953959827679	0.605886565469563	0.998900740178849
HMPRNC0000_1704	cds	43.477449130902	0.228729046970199	0.659232272617842	0.346962757241701	0.728619298160198	0.998900740178849
HMPRNC0000_1705	cds	4.39920670535411	-0.027607219328067	0.968369530009375	-0.0285089714954164	0.977256212720106	0.998900740178849
HMPRNC0000_1706	cds	1.13622308658245	0.655330821368686	1.91748949320159	0.34176501289428	0.732527741471513	0.998900740178849
HMPRNC0000_1707	cds	5.04701934002521	0.0824338329439023	0.88420079268351	0.0932297659378016	0.925721027565611	0.998900740178849
HMPRNC0000_1708	cds	7.61139103365129	1.90211629026265	0.889405652578807	2.138637510058	0.0324650371630195	0.998900740178849
HMPRNC0000_1710	cds	44.3645967981203	0.495505302882267	0.37502981026193	1.32124244346388	0.186420538392268	0.998900740178849
HMPRNC0000_1711	cds	30.4820291877179	0.472209008261678	0.467675045134136	1.00969468688722	0.312641588778508	0.998900740178849
HMPRNC0000_1713	cds	18.183106599509	0.185353270722657	0.495499507528761	0.374073572034576	0.708349580167779	0.998900740178849
HMPRNC0000_1714	cds	0.632617951854117	0.465260542238958	2.45733913942206	0.189335096151352	0.849830190000821	0.998900740178849
HMPRNC0000_1715	cds	3.2017091894343	-0.850199729559083	1.08075564781057	-0.786671558257824	0.431474157736921	0.998900740178849
HMPRNC0000_1716	cds	3.24781868775843	0.249810808823936	1.12183021157764	0.222681477326791	0.823783418369783	0.998900740178849
HMPRNC0000_1717	cds	0.203155001042426	0.854985990072026	3.8561156513957	0.221722081847459	0.8245302391019	0.998900740178849
HMPRNC0000_1718	cds	0.281886076344678	-1.31483424838019	3.4811021787336	-0.377706307046269	0.705648781956344	0.998900740178849
HMPRNC0000_1720	cds	0.642139681759587	0.768373251734749	2.6373822463234	0.291339358489232	0.770791788601648	0.998900740178849
HMPRNC0000_1721	cds	0.503729885120204	-2.13915129380428	2.86654293339285	-0.746247777727291	0.455517751409076	0.998900740178849
HMPRNC0000_1724	cds	2.88454933057897	0.557574167892752	1.12871282473346	0.493991169121712	0.621312416161018	0.998900740178849
HMPRNC0000_1726	cds	0.548691515320661	-1.65025385175603	2.86573525297214	-0.575857051011428	0.56471180776709	0.998900740178849
HMPRNC0000_1727	cds	0.0830704659041226	-0.0871824083588438	4.06317883659053	-0.0214566997577689	0.982881344090469	0.998900740178849
HMPRNC0000_1728	cds	0	NA	NA	NA	NA	NA
HMPRNC0000_1729	cds	0.498296886540858	0.577876849678763	2.53015589955302	0.22839574817538	0.819338594576324	0.998900740178849
HMPRNC0000_1730	cds	1.2807536760099	-1.32809466255157	1.79791839223643	-0.738684618994053	0.460098527677808	0.998900740178849
HMPRNC0000_1732	cds	0.272113687163461	-0.598190794220942	3.52853068428213	-0.169529713000822	0.865380003002097	0.998900740178849
HMPRNC0000_1733	cds	0.235099617929281	-1.01553877897961	3.71196657710418	-0.27358510856309	0.784403479174539	0.998900740178849
HMPRNC0000_1734	cds	0	NA	NA	NA	NA	NA
HMPRNC0000_1735	cds	0.810315644311183	0.319371856686432	2.18661306547756	0.146057783029245	0.883875773201898	0.998900740178849
HMPRNC0000_1736	cds	0.7897165562266	1.05291395902998	2.08525039266739	0.504934065823685	0.61360514652373	0.998900740178849
HMPRNC0000_1737	cds	0.327703677174468	1.03170555790918	3.3144544785805	0.311274619873805	0.755591859954961	0.998900740178849
HMPRNC0000_1738	cds	0.470199235858562	-0.915312234465434	2.90716996638019	-0.314846481303299	0.752878218122302	0.998900740178849
HMPRNC0000_1739	cds	1.33395579398912	0.895592720968372	1.75063776959117	0.511580828727077	0.608944405653985	0.998900740178849
HMPRNC0000_1740	cds	0.249211397712368	1.05920636453912	4.00756229968065	0.264301908575077	0.791547289725438	0.998900740178849
HMPRNC0000_1742	cds	1.21821064945268	1.93730369402012	2.06125863203954	0.939864442000289	0.34728709857867	0.998900740178849
HMPRNC0000_1744	cds	3.86569582160469	-0.562383224567008	0.972219702125812	-0.578452816104555	0.562958444416229	0.998900740178849
HMPRNC0000_1745	cds	0.719901899476232	1.11877614550282	2.13768287531141	0.523359268310481	0.600724263558855	0.998900740178849
HMPRNC0000_1746	cds	0.249211397712368	1.05920636453912	4.00756229968065	0.264301908575077	0.791547289725438	0.998900740178849
HMPRNC0000_1747	cds	3.4731340530709	0.0950727381100321	1.02159529930765	0.093063014458332	0.925853500065827	0.998900740178849
HMPRNC0000_1748	cds	0.906880715209213	-0.434257908652772	2.21099697142398	-0.196408187919448	0.844290688041845	0.998900740178849
HMPRNC0000_1749	cds	3.28335883010284	-1.61479593924941	1.16590772501813	-1.3850117848943	0.166048863861472	0.998900740178849
HMPRNC0000_1750	cds	2.47265323405804	0.372553059243	1.5587781672528	0.23900325721112	0.811103057038711	0.998900740178849
HMPRNC0000_1751	cds	0	NA	NA	NA	NA	NA
HMPRNC0000_1752	cds	0.770410573704319	0.377401464882793	2.17583663232717	0.173451195404842	0.862296786767662	0.998900740178849
HMPRNC0000_1753	cds	2.24578005266178	0.399971216114448	1.33189110502989	0.300303241461676	0.763945860949268	0.998900740178849
HMPRNC0000_1754	cds	1.57193454985549	-0.108426227013105	1.51706135034385	-0.0714712209816233	0.943022728297962	0.998900740178849
HMPRNC0000_1755	cds	1.47198721167947	0.0249290700701763	1.49776557755202	0.0166441734566505	0.986720484108528	0.998900740178849
HMPRNC0000_1756	cds	1.30621098459526	-0.424270229525172	1.72339790968342	-0.246182397658303	0.805541040956269	0.998900740178849
HMPRNC0000_1757	cds	2.18731208320569	1.58015167180317	1.4253470346144	1.10860838338269	0.2675991600005	0.998900740178849
HMPRNC0000_1758	cds	5.56237776370578	-0.641852526693178	0.849227256296172	-0.755807732187683	0.449764480157532	0.998900740178849
HMPRNC0000_1759	cds	1.47462755377641	0.161308077687591	1.6037316603334	0.100582960153108	0.919881523926321	0.998900740178849
HMPRNC0000_1761	cds	2.04488817325927	-0.0114110189291765	1.44425571735091	-0.00790096850030609	0.99369600480642	0.998900740178849
HMPRNC0000_1762	cds	0.479732829199626	0.0268813220073914	2.69393087779693	0.00997847503398998	0.992038460951934	0.998900740178849
HMPRNC0000_1764	cds	1.18514456994374	-2.11188160139263	1.78968248386577	-1.1800314415722	0.237987710004126	0.998900740178849
HMPRNC0000_1765	cds	0	NA	NA	NA	NA	NA
HMPRNC0000_1766	cds	1.79689629240826	-2.02635975581986	1.59769658723984	-1.26830073494779	0.204690574716187	0.998900740178849
HMPRNC0000_1767	cds	0.235099617929281	-1.01553877897961	3.71196657710418	-0.27358510856309	0.784403479174539	0.998900740178849
HMPRNC0000_1768	cds	2.27315950503421	1.69300591493921	1.57596853568877	1.07426377913014	0.282704474102509	0.998900740178849
HMPRNC0000_1769	cds	4.02856572377895	-0.122214340899533	0.969430126101446	-0.126068230818261	0.89967791492778	0.998900740178849
HMPRNC0000_1770	cds	5.17359514976129	0.0932836714253826	1.02048356730501	0.091411243075413	0.927165828471154	0.998900740178849
HMPRNC0000_1772	cds	1.66764365012418	-0.777917460399065	1.52902674197284	-0.508766419216025	0.610915960147008	0.998900740178849
HMPRNC0000_1773	cds	1.65054087476587	0.283427154183795	1.44335008765276	0.196367573334004	0.844322474863704	0.998900740178849
HMPRNC0000_1775	cds	0.565682433040838	-0.523920952403647	2.55955934696228	-0.204691855660797	0.837812883926466	0.998900740178849
HMPRNC0000_1776	cds	0.558339154110009	0.806466497969946	2.43365794524271	0.331380381349983	0.740357181958793	0.998900740178849
HMPRNC0000_1777	cds	28.7137525009828	0.295152993235309	0.549623668489173	0.537009248613033	0.591261225580764	0.998900740178849
HMPRNC0000_1778	cds	10.9638225953234	0.717616087356856	0.635256236104255	1.12964823731236	0.258624476571376	0.998900740178849
HMPRNC0000_1779	cds	3.40899119074003	-0.689728915739023	1.01469575114432	-0.679739631274878	0.496669337284116	0.998900740178849
HMPRNC0000_1780	cds	9.13271844163247	-0.0844389659276242	0.717297205906428	-0.117718241800372	0.906290912413805	0.998900740178849
HMPRNC0000_1781	cds	0.120084535138303	0.318360587378331	4.03879997395116	0.0788255396235627	0.937171389566932	0.998900740178849
HMPRNC0000_1782	cds	0.0830704659041226	-0.0871824083588438	4.06317883659053	-0.0214566997577689	0.982881344090469	0.998900740178849
HMPRNC0000_1783	cds	0.44717103752359	-1.05806173281911	2.67354677133117	-0.395752093872027	0.692287920966096	0.998900740178849
HMPRNC0000_1784	cds	1.4172531922978	-0.127510909231131	1.58777337433384	-0.0803080032026794	0.935992293140085	0.998900740178849
HMPRNC0000_1785	cds	0.3649565422488	-0.535340677198235	2.86310297098819	-0.186979190976657	0.851676948399978	0.998900740178849
HMPRNC0000_1786	cds	0.152029152025158	-2.10450454780732	4.07469586340345	-0.516481381275287	0.605518239535364	0.998900740178849
HMPRNC0000_1787	cds	2.35150149644385	0.322993762536895	1.29478328002488	0.249457779938808	0.803006695455153	0.998900740178849
HMPRNC0000_1788	cds	2.89284857434167	-0.330846519181935	1.1247158434285	-0.294160094849743	0.768635571995606	0.998900740178849
HMPRNC0000_1791	cds	1.85741693312898	-1.08053132749792	1.46187050093259	-0.739142986200628	0.459820176801317	0.998900740178849
HMPRNC0000_1792	cds	0.44778821231277	1.66656106074528	2.63246316046167	0.633080487421905	0.526681083814621	0.998900740178849
HMPRNC0000_1794	cds	0.6228455626729	0.779370648828661	2.2545293903085	0.345691057379391	0.72957490558332	0.998900740178849
HMPRNC0000_1795	cds	1.68455105567109	1.80408695986059	1.61402788668741	1.11775451635055	0.263671852116689	0.998900740178849
HMPRNC0000_1796	cds	0.685766968179141	0.19756016340386	2.38098788646021	0.0829740312948717	0.933872188418933	0.998900740178849
HMPRNC0000_1797	cds	3.78663868753634	-0.997387559072477	1.11562699747956	-0.894015258976156	0.371313727014704	0.998900740178849
HMPRNC0000_1798	cds	2.12580956297176	0.449435676659985	1.28855337577937	0.348790888377555	0.727246304388054	0.998900740178849
HMPRNC0000_1799	cds	4.42322062032471	0.0498072530002848	0.996374575948974	0.0499884824468218	0.960131566523836	0.998900740178849
HMPRNC0000_1800	cds	17.2601146640801	0.322269512407171	0.519651421291222	0.620164785860492	0.535149302755844	0.998900740178849
HMPRNC0000_1801	cds	0.166140931808245	0.619965652411284	4.02427872731825	0.154056340134378	0.877565312758198	0.998900740178849
HMPRNC0000_1802	cds	10.663694769651	0.22533345267976	0.623020265580869	0.361679170210734	0.717591794519249	0.998900740178849
HMPRNC0000_1803	cds	0.415226420636735	0.251450326159402	2.7159002211849	0.0925845228768007	0.926233639884592	0.998900740178849
HMPRNC0000_1804	cds	6.32704489425292	0.769729924900134	0.822729443004971	0.935580866157823	0.349489029804226	0.998900740178849
HMPRNC0000_1805	cds	0.152029152025158	-2.10450454780732	4.07469586340345	-0.516481381275287	0.605518239535364	0.998900740178849
HMPRNC0000_1806	cds	0.286225466946548	1.23610492887501	3.36414935735462	0.367434616472265	0.713294854401914	0.998900740178849
HMPRNC0000_1807	cds	1.1620034846525	-0.453759060221216	1.82368261747801	-0.248814709244049	0.803504112530704	0.998900740178849
HMPRNC0000_1808	cds	4.17263339276596	-0.257730438332341	1.00522332562938	-0.256391223483572	0.797648764072733	0.998900740178849
HMPRNC0000_1809	cds	4.63379030118876	-0.328311876825282	0.955691457868085	-0.343533338215313	0.731197264828808	0.998900740178849
HMPRNC0000_1810	cds	1.19974877412414	1.26395179071543	1.88439419374088	0.670747020402479	0.502381703095575	0.998900740178849
HMPRNC0000_1811	cds	8.28156093791659	0.960329602725972	0.728620836790852	1.31801007360105	0.187500275735543	0.998900740178849
HMPRNC0000_1812	cds	2.78384242670062	-1.18821450374919	1.11501683908751	-1.06564713831728	0.286583181935099	0.998900740178849
HMPRNC0000_1813	cds	4.21998276582434	-1.33718710793873	0.946949745354173	-1.41209933737149	0.157920713850162	0.998900740178849
HMPRNC0000_1814	cds	3.88248852940592	0.432608487195825	1.03926428357115	0.416264172679237	0.677216706061157	0.998900740178849
HMPRNC0000_1815	cds	11.7712305947555	-0.00372655468712294	0.605009027818446	-0.00615950261198619	0.995085459039539	0.998900740178849
HMPRNC0000_1816	cds	0.565682433040838	-0.523920952403647	2.55955934696228	-0.204691855660797	0.837812883926466	0.998900740178849
HMPRNC0000_1817	cds	1.85839881264219	-0.181097819182425	1.36328884346941	-0.132838921150086	0.894320772487636	0.998900740178849
HMPRNC0000_1818	cds	4.30781223949796	0.444152869777199	0.987348857660222	0.44984390910193	0.652822994482979	0.998900740178849
HMPRNC0000_1820	cds	1.15912537603355	-0.0101086705166731	1.81844121663757	-0.00555897568983	0.995564601967152	0.998900740178849
HMPRNC0000_1822	cds	0.489380467988974	1.96102627514522	2.74092746011521	0.715460844433582	0.474324327363924	0.998900740178849
HMPRNC0000_1824	cds	1.34841925656863	-0.817897500850336	1.60684846633781	-0.509007238694022	0.610747150228043	0.998900740178849
HMPRNC0000_1825	cds	7.74928092826949	0.216492989454849	0.73792783871098	0.293379620740452	0.769232000769053	0.998900740178849
HMPRNC0000_1826	cds	5.0585513444847	-0.180983851450399	0.869172778610387	-0.208225402249426	0.835052975135453	0.998900740178849
HMPRNC0000_1827	cds	3.50294261569373	0.919450562656322	1.08371823689477	0.848422155643401	0.396202908170501	0.998900740178849
HMPRNC0000_1828	cds	0.90497043485773	-0.88160279462878	1.96767474596376	-0.448042948377108	0.654122200987372	0.998900740178849
HMPRNC0000_1829	cds	0	NA	NA	NA	NA	NA
HMPRNC0000_1830	cds	14.8643460152924	-0.475387518791561	0.529802379981854	-0.89729215411951	0.369563041998321	0.998900740178849
HMPRNC0000_1831	cds	8.5472803754034	0.0833256645965748	0.695379220504609	0.119827659699277	0.904619670535474	0.998900740178849
HMPRNC0000_1832	cds	0.757280673434442	1.10363336783341	2.23683667519967	0.493390232764711	0.621736882376356	0.998900740178849
HMPRNC0000_1833	cds	0.932212114910694	-0.369848806222778	1.87700822890977	-0.197041654120823	0.843794941431408	0.998900740178849
HMPRNC0000_1834	cds	1.34971236213093	-1.94332428643103	1.75168239717244	-1.10940447284733	0.26725573367841	0.998900740178849
HMPRNC0000_1835	cds	10.2724154017359	0.561966697208003	0.648331364552832	0.866789311659483	0.386057459455105	0.998900740178849
HMPRNC0000_1836	cds	0.831308811902803	1.31414107371109	2.14329910254539	0.613139375717747	0.539784186308891	0.998900740178849
HMPRNC0000_1837	cds	2.07711282420488	0.278097368066636	1.30161564911158	0.213655519781475	0.830815700393544	0.998900740178849
HMPRNC0000_1839	cds	2.44519916366651	-0.503860545742075	1.22549233919733	-0.41114948631347	0.68096292539761	0.998900740178849
HMPRNC0000_1840	cds	1.30608507571138	-1.07614099176664	1.62892673847409	-0.660644193719064	0.508840520346209	0.998900740178849
HMPRNC0000_1841	cds	1.51866078313859	1.31365228668145	1.57648926650059	0.833277025474095	0.40468851038053	0.998900740178849
HMPRNC0000_1843	cds	15.8657522748186	0.234641849488683	0.524095459546073	0.447708227985622	0.654363782732125	0.998900740178849
HMPRNC0000_1845	cds	27.1669003037278	0.506011933205873	0.455531154242539	1.11081740182463	0.266646954480022	0.998900740178849
HMPRNC0000_1846	cds	19.7791261157748	0.201728641468118	0.530799948921017	0.380046459835163	0.703910927960009	0.998900740178849
HMPRNC0000_1848	cds	0.826239359555478	0.180015976875183	2.0013539160317	0.0899470980285788	0.928329253992504	0.998900740178849
HMPRNC0000_1849	cds	0.567872747451073	2.05999565254869	2.42344386655217	0.850028210259084	0.395309402382109	0.998900740178849
HMPRNC0000_1850	cds	0.387745944743619	1.41047631014659	2.79879897221566	0.50395770619781	0.614291097923545	0.998900740178849
HMPRNC0000_1851	cds	1.59784188612755	-0.814970463475793	1.59961032783511	-0.509480621182763	0.610415378337419	0.998900740178849
HMPRNC0000_1852	cds	0	NA	NA	NA	NA	NA
HMPRNC0000_1855	cds	5.2880303296854	-0.162879418091272	0.851193309100885	-0.191354203974326	0.848248096955213	0.998900740178849
HMPRNC0000_1857	cds	1.7177151894193	0.0559004544685662	1.44041801889572	0.0388084942948864	0.969043072469868	0.998900740178849
HMPRNC0000_1859	cds	3.02461577901268	-0.171227480419527	1.07932205244807	-0.158643548541565	0.873949716477117	0.998900740178849
HMPRNC0000_1860	cds	0.0830704659041226	-0.0871824083588438	4.06317883659053	-0.0214566997577689	0.982881344090469	0.998900740178849
HMPRNC0000_1861	cds	0	NA	NA	NA	NA	NA
HMPRNC0000_1862	cds	0.152029152025158	-2.10450454780732	4.07469586340345	-0.516481381275287	0.605518239535364	0.998900740178849
HMPRNC0000_1863	cds	0.180126802707454	0.73662894826931	4.01936770776885	0.183269857805125	0.85458628380304	0.998900740178849
HMPRNC0000_1864	cds	0.531097474057046	0.335890793508975	2.5303587666064	0.13274433568148	0.894395578307988	0.998900740178849
HMPRNC0000_1865	cds	0.669014846299117	-1.65357501167364	2.1718760486822	-0.761357911137218	0.446443319477765	0.998900740178849
HMPRNC0000_1866	cds	1.52335185653689	0.0596588652768837	1.5409650704993	0.038715261247001	0.969117405816024	0.998900740178849
HMPRNC0000_1867	cds	1.53694364792906	-1.68385617134695	1.65356198064968	-1.01832056557406	0.308525638094986	0.998900740178849
HMPRNC0000_1868	cds	9.23450949340646	-0.426012103674148	0.774965145554932	-0.549717759718202	0.582512973740782	0.998900740178849
HMPRNC0000_1871	cds	0.704455775912242	-2.3430103930137	2.41098698023556	-0.971805493858279	0.331147322225057	0.998900740178849
HMPRNC0000_1872	cds	0.886155718240752	-0.510576695333916	2.1363403749631	-0.238995949015257	0.811108723952598	0.998900740178849
HMPRNC0000_1873	cds	0.727483974247213	-2.20354658538169	2.38287513757613	-0.924742782629874	0.355099719553182	0.998900740178849
HMPRNC0000_1875	cds	11.6630552845337	-0.118123236628778	0.609121929919888	-0.193923795592639	0.846235551184568	0.998900740178849
HMPRNC0000_1876	cds	2.80857264282194	1.23759906920554	1.25631697677256	0.985100967420576	0.324574478230552	0.998900740178849
HMPRNC0000_1877	cds	0.489380467988974	1.96102627514522	2.74092746011521	0.715460844433582	0.474324327363924	0.998900740178849
HMPRNC0000_1878	cds	0.44778821231277	1.66656106074528	2.63246316046167	0.633080487421905	0.526681083814621	0.998900740178849
HMPRNC0000_1879	cds	0.752463691152267	2.38334182295896	2.23664814328381	1.06558639100908	0.28661065378594	0.998900740178849
HMPRNC0000_1880	cds	8.62555124119888	0.0671739869592986	0.791861753215388	0.0848304475958534	0.932396187097896	0.998900740178849
HMPRNC0000_1881	cds	1.29993490814031	0.452454621232369	1.76447069315329	0.256425126803204	0.797622587914509	0.998900740178849
HMPRNC0000_1882	cds	2.38236423961495	0.242734529942571	1.25994284465182	0.192655191442156	0.847229017989861	0.998900740178849
HMPRNC0000_1883	cds	5.70759729941602	0.587824626333232	0.810438324226683	0.725316916489768	0.468257630102974	0.998900740178849
HMPRNC0000_1884	cds	2.30099282221576	0.634840910757263	1.26545758293993	0.501669055775377	0.615900334909503	0.998900740178849
HMPRNC0000_1885	cds	4.9730647902578	0.19628167194842	0.887410710395766	0.2211847002172	0.824948621711022	0.998900740178849
HMPRNC0000_1886	cds	2.80712425359275	0.664069512255186	1.18649527700153	0.559689975280307	0.575690921302421	0.998900740178849
HMPRNC0000_1887	cds	0.281886076344678	-1.31483424838019	3.4811021787336	-0.377706307046269	0.705648781956344	0.998900740178849
HMPRNC0000_1888	cds	2.86514335385415	1.40558220233676	1.26037255361646	1.11521168745197	0.264759718853345	0.998900740178849
HMPRNC0000_1889	cds	0.996718523473584	-0.50320403769381	1.81119709763282	-0.277829529625176	0.781143221869428	0.998900740178849
HMPRNC0000_1890	cds	1.52335185653689	0.0596588652768837	1.5409650704993	0.038715261247001	0.969117405816024	0.998900740178849
HMPRNC0000_1891	cds	1.39613527431431	0.141042045076706	1.66259930199201	0.0848322532721624	0.932394751551305	0.998900740178849
HMPRNC0000_1892	cds	7.39848025054785	-0.211443180985978	0.755928263422256	-0.279713289232932	0.77969748182359	0.998900740178849
HMPRNC0000_1893	cds	0.728818318028116	0.00402774757414009	2.30234082108341	0.00174941413419615	0.998604170183853	0.999501069039812
HMPRNC0000_1894	cds	1.72639281213103	0.123817092695934	1.41270888268528	0.0876451576212805	0.930158709662933	0.998900740178849
HMPRNC0000_1895	cds	4.06337658584917	-0.615981934194079	0.978743703520322	-0.629359792536626	0.529113534631643	0.998900740178849
HMPRNC0000_1896	cds	1.37988744026719	2.22409958971871	1.75276866838005	1.26890651906408	0.204474406960206	0.998900740178849
HMPRNC0000_1897	cds	1.14704978548582	0.414784874501345	1.81714948319679	0.228261284135877	0.81944312085287	0.998900740178849
HMPRNC0000_1898	cds	7.78827560662369	-1.38326750882278	0.777550992138988	-1.77900552221985	0.0752388566144759	0.998900740178849
HMPRNC0000_1899	cds	1.01156036500213	0.204052973320643	1.91752818923391	0.106414588565797	0.91525341879783	0.998900740178849
HMPRNC0000_1900	cds	0.387984740583772	-0.407322651532318	3.11395333491096	-0.130805637632963	0.895929063132717	0.998900740178849
HMPRNC0000_1902	cds	0.422569699567564	-2.21054879241464	3.39962777145516	-0.650232596337582	0.515541988594059	0.998900740178849
HMPRNC0000_1903	cds	3.07659759865928	0.42534436660624	1.06320920867425	0.400057075442955	0.689114478896473	0.998900740178849
HMPRNC0000_1904	cds	2.29641463577374	0.546255320292344	1.2424129522979	0.439672911717493	0.660174024518427	0.998900740178849
HMPRNC0000_1905	cds	0.44778821231277	1.66656106074528	2.63246316046167	0.633080487421905	0.526681083814621	0.998900740178849
HMPRNC0000_1906	cds	0.673971411690167	2.31929542873788	2.25368901465712	1.02911067749547	0.303427669247573	0.998900740178849
HMPRNC0000_1907	cds	11.1172463826262	0.49589329944333	0.625494236047112	0.79280234871098	0.427892987889337	0.998900740178849
HMPRNC0000_1908	cds	4.78781245784948	0.0453591623066225	0.948068530141853	0.0478437590369503	0.961840761798846	0.998900740178849
HMPRNC0000_1909	cds	9.08997787466087	-0.0981086522526362	0.79315035918051	-0.123694897338259	0.901556851967151	0.998900740178849
HMPRNC0000_1910	cds	0.152029152025158	-2.10450454780732	4.07469586340345	-0.516481381275287	0.605518239535364	0.998900740178849
HMPRNC0000_1911	cds	1.28113205495892	1.56921703647887	1.86116296331143	0.843137902167834	0.399151323187003	0.998900740178849
HMPRNC0000_1912	cds	0	NA	NA	NA	NA	NA
HMPRNC0000_1913	cds	1.28051488016975	-0.397217253308676	1.69248102832223	-0.234695247191303	0.814445276910417	0.998900740178849
HMPRNC0000_1914	cds	0	NA	NA	NA	NA	NA
HMPRNC0000_1915	cds	0	NA	NA	NA	NA	NA
HMPRNC0000_1916	cds	0.327703677174468	1.03170555790918	3.3144544785805	0.311274619873805	0.755591859954961	0.998900740178849
HMPRNC0000_1917	cds	1.7962074688814	0.0560677325475129	1.42318031850231	0.0393960848239639	0.96857460134592	0.998900740178849
HMPRNC0000_1918	cds	0.203155001042426	0.854985990072026	3.8561156513957	0.221722081847459	0.8245302391019	0.998900740178849
HMPRNC0000_1919	cds	0.748363096390549	-1.1132769795473	2.35126009065181	-0.473481000240464	0.63587005304207	0.998900740178849
HMPRNC0000_1920	cds	2.09556283609783	0.204634111468731	1.31633640763321	0.155457305808829	0.876460809717689	0.998900740178849
HMPRNC0000_1922	cds	0.424998809817952	-0.132845218645049	2.70072497756426	-0.0491887251566283	0.960768896412642	0.998900740178849
HMPRNC0000_1923	cds	0	NA	NA	NA	NA	NA
HMPRNC0000_1924	cds	0.424760013977799	1.60481055135012	2.97937933861488	0.538639216077869	0.590135822606771	0.998900740178849
HMPRNC0000_1925	cds	0.415226420636735	0.251450326159402	2.7159002211849	0.0925845228768007	0.926233639884592	0.998900740178849
HMPRNC0000_1926	cds	0.844564621056557	1.55274083583347	2.13070329041519	0.728745688251556	0.466157239625246	0.998900740178849
HMPRNC0000_1927	cds	3.0847827969737	-0.684508897580519	1.08489984857028	-0.630942015968191	0.528078438196549	0.998900740178849
HMPRNC0000_1928	cds	13.376755492805	0.280067371500354	0.593732456024855	0.471706353018757	0.637136401854077	0.998900740178849
HMPRNC0000_1929	cds	0.0830704659041226	-0.0871824083588438	4.06317883659053	-0.0214566997577689	0.982881344090469	0.998900740178849
HMPRNC0000_1930	cds	0	NA	NA	NA	NA	NA
HMPRNC0000_1931	cds	2.51574698061762	3.24191626469347	1.5284672606811	2.12102434124028	0.0339197540748248	0.998900740178849
HMPRNC0000_1932	cds	0.682887830242051	0.988957676287257	2.15552394587596	0.458801526273635	0.646376698631742	0.998900740178849
HMPRNC0000_1933	cds	1.09016668991251	0.566731131340366	1.97509612098308	0.286938506596976	0.774159405629164	0.998900740178849
HMPRNC0000_1934	cds	0.221843808775526	-2.21903366148579	4.07067951085028	-0.545126103779729	0.58566679046034	0.998900740178849
HMPRNC0000_1935	cds	3.22576050550108	0.612840933437315	1.16420106160994	0.526404719636517	0.59860703717524	0.998900740178849
HMPRNC0000_1936	cds	2.46905741794948	-1.33919058672358	1.27624125360224	-1.04932400746619	0.294029020276442	0.998900740178849
HMPRNC0000_1937	cds	0	NA	NA	NA	NA	NA
HMPRNC0000_1938	cds	0	NA	NA	NA	NA	NA
HMPRNC0000_1939	cds	0.272113687163461	-0.598190794220942	3.52853068428213	-0.169529713000822	0.865380003002097	0.998900740178849
HMPRNC0000_1940	cds	0.0600422675691515	-0.287764842376576	4.07015500311295	-0.0707011998699035	0.943635565871096	0.998900740178849
HMPRNC0000_1941	cds	0	NA	NA	NA	NA	NA
HMPRNC0000_1942	cds	0	NA	NA	NA	NA	NA
HMPRNC0000_1943	cds	0	NA	NA	NA	NA	NA
HMPRNC0000_1945	cds	0	NA	NA	NA	NA	NA
HMPRNC0000_1946	cds	0	NA	NA	NA	NA	NA
HMPRNC0000_1947	cds	0.309253665281519	1.31742048186384	3.30525907759484	0.398583121908404	0.690200400000409	0.998900740178849
HMPRNC0000_1948	cds	0.797902913033029	0.225476840592118	2.26261070261985	0.099653396110538	0.920619500803022	0.998900740178849
HMPRNC0000_1950	cds	0	NA	NA	NA	NA	NA
HMPRNC0000_1951	cds	0	NA	NA	NA	NA	NA
HMPRNC0000_1952	cds	0.0600422675691515	-0.287764842376576	4.07015500311295	-0.0707011998699035	0.943635565871096	0.998900740178849
HMPRNC0000_1953	cds	0	NA	NA	NA	NA	NA
HMPRNC0000_1955	cds	0	NA	NA	NA	NA	NA
HMPRNC0000_1956	cds	0	NA	NA	NA	NA	NA
HMPRNC0000_1957	cds	0.318170083833403	-0.30644228861375	3.33779510575269	-0.0918097962590923	0.926849160648587	0.998900740178849
HMPRNC0000_1958	cds	0	NA	NA	NA	NA	NA
HMPRNC0000_1959	cds	0	NA	NA	NA	NA	NA
HMPRNC0000_1960	cds	0	NA	NA	NA	NA	NA
HMPRNC0000_1961	cds	0	NA	NA	NA	NA	NA
HMPRNC0000_1962	cds	0	NA	NA	NA	NA	NA
HMPRNC0000_1971	cds	0.891475829863823	-0.226791142604148	2.0159039216868	-0.112500968009617	0.910426202255762	0.998900740178849
HMPRNC0000_1972	cds	0.705916028577022	1.0515610972931	2.17005726276067	0.484577580204195	0.627976020393483	0.998900740178849
HMPRNC0000_1974	cds	0.840349980846556	-2.38870222798525	2.31636584246496	-1.03122839414836	0.302433728336549	0.998900740178849
HMPRNC0000_1977	cds	1.40347855324514	-0.831233451821916	1.71161775613049	-0.485641989191039	0.627221020323585	0.998900740178849
HMPRNC0000_1978	cds	3.15319146120549	0.456007478910064	1.18083436105659	0.386173957964806	0.699367839184982	0.998900740178849
HMPRNC0000_1979	cds	1.57435179667028	0.16794583022682	1.58146963807208	0.106196050928652	0.915426804132732	0.998900740178849
HMPRNC0000_1980	cds	2.86743172250365	-0.767620057825281	1.15169350614747	-0.666514184310239	0.505082500414541	0.998900740178849
HMPRNC0000_1981	cds	0.318170083833403	-0.30644228861375	3.33779510575269	-0.0918097962590923	0.926849160648587	0.998900740178849
HMPRNC0000_1982	cds	1.13983125694686	-0.0385398415455681	1.68775832179476	-0.0228349290581988	0.981781945923282	0.998900740178849
HMPRNC0000_1983	cds	0.355184153067584	-0.0503250482365566	2.86104832266514	-0.0175897232625829	0.9859661550585	0.998900740178849
HMPRNC0000_1984	cds	6.67221476384386	-0.304606098782119	0.748511749161817	-0.406948987939357	0.684045455047368	0.998900740178849
HMPRNC0000_1986	cds	2.74963700515787	1.34958662286942	1.29106270300396	1.04533003682106	0.295870459865963	0.998900740178849
HMPRNC0000_1987	cds	3.3320456453974	0.246161673847842	1.13073812822619	0.217699985260072	0.827662875164205	0.998900740178849
HMPRNC0000_1988	cds	1.22290172285098	0.167187148839217	1.65246015261924	0.101174693122988	0.919411785578551	0.998900740178849
HMPRNC0000_1990	cds	6.7559191344133	-0.170249175807416	0.821500093780264	-0.20724182151214	0.835821007373041	0.998900740178849
HMPRNC0000_1991	cds	0	NA	NA	NA	NA	NA
HMPRNC0000_1992	cds	0.623814420258507	-1.07958629518455	2.64227408261291	-0.40858225204138	0.682846257427187	0.998900740178849
HMPRNC0000_1993	cds	1.16285945528183	0.0184786476571381	1.72056695454677	0.0107398596772456	0.991430996510013	0.998900740178849
HMPRNC0000_1994	cds	0.143112733473274	0.477233240766022	4.03080623412424	0.118396472826164	0.905753520400384	0.998900740178849
HMPRNC0000_1995	cds	1.57853590360527	-1.04952811923976	1.59669416702018	-0.657313179266155	0.510979563980512	0.998900740178849
HMPRNC0000_1996	cds	2.72090915775879	-0.922840369325311	1.15884026741972	-0.796348207143437	0.425829673118199	0.998900740178849
HMPRNC0000_1997	cds	0	NA	NA	NA	NA	NA
HMPRNC0000_1998	cds	0.327703677174468	1.03170555790918	3.3144544785805	0.311274619873805	0.755591859954961	0.998900740178849
HMPRNC0000_1999	cds	2.47678023432135	0.268875309174711	1.1813695699897	0.227596271315043	0.819960118945887	0.998900740178849
HMPRNC0000_2001	cds	0	NA	NA	NA	NA	NA
HMPRNC0000_2002	cds	0.627297840231045	-0.114369596908602	2.36932451102786	-0.0482709719062445	0.961500288639085	0.998900740178849
HMPRNC0000_2003	cds	0	NA	NA	NA	NA	NA
HMPRNC0000_2004	cds	0.21207141959431	-1.20998026795234	3.86222589384395	-0.313285732427236	0.754063588820276	0.998900740178849
HMPRNC0000_2005	cds	0.387745944743619	1.41047631014659	2.79879897221566	0.50395770619781	0.614291097923545	0.998900740178849
HMPRNC0000_2006	cds	2.09111055853968	0.563217294454327	1.33555762465014	0.421709467310979	0.673237093307276	0.998900740178849
HMPRNC0000_2038	cds	16.5508063155789	0.375392235621369	0.559462563260744	0.670987230018486	0.502228664639245	0.998900740178849
HMPRNC0000_2040	cds	0.826000563715325	1.37942135543428	2.0180046900557	0.683557061205942	0.494254906663132	0.998900740178849
HMPRNC0000_2041	cds	0.688196078429529	0.936547868725859	2.28062169454715	0.410654634639799	0.681325796055254	0.998900740178849
HMPRNC0000_2042	cds	1.27824105358624	1.29423257319995	1.73923878873822	0.744137367209299	0.456793374893726	0.998900740178849
HMPRNC0000_2044	cds	0.657669317496845	-2.0129302891562	2.43698137506862	-0.825993300461527	0.408807892229311	0.998900740178849
HMPRNC0000_2045	cds	0.802972365380354	1.33265344015751	2.03783754957706	0.653954698417492	0.513140992148048	0.998900740178849
HMPRNC0000_2046	cds	1.3704667338824	-0.00818127788505427	1.61572968299783	-0.00506351896059414	0.99595991366213	0.998900740178849
HMPRNC0000_2047	cds	0	NA	NA	NA	NA	NA
HMPRNC0000_2049	cds	4.70232590362257	0.450462939493134	0.896552678182595	0.502438897852906	0.615358823069843	0.998900740178849
HMPRNC0000_2051	cds	0.562803295103748	0.555844428002756	2.54378155877654	0.218511069114793	0.827030934782962	0.998900740178849
HMPRNC0000_2052	cds	0.895198045676514	-0.527276672184961	1.91533566153113	-0.275292045553755	0.783091875195626	0.998900740178849
HMPRNC0000_2054	cds	0.221843808775526	-2.21903366148579	4.07067951085028	-0.545126103779729	0.58566679046034	0.998900740178849
HMPRNC0000_2055	cds	3.59200899482017	-0.712841818521705	1.01142185122825	-0.704791791531938	0.480939817577058	0.998900740178849
HMPRNC0000_2058	cds	2.65678112814492	0.103364012178925	1.17400414346294	0.0880439926506856	0.929841710803033	0.998900740178849
HMPRNC0000_2060	cds	0.272113687163461	-0.598190794220942	3.52853068428213	-0.169529713000822	0.865380003002097	0.998900740178849
HMPRNC0000_2061	cds	1.98473186024183	-0.424547517617108	1.42297090362712	-0.298352915393384	0.765433821503643	0.998900740178849
HMPRNC0000_2062	cds	1.24184415914124	3.19566134053702	1.85548559312037	1.72227763577667	0.0850192369701039	0.998900740178849
HMPRNC0000_2063	cds	2.42322527505369	-0.625301357983096	1.20252835120964	-0.519988869579744	0.603071332852629	0.998900740178849
HMPRNC0000_2064	cds	0.0830704659041226	-0.0871824083588438	4.06317883659053	-0.0214566997577689	0.982881344090469	0.998900740178849
HMPRNC0000_2065	cds	2.72623042787387	0.0895984887746818	1.21411974675936	0.0737970772766288	0.94117185268116	0.998900740178849
HMPRNC0000_2066	cds	3.40177485001122	-0.194331350475055	1.19954760871199	-0.162003866344011	0.871302809190126	0.998900740178849
HMPRNC0000_2067	cds	3.12300567812565	-0.536839885987535	1.09858022803689	-0.488666983336158	0.62507748225737	0.998900740178849
HMPRNC0000_2068	cds	1.67104161796018	-0.9563124739841	1.46957375322279	-0.650741394834317	0.515213436951447	0.998900740178849
HMPRNC0000_2069	cds	1.59653588781151	0.09248789939325	1.47781489272304	0.0625842247555314	0.950097591611134	0.998900740178849
HMPRNC0000_2070	cds	1.22120267434605	-0.934730336432421	1.74921736367082	-0.534370602445224	0.593085153846247	0.998900740178849
HMPRNC0000_2071	cds	0.166140931808245	0.619965652411284	4.02427872731825	0.154056340134378	0.877565312758198	0.998900740178849
HMPRNC0000_2072	cds	1.08509723756518	-0.225020279547061	1.78483882594377	-0.12607316485738	0.899674009295509	0.998900740178849
HMPRNC0000_2073	cds	0.771152498885368	0.78133977972476	2.35842303010316	0.331297553387012	0.740419739175975	0.998900740178849
HMPRNC0000_2074	cds	0	NA	NA	NA	NA	NA
HMPRNC0000_2075	cds	1.06121306860088	-0.780743106298359	1.82133549169563	-0.428665179950731	0.668166904026948	0.998900740178849
HMPRNC0000_2076	cds	2.31271672996706	2.09867631611483	1.40775944822634	1.49079185279772	0.136016151446681	0.998900740178849
HMPRNC0000_2078	cds	6.33359819696235	1.13166061040125	0.864774945660109	1.30861863665282	0.190663564783863	0.998900740178849
HMPRNC0000_2079	cds	1.23531445412914	0.128620831115017	1.72251628366504	0.0746703136189504	0.940477028012452	0.998900740178849
HMPRNC0000_2080	cds	4.12768878309266	1.62223045524673	1.12503363927943	1.44193951061387	0.149319438758525	0.998900740178849
HMPRNC0000_2081	cds	1.97114006884966	0.60366863896567	1.34138740077866	0.450033031930407	0.652686622949794	0.998900740178849
HMPRNC0000_2082	cds	0.870357911880335	0.622684143907	2.10451458211186	0.295880175504482	0.767321591236786	0.998900740178849
HMPRNC0000_2083	cds	2.09109869510409	0.310599730040372	1.35296981595916	0.229568853921682	0.818426811469054	0.998900740178849
HMPRNC0000_2084	cds	6.54162880709702	-0.319404152853893	0.750434819933922	-0.42562544323572	0.670380797413168	0.998900740178849
HMPRNC0000_2085	cds	3.25356407087888	-0.438506586693561	1.06474816680232	-0.411840659008126	0.68045621772947	0.998900740178849
HMPRNC0000_2086	cds	0.166140931808245	0.619965652411284	4.02427872731825	0.154056340134378	0.877565312758198	0.998900740178849
HMPRNC0000_2087	cds	6.48775153981594	0.221761438723162	0.796608602023029	0.278381928289485	0.780719190583134	0.998900740178849
HMPRNC0000_2088	cds	0.768837434083264	0.532133570182673	2.26598731747138	0.234835193506944	0.814336650976453	0.998900740178849
HMPRNC0000_2089	cds	0.780070075929261	2.5395816871738	2.18089698150647	1.16446659732619	0.244234972327891	0.998900740178849
HMPRNC0000_2090	cds	0.54001389260893	-1.09501568519101	2.53530746106704	-0.431906465786263	0.665809395246794	0.998900740178849
HMPRNC0000_2091	cds	4.7366984722678	-0.093641010675325	0.918327251871968	-0.101969107945389	0.918781195529404	0.998900740178849
HMPRNC0000_2092	cds	1.56568603739414	0.394513807964706	1.61335259334205	0.244530432834569	0.80682003521917	0.998900740178849
HMPRNC0000_2094	cds	0.505640165471687	-1.13294683428013	2.90410487302101	-0.390119118908255	0.696448465858057	0.998900740178849
HMPRNC0000_2095	cds	0	NA	NA	NA	NA	NA
HMPRNC0000_2096	cds	0	NA	NA	NA	NA	NA
HMPRNC0000_2097	cds	1.68143118193058	-0.203607782945324	1.5702612167256	-0.129664912293955	0.896831544082744	0.998900740178849
HMPRNC0000_2098	cds	1.00167508886463	2.84545366655794	1.99727063116388	1.42467105967497	0.154252308511802	0.998900740178849
HMPRNC0000_2100	cds	2.35884361688267	-1.50688155822242	1.23667402794575	-1.21849535461299	0.223035789001154	0.998900740178849
HMPRNC0000_2102	cds	0.886281627124629	0.361840674550136	1.94121800089526	0.186398783847699	0.852132046066935	0.998900740178849
HMPRNC0000_2103	cds	1.06171735643379	2.9409992214364	1.95102558827251	1.50741191664248	0.131705106148419	0.998900740178849
HMPRNC0000_2104	cds	4.06064963312368	-1.67880701003675	1.00729143002396	-1.66665471381685	0.0955830826399181	0.998900740178849
HMPRNC0000_2105	cds	0.304914274679649	-1.1266313018717	3.37909901043244	-0.333411746265321	0.738823497686307	0.998900740178849
HMPRNC0000_2106	cds	4.32817175027113	-0.203970161137001	0.921965147171815	-0.221234134243243	0.824910132390356	0.998900740178849
HMPRNC0000_2107	cds	17.6963161919623	-0.54998561721292	0.538627053313775	-1.02108799368554	0.307212750922698	0.998900740178849
HMPRNC0000_2109	cds	0.692660219423268	0.704165695595339	2.19169542951703	0.321288116091255	0.747992061405241	0.998900740178849
HMPRNC0000_2110	cds	3.33440116694683	0.272148662332123	1.13922579487788	0.238889132914425	0.81119155231551	0.998900740178849
HMPRNC0000_2111	cds	1.18685651120241	-1.05542373518745	1.75276201216308	-0.602148910042242	0.547075020075296	0.998900740178849
HMPRNC0000_2112	cds	2.04695076799622	-0.739649198151263	1.41488070704658	-0.522764353537059	0.601138248651454	0.998900740178849
HMPRNC0000_2113	cds	24.1398790476153	0.609790064122686	0.594041309744734	1.02651121078553	0.304650682028612	0.998900740178849
HMPRNC0000_2114	cds	0.304675478839496	0.848858857215286	3.38937150278016	0.250447275112511	0.802241473932794	0.998900740178849
HMPRNC0000_2115	cds	0.752941282832572	-0.493473419564457	2.26859825390344	-0.217523494393671	0.827800399424226	0.998900740178849
HMPRNC0000_2116	cds	0.471055206487894	0.0506473866074068	2.92458563757222	0.0173177991291274	0.98618308608085	0.998900740178849
HMPRNC0000_2117	cds	2.59929272121803	-0.23869904749979	1.21091198893408	-0.19712336625712	0.843730998535917	0.998900740178849
HMPRNC0000_2118	cds	1.19095710596413	0.895099839561225	1.68363293425291	0.531647855866169	0.594969913201173	0.998900740178849
HMPRNC0000_2119	cds	0.992141495523571	1.72032697522531	1.92346973610845	0.894387337076515	0.371114685295908	0.998900740178849
HMPRNC0000_2120	cds	0.120084535138303	0.318360587378331	4.03879997395116	0.0788255396235627	0.937171389566932	0.998900740178849
HMPRNC0000_2121	cds	1.03916674977912	0.426170652502808	1.99020707058307	0.21413382496825	0.83044269899554	0.998900740178849
HMPRNC0000_2123	cds	0.498422795424736	1.94928079212215	3.18531181663401	0.611959175218832	0.540564768407027	0.998900740178849
HMPRNC0000_2124	cds	0.38328180374988	1.61962209124078	3.04397183022273	0.532075256137396	0.594673874183529	0.998900740178849
HMPRNC0000_2126	cds	1.62463353849381	0.779129872407284	1.48685063272291	0.524013545987765	0.600269118239005	0.998900740178849
HMPRNC0000_2127	cds	0.87254822629057	2.63533874412196	2.1304265863176	1.23700049607299	0.216086898459813	0.998900740178849
HMPRNC0000_2128	cds	2.91260458455066	-0.945203444637279	1.10571670911784	-0.854833283103209	0.392643449633747	0.998900740178849
HMPRNC0000_2129	cds	0	NA	NA	NA	NA	NA
HMPRNC0000_2130	cds	0.0830704659041226	-0.0871824083588438	4.06317883659053	-0.0214566997577689	0.982881344090469	0.998900740178849
HMPRNC0000_2131	cds	0.433915228369836	-1.98407382520791	2.72718902244285	-0.727516064665991	0.466909877878246	0.998900740178849
HMPRNC0000_2132	cds	22.5145229739125	0.197917243819101	0.456255229750721	0.43378624706885	0.664443669493692	0.998900740178849
HMPRNC0000_2133	cds	1.30715227818726	-1.64075217790873	1.96079248327938	-0.836780124312089	0.402716171492795	0.998900740178849
HMPRNC0000_2134	cds	0.44778821231277	1.66656106074528	2.63246316046167	0.633080487421905	0.526681083814621	0.998900740178849
HMPRNC0000_2135	cds	3.03513009337494	-0.277233814700345	1.13223179493622	-0.244856058574085	0.806567886281727	0.998900740178849
HMPRNC0000_2136	cds	0.422569699567564	-2.21054879241464	3.39962777145516	-0.650232596337582	0.515541988594059	0.998900740178849
HMPRNC0000_2137	cds	0.0830704659041226	-0.0871824083588438	4.06317883659053	-0.0214566997577689	0.982881344090469	0.998900740178849
HMPRNC0000_2138	cds	0	NA	NA	NA	NA	NA
HMPRNC0000_2139	cds	0.470816410647742	1.74016388990278	2.59884759166482	0.669590589107241	0.503118814894759	0.998900740178849
HMPRNC0000_2140	cds	0	NA	NA	NA	NA	NA
HMPRNC0000_2141	cds	0	NA	NA	NA	NA	NA
HMPRNC0000_2144	cds	0	NA	NA	NA	NA	NA
HMPRNC0000_2145	cds	0	NA	NA	NA	NA	NA
HMPRNC0000_2146	cds	0	NA	NA	NA	NA	NA
HMPRNC0000_2147	cds	0	NA	NA	NA	NA	NA
HMPRNC0000_2148	cds	0	NA	NA	NA	NA	NA
HMPRNC0000_2149	cds	0	NA	NA	NA	NA	NA
HMPRNC0000_2150	cds	0	NA	NA	NA	NA	NA
HMPRNC0000_2151	cds	0	NA	NA	NA	NA	NA
HMPRNC0000_2152	cds	0	NA	NA	NA	NA	NA
HMPRNC0000_2153	cds	0	NA	NA	NA	NA	NA
HMPRNC0000_2154	cds	0	NA	NA	NA	NA	NA
HMPRNC0000_2155	cds	0	NA	NA	NA	NA	NA
HMPRNC0000_2156	cds	0	NA	NA	NA	NA	NA
HMPRNC0000_2157	cds	0	NA	NA	NA	NA	NA
HMPRNC0000_2158	cds	0	NA	NA	NA	NA	NA
HMPRNC0000_2159	cds	0	NA	NA	NA	NA	NA
HMPRNC0000_2160	cds	0	NA	NA	NA	NA	NA
HMPRNC0000_2161	cds	0	NA	NA	NA	NA	NA
HMPRNC0000_2162	cds	0	NA	NA	NA	NA	NA
HMPRNC0000_2163	cds	0	NA	NA	NA	NA	NA
HMPRNC0000_2164	cds	0	NA	NA	NA	NA	NA
HMPRNC0000_2165	cds	0	NA	NA	NA	NA	NA
HMPRNC0000_2166	cds	0	NA	NA	NA	NA	NA
HMPRNC0000_2167	cds	0	NA	NA	NA	NA	NA
HMPRNC0000_2168	cds	0	NA	NA	NA	NA	NA
HMPRNC0000_2169	cds	0	NA	NA	NA	NA	NA
HMPRNC0000_2170	cds	0	NA	NA	NA	NA	NA
HMPRNC0000_2171	cds	0	NA	NA	NA	NA	NA
HMPRNC0000_2172	cds	0	NA	NA	NA	NA	NA
HMPRNC0000_2173	cds	0	NA	NA	NA	NA	NA
HMPRNC0000_2174	cds	0	NA	NA	NA	NA	NA
HMPRNC0000_2175	cds	0	NA	NA	NA	NA	NA
HMPRNC0000_2176	cds	0	NA	NA	NA	NA	NA
HMPRNC0000_2177	cds	0.0830704659041226	-0.0871824083588438	4.06317883659053	-0.0214566997577689	0.982881344090469	0.998900740178849
HMPRNC0000_2178	cds	0	NA	NA	NA	NA	NA
HMPRNC0000_2179	cds	0	NA	NA	NA	NA	NA
HMPRNC0000_2180	cds	0	NA	NA	NA	NA	NA
HMPRNC0000_2181	cds	0	NA	NA	NA	NA	NA
HMPRNC0000_2182	cds	0.0600422675691515	-0.287764842376576	4.07015500311295	-0.0707011998699035	0.943635565871096	0.998900740178849
HMPRNC0000_2183	cds	0.304914274679649	-1.1266313018717	3.37909901043244	-0.333411746265321	0.738823497686307	0.998900740178849
HMPRNC0000_2184	cds	0.817197032119716	0.19328391166391	2.03669198310203	0.0949009046372954	0.924393537967473	0.998900740178849
HMPRNC0000_2185	cds	2.41974185508116	-1.01541328159643	1.23882272831601	-0.819659874158695	0.412410030672039	0.998900740178849
HMPRNC0000_2186	cds	0.0600422675691515	-0.287764842376576	4.07015500311295	-0.0707011998699035	0.943635565871096	0.998900740178849
HMPRNC0000_2187	cds	0	NA	NA	NA	NA	NA
HMPRNC0000_2188	cds	0.235099617929281	-1.01553877897961	3.71196657710418	-0.27358510856309	0.784403479174539	0.998900740178849
HMPRNC0000_2189	cds	0.93931659800137	-0.653241656614619	2.04280260246362	-0.319777180539524	0.749137247328645	0.998900740178849
HMPRNC0000_2190	cds	1.59157932242046	-2.09448789360247	1.57045176647187	-1.33368495506735	0.182307127473317	0.998900740178849
HMPRNC0000_2191	cds	4.08034701652259	0.000717643958449797	1.1476477568518	0.000625317266700735	0.999501069039812	0.999501069039812
HMPRNC0000_2193	cds	0.364100571619468	-1.80626310943161	3.18244402847403	-0.567571053338433	0.570326267167277	0.998900740178849
HMPRNC0000_2194	cds	0.505640165471687	-1.13294683428013	2.90410487302101	-0.390119118908255	0.696448465858057	0.998900740178849
HMPRNC0000_2195	cds	0	NA	NA	NA	NA	NA
HMPRNC0000_2197	cds	0.567872747451073	2.05999565254869	2.42344386655217	0.850028210259084	0.395309402382109	0.998900740178849
HMPRNC0000_2198	cds	0	NA	NA	NA	NA	NA
HMPRNC0000_2199	cds	0	NA	NA	NA	NA	NA
HMPRNC0000_2200	cds	34.1105204475943	0.133988298376617	0.401487507402831	0.333729682508353	0.738583549069943	0.998900740178849
HMPRNC0000_2201	cds	3.54210460262753	-0.0021308291791466	1.05454683786059	-0.00202061122621117	0.998387786596297	0.999501069039812
HMPRNC0000_2202	cds	1.753634492184	0.384372953092466	1.43243299433863	0.268335729916593	0.788440905842468	0.998900740178849
HMPRNC0000_2203	cds	4.07995871410124	0.488555486234419	0.970313140810322	0.503502906109691	0.614610737643342	0.998900740178849
HMPRNC0000_2204	cds	0.44778821231277	1.66656106074528	2.63246316046167	0.633080487421905	0.526681083814621	0.998900740178849
HMPRNC0000_2205	cds	0.669393225248144	2.21443961361434	2.56316929744599	0.863945903152347	0.387617608761459	0.998900740178849
HMPRNC0000_2208	cds	0	NA	NA	NA	NA	NA
HMPRNC0000_2209	cds	0.484185106757771	-0.764985852966274	2.85962048208714	-0.267513069569266	0.789074152679459	0.998900740178849
HMPRNC0000_2210	cds	0.0830704659041226	-0.0871824083588438	4.06317883659053	-0.0214566997577689	0.982881344090469	0.998900740178849
HMPRNC0000_2211	cds	1.44738587372344	-0.170593382618451	1.51782483690355	-0.112393326601817	0.910511546402807	0.998900740178849
HMPRNC0000_2212	cds	1.50502659503581	-0.813248993878877	1.58123591065301	-0.514312246768433	0.607033700725637	0.998900740178849
HMPRNC0000_2214	cds	1.87856154726507	2.62902338278806	1.74162498292726	1.50952323752803	0.131165121499399	0.998900740178849
HMPRNC0000_2216	cds	0.0600422675691515	-0.287764842376576	4.07015500311295	-0.0707011998699035	0.943635565871096	0.998900740178849
HMPRNC0000_2218	cds	0.304675478839496	0.848858857215286	3.38937150278016	0.250447275112511	0.802241473932794	0.998900740178849
HMPRNC0000_2219	cds	0.21207141959431	-1.20998026795234	3.86222589384395	-0.313285732427236	0.754063588820276	0.998900740178849
HMPRNC0000_2220	cds	0.526394537223154	2.07210237969232	2.68790635058206	0.77089827896854	0.440767227332605	0.998900740178849
HMPRNC0000_2222	cds	1.89815321817585	-1.08954408927181	1.54774793115898	-0.703954479497147	0.481461122261629	0.998900740178849
HMPRNC0000_2223	cds	1.22108978738977	1.43867363988307	1.92847689010288	0.746015494023536	0.455658055468829	0.998900740178849
HMPRNC0000_2225	cds	0	NA	NA	NA	NA	NA
HMPRNC0000_2226	cds	0.565682433040838	-0.523920952403647	2.55955934696228	-0.204691855660797	0.837812883926466	0.998900740178849
HMPRNC0000_2227	cds	0.747999550158528	2.49704724789663	2.2368614917878	1.11631732991249	0.26428632614338	0.998900740178849
HMPRNC0000_2228	cds	0.281886076344678	-1.31483424838019	3.4811021787336	-0.377706307046269	0.705648781956344	0.998900740178849
HMPRNC0000_2229	cds	0.422569699567564	-2.21054879241464	3.39962777145516	-0.650232596337582	0.515541988594059	0.998900740178849
HMPRNC0000_2230	cds	0	NA	NA	NA	NA	NA
HMPRNC0000_2231	cds	0.152029152025158	-2.10450454780732	4.07469586340345	-0.516481381275287	0.605518239535364	0.998900740178849
HMPRNC0000_2233	cds	0.226183199377397	0.963282297667723	3.71000305628801	0.259644610274667	0.79513792206964	0.998900740178849
HMPRNC0000_2234	cds	0.0830704659041226	-0.0871824083588438	4.06317883659053	-0.0214566997577689	0.982881344090469	0.998900740178849
HMPRNC0000_2235	cds	0	NA	NA	NA	NA	NA
HMPRNC0000_2236	cds	0.843833400819094	-0.725824097455581	2.06559392387131	-0.35138760289111	0.725297581637609	0.998900740178849
HMPRNC0000_2239	cds	0.143112733473274	0.477233240766022	4.03080623412424	0.118396472826164	0.905753520400384	0.998900740178849
HMPRNC0000_2240	cds	0.166140931808245	0.619965652411284	4.02427872731825	0.154056340134378	0.877565312758198	0.998900740178849
HMPRNC0000_2241	cds	0.263197268611577	1.14782995603102	3.49168931681059	0.328731983829387	0.742358277083363	0.998900740178849
HMPRNC0000_2242	cds	0.143112733473274	0.477233240766022	4.03080623412424	0.118396472826164	0.905753520400384	0.998900740178849
HMPRNC0000_2243	cds	0.667202910837909	-1.13603601712525	2.76465562823682	-0.410914113686474	0.681135513005653	0.998900740178849
HMPRNC0000_2249	cds	0.152029152025158	-2.10450454780732	4.07469586340345	-0.516481381275287	0.605518239535364	0.998900740178849
HMPRNC0000_2250	cds	0.904492843177425	1.41825247666571	2.02355083754519	0.700873163328194	0.483382173760839	0.998900740178849
HMPRNC0000_2251	cds	5.51407394595393	-0.724013013261964	0.822998865216771	-0.879725408942411	0.379008081174386	0.998900740178849
HMPRNC0000_2252	cds	1.62532236202066	-1.15061326904392	1.52513818103349	-0.754432144806852	0.450589775784323	0.998900740178849
HMPRNC0000_2253	cds	3.30110815503333	-0.633557618704824	1.07294996349758	-0.590481979830232	0.554867563457339	0.998900740178849
HMPRNC0000_2255	cds	2.74407809769464	1.62039078269942	1.27880037013374	1.26711785556486	0.205113151917138	0.998900740178849
HMPRNC0000_2256	cds	1.37153393635828	-0.15737719215364	1.88697523979239	-0.0834018321146364	0.933532031772378	0.998900740178849
HMPRNC0000_2257	cds	1.38445260478161	0.0374905520727298	1.65149425013318	0.0227009885560949	0.981888787286098	0.998900740178849
HMPRNC0000_2258	cds	0.244633211270345	-0.0674090275086976	4.06184416357083	-0.0165956705363697	0.986759178495284	0.998900740178849
HMPRNC0000_2259	cds	0.563772152689356	-1.51291239082835	2.73593958351339	-0.552977265998514	0.580278977460883	0.998900740178849
HMPRNC0000_2260	cds	0.697112496981413	-0.242364558146276	2.13366182028999	-0.113590896102427	0.909562104496012	0.998900740178849
HMPRNC0000_2261	cds	0	NA	NA	NA	NA	NA
HMPRNC0000_2262	cds	1.3644413167032	0.426566263895089	1.72688116229374	0.247015413225366	0.804896295601483	0.998900740178849
HMPRNC0000_2263	cds	2.5602290791745	1.92815404946508	1.38252129219138	1.39466499384529	0.163116885850861	0.998900740178849
HMPRNC0000_2265	cds	2.52247192626726	0.374767655466278	1.1820822656752	0.317040248676951	0.751213062327146	0.998900740178849
HMPRNC0000_2267	cds	1.09884431262424	0.741424797357351	1.91826022870987	0.386508976342589	0.699119755986382	0.998900740178849
HMPRNC0000_2268	cds	9.28653386228438	-0.983077344910998	0.675359675003069	-1.45563524340794	0.145493479914934	0.998900740178849
HMPRNC0000_2269	cds	2.38649123987827	-0.0176623967834638	1.2053621808014	-0.0146531864569707	0.988308867139548	0.998900740178849
HMPRNC0000_2271	cds	2.35321227921051	-0.217542020715192	1.32219544249566	-0.164530911031261	0.869313214826816	0.998900740178849
HMPRNC0000_2273	cds	2.13642503002857	0.481226309884743	1.30771800656999	0.367989358154479	0.712881169262605	0.998900740178849
HMPRNC0000_2274	cds	0	NA	NA	NA	NA	NA
HMPRNC0000_2275	cds	0	NA	NA	NA	NA	NA
HMPRNC0000_2276	cds	0.798632974778484	-0.166734817380773	2.09128790552583	-0.0797282941962261	0.9364533555651	0.998900740178849
HMPRNC0000_2279	cds	0.387745944743619	1.41047631014659	2.79879897221566	0.50395770619781	0.614291097923545	0.998900740178849
HMPRNC0000_2280	cds	2.14498860729202	0.447870128862962	1.4854202388666	0.301510722113694	0.763025075137694	0.998900740178849
HMPRNC0000_2282	cds	0.3649565422488	-0.535340677198235	2.86310297098819	-0.186979190976657	0.851676948399978	0.998900740178849
HMPRNC0000_2283	cds	0.657669317496845	-2.0129302891562	2.43698137506862	-0.825993300461527	0.408807892229311	0.998900740178849
HMPRNC0000_2284	cds	0.21207141959431	-1.20998026795234	3.86222589384395	-0.313285732427236	0.754063588820276	0.998900740178849
HMPRNC0000_2285	cds	0.120084535138303	0.318360587378331	4.03879997395116	0.0788255396235627	0.937171389566932	0.998900740178849
HMPRNC0000_2286	cds	1.23615753200474	0.461262467470485	1.75866018970677	0.26228061007476	0.793105109825284	0.998900740178849
HMPRNC0000_2287	cds	0	NA	NA	NA	NA	NA
HMPRNC0000_2289	cds	0	NA	NA	NA	NA	NA
HMPRNC0000_2290	cds	0.456704630864655	-0.144980221090541	2.72382893695633	-0.0532266248895003	0.957551342084721	0.998900740178849
HMPRNC0000_2291	cds	4.5405243624162	0.660403957539509	0.910933338776425	0.724975066152009	0.468467327038266	0.998900740178849
HMPRNC0000_2292	cds	3.66652968685971	1.28882853378572	1.09972774708735	1.17195236475502	0.241216181555752	0.998900740178849
HMPRNC0000_2293	cds	0.387984740583772	-0.407322651532318	3.11395333491096	-0.130805637632963	0.895929063132717	0.998900740178849
HMPRNC0000_2294	cds	15.5674669178823	0.147136915546463	0.560722643558764	0.26240587434212	0.793008544251088	0.998900740178849
HMPRNC0000_2295	cds	18.4493571501552	0.543233699600663	0.54178601155128	1.0026720661267	0.316019111963403	0.998900740178849
HMPRNC0000_2296	cds	3.43284779571073	-0.431170548577942	1.1313798098577	-0.38110150527803	0.703127930502881	0.998900740178849
HMPRNC0000_2297	cds	18.743082447908	-0.543317842310401	0.477682637326966	-1.13740337172546	0.255369698425448	0.998900740178849
HMPRNC0000_2298	cds	2.28384765014684	-1.1921205033001	1.44018267031468	-0.827756456088743	0.407808439331762	0.998900740178849
HMPRNC0000_2299	cds	2.48439168387534	0.158596481133771	1.34452448615383	0.117957302203886	0.906101489523741	0.998900740178849
HMPRNC0000_2300	cds	3.75254978094659	-1.10780529015715	1.03184596559573	-1.07361498430394	0.282995278910908	0.998900740178849
HMPRNC0000_2301	cds	32.8576064881807	-0.702094163723425	0.443400059135526	-1.58343272459697	0.113322869135638	0.998900740178849
HMPRNC0000_2303	cds	11.2701869472657	-0.0646606204711448	0.640898240409386	-0.100890619437247	0.919637289715974	0.998900740178849
HMPRNC0000_2304	cds	2.4245596188346	-0.0212813876846287	1.25248040724208	-0.0169913936869397	0.986443481625136	0.998900740178849
HMPRNC0000_2305	cds	10.822510721765	-0.026866762666116	0.720467941076442	-0.0372907122362374	0.970253210905457	0.998900740178849
HMPRNC0000_2306	cds	4.27680826390572	0.448998104414102	0.974470904380721	0.46076091384118	0.644970146947578	0.998900740178849
HMPRNC0000_2307	cds	0.422569699567564	-2.21054879241464	3.39962777145516	-0.650232596337582	0.515541988594059	0.998900740178849
HMPRNC0000_2308	cds	0.392324131185642	1.62671436711725	3.03723317954627	0.535590872005508	0.592241338680366	0.998900740178849
HMPRNC0000_2311	cds	0.905700496603185	-1.24710096180929	2.34471662104392	-0.531877050990516	0.594811152712737	0.998900740178849
HMPRNC0000_2312	cds	1.419049427201	-0.222036811525593	1.6547643257129	-0.134180322886727	0.893259985256394	0.998900740178849
HMPRNC0000_2313	cds	1.5074281412926	-0.0158596208650756	1.49663060825531	-0.0105968839455742	0.991545068147118	0.998900740178849
HMPRNC0000_2315	cds	3.40765684695913	-1.16537299796944	1.02484840077316	-1.13711744789792	0.25548919090856	0.998900740178849
HMPRNC0000_2316	cds	6.54475744581785	-1.14875772723508	0.816524312736291	-1.40688735083151	0.159460794980929	0.998900740178849
HMPRNC0000_2317	cds	7.58853188599587	-0.032019697803553	0.704889906581033	-0.0454251046931001	0.963768470986002	0.998900740178849
HMPRNC0000_2319	cds	3.56213110044369	1.49736699300248	1.11264057466533	1.34577780740458	0.178374184609905	0.998900740178849
HMPRNC0000_2320	cds	3.22260017501323	-0.515202887960787	1.13269060610272	-0.454848733789238	0.649218067181126	0.998900740178849
HMPRNC0000_2322	cds	10.5848191156254	-0.17427522603417	0.748778155069976	-0.23274614096866	0.815958537625232	0.998900740178849
HMPRNC0000_2323	cds	0.0830704659041226	-0.0871824083588438	4.06317883659053	-0.0214566997577689	0.982881344090469	0.998900740178849
HMPRNC0000_2324	cds	3.36452095561875	0.22854103996003	1.04164515126487	0.219403930102793	0.826335408832485	0.998900740178849
HMPRNC0000_2326	cds	2.12074011062443	-0.0556563798257919	1.25212677362778	-0.0444494766808149	0.964546123906119	0.998900740178849
HMPRNC0000_2328	cds	0.44717103752359	-1.05806173281911	2.67354677133117	-0.395752093872027	0.692287920966096	0.998900740178849
HMPRNC0000_2330	cds	1.44328527896173	-2.22568983873133	1.62713024440458	-1.36786212805342	0.171355236199958	0.998900740178849
HMPRNC0000_2331	cds	2.95911216739931	-0.700168656499381	1.33064206042705	-0.526188580176606	0.598757187718296	0.998900740178849
HMPRNC0000_2332	cds	0.943894784443393	-0.212845238865291	1.95466443231797	-0.108890935623607	0.91328899621737	0.998900740178849
HMPRNC0000_2333	cds	1.30511621812577	-0.0835373661561914	1.7101083334162	-0.0488491661749364	0.961039499974105	0.998900740178849
HMPRNC0000_2334	cds	6.88130096494863	0.632506329164531	0.852525641860178	0.741920592305501	0.458135448542431	0.998900740178849
HMPRNC0000_2335	cds	12.8420954299192	0.594742914979751	0.595012891042672	0.999546268548153	0.317530137134246	0.998900740178849
HMPRNC0000_2338	cds	7.40431816275169	-0.0391851814074317	0.717582333106402	-0.0546072270728847	0.956451380980396	0.998900740178849
HMPRNC0000_2339	cds	5.08262638742267	0.942274530437014	0.984254550119392	0.957348411874463	0.338391427621914	0.998900740178849
HMPRNC0000_2340	cds	9.16180180895039	0.0710616594950062	0.650008660013755	0.109324173455631	0.912945373860947	0.998900740178849
HMPRNC0000_2341	cds	0.143112733473274	0.477233240766022	4.03080623412424	0.118396472826164	0.905753520400384	0.998900740178849
HMPRNC0000_2343	cds	0.65985963190708	0.928428632891329	2.19516182114719	0.422943139748182	0.672336746920764	0.998900740178849
HMPRNC0000_2345	cds	0.373872960800685	-2.88258360744455	3.12100858894442	-0.923606432117989	0.355691263742552	0.998900740178849
HMPRNC0000_2346	cds	1.09366197332064	1.78963760034853	1.89282264242181	0.945486153979405	0.344410736345902	0.998900740178849
HMPRNC0000_2348	cds	1.61174127557208	-1.31509944362202	1.74569530922202	-0.753338475892509	0.451246543494589	0.998900740178849
HMPRNC0000_2349	cds	0	NA	NA	NA	NA	NA
HMPRNC0000_2350	cds	2.06288815746552	0.775265701474852	1.32718525279538	0.584142793812659	0.559124245537862	0.998900740178849
HMPRNC0000_2351	cds	2.45578706672973	-0.265093414768346	1.22815816938292	-0.215846314731221	0.829107545211771	0.998900740178849
HMPRNC0000_2352	cds	0.143112733473274	0.477233240766022	4.03080623412424	0.118396472826164	0.905753520400384	0.998900740178849
HMPRNC0000_2354	cds	0.757154764550565	-0.00691994717053375	2.07875417330806	-0.00332889153483771	0.997343933745308	0.999305278747757
HMPRNC0000_2355	cds	0.166140931808245	0.619965652411284	4.02427872731825	0.154056340134378	0.877565312758198	0.998900740178849
HMPRNC0000_2356	cds	6.62337873261911	0.494221776434665	0.826363353386874	0.598068361101787	0.549794320199099	0.998900740178849
HMPRNC0000_2358	cds	2.3265630177574	0.10316390137949	1.30897037346148	0.0788130147718166	0.937181351959082	0.998900740178849
HMPRNC0000_2359	cds	1.40590766349553	-0.0653358175555892	1.58181473882493	-0.0413043423809065	0.967053271307021	0.998900740178849
HMPRNC0000_2361	cds	0.120084535138303	0.318360587378331	4.03879997395116	0.0788255396235627	0.937171389566932	0.998900740178849
HMPRNC0000_2362	cds	0.369295932850671	1.54944766911484	3.05580414594962	0.50705071238567	0.612119236514384	0.998900740178849
HMPRNC0000_2363	cds	0.516746898433806	0.335614386113191	2.59055741985115	0.129552961668179	0.896920120649705	0.998900740178849
HMPRNC0000_2365	cds	0.120084535138303	0.318360587378331	4.03879997395116	0.0788255396235627	0.937171389566932	0.998900740178849
HMPRNC0000_2367	cds	4.55628093055801	-0.118655838459021	0.962637449620544	-0.123261190914391	0.901900271589584	0.998900740178849
HMPRNC0000_2368	cds	1.6826114005366	0.288780901219511	1.52385421516484	0.189506908433674	0.849695541055419	0.998900740178849
HMPRNC0000_2369	cds	0.608972578729965	-2.26388093693169	2.42857033107786	-0.93218668941201	0.351240053125755	0.998900740178849
HMPRNC0000_2370	cds	5.18181993698204	0.694579980091017	0.855285769864063	0.812102813544311	0.416732638893875	0.998900740178849
HMPRNC0000_2371	cds	1.048083168331	-0.356230432592453	1.83289772752095	-0.194353687739176	0.845898950246159	0.998900740178849
HMPRNC0000_2381	cds	5.99428733611527	-0.151331799330954	0.848609302708632	-0.178329177924312	0.858464465387975	0.998900740178849
HMPRNC0000_2383	cds	0.263197268611577	1.14782995603102	3.49168931681059	0.328731983829387	0.742358277083363	0.998900740178849
HMPRNC0000_2384	cds	0.950662126803642	-0.618592594653513	1.95229477056164	-0.31685409600086	0.751354314685647	0.998900740178849
HMPRNC0000_2385	cds	1.85721859403616	-0.598950676246341	1.59340739986816	-0.375892992775042	0.706996450105012	0.998900740178849
HMPRNC0000_2386	cds	5.17323921001757	-1.40328338414825	0.873919836162616	-1.60573467505907	0.108332219102462	0.998900740178849
HMPRNC0000_2387	cds	3.37992584096414	0.160804066951864	1.05741240157458	0.1520731804473	0.87912921705856	0.998900740178849
HMPRNC0000_2388	cds	1.82064165973495	-1.86002917638464	1.4003881950364	-1.32822397602137	0.184104126017017	0.998900740178849
HMPRNC0000_2389	cds	6.38120322491089	0.388708201117574	0.806940355912501	0.481706235497439	0.630014645863268	0.998900740178849
HMPRNC0000_2391	cds	1.41280091473965	0.338387079828725	1.55631668603878	0.217428164116138	0.827874684364764	0.998900740178849
HMPRNC0000_2393	cds	0.0600422675691515	-0.287764842376576	4.07015500311295	-0.0707011998699035	0.943635565871096	0.998900740178849
HMPRNC0000_2394	cds	0	NA	NA	NA	NA	NA
HMPRNC0000_2395	cds	0.644413508343091	-3.28484830448492	2.65327779098435	-1.2380340707809	0.215703427911619	0.998900740178849
HMPRNC0000_2396	cds	0.0830704659041226	-0.0871824083588438	4.06317883659053	-0.0214566997577689	0.982881344090469	0.998900740178849
HMPRNC0000_2398	cds	0.240169070276606	1.04410192069867	4.00806168855364	0.260500461776936	0.794477759158688	0.998900740178849
HMPRNC0000_2399	cds	0.0600422675691515	-0.287764842376576	4.07015500311295	-0.0707011998699035	0.943635565871096	0.998900740178849
HMPRNC0000_2400	cds	0.978646890529663	2.81146201705893	2.00373469028887	1.40311091617305	0.160583766479887	0.998900740178849
HMPRNC0000_2401	cds	9.35202756579978	0.664256909320254	0.690552729302701	0.961920619720091	0.336089479941988	0.998900740178849
HMPRNC0000_2402	cds	2.82475888077757	1.27433139271633	1.2847779905329	0.991868947091599	0.321261458870708	0.998900740178849
HMPRNC0000_2403	cds	7.47590661519995	0.553889676595049	0.757194477356287	0.731502530933575	0.464472259176006	0.998900740178849
HMPRNC0000_2404	cds	3.11831576321936	0.849937305833755	1.13440463349917	0.749236454731369	0.453714700529884	0.998900740178849
HMPRNC0000_2405	cds	0.974546295767946	0.0677421530466369	1.92675768844645	0.0351586260445949	0.971953253451707	0.998900740178849
HMPRNC0000_2406	cds	14.7782906151318	1.20500320463495	0.644050708127153	1.87097566919692	0.0613484535175566	0.998900740178849
HMPRNC0000_2407	cds	1.71722689279541	2.7050956752772	1.78445709656526	1.51592082571444	0.129539373616673	0.998900740178849
HMPRNC0000_2409	cds	0.0830704659041226	-0.0871824083588438	4.06317883659053	-0.0214566997577689	0.982881344090469	0.998900740178849
HMPRNC0000_2410	cds	0.152029152025158	-2.10450454780732	4.07469586340345	-0.516481381275287	0.605518239535364	0.998900740178849
HMPRNC0000_2413	cds	0	NA	NA	NA	NA	NA
HMPRNC0000_2414	cds	0	NA	NA	NA	NA	NA
HMPRNC0000_2415	cds	0.0600422675691515	-0.287764842376576	4.07015500311295	-0.0707011998699035	0.943635565871096	0.998900740178849
HMPRNC0000_2416	cds	0	NA	NA	NA	NA	NA
HMPRNC0000_2417	cds	0.387745944743619	1.41047631014659	2.79879897221566	0.50395770619781	0.614291097923545	0.998900740178849
HMPRNC0000_2418	cds	0.505640165471687	-1.13294683428013	2.90410487302101	-0.390119118908255	0.696448465858057	0.998900740178849
HMPRNC0000_2421	cds	0.7897165562266	1.05291395902998	2.08525039266739	0.504934065823685	0.61360514652373	0.998900740178849
HMPRNC0000_2422	cds	0	NA	NA	NA	NA	NA
HMPRNC0000_2423	cds	0.669632021088297	0.630403706940588	2.2045164014643	0.285960089261235	0.774908689801046	0.998900740178849
HMPRNC0000_2424	cds	0	NA	NA	NA	NA	NA
HMPRNC0000_2426	cds	0.0600422675691515	-0.287764842376576	4.07015500311295	-0.0707011998699035	0.943635565871096	0.998900740178849
HMPRNC0000_2428	cds	0.549547485949994	-0.0748936859077182	2.58793470928862	-0.0289395577248953	0.976912796320971	0.998900740178849
HMPRNC0000_2429	cds	0	NA	NA	NA	NA	NA
HMPRNC0000_2430	cds	0.0830704659041226	-0.0871824083588438	4.06317883659053	-0.0214566997577689	0.982881344090469	0.998900740178849
HMPRNC0000_2431	cds	9.52184781051549	-0.169409635139336	0.691659806649351	-0.244932022232169	0.806509066563398	0.998900740178849
HMPRNC0000_2432	cds	3.10972127566015	-0.488989265192261	1.21077349211191	-0.40386518897051	0.686311856093076	0.998900740178849
HMPRNC0000_2433	cds	0.521325084875829	0.654889690060953	2.49916427456831	0.262043474582749	0.793287925033408	0.998900740178849
HMPRNC0000_2434	cds	0.715449621918086	2.29030257009657	2.29685002156906	0.997149377882317	0.318692008323891	0.998900740178849
HMPRNC0000_2435	cds	0.0600422675691515	-0.287764842376576	4.07015500311295	-0.0707011998699035	0.943635565871096	0.998900740178849
HMPRNC0000_2436	cds	2.58214767832298	-0.544248995809758	1.18332969140139	-0.459930144375245	0.645566362317265	0.998900740178849
HMPRNC0000_2437	cds	8.75921633070583	-1.69246570051085	0.716483977327459	-2.36218220374429	0.0181677105901876	0.998900740178849
HMPRNC0000_2438	cds	8.76736868771764	-1.18595627006477	0.730975579411675	-1.62242939910425	0.104711438560887	0.998900740178849
HMPRNC0000_2439	cds	2.85221063418508	0.234017093369388	1.24179422434165	0.188450782571046	0.850523294009952	0.998900740178849
HMPRNC0000_2440	cds	0.946209849245497	0.0795932856090329	2.07057691067621	0.0384401493123186	0.969336750101368	0.998900740178849
HMPRNC0000_2441	cds	1.33707372776636	-0.89154718254673	1.70262717394726	-0.523630302739633	0.600535700758922	0.998900740178849
HMPRNC0000_2442	cds	7.38873323755009	-0.503948936008855	0.724928047376491	-0.695170972943649	0.48694816095335	0.998900740178849
HMPRNC0000_2443	cds	28.993301136292	-0.186927492560744	0.456847241420088	-0.40916848261946	0.682416022116759	0.998900740178849
HMPRNC0000_2444	cds	17.9857733103357	-0.37578461749114	0.581609028605384	-0.646112077029165	0.518206774580871	0.998900740178849
HMPRNC0000_2445	cds	0.6228455626729	0.779370648828661	2.2545293903085	0.345691057379391	0.72957490558332	0.998900740178849
HMPRNC0000_2446	cds	6.30126230837273	0.665577827099231	0.842126447374007	0.790353787337631	0.429321182722965	0.998900740178849
HMPRNC0000_2447	cds	2.31994596344961	1.54469104953815	1.53205610195245	1.00824705281327	0.313335874355765	0.998900740178849
HMPRNC0000_2448	cds	5.63150553689257	0.936711933782873	0.941899554042533	0.99449238484359	0.319983210982847	0.998900740178849
HMPRNC0000_2449	cds	5.76179765618178	-0.419553261929034	0.827593534131388	-0.506955703042534	0.612185900026355	0.998900740178849
HMPRNC0000_2450	cds	11.0984213841294	-0.51513015413316	0.70337509543212	-0.732369055257337	0.463943340964507	0.998900740178849
HMPRNC0000_2451	cds	2.01306830676428	-0.365501202644097	1.34078084878257	-0.272603239355612	0.785158221579688	0.998900740178849
HMPRNC0000_2452	cds	5.85361289769757	0.733637589609022	0.873108863932784	0.840259009975532	0.400763178632246	0.998900740178849
HMPRNC0000_2453	cds	1.34287337103301	2.17243829205823	1.80944708174907	1.20060891195463	0.229902942415294	0.998900740178849
HMPRNC0000_2454	cds	4.18949840160226	-0.486403864873248	0.954302517939355	-0.509695673782304	0.610264684343071	0.998900740178849
HMPRNC0000_2455	cds	7.55359511504177	0.103638300826156	0.72813388150583	0.142334127635737	0.886816090980143	0.998900740178849
HMPRNC0000_2456	cds	3.60121846935841	0.410968750192696	1.11199120683078	0.3695791366588	0.711696098667345	0.998900740178849
HMPRNC0000_2457	cds	4.55033864853134	-1.04084679300198	1.01199350984741	-1.02851133221093	0.303709362993474	0.998900740178849
HMPRNC0000_2458	cds	0.378212351402555	0.0515476879401578	2.81268084820443	0.0183268883752186	0.985378077245092	0.998900740178849
HMPRNC0000_2459	cds	12.4360004290468	-0.266181711510374	0.67278862274382	-0.395639436387628	0.692371039954941	0.998900740178849
HMPRNC0000_2460	cds	1.45342315433824	-0.21110689375395	1.5599193184166	-0.135331931120793	0.892349439916124	0.998900740178849
HMPRNC0000_2461	cds	6.00269460039369	-0.690539346578962	0.875931788693077	-0.788348311469861	0.430492996069369	0.998900740178849
HMPRNC0000_2462	cds	8.79458396226901	-0.73380431236889	0.730334191069735	-1.00475141564175	0.31501656359085	0.998900740178849
HMPRNC0000_2464	cds	13.578513395483	0.252368190205523	0.632073292241654	0.399270453764146	0.689693935331477	0.998900740178849
HMPRNC0000_2465	cds	0.655521399797219	2.37507233704745	2.47830452747371	0.958345639415228	0.337888497040715	0.998900740178849
HMPRNC0000_2466	cds	9.80029092363497	-0.322015769293084	0.668521760754999	-0.48168330217017	0.630030939667287	0.998900740178849
HMPRNC0000_2467	cds	0.877126412732593	2.73002798609197	2.0653016871747	1.32185433394315	0.186216661386684	0.998900740178849
HMPRNC0000_2469	cds	1.30658936354428	1.97260504848302	1.7875487874573	1.10352515261357	0.269799174778988	0.998900740178849
HMPRNC0000_2471	cds	0.844928167288579	-1.16247576669136	2.19351718227945	-0.529959726817978	0.596139853912236	0.998900740178849
HMPRNC0000_2472	cds	0.309253665281519	1.31742048186384	3.30525907759484	0.398583121908404	0.690200400000409	0.998900740178849
HMPRNC0000_2473	cds	0.152029152025158	-2.10450454780732	4.07469586340345	-0.516481381275287	0.605518239535364	0.998900740178849
HMPRNC0000_2474	cds	1.40590766349553	-0.0653358175555892	1.58181473882493	-0.0413043423809065	0.967053271307021	0.998900740178849
HMPRNC0000_2475	cds	0.272113687163461	-0.598190794220942	3.52853068428213	-0.169529713000822	0.865380003002097	0.998900740178849
HMPRNC0000_2476	cds	0	NA	NA	NA	NA	NA
HMPRNC0000_2477	cds	2.74889392148481	0.188263427143191	1.11860523436637	0.168301936518142	0.866345750473421	0.998900740178849
HMPRNC0000_2479	cds	4.15188005033264	-0.981794179916713	0.927655634102067	-1.05836060691536	0.289891071684236	0.998900740178849
HMPRNC0000_2481	cds	0.221843808775526	-2.21903366148579	4.07067951085028	-0.545126103779729	0.58566679046034	0.998900740178849
HMPRNC0000_2482	cds	0.304675478839496	0.848858857215286	3.38937150278016	0.250447275112511	0.802241473932794	0.998900740178849
HMPRNC0000_2483	cds	0.0600422675691515	-0.287764842376576	4.07015500311295	-0.0707011998699035	0.943635565871096	0.998900740178849
HMPRNC0000_2484	cds	0	NA	NA	NA	NA	NA
HMPRNC0000_2485	cds	0.438254618971706	0.335744888988159	2.64891459106457	0.126748099059407	0.89913977525963	0.998900740178849
HMPRNC0000_2486	cds	3.81263444522635	0.481718658976447	0.995887533690394	0.483707891383451	0.628593191928127	0.998900740178849
HMPRNC0000_2488	cds	1.05506290102981	1.37407705249079	2.03970549788956	0.673664435337611	0.500524677416264	0.998900740178849
HMPRNC0000_2489	cds	0.221843808775526	-2.21903366148579	4.07067951085028	-0.545126103779729	0.58566679046034	0.998900740178849
HMPRNC0000_2490	cds	0.798871770618636	-1.34338489198677	2.03785945921344	-0.659213708734009	0.509758545053974	0.998900740178849
HMPRNC0000_2491	cds	0.401970611482981	-0.262597358204313	3.05821922321702	-0.0858661001836486	0.93157286008385	0.998900740178849
HMPRNC0000_2493	cds	1.83151075534892	0.766546609889631	1.4918476313978	0.513823659840789	0.607375284551793	0.998900740178849
HMPRNC0000_2494	cds	1.46245361833841	-0.418519022527075	1.57231970784015	-0.266179340270422	0.790101093322141	0.998900740178849
HMPRNC0000_2495	cds	2.33959189450659	0.988085055872079	1.33900834625986	0.737922999981302	0.460561241526757	0.998900740178849
HMPRNC0000_2496	cds	0.548691515320661	-1.65025385175603	2.86573525297214	-0.575857051011428	0.56471180776709	0.998900740178849
HMPRNC0000_2498	cds	0.3462677345157	1.46559414657943	3.12433877091974	0.469089383078643	0.639005747569983	0.998900740178849
HMPRNC0000_2499	cds	1.51937898144845	0.661388286781648	1.72689430868309	0.382992915927793	0.701725016631003	0.998900740178849
HMPRNC0000_2500	cds	1.44714707788329	0.773106065022316	1.66908098218872	0.463192663071696	0.643226274781823	0.998900740178849
HMPRNC0000_2501	cds	3.1380989604012	0.38677766732984	1.10726145478075	0.349310152231775	0.726856477545047	0.998900740178849
HMPRNC0000_2502	cds	0.244633211270345	-0.0674090275086976	4.06184416357083	-0.0165956705363697	0.986759178495284	0.998900740178849
HMPRNC0000_2504	cds	0	NA	NA	NA	NA	NA
HMPRNC0000_2505	cds	0	NA	NA	NA	NA	NA
HMPRNC0000_2507	cds	1.00937005059189	-2.08415380949609	1.98002548509939	-1.05258938593483	0.292529223858515	0.998900740178849
HMPRNC0000_2509	cds	2.37781361716653	-0.0662299827968554	1.24201098109671	-0.0533247964831787	0.95747312356851	0.998900740178849
HMPRNC0000_2510	cds	0	NA	NA	NA	NA	NA
HMPRNC0000_2511	cds	0.0830704659041226	-0.0871824083588438	4.06317883659053	-0.0214566997577689	0.982881344090469	0.998900740178849
HMPRNC0000_2512	cds	0	NA	NA	NA	NA	NA
HMPRNC0000_2513	cds	0.0600422675691515	-0.287764842376576	4.07015500311295	-0.0707011998699035	0.943635565871096	0.998900740178849
HMPRNC0000_2515	cds	0	NA	NA	NA	NA	NA
HMPRNC0000_2516	cds	0.152029152025158	-2.10450454780732	4.07469586340345	-0.516481381275287	0.605518239535364	0.998900740178849
HMPRNC0000_2517	cds	0	NA	NA	NA	NA	NA
HMPRNC0000_2519	cds	0.705916028577022	1.0515610972931	2.17005726276067	0.484577580204195	0.627976020393483	0.998900740178849
HMPRNC0000_2521	cds	2.21999862527359	1.32679358048569	1.38674509292991	0.956768181297433	0.338684275687134	0.998900740178849
HMPRNC0000_2523	cds	3.25962994480542	-0.579220503375372	1.09180253013242	-0.530517641596894	0.595753080767563	0.998900740178849
HMPRNC0000_2524	cds	0.966922982778364	-0.155666868000229	1.98573504224989	-0.0783925673305612	0.937515785748557	0.998900740178849
HMPRNC0000_2525	cds	0.526519287615023	-0.244266336402971	2.61058288836211	-0.0935677382594905	0.925452538286904	0.998900740178849
HMPRNC0000_2528	cds	2.60504996777407	-0.917598194624494	1.14625503214028	-0.800518356644558	0.423410532359755	0.998900740178849
HMPRNC0000_2529	cds	2.24412159007805	1.12290441957661	1.47312703317249	0.762259054576141	0.445905406392527	0.998900740178849
HMPRNC0000_2530	cds	0.553886876551864	2.00168658679683	2.4629358237897	0.8127238101222	0.416376426730261	0.998900740178849
HMPRNC0000_2531	cds	0.281886076344678	-1.31483424838019	3.4811021787336	-0.377706307046269	0.705648781956344	0.998900740178849
HMPRNC0000_2532	cds	0.235099617929281	-1.01553877897961	3.71196657710418	-0.27358510856309	0.784403479174539	0.998900740178849
HMPRNC0000_2534	cds	6.47362608580786	-0.419753578775412	0.742210463401851	-0.565545218604857	0.57170297676177	0.998900740178849
HMPRNC0000_2535	cds	1.6228216030326	2.06087811353794	1.75085065526948	1.17707247464847	0.23916658032584	0.998900740178849
HMPRNC0000_2536	cds	3.08161176154226	-0.980573976888442	1.16319246295553	-0.843002347519447	0.399227130889047	0.998900740178849
HMPRNC0000_2537	cds	0	NA	NA	NA	NA	NA
HMPRNC0000_2538	cds	5.02279918882248	0.383876298854963	0.895793154167573	0.42853229796301	0.668263624164763	0.998900740178849
HMPRNC0000_2539	cds	17.7734255735876	0.3072636250021	0.499150626835255	0.615572952297449	0.538176407243208	0.998900740178849
HMPRNC0000_2542	cds	4.63680824076346	-0.361534701502929	0.885225641491751	-0.408409658009549	0.682972944033978	0.998900740178849
HMPRNC0000_2544	cds	0.729674288657448	0.858616941250409	2.13658639234036	0.401863900438822	0.687784191460993	0.998900740178849
HMPRNC0000_2545	cds	1.51866078313859	1.31365228668145	1.57648926650059	0.833277025474095	0.40468851038053	0.998900740178849
HMPRNC0000_2546	cds	0.443687617551053	-3.04314751185492	3.30030000138653	-0.922082086651647	0.356485759990919	0.998900740178849
HMPRNC0000_2547	cds	0.120084535138303	0.318360587378331	4.03879997395116	0.0788255396235627	0.937171389566932	0.998900740178849
HMPRNC0000_2548	cds	0	NA	NA	NA	NA	NA
HMPRNC0000_2551	cds	3.47914414671284	0.100677384603667	1.09718063237902	0.0917600818247833	0.92688866029536	0.998900740178849
HMPRNC0000_2553	cds	6.41020155096072	-0.469972651633294	0.799195883447586	-0.588056897397815	0.556494102984027	0.998900740178849
HMPRNC0000_2554	cds	0.784647103879275	-0.286018415283847	2.13511591001194	-0.133959198159995	0.893434838709396	0.998900740178849
HMPRNC0000_2555	cds	0.646842618593478	-0.958610421567684	2.36917505790936	-0.4046178092106	0.685758465646438	0.998900740178849
HMPRNC0000_2556	cds	0.687466016684074	1.17064975211549	2.30372051708111	0.508156151510401	0.61134383892183	0.998900740178849
HMPRNC0000_2558	cds	0.784647103879275	-0.286018415283847	2.13511591001194	-0.133959198159995	0.893434838709396	0.998900740178849
HMPRNC0000_2559	cds	0.58871063137581	-0.402226753538315	2.76428731516248	-0.145508302024919	0.884309561443099	0.998900740178849
HMPRNC0000_2560	cds	0.572336888444812	1.9406258430419	2.76830871444102	0.701014967340356	0.483293674582845	0.998900740178849
HMPRNC0000_2561	cds	0.685766968179141	0.19756016340386	2.38098788646021	0.0829740312948717	0.933872188418933	0.998900740178849
HMPRNC0000_2563	cds	0	NA	NA	NA	NA	NA
HMPRNC0000_2564	cds	3.66619357544742	0.988398726101754	1.08575967450814	0.910329190987417	0.36264892833348	0.998900740178849
HMPRNC0000_2565	cds	2.82422587045906	-1.13797721244514	1.2214136244871	-0.931688651273236	0.351497453151008	0.998900740178849
HMPRNC0000_2566	cds	0.83045284127347	0.545033560830302	2.12818261912212	0.256102815582213	0.797871447950861	0.998900740178849
HMPRNC0000_2567	cds	0.143112733473274	0.477233240766022	4.03080623412424	0.118396472826164	0.905753520400384	0.998900740178849
HMPRNC0000_2568	cds	3.04254799032486	-0.644515023529412	1.32334936792011	-0.487033159310293	0.626234832376506	0.998900740178849
HMPRNC0000_2569	cds	0.704455775912242	-2.3430103930137	2.41098698023556	-0.971805493858279	0.331147322225057	0.998900740178849
HMPRNC0000_2570	cds	1.07630556940517	-0.935367099202446	2.08906158319301	-0.447745105614737	0.654337164825428	0.998900740178849
HMPRNC0000_2572	cds	3.29324720469561	0.352470942801474	1.05200296586517	0.33504748012911	0.73758927004701	0.998900740178849
HMPRNC0000_2573	cds	0.505640165471687	-1.13294683428013	2.90410487302101	-0.390119118908255	0.696448465858057	0.998900740178849
HMPRNC0000_2574	cds	2.36877128973077	-0.0576587919281738	1.24885754124706	-0.046169230695919	0.963175366659723	0.998900740178849
HMPRNC0000_2575	cds	0.281886076344678	-1.31483424838019	3.4811021787336	-0.377706307046269	0.705648781956344	0.998900740178849
HMPRNC0000_2576	cds	3.56860241753617	-1.61510654274408	1.00381857747571	-1.60896259442177	0.107624521019285	0.998900740178849
HMPRNC0000_2577	cds	1.57662562325378	-1.25318684781908	1.47034820510099	-0.852306170382958	0.394044182211643	0.998900740178849
HMPRNC0000_2578	cds	0.701451887583283	1.22807801521565	2.25556529004147	0.544465735768205	0.586121020883968	0.998900740178849
HMPRNC0000_2579	cds	1.05652199520258	0.747634290303971	1.90046878558269	0.393394669765514	0.694028005887908	0.998900740178849
HMPRNC0000_2580	cds	0.166140931808245	0.619965652411284	4.02427872731825	0.154056340134378	0.877565312758198	0.998900740178849
HMPRNC0000_2581	cds	0.761618905544304	-0.419173542761616	2.02267188256251	-0.207237538809591	0.835824351878212	0.998900740178849
HMPRNC0000_2582	cds	0.0830704659041226	-0.0871824083588438	4.06317883659053	-0.0214566997577689	0.982881344090469	0.998900740178849
HMPRNC0000_2583	cds	0.304675478839496	0.848858857215286	3.38937150278016	0.250447275112511	0.802241473932794	0.998900740178849
HMPRNC0000_2584	cds	0.180126802707454	0.73662894826931	4.01936770776885	0.183269857805125	0.85458628380304	0.998900740178849
HMPRNC0000_2586	cds	1.45005377981398	-0.301013335710909	1.60280050973309	-0.187804616908336	0.85102981640074	0.998900740178849
HMPRNC0000_2588	cds	3.31798618579724	-0.0075900764290469	1.07978683483138	-0.00702923594195528	0.994391527353631	0.998900740178849
HMPRNC0000_2591	cds	0.304914274679649	-1.1266313018717	3.37909901043244	-0.333411746265321	0.738823497686307	0.998900740178849
HMPRNC0000_2592	cds	0.226183199377397	0.963282297667723	3.71000305628801	0.259644610274667	0.79513792206964	0.998900740178849
HMPRNC0000_2593	cds	0.3649565422488	-0.535340677198235	2.86310297098819	-0.186979190976657	0.851676948399978	0.998900740178849
HMPRNC0000_2594	cds	2.75254139010454	-1.27283429517584	1.24771642748771	-1.02013107075837	0.307666302771187	0.998900740178849
HMPRNC0000_2596	cds	0.849634073403883	2.75859474442122	2.29225856864128	1.20343960413522	0.228806249834268	0.998900740178849
HMPRNC0000_2597	cds	2.00127275027531	0.708428021732146	1.35836575214002	0.521529654745832	0.601997852962349	0.998900740178849
HMPRNC0000_2599	cds	0.152029152025158	-2.10450454780732	4.07469586340345	-0.516481381275287	0.605518239535364	0.998900740178849
HMPRNC0000_2600	cds	0.120084535138303	0.318360587378331	4.03879997395116	0.0788255396235627	0.937171389566932	0.998900740178849
HMPRNC0000_2601	cds	0.226183199377397	0.963282297667723	3.71000305628801	0.259644610274667	0.79513792206964	0.998900740178849
HMPRNC0000_2602	cds	0.812127579772391	-0.848504226177156	1.98603496312184	-0.427235291388523	0.669207958783673	0.998900740178849
HMPRNC0000_2605	cds	2.69039528957984	-2.17732670921602	1.32639909809727	-1.64153210925687	0.100687007440337	0.998900740178849
HMPRNC0000_2606	cds	1.7611036799987	0.295633199481125	1.49217510237352	0.198122324257305	0.842949358792035	0.998900740178849
HMPRNC0000_2607	cds	0	NA	NA	NA	NA	NA
HMPRNC0000_2608	cds	0.244633211270345	-0.0674090275086976	4.06184416357083	-0.0165956705363697	0.986759178495284	0.998900740178849
HMPRNC0000_2609	cds	0	NA	NA	NA	NA	NA
HMPRNC0000_2610	cds	0.729913084497601	-0.566154794209276	2.25224994941762	-0.251372985647383	0.801525751623479	0.998900740178849
HMPRNC0000_2611	cds	0.544844549116102	2.00624536574526	2.73392746231776	0.73383269797671	0.463050709520496	0.998900740178849
HMPRNC0000_2612	cds	0.636957342455987	2.22219325170089	2.36194581680502	0.940831595665827	0.346791166570531	0.998900740178849
HMPRNC0000_2613	cds	15.7867420332986	-0.200701975790514	0.59061844337706	-0.339816641422393	0.733994614868247	0.998900740178849
HMPRNC0000_2616	cds	30.2350564646416	0.793192356973686	0.466646641003741	1.69977084859661	0.0891740368694734	0.998900740178849
HMPRNC0000_2619	cds	1.84838762762082	0.670431834619146	1.43639474120108	0.466746233043533	0.640681447797292	0.998900740178849
HMPRNC0000_2621	cds	4.64552941867781	1.43100460337934	0.972618156921272	1.4712912700592	0.141212363209662	0.998900740178849
HMPRNC0000_2622	cds	0.226183199377397	0.963282297667723	3.71000305628801	0.259644610274667	0.79513792206964	0.998900740178849
HMPRNC0000_2623	cds	1.04326618604883	0.41179093508231	1.94556798002735	0.211655896534914	0.832375497962381	0.998900740178849
HMPRNC0000_2625	cds	0.166140931808245	0.619965652411284	4.02427872731825	0.154056340134378	0.877565312758198	0.998900740178849
HMPRNC0000_2626	cds	0.475268688205887	0.49761317048108	2.60402544924046	0.191093820003266	0.848452089344682	0.998900740178849
HMPRNC0000_2627	cds	2.23036149309139	-0.875466274495172	1.28775339193534	-0.679840006617612	0.496605771957992	0.998900740178849
HMPRNC0000_2628	cds	0.235099617929281	-1.01553877897961	3.71196657710418	-0.27358510856309	0.784403479174539	0.998900740178849
HMPRNC0000_2629	cds	1.30260165573884	-1.77912783039983	1.75019816064732	-1.01652936816127	0.309377369727023	0.998900740178849
HMPRNC0000_2630	cds	3.2932460462036	-0.415626292102545	1.00797137184823	-0.412339381564427	0.680090687315358	0.998900740178849
HMPRNC0000_2632	cds	2.19684567654675	2.15593172306626	1.47753013915909	1.45914568232989	0.144525015149643	0.998900740178849
HMPRNC0000_2633	cds	3.82531431780953	0.754135015351221	1.06040523769183	0.711176245218043	0.476975026987807	0.998900740178849
HMPRNC0000_2634	cds	0.817197032119716	0.19328391166391	2.03669198310203	0.0949009046372954	0.924393537967473	0.998900740178849
HMPRNC0000_2636	cds	1.32996924467568	-0.602209299745422	1.66452035348647	-0.361791490554048	0.717507851567765	0.998900740178849
HMPRNC0000_2638	cds	7.09736228015853	1.56378416599316	0.881656067823401	1.7736895633847	0.0761145137049845	0.998900740178849
HMPRNC0000_2640	cds	4.14116520906741	-1.25917600489556	0.961267107187186	-1.3099127136266	0.190225365693382	0.998900740178849
HMPRNC0000_2641	cds	0.143112733473274	0.477233240766022	4.03080623412424	0.118396472826164	0.905753520400384	0.998900740178849
HMPRNC0000_2642	cds	3.41608278107698	-0.737862543236127	1.08049755142792	-0.682891453350369	0.494675434903562	0.998900740178849
HMPRNC0000_2643	cds	0.883852516874242	-0.475459637753013	2.03942538252456	-0.233134117985946	0.815657262406923	0.998900740178849
HMPRNC0000_2644	cds	2.9368140308098	-0.830196454946007	1.27674464555981	-0.650244712467148	0.515534163458341	0.998900740178849
HMPRNC0000_2645	cds	3.29580403461928	1.73954029055075	1.18995019819107	1.46185974269776	0.143779648688366	0.998900740178849
HMPRNC0000_2647	cds	1.65488026536774	1.2515859560748	1.55352481340598	0.805642719880859	0.420448885888047	0.998900740178849
HMPRNC0000_2648	cds	1.99223158133156	2.63522390621407	1.6401393882166	1.6067072866773	0.108118594424621	0.998900740178849
HMPRNC0000_2649	cds	0.895815220465694	1.31957431979071	1.97469491225292	0.668242122670592	0.503979051361498	0.998900740178849
HMPRNC0000_2651	cds	2.85028964889001	0.763549537542986	1.15294737289734	0.662258794713413	0.50780537959344	0.998900740178849
HMPRNC0000_2652	cds	6.65851124398742	0.713575669558014	0.780742773799989	0.913970251796168	0.360732477276866	0.998900740178849
HMPRNC0000_2655	cds	10.4025482323407	-0.0590537330036879	0.618434273052557	-0.0954891013918132	0.923926346533175	0.998900740178849
HMPRNC0000_2657	cds	2.8835666695945	-0.971903130217504	1.14595729120617	-0.84811461794927	0.396374141423646	0.998900740178849
HMPRNC0000_2658	cds	1.74061747887039	-0.433095014556755	1.40513089977184	-0.30822396306784	0.757911919609843	0.998900740178849
HMPRNC0000_2659	cds	4.91630644507635	-0.0697735180350533	0.847560261650635	-0.0823227812724117	0.934390039067693	0.998900740178849
HMPRNC0000_2660	cds	0.939555393841523	-1.96742582945261	1.90696088128325	-1.03170749267214	0.302209166333592	0.998900740178849
HMPRNC0000_2661	cds	0.0600422675691515	-0.287764842376576	4.07015500311295	-0.0707011998699035	0.943635565871096	0.998900740178849
HMPRNC0000_2662	cds	1.66160636950939	-0.812882908561444	1.56537377273819	-0.519289975798899	0.603558542656775	0.998900740178849
HMPRNC0000_2663	cds	0	NA	NA	NA	NA	NA
HMPRNC0000_2664	cds	0	NA	NA	NA	NA	NA
HMPRNC0000_2665	cds	0.143112733473274	0.477233240766022	4.03080623412424	0.118396472826164	0.905753520400384	0.998900740178849
HMPRNC0000_2666	cds	0	NA	NA	NA	NA	NA
HMPRNC0000_2667	cds	0.765958296146174	1.22453493425349	2.07907569441491	0.588980448159246	0.555874389484002	0.998900740178849
HMPRNC0000_2668	cds	0.816341061490383	-0.406789702224424	2.4064208559434	-0.169043457722588	0.865762458925482	0.998900740178849
HMPRNC0000_2669	cds	0.498296886540858	0.577876849678763	2.53015589955302	0.22839574817538	0.819338594576324	0.998900740178849
HMPRNC0000_2670	cds	0	NA	NA	NA	NA	NA
HMPRNC0000_2672	cds	0.152029152025158	-2.10450454780732	4.07469586340345	-0.516481381275287	0.605518239535364	0.998900740178849
HMPRNC0000_2673	cds	7.86820189472611	0.0332792180533226	0.75357359278104	0.0441618686908954	0.96477537675876	0.998900740178849
HMPRNC0000_2675	cds	3.00908614327542	0.416731529814451	1.12537233450811	0.370305468719917	0.711154899547801	0.998900740178849
HMPRNC0000_2676	cds	3.58480426968008	1.15534862144716	1.29428050591336	0.892657052446167	0.372040856280428	0.998900740178849
HMPRNC0000_2677	cds	1.9045680962684	-1.22698741429952	1.36431865328885	-0.899340789149015	0.368471167323477	0.998900740178849
HMPRNC0000_2679	cds	9.41465886449309	-0.528409194526505	0.745849794028377	-0.708465965610229	0.478655940327953	0.998900740178849
HMPRNC0000_2683	cds	0	NA	NA	NA	NA	NA
HMPRNC0000_2685	cds	81.7245138109785	-1.48975123313428	0.394269682945403	-3.77850820789731	0.000157770653208914	0.0803841478099417
HMPRNC0000_2687	cds	4.97760946772546	0.117400602455281	0.972543580203732	0.120715004288741	0.903916774204783	0.998900740178849
HMPRNC0000_2689	cds	1.74167178859254	-0.555693316137139	1.44323645373226	-0.385032760709514	0.700213143619512	0.998900740178849
HMPRNC0000_2691	cds	3.35836962955567	0.092326774411729	1.04288003625535	0.0885305799344333	0.929454980479291	0.998900740178849
HMPRNC0000_2692	cds	0.309253665281519	1.31742048186384	3.30525907759484	0.398583121908404	0.690200400000409	0.998900740178849
HMPRNC0000_2693	cds	0	NA	NA	NA	NA	NA
HMPRNC0000_2694	cds	0.143112733473274	0.477233240766022	4.03080623412424	0.118396472826164	0.905753520400384	0.998900740178849
HMPRNC0000_2695	cds	0.0600422675691515	-0.287764842376576	4.07015500311295	-0.0707011998699035	0.943635565871096	0.998900740178849
HMPRNC0000_2696	cds	0	NA	NA	NA	NA	NA
HMPRNC0000_2697	cds	0.120084535138303	0.318360587378331	4.03879997395116	0.0788255396235627	0.937171389566932	0.998900740178849
HMPRNC0000_2698	cds	0	NA	NA	NA	NA	NA
HMPRNC0000_2700	cds	0.443687617551053	-3.04314751185492	3.30030000138653	-0.922082086651647	0.356485759990919	0.998900740178849
HMPRNC0000_2703	cds	0.0830704659041226	-0.0871824083588438	4.06317883659053	-0.0214566997577689	0.982881344090469	0.998900740178849
HMPRNC0000_2704	cds	3.65014214052985	0.014203149483724	1.00344907635457	0.0141543301183979	0.988706855618899	0.998900740178849
HMPRNC0000_2705	cds	3.31978242070044	-0.0209726685897908	1.1381846367494	-0.0184264203826259	0.985298675601265	0.998900740178849
HMPRNC0000_2706	cds	1.97824455194034	0.682309535361603	1.36096330468285	0.501343080312223	0.616129691186207	0.998900740178849
HMPRNC0000_2707	cds	0	NA	NA	NA	NA	NA
HMPRNC0000_2708	cds	2.70057556166696	1.18336012836125	1.20930785657594	0.978543322882098	0.327805675352856	0.998900740178849
HMPRNC0000_2709	cds	0.364717746408648	1.31699726920546	3.15313732361123	0.417678373645053	0.676182286208923	0.998900740178849
HMPRNC0000_2710	cds	2.68476589187095	1.45741434285898	1.26087639423482	1.15587408053858	0.24773266595484	0.998900740178849
HMPRNC0000_2711	cds	2.76036535917096	0.460623885466497	1.17731696396134	0.391248830660374	0.695613317477137	0.998900740178849
HMPRNC0000_2712	cds	7.2749310944503	0.606534641499213	0.786949335007861	0.770741665971614	0.440860069850932	0.998900740178849
HMPRNC0000_2713	cds	0.973565574746744	0.870445135378555	2.01349772184955	0.432305001358028	0.665519752655848	0.998900740178849
HMPRNC0000_2714	cds	0	NA	NA	NA	NA	NA
HMPRNC0000_2716	cds	0.907371981114515	0.794597813805662	2.22755833816948	0.35671245964253	0.721307076946911	0.998900740178849
HMPRNC0000_2717	cds	0.821536422721586	1.50996788655349	2.15633691715766	0.70024673534961	0.48377322958676	0.998900740178849
HMPRNC0000_2718	cds	0.812744754561571	1.10780698457124	2.0389014616212	0.54333522508262	0.586899015409307	0.998900740178849
HMPRNC0000_2719	cds	0.0600422675691515	-0.287764842376576	4.07015500311295	-0.0707011998699035	0.943635565871096	0.998900740178849
HMPRNC0000_2721	cds	0.120084535138303	0.318360587378331	4.03879997395116	0.0788255396235627	0.937171389566932	0.998900740178849
HMPRNC0000_2722	cds	0.360253605414909	1.5151105015818	3.55268500683832	0.426469134940324	0.669766033922532	0.998900740178849
HMPRNC0000_2723	cds	0.327703677174468	1.03170555790918	3.3144544785805	0.311274619873805	0.755591859954961	0.998900740178849
HMPRNC0000_2724	cds	1.32754013442529	-1.4568041222853	1.65841519323707	-0.878431485810109	0.379709603863908	0.998900740178849
HMPRNC0000_2725	cds	3.55062912948253	-0.285090543573869	1.13090660582255	-0.252090262897096	0.800971296058647	0.998900740178849
HMPRNC0000_2726	cds	0.586561555184174	0.243042474867591	2.49346500876961	0.097471780840237	0.92235174312854	0.998900740178849
HMPRNC0000_2727	cds	1.67380786894099	-0.382881444028009	1.46013728439831	-0.262222907475298	0.793149593527448	0.998900740178849
HMPRNC0000_2728	cds	1.77341806638658	-0.59225011518333	1.42946859580631	-0.414314883811256	0.678643515005333	0.998900740178849
HMPRNC0000_2729	cds	1.18056754199373	-0.176387918793157	1.85631259860724	-0.0950205902419115	0.924298472268746	0.998900740178849
HMPRNC0000_2730	cds	0.0830704659041226	-0.0871824083588438	4.06317883659053	-0.0214566997577689	0.982881344090469	0.998900740178849
HMPRNC0000_2731	cds	0.0600422675691515	-0.287764842376576	4.07015500311295	-0.0707011998699035	0.943635565871096	0.998900740178849
HMPRNC0000_2732	cds	0.406310002084851	1.69795236697911	2.94068621469176	0.577400049857781	0.56366924053454	0.998900740178849
HMPRNC0000_2733	cds	0.904731639017578	0.182632754653769	1.85682714279229	0.0983574348116901	0.921648472835746	0.998900740178849
HMPRNC0000_2734	cds	0.152029152025158	-2.10450454780732	4.07469586340345	-0.516481381275287	0.605518239535364	0.998900740178849
HMPRNC0000_2736	cds	0.41077414307859	1.52948492603475	3.04289024274879	0.502642160583845	0.615215881701066	0.998900740178849
HMPRNC0000_2737	cds	0.44778821231277	1.66656106074528	2.63246316046167	0.633080487421905	0.526681083814621	0.998900740178849
HMPRNC0000_2738	cds	0.364717746408648	1.31699726920546	3.15313732361123	0.417678373645053	0.676182286208923	0.998900740178849
HMPRNC0000_2739	cds	0.44778821231277	1.66656106074528	2.63246316046167	0.633080487421905	0.526681083814621	0.998900740178849
HMPRNC0000_2742	cds	1.09401365611707	-1.03227958747878	1.755043586794	-0.588178889257379	0.556412225696213	0.998900740178849
HMPRNC0000_2743	cds	0.507830479881922	1.87710925948876	2.51467599851559	0.746461675618175	0.455388574259705	0.998900740178849
HMPRNC0000_2744	cds	0	NA	NA	NA	NA	NA
HMPRNC0000_2745	cds	0	NA	NA	NA	NA	NA
HMPRNC0000_2746	cds	0	NA	NA	NA	NA	NA
HMPRNC0000_2749	cds	0.323239536180728	1.38826700733702	3.23790899199705	0.428754177701818	0.668102128766098	0.998900740178849
HMPRNC0000_2750	cds	0.143112733473274	0.477233240766022	4.03080623412424	0.118396472826164	0.905753520400384	0.998900740178849
HMPRNC0000_2751	cds	0.668776050458964	-0.315090360368747	2.37720679442146	-0.132546466343678	0.894552072382593	0.998900740178849
HMPRNC0000_2752	cds	1.71228219083995	0.99271267034458	1.46867080820466	0.675925922132336	0.49908767866886	0.998900740178849
HMPRNC0000_2753	cds	0.226183199377397	0.963282297667723	3.71000305628801	0.259644610274667	0.79513792206964	0.998900740178849
HMPRNC0000_2754	cds	0.590900945786045	2.11494219317024	2.35973163501627	0.896263863986232	0.370111853962603	0.998900740178849
HMPRNC0000_2755	cds	0.659985540790958	2.2795603101706	2.60064317394062	0.876537132434245	0.380738099112577	0.998900740178849
HMPRNC0000_2756	cds	12.8289958473807	1.70746159275312	0.659529425610714	2.5889088893525	0.00962805650913528	0.998900740178849
HMPRNC0000_2757	cds	1.38758240199445	-1.18697763454638	1.58806869864216	-0.747434689419468	0.454801212390231	0.998900740178849
HMPRNC0000_2758	cds	0	NA	NA	NA	NA	NA
HMPRNC0000_2759	cds	1.21673853335231	-0.595690444980812	1.84662503533211	-0.322583325571387	0.747010823441962	0.998900740178849
HMPRNC0000_2760	cds	0.0600422675691515	-0.287764842376576	4.07015500311295	-0.0707011998699035	0.943635565871096	0.998900740178849
HMPRNC0000_2761	cds	0	NA	NA	NA	NA	NA
HMPRNC0000_2762	cds	0.281886076344678	-1.31483424838019	3.4811021787336	-0.377706307046269	0.705648781956344	0.998900740178849
HMPRNC0000_2763	cds	0	NA	NA	NA	NA	NA
HMPRNC0000_2765	cds	10.968121115771	-1.20270451221651	0.605817037874856	-1.98526029646752	0.0471155189262655	0.998900740178849
HMPRNC0000_2766	cds	0	NA	NA	NA	NA	NA
HMPRNC0000_2767	cds	0	NA	NA	NA	NA	NA
HMPRNC0000_2768	cds	0	NA	NA	NA	NA	NA
HMPRNC0000_2769	cds	3.18091073293876	-0.152170232161433	1.10428094955922	-0.137800287347321	0.890398257256409	0.998900740178849
HMPRNC0000_2770	cds	6.92132587670267	-1.22670840784427	0.788909606498638	-1.55494165331397	0.119959965925314	0.998900740178849
HMPRNC0000_2771	cds	4.66843170812891	1.1799111150568	0.947640895906783	1.24510362538519	0.213093661675399	0.998900740178849
HMPRNC0000_2772	cds	2.37685843380592	2.22223984472938	1.50766318973396	1.47396305743958	0.140491538078369	0.998900740178849
HMPRNC0000_2773	cds	0.696382435235958	0.105173010232648	2.30983597148872	0.045532674843947	0.963682731138469	0.998900740178849
HMPRNC0000_2774	cds	2.59022217749127	-0.102802633465673	1.21915080747419	-0.0843231475838973	0.932799508830554	0.998900740178849
HMPRNC0000_2775	cds	0.787287445976212	0.226949508218345	2.34043664517433	0.0969688748833623	0.922751112179441	0.998900740178849
HMPRNC0000_2776	cds	0.802355190591174	-0.49002491068818	2.14301040295707	-0.228661937437173	0.81913168052525	0.998900740178849
HMPRNC0000_2777	cds	0.82381024930509	-0.787340313932926	2.26483091460799	-0.34763756925722	0.72811238784972	0.998900740178849
HMPRNC0000_2778	cds	7.10965502742557	0.0195635492512467	0.739728255068353	0.0264469406396258	0.978900854011971	0.998900740178849
HMPRNC0000_2780	cds	0.221843808775526	-2.21903366148579	4.07067951085028	-0.545126103779729	0.58566679046034	0.998900740178849
HMPRNC0000_2783	cds	0.0830704659041226	-0.0871824083588438	4.06317883659053	-0.0214566997577689	0.982881344090469	0.998900740178849
HMPRNC0000_2785	cds	0	NA	NA	NA	NA	NA
HMPRNC0000_2786	cds	3.02304366870976	-0.504696040427334	1.33506977039111	-0.378029711720222	0.705408522134941	0.998900740178849
HMPRNC0000_2787	cds	0.872169847341542	-0.593866365449003	1.92549224962315	-0.308423139882922	0.757760376537886	0.998900740178849
HMPRNC0000_2788	cds	3.98665013077119	1.37226079382764	1.1631650258883	1.17976449023617	0.238093896338602	0.998900740178849
HMPRNC0000_2790	cds	0.78909938143742	-0.922325861922824	2.02395992144731	-0.455703619498196	0.648603118873905	0.998900740178849
HMPRNC0000_2791	cds	0.143112733473274	0.477233240766022	4.03080623412424	0.118396472826164	0.905753520400384	0.998900740178849
HMPRNC0000_2792	cds	0.120084535138303	0.318360587378331	4.03879997395116	0.0788255396235627	0.937171389566932	0.998900740178849
HMPRNC0000_2793	cds	0.120084535138303	0.318360587378331	4.03879997395116	0.0788255396235627	0.937171389566932	0.998900740178849
HMPRNC0000_2794	cds	0.120084535138303	0.318360587378331	4.03879997395116	0.0788255396235627	0.937171389566932	0.998900740178849
HMPRNC0000_2795	cds	0.535310955775038	0.732781516559063	2.50682776753972	0.292314265083412	0.770046352936677	0.998900740178849
HMPRNC0000_2797	cds	0.323239536180728	1.38826700733702	3.23790899199705	0.428754177701818	0.668102128766098	0.998900740178849
HMPRNC0000_2798	cds	11.672882181708	0.0413240188740628	0.6554366313948	0.0630480764953941	0.949728220936163	0.998900740178849
HMPRNC0000_2800	cds	0	NA	NA	NA	NA	NA
HMPRNC0000_2801	cds	0	NA	NA	NA	NA	NA
HMPRNC0000_2803	cds	0.244633211270345	-0.0674090275086976	4.06184416357083	-0.0165956705363697	0.986759178495284	0.998900740178849
HMPRNC0000_2804	cds	2.1518840463463	1.87283128405909	1.48154376054981	1.26410797569966	0.206191274322346	0.998900740178849
HMPRNC0000_2806	cds	0.281886076344678	-1.31483424838019	3.4811021787336	-0.377706307046269	0.705648781956344	0.998900740178849
HMPRNC0000_2807	cds	3.70511495575168	-0.218740797497826	0.982433634155691	-0.222651983699451	0.82380637467483	0.998900740178849
HMPRNC0000_2808	cds	0.309253665281519	1.31742048186384	3.30525907759484	0.398583121908404	0.690200400000409	0.998900740178849
HMPRNC0000_2809	cds	0.651182009195349	0.806095668417648	2.31428411143197	0.348313184382048	0.727604993368186	0.998900740178849
HMPRNC0000_2810	cds	0.549547485949994	-0.0748936859077182	2.58793470928862	-0.0289395577248953	0.976912796320971	0.998900740178849
HMPRNC0000_2811	cds	0.309253665281519	1.31742048186384	3.30525907759484	0.398583121908404	0.690200400000409	0.998900740178849
HMPRNC0000_2812	cds	3.60707789792714	-0.0410310344986568	0.997270372911836	-0.0411433404753157	0.967181623134391	0.998900740178849
HMPRNC0000_2814	cds	0.263197268611577	1.14782995603102	3.49168931681059	0.328731983829387	0.742358277083363	0.998900740178849
HMPRNC0000_2815	cds	0.0830704659041226	-0.0871824083588438	4.06317883659053	-0.0214566997577689	0.982881344090469	0.998900740178849
HMPRNC0000_2816	cds	2.9282895039548	-0.404049454874556	1.07185717027837	-0.376962030089905	0.706201822496819	0.998900740178849
HMPRNC0000_2817	cds	4.29584875443524	-0.674014918894263	0.923463825882395	-0.729876904761509	0.46546543054019	0.998900740178849
HMPRNC0000_2818	cds	3.11684145930884	-0.724593773196328	1.0619591737876	-0.682317918693599	0.495037945036334	0.998900740178849
HMPRNC0000_2819	cds	0.166140931808245	0.619965652411284	4.02427872731825	0.154056340134378	0.877565312758198	0.998900740178849
HMPRNC0000_2820	cds	0.810315644311183	0.319371856686432	2.18661306547756	0.146057783029245	0.883875773201898	0.998900740178849
HMPRNC0000_2821	cds	18.8434460537107	0.92022327013851	0.58768511361623	1.5658441039557	0.117385118244967	0.998900740178849
HMPRNC0000_2822	cds	0.304914274679649	-1.1266313018717	3.37909901043244	-0.333411746265321	0.738823497686307	0.998900740178849
HMPRNC0000_2823	cds	5.41115044491969	0.759749725068229	0.907974274046657	0.836752479431139	0.402731713714456	0.998900740178849
HMPRNC0000_2824	cds	6.47945010824309	0.359340781095122	0.884459663756452	0.40628283665186	0.684534794871505	0.998900740178849
HMPRNC0000_2826	cds	1.43340000282424	-0.252601829017356	1.57514759811923	-0.160367085166476	0.872591916249208	0.998900740178849
HMPRNC0000_2828	cds	7.36309255176279	0.671678443060624	0.769844875043027	0.872485438086581	0.3829436088233	0.998900740178849
HMPRNC0000_2829	cds	0	NA	NA	NA	NA	NA
HMPRNC0000_2830	cds	0.0600422675691515	-0.287764842376576	4.07015500311295	-0.0707011998699035	0.943635565871096	0.998900740178849
HMPRNC0000_2831	cds	0.0830704659041226	-0.0871824083588438	4.06317883659053	-0.0214566997577689	0.982881344090469	0.998900740178849
HMPRNC0000_2833	cds	0.286225466946548	1.23610492887501	3.36414935735462	0.367434616472265	0.713294854401914	0.998900740178849
HMPRNC0000_2834	cds	10.1421310181088	0.62097117678175	0.686705680645952	0.904275578727748	0.365849292899471	0.998900740178849
HMPRNC0000_2835	cds	0.3462677345157	1.46559414657943	3.12433877091974	0.469089383078643	0.639005747569983	0.998900740178849
HMPRNC0000_2836	cds	1.17441621593065	-0.761788065743165	1.7430559727927	-0.437041654217585	0.662081139709839	0.998900740178849
HMPRNC0000_2838	cds	8.13760178026556	0.267491591194476	0.693102959427439	0.38593341372463	0.699545983493633	0.998900740178849
HMPRNC0000_2839	cds	4.88413605427695	1.14504403936375	0.950553902584219	1.20460716246684	0.228354990375689	0.998900740178849
HMPRNC0000_2840	cds	2.01805243614894	1.01058276127044	1.4997846410711	0.673818582745792	0.50042665911813	0.998900740178849
HMPRNC0000_2841	cds	1.07160263257128	0.374991870388871	1.88451188250344	0.198986206386091	0.842273534544202	0.998900740178849
HMPRNC0000_2842	cds	0.378212351402555	0.0515476879401578	2.81268084820443	0.0183268883752186	0.985378077245092	0.998900740178849
HMPRNC0000_2843	cds	0.180126802707454	0.73662894826931	4.01936770776885	0.183269857805125	0.85458628380304	0.998900740178849
HMPRNC0000_2844	cds	0.433915228369836	-1.98407382520791	2.72718902244285	-0.727516064665991	0.466909877878246	0.998900740178849
HMPRNC0000_2846	cds	1.0241989993667	-0.944712859389647	1.8106885442466	-0.521742329674222	0.601849747969418	0.998900740178849
HMPRNC0000_2847	cds	0	NA	NA	NA	NA	NA
HMPRNC0000_2848	cds	0.304914274679649	-1.1266313018717	3.37909901043244	-0.333411746265321	0.738823497686307	0.998900740178849
HMPRNC0000_2849	cds	0.508069275722074	0.260109750374225	2.52738416711011	0.102916586152252	0.918029173755713	0.998900740178849
HMPRNC0000_2851	cds	0	NA	NA	NA	NA	NA
HMPRNC0000_2852	cds	7.8326305668093	0.10924764870925	0.860735149244282	0.126923652188676	0.899000826295053	0.998900740178849
HMPRNC0000_2853	cds	0.0600422675691515	-0.287764842376576	4.07015500311295	-0.0707011998699035	0.943635565871096	0.998900740178849
HMPRNC0000_2854	cds	0	NA	NA	NA	NA	NA
HMPRNC0000_2855	cds	0	NA	NA	NA	NA	NA
HMPRNC0000_2856	cds	0.180126802707454	0.73662894826931	4.01936770776885	0.183269857805125	0.85458628380304	0.998900740178849
HMPRNC0000_2857	cds	5.86849005257194	5.47300764584552	1.41526660135476	3.86712131877239	0.000110127648959463	0.0748133828597951
HMPRNC0000_2858	cds	0	NA	NA	NA	NA	NA
HMPRNC0000_2860	cds	0	NA	NA	NA	NA	NA
HMPRNC0000_2861	cds	0	NA	NA	NA	NA	NA
HMPRNC0000_2862	cds	0	NA	NA	NA	NA	NA
HMPRNC0000_2864	cds	0.0830704659041226	-0.0871824083588438	4.06317883659053	-0.0214566997577689	0.982881344090469	0.998900740178849
HMPRNC0000_2865	cds	0.866861599154065	-0.573109058590464	2.2052441389664	-0.259884630669092	0.794952766995491	0.998900740178849
HMPRNC0000_2866	cds	0.0600422675691515	-0.287764842376576	4.07015500311295	-0.0707011998699035	0.943635565871096	0.998900740178849
HMPRNC0000_2867	cds	0.0600422675691515	-0.287764842376576	4.07015500311295	-0.0707011998699035	0.943635565871096	0.998900740178849
HMPRNC0000_2868	cds	0	NA	NA	NA	NA	NA
HMPRNC0000_2870	cds	0	NA	NA	NA	NA	NA
HMPRNC0000_2872	cds	0	NA	NA	NA	NA	NA
HMPRNC0000_2873	cds	0	NA	NA	NA	NA	NA
HMPRNC0000_2874	cds	2.4928542376181	1.3560863927274	1.44025195540937	0.941561917436839	0.346416974884062	0.998900740178849
HMPRNC0000_2876	cds	1.15332586194077	-0.553677909079878	1.80100150248007	-0.307427788548447	0.758517779433866	0.998900740178849
HMPRNC0000_2877	cds	0.805851503317444	0.687124487560522	2.26736080048039	0.30305035149895	0.761851489717428	0.998900740178849
HMPRNC0000_2878	cds	1.38988560336096	-1.08061066481424	1.81030879707739	-0.596920628435773	0.550560374040924	0.998900740178849
HMPRNC0000_2879	cds	8.13554121186161	-0.0273842290747534	0.749662659941144	-0.0365287355740824	0.970860766319424	0.998900740178849
HMPRNC0000_2881	cds	0.526758083455175	-1.97377109781602	2.81784403923151	-0.700454343936762	0.483643608209071	0.998900740178849
HMPRNC0000_2882	cds	0.3649565422488	-0.535340677198235	2.86310297098819	-0.186979190976657	0.851676948399978	0.998900740178849
HMPRNC0000_2883	cds	0	NA	NA	NA	NA	NA
HMPRNC0000_2884	cds	0.143112733473274	0.477233240766022	4.03080623412424	0.118396472826164	0.905753520400384	0.998900740178849
HMPRNC0000_2885	cds	1.39444808924497	-0.617539313777092	2.03051591955524	-0.304129264799045	0.761029412090329	0.998900740178849
HMPRNC0000_2886	cds	0.3462677345157	1.46559414657943	3.12433877091974	0.469089383078643	0.639005747569983	0.998900740178849
HMPRNC0000_2887	cds	1.55348453796254	0.0633481816155242	1.48070219800847	0.0427825268988774	0.965874892750343	0.998900740178849
HMPRNC0000_2888	cds	0.724480085918255	1.27866147405191	2.23360764270331	0.572464675355585	0.567007210789317	0.998900740178849
HMPRNC0000_2889	cds	7.22332303515905	0.651446858924142	0.810924687514209	0.803338298801919	0.42177922724089	0.998900740178849
HMPRNC0000_2891	cds	1.69585418776275	-1.26714434143847	1.47905785442184	-0.856723986590638	0.391597443691086	0.998900740178849
HMPRNC0000_2892	cds	0.885425656495297	-0.207121557217847	2.06112718872298	-0.100489459530236	0.919955750556291	0.998900740178849
HMPRNC0000_2893	cds	0.281886076344678	-1.31483424838019	3.4811021787336	-0.377706307046269	0.705648781956344	0.998900740178849
HMPRNC0000_2894	cds	2.76373589218722	1.52163390396418	1.34101939670661	1.13468448532597	0.256507540120078	0.998900740178849
HMPRNC0000_2895	cds	64.9579499379633	-0.224270662480486	0.31595231269141	-0.709824405366931	0.477813032811353	0.998900740178849
HMPRNC0000_2896	cds	4.23545480406966	0.0580076784623575	0.960897626254206	0.0603682191291121	0.951862369937665	0.998900740178849
HMPRNC0000_2898	cds	1.58158218864483	0.906468250275422	1.57860232619532	0.57422204138021	0.565817555765878	0.998900740178849
HMPRNC0000_2900	cds	0.152029152025158	-2.10450454780732	4.07469586340345	-0.516481381275287	0.605518239535364	0.998900740178849
HMPRNC0000_2901	cds	0.235099617929281	-1.01553877897961	3.71196657710418	-0.27358510856309	0.784403479174539	0.998900740178849
HMPRNC0000_2903	cds	0	NA	NA	NA	NA	NA
HMPRNC0000_2904	cds	0.221843808775526	-2.21903366148579	4.07067951085028	-0.545126103779729	0.58566679046034	0.998900740178849
HMPRNC0000_2905	cds	0	NA	NA	NA	NA	NA
HMPRNC0000_2906	cds	0.272113687163461	-0.598190794220942	3.52853068428213	-0.169529713000822	0.865380003002097	0.998900740178849
HMPRNC0000_2907	cds	0.599817364337929	0.705898313306095	2.27050339136779	0.310899475415824	0.755877043285789	0.998900740178849
HMPRNC0000_2908	cds	0.941746866743767	2.89537710473885	2.20365588632985	1.31389711193114	0.18888083075167	0.998900740178849
HMPRNC0000_2910	cds	0.845139399135129	-3.648583774598	2.69794114355434	-1.35235855063586	0.17626064233495	0.998900740178849
HMPRNC0000_2911	cds	0.304675478839496	0.848858857215286	3.38937150278016	0.250447275112511	0.802241473932794	0.998900740178849
HMPRNC0000_2912	cds	0.960673311825011	-2.20113405900443	1.96496769744201	-1.12018841931593	0.262633477871646	0.998900740178849
HMPRNC0000_2914	cds	0	NA	NA	NA	NA	NA
HMPRNC0000_2915	cds	0.542654234705867	-0.673479125675339	2.82076274977553	-0.238757806103662	0.811293389904251	0.998900740178849
HMPRNC0000_2916	cds	0.0830704659041226	-0.0871824083588438	4.06317883659053	-0.0214566997577689	0.982881344090469	0.998900740178849
HMPRNC0000_2917	cds	0.422569699567564	-2.21054879241464	3.39962777145516	-0.650232596337582	0.515541988594059	0.998900740178849
HMPRNC0000_2918	cds	0	NA	NA	NA	NA	NA
HMPRNC0000_2919	cds	0	NA	NA	NA	NA	NA
HMPRNC0000_2920	cds	0	NA	NA	NA	NA	NA
HMPRNC0000_2922	cds	0	NA	NA	NA	NA	NA
HMPRNC0000_2923	cds	0.586800351024327	-1.36809593461225	2.47482062164202	-0.552806099419252	0.58039619145458	0.998900740178849
HMPRNC0000_2924	cds	18.3954289600736	-0.329796558419794	0.576859939099812	-0.571709935230449	0.567518502440748	0.998900740178849
HMPRNC0000_2926	cds	5.95028853856786	-0.717680252863096	0.874875856696879	-0.820322389021821	0.412032346279709	0.998900740178849
HMPRNC0000_2927	cds	3.06428205377939	0.0888597093679632	1.18683407645549	0.0748712150508391	0.940317179317504	0.998900740178849
HMPRNC0000_2929	cds	2.98894894631313	0.271818746615984	1.08996875226675	0.249382146094277	0.803065194320025	0.998900740178849
HMPRNC0000_2932	cds	2.96977003116674	1.33716468403722	1.25228423265085	1.06778049996421	0.285619536192522	0.998900740178849
HMPRNC0000_2934	cds	1.54650596375574	0.657455775115521	1.68801514009218	0.389484525049709	0.696917755947269	0.998900740178849
HMPRNC0000_2935	cds	1.69817041105687	0.403399518543415	1.42337649546345	0.283410271160947	0.776862355778216	0.998900740178849
HMPRNC0000_2936	cds	0	NA	NA	NA	NA	NA
HMPRNC0000_2937	cds	0	NA	NA	NA	NA	NA
HMPRNC0000_2938	cds	0	NA	NA	NA	NA	NA
HMPRNC0000_2940	cds	0	NA	NA	NA	NA	NA
HMPRNC0000_2941	cds	0.530858678216893	1.9393966899164	2.45828899222556	0.788921357924075	0.430157971799594	0.998900740178849
HMPRNC0000_2942	cds	5.9963794735303	-0.646237639653344	0.874784071382334	-0.738739605343018	0.460065131354652	0.998900740178849
HMPRNC0000_2944	cds	3.98242284565433	-0.395208244290723	0.959520001722838	-0.411881194327495	0.680426505235995	0.998900740178849
HMPRNC0000_2946	cds	4.29118705581995	0.286765823279667	0.9345650191634	0.306844165359808	0.75896198965881	0.998900740178849
HMPRNC0000_2948	cds	1.51934960666545	-0.81872799700405	1.69229922930696	-0.483796235810697	0.628530486768279	0.998900740178849
HMPRNC0000_2949	cds	2.76255257512591	-1.92938833407848	1.35082358692689	-1.42830518562962	0.15320403591427	0.998900740178849
HMPRNC0000_2950	cds	2.50159280412392	0.09601450720211	1.2514933785064	0.076719948224336	0.938846334922697	0.998900740178849
HMPRNC0000_2951	cds	2.01042796466735	-0.439406617877864	1.28936166231543	-0.340793922078293	0.733258726345562	0.998900740178849
HMPRNC0000_2952	cds	2.09856788291879	0.240445486067639	1.28908508486406	0.186524139399996	0.852033750510073	0.998900740178849
HMPRNC0000_2953	cds	0.438254618971706	0.335744888988159	2.64891459106457	0.126748099059407	0.89913977525963	0.998900740178849
HMPRNC0000_2955	cds	0.0600422675691515	-0.287764842376576	4.07015500311295	-0.0707011998699035	0.943635565871096	0.998900740178849
HMPRNC0000_2958	cds	0.0830704659041226	-0.0871824083588438	4.06317883659053	-0.0214566997577689	0.982881344090469	0.998900740178849
HMPRNC0000_2961	cds	0.143112733473274	0.477233240766022	4.03080623412424	0.118396472826164	0.905753520400384	0.998900740178849
HMPRNC0000_2962	cds	1.63378875288585	-0.466943692076054	1.41451802828635	-0.330107982180859	0.741318372090591	0.998900740178849
HMPRNC0000_2963	cds	0	NA	NA	NA	NA	NA
HMPRNC0000_2964	cds	0	NA	NA	NA	NA	NA
HMPRNC0000_2965	cds	0	NA	NA	NA	NA	NA
HMPRNC0000_2966	cds	0.44717103752359	-1.05806173281911	2.67354677133117	-0.395752093872027	0.692287920966096	0.998900740178849
HMPRNC0000_2967	cds	0.166140931808245	0.619965652411284	4.02427872731825	0.154056340134378	0.877565312758198	0.998900740178849
HMPRNC0000_2968	cds	0	NA	NA	NA	NA	NA
HMPRNC0000_2970	cds	0	NA	NA	NA	NA	NA
HMPRNC0000_2971	cds	0	NA	NA	NA	NA	NA
HMPRNC0000_2972	cds	0	NA	NA	NA	NA	NA
HMPRNC0000_2974	cds	0	NA	NA	NA	NA	NA
HMPRNC0000_2976	cds	2.1666705984105	-0.435594550780146	1.24309124439609	-0.350412371371632	0.726029243236745	0.998900740178849
HMPRNC0000_2977	cds	0	NA	NA	NA	NA	NA
HMPRNC0000_2978	cds	0	NA	NA	NA	NA	NA
HMPRNC0000_2980	cds	2.1307512956458	-0.726409198273125	1.30327571269153	-0.557371852478509	0.577273392735987	0.998900740178849
HMPRNC0000_2981	cds	0	NA	NA	NA	NA	NA
HMPRNC0000_2982	cds	0	NA	NA	NA	NA	NA
HMPRNC0000_2983	cds	0	NA	NA	NA	NA	NA
HMPRNC0000_2984	cds	0.609589753519145	0.337633152110404	2.30321607058484	0.146592044238677	0.883454033619113	0.998900740178849
HMPRNC0000_2985	cds	0.0830704659041226	-0.0871824083588438	4.06317883659053	-0.0214566997577689	0.982881344090469	0.998900740178849
HMPRNC0000_2986	cds	0	NA	NA	NA	NA	NA
HMPRNC0000_2987	cds	0	NA	NA	NA	NA	NA
HMPRNC0000_2989	cds	0	NA	NA	NA	NA	NA
HMPRNC0000_2990	cds	0	NA	NA	NA	NA	NA
HMPRNC0000_2991	cds	0.235099617929281	-1.01553877897961	3.71196657710418	-0.27358510856309	0.784403479174539	0.998900740178849
HMPRNC0000_2992	cds	0.327703677174468	1.03170555790918	3.3144544785805	0.311274619873805	0.755591859954961	0.998900740178849
HMPRNC0000_2994	cds	0	NA	NA	NA	NA	NA
HMPRNC0000_2995	cds	0	NA	NA	NA	NA	NA
HMPRNC0000_2996	cds	0.244633211270345	-0.0674090275086976	4.06184416357083	-0.0165956705363697	0.986759178495284	0.998900740178849
HMPRNC0000_2997	cds	0.0600422675691515	-0.287764842376576	4.07015500311295	-0.0707011998699035	0.943635565871096	0.998900740178849
HMPRNC0000_2999	cds	0	NA	NA	NA	NA	NA
HMPRNC0000_3000	cds	0.678423689248312	1.1740914903255	2.29515670951911	0.511551775726679	0.608964743436595	0.998900740178849
HMPRNC0000_3001	cds	0.120084535138303	0.318360587378331	4.03879997395116	0.0788255396235627	0.937171389566932	0.998900740178849
HMPRNC0000_3002	cds	0.21207141959431	-1.20998026795234	3.86222589384395	-0.313285732427236	0.754063588820276	0.998900740178849
HMPRNC0000_3003	cds	0.244633211270345	-0.0674090275086976	4.06184416357083	-0.0165956705363697	0.986759178495284	0.998900740178849
HMPRNC0000_3004	cds	0.466477020045871	-1.13055251550194	3.02730918755984	-0.373451288077127	0.708812593555211	0.998900740178849
HMPRNC0000_3005	cds	2.55369937416239	0.194020976946842	1.27621082772391	0.152028938112736	0.879164111620936	0.998900740178849
HMPRNC0000_3006	cds	0.221843808775526	-2.21903366148579	4.07067951085028	-0.545126103779729	0.58566679046034	0.998900740178849
HMPRNC0000_3007	cds	0	NA	NA	NA	NA	NA
HMPRNC0000_3008	cds	0.152029152025158	-2.10450454780732	4.07469586340345	-0.516481381275287	0.605518239535364	0.998900740178849
HMPRNC0000_3010	cds	0.41077414307859	1.52948492603475	3.04289024274879	0.502642160583845	0.615215881701066	0.998900740178849
HMPRNC0000_3011	cds	8.38091944676829	0.998432746366634	0.761728139552718	1.31074683279117	0.189943310468076	0.998900740178849
HMPRNC0000_3012	cds	0.0600422675691515	-0.287764842376576	4.07015500311295	-0.0707011998699035	0.943635565871096	0.998900740178849
HMPRNC0000_3013	cds	0.0830704659041226	-0.0871824083588438	4.06317883659053	-0.0214566997577689	0.982881344090469	0.998900740178849
HMPRNC0000_3014	cds	0	NA	NA	NA	NA	NA
HMPRNC0000_3015	cds	4.61288978135354	-1.48018773385175	1.18205537361446	-1.25221522349301	0.210491450243852	0.998900740178849
HMPRNC0000_3016	cds	0.180126802707454	0.73662894826931	4.01936770776885	0.183269857805125	0.85458628380304	0.998900740178849
HMPRNC0000_3017	cds	0.295141885498432	-0.444006782590369	3.06681321097508	-0.144777902025927	0.884886230009678	0.998900740178849
HMPRNC0000_3018	cds	0	NA	NA	NA	NA	NA
HMPRNC0000_3019	cds	10.7471933148567	-0.0590870997330052	0.657703181818861	-0.0898385493127787	0.92841551410995	0.998900740178849
HMPRNC0000_3020	cds	0.341928343913829	-0.6945620436913	3.2340876845324	-0.214762898054115	0.829952180971082	0.998900740178849
HMPRNC0000_3021	cds	0	NA	NA	NA	NA	NA
HMPRNC0000_3023	cds	0.0600422675691515	-0.287764842376576	4.07015500311295	-0.0707011998699035	0.943635565871096	0.998900740178849
HMPRNC0000_3025	cds	1.23774356437952	0.744576517888438	1.75223835122624	0.424928787437722	0.67088858832582	0.998900740178849
HMPRNC0000_3026	cds	1.14693574003754	-0.0804563828831864	1.99217674751046	-0.0403861670324831	0.967785258361455	0.998900740178849
HMPRNC0000_3027	cds	0.854098214397622	2.69376801838524	2.08652373129	1.29103157466597	0.19669272900959	0.998900740178849
HMPRNC0000_3029	cds	0.777753852635148	-0.943544117645314	2.110161349134	-0.447143114450722	0.654771731023182	0.998900740178849
HMPRNC0000_3030	cds	0	NA	NA	NA	NA	NA
HMPRNC0000_3031	cds	5.32116805793202	-0.189425120539216	0.860497243102201	-0.220134488585129	0.82576641553224	0.998900740178849