"tag"	"moltype"	"baseMean"	"log2FoldChange"	"lfcSE"	"stat"	"pvalue"	"padj"
HMPRNC0000_0001	cds	1.45463251322349	-0.784406632814819	1.49881242866702	-0.52335210051096	0.600729250669774	0.999176038581228
HMPRNC0000_0002	cds	1.64057819170139	-1.2384811851482	1.4439935186764	-0.857677800578645	0.39107040149035	0.999176038581228
HMPRNC0000_0003	cds	0.783599459777897	1.01047986180136	2.39874118386391	0.421254226424576	0.67356945102974	0.999176038581228
HMPRNC0000_0004	cds	2.61050574061673	-1.13651360065354	1.11186043514286	-1.02217289574434	0.306699076698105	0.999176038581228
HMPRNC0000_0005	cds	4.09656449039696	-0.428405114382857	0.846726480258327	-0.505954548926065	0.612888557086203	0.999176038581228
HMPRNC0000_0006	cds	4.2270962170293	-0.592042994164146	0.892583683591398	-0.663291302594736	0.507144005786088	0.999176038581228
HMPRNC0000_0007	cds	0.18185393932862	2.08492981639804	4.0804728567969	0.510952992353605	0.609383973154024	0.999176038581228
HMPRNC0000_0008	cds	0.0674989445715651	0.206604289724287	4.07377104429505	0.0507157342614083	0.959552038656348	0.999176038581228
HMPRNC0000_0010	cds	0.209711443421497	0.073475696645431	4.06919149792316	0.0180565836439331	0.985593713532032	0.999176038581228
HMPRNC0000_0011	cds	0.161616287973419	-0.555853396389147	4.0364188168111	-0.137709544429359	0.890469975909589	0.999176038581228
HMPRNC0000_0012	cds	0	NA	NA	NA	NA	NA
HMPRNC0000_0013	cds	0	NA	NA	NA	NA	NA
HMPRNC0000_0014	cds	0.690468568192475	-0.773879738145462	2.59558780226795	-0.298152016845382	0.765587142144962	0.999176038581228
HMPRNC0000_0015	cds	2.87949293738981	0.14279380786707	0.968839452029359	0.147386450425785	0.882826999720894	0.999176038581228
HMPRNC0000_0016	cds	1.23444858317763	1.82922905049628	1.60778978796901	1.13772898931458	0.25523366455605	0.999176038581228
HMPRNC0000_0017	cds	1.91651774880847	-1.71367458906953	1.41050900618049	-1.21493346129706	0.224391470338376	0.999176038581228
HMPRNC0000_0018	cds	0.161616287973419	-0.555853396389147	4.0364188168111	-0.137709544429359	0.890469975909589	0.999176038581228
HMPRNC0000_0021	cds	0.161616287973419	-0.555853396389147	4.0364188168111	-0.137709544429359	0.890469975909589	0.999176038581228
HMPRNC0000_0022	cds	1.19124730348715	0.489331172432468	1.6923412534912	0.289144504054963	0.772470798043491	0.999176038581228
HMPRNC0000_0023	cds	0.742687188413225	-0.802483189081577	2.36775657063459	-0.338921322839577	0.734669000821646	0.999176038581228
HMPRNC0000_0025	cds	0.255733631375272	-1.05099511726465	4.01459304671967	-0.261793687438237	0.793480506083901	0.999176038581228
HMPRNC0000_0026	cds	0.340617593415349	1.16838616222528	4.07377080120153	0.28680704419617	0.774260068954624	0.999176038581228
HMPRNC0000_0027	cds	0.0674989445715651	0.206604289724287	4.07377104429505	0.0507157342614083	0.959552038656348	0.999176038581228
HMPRNC0000_0029	cds	0.0674989445715651	0.206604289724287	4.07377104429505	0.0507157342614083	0.959552038656348	0.999176038581228
HMPRNC0000_0030	cds	0	NA	NA	NA	NA	NA
HMPRNC0000_0031	cds	0	NA	NA	NA	NA	NA
HMPRNC0000_0032	cds	0.249352883900185	1.16838616222527	4.07377080120153	0.28680704419617	0.774260068954625	0.999176038581228
HMPRNC0000_0033	cds	0.554452501609518	0.129289048389997	3.10901305740096	0.0415852381456638	0.966829341315457	0.999176038581228
HMPRNC0000_0034	cds	0	NA	NA	NA	NA	NA
HMPRNC0000_0035	cds	9.91935948018611	1.62167857357629	0.5545444930928	2.92434348149754	0.00345183623841073	0.999176038581228
HMPRNC0000_0037	cds	6.43749485149339	4.42643658283312	1.01696073801349	4.35261305316429	1.34524461963753e-05	0.0230978501191764
HMPRNC0000_0038	cds	0.818680466829645	3.79669038972118	2.45488189054704	1.54658780299818	0.121962672713405	0.999176038581228
HMPRNC0000_0039	cds	0	NA	NA	NA	NA	NA
HMPRNC0000_0040	cds	0	NA	NA	NA	NA	NA
HMPRNC0000_0041	cds	0	NA	NA	NA	NA	NA
HMPRNC0000_0042	cds	0	NA	NA	NA	NA	NA
HMPRNC0000_0043	cds	0.277242113616457	2.08492981639804	4.0804728567969	0.510952992353605	0.609383973154024	0.999176038581228
HMPRNC0000_0044	cds	0.621983171804478	2.22784174990426	3.07521882852946	0.724449827516694	0.468789618816676	0.999176038581228
HMPRNC0000_0045	cds	4.45620346227625	-0.109051861597818	0.785230208295855	-0.138878841447641	0.889545891002955	0.999176038581228
HMPRNC0000_0046	cds	0.209711443421497	0.073475696645431	4.06919149792316	0.0180565836439331	0.985593713532032	0.999176038581228
HMPRNC0000_0048	cds	3.1965515512856	-0.0561884134809517	0.940924631227752	-0.0597161681352045	0.952381694405959	0.999176038581228
HMPRNC0000_0050	cds	0	NA	NA	NA	NA	NA
HMPRNC0000_0051	cds	0	NA	NA	NA	NA	NA
HMPRNC0000_0054	cds	1.57744122294993	-0.788143551721332	1.58741975292897	-0.496493476452664	0.619546288814158	0.999176038581228
HMPRNC0000_0055	cds	15.5094581172401	-0.96403267733227	0.481811143746368	-2.00085176493915	0.045408366979657	0.999176038581228
HMPRNC0000_0056	cds	0.209711443421497	0.073475696645431	4.06919149792316	0.0180565836439331	0.985593713532032	0.999176038581228
HMPRNC0000_0057	cds	1.58553866321734	-0.0422966362736305	1.35726617922326	-0.0311631107597747	0.975139458965415	0.999176038581228
HMPRNC0000_0058	cds	0.161616287973419	-0.555853396389147	4.0364188168111	-0.137709544429359	0.890469975909589	0.999176038581228
HMPRNC0000_0059	cds	0	NA	NA	NA	NA	NA
HMPRNC0000_0062	cds	0	NA	NA	NA	NA	NA
HMPRNC0000_0063	cds	0.0941173434018534	0.0734757135446137	4.0691914984833	0.0180565877944059	0.985593710220973	0.999176038581228
HMPRNC0000_0064	cds	0	NA	NA	NA	NA	NA
HMPRNC0000_0065	cds	9.19642758517552	0.708363633424388	0.564176633548328	1.25557066936504	0.209271671097686	0.999176038581228
HMPRNC0000_0068	cds	0	NA	NA	NA	NA	NA
HMPRNC0000_0069	cds	0.459096052945077	2.92286995476983	3.81315572255548	0.766522578000302	0.443365422890394	0.999176038581228
HMPRNC0000_0070	cds	0	NA	NA	NA	NA	NA
HMPRNC0000_0071	cds	0.13499788914313	-0.390180750054008	4.04538587413177	-0.0964508114167845	0.923162538517817	0.999176038581228
HMPRNC0000_0072	cds	0.0941173434018534	0.0734757135446137	4.0691914984833	0.0180565877944059	0.985593710220973	0.999176038581228
HMPRNC0000_0073	cds	0	NA	NA	NA	NA	NA
HMPRNC0000_0074	cds	0	NA	NA	NA	NA	NA
HMPRNC0000_0075	cds	0	NA	NA	NA	NA	NA
HMPRNC0000_0076	cds	0.802566280247116	1.74254345931106	2.22308509552245	0.783840197040025	0.433133884045309	0.999176038581228
HMPRNC0000_0077	cds	0	NA	NA	NA	NA	NA
HMPRNC0000_0078	cds	0	NA	NA	NA	NA	NA
HMPRNC0000_0079	cds	0.0674989445715651	0.206604289724287	4.07377104429505	0.0507157342614083	0.959552038656348	0.999176038581228
HMPRNC0000_0080	cds	0	NA	NA	NA	NA	NA
HMPRNC0000_0083	cds	0	NA	NA	NA	NA	NA
HMPRNC0000_0084	cds	0	NA	NA	NA	NA	NA
HMPRNC0000_0085	cds	0	NA	NA	NA	NA	NA
HMPRNC0000_0086	cds	0	NA	NA	NA	NA	NA
HMPRNC0000_0087	cds	0	NA	NA	NA	NA	NA
HMPRNC0000_0088	cds	0	NA	NA	NA	NA	NA
HMPRNC0000_0089	cds	0	NA	NA	NA	NA	NA
HMPRNC0000_0090	cds	0	NA	NA	NA	NA	NA
HMPRNC0000_0091	cds	0	NA	NA	NA	NA	NA
HMPRNC0000_0092	cds	0.18185393932862	2.08492981639804	4.0804728567969	0.510952992353605	0.609383973154024	0.999176038581228
HMPRNC0000_0093	cds	0.748734131402264	1.13015767784686	2.65491777834171	0.425684624611151	0.670337667170741	0.999176038581228
HMPRNC0000_0094	cds	0	NA	NA	NA	NA	NA
HMPRNC0000_0095	cds	0	NA	NA	NA	NA	NA
HMPRNC0000_0096	cds	0.0674989445715651	0.206604289724287	4.07377104429505	0.0507157342614083	0.959552038656348	0.999176038581228
HMPRNC0000_0097	cds	0.0674989445715651	0.206604289724287	4.07377104429505	0.0507157342614083	0.959552038656348	0.999176038581228
HMPRNC0000_0098	cds	0	NA	NA	NA	NA	NA
HMPRNC0000_0099	cds	0	NA	NA	NA	NA	NA
HMPRNC0000_0100	cds	0	NA	NA	NA	NA	NA
HMPRNC0000_0101	cds	0.437587570703892	-0.0945143153619497	3.62626251019246	-0.0260638371039866	0.979206421067597	0.999176038581228
HMPRNC0000_0102	cds	34.4683577838888	-0.257512289311822	0.391793485079058	-0.65726536841178	0.511010300353625	0.999176038581228
HMPRNC0000_0103	cds	1.4901822145529	0.822431202969385	1.37321388041289	0.598909765405298	0.549233059032473	0.999176038581228
HMPRNC0000_0104	cds	0.30382878682335	-1.08630962190442	4.01328521099381	-0.270678400560376	0.78663839070978	0.999176038581228
HMPRNC0000_0105	cds	0	NA	NA	NA	NA	NA
HMPRNC0000_0106	cds	0	NA	NA	NA	NA	NA
HMPRNC0000_0108	cds	0	NA	NA	NA	NA	NA
HMPRNC0000_0109	cds	0	NA	NA	NA	NA	NA
HMPRNC0000_0110	cds	0	NA	NA	NA	NA	NA
HMPRNC0000_0113	cds	0	NA	NA	NA	NA	NA
HMPRNC0000_0115	cds	0	NA	NA	NA	NA	NA
HMPRNC0000_0116	cds	0	NA	NA	NA	NA	NA
HMPRNC0000_0117	cds	0	NA	NA	NA	NA	NA
HMPRNC0000_0119	cds	0	NA	NA	NA	NA	NA
HMPRNC0000_0120	cds	0	NA	NA	NA	NA	NA
HMPRNC0000_0121	cds	0	NA	NA	NA	NA	NA
HMPRNC0000_0122	cds	0	NA	NA	NA	NA	NA
HMPRNC0000_0123	cds	2.44888945264331	-1.00283139408345	1.14252485375157	-0.877732673202317	0.380088808954056	0.999176038581228
HMPRNC0000_0124	cds	0	NA	NA	NA	NA	NA
HMPRNC0000_0125	cds	0	NA	NA	NA	NA	NA
HMPRNC0000_0126	cds	0	NA	NA	NA	NA	NA
HMPRNC0000_0127	cds	0	NA	NA	NA	NA	NA
HMPRNC0000_0128	cds	0	NA	NA	NA	NA	NA
HMPRNC0000_0129	cds	1.55163421613543	-0.190035726843343	1.38897107271656	-0.136817627505856	0.891174949937276	0.999176038581228
HMPRNC0000_0130	cds	2.44419437501172	0.338106919820635	1.04038886220685	0.324981295074085	0.745195228366303	0.999176038581228
HMPRNC0000_0131	cds	0.437587570703892	-0.0945143153619497	3.62626251019246	-0.0260638371039866	0.979206421067597	0.999176038581228
HMPRNC0000_0132	cds	0.6206806152951	-0.73160769789951	2.64000408406349	-0.277123699283609	0.781685124800605	0.999176038581228
HMPRNC0000_0133	cds	0.594093942088207	1.38673671235709	2.93196999483511	0.472970976783504	0.636233885666737	0.999176038581228
HMPRNC0000_0134	cds	0.684087820717388	0.811774543841369	2.48119654083193	0.327170593091826	0.743538861347986	0.999176038581228
HMPRNC0000_0135	cds	6.17415827778793	0.24837105947896	0.730110403321568	0.340182879670006	0.733718810226534	0.999176038581228
HMPRNC0000_0136	cds	0	NA	NA	NA	NA	NA
HMPRNC0000_0137	cds	0	NA	NA	NA	NA	NA
HMPRNC0000_0138	cds	0	NA	NA	NA	NA	NA
HMPRNC0000_0139	cds	0	NA	NA	NA	NA	NA
HMPRNC0000_0140	cds	0	NA	NA	NA	NA	NA
HMPRNC0000_0141	cds	0	NA	NA	NA	NA	NA
HMPRNC0000_0142	cds	0	NA	NA	NA	NA	NA
HMPRNC0000_0143	cds	0.648569845011372	-0.445633505002381	2.60761670431947	-0.170896859290784	0.864304866257579	0.999176038581228
HMPRNC0000_0144	cds	0	NA	NA	NA	NA	NA
HMPRNC0000_0148	cds	0	NA	NA	NA	NA	NA
HMPRNC0000_0150	cds	0	NA	NA	NA	NA	NA
HMPRNC0000_0151	cds	0.0941173434018534	0.0734757135446137	4.0691914984833	0.0180565877944059	0.985593710220973	0.999176038581228
HMPRNC0000_0152	cds	0.18185393932862	2.08492981639804	4.0804728567969	0.510952992353605	0.609383973154024	0.999176038581228
HMPRNC0000_0154	cds	0	NA	NA	NA	NA	NA
HMPRNC0000_0155	cds	0	NA	NA	NA	NA	NA
HMPRNC0000_0156	cds	0.249352883900185	1.16838616222527	4.07377080120153	0.28680704419617	0.774260068954625	0.999176038581228
HMPRNC0000_0157	cds	0	NA	NA	NA	NA	NA
HMPRNC0000_0158	cds	0	NA	NA	NA	NA	NA
HMPRNC0000_0159	cds	0	NA	NA	NA	NA	NA
HMPRNC0000_0160	cds	0	NA	NA	NA	NA	NA
HMPRNC0000_0161	cds	0	NA	NA	NA	NA	NA
HMPRNC0000_0162	cds	0	NA	NA	NA	NA	NA
HMPRNC0000_0163	cds	0	NA	NA	NA	NA	NA
HMPRNC0000_0164	cds	0.273118648843784	2.08492981639804	4.0804728567969	0.510952992353605	0.609383973154024	0.999176038581228
HMPRNC0000_0166	cds	0	NA	NA	NA	NA	NA
HMPRNC0000_0167	cds	0	NA	NA	NA	NA	NA
HMPRNC0000_0168	cds	0	NA	NA	NA	NA	NA
HMPRNC0000_0169	cds	2.87668001642455	-0.178075089249516	0.988054625954126	-0.180227979882748	0.856973593309021	0.999176038581228
HMPRNC0000_0171	cds	0.0941173434018534	0.0734757135446137	4.0691914984833	0.0180565877944059	0.985593710220973	0.999176038581228
HMPRNC0000_0172	cds	0	NA	NA	NA	NA	NA
HMPRNC0000_0173	cds	0	NA	NA	NA	NA	NA
HMPRNC0000_0175	cds	0	NA	NA	NA	NA	NA
HMPRNC0000_0176	cds	0	NA	NA	NA	NA	NA
HMPRNC0000_0177	cds	0	NA	NA	NA	NA	NA
HMPRNC0000_0178	cds	0.0674989445715651	0.206604289724287	4.07377104429505	0.0507157342614083	0.959552038656348	0.999176038581228
HMPRNC0000_0179	cds	0.758801374995755	0.85483794998993	2.37906434795012	0.359316867879797	0.719358057036018	0.999176038581228
HMPRNC0000_0180	cds	0.188234686803707	-0.704491657678831	4.02913046155396	-0.174849552378883	0.861197850866044	0.999176038581228
HMPRNC0000_0181	cds	0	NA	NA	NA	NA	NA
HMPRNC0000_0182	cds	4.45273879993464	0.685858409767695	0.787010935358909	0.871472528466096	0.38349619933612	0.999176038581228
HMPRNC0000_0184	cds	0.0674989445715651	0.206604289724287	4.07377104429505	0.0507157342614083	0.959552038656348	0.999176038581228
HMPRNC0000_0185	cds	0.505086515275457	-0.394626462838124	3.24000678714925	-0.121798035856999	0.903058969529105	0.999176038581228
HMPRNC0000_0186	cds	0	NA	NA	NA	NA	NA
HMPRNC0000_0187	cds	0.209711443421497	0.073475696645431	4.06919149792316	0.0180565836439331	0.985593713532032	0.999176038581228
HMPRNC0000_0188	cds	0	NA	NA	NA	NA	NA
HMPRNC0000_0190	cds	0.0674989445715651	0.206604289724287	4.07377104429505	0.0507157342614083	0.959552038656348	0.999176038581228
HMPRNC0000_0191	cds	0.738595449263948	1.29797088937352	2.53428528919768	0.512164472921055	0.608535905058588	0.999176038581228
HMPRNC0000_0192	cds	0	NA	NA	NA	NA	NA
HMPRNC0000_0194	cds	0.616588876145823	1.22770671037162	2.68267792104978	0.457642231569563	0.647209497404284	0.999176038581228
HMPRNC0000_0196	cds	1.37552525750162	-2.27859915933216	1.64434728196815	-1.38571649937893	0.165833488042441	0.999176038581228
HMPRNC0000_0200	cds	0.819355946531353	3.71831973199965	2.66397058920607	1.39578107471066	0.162780431110418	0.999176038581228
HMPRNC0000_0203	cds	0.273118648843784	2.08492981639804	4.0804728567969	0.510952992353605	0.609383973154024	0.999176038581228
HMPRNC0000_0204	cds	0.0674989445715651	0.206604289724287	4.07377104429505	0.0507157342614083	0.959552038656348	0.999176038581228
HMPRNC0000_0205	cds	0.37135945701831	1.03525348243549	4.06919113661017	0.254412596430137	0.799176820507636	0.999176038581228
HMPRNC0000_0206	cds	0	NA	NA	NA	NA	NA
HMPRNC0000_0207	cds	0.296614177116549	-1.22796768159928	4.00832991371171	-0.306353944918216	0.759335170196842	0.999176038581228
HMPRNC0000_0209	cds	0	NA	NA	NA	NA	NA
HMPRNC0000_0210	cds	0	NA	NA	NA	NA	NA
HMPRNC0000_0211	cds	0	NA	NA	NA	NA	NA
HMPRNC0000_0212	cds	0	NA	NA	NA	NA	NA
HMPRNC0000_0213	cds	0	NA	NA	NA	NA	NA
HMPRNC0000_0214	cds	0	NA	NA	NA	NA	NA
HMPRNC0000_0215	cds	0	NA	NA	NA	NA	NA
HMPRNC0000_0216	cds	0	NA	NA	NA	NA	NA
HMPRNC0000_0217	cds	0	NA	NA	NA	NA	NA
HMPRNC0000_0218	cds	0	NA	NA	NA	NA	NA
HMPRNC0000_0219	cds	0.419422886842993	-1.57875385483678	3.98763472292074	-0.39591235520199	0.692169686120142	0.999176038581228
HMPRNC0000_0221	cds	0	NA	NA	NA	NA	NA
HMPRNC0000_0222	cds	0	NA	NA	NA	NA	NA
HMPRNC0000_0223	cds	0.596351224790621	-0.410925291309054	2.88334092297468	-0.142517066932589	0.886671599505438	0.999176038581228
HMPRNC0000_0224	cds	0	NA	NA	NA	NA	NA
HMPRNC0000_0225	cds	0	NA	NA	NA	NA	NA
HMPRNC0000_0226	cds	0	NA	NA	NA	NA	NA
HMPRNC0000_0227	cds	0.531704914105745	-0.497260701363726	3.14618391305908	-0.158052013202315	0.874415813142968	0.999176038581228
HMPRNC0000_0228	cds	0.0674989445715651	0.206604289724287	4.07377104429505	0.0507157342614083	0.959552038656348	0.999176038581228
HMPRNC0000_0229	cds	0	NA	NA	NA	NA	NA
HMPRNC0000_0230	cds	0.18185393932862	2.08492981639804	4.0804728567969	0.510952992353605	0.609383973154024	0.999176038581228
HMPRNC0000_0231	cds	0	NA	NA	NA	NA	NA
HMPRNC0000_0232	cds	0.0941173434018534	0.0734757135446137	4.0691914984833	0.0180565877944059	0.985593710220973	0.999176038581228
HMPRNC0000_0233	cds	0	NA	NA	NA	NA	NA
HMPRNC0000_0234	cds	0.52247153274397	1.99520625992709	3.22767228926179	0.618156392941434	0.536472251954096	0.999176038581228
HMPRNC0000_0235	cds	0	NA	NA	NA	NA	NA
HMPRNC0000_0236	cds	1.05953901688498	-0.363719788148747	1.75992770588726	-0.206667459653054	0.836269572165917	0.999176038581228
HMPRNC0000_0238	cds	0.161616287973419	-0.555853396389147	4.0364188168111	-0.137709544429359	0.890469975909589	0.999176038581228
HMPRNC0000_0239	cds	0	NA	NA	NA	NA	NA
HMPRNC0000_0240	cds	0.161616287973419	-0.555853396389147	4.0364188168111	-0.137709544429359	0.890469975909589	0.999176038581228
HMPRNC0000_0241	cds	17.0871107840208	0.0408294427682871	0.460696780894703	0.0886254136375636	0.929379610391658	0.999176038581228
HMPRNC0000_0243	cds	5.50486474950599	0.765805130095142	0.703376109878703	1.08875624198724	0.276261392779915	0.999176038581228
HMPRNC0000_0244	cds	0.721210431795435	-0.851157909711832	2.55294702761092	-0.333402103728082	0.738830775371412	0.999176038581228
HMPRNC0000_0245	cds	0.18185393932862	2.08492981639804	4.0804728567969	0.510952992353605	0.609383973154024	0.999176038581228
HMPRNC0000_0246	cds	0.675156518218265	-2.29016809796949	2.61552280225134	-0.875606244379977	0.38124412957249	0.999176038581228
HMPRNC0000_0247	cds	0.613736242259134	2.21170934723627	3.10440804223517	0.712441572482155	0.476191379937855	0.999176038581228
HMPRNC0000_0248	cds	0.31685182847175	0.571601082552154	4.04538548366963	0.141297061765705	0.887635270700049	0.999176038581228
HMPRNC0000_0249	cds	1.22325999797609	0.9007544531019	1.71459516408021	0.525345266318367	0.599343195106241	0.999176038581228
HMPRNC0000_0251	cds	0.0941173434018534	0.0734757135446137	4.0691914984833	0.0180565877944059	0.985593710220973	0.999176038581228
HMPRNC0000_0253	cds	0	NA	NA	NA	NA	NA
HMPRNC0000_0254	cds	0.161616287973419	-0.555853396389147	4.0364188168111	-0.137709544429359	0.890469975909589	0.999176038581228
HMPRNC0000_0255	cds	0.277242113616457	2.08492981639804	4.0804728567969	0.510952992353605	0.609383973154024	0.999176038581228
HMPRNC0000_0256	cds	0.0941173434018534	0.0734757135446137	4.0691914984833	0.0180565877944059	0.985593710220973	0.999176038581228
HMPRNC0000_0257	cds	0	NA	NA	NA	NA	NA
HMPRNC0000_0259	cds	0.550360762460241	3.14638712117646	3.33353279432788	0.943859657397144	0.345241369985514	0.999176038581228
HMPRNC0000_0260	cds	1.19765977658563	0.730476085435839	1.58291836616606	0.461474262381013	0.644458382706539	0.999176038581228
HMPRNC0000_0261	cds	5.53182494012036	-0.205764696695121	0.718851644973363	-0.286240837221351	0.774693668040562	0.999176038581228
HMPRNC0000_0262	cds	0.526594997516642	2.00471966205736	3.21026664550697	0.624471386158257	0.532318056259937	0.999176038581228
HMPRNC0000_0263	cds	0	NA	NA	NA	NA	NA
HMPRNC0000_0264	cds	0	NA	NA	NA	NA	NA
HMPRNC0000_0265	cds	0	NA	NA	NA	NA	NA
HMPRNC0000_0266	cds	0	NA	NA	NA	NA	NA
HMPRNC0000_0267	cds	0	NA	NA	NA	NA	NA
HMPRNC0000_0268	cds	0	NA	NA	NA	NA	NA
HMPRNC0000_0269	cds	0.0674989445715651	0.206604289724287	4.07377104429505	0.0507157342614083	0.959552038656348	0.999176038581228
HMPRNC0000_0270	cds	0.431206823228806	1.76886223763995	4.02414007355886	0.439562789889569	0.660253795835056	0.999176038581228
HMPRNC0000_0271	cds	0.412240002759587	0.571601082552154	4.04538548366963	0.141297061765705	0.887635270700049	0.999176038581228
HMPRNC0000_0272	cds	0.343470227302039	0.405928597437925	4.03641847302418	0.100566529499057	0.919894567554434	0.999176038581228
HMPRNC0000_0273	cds	0.55321339634693	1.89069515627423	3.09918416264666	0.610062215424977	0.541820595023907	0.999176038581228
HMPRNC0000_0274	cds	1.04654770085997	0.15311639063371	1.97986875876333	0.0773366365603696	0.938355746407918	0.999176038581228
HMPRNC0000_0275	cds	1.468521142727	2.48340872891671	1.53346787641546	1.61947228703726	0.105345684528368	0.999176038581228
HMPRNC0000_0276	cds	0.783599459777897	1.01047986180136	2.39874118386391	0.421254226424576	0.67356945102974	0.999176038581228
HMPRNC0000_0277	cds	2.77403751950848	0.152824081699782	0.965662589035541	0.158258260633681	0.874253296779801	0.999176038581228
HMPRNC0000_0279	cds	1.23603038617834	0.907367267843778	1.58072140118588	0.574020992670217	0.565953595649552	0.999176038581228
HMPRNC0000_0280	cds	0.586847606758011	-0.734027531951728	3.17795805762807	-0.230974581363602	0.817334549268972	0.999176038581228
HMPRNC0000_0281	cds	0.273118648843784	2.08492981639804	4.0804728567969	0.510952992353605	0.609383973154024	0.999176038581228
HMPRNC0000_0282	cds	0.729091831231337	0.602270182393457	2.53606599923796	0.237482061813229	0.812282833812418	0.999176038581228
HMPRNC0000_0284	cds	10.3991085017857	-1.34428700919405	0.62961212113431	-2.13510344555022	0.0327525612650711	0.999176038581228
HMPRNC0000_0285	cds	0.255733631375272	-1.05099511726465	4.01459304671967	-0.261793687438237	0.793480506083901	0.999176038581228
HMPRNC0000_0286	cds	0	NA	NA	NA	NA	NA
HMPRNC0000_0287	cds	0.209711443421497	0.073475696645431	4.06919149792316	0.0180565836439331	0.985593713532032	0.999176038581228
HMPRNC0000_0288	cds	0	NA	NA	NA	NA	NA
HMPRNC0000_0289	cds	0.37135945701831	1.03525348243549	4.06919113661017	0.254412596430137	0.799176820507636	0.999176038581228
HMPRNC0000_0290	cds	0	NA	NA	NA	NA	NA
HMPRNC0000_0291	cds	0	NA	NA	NA	NA	NA
HMPRNC0000_0292	cds	0.0674989445715651	0.206604289724287	4.07377104429505	0.0507157342614083	0.959552038656348	0.999176038581228
HMPRNC0000_0293	cds	0	NA	NA	NA	NA	NA
HMPRNC0000_0294	cds	0	NA	NA	NA	NA	NA
HMPRNC0000_0295	cds	0.0941173434018534	0.0734757135446137	4.0691914984833	0.0180565877944059	0.985593710220973	0.999176038581228
HMPRNC0000_0296	cds	0.161616287973419	-0.555853396389147	4.0364188168111	-0.137709544429359	0.890469975909589	0.999176038581228
HMPRNC0000_0297	cds	0.161616287973419	-0.555853396389147	4.0364188168111	-0.137709544429359	0.890469975909589	0.999176038581228
HMPRNC0000_0298	cds	0	NA	NA	NA	NA	NA
HMPRNC0000_0299	cds	0.161616287973419	-0.555853396389147	4.0364188168111	-0.137709544429359	0.890469975909589	0.999176038581228
HMPRNC0000_0301	cds	0.921720219478551	2.69931802639647	2.19035732293381	1.23236423488244	0.217813054697688	0.999176038581228
HMPRNC0000_0303	cds	0	NA	NA	NA	NA	NA
HMPRNC0000_0304	cds	0	NA	NA	NA	NA	NA
HMPRNC0000_0305	cds	0	NA	NA	NA	NA	NA
HMPRNC0000_0306	cds	0	NA	NA	NA	NA	NA
HMPRNC0000_0307	cds	2.91711470025949	-0.897822974624501	1.05542845758624	-0.850671562028769	0.394951824629426	0.999176038581228
HMPRNC0000_0308	cds	0.0941173434018534	0.0734757135446137	4.0691914984833	0.0180565877944059	0.985593710220973	0.999176038581228
HMPRNC0000_0309	cds	0.13499788914313	-0.390180750054008	4.04538587413177	-0.0964508114167845	0.923162538517817	0.999176038581228
HMPRNC0000_0310	cds	0	NA	NA	NA	NA	NA
HMPRNC0000_0311	cds	0	NA	NA	NA	NA	NA
HMPRNC0000_0312	cds	0.0674989445715651	0.206604289724287	4.07377104429505	0.0507157342614083	0.959552038656348	0.999176038581228
HMPRNC0000_0314	cds	0	NA	NA	NA	NA	NA
HMPRNC0000_0315	cds	0	NA	NA	NA	NA	NA
HMPRNC0000_0316	cds	0	NA	NA	NA	NA	NA
HMPRNC0000_0317	cds	0	NA	NA	NA	NA	NA
HMPRNC0000_0318	cds	0	NA	NA	NA	NA	NA
HMPRNC0000_0319	cds	0.0941173434018534	0.0734757135446137	4.0691914984833	0.0180565877944059	0.985593710220973	0.999176038581228
HMPRNC0000_0320	cds	0	NA	NA	NA	NA	NA
HMPRNC0000_0321	cds	0	NA	NA	NA	NA	NA
HMPRNC0000_0322	cds	0	NA	NA	NA	NA	NA
HMPRNC0000_0323	cds	0.209711443421497	0.073475696645431	4.06919149792316	0.0180565836439331	0.985593713532032	0.999176038581228
HMPRNC0000_0324	cds	0	NA	NA	NA	NA	NA
HMPRNC0000_0325	cds	0	NA	NA	NA	NA	NA
HMPRNC0000_0326	cds	0	NA	NA	NA	NA	NA
HMPRNC0000_0327	cds	0	NA	NA	NA	NA	NA
HMPRNC0000_0328	cds	0	NA	NA	NA	NA	NA
HMPRNC0000_0329	cds	0	NA	NA	NA	NA	NA
HMPRNC0000_0330	cds	0	NA	NA	NA	NA	NA
HMPRNC0000_0331	cds	0	NA	NA	NA	NA	NA
HMPRNC0000_0332	cds	0	NA	NA	NA	NA	NA
HMPRNC0000_0333	cds	0.0674989445715651	0.206604289724287	4.07377104429505	0.0507157342614083	0.959552038656348	0.999176038581228
HMPRNC0000_0334	cds	0.0674989445715651	0.206604289724287	4.07377104429505	0.0507157342614083	0.959552038656348	0.999176038581228
HMPRNC0000_0335	cds	0.30382878682335	-1.08630962190442	4.01328521099381	-0.270678400560376	0.78663839070978	0.999176038581228
HMPRNC0000_0336	cds	0.18185393932862	2.08492981639804	4.0804728567969	0.510952992353605	0.609383973154024	0.999176038581228
HMPRNC0000_0337	cds	0	NA	NA	NA	NA	NA
HMPRNC0000_0338	cds	0.367235992245638	1.03525348243549	4.06919113661017	0.254412596430137	0.799176820507636	0.999176038581228
HMPRNC0000_0339	cds	0	NA	NA	NA	NA	NA
HMPRNC0000_0340	cds	0	NA	NA	NA	NA	NA
HMPRNC0000_0341	cds	0	NA	NA	NA	NA	NA
HMPRNC0000_0343	cds	0.0941173434018534	0.0734757135446137	4.0691914984833	0.0180565877944059	0.985593710220973	0.999176038581228
HMPRNC0000_0345	cds	0	NA	NA	NA	NA	NA
HMPRNC0000_0347	cds	0.0941173434018534	0.0734757135446137	4.0691914984833	0.0180565877944059	0.985593710220973	0.999176038581228
HMPRNC0000_0348	cds	1.21947923094154	0.802899306352811	1.73701477414908	0.462229405473038	0.64391681812279	0.999176038581228
HMPRNC0000_0349	cds	0.0674989445715651	0.206604289724287	4.07377104429505	0.0507157342614083	0.959552038656348	0.999176038581228
HMPRNC0000_0350	cds	0.0941173434018534	0.0734757135446137	4.0691914984833	0.0180565877944059	0.985593710220973	0.999176038581228
HMPRNC0000_0351	cds	3.0747202835551	0.994973354453385	0.990878764834161	1.00413228112716	0.315314857565605	0.999176038581228
HMPRNC0000_0352	cds	0.249352883900185	1.16838616222527	4.07377080120153	0.28680704419617	0.774260068954625	0.999176038581228
HMPRNC0000_0353	cds	0.344741058188022	1.16838616222527	4.07377080120153	0.28680704419617	0.774260068954625	0.999176038581228
HMPRNC0000_0354	cds	0.340617593415349	1.16838616222528	4.07377080120153	0.28680704419617	0.774260068954624	0.999176038581228
HMPRNC0000_0355	cds	0	NA	NA	NA	NA	NA
HMPRNC0000_0356	cds	0.0941173434018534	0.0734757135446137	4.0691914984833	0.0180565877944059	0.985593710220973	0.999176038581228
HMPRNC0000_0357	cds	0.18185393932862	2.08492981639804	4.0804728567969	0.510952992353605	0.609383973154024	0.999176038581228
HMPRNC0000_0358	cds	0.209711443421497	0.073475696645431	4.06919149792316	0.0180565836439331	0.985593713532032	0.999176038581228
HMPRNC0000_0360	cds	0.209711443421497	0.073475696645431	4.06919149792316	0.0180565836439331	0.985593713532032	0.999176038581228
HMPRNC0000_0363	cds	0.0941173434018534	0.0734757135446137	4.0691914984833	0.0180565877944059	0.985593710220973	0.999176038581228
HMPRNC0000_0364	cds	0	NA	NA	NA	NA	NA
HMPRNC0000_0365	cds	0	NA	NA	NA	NA	NA
HMPRNC0000_0366	cds	0.273118648843784	2.08492981639804	4.0804728567969	0.510952992353605	0.609383973154024	0.999176038581228
HMPRNC0000_0367	cds	0.18185393932862	2.08492981639804	4.0804728567969	0.510952992353605	0.609383973154024	0.999176038581228
HMPRNC0000_0368	cds	0.0674989445715651	0.206604289724287	4.07377104429505	0.0507157342614083	0.959552038656348	0.999176038581228
HMPRNC0000_0369	cds	0.161616287973419	-0.555853396389147	4.0364188168111	-0.137709544429359	0.890469975909589	0.999176038581228
HMPRNC0000_0370	cds	1.05953901688498	-0.363719788148747	1.75992770588726	-0.206667459653054	0.836269572165917	0.999176038581228
HMPRNC0000_0371	cds	0	NA	NA	NA	NA	NA
HMPRNC0000_0372	cds	0	NA	NA	NA	NA	NA
HMPRNC0000_0373	cds	0.644446380238699	-0.446298314238975	2.61726601445225	-0.170520807504688	0.864600571971965	0.999176038581228
HMPRNC0000_0374	cds	0.0674989445715651	0.206604289724287	4.07377104429505	0.0507157342614083	0.959552038656348	0.999176038581228
HMPRNC0000_0375	cds	0.0674989445715651	0.206604289724287	4.07377104429505	0.0507157342614083	0.959552038656348	0.999176038581228
HMPRNC0000_0376	cds	0.340617593415349	1.16838616222528	4.07377080120153	0.28680704419617	0.774260068954624	0.999176038581228
HMPRNC0000_0377	cds	0	NA	NA	NA	NA	NA
HMPRNC0000_0380	cds	0	NA	NA	NA	NA	NA
HMPRNC0000_0382	cds	0	NA	NA	NA	NA	NA
HMPRNC0000_0384	cds	0	NA	NA	NA	NA	NA
HMPRNC0000_0385	cds	0	NA	NA	NA	NA	NA
HMPRNC0000_0386	cds	0	NA	NA	NA	NA	NA
HMPRNC0000_0387	cds	0.0674989445715651	0.206604289724287	4.07377104429505	0.0507157342614083	0.959552038656348	0.999176038581228
HMPRNC0000_0388	cds	0	NA	NA	NA	NA	NA
HMPRNC0000_0389	cds	0	NA	NA	NA	NA	NA
HMPRNC0000_0391	cds	0.275971282730474	1.03525348243549	4.06919113661017	0.254412596430137	0.799176820507636	0.999176038581228
HMPRNC0000_0392	cds	0.188234686803707	-0.704491657678831	4.02913046155396	-0.174849552378883	0.861197850866044	0.999176038581228
HMPRNC0000_0393	cds	0.0941173434018534	0.0734757135446137	4.0691914984833	0.0180565877944059	0.985593710220973	0.999176038581228
HMPRNC0000_0394	cds	2.94605383303898	-0.290501121506691	0.996931902005501	-0.291395150383189	0.770749123137193	0.999176038581228
HMPRNC0000_0397	cds	0	NA	NA	NA	NA	NA
HMPRNC0000_0398	cds	0	NA	NA	NA	NA	NA
HMPRNC0000_0399	cds	0	NA	NA	NA	NA	NA
HMPRNC0000_0401	cds	0	NA	NA	NA	NA	NA
HMPRNC0000_0402	cds	0.0674989445715651	0.206604289724287	4.07377104429505	0.0507157342614083	0.959552038656348	0.999176038581228
HMPRNC0000_0403	cds	0	NA	NA	NA	NA	NA
HMPRNC0000_0404	cds	0.161616287973419	-0.555853396389147	4.0364188168111	-0.137709544429359	0.890469975909589	0.999176038581228
HMPRNC0000_0406	cds	0	NA	NA	NA	NA	NA
HMPRNC0000_0407	cds	3.45687734171121	-0.175671267377436	0.885015504688404	-0.198495129686215	0.842657694892182	0.999176038581228
HMPRNC0000_0408	cds	0.277210387993062	-0.876422720773082	4.02151421999628	-0.21793351280849	0.827480915210617	0.999176038581228
HMPRNC0000_0410	cds	10.8337558005463	-0.656213110920272	0.567200438852044	-1.15693336247832	0.247299586841208	0.999176038581228
HMPRNC0000_0411	cds	3.81380721716053	0.35861700903053	0.874803875792233	0.409939895048775	0.68185003887575	0.999176038581228
HMPRNC0000_0412	cds	2.38780298117023	-0.841619383915238	1.10086776478391	-0.764505430023596	0.444566102037993	0.999176038581228
HMPRNC0000_0413	cds	0	NA	NA	NA	NA	NA
HMPRNC0000_0415	cds	0.229115232544984	-0.939593060227072	4.01891957668391	-0.233792451503184	0.815146110026782	0.999176038581228
HMPRNC0000_0416	cds	0	NA	NA	NA	NA	NA
HMPRNC0000_0417	cds	0.752857596174936	1.11740243918266	2.48300616376729	0.450020002160326	0.652696018004539	0.999176038581228
HMPRNC0000_0418	cds	0.391565382750117	1.03525342487768	4.06919113470239	0.254412582404635	0.799176831342001	0.999176038581228
HMPRNC0000_0419	cds	0.917294792411649	-1.53665203692205	2.02015995897301	-0.760658595422929	0.446861011413062	0.999176038581228
HMPRNC0000_0420	cds	0.188234686803707	-0.704491657678831	4.02913046155396	-0.174849552378883	0.861197850866044	0.999176038581228
HMPRNC0000_0421	cds	0.391565382750117	1.03525342487768	4.06919113470239	0.254412582404635	0.799176831342001	0.999176038581228
HMPRNC0000_0422	cds	0.613060762557426	2.31875851488894	3.08205838603556	0.75234087887334	0.451846090420107	0.999176038581228
HMPRNC0000_0423	cds	0	NA	NA	NA	NA	NA
HMPRNC0000_0424	cds	11.9777018440876	0.355300062439263	0.496285412434787	0.715918811105394	0.474041482350804	0.999176038581228
HMPRNC0000_0425	cds	2.00856212471602	-1.91298336449346	1.3789941375282	-1.38723096236102	0.165371346958879	0.999176038581228
HMPRNC0000_0426	cds	0.532944019368334	-1.99863258561767	3.06857431118854	-0.65132285645823	0.514838096982279	0.999176038581228
HMPRNC0000_0427	cds	0.920449388592568	1.75755831307051	2.04332865547668	0.860144699855195	0.389709283625765	0.999176038581228
HMPRNC0000_0429	cds	1.92548077693098	0.401480352637209	1.15032242918369	0.349015495526861	0.727077676439556	0.999176038581228
HMPRNC0000_0430	cds	0.684087820717388	0.811774543841369	2.48119654083193	0.327170593091826	0.743538861347986	0.999176038581228
HMPRNC0000_0431	cds	1.59131536953555	-0.444771778475172	1.41518716002622	-0.314284775214419	0.75330476045065	0.999176038581228
HMPRNC0000_0432	cds	1.72540795790214	-1.56897280393785	1.45268114429675	-1.08005312115303	0.280118525634938	0.999176038581228
HMPRNC0000_0433	cds	3.42062031848827	1.06497880651034	0.872782785636563	1.22021059997603	0.222385049582434	0.999176038581228
HMPRNC0000_0434	cds	3.76220678049537	0.239267715454799	0.845587828124719	0.282960217137265	0.777207333322722	0.999176038581228
HMPRNC0000_0435	cds	10.6025667812641	-0.0355629415625342	0.53139263969038	-0.0669240386604814	0.946642175852744	0.999176038581228
HMPRNC0000_0437	cds	0	NA	NA	NA	NA	NA
HMPRNC0000_0438	cds	0	NA	NA	NA	NA	NA
HMPRNC0000_0439	cds	0	NA	NA	NA	NA	NA
HMPRNC0000_0440	cds	0	NA	NA	NA	NA	NA
HMPRNC0000_0441	cds	0	NA	NA	NA	NA	NA
HMPRNC0000_0442	cds	0.868794393932698	0.756654670475665	2.15889197541193	0.350482876907859	0.725976338487463	0.999176038581228
HMPRNC0000_0443	cds	0	NA	NA	NA	NA	NA
HMPRNC0000_0444	cds	0	NA	NA	NA	NA	NA
HMPRNC0000_0445	cds	0	NA	NA	NA	NA	NA
HMPRNC0000_0446	cds	0	NA	NA	NA	NA	NA
HMPRNC0000_0448	cds	0	NA	NA	NA	NA	NA
HMPRNC0000_0449	cds	0	NA	NA	NA	NA	NA
HMPRNC0000_0450	cds	0.277242113616457	2.08492981639804	4.0804728567969	0.510952992353605	0.609383973154024	0.999176038581228
HMPRNC0000_0453	cds	0.209711443421497	0.073475696645431	4.06919149792316	0.0180565836439331	0.985593713532032	0.999176038581228
HMPRNC0000_0454	cds	0	NA	NA	NA	NA	NA
HMPRNC0000_0455	cds	0.639679161387714	2.21126536233628	2.9841620633822	0.74100042670942	0.458693181589412	0.999176038581228
HMPRNC0000_0456	cds	0	NA	NA	NA	NA	NA
HMPRNC0000_0457	cds	0	NA	NA	NA	NA	NA
HMPRNC0000_0458	cds	0.371327731394915	-1.45649110697146	3.99456371648222	-0.36461831888217	0.715396338449868	0.999176038581228
HMPRNC0000_0459	cds	0	NA	NA	NA	NA	NA
HMPRNC0000_0460	cds	0	NA	NA	NA	NA	NA
HMPRNC0000_0461	cds	0	NA	NA	NA	NA	NA
HMPRNC0000_0462	cds	0	NA	NA	NA	NA	NA
HMPRNC0000_0463	cds	0.273118648843784	2.08492981639804	4.0804728567969	0.510952992353605	0.609383973154024	0.999176038581228
HMPRNC0000_0466	cds	0.0941173434018534	0.0734757135446137	4.0691914984833	0.0180565877944059	0.985593710220973	0.999176038581228
HMPRNC0000_0467	cds	1.37102827532147	0.494027369351153	1.46056331868795	0.338244404080302	0.735179016117621	0.999176038581228
HMPRNC0000_0468	cds	0.666702803248876	-0.984245308729712	2.64156140676974	-0.372599821532563	0.709446305685664	0.999176038581228
HMPRNC0000_0469	cds	0.344741058188022	1.16838616222527	4.07377080120153	0.28680704419617	0.774260068954625	0.999176038581228
HMPRNC0000_0471	cds	0.550360762460241	3.14638712117646	3.33353279432788	0.943859657397144	0.345241369985514	0.999176038581228
HMPRNC0000_0472	cds	1.10639506707047	0.616459955222716	1.69396718120556	0.363914934163008	0.715921532354958	0.999176038581228
HMPRNC0000_0474	cds	0	NA	NA	NA	NA	NA
HMPRNC0000_0475	cds	0	NA	NA	NA	NA	NA
HMPRNC0000_0476	cds	0	NA	NA	NA	NA	NA
HMPRNC0000_0477	cds	0.277242113616457	2.08492981639804	4.0804728567969	0.510952992353605	0.609383973154024	0.999176038581228
HMPRNC0000_0478	cds	0.344741058188022	1.16838616222527	4.07377080120153	0.28680704419617	0.774260068954625	0.999176038581228
HMPRNC0000_0479	cds	0.18185393932862	2.08492981639804	4.0804728567969	0.510952992353605	0.609383973154024	0.999176038581228
HMPRNC0000_0480	cds	0.99432908063922	0.116803750230816	1.93463762291808	0.0603750019368677	0.951856967893553	0.999176038581228
HMPRNC0000_0481	cds	1.16282617383339	2.30207612891711	1.77793294594755	1.29480480923886	0.1953875725438	0.999176038581228
HMPRNC0000_0482	cds	0	NA	NA	NA	NA	NA
HMPRNC0000_0483	cds	0.525324166630659	1.0176592554235	3.19777840791857	0.318239454273473	0.750303307020538	0.999176038581228
HMPRNC0000_0484	cds	0.48568272615197	-0.0916239491096722	3.40778158409023	-0.0268866847386678	0.978550113718666	0.999176038581228
HMPRNC0000_0485	cds	0.486921831414558	-1.81187805497669	3.63960630960805	-0.497822539265741	0.618609128022099	0.999176038581228
HMPRNC0000_0486	cds	0	NA	NA	NA	NA	NA
HMPRNC0000_0487	cds	0.826332045190715	2.56737586431735	2.23168117050975	1.15042233552158	0.249969965111848	0.999176038581228
HMPRNC0000_0488	cds	0.486953557037953	1.03975992490238	3.72127078681327	0.279409907117452	0.779930268950701	0.999176038581228
HMPRNC0000_0490	cds	4.09723997009867	-0.539350789480207	0.874657863942269	-0.61664201708453	0.537470873981856	0.999176038581228
HMPRNC0000_0491	cds	1.55099844935515	-0.736250348700504	1.43011141471412	-0.514820272830057	0.606678617510707	0.999176038581228
HMPRNC0000_0492	cds	0.581039174816412	-2.06469047899888	2.93318003557839	-0.703908540885643	0.481489732219499	0.999176038581228
HMPRNC0000_0494	cds	0	NA	NA	NA	NA	NA
HMPRNC0000_0495	cds	4.55336354771819	0.431484834953895	0.801004428049232	0.538679712426477	0.590107874667988	0.999176038581228
HMPRNC0000_0496	cds	0.707853585660987	1.42484231680302	2.60519144344435	0.546924227157457	0.584430790452645	0.999176038581228
HMPRNC0000_0497	cds	4.13330469081546	-0.483483477215605	0.847947650766071	-0.570180808660541	0.568555071186792	0.999176038581228
HMPRNC0000_0502	cds	0	NA	NA	NA	NA	NA
HMPRNC0000_0503	cds	0	NA	NA	NA	NA	NA
HMPRNC0000_0504	cds	1.93716064319454	-2.71120627013204	1.48250218445913	-1.82880423283907	0.0674289406585508	0.999176038581228
HMPRNC0000_0505	cds	0.188234686803707	-0.704491657678831	4.02913046155396	-0.174849552378883	0.861197850866044	0.999176038581228
HMPRNC0000_0506	cds	0.459064327321682	0.104879370052323	3.5400029345093	0.0296269161332945	0.976364598762239	0.999176038581228
HMPRNC0000_0507	cds	0.273118648843784	2.08492981639804	4.0804728567969	0.510952992353605	0.609383973154024	0.999176038581228
HMPRNC0000_0509	cds	0	NA	NA	NA	NA	NA
HMPRNC0000_0510	cds	0	NA	NA	NA	NA	NA
HMPRNC0000_0511	cds	0.461353335647491	0.257373489777121	3.82013999014928	0.067372790117847	0.946284930298755	0.999176038581228
HMPRNC0000_0512	cds	2.26230871005971	-0.522089172368973	1.11176794479477	-0.469602649377834	0.638638931478421	0.999176038581228
HMPRNC0000_0513	cds	2.5093001245668	0.415123524805015	1.13333752529828	0.366284108254301	0.714153086656758	0.999176038581228
HMPRNC0000_0514	cds	0.188234686803707	-0.704491657678831	4.02913046155396	-0.174849552378883	0.861197850866044	0.999176038581228
HMPRNC0000_0515	cds	0.37135945701831	1.03525348243549	4.06919113661017	0.254412596430137	0.799176820507636	0.999176038581228
HMPRNC0000_0516	cds	1.6356525903204	-1.19300437220989	1.42619792750198	-0.836492852222463	0.402877696205967	0.999176038581228
HMPRNC0000_0517	cds	1.33077390043382	-2.02915794296202	1.69942082447505	-1.19402911494204	0.232466579317444	0.999176038581228
HMPRNC0000_0518	cds	1.60141433875243	0.240595135998607	1.30230666235926	0.18474537753093	0.853428752625057	0.999176038581228
HMPRNC0000_0519	cds	1.98757653259182	-1.49012872204013	1.34504224507483	-1.10786759858031	0.267919000712931	0.999176038581228
HMPRNC0000_0520	cds	2.19890150463742	-1.13049412365782	1.20627970414897	-0.937174122858497	0.348668998374823	0.999176038581228
HMPRNC0000_0521	cds	2.34279897065628	-0.791253578812495	1.10491514947961	-0.716121576561929	0.473916281893396	0.999176038581228
HMPRNC0000_0522	cds	2.30318925580099	-0.584742044751294	1.09255160645825	-0.535207711283191	0.592506234597663	0.999176038581228
HMPRNC0000_0523	cds	6.67659550377478	-0.12930161634743	0.736993376721453	-0.175444746766428	0.860730182967748	0.999176038581228
HMPRNC0000_0524	cds	0.26999577828626	-1.13227772519872	4.01162701296415	-0.282249003095154	0.777752586031698	0.999176038581228
HMPRNC0000_0525	cds	2.50977782866496	-1.44481663493757	1.14509704181948	-1.26174165347756	0.207041763312266	0.999176038581228
HMPRNC0000_0527	cds	1.35571622534726	-0.26988072877256	1.52007619704981	-0.177544210807556	0.859080941587657	0.999176038581228
HMPRNC0000_0528	cds	0.343470227302039	0.405928597437925	4.03641847302418	0.100566529499057	0.919894567554434	0.999176038581228
HMPRNC0000_0530	cds	0	NA	NA	NA	NA	NA
HMPRNC0000_0531	cds	0	NA	NA	NA	NA	NA
HMPRNC0000_0532	cds	0.893799264138885	0.136923003719427	1.98637527757485	0.0689310853116313	0.945044474858717	0.999176038581228
HMPRNC0000_0533	cds	0.277210387993062	-0.876422720773082	4.02151421999628	-0.21793351280849	0.827480915210617	0.999176038581228
HMPRNC0000_0534	cds	0.397946130225203	-1.55739667387557	3.98880547250892	-0.390441871535034	0.696209830812308	0.999176038581228
HMPRNC0000_0537	cds	4.88465258290158	-0.0279050881996569	0.788682889033762	-0.0353818861644688	0.971775228414599	0.999176038581228
HMPRNC0000_0538	cds	1.73184290121655	-1.15259366680873	1.41044578560621	-0.817183956002499	0.413823309828155	0.999176038581228
HMPRNC0000_0539	cds	1.75084144730917	0.279654631517319	1.24669348803401	0.224317070877079	0.822510593999472	0.999176038581228
HMPRNC0000_0540	cds	0.0674989445715651	0.206604289724287	4.07377104429505	0.0507157342614083	0.959552038656348	0.999176038581228
HMPRNC0000_0541	cds	0.0674989445715651	0.206604289724287	4.07377104429505	0.0507157342614083	0.959552038656348	0.999176038581228
HMPRNC0000_0542	cds	0.554420775986123	-2.00973861462741	3.27209285467141	-0.614205862696777	0.539079299732865	0.999176038581228
HMPRNC0000_0543	cds	3.41103946896555	-0.536861089308156	0.921883270104077	-0.582352567530102	0.560329223957103	0.999176038581228
HMPRNC0000_0560	cds	0.161616287973419	-0.555853396389147	4.0364188168111	-0.137709544429359	0.890469975909589	0.999176038581228
HMPRNC0000_0561	cds	2.26771189897043	0.759263846669658	1.08146841240597	0.702067520382312	0.482637056512393	0.999176038581228
HMPRNC0000_0562	cds	0.937969412421119	-1.46976758179884	2.10234690645287	-0.699108019369965	0.484484527235772	0.999176038581228
HMPRNC0000_0563	cds	1.40861032526971	-0.563227595308144	1.5726687466308	-0.358134919711968	0.720242347695539	0.999176038581228
HMPRNC0000_0564	cds	0	NA	NA	NA	NA	NA
HMPRNC0000_0565	cds	3.17761645643978	0.169786880780656	0.909256197191564	0.186731617892822	0.851871064609999	0.999176038581228
HMPRNC0000_0566	cds	2.17325185783046	0.941641137330787	1.10694743590382	0.850664726064373	0.394955623060319	0.999176038581228
HMPRNC0000_0567	cds	3.05793061727086	0.678169541303462	0.926170899544508	0.732229377577061	0.464028576212774	0.999176038581228
HMPRNC0000_0568	cds	7.65098991787549	-0.0481113391848317	0.674627588289633	-0.0713154042614937	0.943146735617127	0.999176038581228
HMPRNC0000_0569	cds	1.25794411145039	0.261327291093554	1.5298893682589	0.170814502352519	0.864369625441147	0.999176038581228
HMPRNC0000_0570	cds	0.550329036836846	0.128288628996685	3.12411969349904	0.0410639289088827	0.967244930895076	0.999176038581228
HMPRNC0000_0571	cds	2.68498935725184	0.971530211750636	1.00736866140648	0.964423700052569	0.334833544797569	0.999176038581228
HMPRNC0000_0572	cds	0.30382878682335	-1.08630962190442	4.01328521099381	-0.270678400560376	0.78663839070978	0.999176038581228
HMPRNC0000_0573	cds	0.572585459847022	-0.674906383902235	2.94937502933254	-0.228830303772854	0.81900081262396	0.999176038581228
HMPRNC0000_0574	cds	0	NA	NA	NA	NA	NA
HMPRNC0000_0575	cds	0.30382878682335	-1.08630962190442	4.01328521099381	-0.270678400560376	0.78663839070978	0.999176038581228
HMPRNC0000_0576	cds	0	NA	NA	NA	NA	NA
HMPRNC0000_0577	cds	0	NA	NA	NA	NA	NA
HMPRNC0000_0578	cds	0	NA	NA	NA	NA	NA
HMPRNC0000_0579	cds	0.344709332564627	-1.34828986642279	4.00117473845603	-0.336973502672634	0.736136874923194	0.999176038581228
HMPRNC0000_0580	cds	4.02748374282469	-0.196636410285906	0.841901964371581	-0.233562123153711	0.815324935801316	0.999176038581228
HMPRNC0000_0581	cds	4.96686858841847	-0.398097600940319	0.797339055992031	-0.499282705329184	0.617580237155669	0.999176038581228
HMPRNC0000_0582	cds	8.96280009814688	-0.583430411663285	0.582641863934007	-1.00135340039584	0.316655984530082	0.999176038581228
HMPRNC0000_0583	cds	3.87405093314982	-0.82219124665173	0.895856016815207	-0.917771640999458	0.358738432085779	0.999176038581228
HMPRNC0000_0584	cds	0.613736242259134	2.21170934723627	3.10440804223517	0.712441572482155	0.476191379937855	0.999176038581228
HMPRNC0000_0585	cds	15.6639152295981	0.611270785442518	0.441755088889942	1.38373230057981	0.166440439277319	0.999176038581228
HMPRNC0000_0586	cds	20.2246772533648	0.0453885829458707	0.411877738405639	0.110199165222107	0.91225142429912	0.999176038581228
HMPRNC0000_0587	cds	3.43470206974092	-0.914726145490591	0.995043799765753	-0.919282292604537	0.357947937267693	0.999176038581228
HMPRNC0000_0588	cds	11.1329515556357	-0.374879604319075	0.527674868005566	-0.710436723537723	0.477433356922516	0.999176038581228
HMPRNC0000_0589	cds	2.44835755270583	-0.207951894681908	1.04209754173906	-0.199551276490757	0.841831536957804	0.999176038581228
HMPRNC0000_0590	cds	40.6413748930719	-0.170943523498309	0.37362781594287	-0.457523546706296	0.647294781617973	0.999176038581228
HMPRNC0000_0591	cds	33.5717638433413	-0.607594396272065	0.402544550992865	-1.50938422784124	0.131200621296559	0.999176038581228
HMPRNC0000_0592	cds	0.209711443421497	0.073475696645431	4.06919149792316	0.0180565836439331	0.985593713532032	0.999176038581228
HMPRNC0000_0593	cds	0	NA	NA	NA	NA	NA
HMPRNC0000_0594	cds	2.45433305715004	0.279874143369158	1.01464633991939	0.275834182175626	0.782675428213068	0.999176038581228
HMPRNC0000_0595	cds	0.18185393932862	2.08492981639804	4.0804728567969	0.510952992353605	0.609383973154024	0.999176038581228
HMPRNC0000_0596	cds	0	NA	NA	NA	NA	NA
HMPRNC0000_0597	cds	1.34189104709054	-0.946181846215812	1.55992723236861	-0.606555117817336	0.544146193489722	0.999176038581228
HMPRNC0000_0598	cds	1.83257081316832	-0.740771113164116	1.30830281510402	-0.566207688779772	0.571252603777966	0.999176038581228
HMPRNC0000_0599	cds	0	NA	NA	NA	NA	NA
HMPRNC0000_0600	cds	0	NA	NA	NA	NA	NA
HMPRNC0000_0601	cds	0	NA	NA	NA	NA	NA
HMPRNC0000_0602	cds	0.275971282730474	1.03525348243549	4.06919113661017	0.254412596430137	0.799176820507636	0.999176038581228
HMPRNC0000_0603	cds	0.0674989445715651	0.206604289724287	4.07377104429505	0.0507157342614083	0.959552038656348	0.999176038581228
HMPRNC0000_0605	cds	0.323232575946837	-1.33423647508431	4.00206808739129	-0.333386750537274	0.738842363208811	0.999176038581228
HMPRNC0000_0606	cds	0.277210387993062	-0.876422720773082	4.02151421999628	-0.21793351280849	0.827480915210617	0.999176038581228
HMPRNC0000_0608	cds	1.12727647250398	0.0126588253150262	1.81983020968102	0.00695604746403515	0.994449921882502	0.999176038581228
HMPRNC0000_0609	cds	0.0674989445715651	0.206604289724287	4.07377104429505	0.0507157342614083	0.959552038656348	0.999176038581228
HMPRNC0000_0611	cds	0.0674989445715651	0.206604289724287	4.07377104429505	0.0507157342614083	0.959552038656348	0.999176038581228
HMPRNC0000_0612	cds	0.566609955402809	-2.15390807485646	3.20108511705928	-0.672868104436777	0.501031205466081	0.999176038581228
HMPRNC0000_0613	cds	0.209711443421497	0.073475696645431	4.06919149792316	0.0180565836439331	0.985593713532032	0.999176038581228
HMPRNC0000_0614	cds	0.716037063959542	-2.38780882804967	2.49367199501201	-0.957547276797392	0.338291095964251	0.999176038581228
HMPRNC0000_0615	cds	1.27559948215816	-3.21162593217204	1.70944622325542	-1.87875224647659	0.0602783302365281	0.999176038581228
HMPRNC0000_0616	cds	0.30382878682335	-1.08630962190442	4.01328521099381	-0.270678400560376	0.78663839070978	0.999176038581228
HMPRNC0000_0617	cds	1.01358028017799	4.03402112688771	2.13821111303594	1.8866336921989	0.0592096118306651	0.999176038581228
HMPRNC0000_0619	cds	0.640918266650302	0.781125948193611	2.81033184041993	0.27794794086555	0.781052321758114	0.999176038581228
HMPRNC0000_0620	cds	1.99707146065183	-0.393927546263084	1.17857508761399	-0.334240516707836	0.738198072393524	0.999176038581228
HMPRNC0000_0621	cds	0.277210387993062	-0.876422720773082	4.02151421999628	-0.21793351280849	0.827480915210617	0.999176038581228
HMPRNC0000_0622	cds	1.22139381590583	-0.258311375067744	1.71653806852251	-0.150483918652665	0.880382837318159	0.999176038581228
HMPRNC0000_0623	cds	0.277242113616457	2.08492981639804	4.0804728567969	0.510952992353605	0.609383973154024	0.999176038581228
HMPRNC0000_0625	cds	0.600442963939899	-2.18023003062073	2.80300029601337	-0.777820121432598	0.436675064055462	0.999176038581228
HMPRNC0000_0626	cds	0.0674989445715651	0.206604289724287	4.07377104429505	0.0507157342614083	0.959552038656348	0.999176038581228
HMPRNC0000_0627	cds	0.0941173434018534	0.0734757135446137	4.0691914984833	0.0180565877944059	0.985593710220973	0.999176038581228
HMPRNC0000_0628	cds	4.09698421634573	-0.159422183116271	0.84104493268621	-0.189552516067237	0.84965979917949	0.999176038581228
HMPRNC0000_0629	cds	1.46229298483663	0.564885422805078	1.4023844186019	0.402803550376177	0.687092749094458	0.999176038581228
HMPRNC0000_0630	cds	0	NA	NA	NA	NA	NA
HMPRNC0000_0631	cds	0	NA	NA	NA	NA	NA
HMPRNC0000_0632	cds	0.273118648843784	2.08492981639804	4.0804728567969	0.510952992353605	0.609383973154024	0.999176038581228
HMPRNC0000_0633	cds	1.04903480463722	0.742922807344573	1.82207600394042	0.407734257922244	0.683468783643877	0.999176038581228
HMPRNC0000_0634	cds	0	NA	NA	NA	NA	NA
HMPRNC0000_0635	cds	0.344709332564627	-1.34828986642279	4.00117473845603	-0.336973502672634	0.736136874923194	0.999176038581228
HMPRNC0000_0636	cds	0.871336055704664	2.00834186036047	2.22225818690811	0.903739210948632	0.366133702098002	0.999176038581228
HMPRNC0000_0637	cds	3.49672556761394	-0.156071925084174	0.880946154635291	-0.177163977915071	0.85937958950455	0.999176038581228
HMPRNC0000_0638	cds	0.472492612000956	-1.88226798464615	3.97265734193537	-0.473805773474829	0.635638417125613	0.999176038581228
HMPRNC0000_0639	cds	0.596351224790621	-0.410925291309054	2.88334092297468	-0.142517066932589	0.886671599505438	0.999176038581228
HMPRNC0000_0640	cds	1.58197882400555	-0.432296870704594	1.35629497767231	-0.318733666216553	0.749928483143866	0.999176038581228
HMPRNC0000_0641	cds	0.711945324810265	-0.724292730309375	2.42593742263291	-0.298562000632023	0.765274262748089	0.999176038581228
HMPRNC0000_0643	cds	0.275971282730474	1.03525348243549	4.06919113661017	0.254412596430137	0.799176820507636	0.999176038581228
HMPRNC0000_0644	cds	0	NA	NA	NA	NA	NA
HMPRNC0000_0645	cds	0	NA	NA	NA	NA	NA
HMPRNC0000_0646	cds	0.275971282730474	1.03525348243549	4.06919113661017	0.254412596430137	0.799176820507636	0.999176038581228
HMPRNC0000_0647	cds	0	NA	NA	NA	NA	NA
HMPRNC0000_0648	cds	0	NA	NA	NA	NA	NA
HMPRNC0000_0649	cds	0	NA	NA	NA	NA	NA
HMPRNC0000_0650	cds	0	NA	NA	NA	NA	NA
HMPRNC0000_0651	cds	0	NA	NA	NA	NA	NA
HMPRNC0000_0652	cds	0	NA	NA	NA	NA	NA
HMPRNC0000_0653	cds	0.0941173434018534	0.0734757135446137	4.0691914984833	0.0180565877944059	0.985593710220973	0.999176038581228
HMPRNC0000_0654	cds	0	NA	NA	NA	NA	NA
HMPRNC0000_0655	cds	0	NA	NA	NA	NA	NA
HMPRNC0000_0656	cds	0	NA	NA	NA	NA	NA
HMPRNC0000_0657	cds	0	NA	NA	NA	NA	NA
HMPRNC0000_0658	cds	0.454972588172405	2.91228826228434	3.83925761464398	0.758555052720629	0.44811876873297	0.999176038581228
HMPRNC0000_0659	cds	2.30093197309857	-0.0626531776398128	1.07558935413507	-0.0582500908910491	0.953549421664741	0.999176038581228
HMPRNC0000_0661	cds	0	NA	NA	NA	NA	NA
HMPRNC0000_0662	cds	0.736306440938138	1.02821965117427	2.42012725319619	0.424861812458965	0.670937414168582	0.999176038581228
HMPRNC0000_0663	cds	0	NA	NA	NA	NA	NA
HMPRNC0000_0664	cds	2.85141359952013	-1.11160162694521	1.03752653529509	-1.07139585266515	0.283991476864575	0.999176038581228
HMPRNC0000_0665	cds	0.18185393932862	2.08492981639804	4.0804728567969	0.510952992353605	0.609383973154024	0.999176038581228
HMPRNC0000_0666	cds	1.13136821165326	-1.57750221502777	1.85567277254497	-0.850097192978857	0.395271052119169	0.999176038581228
HMPRNC0000_0667	cds	0.209711443421497	0.073475696645431	4.06919149792316	0.0180565836439331	0.985593713532032	0.999176038581228
HMPRNC0000_0668	cds	0	NA	NA	NA	NA	NA
HMPRNC0000_0669	cds	0.0674989445715651	0.206604289724287	4.07377104429505	0.0507157342614083	0.959552038656348	0.999176038581228
HMPRNC0000_0671	cds	0.209711443421497	0.073475696645431	4.06919149792316	0.0180565836439331	0.985593713532032	0.999176038581228
HMPRNC0000_0672	cds	0.249352883900185	1.16838616222527	4.07377080120153	0.28680704419617	0.774260068954625	0.999176038581228
HMPRNC0000_0673	cds	4.00609302423804	-1.26165263319318	0.92249955766011	-1.36764578662056	0.171422977163575	0.999176038581228
HMPRNC0000_0674	cds	0.576947435667134	-0.0608644449554484	3.03142620629764	-0.0200778250280365	0.983981289644096	0.999176038581228
HMPRNC0000_0676	cds	4.0977183768714	-1.26803576829418	0.937342688974341	-1.35279848363856	0.176120017333923	0.999176038581228
HMPRNC0000_0677	cds	7.19437220447413	1.40015167349976	0.662172483249988	2.11448181390401	0.0344741364333804	0.999176038581228
HMPRNC0000_0678	cds	0	NA	NA	NA	NA	NA
HMPRNC0000_0679	cds	0	NA	NA	NA	NA	NA
HMPRNC0000_0680	cds	0	NA	NA	NA	NA	NA
HMPRNC0000_0681	cds	0.188234686803707	-0.704491657678831	4.02913046155396	-0.174849552378883	0.861197850866044	0.999176038581228
HMPRNC0000_0682	cds	0.46420596953418	-0.194448493955942	3.80068150302459	-0.0511614808557886	0.959196845449972	0.999176038581228
HMPRNC0000_0684	cds	0.275971282730474	1.03525348243549	4.06919113661017	0.254412596430137	0.799176820507636	0.999176038581228
HMPRNC0000_0685	cds	0.273118648843784	2.08492981639804	4.0804728567969	0.510952992353605	0.609383973154024	0.999176038581228
HMPRNC0000_0686	cds	0.13499788914313	-0.390180750054008	4.04538587413177	-0.0964508114167845	0.923162538517817	0.999176038581228
HMPRNC0000_0687	cds	0	NA	NA	NA	NA	NA
HMPRNC0000_0688	cds	0.209711443421497	0.073475696645431	4.06919149792316	0.0180565836439331	0.985593713532032	0.999176038581228
HMPRNC0000_0689	cds	1.72497098924787	-0.931903359522487	1.34343339608215	-0.693672914667891	0.487887355597617	0.999176038581228
HMPRNC0000_0690	cds	1.47614099546467	0.430074422937463	1.45744997031779	0.295086920097634	0.76792748133069	0.999176038581228
HMPRNC0000_0691	cds	0.943913191241937	-1.58270283371454	1.97812921639135	-0.800100832948526	0.423652378616274	0.999176038581228
HMPRNC0000_0692	cds	2.16882643076356	-0.637294114881299	1.1658877699469	-0.546617034082383	0.584641863874176	0.999176038581228
HMPRNC0000_0693	cds	0.390731520518402	-1.60383726551479	3.98628048100216	-0.402339291767944	0.687434341594946	0.999176038581228
HMPRNC0000_0694	cds	0.993247451952604	-2.83313477058862	2.00506720601634	-1.41298743607577	0.157659418295328	0.999176038581228
HMPRNC0000_0695	cds	0.249352883900185	1.16838616222527	4.07377080120153	0.28680704419617	0.774260068954625	0.999176038581228
HMPRNC0000_0696	cds	0.397946130225203	-1.55739667387557	3.98880547250892	-0.390441871535034	0.696209830812308	0.999176038581228
HMPRNC0000_0698	cds	1.30889190078516	-0.00473193299733145	1.48863928838271	-0.00317869683694317	0.997463771141388	0.999176038581228
HMPRNC0000_0699	cds	0.619441510032512	0.51814196167167	2.83139385906051	0.182998899998884	0.85479888171752	0.999176038581228
HMPRNC0000_0700	cds	0	NA	NA	NA	NA	NA
HMPRNC0000_0701	cds	0.0674989445715651	0.206604289724287	4.07377104429505	0.0507157342614083	0.959552038656348	0.999176038581228
HMPRNC0000_0702	cds	0.48568272615197	-0.0916239491096722	3.40778158409023	-0.0268866847386678	0.978550113718666	0.999176038581228
HMPRNC0000_0704	cds	2.60422885998444	0.445848498129449	1.01642201016349	0.438645064423323	0.660918738473611	0.999176038581228
HMPRNC0000_0706	cds	2.91181558147102	0.518628946244009	0.944167610925917	0.549297540227423	0.582801275147906	0.999176038581228
HMPRNC0000_0707	cds	0.661561161036377	-0.888579798089297	2.7053694110844	-0.328450449113759	0.742571103803543	0.999176038581228
HMPRNC0000_0708	cds	0.0941173434018534	0.0734757135446137	4.0691914984833	0.0180565877944059	0.985593710220973	0.999176038581228
HMPRNC0000_0710	cds	0	NA	NA	NA	NA	NA
HMPRNC0000_0712	cds	0.249352883900185	1.16838616222527	4.07377080120153	0.28680704419617	0.774260068954625	0.999176038581228
HMPRNC0000_0714	cds	0.18185393932862	2.08492981639804	4.0804728567969	0.510952992353605	0.609383973154024	0.999176038581228
HMPRNC0000_0715	cds	0.13499788914313	-0.390180750054008	4.04538587413177	-0.0964508114167845	0.923162538517817	0.999176038581228
HMPRNC0000_0716	cds	0.708448936845262	2.50729557056871	2.59078293705477	0.967775236862963	0.333156633622793	0.999176038581228
HMPRNC0000_0717	cds	2.39876663228819	-1.8162870127782	1.3293414486793	-1.36630586113348	0.171842982133995	0.999176038581228
HMPRNC0000_0718	cds	2.46684678564531	-1.29356495662175	1.17533885475905	-1.10058895048351	0.271075596720921	0.999176038581228
HMPRNC0000_0719	cds	0.161616287973419	-0.555853396389147	4.0364188168111	-0.137709544429359	0.890469975909589	0.999176038581228
HMPRNC0000_0721	cds	0.640084404418587	-0.910568315688459	2.72138106468296	-0.334597872934984	0.737928449669579	0.999176038581228
HMPRNC0000_0722	cds	2.93722660066211	1.34555211359847	0.960954205471591	1.4002250116988	0.161445948217235	0.999176038581228
HMPRNC0000_0723	cds	0.209711443421497	0.073475696645431	4.06919149792316	0.0180565836439331	0.985593713532032	0.999176038581228
HMPRNC0000_0724	cds	0.581070900439807	-0.0595231282131784	3.01764905173481	-0.019725000221268	0.984262747365158	0.999176038581228
HMPRNC0000_0725	cds	0.343470227302039	0.405928597437925	4.03641847302418	0.100566529499057	0.919894567554434	0.999176038581228
HMPRNC0000_0726	cds	0	NA	NA	NA	NA	NA
HMPRNC0000_0727	cds	0.30382878682335	-1.08630962190442	4.01328521099381	-0.270678400560376	0.78663839070978	0.999176038581228
HMPRNC0000_0728	cds	0.945215747751315	0.280712244988166	2.05319932881571	0.136719431498198	0.891252569647367	0.999176038581228
HMPRNC0000_0729	cds	3.81977382835267	0.0203498995229889	0.852734690213666	0.0238642801290163	0.98096086649089	0.999176038581228
HMPRNC0000_0730	cds	9.10003779415008	1.18388536551385	0.577945917262812	2.04843624663152	0.0405172729677164	0.999176038581228
HMPRNC0000_0731	cds	0.0941173434018534	0.0734757135446137	4.0691914984833	0.0180565877944059	0.985593710220973	0.999176038581228
HMPRNC0000_0733	cds	0	NA	NA	NA	NA	NA
HMPRNC0000_0734	cds	0	NA	NA	NA	NA	NA
HMPRNC0000_0735	cds	0.553181670723535	-0.461559391314624	2.87815538453689	-0.160366390846856	0.872592463158141	0.999176038581228
HMPRNC0000_0737	cds	0.694592032965147	-0.774449286292978	2.58570881315988	-0.299511407607633	0.76454986929271	0.999176038581228
HMPRNC0000_0738	cds	0.408116537986915	0.571601082552154	4.04538548366963	0.141297061765705	0.887635270700049	0.999176038581228
HMPRNC0000_0739	cds	0.933845947648447	-1.46912629316362	2.10777426800086	-0.697003619157484	0.485800528878516	0.999176038581228
HMPRNC0000_0740	cds	0.48568272615197	-0.0916239491096722	3.40778158409023	-0.0268866847386678	0.978550113718666	0.999176038581228
HMPRNC0000_0741	cds	0	NA	NA	NA	NA	NA
HMPRNC0000_0742	cds	0.18185393932862	2.08492981639804	4.0804728567969	0.510952992353605	0.609383973154024	0.999176038581228
HMPRNC0000_0743	cds	0	NA	NA	NA	NA	NA
HMPRNC0000_0744	cds	0	NA	NA	NA	NA	NA
HMPRNC0000_0745	cds	0	NA	NA	NA	NA	NA
HMPRNC0000_0746	cds	0.459064327321682	0.104879370052323	3.5400029345093	0.0296269161332945	0.976364598762239	0.999176038581228
HMPRNC0000_0747	cds	0	NA	NA	NA	NA	NA
HMPRNC0000_0748	cds	0.65371148722387	-0.596046962646045	2.95721169103634	-0.201557083130955	0.840262999246753	0.999176038581228
HMPRNC0000_0749	cds	1.34625302291065	-0.531516630623153	1.65542230589872	-0.321076156053482	0.74815267917143	0.999176038581228
HMPRNC0000_0750	cds	0.526594997516642	2.00471966205736	3.21026664550697	0.624471386158257	0.532318056259937	0.999176038581228
HMPRNC0000_0751	cds	0	NA	NA	NA	NA	NA
HMPRNC0000_0752	cds	1.38177099861666	0.165408190218536	1.49228719889558	0.11084206199782	0.9117415901866	0.999176038581228
HMPRNC0000_0753	cds	0.50635734616144	0.00660413530408324	3.26328960671201	0.0020237662297884	0.998385269272801	0.999176038581228
HMPRNC0000_0754	cds	13.8256251228261	0.315153911472239	0.455496989989932	0.691890217494532	0.489006274454471	0.999176038581228
HMPRNC0000_0755	cds	0.627093088393582	-0.51009859470208	2.80871289031705	-0.181612936110568	0.855886496137174	0.999176038581228
HMPRNC0000_0756	cds	0.273118648843784	2.08492981639804	4.0804728567969	0.510952992353605	0.609383973154024	0.999176038581228
HMPRNC0000_0757	cds	0.37135945701831	1.03525348243549	4.06919113661017	0.254412596430137	0.799176820507636	0.999176038581228
HMPRNC0000_0758	cds	0.897954454534952	1.87704054384783	2.07537201066696	0.904435703189716	0.36576441357933	0.999176038581228
HMPRNC0000_0760	cds	0.364113121688114	-1.51083816444091	3.99141518210093	-0.378521926562815	0.705042908316985	0.999176038581228
HMPRNC0000_0762	cds	0	NA	NA	NA	NA	NA
HMPRNC0000_0763	cds	0.209711443421497	0.073475696645431	4.06919149792316	0.0180565836439331	0.985593713532032	0.999176038581228
HMPRNC0000_0764	cds	0.48568272615197	-0.0916239491096722	3.40778158409023	-0.0268866847386678	0.978550113718666	0.999176038581228
HMPRNC0000_0765	cds	0.344709332564627	-1.34828986642279	4.00117473845603	-0.336973502672634	0.736136874923194	0.999176038581228
HMPRNC0000_0767	cds	1.7014754609751	-0.0214215694867089	1.27674012170939	-0.0167783318801231	0.986613456119499	0.999176038581228
HMPRNC0000_0768	cds	0.323232575946837	-1.33423647508431	4.00206808739129	-0.333386750537274	0.738842363208811	0.999176038581228
HMPRNC0000_0769	cds	1.2588096993055	3.34849545054904	1.74813167645008	1.91547095430981	0.0554324698975973	0.999176038581228
HMPRNC0000_0771	cds	1.81917425411244	1.0671560158247	1.33803900964435	0.797552244839521	0.425130373192556	0.999176038581228
HMPRNC0000_0772	cds	2.8411223277971	0.00852975411408684	0.990798675207674	0.00860896802501173	0.993131122175549	0.999176038581228
HMPRNC0000_0773	cds	0.202496833714695	-0.818534920119212	4.02398586373273	-0.203413965117642	0.838811485397652	0.999176038581228
HMPRNC0000_0774	cds	1.70048900915867	0.929000369378536	1.26786141337466	0.732730217655116	0.463722989933016	0.999176038581228
HMPRNC0000_0775	cds	0.621951446181083	-0.35286787245099	2.84725981722031	-0.123932445615547	0.901368763088851	0.999176038581228
HMPRNC0000_0776	cds	0.343470227302039	0.405928597437925	4.03641847302418	0.100566529499057	0.919894567554434	0.999176038581228
HMPRNC0000_0777	cds	6.22427256704638	-0.349016424117738	0.696659765307063	-0.500985475978944	0.616381344647475	0.999176038581228
HMPRNC0000_0778	cds	8.77523278717842	0.574638181161516	0.579827585001309	0.991050091485762	0.321661121362553	0.999176038581228
HMPRNC0000_0779	cds	1.30167729107836	-0.146305917644081	1.54589694436266	-0.0946414430648872	0.924599630749446	0.999176038581228
HMPRNC0000_0780	cds	3.32388896881559	-0.824443133984359	0.970311387890683	-0.849668615944599	0.395509351710228	0.999176038581228
HMPRNC0000_0783	cds	0.161616287973419	-0.555853396389147	4.0364188168111	-0.137709544429359	0.890469975909589	0.999176038581228
HMPRNC0000_0784	cds	0.550360762460241	3.14638712117646	3.33353279432788	0.943859657397144	0.345241369985514	0.999176038581228
HMPRNC0000_0785	cds	0.0941173434018534	0.0734757135446137	4.0691914984833	0.0180565877944059	0.985593710220973	0.999176038581228
HMPRNC0000_0786	cds	0	NA	NA	NA	NA	NA
HMPRNC0000_0787	cds	0	NA	NA	NA	NA	NA
HMPRNC0000_0788	cds	0	NA	NA	NA	NA	NA
HMPRNC0000_0789	cds	0	NA	NA	NA	NA	NA
HMPRNC0000_0790	cds	0.13499788914313	-0.390180750054008	4.04538587413177	-0.0964508114167845	0.923162538517817	0.999176038581228
HMPRNC0000_0791	cds	0.762893114145032	-1.05231205012468	2.34086589403512	-0.449539656588672	0.653042407370693	0.999176038581228
HMPRNC0000_0792	cds	4.11402164908487	0.334095607893853	0.854586704778568	0.390944073931528	0.695838574995679	0.999176038581228
HMPRNC0000_0794	cds	0.41734991934869	-1.69178704981848	3.98170449103615	-0.424890157877646	0.670916749730322	0.999176038581228
HMPRNC0000_0795	cds	0.277210387993062	-0.876422720773082	4.02151421999628	-0.21793351280849	0.827480915210617	0.999176038581228
HMPRNC0000_0797	cds	0.340617593415349	1.16838616222528	4.07377080120153	0.28680704419617	0.774260068954624	0.999176038581228
HMPRNC0000_0799	cds	0.526594997516642	2.00471966205736	3.21026664550697	0.624471386158257	0.532318056259937	0.999176038581228
HMPRNC0000_0800	cds	0	NA	NA	NA	NA	NA
HMPRNC0000_0802	cds	0.0941173434018534	0.0734757135446137	4.0691914984833	0.0180565877944059	0.985593710220973	0.999176038581228
HMPRNC0000_0803	cds	0.892560158876297	1.21457479717554	2.03906748747647	0.595652083432847	0.551407674826788	0.999176038581228
HMPRNC0000_0804	cds	3.03895510682903	0.778307765807493	0.956645456814876	0.813580162078903	0.415885506320326	0.999176038581228
HMPRNC0000_0805	cds	0.36370787865724	2.6850212904654	4.06275901479766	0.660886181209819	0.508685308743725	0.999176038581228
HMPRNC0000_0806	cds	0.277242113616457	2.08492981639804	4.0804728567969	0.510952992353605	0.609383973154024	0.999176038581228
HMPRNC0000_0807	cds	0.942674085979349	-0.585766279927309	2.06034885452361	-0.284304417012306	0.776177101466464	0.999176038581228
HMPRNC0000_0808	cds	3.31918429525736	-1.16580266875972	1.01110206824234	-1.15300196229082	0.248909579076324	0.999176038581228
HMPRNC0000_0809	cds	1.66078411743319	-1.42986476226207	1.50092673882876	-0.952654600169127	0.34076510315361	0.999176038581228
HMPRNC0000_0810	cds	0	NA	NA	NA	NA	NA
HMPRNC0000_0811	cds	0	NA	NA	NA	NA	NA
HMPRNC0000_0812	cds	0	NA	NA	NA	NA	NA
HMPRNC0000_0813	cds	0.558323312936034	-0.587039194550866	3.31177772612656	-0.177258029704024	0.859305716138781	0.999176038581228
HMPRNC0000_0814	cds	0	NA	NA	NA	NA	NA
HMPRNC0000_0815	cds	0.391565382750117	1.03525342487768	4.06919113470239	0.254412582404635	0.799176831342001	0.999176038581228
HMPRNC0000_0817	cds	0	NA	NA	NA	NA	NA
HMPRNC0000_0818	cds	0.0941173434018534	0.0734757135446137	4.0691914984833	0.0180565877944059	0.985593710220973	0.999176038581228
HMPRNC0000_0819	cds	0	NA	NA	NA	NA	NA
HMPRNC0000_0821	cds	0.277210387993062	-0.876422720773082	4.02151421999628	-0.21793351280849	0.827480915210617	0.999176038581228
HMPRNC0000_0823	cds	1.48380146707781	1.71961706311472	1.41267017001577	1.21728135810748	0.223497184571795	0.999176038581228
HMPRNC0000_0825	cds	0.716100515206332	1.43900069727257	2.58520116870462	0.556630066043805	0.577780207193512	0.999176038581228
HMPRNC0000_0826	cds	0.546237297687569	3.14307071803773	3.6422420151999	0.8629494429313	0.388165264521785	0.999176038581228
HMPRNC0000_0827	cds	0.161616287973419	-0.555853396389147	4.0364188168111	-0.137709544429359	0.890469975909589	0.999176038581228
HMPRNC0000_0828	cds	0	NA	NA	NA	NA	NA
HMPRNC0000_0829	cds	0.18185393932862	2.08492981639804	4.0804728567969	0.510952992353605	0.609383973154024	0.999176038581228
HMPRNC0000_0831	cds	0.343470227302039	0.405928597437925	4.03641847302418	0.100566529499057	0.919894567554434	0.999176038581228
HMPRNC0000_0832	cds	0	NA	NA	NA	NA	NA
HMPRNC0000_0833	cds	0	NA	NA	NA	NA	NA
HMPRNC0000_0834	cds	16.0964056098037	-0.346000545330133	0.459387910601803	-0.753177298194175	0.451343379356251	0.999176038581228
HMPRNC0000_0837	cds	3.72512470158175	-1.52391791235199	0.985426737790185	-1.54645480370197	0.121994767333381	0.999176038581228
HMPRNC0000_0838	cds	0.870065224818681	1.31208519665139	2.07087217150404	0.633590626551541	0.526348019646422	0.999176038581228
HMPRNC0000_0839	cds	0	NA	NA	NA	NA	NA
HMPRNC0000_0840	cds	0	NA	NA	NA	NA	NA
HMPRNC0000_0841	cds	0.209711443421497	0.073475696645431	4.06919149792316	0.0180565836439331	0.985593713532032	0.999176038581228
HMPRNC0000_0842	cds	2.26387281326731	1.79731224519122	1.13253468290421	1.58698207862587	0.112516703608043	0.999176038581228
HMPRNC0000_0843	cds	2.34057341357726	0.26553034641939	1.05893262043444	0.250752825340722	0.802005216357795	0.999176038581228
HMPRNC0000_0847	cds	0.803805385509704	0.526834788743651	2.25352318202991	0.233782724289125	0.815153661992274	0.999176038581228
HMPRNC0000_0848	cds	0.671064779068988	-0.552670457260989	2.71163257488944	-0.203814654824141	0.838498340324441	0.999176038581228
HMPRNC0000_0849	cds	0.511467262750544	-1.98742200608859	3.43845147813921	-0.577999142557081	0.563264698127747	0.999176038581228
HMPRNC0000_0850	cds	0.867212590931991	1.99320313527508	2.12385921160337	0.938481762061032	0.347996885248654	0.999176038581228
HMPRNC0000_0851	cds	1.02879715328202	-0.315145044800493	1.8084048770685	-0.17426686291145	0.861655740301762	0.999176038581228
HMPRNC0000_0852	cds	0.0941173434018534	0.0734757135446137	4.0691914984833	0.0180565877944059	0.985593710220973	0.999176038581228
HMPRNC0000_0853	cds	1.36588663310897	0.647352350201147	1.51873424267144	0.426244652956832	0.669929583144591	0.999176038581228
HMPRNC0000_0854	cds	2.00953087673935	0.313023911194956	1.15452700267618	0.271127405828856	0.786293043930486	0.999176038581228
HMPRNC0000_0856	cds	2.09864192480792	-0.124921579332668	1.22914294826219	-0.101633076534578	0.919047924099964	0.999176038581228
HMPRNC0000_0857	cds	1.37068557758335	0.466977351407795	1.55487288381477	0.300331529521629	0.76392428556199	0.999176038581228
HMPRNC0000_0858	cds	0.980972234504772	1.99193562309631	2.07714146992972	0.958979276054656	0.337569185431218	0.999176038581228
HMPRNC0000_0859	cds	45.6106909825082	-0.53333307658632	0.444392348989809	-1.20014009646811	0.230084935455971	0.999176038581228
HMPRNC0000_0860	cds	9.10875328895454	-0.264457023954056	0.590109385689568	-0.448149157371946	0.654045553071631	0.999176038581228
HMPRNC0000_0861	cds	14.5807943141112	-0.0814223117730542	0.456362494892152	-0.178415870463448	0.858396386435692	0.999176038581228
HMPRNC0000_0863	cds	11.8770139855764	0.548136155164674	0.503505658399197	1.08863951381871	0.276312884704876	0.999176038581228
HMPRNC0000_0864	cds	7.07382064843156	-0.690214277167623	0.675964002760345	-1.0210814101773	0.307215869788575	0.999176038581228
HMPRNC0000_0865	cds	14.6458371778543	-0.150779008623095	0.461814368387249	-0.326492675292122	0.744051630225717	0.999176038581228
HMPRNC0000_0867	cds	0	NA	NA	NA	NA	NA
HMPRNC0000_0868	cds	1.0367914293812	-0.787307645701062	1.93712474808774	-0.406431050183146	0.684425909066039	0.999176038581228
HMPRNC0000_0869	cds	0.13499788914313	-0.390180750054008	4.04538587413177	-0.0964508114167845	0.923162538517817	0.999176038581228
HMPRNC0000_0870	cds	2.3189607446454	-0.195078096504972	1.14199381805763	-0.170822375235597	0.864363434769964	0.999176038581228
HMPRNC0000_0871	cds	0.161616287973419	-0.555853396389147	4.0364188168111	-0.137709544429359	0.890469975909589	0.999176038581228
HMPRNC0000_0873	cds	0.0674989445715651	0.206604289724287	4.07377104429505	0.0507157342614083	0.959552038656348	0.999176038581228
HMPRNC0000_0874	cds	0.255733631375272	-1.05099511726465	4.01459304671967	-0.261793687438237	0.793480506083901	0.999176038581228
HMPRNC0000_0875	cds	0.0674989445715651	0.206604289724287	4.07377104429505	0.0507157342614083	0.959552038656348	0.999176038581228
HMPRNC0000_0876	cds	0.0941173434018534	0.0734757135446137	4.0691914984833	0.0180565877944059	0.985593710220973	0.999176038581228
HMPRNC0000_0877	cds	12.6697968358647	0.689705119362799	0.548347600718671	1.25778815929688	0.20846837903304	0.999176038581228
HMPRNC0000_0878	cds	0	NA	NA	NA	NA	NA
HMPRNC0000_0879	cds	0.0674989445715651	0.206604289724287	4.07377104429505	0.0507157342614083	0.959552038656348	0.999176038581228
HMPRNC0000_0881	cds	0.0674989445715651	0.206604289724287	4.07377104429505	0.0507157342614083	0.959552038656348	0.999176038581228
HMPRNC0000_0882	cds	0	NA	NA	NA	NA	NA
HMPRNC0000_0883	cds	8.14678181653134	-2.01183478937086	0.748329360643044	-2.68843492608934	0.00717878263279098	0.999176038581228
HMPRNC0000_0884	cds	0.0941173434018534	0.0734757135446137	4.0691914984833	0.0180565877944059	0.985593710220973	0.999176038581228
HMPRNC0000_0886	cds	0	NA	NA	NA	NA	NA
HMPRNC0000_0887	cds	0	NA	NA	NA	NA	NA
HMPRNC0000_0888	cds	0	NA	NA	NA	NA	NA
HMPRNC0000_0889	cds	0.161616287973419	-0.555853396389147	4.0364188168111	-0.137709544429359	0.890469975909589	0.999176038581228
HMPRNC0000_0890	cds	0.637231770531898	-0.601169878795886	2.76336863004086	-0.217549650184383	0.827780018116857	0.999176038581228
HMPRNC0000_0891	cds	2.5037484689006	-1.41710346543618	1.19136098354438	-1.18948285617026	0.234249713319619	0.999176038581228
HMPRNC0000_0892	cds	0.647299014125389	-0.8115371610548	2.57442239187125	-0.315230773169637	0.752586442145245	0.999176038581228
HMPRNC0000_0893	cds	0.434734936817203	0.40369795551201	3.66394637850339	0.110181185478186	0.912265683230822	0.999176038581228
HMPRNC0000_0894	cds	0.970563315695621	-0.245484935238926	1.93386374338493	-0.126940140471966	0.898987776103407	0.999176038581228
HMPRNC0000_0895	cds	0	NA	NA	NA	NA	NA
HMPRNC0000_0896	cds	0	NA	NA	NA	NA	NA
HMPRNC0000_0898	cds	1.6444807286513	-0.587225339554757	1.36543359821913	-0.430065101899242	0.667148284961464	0.999176038581228
HMPRNC0000_0902	cds	1.0352096263805	-0.0515969612992381	1.84080717494319	-0.0280295307414968	0.977638598269475	0.999176038581228
HMPRNC0000_0903	cds	0.830423784339992	0.441163734828286	2.11403607312771	0.208683163185378	0.83469558460063	0.999176038581228
HMPRNC0000_0904	cds	2.53835143133501	-0.305993896485259	1.04824982793301	-0.291909321930091	0.770355955891674	0.999176038581228
HMPRNC0000_0905	cds	0.344709332564627	-1.34828986642279	4.00117473845603	-0.336973502672634	0.736136874923194	0.999176038581228
HMPRNC0000_0906	cds	0.0941173434018534	0.0734757135446137	4.0691914984833	0.0180565877944059	0.985593710220973	0.999176038581228
HMPRNC0000_0908	cds	0.0674989445715651	0.206604289724287	4.07377104429505	0.0507157342614083	0.959552038656348	0.999176038581228
HMPRNC0000_0910	cds	1.37666108202756	1.59104696121363	1.50060154343622	1.0602727740572	0.289020521639097	0.999176038581228
HMPRNC0000_0911	cds	0.546237297687569	3.14307071803773	3.6422420151999	0.8629494429313	0.388165264521785	0.999176038581228
HMPRNC0000_0912	cds	0	NA	NA	NA	NA	NA
HMPRNC0000_0914	cds	0.249352883900185	1.16838616222527	4.07377080120153	0.28680704419617	0.774260068954625	0.999176038581228
HMPRNC0000_0916	cds	0.550329036836846	0.128288628996685	3.12411969349904	0.0410639289088827	0.967244930895076	0.999176038581228
HMPRNC0000_0918	cds	0.161616287973419	-0.555853396389147	4.0364188168111	-0.137709544429359	0.890469975909589	0.999176038581228
HMPRNC0000_0920	cds	0	NA	NA	NA	NA	NA
HMPRNC0000_0921	cds	0	NA	NA	NA	NA	NA
HMPRNC0000_0922	cds	0	NA	NA	NA	NA	NA
HMPRNC0000_0923	cds	0	NA	NA	NA	NA	NA
HMPRNC0000_0924	cds	8.67473861585125	-0.137563883258639	0.669820317591308	-0.205374306580192	0.837279692793625	0.999176038581228
HMPRNC0000_0925	cds	0	NA	NA	NA	NA	NA
HMPRNC0000_0926	cds	0.188234686803707	-0.704491657678831	4.02913046155396	-0.174849552378883	0.861197850866044	0.999176038581228
HMPRNC0000_0927	cds	0	NA	NA	NA	NA	NA
HMPRNC0000_0930	cds	0	NA	NA	NA	NA	NA
HMPRNC0000_0931	cds	0.0941173434018534	0.0734757135446137	4.0691914984833	0.0180565877944059	0.985593710220973	0.999176038581228
HMPRNC0000_0932	cds	0	NA	NA	NA	NA	NA
HMPRNC0000_0933	cds	0	NA	NA	NA	NA	NA
HMPRNC0000_0934	cds	8.0892616582537	-0.267734153411625	0.655424483118197	-0.408489704470413	0.682914187621068	0.999176038581228
HMPRNC0000_0935	cds	0.819085709860518	0.188279648520358	2.18225150566102	0.0862777035698854	0.931245662347933	0.999176038581228
HMPRNC0000_0936	cds	0.627093088393582	-0.51009859470208	2.80871289031705	-0.181612936110568	0.855886496137174	0.999176038581228
HMPRNC0000_0937	cds	2.66209818998385	0.0664939047436693	1.04707601353971	0.0635043720645286	0.949364877869238	0.999176038581228
HMPRNC0000_0938	cds	2.11432839814364	1.12521492524758	2.55633692658902	0.440166909746508	0.659816224077803	0.999176038581228
HMPRNC0000_0939	cds	0.993310903199393	0.301193114681088	1.93466734072849	0.155682120817564	0.876283590841356	0.999176038581228
HMPRNC0000_0940	cds	3.5062830409667	-0.44090635772022	0.915471084314403	-0.481616913165985	0.630078109128607	0.999176038581228
HMPRNC0000_0941	cds	0	NA	NA	NA	NA	NA
HMPRNC0000_0942	cds	0	NA	NA	NA	NA	NA
HMPRNC0000_0944	cds	0.18185393932862	2.08492981639804	4.0804728567969	0.510952992353605	0.609383973154024	0.999176038581228
HMPRNC0000_0946	cds	0.209711443421497	0.073475696645431	4.06919149792316	0.0180565836439331	0.985593713532032	0.999176038581228
HMPRNC0000_0947	cds	0.202496833714695	-0.818534920119212	4.02398586373273	-0.203413965117642	0.838811485397652	0.999176038581228
HMPRNC0000_0948	cds	0	NA	NA	NA	NA	NA
HMPRNC0000_0949	cds	2.78720425748953	-1.62425244296983	1.12184029334077	-1.44784641148242	0.147660009537647	0.999176038581228
HMPRNC0000_0950	cds	0	NA	NA	NA	NA	NA
HMPRNC0000_0951	cds	0	NA	NA	NA	NA	NA
HMPRNC0000_0953	cds	0.323232575946837	-1.33423647508431	4.00206808739129	-0.333386750537274	0.738842363208811	0.999176038581228
HMPRNC0000_0954	cds	0.459096052945077	2.92286995476983	3.81315572255548	0.766522578000302	0.443365422890394	0.999176038581228
HMPRNC0000_0955	cds	1.36054689544503	0.569665398460882	1.49533773315891	0.380961026949719	0.703232167743782	0.999176038581228
HMPRNC0000_0956	cds	0.277210387993062	-0.876422720773082	4.02151421999628	-0.21793351280849	0.827480915210617	0.999176038581228
HMPRNC0000_0957	cds	0.431612066259679	-1.751092188791	3.94469282654481	-0.443910911645	0.657106995209866	0.999176038581228
HMPRNC0000_0958	cds	3.51763000869825	0.383273920939674	0.876406710753588	0.43732426536318	0.661876199949603	0.999176038581228
HMPRNC0000_0959	cds	0.434734936817203	0.40369795551201	3.66394637850339	0.110181185478186	0.912265683230822	0.999176038581228
HMPRNC0000_0960	cds	2.51729440066599	0.123629664232233	1.06560287060074	0.116018516506564	0.907637866843273	0.999176038581228
HMPRNC0000_0961	cds	1.38153248756922	-0.267207538705951	1.48547601354893	-0.179880076331605	0.85724671684496	0.999176038581228
HMPRNC0000_0962	cds	0	NA	NA	NA	NA	NA
HMPRNC0000_0963	cds	2.53934367609673	0.953284875560054	1.09010363261578	0.874490137485898	0.381851388876034	0.999176038581228
HMPRNC0000_0964	cds	0.344741058188022	1.16838616222527	4.07377080120153	0.28680704419617	0.774260068954625	0.999176038581228
HMPRNC0000_0965	cds	0.592823111202224	0.622611579592439	2.91379433810653	0.213677256301154	0.83079874856401	0.999176038581228
HMPRNC0000_0966	cds	3.36396737794855	-0.852462302747859	0.936004585730219	-0.910745861445556	0.362429293791136	0.999176038581228
HMPRNC0000_0968	cds	0.640084404418587	-0.910568315688459	2.72138106468296	-0.334597872934984	0.737928449669579	0.999176038581228
HMPRNC0000_0969	cds	0.340617593415349	1.16838616222528	4.07377080120153	0.28680704419617	0.774260068954624	0.999176038581228
HMPRNC0000_0970	cds	0	NA	NA	NA	NA	NA
HMPRNC0000_0972	cds	0.273118648843784	2.08492981639804	4.0804728567969	0.510952992353605	0.609383973154024	0.999176038581228
HMPRNC0000_0975	cds	0.371327731394915	-1.45649110697146	3.99456371648222	-0.36461831888217	0.715396338449868	0.999176038581228
HMPRNC0000_0976	cds	0.625822257507599	-0.840353859886332	2.80681645101175	-0.299397511220734	0.764636760887819	0.999176038581228
HMPRNC0000_0977	cds	0.188234686803707	-0.704491657678831	4.02913046155396	-0.174849552378883	0.861197850866044	0.999176038581228
HMPRNC0000_0978	cds	1.39891750503774	0.755666245745851	1.40802496229463	0.536685261967485	0.591485038037395	0.999176038581228
HMPRNC0000_0979	cds	1.58204227525234	1.37195909242394	1.32797217881485	1.03312336983471	0.301546168075808	0.999176038581228
HMPRNC0000_0980	cds	0.0941173434018534	0.0734757135446137	4.0691914984833	0.0180565877944059	0.985593710220973	0.999176038581228
HMPRNC0000_0981	cds	2.86815486291033	0.0558426243502432	0.955149201374561	0.0584648181350931	0.953378385599934	0.999176038581228
HMPRNC0000_0983	cds	0	NA	NA	NA	NA	NA
HMPRNC0000_0984	cds	0.434734936817203	0.40369795551201	3.66394637850339	0.110181185478186	0.912265683230822	0.999176038581228
HMPRNC0000_0985	cds	1.22239441012098	-1.83936302236707	1.73209155270146	-1.06193175499199	0.288266667837556	0.999176038581228
HMPRNC0000_0986	cds	0.431206823228806	1.76886223763995	4.02414007355886	0.439562789889569	0.660253795835056	0.999176038581228
HMPRNC0000_0987	cds	3.07727095514756	-0.335562311652163	0.94866856455861	-0.35371922733446	0.723549311678112	0.999176038581228
HMPRNC0000_0988	cds	7.36678883173675	0.610859483718003	0.634808942352509	0.962272965869459	0.33591250509786	0.999176038581228
HMPRNC0000_0989	cds	0.73506733567555	2.4138136621765	2.523673953828	0.95646811210107	0.33883578735087	0.999176038581228
HMPRNC0000_0990	cds	0.0674989445715651	0.206604289724287	4.07377104429505	0.0507157342614083	0.959552038656348	0.999176038581228
HMPRNC0000_0991	cds	0	NA	NA	NA	NA	NA
HMPRNC0000_0992	cds	2.25197122979538	-1.32821659278628	1.19420198726434	-1.11222105385115	0.266043117730433	0.999176038581228
HMPRNC0000_0994	cds	0.273118648843784	2.08492981639804	4.0804728567969	0.510952992353605	0.609383973154024	0.999176038581228
HMPRNC0000_0995	cds	0.0941173434018534	0.0734757135446137	4.0691914984833	0.0180565877944059	0.985593710220973	0.999176038581228
HMPRNC0000_0996	cds	0.412208277136192	-1.62519969741363	3.98514457645005	-0.407814488592871	0.683409875782836	0.999176038581228
HMPRNC0000_0997	cds	3.18024816250371	0.26667657494036	0.952317884963173	0.280028947425126	0.779455296149573	0.999176038581228
HMPRNC0000_0999	cds	2.17074192168189	1.14004651842789	1.1003519309428	1.03607444706447	0.300167412289241	0.999176038581228
HMPRNC0000_1001	cds	3.06502757989154	-0.866672348948709	1.00724220145171	-0.860440862882432	0.389546068865382	0.999176038581228
HMPRNC0000_1002	cds	0	NA	NA	NA	NA	NA
HMPRNC0000_1003	cds	0.229115232544984	-0.939593060227072	4.01891957668391	-0.233792451503184	0.815146110026782	0.999176038581228
HMPRNC0000_1004	cds	1.75537015511271	-1.27109741639187	1.40985302104077	-0.90158151057018	0.3672792164627	0.999176038581228
HMPRNC0000_1005	cds	0.732214701788861	3.58000006954313	2.52037818628023	1.4204217799658	0.155484925753591	0.999176038581228
HMPRNC0000_1006	cds	3.18692127634638	-0.331860463857245	0.924304940612887	-0.359037855663949	0.719566770019045	0.999176038581228
HMPRNC0000_1007	cds	0	NA	NA	NA	NA	NA
HMPRNC0000_1008	cds	13.8562774859357	0.924826690029869	0.472062331768324	1.95911986149268	0.0500987513162038	0.999176038581228
HMPRNC0000_1010	cds	0.581070900439807	-0.0595231282131784	3.01764905173481	-0.019725000221268	0.984262747365158	0.999176038581228
HMPRNC0000_1011	cds	0.273118648843784	2.08492981639804	4.0804728567969	0.510952992353605	0.609383973154024	0.999176038581228
HMPRNC0000_1012	cds	0	NA	NA	NA	NA	NA
HMPRNC0000_1013	cds	0.370088626132327	0.257290492392995	4.02913015586887	0.0638575777995714	0.949083631311336	0.999176038581228
HMPRNC0000_1014	cds	0	NA	NA	NA	NA	NA
HMPRNC0000_1015	cds	0.774677050530844	1.16647886089712	2.38430886969023	0.489231439653485	0.624677853516138	0.999176038581228
HMPRNC0000_1016	cds	5.87867958467815	0.648854667495421	0.704600072654518	0.92088362274917	0.357111189887037	0.999176038581228
HMPRNC0000_1018	cds	0	NA	NA	NA	NA	NA
HMPRNC0000_1019	cds	1.63062382477118	-2.43224728092151	1.59350586410645	-1.52634975227116	0.126922784351318	0.999176038581228
HMPRNC0000_1020	cds	0.275971282730474	1.03525348243549	4.06919113661017	0.254412596430137	0.799176820507636	0.999176038581228
HMPRNC0000_1021	cds	0.434734936817203	0.40369795551201	3.66394637850339	0.110181185478186	0.912265683230822	0.999176038581228
HMPRNC0000_1022	cds	0.808947027722202	0.305564897950568	2.21637056202	0.137867242593259	0.8903453397616	0.999176038581228
HMPRNC0000_1023	cds	0.783567734154502	-0.957176033043622	2.27101543996103	-0.42147491214769	0.673408327035743	0.999176038581228
HMPRNC0000_1024	cds	0	NA	NA	NA	NA	NA
HMPRNC0000_1025	cds	0	NA	NA	NA	NA	NA
HMPRNC0000_1027	cds	0	NA	NA	NA	NA	NA
HMPRNC0000_1028	cds	0	NA	NA	NA	NA	NA
HMPRNC0000_1029	cds	0	NA	NA	NA	NA	NA
HMPRNC0000_1030	cds	7.44223265684839	-1.53041382814855	0.721996814435739	-2.11969609498155	0.0340316825357759	0.999176038581228
HMPRNC0000_1031	cds	0.981567585689046	2.99179578951373	1.99310265250337	1.50107461136333	0.133336264658979	0.999176038581228
HMPRNC0000_1032	cds	0	NA	NA	NA	NA	NA
HMPRNC0000_1033	cds	0.960059103447862	0.88275031011404	1.90082749156118	0.464403168637371	0.642358920328793	0.999176038581228
HMPRNC0000_1034	cds	0.968512818417251	0.0896511945578462	2.02802386745649	0.0442061831699669	0.964740053416537	0.999176038581228
HMPRNC0000_1036	cds	0.457825222059094	1.6413076419558	3.84184838266768	0.427218223748881	0.669220389015404	0.999176038581228
HMPRNC0000_1037	cds	2.1628287966226	0.0482968605903579	1.13171189510599	0.0426759326284494	0.965959865066851	0.999176038581228
HMPRNC0000_1038	cds	0	NA	NA	NA	NA	NA
HMPRNC0000_1039	cds	0.782328628891914	0.393067507087088	2.24246862322311	0.175283392158295	0.860856960881596	0.999176038581228
HMPRNC0000_1040	cds	1.14442297892505	0.863640820483754	1.67658776417687	0.515118169735518	0.606470446591958	0.999176038581228
HMPRNC0000_1041	cds	0.18185393932862	2.08492981639804	4.0804728567969	0.510952992353605	0.609383973154024	0.999176038581228
HMPRNC0000_1042	cds	0.803773659886309	-1.18943594975705	2.36642947087384	-0.502628945589421	0.615225174497508	0.999176038581228
HMPRNC0000_1043	cds	1.57721160515457	0.602913747404253	1.36792263595237	0.440751349205134	0.659393017801504	0.999176038581228
HMPRNC0000_1044	cds	0.581070900439807	-0.0595231282131784	3.01764905173481	-0.019725000221268	0.984262747365158	0.999176038581228
HMPRNC0000_1046	cds	0.30382878682335	-1.08630962190442	4.01328521099381	-0.270678400560376	0.78663839070978	0.999176038581228
HMPRNC0000_1047	cds	0.13499788914313	-0.390180750054008	4.04538587413177	-0.0964508114167845	0.923162538517817	0.999176038581228
HMPRNC0000_1049	cds	0.0941173434018534	0.0734757135446137	4.0691914984833	0.0180565877944059	0.985593710220973	0.999176038581228
HMPRNC0000_1050	cds	2.46068207900173	-0.761006474710002	1.08209747071301	-0.703269802681053	0.481887625747694	0.999176038581228
HMPRNC0000_1051	cds	0.502233881388768	0.00711758100371929	3.28154675161542	0.00216897138528211	0.998269412575767	0.999176038581228
HMPRNC0000_1052	cds	0.161616287973419	-0.555853396389147	4.0364188168111	-0.137709544429359	0.890469975909589	0.999176038581228
HMPRNC0000_1053	cds	0.711945324810265	-0.724292730309375	2.42593742263291	-0.298562000632023	0.765274262748089	0.999176038581228
HMPRNC0000_1054	cds	0.277210387993062	-0.876422720773082	4.02151421999628	-0.21793351280849	0.827480915210617	0.999176038581228
HMPRNC0000_1055	cds	0.572585459847022	-0.674906383902235	2.94937502933254	-0.228830303772854	0.81900081262396	0.999176038581228
HMPRNC0000_1056	cds	0.849827573463479	0.112968791623896	2.10545135622258	0.0536553795413134	0.957209733525629	0.999176038581228
HMPRNC0000_1057	cds	0	NA	NA	NA	NA	NA
HMPRNC0000_1058	cds	2.99499210612623	0.428987106097955	0.980692052913224	0.437433040090021	0.661797327055495	0.999176038581228
HMPRNC0000_1059	cds	0.18185393932862	2.08492981639804	4.0804728567969	0.510952992353605	0.609383973154024	0.999176038581228
HMPRNC0000_1062	cds	0	NA	NA	NA	NA	NA
HMPRNC0000_1063	cds	3.26110304725568	-2.48799769574314	1.21825892165379	-2.0422569057534	0.0411260543923236	0.999176038581228
HMPRNC0000_1064	cds	0.619441510032512	0.51814196167167	2.83139385906051	0.182998899998884	0.85479888171752	0.999176038581228
HMPRNC0000_1065	cds	0.277210387993062	-0.876422720773082	4.02151421999628	-0.21793351280849	0.827480915210617	0.999176038581228
HMPRNC0000_1066	cds	1.34523484547082	-0.403600032425857	1.6732878284209	-0.241201797784388	0.809398717599205	0.999176038581228
HMPRNC0000_1067	cds	0	NA	NA	NA	NA	NA
HMPRNC0000_1068	cds	0	NA	NA	NA	NA	NA
HMPRNC0000_1069	cds	0.0941173434018534	0.0734757135446137	4.0691914984833	0.0180565877944059	0.985593710220973	0.999176038581228
HMPRNC0000_1070	cds	0	NA	NA	NA	NA	NA
HMPRNC0000_1071	cds	0	NA	NA	NA	NA	NA
HMPRNC0000_1072	cds	1.20094937912659	-0.459901581879295	1.73846376375562	-0.264544819091176	0.791360133833478	0.999176038581228
HMPRNC0000_1073	cds	0.486953557037953	1.03975992490238	3.72127078681327	0.279409907117452	0.779930268950701	0.999176038581228
HMPRNC0000_1074	cds	0.513540230244847	-1.88755365684135	3.5002888266488	-0.539256544337372	0.589709849108009	0.999176038581228
HMPRNC0000_1075	cds	0.18185393932862	2.08492981639804	4.0804728567969	0.510952992353605	0.609383973154024	0.999176038581228
HMPRNC0000_1076	cds	3.7285091188375	-0.0138452117862611	0.867786124792839	-0.0159546360453346	0.987270582274909	0.999176038581228
HMPRNC0000_1078	cds	0	NA	NA	NA	NA	NA
HMPRNC0000_1080	cds	0	NA	NA	NA	NA	NA
HMPRNC0000_1081	cds	0	NA	NA	NA	NA	NA
HMPRNC0000_1082	cds	1.24777370368868	-0.777020085843829	1.6090242969372	-0.482913830029103	0.629156921505585	0.999176038581228
HMPRNC0000_1084	cds	0.18185393932862	2.08492981639804	4.0804728567969	0.510952992353605	0.609383973154024	0.999176038581228
HMPRNC0000_1085	cds	0.36370787865724	2.6850212904654	4.06275901479766	0.660886181209819	0.508685308743725	0.999176038581228
HMPRNC0000_1086	cds	2.83129359525105	0.322694268240674	0.98597020393746	0.327286024417369	0.743451561804558	0.999176038581228
HMPRNC0000_1087	cds	0.340617593415349	1.16838616222528	4.07377080120153	0.28680704419617	0.774260068954624	0.999176038581228
HMPRNC0000_1088	cds	0.620712340918495	1.23589117177024	2.67130223314916	0.46265493901574	0.643611722258534	0.999176038581228
HMPRNC0000_1089	cds	0.13499788914313	-0.390180750054008	4.04538587413177	-0.0964508114167845	0.923162538517817	0.999176038581228
HMPRNC0000_1091	cds	0.0941173434018534	0.0734757135446137	4.0691914984833	0.0180565877944059	0.985593710220973	0.999176038581228
HMPRNC0000_1093	cds	3.02939672752224	-0.651807991742125	0.963710217646299	-0.676352683417695	0.498816751165158	0.999176038581228
HMPRNC0000_1094	cds	32.086813185951	-0.113707711869435	0.401117897957617	-0.283477033681129	0.776811184400687	0.999176038581228
HMPRNC0000_1095	cds	24.5095968374391	-0.0782643148093617	0.38685480521535	-0.202309274059022	0.839674950230228	0.999176038581228
HMPRNC0000_1097	cds	3.20749273218763	-0.771547041752004	0.949598210710948	-0.812498415697688	0.416505695290364	0.999176038581228
HMPRNC0000_1098	cds	1.05950729126158	-1.72088501831432	1.85484061539348	-0.927780534905559	0.35352142302069	0.999176038581228
HMPRNC0000_1099	cds	0	NA	NA	NA	NA	NA
HMPRNC0000_1100	cds	0.18185393932862	2.08492981639804	4.0804728567969	0.510952992353605	0.609383973154024	0.999176038581228
HMPRNC0000_1101	cds	0.273118648843784	2.08492981639804	4.0804728567969	0.510952992353605	0.609383973154024	0.999176038581228
HMPRNC0000_1103	cds	0	NA	NA	NA	NA	NA
HMPRNC0000_1104	cds	0.0674989445715651	0.206604289724287	4.07377104429505	0.0507157342614083	0.959552038656348	0.999176038581228
HMPRNC0000_1105	cds	2.17314869366224	0.271942340222698	1.16867859593122	0.232692154343779	0.816000461936292	0.999176038581228
HMPRNC0000_1106	cds	1.0114438614369	-0.379644500378089	1.86479100014511	-0.203585549452215	0.838677386514324	0.999176038581228
HMPRNC0000_1109	cds	0.640949992273697	3.42434078842574	2.94496957813677	1.16277628599215	0.244920280944522	0.999176038581228
HMPRNC0000_1110	cds	0.43882667596648	-1.71071445741578	3.56985433385828	-0.479211277947819	0.631788331840547	0.999176038581228
HMPRNC0000_1111	cds	1.17386228601864	-0.849954181692208	1.7251417068152	-0.492686588199943	0.622234055619796	0.999176038581228
HMPRNC0000_1112	cds	0.784585911594328	-1.06484069730549	2.37635710148951	-0.448097929657983	0.654082522154533	0.999176038581228
HMPRNC0000_1113	cds	0.880776222490484	-1.10961231753709	2.25559194023513	-0.491938412149771	0.62276288251192	0.999176038581228
HMPRNC0000_1114	cds	0.531704914105745	-0.497260701363726	3.14618391305908	-0.158052013202315	0.874415813142968	0.999176038581228
HMPRNC0000_1115	cds	0	NA	NA	NA	NA	NA
HMPRNC0000_1116	cds	4.15320853768461	0.41398262676587	0.798307113571982	0.518575645547648	0.604056696221798	0.999176038581228
HMPRNC0000_1118	cds	0	NA	NA	NA	NA	NA
HMPRNC0000_1119	cds	0.93982145209266	-0.190830118404769	1.96045913288298	-0.0973395033867097	0.922456785767638	0.999176038581228
HMPRNC0000_1120	cds	2.04494568827714	0.0219867478221292	1.15494837440698	0.0190369962063616	0.984811592046551	0.999176038581228
HMPRNC0000_1122	cds	38.5512913486479	-0.440020040085739	0.361515989972144	-1.21715235920725	0.223546252424347	0.999176038581228
HMPRNC0000_1123	cds	0.277242113616457	2.08492981639804	4.0804728567969	0.510952992353605	0.609383973154024	0.999176038581228
HMPRNC0000_1124	cds	1.32165339573533	-2.05571282153196	1.67852015463988	-1.224717389213	0.220681719961816	0.999176038581228
HMPRNC0000_1125	cds	0.802566280247116	1.74254345931106	2.22308509552245	0.783840197040025	0.433133884045309	0.999176038581228
HMPRNC0000_1126	cds	1.37229910620745	0.806189248523213	1.42609819977217	0.565311174680684	0.571862129272728	0.999176038581228
HMPRNC0000_1127	cds	3.24555236966561	-0.245267580237967	0.922333991912015	-0.265920569326002	0.790300383240654	0.999176038581228
HMPRNC0000_1128	cds	2.39381021123784	0.217102746539001	1.0531101233815	0.20615388810611	0.836670706073336	0.999176038581228
HMPRNC0000_1129	cds	0	NA	NA	NA	NA	NA
HMPRNC0000_1130	cds	0.486953557037953	1.03975992490238	3.72127078681327	0.279409907117452	0.779930268950701	0.999176038581228
HMPRNC0000_1131	cds	0.985659324838324	1.07260801767422	1.92365123139833	0.557589650434983	0.577124625325965	0.999176038581228
HMPRNC0000_1132	cds	12.1407961105264	0.115858101880768	0.495965403845755	0.23360117657884	0.8152946142405	0.999176038581228
HMPRNC0000_1133	cds	29.4862859884975	0.0507642808897818	0.420585098716701	0.120699190353332	0.903929300312517	0.999176038581228
HMPRNC0000_1134	cds	37.2713228914843	0.0674889606939085	0.374489098296566	0.1802160890688	0.856982927973382	0.999176038581228
HMPRNC0000_1135	cds	14.7617278093783	-0.380591523000955	0.487716886372985	-0.780353384586102	0.435182898118228	0.999176038581228
HMPRNC0000_1137	cds	0	NA	NA	NA	NA	NA
HMPRNC0000_1138	cds	0	NA	NA	NA	NA	NA
HMPRNC0000_1139	cds	0.18185393932862	2.08492981639804	4.0804728567969	0.510952992353605	0.609383973154024	0.999176038581228
HMPRNC0000_1140	cds	0.0674989445715651	0.206604289724287	4.07377104429505	0.0507157342614083	0.959552038656348	0.999176038581228
HMPRNC0000_1142	cds	0.0674989445715651	0.206604289724287	4.07377104429505	0.0507157342614083	0.959552038656348	0.999176038581228
HMPRNC0000_1143	cds	0.465445074796769	-1.79297691730228	3.42119131438965	-0.524079699887274	0.600223107259448	0.999176038581228
HMPRNC0000_1144	cds	2.65769547871985	1.09500523188752	0.977414297796597	1.1203081787897	0.262582457965771	0.999176038581228
HMPRNC0000_1145	cds	0.249352883900185	1.16838616222527	4.07377080120153	0.28680704419617	0.774260068954625	0.999176038581228
HMPRNC0000_1146	cds	0	NA	NA	NA	NA	NA
HMPRNC0000_1147	cds	0.344741058188022	1.16838616222527	4.07377080120153	0.28680704419617	0.774260068954625	0.999176038581228
HMPRNC0000_1148	cds	2.73836116127246	-0.811554288530384	1.06030266233848	-0.76539870864845	0.4440341616973	0.999176038581228
HMPRNC0000_1149	cds	4.22264580554583	1.15591252138144	0.879370307933518	1.31447754256996	0.1886855506785	0.999176038581228
HMPRNC0000_1150	cds	0.778205164119242	0.386718337385401	2.25038679596846	0.171845274811514	0.863559170780723	0.999176038581228
HMPRNC0000_1151	cds	0	NA	NA	NA	NA	NA
HMPRNC0000_1152	cds	0.0674989445715651	0.206604289724287	4.07377104429505	0.0507157342614083	0.959552038656348	0.999176038581228
HMPRNC0000_1153	cds	4.28063599950656	-0.239071768241221	0.817143153869584	-0.292570239509559	0.769850664271954	0.999176038581228
HMPRNC0000_1154	cds	0.209711443421497	0.073475696645431	4.06919149792316	0.0180565836439331	0.985593713532032	0.999176038581228
HMPRNC0000_1155	cds	1.65279909674147	-0.511674633999114	1.36445821030925	-0.375002055858599	0.707658937692157	0.999176038581228
HMPRNC0000_1157	cds	0.31685182847175	0.571601082552154	4.04538548366963	0.141297061765705	0.887635270700049	0.999176038581228
HMPRNC0000_1158	cds	1.49198494537637	-0.267274758028906	1.41430766020275	-0.188979219691556	0.8501091036059	0.999176038581228
HMPRNC0000_1159	cds	1.97649201751254	1.74590422791176	1.23139215523228	1.41782958458301	0.156240524528275	0.999176038581228
HMPRNC0000_1160	cds	0.803773659886309	-1.18943594975705	2.36642947087384	-0.502628945589421	0.615225174497508	0.999176038581228
HMPRNC0000_1161	cds	0.161616287973419	-0.555853396389147	4.0364188168111	-0.137709544429359	0.890469975909589	0.999176038581228
HMPRNC0000_1162	cds	2.00574121645272	-0.904783327460387	1.21656724887406	-0.743718301062082	0.457046915276088	0.999176038581228
HMPRNC0000_1163	cds	0.18185393932862	2.08492981639804	4.0804728567969	0.510952992353605	0.609383973154024	0.999176038581228
HMPRNC0000_1164	cds	0.13499788914313	-0.390180750054008	4.04538587413177	-0.0964508114167845	0.923162538517817	0.999176038581228
HMPRNC0000_1165	cds	0	NA	NA	NA	NA	NA
HMPRNC0000_1166	cds	0.188234686803707	-0.704491657678831	4.02913046155396	-0.174849552378883	0.861197850866044	0.999176038581228
HMPRNC0000_1167	cds	0.277242113616457	2.08492981639804	4.0804728567969	0.510952992353605	0.609383973154024	0.999176038581228
HMPRNC0000_1168	cds	1.82907442520332	0.451595047960067	1.29214277700621	0.349493148896731	0.726719113341599	0.999176038581228
HMPRNC0000_1169	cds	1.54053465270339	0.082056860148352	1.44296648702187	0.0568667816518101	0.954651315876023	0.999176038581228
HMPRNC0000_1170	cds	0	NA	NA	NA	NA	NA
HMPRNC0000_1173	cds	0	NA	NA	NA	NA	NA
HMPRNC0000_1175	cds	0	NA	NA	NA	NA	NA
HMPRNC0000_1176	cds	0	NA	NA	NA	NA	NA
HMPRNC0000_1177	cds	0.0674989445715651	0.206604289724287	4.07377104429505	0.0507157342614083	0.959552038656348	0.999176038581228
HMPRNC0000_1179	cds	0	NA	NA	NA	NA	NA
HMPRNC0000_1182	cds	0	NA	NA	NA	NA	NA
HMPRNC0000_1183	cds	0	NA	NA	NA	NA	NA
HMPRNC0000_1184	cds	0.13499788914313	-0.390180750054008	4.04538587413177	-0.0964508114167845	0.923162538517817	0.999176038581228
HMPRNC0000_1185	cds	0.0674989445715651	0.206604289724287	4.07377104429505	0.0507157342614083	0.959552038656348	0.999176038581228
HMPRNC0000_1186	cds	0.905105612994964	-1.32894919209951	2.25012929189626	-0.590610147108284	0.554781664422688	0.999176038581228
HMPRNC0000_1187	cds	0	NA	NA	NA	NA	NA
HMPRNC0000_1189	cds	0	NA	NA	NA	NA	NA
HMPRNC0000_1190	cds	0	NA	NA	NA	NA	NA
HMPRNC0000_1191	cds	0	NA	NA	NA	NA	NA
HMPRNC0000_1192	cds	1.17104137775534	0.796250318901558	1.59810416484197	0.498246820463232	0.618310085491051	0.999176038581228
HMPRNC0000_1193	cds	2.58535697079843	-0.230845692835609	1.05495071083719	-0.218821306497262	0.826789248883492	0.999176038581228
HMPRNC0000_1194	cds	0	NA	NA	NA	NA	NA
HMPRNC0000_1195	cds	1.86049176850799	0.26001139388496	1.22415352326993	0.212400968458942	0.831794230294258	0.999176038581228
HMPRNC0000_1197	cds	11.1415084347734	-0.314043371409661	0.542957680891252	-0.578393827847073	0.562998260075181	0.999176038581228
HMPRNC0000_1198	cds	4.34787782728355	-0.32392888435715	0.85998370285088	-0.376668631374424	0.70641987725928	0.999176038581228
HMPRNC0000_1199	cds	1.72075838613727	2.99152296313195	1.46872669789083	2.03681390651367	0.0416686941825672	0.999176038581228
HMPRNC0000_1200	cds	0.479738947331152	0.135850088358282	3.69629858445537	0.0367530071649497	0.970681943559875	0.999176038581228
HMPRNC0000_1201	cds	0.850661435695194	2.42726852711234	2.33503539227074	1.0394996731728	0.298572409985661	0.999176038581228
HMPRNC0000_1203	cds	4.5554307222672	-0.518015453998205	0.796255907169302	-0.650564032661002	0.515327954490249	0.999176038581228
HMPRNC0000_1204	cds	0.397946130225203	-1.55739667387557	3.98880547250892	-0.390441871535034	0.696209830812308	0.999176038581228
HMPRNC0000_1205	cds	0.30382878682335	-1.08630962190442	4.01328521099381	-0.270678400560376	0.78663839070978	0.999176038581228
HMPRNC0000_1206	cds	5.40803858511851	-1.75958094987334	0.856441211620864	-2.0545262488516	0.039924785526807	0.999176038581228
HMPRNC0000_1207	cds	5.70818166520907	0.507064920275844	0.737108067042398	0.687911234387126	0.491508681487381	0.999176038581228
HMPRNC0000_1208	cds	0.0941173434018534	0.0734757135446137	4.0691914984833	0.0180565877944059	0.985593710220973	0.999176038581228
HMPRNC0000_1209	cds	0.412208277136192	-1.62519969741363	3.98514457645005	-0.407814488592871	0.683409875782836	0.999176038581228
HMPRNC0000_1210	cds	3.30509777358188	-1.07963326294963	0.968349765431491	-1.11492076674233	0.264884376737385	0.999176038581228
HMPRNC0000_1211	cds	0.0674989445715651	0.206604289724287	4.07377104429505	0.0507157342614083	0.959552038656348	0.999176038581228
HMPRNC0000_1212	cds	0	NA	NA	NA	NA	NA
HMPRNC0000_1213	cds	0.344741058188022	1.16838616222527	4.07377080120153	0.28680704419617	0.774260068954625	0.999176038581228
HMPRNC0000_1215	cds	0	NA	NA	NA	NA	NA
HMPRNC0000_1217	cds	0	NA	NA	NA	NA	NA
HMPRNC0000_1219	cds	0.161616287973419	-0.555853396389147	4.0364188168111	-0.137709544429359	0.890469975909589	0.999176038581228
HMPRNC0000_1220	cds	0.209711443421497	0.073475696645431	4.06919149792316	0.0180565836439331	0.985593713532032	0.999176038581228
HMPRNC0000_1221	cds	0	NA	NA	NA	NA	NA
HMPRNC0000_1223	cds	0	NA	NA	NA	NA	NA
HMPRNC0000_1224	cds	0	NA	NA	NA	NA	NA
HMPRNC0000_1225	cds	0.249352883900185	1.16838616222527	4.07377080120153	0.28680704419617	0.774260068954625	0.999176038581228
HMPRNC0000_1226	cds	1.60138261312904	-0.578952485911603	1.34449960147644	-0.430608149884043	0.666753314288146	0.999176038581228
HMPRNC0000_1227	cds	0.76413221940762	-2.4427230789709	2.59196591923498	-0.942420986650886	0.345977146686793	0.999176038581228
HMPRNC0000_1228	cds	8.06495817975603	-1.48134619290721	0.711050115042726	-2.08332178220406	0.0372219025606075	0.999176038581228
HMPRNC0000_1229	cds	2.35243759504893	-3.1277833655603	1.42415627598172	-2.19623605801562	0.0280750517405841	0.999176038581228
HMPRNC0000_1230	cds	3.5621832703146	0.0585267962576619	0.895307434066364	0.0653706135241626	0.947878921029559	0.999176038581228
HMPRNC0000_1231	cds	0.412240002759587	0.571601082552154	4.04538548366963	0.141297061765705	0.887635270700049	0.999176038581228
HMPRNC0000_1232	cds	1.48480206129296	0.49478133364984	1.43046324258893	0.345888883348276	0.72942622340546	0.999176038581228
HMPRNC0000_1233	cds	0.371327731394915	-1.45649110697146	3.99456371648222	-0.36461831888217	0.715396338449868	0.999176038581228
HMPRNC0000_1234	cds	2.22702055542852	-0.0613339792831407	1.12265339790607	-0.0546330500558217	0.956430807932297	0.999176038581228
HMPRNC0000_1235	cds	10.2271888654067	-0.71156496313355	0.575161501074877	-1.23715680170484	0.216028875422589	0.999176038581228
HMPRNC0000_1237	cds	0.0941173434018534	0.0734757135446137	4.0691914984833	0.0180565877944059	0.985593710220973	0.999176038581228
HMPRNC0000_1238	cds	0.18185393932862	2.08492981639804	4.0804728567969	0.510952992353605	0.609383973154024	0.999176038581228
HMPRNC0000_1239	cds	0.48568272615197	-0.0916239491096722	3.40778158409023	-0.0268866847386678	0.978550113718666	0.999176038581228
HMPRNC0000_1240	cds	0.647330739748784	1.10129276272841	2.77019751648446	0.397550267147019	0.690961726208896	0.999176038581228
HMPRNC0000_1242	cds	0.161616287973419	-0.555853396389147	4.0364188168111	-0.137709544429359	0.890469975909589	0.999176038581228
HMPRNC0000_1243	cds	1.2413929562136	0.17286409046249	1.53855971138641	0.112354489190881	0.910542339134593	0.999176038581228
HMPRNC0000_1245	cds	1.41686614806713	1.44259908430109	1.506885600654	0.957338157372391	0.33839660175808	0.999176038581228
HMPRNC0000_1246	cds	0.0674989445715651	0.206604289724287	4.07377104429505	0.0507157342614083	0.959552038656348	0.999176038581228
HMPRNC0000_1247	cds	0	NA	NA	NA	NA	NA
HMPRNC0000_1248	cds	0	NA	NA	NA	NA	NA
HMPRNC0000_1249	cds	0.384350773043315	0.1432475264969	4.02398559234531	0.0355984193306741	0.97160256871581	0.999176038581228
HMPRNC0000_1251	cds	0.554420775986123	-2.00973861462741	3.27209285467141	-0.614205862696777	0.539079299732865	0.999176038581228
HMPRNC0000_1252	cds	0.957206469561173	1.42399628835566	1.95164877048945	0.729637581253178	0.46561174411005	0.999176038581228
HMPRNC0000_1253	cds	1.10227160229779	0.612032805117354	1.69734998668282	0.360581382696133	0.718412408771831	0.999176038581228
HMPRNC0000_1254	cds	0.68821128549006	0.819027792622309	2.47163503617467	0.331370845871287	0.740364383702588	0.999176038581228
HMPRNC0000_1255	cds	2.94699188196137	0.0641978864742081	0.955580084075403	0.0671821101591129	0.946436726969387	0.999176038581228
HMPRNC0000_1256	cds	2.05014118580979	-0.634464210550926	1.239807738773	-0.511744031521237	0.608830165483743	0.999176038581228
HMPRNC0000_1257	cds	0.397946130225203	-1.55739667387557	3.98880547250892	-0.390441871535034	0.696209830812308	0.999176038581228
HMPRNC0000_1258	cds	0.873561612783683	-1.21637769639297	2.0943432094752	-0.580791959450507	0.561380674806022	0.999176038581228
HMPRNC0000_1259	cds	0.209711443421497	0.073475696645431	4.06919149792316	0.0180565836439331	0.985593713532032	0.999176038581228
HMPRNC0000_1260	cds	0.644478105862094	2.10335668825848	2.79889373309005	0.751495729684713	0.4523543697877	0.999176038581228
HMPRNC0000_1261	cds	1.81750652964902	-0.671418613081673	1.25288795376129	-0.53589677438115	0.592029893887087	0.999176038581228
HMPRNC0000_1263	cds	0.707178105959279	1.5734926397107	2.57665620091596	0.610672327628088	0.541416529353878	0.999176038581228
HMPRNC0000_1264	cds	0.277242113616457	2.08492981639804	4.0804728567969	0.510952992353605	0.609383973154024	0.999176038581228
HMPRNC0000_1265	cds	0.277210387993062	-0.876422720773082	4.02151421999628	-0.21793351280849	0.827480915210617	0.999176038581228
HMPRNC0000_1267	cds	2.14030213694158	-0.556616631392941	1.14686180982423	-0.485338884445241	0.627435977021712	0.999176038581228
HMPRNC0000_1269	cds	0.0941173434018534	0.0734757135446137	4.0691914984833	0.0180565877944059	0.985593710220973	0.999176038581228
HMPRNC0000_1271	cds	1.37766167624271	0.13140590299461	1.47605798741823	0.0890248920534968	0.929062127661734	0.999176038581228
HMPRNC0000_1272	cds	0	NA	NA	NA	NA	NA
HMPRNC0000_1273	cds	0.296614177116549	-1.22796768159928	4.00832991371171	-0.306353944918216	0.759335170196842	0.999176038581228
HMPRNC0000_1274	cds	1.08491831045268	0.479356290909621	1.76985401322619	0.270845102097333	0.786510169407784	0.999176038581228
HMPRNC0000_1275	cds	0.900211737237366	0.46110442889914	2.06561508555849	0.223228631569792	0.823357569337174	0.999176038581228
HMPRNC0000_1276	cds	0	NA	NA	NA	NA	NA
HMPRNC0000_1277	cds	0.708417211221867	0.299992110284843	2.59645809729581	0.115538976191175	0.90801792878638	0.999176038581228
HMPRNC0000_1278	cds	0.367235992245638	1.03525348243549	4.06919113661017	0.254412596430137	0.799176820507636	0.999176038581228
HMPRNC0000_1279	cds	0	NA	NA	NA	NA	NA
HMPRNC0000_1280	cds	0.454972588172405	2.91228826228434	3.83925761464398	0.758555052720629	0.44811876873297	0.999176038581228
HMPRNC0000_1281	cds	10.5682162184677	0.494112268117181	0.586648812894117	0.842262452862685	0.399641062918447	0.999176038581228
HMPRNC0000_1282	cds	0.648569845011372	-0.445633505002381	2.60761670431947	-0.170896859290784	0.864304866257579	0.999176038581228
HMPRNC0000_1283	cds	1.03412799769388	-2.95065205463225	3.44589696890466	-0.856279825328083	0.3918430177551	0.999176038581228
HMPRNC0000_1285	cds	0.538085661580832	-2.05709619871523	3.34084802499981	-0.615740729096872	0.538065651585272	0.999176038581228
HMPRNC0000_1287	cds	0.0674989445715651	0.206604289724287	4.07377104429505	0.0507157342614083	0.959552038656348	0.999176038581228
HMPRNC0000_1288	cds	0.621951446181083	-0.35286787245099	2.84725981722031	-0.123932445615547	0.901368763088851	0.999176038581228
HMPRNC0000_1289	cds	1.45054077407421	0.301778704845929	1.43746519540461	0.209938095065311	0.833715989145027	0.999176038581228
HMPRNC0000_1290	cds	6.85003035078473	-0.589110585727782	0.692898777284394	-0.850211611047463	0.39520744748052	0.999176038581228
HMPRNC0000_1292	cds	3.82433426177961	-0.268486285457011	0.864955448166784	-0.310404756714407	0.756253177333831	0.999176038581228
HMPRNC0000_1294	cds	0.594062216464812	-0.650967613180321	2.91873011407995	-0.223031108645522	0.82351129503422	0.999176038581228
HMPRNC0000_1295	cds	0.161616287973419	-0.555853396389147	4.0364188168111	-0.137709544429359	0.890469975909589	0.999176038581228
HMPRNC0000_1298	cds	0	NA	NA	NA	NA	NA
HMPRNC0000_1300	cds	0	NA	NA	NA	NA	NA
HMPRNC0000_1301	cds	2.2377090828844	-1.29993775134853	1.19969293863316	-1.08355872530982	0.278560499717459	0.999176038581228
HMPRNC0000_1304	cds	0.161616287973419	-0.555853396389147	4.0364188168111	-0.137709544429359	0.890469975909589	0.999176038581228
HMPRNC0000_1305	cds	0	NA	NA	NA	NA	NA
HMPRNC0000_1306	cds	0.0674989445715651	0.206604289724287	4.07377104429505	0.0507157342614083	0.959552038656348	0.999176038581228
HMPRNC0000_1307	cds	6.9633363484326	0.164917488085507	0.638261518080452	0.258385447679017	0.79610944645135	0.999176038581228
HMPRNC0000_1308	cds	0.738595449263948	1.29797088937352	2.53428528919768	0.512164472921055	0.608535905058588	0.999176038581228
HMPRNC0000_1310	cds	0	NA	NA	NA	NA	NA
HMPRNC0000_1311	cds	0	NA	NA	NA	NA	NA
HMPRNC0000_1312	cds	2.17133636691213	-0.998128956336697	1.27036414904714	-0.785703026242799	0.432041489890948	0.999176038581228
HMPRNC0000_1313	cds	1.96253993676224	-1.81525189716125	1.38606064989788	-1.30964824468179	0.190314859554419	0.999176038581228
HMPRNC0000_1314	cds	0	NA	NA	NA	NA	NA
HMPRNC0000_1315	cds	1.13425257116334	-0.380649348676095	1.73690502964342	-0.219153806442855	0.826530237875035	0.999176038581228
HMPRNC0000_1316	cds	1.0388961224989	0.894654427018126	1.86510548531793	0.47968033661411	0.631454711931567	0.999176038581228
HMPRNC0000_1317	cds	1.05188743852391	0.300072941266057	1.80128538229132	0.166588228726061	0.867694056383738	0.999176038581228
HMPRNC0000_1318	cds	1.99425055238853	0.484041355861718	1.14023498774348	0.424510176467776	0.671193785285655	0.999176038581228
HMPRNC0000_1319	cds	1.11653374920878	0.483650105041295	1.74089710478025	0.277816594509384	0.781153151880449	0.999176038581228
HMPRNC0000_1320	cds	57.2966679996736	0.272225716320899	0.530413822952288	0.513232695946135	0.607788557375716	0.999176038581228
HMPRNC0000_1321	cds	7.34140643786226	0.838949065039321	0.667766453167749	1.25635102071917	0.208988731309577	0.999176038581228
HMPRNC0000_1322	cds	0.37135945701831	1.03525348243549	4.06919113661017	0.254412596430137	0.799176820507636	0.999176038581228
HMPRNC0000_1323	cds	1.02185278024605	1.79802821921167	3.92803756663091	0.45774211389578	0.647137727850811	0.999176038581228
HMPRNC0000_1324	cds	0.459096052945077	2.92286995476983	3.81315572255548	0.766522578000302	0.443365422890394	0.999176038581228
HMPRNC0000_1325	cds	0.209711443421497	0.073475696645431	4.06919149792316	0.0180565836439331	0.985593713532032	0.999176038581228
HMPRNC0000_1326	cds	0.275971282730474	1.03525348243549	4.06919113661017	0.254412596430137	0.799176820507636	0.999176038581228
HMPRNC0000_1327	cds	1.07605844649838	-1.67895854531138	1.85136193443225	-0.906877533822832	0.364471562828103	0.999176038581228
HMPRNC0000_1328	cds	0.736274715314744	-1.00105021078301	2.52493602259398	-0.396465574503779	0.691761599164197	0.999176038581228
HMPRNC0000_1330	cds	0	NA	NA	NA	NA	NA
HMPRNC0000_1331	cds	0.617827981408411	-0.353445992498206	2.85938876710094	-0.123608932288195	0.901624919787626	0.999176038581228
HMPRNC0000_1332	cds	0.465445074796769	-1.79297691730228	3.42119131438965	-0.524079699887274	0.600223107259448	0.999176038581228
HMPRNC0000_1333	cds	0	NA	NA	NA	NA	NA
HMPRNC0000_1334	cds	3.77939370251245	0.553985672266488	0.856269377587644	0.646975924594226	0.517647525262983	0.999176038581228
HMPRNC0000_1336	cds	0.277210387993062	-0.876422720773082	4.02151421999628	-0.21793351280849	0.827480915210617	0.999176038581228
HMPRNC0000_1337	cds	0	NA	NA	NA	NA	NA
HMPRNC0000_1338	cds	0.344709332564627	-1.34828986642279	4.00117473845603	-0.336973502672634	0.736136874923194	0.999176038581228
HMPRNC0000_1339	cds	4.34865783419512	0.331342057263674	0.790771722162187	0.419011009090833	0.675208086575926	0.999176038581228
HMPRNC0000_1340	cds	4.99395543593945	-1.46234789583575	0.834353788322817	-1.7526712484584	0.079658453653227	0.999176038581228
HMPRNC0000_1341	cds	2.28577251270908	-2.09951351576481	1.33045586996109	-1.57804070256476	0.114556259342749	0.999176038581228
HMPRNC0000_1342	cds	0.26999577828626	-1.13227772519872	4.01162701296415	-0.282249003095154	0.777752586031698	0.999176038581228
HMPRNC0000_1343	cds	0	NA	NA	NA	NA	NA
HMPRNC0000_1344	cds	0	NA	NA	NA	NA	NA
HMPRNC0000_1345	cds	0.249352883900185	1.16838616222527	4.07377080120153	0.28680704419617	0.774260068954625	0.999176038581228
HMPRNC0000_1346	cds	0.545561817985861	3.21968714575771	3.62397994676981	0.888439559006814	0.374304354115495	0.999176038581228
HMPRNC0000_1347	cds	0.952398631834722	-1.27263611803882	2.02831439814926	-0.627435332116185	0.530373913586019	0.999176038581228
HMPRNC0000_1348	cds	0.438858401589875	0.403528698527249	3.63974235542171	0.110867379919394	0.911721513148673	0.999176038581228
HMPRNC0000_1349	cds	1.4684894171036	1.01958074066011	1.44587632996826	0.705164556281581	0.480707835745985	0.999176038581228
HMPRNC0000_1350	cds	0.545561817985861	3.21968714575771	3.62397994676981	0.888439559006814	0.374304354115495	0.999176038581228
HMPRNC0000_1351	cds	2.52789308710936	0.805226884565485	1.80727118485032	0.445548455215465	0.65592345087728	0.999176038581228
HMPRNC0000_1352	cds	4.54019982333289	-1.57309516797264	0.912456428718029	-1.7240222310481	0.0847038299531195	0.999176038581228
HMPRNC0000_1353	cds	0.758801374995755	0.85483794998993	2.37906434795012	0.359316867879797	0.719358057036018	0.999176038581228
HMPRNC0000_1354	cds	1.00338704004495	2.88916792422951	3.69485716159853	0.781943062442921	0.434248036046374	0.999176038581228
HMPRNC0000_1355	cds	1.16211007525622	-1.6197666831873	1.83738730301368	-0.881559745476938	0.378014931805043	0.999176038581228
HMPRNC0000_1356	cds	0.275971282730474	1.03525348243549	4.06919113661017	0.254412596430137	0.799176820507636	0.999176038581228
HMPRNC0000_1358	cds	0	NA	NA	NA	NA	NA
HMPRNC0000_1359	cds	1.16977054686936	0.373203621847681	1.60632660981015	0.232333586188794	0.816278928022351	0.999176038581228
HMPRNC0000_1361	cds	0	NA	NA	NA	NA	NA
HMPRNC0000_1362	cds	0.188234686803707	-0.704491657678831	4.02913046155396	-0.174849552378883	0.861197850866044	0.999176038581228
HMPRNC0000_1363	cds	0.37135945701831	1.03525348243549	4.06919113661017	0.254412596430137	0.799176820507636	0.999176038581228
HMPRNC0000_1364	cds	0.229115232544984	-0.939593060227072	4.01891957668391	-0.233792451503184	0.815146110026782	0.999176038581228
HMPRNC0000_1365	cds	0.18185393932862	2.08492981639804	4.0804728567969	0.510952992353605	0.609383973154024	0.999176038581228
HMPRNC0000_1366	cds	1.56375994430532	-2.49294083713863	1.57217709438899	-1.58566159374526	0.112816095848741	0.999176038581228
HMPRNC0000_1367	cds	1.43791428548408	-1.15377950313059	1.55422928998751	-0.742348320523454	0.45787632243167	0.999176038581228
HMPRNC0000_1368	cds	7.32770212356687	0.0751651069367116	0.620904794662149	0.121057378817007	0.903645587601576	0.999176038581228
HMPRNC0000_1369	cds	0.161616287973419	-0.555853396389147	4.0364188168111	-0.137709544429359	0.890469975909589	0.999176038581228
HMPRNC0000_1370	cds	0.161616287973419	-0.555853396389147	4.0364188168111	-0.137709544429359	0.890469975909589	0.999176038581228
HMPRNC0000_1371	cds	0	NA	NA	NA	NA	NA
HMPRNC0000_1372	cds	0.50635734616144	0.00660413530408324	3.26328960671201	0.0020237662297884	0.998385269272801	0.999176038581228
HMPRNC0000_1373	cds	0.0674989445715651	0.206604289724287	4.07377104429505	0.0507157342614083	0.959552038656348	0.999176038581228
HMPRNC0000_1374	cds	0.52247153274397	1.99520625992709	3.22767228926179	0.618156392941434	0.536472251954096	0.999176038581228
HMPRNC0000_1376	cds	0	NA	NA	NA	NA	NA
HMPRNC0000_1377	cds	1.42348540658966	1.22476297831028	1.55361796579969	0.788329567030888	0.430503957322657	0.999176038581228
HMPRNC0000_1379	cds	9.38361055700793	-0.718267762338492	0.610504332599056	-1.17651542173446	0.239388973503902	0.999176038581228
HMPRNC0000_1380	cds	0	NA	NA	NA	NA	NA
HMPRNC0000_1381	cds	0	NA	NA	NA	NA	NA
HMPRNC0000_1382	cds	0	NA	NA	NA	NA	NA
HMPRNC0000_1383	cds	0	NA	NA	NA	NA	NA
HMPRNC0000_1384	cds	0	NA	NA	NA	NA	NA
HMPRNC0000_1385	cds	0	NA	NA	NA	NA	NA
HMPRNC0000_1386	cds	0	NA	NA	NA	NA	NA
HMPRNC0000_1387	cds	0	NA	NA	NA	NA	NA
HMPRNC0000_1388	cds	0	NA	NA	NA	NA	NA
HMPRNC0000_1389	cds	0	NA	NA	NA	NA	NA
HMPRNC0000_1390	cds	0	NA	NA	NA	NA	NA
HMPRNC0000_1391	cds	0	NA	NA	NA	NA	NA
HMPRNC0000_1392	cds	0	NA	NA	NA	NA	NA
HMPRNC0000_1393	cds	0	NA	NA	NA	NA	NA
HMPRNC0000_1394	cds	0	NA	NA	NA	NA	NA
HMPRNC0000_1395	cds	0	NA	NA	NA	NA	NA
HMPRNC0000_1396	cds	0	NA	NA	NA	NA	NA
HMPRNC0000_1397	cds	0	NA	NA	NA	NA	NA
HMPRNC0000_1398	cds	0	NA	NA	NA	NA	NA
HMPRNC0000_1399	cds	0	NA	NA	NA	NA	NA
HMPRNC0000_1400	cds	0	NA	NA	NA	NA	NA
HMPRNC0000_1401	cds	0	NA	NA	NA	NA	NA
HMPRNC0000_1402	cds	0	NA	NA	NA	NA	NA
HMPRNC0000_1403	cds	0	NA	NA	NA	NA	NA
HMPRNC0000_1404	cds	0	NA	NA	NA	NA	NA
HMPRNC0000_1405	cds	0	NA	NA	NA	NA	NA
HMPRNC0000_1406	cds	0	NA	NA	NA	NA	NA
HMPRNC0000_1407	cds	0	NA	NA	NA	NA	NA
HMPRNC0000_1410	cds	0	NA	NA	NA	NA	NA
HMPRNC0000_1411	cds	0.249352883900185	1.16838616222527	4.07377080120153	0.28680704419617	0.774260068954625	0.999176038581228
HMPRNC0000_1412	cds	0.0674989445715651	0.206604289724287	4.07377104429505	0.0507157342614083	0.959552038656348	0.999176038581228
HMPRNC0000_1413	cds	0	NA	NA	NA	NA	NA
HMPRNC0000_1414	cds	0	NA	NA	NA	NA	NA
HMPRNC0000_1415	cds	0.461353335647491	0.257373489777121	3.82013999014928	0.067372790117847	0.946284930298755	0.999176038581228
HMPRNC0000_1416	cds	0	NA	NA	NA	NA	NA
HMPRNC0000_1417	cds	0.344709332564627	-1.34828986642279	4.00117473845603	-0.336973502672634	0.736136874923194	0.999176038581228
HMPRNC0000_1419	cds	0.0674989445715651	0.206604289724287	4.07377104429505	0.0507157342614083	0.959552038656348	0.999176038581228
HMPRNC0000_1420	cds	0.13499788914313	-0.390180750054008	4.04538587413177	-0.0964508114167845	0.923162538517817	0.999176038581228
HMPRNC0000_1421	cds	0.887823759694672	-1.27655174165137	2.22347331316305	-0.574125056547402	0.565883178724808	0.999176038581228
HMPRNC0000_1422	cds	0.0941173434018534	0.0734757135446137	4.0691914984833	0.0180565877944059	0.985593710220973	0.999176038581228
HMPRNC0000_1423	cds	0.546237297687569	3.14307071803773	3.6422420151999	0.8629494429313	0.388165264521785	0.999176038581228
HMPRNC0000_1424	cds	0.658821403812974	-2.34392976510294	3.14734462402737	-0.744732479312554	0.456433460301344	0.999176038581228
HMPRNC0000_1425	cds	0.202496833714695	-0.818534920119212	4.02398586373273	-0.203413965117642	0.838811485397652	0.999176038581228
HMPRNC0000_1426	cds	1.05671810862168	1.53264328451672	1.84336476899843	0.831437873985982	0.405726310766119	0.999176038581228
HMPRNC0000_1427	cds	0.296614177116549	-1.22796768159928	4.00832991371171	-0.306353944918216	0.759335170196842	0.999176038581228
HMPRNC0000_1428	cds	1.07974494261678	-0.670200510252534	1.83473511902822	-0.365284614275825	0.714898962115747	0.999176038581228
HMPRNC0000_1430	cds	3.77557251988189	0.465996650987201	0.889506932204206	0.523881977886847	0.600360630467992	0.999176038581228
HMPRNC0000_1431	cds	0.410969171873604	0.0185181048618961	3.79271739121293	0.00488254276598602	0.996104309987937	0.999176038581228
HMPRNC0000_1432	cds	0	NA	NA	NA	NA	NA
HMPRNC0000_1433	cds	0.457825222059094	1.6413076419558	3.84184838266768	0.427218223748881	0.669220389015404	0.999176038581228
HMPRNC0000_1434	cds	1.24904453457467	-0.461000080032614	1.64662562327782	-0.279966540976651	0.779503175192419	0.999176038581228
HMPRNC0000_1436	cds	3.09193834508942	-1.19519053297298	1.0288963966521	-1.16162379114358	0.245388313804468	0.999176038581228
HMPRNC0000_1437	cds	0	NA	NA	NA	NA	NA
HMPRNC0000_1438	cds	0.0674989445715651	0.206604289724287	4.07377104429505	0.0507157342614083	0.959552038656348	0.999176038581228
HMPRNC0000_1439	cds	9.1083246697537	-0.692128905278595	0.585950937573549	-1.1812062425307	0.237520801992923	0.999176038581228
HMPRNC0000_1440	cds	0.43882667596648	-1.71071445741578	3.56985433385828	-0.479211277947819	0.631788331840547	0.999176038581228
HMPRNC0000_1442	cds	0.802534554623721	-0.0531951091789366	2.23076194255562	-0.0238461613335553	0.980975319085184	0.999176038581228
HMPRNC0000_1443	cds	0.997181714525909	-0.301732246331374	1.93793217509233	-0.155698042588616	0.876271040142274	0.999176038581228
HMPRNC0000_1444	cds	0	NA	NA	NA	NA	NA
HMPRNC0000_1445	cds	0	NA	NA	NA	NA	NA
HMPRNC0000_1447	cds	0.161616287973419	-0.555853396389147	4.0364188168111	-0.137709544429359	0.890469975909589	0.999176038581228
HMPRNC0000_1448	cds	1.49960479811404	-2.17891698458441	1.60645056099364	-1.35635483437267	0.174986296417933	0.999176038581228
HMPRNC0000_1449	cds	10.6619225557507	-1.64123526060052	0.595440719629263	-2.75633695596499	0.0058452746314133	0.999176038581228
HMPRNC0000_1450	cds	0.819085709860518	0.188279648520358	2.18225150566102	0.0862777035698854	0.931245662347933	0.999176038581228
HMPRNC0000_1451	cds	0.344741058188022	1.16838616222527	4.07377080120153	0.28680704419617	0.774260068954625	0.999176038581228
HMPRNC0000_1452	cds	2.74033985785061	-0.187045093774844	1.01899583786173	-0.183558251000652	0.854360017395925	0.999176038581228
HMPRNC0000_1454	cds	0.478468116445169	-0.28333886318028	3.38785968474259	-0.0836335886212503	0.933347760621079	0.999176038581228
HMPRNC0000_1455	cds	0.390731520518402	-1.60383726551479	3.98628048100216	-0.402339291767944	0.687434341594946	0.999176038581228
HMPRNC0000_1457	cds	1.92516980481626	1.19972331067272	1.29160693015473	0.928861004585193	0.352961124323709	0.999176038581228
HMPRNC0000_1458	cds	0	NA	NA	NA	NA	NA
HMPRNC0000_1459	cds	0.881555888882871	-1.50697812540903	2.20109025376007	-0.68465076469931	0.493564324846084	0.999176038581228
HMPRNC0000_1460	cds	1.58795432844976	0.352004319264216	1.3608024363703	0.258674080716027	0.795886719644785	0.999176038581228
HMPRNC0000_1461	cds	0	NA	NA	NA	NA	NA
HMPRNC0000_1462	cds	0.37135945701831	1.03525348243549	4.06919113661017	0.254412596430137	0.799176820507636	0.999176038581228
HMPRNC0000_1463	cds	0.634108899974374	-2.32106633473013	2.94424965239798	-0.788338832897444	0.430498538868156	0.999176038581228
HMPRNC0000_1464	cds	0.538085661580832	-2.05709619871523	3.34084802499981	-0.615740729096872	0.538065651585272	0.999176038581228
HMPRNC0000_1465	cds	0.343470227302039	0.405928597437925	4.03641847302418	0.100566529499057	0.919894567554434	0.999176038581228
HMPRNC0000_1466	cds	0.209711443421497	0.073475696645431	4.06919149792316	0.0180565836439331	0.985593713532032	0.999176038581228
HMPRNC0000_1467	cds	0.367235992245638	1.03525348243549	4.06919113661017	0.254412596430137	0.799176820507636	0.999176038581228
HMPRNC0000_1468	cds	0.0674989445715651	0.206604289724287	4.07377104429505	0.0507157342614083	0.959552038656348	0.999176038581228
HMPRNC0000_1469	cds	0	NA	NA	NA	NA	NA
HMPRNC0000_1470	cds	0	NA	NA	NA	NA	NA
HMPRNC0000_1471	cds	0	NA	NA	NA	NA	NA
HMPRNC0000_1472	cds	0	NA	NA	NA	NA	NA
HMPRNC0000_1473	cds	0	NA	NA	NA	NA	NA
HMPRNC0000_1474	cds	0.209711443421497	0.073475696645431	4.06919149792316	0.0180565836439331	0.985593713532032	0.999176038581228
HMPRNC0000_1475	cds	0.765182122470841	-0.885337141656187	2.47527989982548	-0.357671527053812	0.720589143466145	0.999176038581228
HMPRNC0000_1476	cds	0.499111010831244	-1.96595756429147	3.52444483142852	-0.557806309453461	0.576976653794269	0.999176038581228
HMPRNC0000_1477	cds	0	NA	NA	NA	NA	NA
HMPRNC0000_1478	cds	0	NA	NA	NA	NA	NA
HMPRNC0000_1479	cds	0	NA	NA	NA	NA	NA
HMPRNC0000_1480	cds	0	NA	NA	NA	NA	NA
HMPRNC0000_1481	cds	0	NA	NA	NA	NA	NA
HMPRNC0000_1482	cds	0.0941173434018534	0.0734757135446137	4.0691914984833	0.0180565877944059	0.985593710220973	0.999176038581228
HMPRNC0000_1483	cds	0	NA	NA	NA	NA	NA
HMPRNC0000_1486	cds	0	NA	NA	NA	NA	NA
HMPRNC0000_1487	cds	0	NA	NA	NA	NA	NA
HMPRNC0000_1488	cds	0	NA	NA	NA	NA	NA
HMPRNC0000_1490	cds	0.0941173434018534	0.0734757135446137	4.0691914984833	0.0180565877944059	0.985593710220973	0.999176038581228
HMPRNC0000_1492	cds	0	NA	NA	NA	NA	NA
HMPRNC0000_1495	cds	0.0941173434018534	0.0734757135446137	4.0691914984833	0.0180565877944059	0.985593710220973	0.999176038581228
HMPRNC0000_1496	cds	0.532944019368334	-1.99863258561767	3.06857431118854	-0.65132285645823	0.514838096982279	0.999176038581228
HMPRNC0000_1497	cds	2.25335970776748	1.2655581881138	1.17479903467979	1.07725504597366	0.281366339521593	0.999176038581228
HMPRNC0000_1498	cds	0	NA	NA	NA	NA	NA
HMPRNC0000_1501	cds	0.273118648843784	2.08492981639804	4.0804728567969	0.510952992353605	0.609383973154024	0.999176038581228
HMPRNC0000_1502	cds	0.18185393932862	2.08492981639804	4.0804728567969	0.510952992353605	0.609383973154024	0.999176038581228
HMPRNC0000_1503	cds	0.0941173434018534	0.0734757135446137	4.0691914984833	0.0180565877944059	0.985593710220973	0.999176038581228
HMPRNC0000_1504	cds	0.408116537986915	0.571601082552154	4.04538548366963	0.141297061765705	0.887635270700049	0.999176038581228
HMPRNC0000_1505	cds	0	NA	NA	NA	NA	NA
HMPRNC0000_1507	cds	0	NA	NA	NA	NA	NA
HMPRNC0000_1508	cds	0.889707524989608	1.86763586262806	2.08679086580397	0.894979891484487	0.370797837361627	0.999176038581228
HMPRNC0000_1509	cds	7.95923638967266	-1.72308303360007	0.733644703930146	-2.34866144929485	0.0188410290752474	0.999176038581228
HMPRNC0000_1510	cds	0.412208277136192	-1.62519969741363	3.98514457645005	-0.407814488592871	0.683409875782836	0.999176038581228
HMPRNC0000_1511	cds	0.993342628822788	2.00493455458344	2.06160008041463	0.972513812756648	0.330794996584149	0.999176038581228
HMPRNC0000_1512	cds	0.0941173434018534	0.0734757135446137	4.0691914984833	0.0180565877944059	0.985593710220973	0.999176038581228
HMPRNC0000_1513	cds	1.85543127733538	-1.50501872626754	1.39630253720608	-1.07786005264947	0.281096215010166	0.999176038581228
HMPRNC0000_1514	cds	0.52247153274397	1.99520625992709	3.22767228926179	0.618156392941434	0.536472251954096	0.999176038581228
HMPRNC0000_1515	cds	0.275971282730474	1.03525348243549	4.06919113661017	0.254412596430137	0.799176820507636	0.999176038581228
HMPRNC0000_1516	cds	0.0941173434018534	0.0734757135446137	4.0691914984833	0.0180565877944059	0.985593710220973	0.999176038581228
HMPRNC0000_1517	cds	0.188234686803707	-0.704491657678831	4.02913046155396	-0.174849552378883	0.861197850866044	0.999176038581228
HMPRNC0000_1518	cds	1.17516484252801	0.797653965779288	1.63983723671666	0.486422644832958	0.626667538421416	0.999176038581228
HMPRNC0000_1519	cds	1.41956039942381	-0.11380023808226	1.42752987810896	-0.0797182880914619	0.936461313950412	0.999176038581228
HMPRNC0000_1520	cds	5.84579240908202	-0.34452529059932	0.723188730689	-0.476397482398658	0.633791227936427	0.999176038581228
HMPRNC0000_1522	cds	1.13549167642593	-1.57678472524118	1.85288654202869	-0.850988276656586	0.394775865101945	0.999176038581228
HMPRNC0000_1523	cds	0.0941173434018534	0.0734757135446137	4.0691914984833	0.0180565877944059	0.985593710220973	0.999176038581228
HMPRNC0000_1524	cds	0.255733631375272	-1.05099511726465	4.01459304671967	-0.261793687438237	0.793480506083901	0.999176038581228
HMPRNC0000_1525	cds	0.408116537986915	0.571601082552154	4.04538548366963	0.141297061765705	0.887635270700049	0.999176038581228
HMPRNC0000_1526	cds	0.340617593415349	1.16838616222528	4.07377080120153	0.28680704419617	0.774260068954624	0.999176038581228
HMPRNC0000_1527	cds	0	NA	NA	NA	NA	NA
HMPRNC0000_1530	cds	0.188234686803707	-0.704491657678831	4.02913046155396	-0.174849552378883	0.861197850866044	0.999176038581228
HMPRNC0000_1531	cds	0.344709332564627	-1.34828986642279	4.00117473845603	-0.336973502672634	0.736136874923194	0.999176038581228
HMPRNC0000_1532	cds	0.0941173434018534	0.0734757135446137	4.0691914984833	0.0180565877944059	0.985593710220973	0.999176038581228
HMPRNC0000_1533	cds	0.899225285420935	2.79576377595658	2.36431047481103	1.18248588996334	0.237012960951516	0.999176038581228
HMPRNC0000_1534	cds	0.87771680317975	0.570044669755169	2.18168734646802	0.261286141975396	0.793871852586214	0.999176038581228
HMPRNC0000_1535	cds	0.821938343747208	-0.282353414686493	2.27301854776856	-0.124219582353906	0.901141417845497	0.999176038581228
HMPRNC0000_1536	cds	0.50635734616144	0.00660413530408324	3.26328960671201	0.0020237662297884	0.998385269272801	0.999176038581228
HMPRNC0000_1537	cds	0.667973634134859	-0.691809471924109	2.65175237959136	-0.260887659514694	0.794179141668393	0.999176038581228
HMPRNC0000_1538	cds	0.277242113616457	2.08492981639804	4.0804728567969	0.510952992353605	0.609383973154024	0.999176038581228
HMPRNC0000_1539	cds	0	NA	NA	NA	NA	NA
HMPRNC0000_1540	cds	0	NA	NA	NA	NA	NA
HMPRNC0000_1541	cds	1.10639506707047	0.616459955222716	1.69396718120556	0.363914934163008	0.715921532354958	0.999176038581228
HMPRNC0000_1543	cds	7.31501288640451	-0.402561145428426	0.653268887458804	-0.616225804039706	0.537745500076316	0.999176038581228
HMPRNC0000_1546	cds	0.492063473627057	-1.87500160583191	3.59245334019418	-0.521927893914013	0.601720536051298	0.999176038581228
HMPRNC0000_1547	cds	1.19413166299723	1.4034414151229	1.64333079936462	0.854022461981195	0.39309254380907	0.999176038581228
HMPRNC0000_1548	cds	1.08104749912616	1.20405821339852	1.82332033096028	0.660365703685422	0.509019175516471	0.999176038581228
HMPRNC0000_1549	cds	1.67457781565349	1.8504029880528	1.40440648945196	1.31756938034008	0.187647841339747	0.999176038581228
HMPRNC0000_1550	cds	0.742687188413225	-0.802483189081577	2.36775657063459	-0.338921322839577	0.734669000821646	0.999176038581228
HMPRNC0000_1551	cds	2.16822309228125	0.23926087064263	1.10502403267448	0.216520965669452	0.828581684498133	0.999176038581228
HMPRNC0000_1552	cds	0.937564169390246	0.972500549647156	1.95048934832435	0.498593109715068	0.618066060211028	0.999176038581228
HMPRNC0000_1553	cds	0.0674989445715651	0.206604289724287	4.07377104429505	0.0507157342614083	0.959552038656348	0.999176038581228
HMPRNC0000_1554	cds	0.0674989445715651	0.206604289724287	4.07377104429505	0.0507157342614083	0.959552038656348	0.999176038581228
HMPRNC0000_1556	cds	1.87096425513235	-1.34897199529591	1.39070345584895	-0.96999255277785	0.332050204247855	0.999176038581228
HMPRNC0000_1557	cds	1.08742824660125	-0.0193693166362344	1.80276124688492	-0.0107442495059751	0.991427494135524	0.999176038581228
HMPRNC0000_1558	cds	0.482830092265281	1.03943466107912	3.74363423654236	0.277653904041424	0.781278048910458	0.999176038581228
HMPRNC0000_1559	cds	0.945215747751315	0.280712244988166	2.05319932881571	0.136719431498198	0.891252569647367	0.999176038581228
HMPRNC0000_1560	cds	14.6286192328884	-0.220554907908197	0.462157882324868	-0.477228489101396	0.633199426495889	0.999176038581228
HMPRNC0000_1563	cds	0	NA	NA	NA	NA	NA
HMPRNC0000_1564	cds	0.161616287973419	-0.555853396389147	4.0364188168111	-0.137709544429359	0.890469975909589	0.999176038581228
HMPRNC0000_1566	cds	1.92319176860517	0.291580370425645	1.20982860130451	0.241009652203002	0.80954763562345	0.999176038581228
HMPRNC0000_1567	cds	1.52628664819112	0.132885863194655	1.43711890619799	0.0924668533839099	0.926327125533059	0.999176038581228
HMPRNC0000_1569	cds	0	NA	NA	NA	NA	NA
HMPRNC0000_1570	cds	0.28235203020556	-1.15399669865347	4.01086057678509	-0.287717978862896	0.773562626562005	0.999176038581228
HMPRNC0000_1571	cds	0.344741058188022	1.16838616222527	4.07377080120153	0.28680704419617	0.774260068954625	0.999176038581228
HMPRNC0000_1573	cds	0	NA	NA	NA	NA	NA
HMPRNC0000_1575	cds	2.52364342251768	-1.09249259152434	1.17224755690006	-0.931964059207229	0.351355099869815	0.999176038581228
HMPRNC0000_1576	cds	0.41734991934869	-1.69178704981848	3.98170449103615	-0.424890157877646	0.670916749730322	0.999176038581228
HMPRNC0000_1577	cds	0.255733631375272	-1.05099511726465	4.01459304671967	-0.261793687438237	0.793480506083901	0.999176038581228
HMPRNC0000_1578	cds	1.49201667099976	0.68319090042033	1.38198411818961	0.494355102513989	0.621055416192667	0.999176038581228
HMPRNC0000_1580	cds	0.667973634134859	-0.691809471924109	2.65175237959136	-0.260887659514694	0.794179141668393	0.999176038581228
HMPRNC0000_1581	cds	0.46420596953418	-0.194448493955942	3.80068150302459	-0.0511614808557886	0.959196845449972	0.999176038581228
HMPRNC0000_1582	cds	0.0941173434018534	0.0734757135446137	4.0691914984833	0.0180565877944059	0.985593710220973	0.999176038581228
HMPRNC0000_1583	cds	0.755678504438231	-1.15726827788521	2.31204024413644	-0.500539850385455	0.616695003563784	0.999176038581228
HMPRNC0000_1584	cds	0.937802680437686	2.56317392566332	2.20024574136561	1.16494893160091	0.244039665079326	0.999176038581228
HMPRNC0000_1585	cds	0.18185393932862	2.08492981639804	4.0804728567969	0.510952992353605	0.609383973154024	0.999176038581228
HMPRNC0000_1587	cds	0.18185393932862	2.08492981639804	4.0804728567969	0.510952992353605	0.609383973154024	0.999176038581228
HMPRNC0000_1588	cds	6.07249288234862	0.328539897432626	0.684083797668393	0.480262649915712	0.631040643629482	0.999176038581228
HMPRNC0000_1589	cds	0.830423784339992	0.441163734828286	2.11403607312771	0.208683163185378	0.83469558460063	0.999176038581228
HMPRNC0000_1590	cds	2.66686540883483	-0.55655887722175	1.02745022175253	-0.541689383523054	0.588032504546288	0.999176038581228
HMPRNC0000_1591	cds	3.07940260346582	-1.43375279927813	1.70248037544044	-0.842155257682316	0.399701054368782	0.999176038581228
HMPRNC0000_1592	cds	0	NA	NA	NA	NA	NA
HMPRNC0000_1593	cds	0.0674989445715651	0.206604289724287	4.07377104429505	0.0507157342614083	0.959552038656348	0.999176038581228
HMPRNC0000_1595	cds	0.0941173434018534	0.0734757135446137	4.0691914984833	0.0180565877944059	0.985593710220973	0.999176038581228
HMPRNC0000_1596	cds	1.56564370960026	-0.578383149846494	1.40904807772518	-0.41047793825478	0.681455383931144	0.999176038581228
HMPRNC0000_1597	cds	0.209711443421497	0.073475696645431	4.06919149792316	0.0180565836439331	0.985593713532032	0.999176038581228
HMPRNC0000_1598	cds	0	NA	NA	NA	NA	NA
HMPRNC0000_1599	cds	0.277242113616457	2.08492981639804	4.0804728567969	0.510952992353605	0.609383973154024	0.999176038581228
HMPRNC0000_1600	cds	0.458230465089967	-1.83489567099496	3.73945412759872	-0.49068543385856	0.623648950358709	0.999176038581228
HMPRNC0000_1601	cds	0	NA	NA	NA	NA	NA
HMPRNC0000_1602	cds	0	NA	NA	NA	NA	NA
HMPRNC0000_1604	cds	0	NA	NA	NA	NA	NA
HMPRNC0000_1605	cds	0	NA	NA	NA	NA	NA
HMPRNC0000_1606	cds	0	NA	NA	NA	NA	NA
HMPRNC0000_1607	cds	0	NA	NA	NA	NA	NA
HMPRNC0000_1608	cds	1.37350648584664	-0.948523639544667	1.56212729519522	-0.607199965369101	0.543718215231316	0.999176038581228
HMPRNC0000_1609	cds	0.559562418198622	-2.06634755329394	2.98678628865799	-0.691829730550417	0.489044263622889	0.999176038581228
HMPRNC0000_1610	cds	1.19765977658563	0.730476085435839	1.58291836616606	0.461474262381013	0.644458382706539	0.999176038581228
HMPRNC0000_1611	cds	0.486953557037953	1.03975992490238	3.72127078681327	0.279409907117452	0.779930268950701	0.999176038581228
HMPRNC0000_1612	cds	0.0941173434018534	0.0734757135446137	4.0691914984833	0.0180565877944059	0.985593710220973	0.999176038581228
HMPRNC0000_1613	cds	0	NA	NA	NA	NA	NA
HMPRNC0000_1615	cds	0.277242113616457	2.08492981639804	4.0804728567969	0.510952992353605	0.609383973154024	0.999176038581228
HMPRNC0000_1616	cds	0.391565382750117	1.03525342487768	4.06919113470239	0.254412582404635	0.799176831342001	0.999176038581228
HMPRNC0000_1617	cds	0.681235186830699	1.58503661565803	2.85688341705166	0.554813194755356	0.579022441025795	0.999176038581228
HMPRNC0000_1618	cds	0	NA	NA	NA	NA	NA
HMPRNC0000_1619	cds	0.277242113616457	2.08492981639804	4.0804728567969	0.510952992353605	0.609383973154024	0.999176038581228
HMPRNC0000_1620	cds	0	NA	NA	NA	NA	NA
HMPRNC0000_1621	cds	0.0674989445715651	0.206604289724287	4.07377104429505	0.0507157342614083	0.959552038656348	0.999176038581228
HMPRNC0000_1622	cds	0.229115232544984	-0.939593060227072	4.01891957668391	-0.233792451503184	0.815146110026782	0.999176038581228
HMPRNC0000_1623	cds	0.559594143822017	-0.201217130711016	3.31209030095053	-0.0607523081883573	0.951556472669915	0.999176038581228
HMPRNC0000_1624	cds	1.47091343178945	-2.28325839273676	1.60981036676673	-1.41833997337378	0.156091531545662	0.999176038581228
HMPRNC0000_1625	cds	1.26515872115719	0.477365196460423	1.50636354171662	0.316899064031003	0.751320192251534	0.999176038581228
HMPRNC0000_1628	cds	1.8152492469466	-0.0150817156324633	1.22351604183909	-0.0123265368959067	0.990165095581539	0.999176038581228
HMPRNC0000_1630	cds	0	NA	NA	NA	NA	NA
HMPRNC0000_1631	cds	1.0792130426793	1.44115545113234	1.82150490727795	0.791189441968619	0.428833451651893	0.999176038581228
HMPRNC0000_1632	cds	0	NA	NA	NA	NA	NA
HMPRNC0000_1633	cds	5.62680787137732	0.257150624579846	0.702509404223551	0.366045810965423	0.714330891980261	0.999176038581228
HMPRNC0000_1634	cds	1.09998259397198	0.320820878464679	1.8634496747951	0.172165034990792	0.863307785427997	0.999176038581228
HMPRNC0000_1635	cds	0.277210387993062	-0.876422720773082	4.02151421999628	-0.21793351280849	0.827480915210617	0.999176038581228
HMPRNC0000_1636	cds	0.531704914105745	-0.497260701363726	3.14618391305908	-0.158052013202315	0.874415813142968	0.999176038581228
HMPRNC0000_1637	cds	0.18185393932862	2.08492981639804	4.0804728567969	0.510952992353605	0.609383973154024	0.999176038581228
HMPRNC0000_1638	cds	3.00791997090445	-0.685614128253068	0.96386828126085	-0.711315167832067	0.476888954444812	0.999176038581228
HMPRNC0000_1640	cds	3.76788901261797	-0.70390531175048	0.89976209590481	-0.782323810876502	0.434024296828803	0.999176038581228
HMPRNC0000_1641	cds	0.459096052945077	2.92286995476983	3.81315572255548	0.766522578000302	0.443365422890394	0.999176038581228
HMPRNC0000_1642	cds	0.484848863920256	-1.91345024734243	3.57370789853684	-0.535424355226638	0.592356452401912	0.999176038581228
HMPRNC0000_1644	cds	0.344741058188022	1.16838616222527	4.07377080120153	0.28680704419617	0.774260068954625	0.999176038581228
HMPRNC0000_1645	cds	0.30382878682335	-1.08630962190442	4.01328521099381	-0.270678400560376	0.78663839070978	0.999176038581228
HMPRNC0000_1646	cds	0.616588876145823	1.22770671037162	2.68267792104978	0.457642231569563	0.647209497404284	0.999176038581228
HMPRNC0000_1647	cds	0.0941173434018534	0.0734757135446137	4.0691914984833	0.0180565877944059	0.985593710220973	0.999176038581228
HMPRNC0000_1649	cds	0.846943213953395	-1.1580609632393	2.15700255655725	-0.536884372120383	0.59134748660788	0.999176038581228
HMPRNC0000_1650	cds	0.275971282730474	1.03525348243549	4.06919113661017	0.254412596430137	0.799176820507636	0.999176038581228
HMPRNC0000_1651	cds	1.03477265772623	0.889265761737296	1.86944450305758	0.475684493593073	0.634299169718959	0.999176038581228
HMPRNC0000_1652	cds	0.30382878682335	-1.08630962190442	4.01328521099381	-0.270678400560376	0.78663839070978	0.999176038581228
HMPRNC0000_1654	cds	3.06145884742768	-2.46382346067144	1.24780906467702	-1.97451960433479	0.0483226905307043	0.999176038581228
HMPRNC0000_1655	cds	0.762059251913317	-2.53841166665637	2.35316451620905	-1.0787225666422	0.280711422616968	0.999176038581228
HMPRNC0000_1656	cds	0	NA	NA	NA	NA	NA
HMPRNC0000_1657	cds	0.277242113616457	2.08492981639804	4.0804728567969	0.510952992353605	0.609383973154024	0.999176038581228
HMPRNC0000_1658	cds	0	NA	NA	NA	NA	NA
HMPRNC0000_1659	cds	2.07943659329126	-0.83364567573433	1.21738127644739	-0.684786017218131	0.493478960155978	0.999176038581228
HMPRNC0000_1660	cds	1.10354243318378	1.12536823785759	1.69319803147702	0.664640648604997	0.506280363628313	0.999176038581228
HMPRNC0000_1662	cds	1.41580246476058	-0.865253116412035	1.61639718281848	-0.535297342515354	0.59244426370226	0.999176038581228
HMPRNC0000_1663	cds	1.06179629958739	-1.62807577351079	1.86130227191702	-0.874697139779437	0.381738716812859	0.999176038581228
HMPRNC0000_1665	cds	2.03952479957332	1.63578412739612	1.22505168605308	1.33527764258367	0.181785493212989	0.999176038581228
HMPRNC0000_1666	cds	4.15720475944452	-1.93330660289247	1.01398858756074	-1.90663546573364	0.0565678091334997	0.999176038581228
HMPRNC0000_1667	cds	0	NA	NA	NA	NA	NA
HMPRNC0000_1668	cds	0	NA	NA	NA	NA	NA
HMPRNC0000_1669	cds	0	NA	NA	NA	NA	NA
HMPRNC0000_1670	cds	0	NA	NA	NA	NA	NA
HMPRNC0000_1671	cds	0	NA	NA	NA	NA	NA
HMPRNC0000_1672	cds	0	NA	NA	NA	NA	NA
HMPRNC0000_1674	cds	0.344741058188022	1.16838616222527	4.07377080120153	0.28680704419617	0.774260068954625	0.999176038581228
HMPRNC0000_1675	cds	0.255733631375272	-1.05099511726465	4.01459304671967	-0.261793687438237	0.793480506083901	0.999176038581228
HMPRNC0000_1676	cds	1.14355739106994	-1.80581502250933	1.79717833061764	-1.00480569554204	0.3149904208208	0.999176038581228
HMPRNC0000_1677	cds	0.6206806152951	-0.73160769789951	2.64000408406349	-0.277123699283609	0.781685124800605	0.999176038581228
HMPRNC0000_1679	cds	1.53636278503668	1.71367056164558	1.44456261383401	1.18629026200348	0.235507690964866	0.999176038581228
HMPRNC0000_1680	cds	1.26921873468308	-1.98405538663563	1.70953447626561	-1.16058226036464	0.245811823055319	0.999176038581228
HMPRNC0000_1681	cds	0.818680466829645	3.79669038972118	2.45488189054704	1.54658780299818	0.121962672713405	0.999176038581228
HMPRNC0000_1682	cds	7.13542512303038	-0.27340605307966	0.641073400858409	-0.426481667642994	0.669756903522991	0.999176038581228
HMPRNC0000_1683	cds	0.37135945701831	1.03525348243549	4.06919113661017	0.254412596430137	0.799176820507636	0.999176038581228
HMPRNC0000_1684	cds	0.799713646360426	2.64855421341799	2.27991196871411	1.16169143798644	0.245360824826437	0.999176038581228
HMPRNC0000_1685	cds	0.367235992245638	1.03525348243549	4.06919113661017	0.254412596430137	0.799176820507636	0.999176038581228
HMPRNC0000_1686	cds	0.0674989445715651	0.206604289724287	4.07377104429505	0.0507157342614083	0.959552038656348	0.999176038581228
HMPRNC0000_1687	cds	0.55321339634693	1.89069515627423	3.09918416264666	0.610062215424977	0.541820595023907	0.999176038581228
HMPRNC0000_1688	cds	0.505086515275457	-0.394626462838124	3.24000678714925	-0.121798035856999	0.903058969529105	0.999176038581228
HMPRNC0000_1689	cds	0	NA	NA	NA	NA	NA
HMPRNC0000_1690	cds	1.18815615855302	0.271115739176645	1.67283167459638	0.162069946004615	0.871250772884464	0.999176038581228
HMPRNC0000_1691	cds	1.89288687365648	-0.182422159711667	1.22454654291363	-0.148971193269323	0.881576363731135	0.999176038581228
HMPRNC0000_1692	cds	0.492063473627057	-1.87500160583191	3.59245334019418	-0.521927893914013	0.601720536051298	0.999176038581228
HMPRNC0000_1693	cds	0.0674989445715651	0.206604289724287	4.07377104429505	0.0507157342614083	0.959552038656348	0.999176038581228
HMPRNC0000_1694	cds	3.87655288200036	-0.251639762564569	0.896845914076998	-0.280583050683292	0.779030217603994	0.999176038581228
HMPRNC0000_1695	cds	1.08327305620518	-1.58084081158514	1.84586859035984	-0.856421101611011	0.391764896824723	0.999176038581228
HMPRNC0000_1697	cds	0.502233881388768	0.00711758100371929	3.28154675161542	0.00216897138528211	0.998269412575767	0.999176038581228
HMPRNC0000_1698	cds	0.0941173434018534	0.0734757135446137	4.0691914984833	0.0180565877944059	0.985593710220973	0.999176038581228
HMPRNC0000_1700	cds	0.18185393932862	2.08492981639804	4.0804728567969	0.510952992353605	0.609383973154024	0.999176038581228
HMPRNC0000_1701	cds	0.296614177116549	-1.22796768159928	4.00832991371171	-0.306353944918216	0.759335170196842	0.999176038581228
HMPRNC0000_1702	cds	4.36304084506743	-0.742587479741851	0.840909082912805	-0.88307701133352	0.377194663915719	0.999176038581228
HMPRNC0000_1703	cds	2.04554013350738	-2.8204252202258	1.47399166762389	-1.91346076248341	0.0556890920469672	0.999176038581228
HMPRNC0000_1704	cds	17.471683126074	0.0250667871894023	0.940809132738462	0.0266438603932757	0.978743790129004	0.999176038581228
HMPRNC0000_1705	cds	1.98122751074013	0.0570957866317181	1.16954554947269	0.048818779787979	0.961063715911332	0.999176038581228
HMPRNC0000_1706	cds	0.461353335647491	0.257373489777121	3.82013999014928	0.067372790117847	0.946284930298755	0.999176038581228
HMPRNC0000_1707	cds	3.22038076747599	0.991553894129305	0.922673232281124	1.07465336528501	0.28252994996237	0.999176038581228
HMPRNC0000_1708	cds	2.1441235228516	1.17597786897419	1.11730952966508	1.05250858222493	0.292566275099444	0.999176038581228
HMPRNC0000_1710	cds	16.9718778880019	0.00257552615265764	0.431013104315934	0.00597551704778279	0.995232255578263	0.999176038581228
HMPRNC0000_1711	cds	11.8496619049443	0.0884632746933244	0.536311606458937	0.164947529809049	0.868985281361992	0.999176038581228
HMPRNC0000_1713	cds	10.1236760841503	0.641700444160619	0.551082209261593	1.16443687235058	0.244247012182303	0.999176038581228
HMPRNC0000_1714	cds	0.0941173434018534	0.0734757135446137	4.0691914984833	0.0180565877944059	0.985593710220973	0.999176038581228
HMPRNC0000_1715	cds	1.47896190372797	-0.985459612654963	1.51545082923567	-0.650274884307523	0.515514677408903	0.999176038581228
HMPRNC0000_1716	cds	0.627061362770187	-2.2398688980831	2.72190782853421	-0.822904021437532	0.410562575662748	0.999176038581228
HMPRNC0000_1717	cds	0	NA	NA	NA	NA	NA
HMPRNC0000_1718	cds	0.0941173434018534	0.0734757135446137	4.0691914984833	0.0180565877944059	0.985593710220973	0.999176038581228
HMPRNC0000_1720	cds	0.0941173434018534	0.0734757135446137	4.0691914984833	0.0180565877944059	0.985593710220973	0.999176038581228
HMPRNC0000_1721	cds	0.188234686803707	-0.704491657678831	4.02913046155396	-0.174849552378883	0.861197850866044	0.999176038581228
HMPRNC0000_1724	cds	1.00446776277754	0.0286941698413386	1.9615483594812	0.0146283264965885	0.988328700392359	0.999176038581228
HMPRNC0000_1726	cds	0.13499788914313	-0.390180750054008	4.04538587413177	-0.0964508114167845	0.923162538517817	0.999176038581228
HMPRNC0000_1727	cds	0	NA	NA	NA	NA	NA
HMPRNC0000_1728	cds	0	NA	NA	NA	NA	NA
HMPRNC0000_1729	cds	0.340617593415349	1.16838616222528	4.07377080120153	0.28680704419617	0.774260068954624	0.999176038581228
HMPRNC0000_1730	cds	0.43882667596648	-1.71071445741578	3.56985433385828	-0.479211277947819	0.631788331840547	0.999176038581228
HMPRNC0000_1732	cds	0.0674989445715651	0.206604289724287	4.07377104429505	0.0507157342614083	0.959552038656348	0.999176038581228
HMPRNC0000_1733	cds	0.0674989445715651	0.206604289724287	4.07377104429505	0.0507157342614083	0.959552038656348	0.999176038581228
HMPRNC0000_1734	cds	0	NA	NA	NA	NA	NA
HMPRNC0000_1735	cds	0.209711443421497	0.073475696645431	4.06919149792316	0.0180565836439331	0.985593713532032	0.999176038581228
HMPRNC0000_1736	cds	0.0941173434018534	0.0734757135446137	4.0691914984833	0.0180565877944059	0.985593710220973	0.999176038581228
HMPRNC0000_1737	cds	0	NA	NA	NA	NA	NA
HMPRNC0000_1738	cds	0.412240002759587	0.571601082552154	4.04538548366963	0.141297061765705	0.887635270700049	0.999176038581228
HMPRNC0000_1739	cds	0.161616287973419	-0.555853396389147	4.0364188168111	-0.137709544429359	0.890469975909589	0.999176038581228
HMPRNC0000_1740	cds	0	NA	NA	NA	NA	NA
HMPRNC0000_1742	cds	0.0674989445715651	0.206604289724287	4.07377104429505	0.0507157342614083	0.959552038656348	0.999176038581228
HMPRNC0000_1744	cds	2.55511552709653	0.499473275607615	1.02966913385777	0.485081332618257	0.627618653222356	0.999176038581228
HMPRNC0000_1745	cds	0.0674989445715651	0.206604289724287	4.07377104429505	0.0507157342614083	0.959552038656348	0.999176038581228
HMPRNC0000_1746	cds	0	NA	NA	NA	NA	NA
HMPRNC0000_1747	cds	1.74077420371567	0.347691932323547	1.2410828487623	0.280152072579433	0.779360835376117	0.999176038581228
HMPRNC0000_1748	cds	0.550329036836846	0.128288628996685	3.12411969349904	0.0410639289088827	0.967244930895076	0.999176038581228
HMPRNC0000_1749	cds	1.30097877572586	-2.08405960269577	1.69971724194068	-1.22612135199397	0.220153011881451	0.999176038581228
HMPRNC0000_1750	cds	0.62913433026449	-2.16186900679592	3.29516577861972	-0.656072911664396	0.511777212601662	0.999176038581228
HMPRNC0000_1751	cds	0.18185393932862	2.08492981639804	4.0804728567969	0.510952992353605	0.609383973154024	0.999176038581228
HMPRNC0000_1752	cds	0.589970477315535	1.37816755564325	2.94602173090699	0.467806310179169	0.6399231076655	0.999176038581228
HMPRNC0000_1753	cds	0.989187438426721	0.293074048710731	1.86947038712173	0.156768489476826	0.875427307494086	0.999176038581228
HMPRNC0000_1754	cds	0.735035610052156	0.221213783346427	2.39754018757141	0.0922669761671464	0.926485925618058	0.999176038581228
HMPRNC0000_1755	cds	0.573856290733005	-0.303655303188314	2.98154828209393	-0.101844838472667	0.918879834705475	0.999176038581228
HMPRNC0000_1756	cds	0.323232575946837	-1.33423647508431	4.00206808739129	-0.333386750537274	0.738842363208811	0.999176038581228
HMPRNC0000_1757	cds	0.934711535503556	1.52580829388408	1.99967477680515	0.763028224180456	0.445446563681577	0.999176038581228
HMPRNC0000_1758	cds	1.80216275405141	-2.57356190844336	1.51144891912781	-1.70271179917113	0.0886220156747954	0.999176038581228
HMPRNC0000_1759	cds	0.344709332564627	-1.34828986642279	4.00117473845603	-0.336973502672634	0.736136874923194	0.999176038581228
HMPRNC0000_1761	cds	1.56387759139144	1.10299961222982	1.4139785457327	0.780068138628132	0.435350769155323	0.999176038581228
HMPRNC0000_1762	cds	0.0674989445715651	0.206604289724287	4.07377104429505	0.0507157342614083	0.959552038656348	0.999176038581228
HMPRNC0000_1764	cds	1.0684385937607	0.437553313155003	1.77006954716314	0.24719554881686	0.804756889963786	0.999176038581228
HMPRNC0000_1765	cds	0	NA	NA	NA	NA	NA
HMPRNC0000_1766	cds	0.97901703066501	-1.34089200929251	2.10226805291504	-0.637831130731978	0.523583612459775	0.999176038581228
HMPRNC0000_1767	cds	0.344741058188022	1.16838616222527	4.07377080120153	0.28680704419617	0.774260068954625	0.999176038581228
HMPRNC0000_1768	cds	0.277210387993062	-0.876422720773082	4.02151421999628	-0.21793351280849	0.827480915210617	0.999176038581228
HMPRNC0000_1769	cds	1.68743424188688	-0.461186257079534	1.34791272650002	-0.342148455172649	0.732239173536544	0.999176038581228
HMPRNC0000_1770	cds	2.26114104334195	-0.0445154711620165	1.12505380057252	-0.0395674154776983	0.968438005767361	0.999176038581228
HMPRNC0000_1772	cds	0.479707221707757	-1.85360338844064	3.64752804849299	-0.508180708632653	0.611326618551667	0.999176038581228
HMPRNC0000_1773	cds	1.19000819822456	1.39954110896027	1.64599986012797	0.850268060685899	0.395176069586164	0.999176038581228
HMPRNC0000_1775	cds	0.391565382750117	1.03525342487768	4.06919113470239	0.254412582404635	0.799176831342001	0.999176038581228
HMPRNC0000_1776	cds	0.344741058188022	1.16838616222527	4.07377080120153	0.28680704419617	0.774260068954625	0.999176038581228
HMPRNC0000_1777	cds	13.5737225898559	0.434892343073657	0.475227039531974	0.915125417741297	0.360125792674509	0.999176038581228
HMPRNC0000_1778	cds	3.97649624056849	0.221600346217996	0.817113979630692	0.271198818943414	0.786238121300894	0.999176038581228
HMPRNC0000_1779	cds	2.56651089772211	0.666102681647293	1.07498685757847	0.619637976921659	0.53549615806511	0.999176038581228
HMPRNC0000_1780	cds	4.95598160335577	0.505104595520477	0.758932607982158	0.665546044810808	0.505701303284575	0.999176038581228
HMPRNC0000_1781	cds	0	NA	NA	NA	NA	NA
HMPRNC0000_1782	cds	0.273118648843784	2.08492981639804	4.0804728567969	0.510952992353605	0.609383973154024	0.999176038581228
HMPRNC0000_1783	cds	0.594093942088207	1.38673671235709	2.93196999483511	0.472970976783504	0.636233885666737	0.999176038581228
HMPRNC0000_1784	cds	0.600474689563294	-0.41163177433251	2.87022505836396	-0.143414459132045	0.885962864278564	0.999176038581228
HMPRNC0000_1785	cds	0.275971282730474	1.03525348243549	4.06919113661017	0.254412596430137	0.799176820507636	0.999176038581228
HMPRNC0000_1786	cds	0.0674989445715651	0.206604289724287	4.07377104429505	0.0507157342614083	0.959552038656348	0.999176038581228
HMPRNC0000_1787	cds	0.870033499195286	-0.280129717254681	2.10276468501162	-0.133219717475487	0.894019617544151	0.999176038581228
HMPRNC0000_1788	cds	1.3970654653662	-0.05603084462954	1.49234182222806	-0.0375455835888097	0.970049995301498	0.999176038581228
HMPRNC0000_1791	cds	1.76101185507088	1.02620177095183	1.23623425944549	0.830103002817709	0.406480549489158	0.999176038581228
HMPRNC0000_1792	cds	0	NA	NA	NA	NA	NA
HMPRNC0000_1794	cds	0.0674989445715651	0.206604289724287	4.07377104429505	0.0507157342614083	0.959552038656348	0.999176038581228
HMPRNC0000_1795	cds	0.13499788914313	-0.390180750054008	4.04538587413177	-0.0964508114167845	0.923162538517817	0.999176038581228
HMPRNC0000_1796	cds	0.486953557037953	1.03975992490238	3.72127078681327	0.279409907117452	0.779930268950701	0.999176038581228
HMPRNC0000_1797	cds	2.05008733048964	-0.0607066502197216	1.21910754341984	-0.0497959762019252	0.960284973232752	0.999176038581228
HMPRNC0000_1798	cds	0.43882667596648	-1.71071445741578	3.56985433385828	-0.479211277947819	0.631788331840547	0.999176038581228
HMPRNC0000_1799	cds	2.49275822473747	0.528665735241306	1.07782227066163	0.490494351092578	0.623784126149967	0.999176038581228
HMPRNC0000_1800	cds	6.37125248802676	-0.0516929491678767	0.697473774551947	-0.0741145417275136	0.940919244459217	0.999176038581228
HMPRNC0000_1801	cds	0.18185393932862	2.08492981639804	4.0804728567969	0.510952992353605	0.609383973154024	0.999176038581228
HMPRNC0000_1802	cds	4.30053095312365	-0.0250102045957952	0.795971048694752	-0.0314209978325309	0.974933795568899	0.999176038581228
HMPRNC0000_1803	cds	0.0674989445715651	0.206604289724287	4.07377104429505	0.0507157342614083	0.959552038656348	0.999176038581228
HMPRNC0000_1804	cds	2.33543177136476	0.354078171477584	1.09497088745904	0.323367658019884	0.746416820060426	0.999176038581228
HMPRNC0000_1805	cds	0.0674989445715651	0.206604289724287	4.07377104429505	0.0507157342614083	0.959552038656348	0.999176038581228
HMPRNC0000_1806	cds	0	NA	NA	NA	NA	NA
HMPRNC0000_1807	cds	0.451849717614881	-0.174234435578351	3.86537481567565	-0.0450756896515599	0.964046978569685	0.999176038581228
HMPRNC0000_1808	cds	2.34785946182889	0.385255623018241	1.07842981674068	0.357237547625115	0.720913978966371	0.999176038581228
HMPRNC0000_1809	cds	2.39639158593123	0.0113313320761522	1.10431310921077	0.0102609775992341	0.991813068058899	0.999176038581228
HMPRNC0000_1810	cds	0.13499788914313	-0.390180750054008	4.04538587413177	-0.0964508114167845	0.923162538517817	0.999176038581228
HMPRNC0000_1811	cds	2.5686563262837	0.0621446207283503	1.01242036169964	0.0613822312147324	0.951054803109517	0.999176038581228
HMPRNC0000_1812	cds	1.18151386437971	-1.75317413422087	1.75987293502517	-0.996193588371645	0.319156094071553	0.999176038581228
HMPRNC0000_1813	cds	2.15707422000114	-0.964152879138603	1.20133070949211	-0.802570742194897	0.422222884750252	0.999176038581228
HMPRNC0000_1814	cds	1.40117478774015	-0.0393120742190587	1.48550850557316	-0.0264637153348985	0.978887474424503	0.999176038581228
HMPRNC0000_1815	cds	3.62048067571621	-1.1983917216237	0.946106388422115	-1.26665641019752	0.205278172599764	0.999176038581228
HMPRNC0000_1816	cds	0.486953557037953	1.03975992490238	3.72127078681327	0.279409907117452	0.779930268950701	0.999176038581228
HMPRNC0000_1817	cds	0.920417662969173	0.063567201371794	1.95652098939732	0.0324899153733971	0.97408135815171	0.999176038581228
HMPRNC0000_1818	cds	1.78577821422962	0.242532412575774	1.24866339063283	0.194233621643105	0.845992957883417	0.999176038581228
HMPRNC0000_1820	cds	0.255733631375272	-1.05099511726465	4.01459304671967	-0.261793687438237	0.793480506083901	0.999176038581228
HMPRNC0000_1822	cds	0.827602876076698	3.72179809969891	2.46352587131974	1.51076071212725	0.130849427841819	0.999176038581228
HMPRNC0000_1824	cds	0.349850974777125	-1.43889649700784	3.99560722876758	-0.360119605012242	0.71875769232475	0.999176038581228
HMPRNC0000_1825	cds	3.44041520824392	0.224927693271134	0.919045845974197	0.24474044930012	0.806657406251998	0.999176038581228
HMPRNC0000_1826	cds	2.15995857951123	-0.430110940857472	1.13857603273525	-0.377762159479326	0.705607286656649	0.999176038581228
HMPRNC0000_1827	cds	2.37283351236571	1.8661029893584	1.09786593163838	1.6997548931804	0.0891770392638161	0.999176038581228
HMPRNC0000_1828	cds	0.532975744991729	-0.103752910016273	3.15320412665308	-0.0329039623978926	0.973751172971764	0.999176038581228
HMPRNC0000_1829	cds	0	NA	NA	NA	NA	NA
HMPRNC0000_1830	cds	6.36607022693879	-0.664037152987265	0.702595095323211	-0.94512067819345	0.344597269575953	0.999176038581228
HMPRNC0000_1831	cds	3.67857950694256	0.0200588223965152	0.854512362788089	0.0234739990549319	0.981272178517203	0.999176038581228
HMPRNC0000_1832	cds	0.0941173434018534	0.0734757135446137	4.0691914984833	0.0180565877944059	0.985593710220973	0.999176038581228
HMPRNC0000_1833	cds	0.229115232544984	-0.939593060227072	4.01891957668391	-0.233792451503184	0.815146110026782	0.999176038581228
HMPRNC0000_1834	cds	0.506325620538045	-1.92771626305419	3.2010821081466	-0.602207690377027	0.547035897227022	0.999176038581228
HMPRNC0000_1835	cds	3.65285751563674	-0.323960523994982	0.944155080599724	-0.343122152972162	0.731506566009477	0.999176038581228
HMPRNC0000_1836	cds	0.0941173434018534	0.0734757135446137	4.0691914984833	0.0180565877944059	0.985593710220973	0.999176038581228
HMPRNC0000_1837	cds	0.754439399175643	-0.0565520927921224	2.42185540069661	-0.023350730508459	0.981370505635055	0.999176038581228
HMPRNC0000_1839	cds	0.930921875216932	-1.32629286255177	2.05267934619361	-0.646127640447686	0.518196696161869	0.999176038581228
HMPRNC0000_1840	cds	0.845704108690807	0.10715225448763	2.1123491072584	0.0507265840288595	0.959543392922729	0.999176038581228
HMPRNC0000_1841	cds	0.438858401589875	0.403528698527249	3.63974235542171	0.110867379919394	0.911721513148673	0.999176038581228
HMPRNC0000_1843	cds	5.43244032012185	-0.531949022002782	0.742388178906255	-0.716537570394091	0.473659477405334	0.999176038581228
HMPRNC0000_1845	cds	10.6858074175331	0.215514698464703	0.537374456440196	0.401051251844694	0.688382390365043	0.999176038581228
HMPRNC0000_1846	cds	8.11733540645754	0.0752065008453581	0.61156629874289	0.122973586019945	0.902128014485283	0.999176038581228
HMPRNC0000_1848	cds	0.616588876145823	1.22770671037162	2.68267792104978	0.457642231569563	0.647209497404284	0.999176038581228
HMPRNC0000_1849	cds	0.827602876076698	3.72179809969891	2.46352587131974	1.51076071212725	0.130849427841819	0.999176038581228
HMPRNC0000_1850	cds	0	NA	NA	NA	NA	NA
HMPRNC0000_1851	cds	0.513540230244847	-1.88755365684135	3.5002888266488	-0.539256544337372	0.589709849108009	0.999176038581228
HMPRNC0000_1852	cds	0	NA	NA	NA	NA	NA
HMPRNC0000_1855	cds	2.19298945144	-0.354179164715375	1.14640615369068	-0.308947368762066	0.757361563103283	0.999176038581228
HMPRNC0000_1857	cds	0.349850974777125	-1.43889649700784	3.99560722876758	-0.360119605012242	0.71875769232475	0.999176038581228
HMPRNC0000_1859	cds	1.61809215089584	0.481918582731019	1.37337986788919	0.350899699346621	0.725663597048356	0.999176038581228
HMPRNC0000_1860	cds	0	NA	NA	NA	NA	NA
HMPRNC0000_1861	cds	0	NA	NA	NA	NA	NA
HMPRNC0000_1862	cds	0.0674989445715651	0.206604289724287	4.07377104429505	0.0507157342614083	0.959552038656348	0.999176038581228
HMPRNC0000_1863	cds	0	NA	NA	NA	NA	NA
HMPRNC0000_1864	cds	0.0941173434018534	0.0734757135446137	4.0691914984833	0.0180565877944059	0.985593710220973	0.999176038581228
HMPRNC0000_1865	cds	0.229115232544984	-0.939593060227072	4.01891957668391	-0.233792451503184	0.815146110026782	0.999176038581228
HMPRNC0000_1866	cds	0.87771680317975	0.570044669755169	2.18168734646802	0.261286141975396	0.793871852586214	0.999176038581228
HMPRNC0000_1867	cds	0.736274715314744	-1.00105021078301	2.52493602259398	-0.396465574503779	0.691761599164197	0.999176038581228
HMPRNC0000_1868	cds	4.92260416922009	0.128024089676443	0.789656454313561	0.162126313255722	0.871206385331959	0.999176038581228
HMPRNC0000_1871	cds	0.667536665480591	0.602525015368354	2.74035821062262	0.219870896086777	0.825971703229396	0.999176038581228
HMPRNC0000_1872	cds	0.50635734616144	0.00660413530408324	3.26328960671201	0.0020237662297884	0.998385269272801	0.999176038581228
HMPRNC0000_1873	cds	0.30382878682335	-1.08630962190442	4.01328521099381	-0.270678400560376	0.78663839070978	0.999176038581228
HMPRNC0000_1875	cds	4.12647249176821	-0.766042776946311	0.850526057587392	-0.900669379982634	0.367764133720883	0.999176038581228
HMPRNC0000_1876	cds	1.04903480463722	0.742922807344573	1.82207600394042	0.407734257922244	0.683468783643877	0.999176038581228
HMPRNC0000_1877	cds	0	NA	NA	NA	NA	NA
HMPRNC0000_1878	cds	0	NA	NA	NA	NA	NA
HMPRNC0000_1879	cds	0	NA	NA	NA	NA	NA
HMPRNC0000_1880	cds	4.77964372960116	0.651535658830324	0.772848573219791	0.843031457140354	0.399210850868325	0.999176038581228
HMPRNC0000_1881	cds	0.576947435667134	-0.0608644449554484	3.03142620629764	-0.0200778250280365	0.983981289644096	0.999176038581228
HMPRNC0000_1882	cds	0.581039174816412	-2.06469047899888	2.93318003557839	-0.703908540885643	0.481489732219499	0.999176038581228
HMPRNC0000_1883	cds	3.38271840317323	1.10389597460407	0.930052164077649	1.1869183441972	0.235259830782199	0.999176038581228
HMPRNC0000_1884	cds	0.897922728911557	0.143006628834459	1.98087009680595	0.072193845050743	0.942447643332145	0.999176038581228
HMPRNC0000_1885	cds	1.31009928042435	-2.05957514434544	1.70725910323707	-1.20636354519378	0.227677345789898	0.999176038581228
HMPRNC0000_1886	cds	0.858281288432868	-1.02897321886088	2.18424510672496	-0.471088714216562	0.637577384111382	0.999176038581228
HMPRNC0000_1887	cds	0.0941173434018534	0.0734757135446137	4.0691914984833	0.0180565877944059	0.985593710220973	0.999176038581228
HMPRNC0000_1888	cds	1.03477265772623	0.889265761737296	1.86944450305758	0.475684493593073	0.634299169718959	0.999176038581228
HMPRNC0000_1889	cds	0.592823111202224	0.622611579592439	2.91379433810653	0.213677256301154	0.83079874856401	0.999176038581228
HMPRNC0000_1890	cds	0.323232575946837	-1.33423647508431	4.00206808739129	-0.333386750537274	0.738842363208811	0.999176038581228
HMPRNC0000_1891	cds	0.890271150550487	0.895082234947038	2.17446638086338	0.411633052975343	0.680608401261052	0.999176038581228
HMPRNC0000_1892	cds	2.19725625038993	-2.80220375937666	1.45459130896138	-1.92645435326952	0.0540476662517822	0.999176038581228
HMPRNC0000_1893	cds	0.31685182847175	0.571601082552154	4.04538548366963	0.141297061765705	0.887635270700049	0.999176038581228
HMPRNC0000_1894	cds	0.960059103447862	0.88275031011404	1.90082749156118	0.464403168637371	0.642358920328793	0.999176038581228
HMPRNC0000_1895	cds	1.93208245222883	-0.663617402651488	1.28278065556109	-0.51732726072426	0.604927727249598	0.999176038581228
HMPRNC0000_1896	cds	0.249352883900185	1.16838616222527	4.07377080120153	0.28680704419617	0.774260068954625	0.999176038581228
HMPRNC0000_1897	cds	0.640918266650302	0.781125948193611	2.81033184041993	0.27794794086555	0.781052321758114	0.999176038581228
HMPRNC0000_1898	cds	5.13754283579762	0.0162603930568699	0.758708774831295	0.0214316660045029	0.982901313543664	0.999176038581228
HMPRNC0000_1899	cds	0.188234686803707	-0.704491657678831	4.02913046155396	-0.174849552378883	0.861197850866044	0.999176038581228
HMPRNC0000_1900	cds	0.0941173434018534	0.0734757135446137	4.0691914984833	0.0180565877944059	0.985593710220973	0.999176038581228
HMPRNC0000_1902	cds	0.391565382750117	1.03525342487768	4.06919113470239	0.254412582404635	0.799176831342001	0.999176038581228
HMPRNC0000_1903	cds	1.79175371867384	0.986067356109077	1.21454366364042	0.811883002339727	0.41685876867961	0.999176038581228
HMPRNC0000_1904	cds	1.17516484252801	0.797653965779288	1.63983723671666	0.486422644832958	0.626667538421416	0.999176038581228
HMPRNC0000_1905	cds	0	NA	NA	NA	NA	NA
HMPRNC0000_1906	cds	0.273118648843784	2.08492981639804	4.0804728567969	0.510952992353605	0.609383973154024	0.999176038581228
HMPRNC0000_1907	cds	3.55412554296862	-0.577760795072907	0.913756495719007	-0.632291860883884	0.527196181007698	0.999176038581228
HMPRNC0000_1908	cds	1.17817006599942	-2.03865879167338	1.82814123358928	-1.11515388101103	0.264784485368133	0.999176038581228
HMPRNC0000_1909	cds	3.00208906874692	-1.16459348780388	1.06935266509479	-1.08906399714321	0.276125665097592	0.999176038581228
HMPRNC0000_1910	cds	0.0674989445715651	0.206604289724287	4.07377104429505	0.0507157342614083	0.959552038656348	0.999176038581228
HMPRNC0000_1911	cds	0.391565382750117	1.03525342487768	4.06919113470239	0.254412582404635	0.799176831342001	0.999176038581228
HMPRNC0000_1912	cds	0	NA	NA	NA	NA	NA
HMPRNC0000_1913	cds	0.890946630252196	0.695890488852712	2.21143707559952	0.314677951514427	0.753006186545866	0.999176038581228
HMPRNC0000_1914	cds	0	NA	NA	NA	NA	NA
HMPRNC0000_1915	cds	0	NA	NA	NA	NA	NA
HMPRNC0000_1916	cds	0	NA	NA	NA	NA	NA
HMPRNC0000_1917	cds	0.62296962362091	-0.50957160681298	2.82072728681274	-0.180652560492215	0.856640297245376	0.999176038581228
HMPRNC0000_1918	cds	0.18185393932862	2.08492981639804	4.0804728567969	0.510952992353605	0.609383973154024	0.999176038581228
HMPRNC0000_1919	cds	0.738595449263948	1.29797088937352	2.53428528919768	0.512164472921055	0.608535905058588	0.999176038581228
HMPRNC0000_1920	cds	0.663850169362187	-0.691106895287242	2.66242983757062	-0.2595775053054	0.795189689841739	0.999176038581228
HMPRNC0000_1922	cds	0.37135945701831	1.03525348243549	4.06919113661017	0.254412596430137	0.799176820507636	0.999176038581228
HMPRNC0000_1923	cds	0.36370787865724	2.6850212904654	4.06275901479766	0.660886181209819	0.508685308743725	0.999176038581228
HMPRNC0000_1924	cds	0.18185393932862	2.08492981639804	4.0804728567969	0.510952992353605	0.609383973154024	0.999176038581228
HMPRNC0000_1925	cds	0.0674989445715651	0.206604289724287	4.07377104429505	0.0507157342614083	0.959552038656348	0.999176038581228
HMPRNC0000_1926	cds	0.431206823228806	1.76886223763995	4.02414007355886	0.439562789889569	0.660253795835056	0.999176038581228
HMPRNC0000_1927	cds	1.62574372925691	0.0799867232694269	1.30300567093909	0.0613863201468492	0.951051546754514	0.999176038581228
HMPRNC0000_1928	cds	5.22812281020362	-0.0120640777780578	0.765951688570874	-0.0157504421728832	0.987433484942616	0.999176038581228
HMPRNC0000_1929	cds	0	NA	NA	NA	NA	NA
HMPRNC0000_1930	cds	0	NA	NA	NA	NA	NA
HMPRNC0000_1931	cds	0.344741058188022	1.16838616222527	4.07377080120153	0.28680704419617	0.774260068954625	0.999176038581228
HMPRNC0000_1932	cds	0.0674989445715651	0.206604289724287	4.07377104429505	0.0507157342614083	0.959552038656348	0.999176038581228
HMPRNC0000_1933	cds	0.188234686803707	-0.704491657678831	4.02913046155396	-0.174849552378883	0.861197850866044	0.999176038581228
HMPRNC0000_1934	cds	0.0941173434018534	0.0734757135446137	4.0691914984833	0.0180565877944059	0.985593710220973	0.999176038581228
HMPRNC0000_1935	cds	0.76803475635753	-1.16039901254284	2.46396912506262	-0.470947058848941	0.637678541422513	0.999176038581228
HMPRNC0000_1936	cds	1.14517091969404	-1.00625624310579	1.807152265797	-0.556818737496927	0.577651280396833	0.999176038581228
HMPRNC0000_1937	cds	0	NA	NA	NA	NA	NA
HMPRNC0000_1938	cds	0	NA	NA	NA	NA	NA
HMPRNC0000_1939	cds	0.0674989445715651	0.206604289724287	4.07377104429505	0.0507157342614083	0.959552038656348	0.999176038581228
HMPRNC0000_1940	cds	0	NA	NA	NA	NA	NA
HMPRNC0000_1941	cds	0	NA	NA	NA	NA	NA
HMPRNC0000_1942	cds	0	NA	NA	NA	NA	NA
HMPRNC0000_1943	cds	0	NA	NA	NA	NA	NA
HMPRNC0000_1945	cds	0	NA	NA	NA	NA	NA
HMPRNC0000_1946	cds	0	NA	NA	NA	NA	NA
HMPRNC0000_1947	cds	0	NA	NA	NA	NA	NA
HMPRNC0000_1948	cds	0.31685182847175	0.571601082552154	4.04538548366963	0.141297061765705	0.887635270700049	0.999176038581228
HMPRNC0000_1950	cds	0	NA	NA	NA	NA	NA
HMPRNC0000_1951	cds	0	NA	NA	NA	NA	NA
HMPRNC0000_1952	cds	0	NA	NA	NA	NA	NA
HMPRNC0000_1953	cds	0	NA	NA	NA	NA	NA
HMPRNC0000_1955	cds	0	NA	NA	NA	NA	NA
HMPRNC0000_1956	cds	0	NA	NA	NA	NA	NA
HMPRNC0000_1957	cds	0.0674989445715651	0.206604289724287	4.07377104429505	0.0507157342614083	0.959552038656348	0.999176038581228
HMPRNC0000_1958	cds	0	NA	NA	NA	NA	NA
HMPRNC0000_1959	cds	0	NA	NA	NA	NA	NA
HMPRNC0000_1960	cds	0	NA	NA	NA	NA	NA
HMPRNC0000_1961	cds	0	NA	NA	NA	NA	NA
HMPRNC0000_1962	cds	0	NA	NA	NA	NA	NA
HMPRNC0000_1971	cds	0.188234686803707	-0.704491657678831	4.02913046155396	-0.174849552378883	0.861197850866044	0.999176038581228
HMPRNC0000_1972	cds	0.0674989445715651	0.206604289724287	4.07377104429505	0.0507157342614083	0.959552038656348	0.999176038581228
HMPRNC0000_1974	cds	0.255733631375272	-1.05099511726465	4.01459304671967	-0.261793687438237	0.793480506083901	0.999176038581228
HMPRNC0000_1977	cds	0.764163945031015	-0.755345333615729	2.50217979359109	-0.301874923436925	0.762747412688831	0.999176038581228
HMPRNC0000_1978	cds	1.69865455271181	1.04648432716706	1.274601988983	0.821028318025806	0.411630138309311	0.999176038581228
HMPRNC0000_1979	cds	1.24142468183699	1.33306862514478	1.59135792404766	0.837692517189396	0.402203417085448	0.999176038581228
HMPRNC0000_1980	cds	0.767200894125816	-2.58451991852544	2.52090039483437	-1.02523682562843	0.305251456141534	0.999176038581228
HMPRNC0000_1981	cds	0.617859707031806	2.21161560563061	2.8821787486517	0.767341583746399	0.442878450549141	0.999176038581228
HMPRNC0000_1982	cds	0.50635734616144	0.00660413530408324	3.26328960671201	0.0020237662297884	0.998385269272801	0.999176038581228
HMPRNC0000_1983	cds	0.0674989445715651	0.206604289724287	4.07377104429505	0.0507157342614083	0.959552038656348	0.999176038581228
HMPRNC0000_1984	cds	3.104142007424	-0.170646298584943	0.926449802034487	-0.184193788168774	0.853861432433445	0.999176038581228
HMPRNC0000_1986	cds	1.13428429678674	1.02817585156919	1.77533303184976	0.579145339563645	0.562491109315288	0.999176038581228
HMPRNC0000_1987	cds	1.48500884671701	0.00152875089038696	1.48036848347925	0.00103268267829777	0.999176038581228	0.999176038581228
HMPRNC0000_1988	cds	0.410969171873604	0.0185181048618961	3.79271739121293	0.00488254276598602	0.996104309987937	0.999176038581228
HMPRNC0000_1990	cds	3.27342745698317	-0.107827279517834	0.997894611890432	-0.108054776760006	0.913952240956854	0.999176038581228
HMPRNC0000_1991	cds	0	NA	NA	NA	NA	NA
HMPRNC0000_1992	cds	0.188234686803707	-0.704491657678831	4.02913046155396	-0.174849552378883	0.861197850866044	0.999176038581228
HMPRNC0000_1993	cds	0.229115232544984	-0.939593060227072	4.01891957668391	-0.233792451503184	0.815146110026782	0.999176038581228
HMPRNC0000_1994	cds	0.273118648843784	2.08492981639804	4.0804728567969	0.510952992353605	0.609383973154024	0.999176038581228
HMPRNC0000_1995	cds	0.736274715314744	-1.00105021078301	2.52493602259398	-0.396465574503779	0.691761599164197	0.999176038581228
HMPRNC0000_1996	cds	1.28453078465729	-0.877914539166429	1.58018470906958	-0.555577163940126	0.578499946116284	0.999176038581228
HMPRNC0000_1997	cds	0	NA	NA	NA	NA	NA
HMPRNC0000_1998	cds	0	NA	NA	NA	NA	NA
HMPRNC0000_1999	cds	0.714797958696954	-1.02775699810686	2.38568333512845	-0.430801935434373	0.666612392172541	0.999176038581228
HMPRNC0000_2001	cds	0	NA	NA	NA	NA	NA
HMPRNC0000_2002	cds	0.31685182847175	0.571601082552154	4.04538548366963	0.141297061765705	0.887635270700049	0.999176038581228
HMPRNC0000_2003	cds	0	NA	NA	NA	NA	NA
HMPRNC0000_2004	cds	0.0674989445715651	0.206604289724287	4.07377104429505	0.0507157342614083	0.959552038656348	0.999176038581228
HMPRNC0000_2005	cds	0	NA	NA	NA	NA	NA
HMPRNC0000_2006	cds	0.323232575946837	-1.33423647508431	4.00206808739129	-0.333386750537274	0.738842363208811	0.999176038581228
HMPRNC0000_2038	cds	5.71805809797459	-0.333903195865651	0.75283606288192	-0.443527100159684	0.657384521834362	0.999176038581228
HMPRNC0000_2040	cds	0.52247153274397	1.99520625992709	3.22767228926179	0.618156392941434	0.536472251954096	0.999176038581228
HMPRNC0000_2041	cds	0.0941173434018534	0.0734757135446137	4.0691914984833	0.0180565877944059	0.985593710220973	0.999176038581228
HMPRNC0000_2042	cds	0.31685182847175	0.571601082552154	4.04538548366963	0.141297061765705	0.887635270700049	0.999176038581228
HMPRNC0000_2044	cds	0.459064327321682	0.104879370052323	3.5400029345093	0.0296269161332945	0.976364598762239	0.999176038581228
HMPRNC0000_2045	cds	0.526594997516642	2.00471966205736	3.21026664550697	0.624471386158257	0.532318056259937	0.999176038581228
HMPRNC0000_2046	cds	0.296614177116549	-1.22796768159928	4.00832991371171	-0.306353944918216	0.759335170196842	0.999176038581228
HMPRNC0000_2047	cds	0	NA	NA	NA	NA	NA
HMPRNC0000_2049	cds	2.16469497869285	0.581973991079823	1.11326273070709	0.522764281087701	0.601138299074846	0.999176038581228
HMPRNC0000_2051	cds	0.0674989445715651	0.206604289724287	4.07377104429505	0.0507157342614083	0.959552038656348	0.999176038581228
HMPRNC0000_2052	cds	0.684087820717388	0.811774543841369	2.48119654083193	0.327170593091826	0.743538861347986	0.999176038581228
HMPRNC0000_2054	cds	0.0941173434018534	0.0734757135446137	4.0691914984833	0.0180565877944059	0.985593710220973	0.999176038581228
HMPRNC0000_2055	cds	2.18490090442466	0.455240527071187	1.11825087847973	0.407100531582045	0.683934152992221	0.999176038581228
HMPRNC0000_2058	cds	1.14600478192576	0.0530893884693848	1.67758494080273	0.0316463191687815	0.97475410451592	0.999176038581228
HMPRNC0000_2060	cds	0.0674989445715651	0.206604289724287	4.07377104429505	0.0507157342614083	0.959552038656348	0.999176038581228
HMPRNC0000_2061	cds	1.10065807367369	0.070369955180255	1.91012773250671	0.036840444742356	0.970612225681801	0.999176038581228
HMPRNC0000_2062	cds	0.277242113616457	2.08492981639804	4.0804728567969	0.510952992353605	0.609383973154024	0.999176038581228
HMPRNC0000_2063	cds	1.63010570507702	0.528553757453215	1.30235605437613	0.405844281736311	0.684857019811344	0.999176038581228
HMPRNC0000_2064	cds	0	NA	NA	NA	NA	NA
HMPRNC0000_2065	cds	1.26388789027121	0.120874038921622	1.52903398850493	0.0790525520232619	0.936990823343563	0.999176038581228
HMPRNC0000_2066	cds	1.38815174609175	-0.742791460273021	1.61648402800162	-0.459510547216046	0.645867579743309	0.999176038581228
HMPRNC0000_2067	cds	1.31114918348758	-0.914317751750258	1.56636205381154	-0.583720570557351	0.559408325215219	0.999176038581228
HMPRNC0000_2068	cds	1.12579885619395	0.319880118412305	1.68018048271842	0.190384379358318	0.849007937280768	0.999176038581228
HMPRNC0000_2069	cds	0.296614177116549	-1.22796768159928	4.00832991371171	-0.306353944918216	0.759335170196842	0.999176038581228
HMPRNC0000_2070	cds	0.553181670723535	-0.461559391314624	2.87815538453689	-0.160366390846856	0.872592463158141	0.999176038581228
HMPRNC0000_2071	cds	0	NA	NA	NA	NA	NA
HMPRNC0000_2072	cds	1.35645515629575	1.8378363612069	1.58713229178267	1.15796041119083	0.246880192487739	0.999176038581228
HMPRNC0000_2073	cds	0.0941173434018534	0.0734757135446137	4.0691914984833	0.0180565877944059	0.985593710220973	0.999176038581228
HMPRNC0000_2074	cds	0	NA	NA	NA	NA	NA
HMPRNC0000_2075	cds	0.478468116445169	-0.28333886318028	3.38785968474259	-0.0836335886212503	0.933347760621079	0.999176038581228
HMPRNC0000_2076	cds	0.993342628822788	2.00493455458344	2.06160008041463	0.972513812756648	0.330794996584149	0.999176038581228
HMPRNC0000_2078	cds	3.2738473862114	1.5681055862695	0.929597897579011	1.68686438550838	0.0916294315936648	0.999176038581228
HMPRNC0000_2079	cds	1.03604348861221	1.59865433570898	1.85505010372482	0.861784990334755	0.388805846052849	0.999176038581228
HMPRNC0000_2080	cds	3.50922250227015	2.77551034407477	1.02929661885733	2.69651166945054	0.00700699424343879	0.999176038581228
HMPRNC0000_2081	cds	0.596351224790621	-0.410925291309054	2.88334092297468	-0.142517066932589	0.886671599505438	0.999176038581228
HMPRNC0000_2082	cds	0.668807496366573	1.90087878334201	2.77884607853667	0.684053283132185	0.493941520197387	0.999176038581228
HMPRNC0000_2083	cds	1.57791881047967	1.36997194383014	1.32911634723853	1.03073891663171	0.302663269764875	0.999176038581228
HMPRNC0000_2084	cds	2.44664085991351	-1.17829944302983	1.14880785987638	-1.02567146707773	0.305046468030736	0.999176038581228
HMPRNC0000_2085	cds	1.12415360194646	-1.67776023848185	1.82790315471472	-0.917860573824382	0.358691864870795	0.999176038581228
HMPRNC0000_2086	cds	0	NA	NA	NA	NA	NA
HMPRNC0000_2087	cds	1.92954079045687	-1.04147018462188	1.28611327169647	-0.809781072586331	0.418066012758059	0.999176038581228
HMPRNC0000_2088	cds	0.573419322078737	1.66225800872342	3.30478005858999	0.502985971608845	0.614974135163552	0.999176038581228
HMPRNC0000_2089	cds	0	NA	NA	NA	NA	NA
HMPRNC0000_2090	cds	0.161616287973419	-0.555853396389147	4.0364188168111	-0.137709544429359	0.890469975909589	0.999176038581228
HMPRNC0000_2091	cds	2.45182312100147	0.482982576992628	1.07007054508678	0.451355828090251	0.651733113884209	0.999176038581228
HMPRNC0000_2092	cds	0.555470679049345	-0.200931932141141	3.32933795689738	-0.0603519182319327	0.951875352500366	0.999176038581228
HMPRNC0000_2094	cds	0.209711443421497	0.073475696645431	4.06919149792316	0.0180565836439331	0.985593713532032	0.999176038581228
HMPRNC0000_2095	cds	0	NA	NA	NA	NA	NA
HMPRNC0000_2096	cds	0	NA	NA	NA	NA	NA
HMPRNC0000_2097	cds	0.649588022451198	-0.595683159098177	2.96969420303527	-0.200587373100348	0.841021232210598	0.999176038581228
HMPRNC0000_2098	cds	0	NA	NA	NA	NA	NA
HMPRNC0000_2100	cds	0.810154407361395	-2.57217237744313	2.25876536716888	-1.1387514678725	0.254806829279886	0.999176038581228
HMPRNC0000_2102	cds	0.161616287973419	-0.555853396389147	4.0364188168111	-0.137709544429359	0.890469975909589	0.999176038581228
HMPRNC0000_2103	cds	0	NA	NA	NA	NA	NA
HMPRNC0000_2104	cds	1.54949779739433	-2.46273531024049	1.58310552630276	-1.55563559682092	0.119794769061406	0.999176038581228
HMPRNC0000_2105	cds	0.0941173434018534	0.0734757135446137	4.0691914984833	0.0180565877944059	0.985593710220973	0.999176038581228
HMPRNC0000_2106	cds	2.48302442347463	0.492990466417947	1.03773227645691	0.47506517586708	0.634740518940831	0.999176038581228
HMPRNC0000_2107	cds	8.31659140268071	-0.383096875121994	0.631530130720313	-0.606616939535474	0.544105155834261	0.999176038581228
HMPRNC0000_2109	cds	0.0941173434018534	0.0734757135446137	4.0691914984833	0.0180565877944059	0.985593710220973	0.999176038581228
HMPRNC0000_2110	cds	1.26902953248371	-0.0153138540521781	1.61871668591508	-0.00946049063769365	0.992451733178823	0.999176038581228
HMPRNC0000_2111	cds	0.627093088393582	-0.51009859470208	2.80871289031705	-0.181612936110568	0.855886496137174	0.999176038581228
HMPRNC0000_2112	cds	0.600442963939899	-2.18023003062073	2.80300029601337	-0.777820121432598	0.436675064055462	0.999176038581228
HMPRNC0000_2113	cds	7.09559413983314	-0.536262034789117	0.695156272340868	-0.771426593021033	0.440454117574304	0.999176038581228
HMPRNC0000_2114	cds	0	NA	NA	NA	NA	NA
HMPRNC0000_2115	cds	0.188234686803707	-0.704491657678831	4.02913046155396	-0.174849552378883	0.861197850866044	0.999176038581228
HMPRNC0000_2116	cds	0.0941173434018534	0.0734757135446137	4.0691914984833	0.0180565877944059	0.985593710220973	0.999176038581228
HMPRNC0000_2117	cds	0.852084856165893	-1.25207462949649	2.2320332454325	-0.560956980393845	0.574826864407003	0.999176038581228
HMPRNC0000_2118	cds	0.161616287973419	-0.555853396389147	4.0364188168111	-0.137709544429359	0.890469975909589	0.999176038581228
HMPRNC0000_2119	cds	0.344741058188022	1.16838616222527	4.07377080120153	0.28680704419617	0.774260068954625	0.999176038581228
HMPRNC0000_2120	cds	0	NA	NA	NA	NA	NA
HMPRNC0000_2121	cds	0.370088626132327	0.257290492392995	4.02913015586887	0.0638575777995714	0.949083631311336	0.999176038581228
HMPRNC0000_2123	cds	0	NA	NA	NA	NA	NA
HMPRNC0000_2124	cds	0	NA	NA	NA	NA	NA
HMPRNC0000_2126	cds	1.04847117907634	1.54442191291507	1.94811627434858	0.792777070471066	0.427907718015989	0.999176038581228
HMPRNC0000_2127	cds	0.640949992273697	3.42434078842574	2.94496957813677	1.16277628599215	0.244920280944522	0.999176038581228
HMPRNC0000_2128	cds	1.69700929846431	-0.144446125627582	1.36525951332059	-0.105801222564829	0.915740066769543	0.999176038581228
HMPRNC0000_2129	cds	0	NA	NA	NA	NA	NA
HMPRNC0000_2130	cds	0	NA	NA	NA	NA	NA
HMPRNC0000_2131	cds	0.161616287973419	-0.555853396389147	4.0364188168111	-0.137709544429359	0.890469975909589	0.999176038581228
HMPRNC0000_2132	cds	10.7766979069662	0.411008811520007	0.56731770688798	0.724477319374701	0.468772746490066	0.999176038581228
HMPRNC0000_2133	cds	1.51475011610482	1.31178375800035	1.53234348039978	0.856063783857461	0.391962499542161	0.999176038581228
HMPRNC0000_2134	cds	0.277242113616457	2.08492981639804	4.0804728567969	0.510952992353605	0.609383973154024	0.999176038581228
HMPRNC0000_2135	cds	1.15365636028683	-0.585173525150272	1.67351404219603	-0.349667532148336	0.726588222865723	0.999176038581228
HMPRNC0000_2136	cds	0.482830092265281	1.03943466107912	3.74363423654236	0.277653904041424	0.781278048910458	0.999176038581228
HMPRNC0000_2137	cds	0.36370787865724	2.6850212904654	4.06275901479766	0.660886181209819	0.508685308743725	0.999176038581228
HMPRNC0000_2138	cds	0	NA	NA	NA	NA	NA
HMPRNC0000_2139	cds	0.277242113616457	2.08492981639804	4.0804728567969	0.510952992353605	0.609383973154024	0.999176038581228
HMPRNC0000_2140	cds	0	NA	NA	NA	NA	NA
HMPRNC0000_2141	cds	0	NA	NA	NA	NA	NA
HMPRNC0000_2144	cds	0	NA	NA	NA	NA	NA
HMPRNC0000_2145	cds	0	NA	NA	NA	NA	NA
HMPRNC0000_2146	cds	0	NA	NA	NA	NA	NA
HMPRNC0000_2147	cds	0	NA	NA	NA	NA	NA
HMPRNC0000_2148	cds	0	NA	NA	NA	NA	NA
HMPRNC0000_2149	cds	0	NA	NA	NA	NA	NA
HMPRNC0000_2150	cds	0	NA	NA	NA	NA	NA
HMPRNC0000_2151	cds	0	NA	NA	NA	NA	NA
HMPRNC0000_2152	cds	0	NA	NA	NA	NA	NA
HMPRNC0000_2153	cds	0	NA	NA	NA	NA	NA
HMPRNC0000_2154	cds	0	NA	NA	NA	NA	NA
HMPRNC0000_2155	cds	0	NA	NA	NA	NA	NA
HMPRNC0000_2156	cds	0	NA	NA	NA	NA	NA
HMPRNC0000_2157	cds	0	NA	NA	NA	NA	NA
HMPRNC0000_2158	cds	0	NA	NA	NA	NA	NA
HMPRNC0000_2159	cds	0	NA	NA	NA	NA	NA
HMPRNC0000_2160	cds	0	NA	NA	NA	NA	NA
HMPRNC0000_2161	cds	0	NA	NA	NA	NA	NA
HMPRNC0000_2162	cds	0	NA	NA	NA	NA	NA
HMPRNC0000_2163	cds	0	NA	NA	NA	NA	NA
HMPRNC0000_2164	cds	0	NA	NA	NA	NA	NA
HMPRNC0000_2165	cds	0	NA	NA	NA	NA	NA
HMPRNC0000_2166	cds	0	NA	NA	NA	NA	NA
HMPRNC0000_2167	cds	0	NA	NA	NA	NA	NA
HMPRNC0000_2168	cds	0	NA	NA	NA	NA	NA
HMPRNC0000_2169	cds	0	NA	NA	NA	NA	NA
HMPRNC0000_2170	cds	0	NA	NA	NA	NA	NA
HMPRNC0000_2171	cds	0	NA	NA	NA	NA	NA
HMPRNC0000_2172	cds	0	NA	NA	NA	NA	NA
HMPRNC0000_2173	cds	0	NA	NA	NA	NA	NA
HMPRNC0000_2174	cds	0	NA	NA	NA	NA	NA
HMPRNC0000_2175	cds	0	NA	NA	NA	NA	NA
HMPRNC0000_2176	cds	0	NA	NA	NA	NA	NA
HMPRNC0000_2177	cds	0	NA	NA	NA	NA	NA
HMPRNC0000_2178	cds	0	NA	NA	NA	NA	NA
HMPRNC0000_2179	cds	0	NA	NA	NA	NA	NA
HMPRNC0000_2180	cds	0	NA	NA	NA	NA	NA
HMPRNC0000_2181	cds	0	NA	NA	NA	NA	NA
HMPRNC0000_2182	cds	0	NA	NA	NA	NA	NA
HMPRNC0000_2183	cds	0.0941173434018534	0.0734757135446137	4.0691914984833	0.0180565877944059	0.985593710220973	0.999176038581228
HMPRNC0000_2184	cds	0.343470227302039	0.405928597437925	4.03641847302418	0.100566529499057	0.919894567554434	0.999176038581228
HMPRNC0000_2185	cds	0.951127800948739	-1.49530155659282	2.01462917053367	-0.742221734135184	0.457953002369122	0.999176038581228
HMPRNC0000_2186	cds	0	NA	NA	NA	NA	NA
HMPRNC0000_2187	cds	0	NA	NA	NA	NA	NA
HMPRNC0000_2188	cds	0.0674989445715651	0.206604289724287	4.07377104429505	0.0507157342614083	0.959552038656348	0.999176038581228
HMPRNC0000_2189	cds	0.277210387993062	-0.876422720773082	4.02151421999628	-0.21793351280849	0.827480915210617	0.999176038581228
HMPRNC0000_2190	cds	1.62232746980934	0.753685841518169	1.37216633426394	0.549267113394428	0.582822152772532	0.999176038581228
HMPRNC0000_2191	cds	1.78672495312462	0.105763174010817	1.35900527595491	0.0778239613061857	0.93796808588482	0.999176038581228
HMPRNC0000_2193	cds	0.13499788914313	-0.390180750054008	4.04538587413177	-0.0964508114167845	0.923162538517817	0.999176038581228
HMPRNC0000_2194	cds	0.209711443421497	0.073475696645431	4.06919149792316	0.0180565836439331	0.985593713532032	0.999176038581228
HMPRNC0000_2195	cds	0	NA	NA	NA	NA	NA
HMPRNC0000_2197	cds	0.273118648843784	2.08492981639804	4.0804728567969	0.510952992353605	0.609383973154024	0.999176038581228
HMPRNC0000_2198	cds	0	NA	NA	NA	NA	NA
HMPRNC0000_2199	cds	0	NA	NA	NA	NA	NA
HMPRNC0000_2200	cds	16.3845313327317	0.368745550722974	0.443380671570352	0.831668077494138	0.405596324057126	0.999176038581228
HMPRNC0000_2201	cds	1.28100267106889	-0.263757918458147	1.56201458898895	-0.16885752560664	0.86590870902268	0.999176038581228
HMPRNC0000_2202	cds	0.296614177116549	-1.22796768159928	4.00832991371171	-0.306353944918216	0.759335170196842	0.999176038581228
HMPRNC0000_2203	cds	1.87040952282354	0.579608284839769	1.22715528425738	0.47231861548029	0.636699384986963	0.999176038581228
HMPRNC0000_2204	cds	0	NA	NA	NA	NA	NA
HMPRNC0000_2205	cds	0.36370787865724	2.6850212904654	4.06275901479766	0.660886181209819	0.508685308743725	0.999176038581228
HMPRNC0000_2208	cds	0.277242113616457	2.08492981639804	4.0804728567969	0.510952992353605	0.609383973154024	0.999176038581228
HMPRNC0000_2209	cds	0.13499788914313	-0.390180750054008	4.04538587413177	-0.0964508114167845	0.923162538517817	0.999176038581228
HMPRNC0000_2210	cds	0	NA	NA	NA	NA	NA
HMPRNC0000_2211	cds	0.553181670723535	-0.461559391314624	2.87815538453689	-0.160366390846856	0.872592463158141	0.999176038581228
HMPRNC0000_2212	cds	0.694592032965147	-0.774449286292978	2.58570881315988	-0.299511407607633	0.76454986929271	0.999176038581228
HMPRNC0000_2214	cds	0.249352883900185	1.16838616222527	4.07377080120153	0.28680704419617	0.774260068954625	0.999176038581228
HMPRNC0000_2216	cds	0	NA	NA	NA	NA	NA
HMPRNC0000_2218	cds	0	NA	NA	NA	NA	NA
HMPRNC0000_2219	cds	0.0674989445715651	0.206604289724287	4.07377104429505	0.0507157342614083	0.959552038656348	0.999176038581228
HMPRNC0000_2220	cds	0.36370787865724	2.6850212904654	4.06275901479766	0.660886181209819	0.508685308743725	0.999176038581228
HMPRNC0000_2222	cds	1.07380116379596	-0.437965544092184	1.85288306594897	-0.236369769976755	0.81314575169847	0.999176038581228
HMPRNC0000_2223	cds	0.391565382750117	1.03525342487768	4.06919113470239	0.254412582404635	0.799176831342001	0.999176038581228
HMPRNC0000_2225	cds	0	NA	NA	NA	NA	NA
HMPRNC0000_2226	cds	0.209711443421497	0.073475696645431	4.06919149792316	0.0180565836439331	0.985593713532032	0.999176038581228
HMPRNC0000_2227	cds	0	NA	NA	NA	NA	NA
HMPRNC0000_2228	cds	0.0941173434018534	0.0734757135446137	4.0691914984833	0.0180565877944059	0.985593710220973	0.999176038581228
HMPRNC0000_2229	cds	0.391565382750117	1.03525342487768	4.06919113470239	0.254412582404635	0.799176831342001	0.999176038581228
HMPRNC0000_2230	cds	0	NA	NA	NA	NA	NA
HMPRNC0000_2231	cds	0.0674989445715651	0.206604289724287	4.07377104429505	0.0507157342614083	0.959552038656348	0.999176038581228
HMPRNC0000_2233	cds	0.18185393932862	2.08492981639804	4.0804728567969	0.510952992353605	0.609383973154024	0.999176038581228
HMPRNC0000_2234	cds	0.273118648843784	2.08492981639804	4.0804728567969	0.510952992353605	0.609383973154024	0.999176038581228
HMPRNC0000_2235	cds	0	NA	NA	NA	NA	NA
HMPRNC0000_2236	cds	0.479738947331152	0.135850088358282	3.69629858445537	0.0367530071649497	0.970681943559875	0.999176038581228
HMPRNC0000_2239	cds	0	NA	NA	NA	NA	NA
HMPRNC0000_2240	cds	0	NA	NA	NA	NA	NA
HMPRNC0000_2241	cds	0	NA	NA	NA	NA	NA
HMPRNC0000_2242	cds	0	NA	NA	NA	NA	NA
HMPRNC0000_2243	cds	0.209711443421497	0.073475696645431	4.06919149792316	0.0180565836439331	0.985593713532032	0.999176038581228
HMPRNC0000_2249	cds	0.0674989445715651	0.206604289724287	4.07377104429505	0.0507157342614083	0.959552038656348	0.999176038581228
HMPRNC0000_2250	cds	0.344741058188022	1.16838616222527	4.07377080120153	0.28680704419617	0.774260068954625	0.999176038581228
HMPRNC0000_2251	cds	2.60268779242762	-0.479435035764619	1.03642306683772	-0.462586226710918	0.64366098302923	0.999176038581228
HMPRNC0000_2252	cds	0.581039174816412	-2.06469047899888	2.93318003557839	-0.703908540885643	0.481489732219499	0.999176038581228
HMPRNC0000_2253	cds	2.3862704870176	0.667444413625778	1.09277639882223	0.610778576793142	0.541346177945177	0.999176038581228
HMPRNC0000_2255	cds	1.16751326416694	1.4751013427354	1.7166117079192	0.859309846210625	0.390169593352229	0.999176038581228
HMPRNC0000_2256	cds	0.419422886842993	-1.57875385483678	3.98763472292074	-0.39591235520199	0.692169686120142	0.999176038581228
HMPRNC0000_2257	cds	0.573856290733005	-0.303655303188314	2.98154828209393	-0.101844838472667	0.918879834705475	0.999176038581228
HMPRNC0000_2258	cds	0	NA	NA	NA	NA	NA
HMPRNC0000_2259	cds	0.188234686803707	-0.704491657678831	4.02913046155396	-0.174849552378883	0.861197850866044	0.999176038581228
HMPRNC0000_2260	cds	0.343470227302039	0.405928597437925	4.03641847302418	0.100566529499057	0.919894567554434	0.999176038581228
HMPRNC0000_2261	cds	0	NA	NA	NA	NA	NA
HMPRNC0000_2262	cds	0.850066084510919	1.04129077830543	2.32527773502649	0.447813507444765	0.654287794227045	0.999176038581228
HMPRNC0000_2263	cds	0.849390604809211	1.22629220404662	2.29182368351198	0.535072664127221	0.592599611606558	0.999176038581228
HMPRNC0000_2265	cds	0.506325620538045	-1.92771626305419	3.2010821081466	-0.602207690377027	0.547035897227022	0.999176038581228
HMPRNC0000_2267	cds	0.161616287973419	-0.555853396389147	4.0364188168111	-0.137709544429359	0.890469975909589	0.999176038581228
HMPRNC0000_2268	cds	4.832204141606	-0.419311842537337	0.777574255545899	-0.539256334101439	0.589709994152464	0.999176038581228
HMPRNC0000_2269	cds	0.484848863920256	-1.91345024734243	3.57370789853684	-0.535424355226638	0.592356452401912	0.999176038581228
HMPRNC0000_2271	cds	1.04115340520131	-0.295784935696045	1.90879625053018	-0.154958883439701	0.876853731949667	0.999176038581228
HMPRNC0000_2273	cds	1.2781817628056	1.10300946813104	1.51524135134778	0.727943087845331	0.466648425600747	0.999176038581228
HMPRNC0000_2274	cds	0	NA	NA	NA	NA	NA
HMPRNC0000_2275	cds	0	NA	NA	NA	NA	NA
HMPRNC0000_2276	cds	0.161616287973419	-0.555853396389147	4.0364188168111	-0.137709544429359	0.890469975909589	0.999176038581228
HMPRNC0000_2279	cds	0	NA	NA	NA	NA	NA
HMPRNC0000_2280	cds	1.16509759893452	0.979282448425222	1.79357738253193	0.545993977155759	0.585070077275645	0.999176038581228
HMPRNC0000_2282	cds	0.0941173434018534	0.0734757135446137	4.0691914984833	0.0180565877944059	0.985593710220973	0.999176038581228
HMPRNC0000_2283	cds	0.277210387993062	-0.876422720773082	4.02151421999628	-0.21793351280849	0.827480915210617	0.999176038581228
HMPRNC0000_2284	cds	0.249352883900185	1.16838616222527	4.07377080120153	0.28680704419617	0.774260068954625	0.999176038581228
HMPRNC0000_2285	cds	0	NA	NA	NA	NA	NA
HMPRNC0000_2286	cds	0.384350773043315	0.1432475264969	4.02398559234531	0.0355984193306741	0.97160256871581	0.999176038581228
HMPRNC0000_2287	cds	0	NA	NA	NA	NA	NA
HMPRNC0000_2289	cds	0	NA	NA	NA	NA	NA
HMPRNC0000_2290	cds	0.340617593415349	1.16838616222528	4.07377080120153	0.28680704419617	0.774260068954624	0.999176038581228
HMPRNC0000_2291	cds	1.6162805268203	-0.0769437167519025	1.35134115219893	-0.0569387801346076	0.954593962326701	0.999176038581228
HMPRNC0000_2292	cds	0.752825870551541	-0.88758481620852	2.48280531184755	-0.357492716796241	0.720722977621829	0.999176038581228
HMPRNC0000_2293	cds	0.0941173434018534	0.0734757135446137	4.0691914984833	0.0180565877944059	0.985593710220973	0.999176038581228
HMPRNC0000_2294	cds	5.53073842444249	-0.549030454120337	0.762795955209505	-0.719760573415132	0.47167242381598	0.999176038581228
HMPRNC0000_2295	cds	8.22464729391406	0.590571468203075	0.597485737039346	0.988427725705164	0.322943214451245	0.999176038581228
HMPRNC0000_2296	cds	2.05721189590448	0.309137937876256	1.23055903070773	0.251217479342265	0.801645971248399	0.999176038581228
HMPRNC0000_2297	cds	7.75546107829313	-0.824833534048638	0.635934436795275	-1.29704178028996	0.194616811637801	0.999176038581228
HMPRNC0000_2298	cds	1.27646507001327	-0.59587847508399	1.72724152883186	-0.344988506319083	0.730103011534695	0.999176038581228
HMPRNC0000_2299	cds	1.78924378252527	1.22497157946017	1.24344059028871	0.985146849014911	0.324551943940941	0.999176038581228
HMPRNC0000_2300	cds	2.73901070829606	0.372808797520938	1.03037735340683	0.361817732395113	0.717488240139265	0.999176038581228
HMPRNC0000_2301	cds	17.0198553963638	-0.296155284939137	0.430272860907969	-0.688296455217242	0.491266113520222	0.999176038581228
HMPRNC0000_2303	cds	3.84447673626463	-1.1659269032817	0.936427052037458	-1.24508033033101	0.213102223580308	0.999176038581228
HMPRNC0000_2304	cds	1.73439345624059	1.07360440331291	1.28847363278806	0.833237387240737	0.404710860775717	0.999176038581228
HMPRNC0000_2305	cds	4.76751639280266	-0.117113723660588	1.36812567818506	-0.0856015829013241	0.931783140107293	0.999176038581228
HMPRNC0000_2306	cds	2.940538673419	1.33965313048616	1.00003362180386	1.33960809044569	0.180372792146217	0.999176038581228
HMPRNC0000_2307	cds	0.209711443421497	0.073475696645431	4.06919149792316	0.0180565836439331	0.985593713532032	0.999176038581228
HMPRNC0000_2308	cds	0	NA	NA	NA	NA	NA
HMPRNC0000_2311	cds	0.28235203020556	-1.15399669865347	4.01086057678509	-0.287717978862896	0.773562626562005	0.999176038581228
HMPRNC0000_2312	cds	0.526563271893247	-0.366692964672308	3.18849738468074	-0.115004944471367	0.908441202929157	0.999176038581228
HMPRNC0000_2313	cds	0.371327731394915	-1.45649110697146	3.99456371648222	-0.36461831888217	0.715396338449868	0.999176038581228
HMPRNC0000_2315	cds	1.82884460412849	-0.561600041538615	1.2814903314802	-0.438239780467116	0.661212474269773	0.999176038581228
HMPRNC0000_2316	cds	3.23618409851222	-0.678037414898928	0.968195970022608	-0.700310098257376	0.483733666665177	0.999176038581228
HMPRNC0000_2317	cds	3.50494966478796	0.184845187449935	0.888370343631565	0.208072217600497	0.835172579547678	0.999176038581228
HMPRNC0000_2319	cds	1.10227160229779	0.612032805117354	1.69734998668282	0.360581382696133	0.718412408771831	0.999176038581228
HMPRNC0000_2320	cds	1.29586885913676	-0.748848079110056	1.5935701242439	-0.469918497916973	0.638413247896557	0.999176038581228
HMPRNC0000_2322	cds	6.17260820041062	0.65961552814319	0.6938214783509	0.950699205379153	0.341757091698107	0.999176038581228
HMPRNC0000_2323	cds	0.18185393932862	2.08492981639804	4.0804728567969	0.510952992353605	0.609383973154024	0.999176038581228
HMPRNC0000_2324	cds	1.53391539418087	0.391197188239766	1.33038364543487	0.294048404444939	0.768720916050648	0.999176038581228
HMPRNC0000_2326	cds	0.783567734154502	-0.957176033043622	2.27101543996103	-0.42147491214769	0.673408327035743	0.999176038581228
HMPRNC0000_2328	cds	0.13499788914313	-0.390180750054008	4.04538587413177	-0.0964508114167845	0.923162538517817	0.999176038581228
HMPRNC0000_2330	cds	0.836804531815079	-1.08796265037332	2.18948403376556	-0.496903669355469	0.61925698382727	0.999176038581228
HMPRNC0000_2331	cds	0.973843662829117	-2.84799314823778	3.74375144927781	-0.760732432914897	0.44681689876972	0.999176038581228
HMPRNC0000_2332	cds	0.732182976165466	1.01991070648343	2.42864312676823	0.419950833962424	0.6745213711039	0.999176038581228
HMPRNC0000_2333	cds	1.00221048007512	1.1704583420248	1.90162452916245	0.615504440584978	0.538221637642861	0.999176038581228
HMPRNC0000_2334	cds	2.67877534176019	0.202872487046684	1.02774193614531	0.197396330646568	0.843517400851654	0.999176038581228
HMPRNC0000_2335	cds	4.62070410975975	0.00112916779125937	0.77464731021386	0.00145765405284585	0.998836960748105	0.999176038581228
HMPRNC0000_2338	cds	3.08266525080621	-0.214656033011746	0.926792256565109	-0.23161181105171	0.816839533049573	0.999176038581228
HMPRNC0000_2339	cds	3.05158159541917	1.62521837449688	0.957356375162634	1.69761064600504	0.0895812721792877	0.999176038581228
HMPRNC0000_2340	cds	2.74839667924255	-1.50133985466547	1.10917772891154	-1.35356112508567	0.17587643649575	0.999176038581228
HMPRNC0000_2341	cds	0	NA	NA	NA	NA	NA
HMPRNC0000_2343	cds	0.52247153274397	1.99520625992709	3.22767228926179	0.618156392941434	0.536472251954096	0.999176038581228
HMPRNC0000_2345	cds	0.161616287973419	-0.555853396389147	4.0364188168111	-0.137709544429359	0.890469975909589	0.999176038581228
HMPRNC0000_2346	cds	0.52247153274397	1.99520625992709	3.22767228926179	0.618156392941434	0.536472251954096	0.999176038581228
HMPRNC0000_2348	cds	0.443968318178979	-1.77669142763097	3.86944875041325	-0.459158795536759	0.646120137495269	0.999176038581228
HMPRNC0000_2349	cds	0	NA	NA	NA	NA	NA
HMPRNC0000_2350	cds	0.478468116445169	-0.28333886318028	3.38785968474259	-0.0836335886212503	0.933347760621079	0.999176038581228
HMPRNC0000_2351	cds	2.20835569725354	1.44706116689903	1.15992154364041	1.24755090103546	0.212195568638701	0.999176038581228
HMPRNC0000_2352	cds	0	NA	NA	NA	NA	NA
HMPRNC0000_2354	cds	0.161616287973419	-0.555853396389147	4.0364188168111	-0.137709544429359	0.890469975909589	0.999176038581228
HMPRNC0000_2355	cds	0	NA	NA	NA	NA	NA
HMPRNC0000_2356	cds	2.16076071611955	-0.445535757418002	1.19558459476236	-0.372650968714228	0.709408233225281	0.999176038581228
HMPRNC0000_2358	cds	0.762090977536712	-0.998593565422595	2.4119756593991	-0.414014777276556	0.678863284647803	0.999176038581228
HMPRNC0000_2359	cds	1.00815425889594	0.990888194698536	1.82823695246222	0.541991120660829	0.58782462278787	0.999176038581228
HMPRNC0000_2361	cds	0.18185393932862	2.08492981639804	4.0804728567969	0.510952992353605	0.609383973154024	0.999176038581228
HMPRNC0000_2362	cds	0	NA	NA	NA	NA	NA
HMPRNC0000_2363	cds	0.340617593415349	1.16838616222528	4.07377080120153	0.28680704419617	0.774260068954624	0.999176038581228
HMPRNC0000_2365	cds	0	NA	NA	NA	NA	NA
HMPRNC0000_2367	cds	1.49709486196547	-1.35978880485381	1.51798219219093	-0.895787059854244	0.370366502322599	0.999176038581228
HMPRNC0000_2368	cds	0.553181670723535	-0.461559391314624	2.87815538453689	-0.160366390846856	0.872592463158141	0.999176038581228
HMPRNC0000_2369	cds	0.50635734616144	0.00660413530408324	3.26328960671201	0.0020237662297884	0.998385269272801	0.999176038581228
HMPRNC0000_2370	cds	1.4930031228162	-0.374336979794978	1.38567213782682	-0.270148305343037	0.787046160832756	0.999176038581228
HMPRNC0000_2371	cds	0.714829684320349	0.717410668828394	2.41675158511906	0.296849156216877	0.766581674759624	0.999176038581228
HMPRNC0000_2381	cds	3.6010450444009	0.506189372451756	0.856926327093761	0.590703490425463	0.55471910885862	0.999176038581228
HMPRNC0000_2383	cds	0	NA	NA	NA	NA	NA
HMPRNC0000_2384	cds	0.229115232544984	-0.939593060227072	4.01891957668391	-0.233792451503184	0.815146110026782	0.999176038581228
HMPRNC0000_2385	cds	0.470586717009267	-1.85431365939942	3.97391491252037	-0.466621379727369	0.64077078797784	0.999176038581228
HMPRNC0000_2386	cds	2.44205795627063	-0.931342782534672	1.11441871941389	-0.83572069125373	0.403312052178022	0.999176038581228
HMPRNC0000_2387	cds	1.54054879510211	0.0635852838088253	1.45557089137229	0.0436840858701688	0.965156224742688	0.999176038581228
HMPRNC0000_2388	cds	1.0316497871687	-0.684814671897759	1.85677838701479	-0.368818743629799	0.7122628327144	0.999176038581228
HMPRNC0000_2389	cds	1.73983717731574	-1.43515792127591	1.42269789895406	-1.00875802398458	0.313090696684896	0.999176038581228
HMPRNC0000_2391	cds	0.532975744991729	-0.103752910016273	3.15320412665308	-0.0329039623978926	0.973751172971764	0.999176038581228
HMPRNC0000_2393	cds	0	NA	NA	NA	NA	NA
HMPRNC0000_2394	cds	0	NA	NA	NA	NA	NA
HMPRNC0000_2395	cds	0.30382878682335	-1.08630962190442	4.01328521099381	-0.270678400560376	0.78663839070978	0.999176038581228
HMPRNC0000_2396	cds	0	NA	NA	NA	NA	NA
HMPRNC0000_2398	cds	0	NA	NA	NA	NA	NA
HMPRNC0000_2399	cds	0.18185393932862	2.08492981639804	4.0804728567969	0.510952992353605	0.609383973154024	0.999176038581228
HMPRNC0000_2400	cds	0	NA	NA	NA	NA	NA
HMPRNC0000_2401	cds	2.94249399382719	-0.497412425491064	0.980067852241891	-0.507528559735165	0.611784002585996	0.999176038581228
HMPRNC0000_2402	cds	0.686940454604077	0.214137048866126	2.6026191307872	0.0822775204919658	0.934426029850535	0.999176038581228
HMPRNC0000_2403	cds	2.35480383486485	-0.335255822119758	1.10455839213945	-0.303520234426349	0.761493429482021	0.999176038581228
HMPRNC0000_2404	cds	0.532944019368334	-1.99863258561767	3.06857431118854	-0.65132285645823	0.514838096982279	0.999176038581228
HMPRNC0000_2405	cds	0.188234686803707	-0.704491657678831	4.02913046155396	-0.174849552378883	0.861197850866044	0.999176038581228
HMPRNC0000_2406	cds	4.16412688621531	0.166960505638716	0.813261605686702	0.205297415335055	0.837339763317018	0.999176038581228
HMPRNC0000_2407	cds	0.89097835587559	2.77620335192709	2.24113501167441	1.23874882033676	0.215438532736458	0.999176038581228
HMPRNC0000_2409	cds	0	NA	NA	NA	NA	NA
HMPRNC0000_2410	cds	0.0674989445715651	0.206604289724287	4.07377104429505	0.0507157342614083	0.959552038656348	0.999176038581228
HMPRNC0000_2413	cds	0	NA	NA	NA	NA	NA
HMPRNC0000_2414	cds	0	NA	NA	NA	NA	NA
HMPRNC0000_2415	cds	0	NA	NA	NA	NA	NA
HMPRNC0000_2416	cds	0	NA	NA	NA	NA	NA
HMPRNC0000_2417	cds	0	NA	NA	NA	NA	NA
HMPRNC0000_2418	cds	0.209711443421497	0.073475696645431	4.06919149792316	0.0180565836439331	0.985593713532032	0.999176038581228
HMPRNC0000_2421	cds	0.0941173434018534	0.0734757135446137	4.0691914984833	0.0180565877944059	0.985593710220973	0.999176038581228
HMPRNC0000_2422	cds	0	NA	NA	NA	NA	NA
HMPRNC0000_2423	cds	0.0941173434018534	0.0734757135446137	4.0691914984833	0.0180565877944059	0.985593710220973	0.999176038581228
HMPRNC0000_2424	cds	0	NA	NA	NA	NA	NA
HMPRNC0000_2426	cds	0	NA	NA	NA	NA	NA
HMPRNC0000_2428	cds	0.0941173434018534	0.0734757135446137	4.0691914984833	0.0180565877944059	0.985593710220973	0.999176038581228
HMPRNC0000_2429	cds	0	NA	NA	NA	NA	NA
HMPRNC0000_2430	cds	0	NA	NA	NA	NA	NA
HMPRNC0000_2431	cds	3.69588348993961	-0.754375346816422	0.927038204931176	-0.813747850739795	0.415789415562354	0.999176038581228
HMPRNC0000_2432	cds	1.64309702110203	0.146008807341661	1.37300382049669	0.106342608201077	0.915310526775085	0.999176038581228
HMPRNC0000_2433	cds	0.0674989445715651	0.206604289724287	4.07377104429505	0.0507157342614083	0.959552038656348	0.999176038581228
HMPRNC0000_2434	cds	0.277242113616457	2.08492981639804	4.0804728567969	0.510952992353605	0.609383973154024	0.999176038581228
HMPRNC0000_2435	cds	0.18185393932862	2.08492981639804	4.0804728567969	0.510952992353605	0.609383973154024	0.999176038581228
HMPRNC0000_2436	cds	1.12291449668387	-0.543713664244072	1.69964264633632	-0.319898812503957	0.749045038094848	0.999176038581228
HMPRNC0000_2437	cds	4.53604906284047	-1.12317880517304	0.868434137777323	-1.29333792433323	0.195894209495826	0.999176038581228
HMPRNC0000_2438	cds	4.88867222313896	-0.377351186246867	0.832877027435714	-0.453069509443269	0.650498690092706	0.999176038581228
HMPRNC0000_2439	cds	1.26286971283139	0.269528954774886	1.61919761155787	0.16645834507844	0.867796261595841	0.999176038581228
HMPRNC0000_2440	cds	0.161616287973419	-0.555853396389147	4.0364188168111	-0.137709544429359	0.890469975909589	0.999176038581228
HMPRNC0000_2441	cds	1.31201477134268	1.42412087275482	1.56032200882562	0.912709597569984	0.361395294863925	0.999176038581228
HMPRNC0000_2442	cds	5.99002971811919	1.04111312531055	0.703785939731004	1.47930367251793	0.139059171777552	0.999176038581228
HMPRNC0000_2443	cds	11.4763507065484	-0.543707264177979	0.530002013949969	-1.02585886443311	0.304958114795424	0.999176038581228
HMPRNC0000_2444	cds	6.59835329210938	-1.22268306372119	0.792491172514325	-1.54283493132422	0.1228708317035	0.999176038581228
HMPRNC0000_2445	cds	0.249352883900185	1.16838616222527	4.07377080120153	0.28680704419617	0.774260068954625	0.999176038581228
HMPRNC0000_2446	cds	1.36914451002653	-1.29321076591666	1.60821158079096	-0.804129743476054	0.421322048502625	0.999176038581228
HMPRNC0000_2447	cds	0.30382878682335	-1.08630962190442	4.01328521099381	-0.270678400560376	0.78663839070978	0.999176038581228
HMPRNC0000_2448	cds	1.91312452501168	0.371581783054752	1.2391101626944	0.299877923885928	0.764270274011914	0.999176038581228
HMPRNC0000_2449	cds	2.80087684616153	-0.136115763396792	0.99134695929283	-0.137303859280397	0.890790620064862	0.999176038581228
HMPRNC0000_2450	cds	5.13675427615317	-0.360344209434536	0.767265990668611	-0.469647050458374	0.638607203505983	0.999176038581228
HMPRNC0000_2451	cds	1.39971964164606	0.860306256008964	1.48872432451745	0.577881506898749	0.563344121552284	0.999176038581228
HMPRNC0000_2452	cds	3.28629790904685	1.23000872901165	0.92192945152057	1.3341679528547	0.182148819737269	0.999176038581228
HMPRNC0000_2453	cds	0.52247153274397	1.99520625992709	3.22767228926179	0.618156392941434	0.536472251954096	0.999176038581228
HMPRNC0000_2454	cds	1.12103073138893	-3.08792511954944	1.86736790621078	-1.65362439253623	0.0982038533806593	0.999176038581228
HMPRNC0000_2455	cds	2.97301492960739	-0.214877334174882	0.955644128962511	-0.224850786671145	0.822095355462916	0.999176038581228
HMPRNC0000_2456	cds	1.98354824468934	0.940313609236987	1.24411541481232	0.75580898527717	0.449763728746451	0.999176038581228
HMPRNC0000_2457	cds	2.86096272341947	0.27545851182737	1.01790133680508	0.270614156664692	0.786687806531645	0.999176038581228
HMPRNC0000_2458	cds	0.526594997516642	2.00471966205736	3.21026664550697	0.624471386158257	0.532318056259937	0.999176038581228
HMPRNC0000_2459	cds	4.53018677557872	-1.01933826132634	0.872865799372199	-1.16780639367414	0.242884868521653	0.999176038581228
HMPRNC0000_2460	cds	0.296614177116549	-1.22796768159928	4.00832991371171	-0.306353944918216	0.759335170196842	0.999176038581228
HMPRNC0000_2461	cds	1.85650331009536	-2.6635257542094	1.51296777463314	-1.76046429994535	0.0783291154142738	0.999176038581228
HMPRNC0000_2462	cds	4.29374405666365	-0.499584472629637	0.879005664829002	-0.568351823678889	0.569796096175444	0.999176038581228
HMPRNC0000_2464	cds	7.39795042128848	0.818776210078022	0.617132605130667	1.32674275070049	0.184593794022076	0.999176038581228
HMPRNC0000_2465	cds	1.00533335063265	4.02266754633081	2.03974044756167	1.97214677540937	0.0485928535491682	0.999176038581228
HMPRNC0000_2466	cds	4.7523092321937	-0.103880965005695	0.789725961046615	-0.131540521813443	0.895347733269796	0.999176038581228
HMPRNC0000_2467	cds	0.454972588172405	2.91228826228434	3.83925761464398	0.758555052720629	0.44811876873297	0.999176038581228
HMPRNC0000_2469	cds	0.0941173434018534	0.0734757135446137	4.0691914984833	0.0180565877944059	0.985593710220973	0.999176038581228
HMPRNC0000_2471	cds	0.255733631375272	-1.05099511726465	4.01459304671967	-0.261793687438237	0.793480506083901	0.999176038581228
HMPRNC0000_2472	cds	0	NA	NA	NA	NA	NA
HMPRNC0000_2473	cds	0.0674989445715651	0.206604289724287	4.07377104429505	0.0507157342614083	0.959552038656348	0.999176038581228
HMPRNC0000_2474	cds	0.371327731394915	-1.45649110697146	3.99456371648222	-0.36461831888217	0.715396338449868	0.999176038581228
HMPRNC0000_2475	cds	0.0674989445715651	0.206604289724287	4.07377104429505	0.0507157342614083	0.959552038656348	0.999176038581228
HMPRNC0000_2476	cds	0	NA	NA	NA	NA	NA
HMPRNC0000_2477	cds	1.42392237524392	0.349448393437507	1.44514524227954	0.241808493163147	0.808928557589393	0.999176038581228
HMPRNC0000_2479	cds	2.23054866901692	-0.423173108457524	1.11481022016061	-0.379592060428507	0.70424825532437	0.999176038581228
HMPRNC0000_2481	cds	0.0941173434018534	0.0734757135446137	4.0691914984833	0.0180565877944059	0.985593710220973	0.999176038581228
HMPRNC0000_2482	cds	0	NA	NA	NA	NA	NA
HMPRNC0000_2483	cds	0	NA	NA	NA	NA	NA
HMPRNC0000_2484	cds	0.459096052945077	2.92286995476983	3.81315572255548	0.766522578000302	0.443365422890394	0.999176038581228
HMPRNC0000_2485	cds	0.0674989445715651	0.206604289724287	4.07377104429505	0.0507157342614083	0.959552038656348	0.999176038581228
HMPRNC0000_2486	cds	0.783536008531107	-2.52784923188762	2.33624496393875	-1.08201377462826	0.279246407300769	0.999176038581228
HMPRNC0000_2488	cds	0.209711443421497	0.073475696645431	4.06919149792316	0.0180565836439331	0.985593713532032	0.999176038581228
HMPRNC0000_2489	cds	0.0941173434018534	0.0734757135446137	4.0691914984833	0.0180565877944059	0.985593710220973	0.999176038581228
HMPRNC0000_2490	cds	0.437587570703892	-0.0945143153619497	3.62626251019246	-0.0260638371039866	0.979206421067597	0.999176038581228
HMPRNC0000_2491	cds	0.37135945701831	1.03525348243549	4.06919113661017	0.254412596430137	0.799176820507636	0.999176038581228
HMPRNC0000_2493	cds	0.26999577828626	-1.13227772519872	4.01162701296415	-0.282249003095154	0.777752586031698	0.999176038581228
HMPRNC0000_2494	cds	0.64135523530457	-0.601999647254243	2.75183183055187	-0.21876324002456	0.826834483473198	0.999176038581228
HMPRNC0000_2495	cds	0.660322055773789	0.313897427280073	2.69461186285628	0.116490776132539	0.907263595909805	0.999176038581228
HMPRNC0000_2496	cds	0.13499788914313	-0.390180750054008	4.04538587413177	-0.0964508114167845	0.923162538517817	0.999176038581228
HMPRNC0000_2498	cds	0	NA	NA	NA	NA	NA
HMPRNC0000_2499	cds	1.36057862106843	1.8438970047189	1.60076538489359	1.15188460602643	0.249368494806383	0.999176038581228
HMPRNC0000_2500	cds	0.277210387993062	-0.876422720773082	4.02151421999628	-0.21793351280849	0.827480915210617	0.999176038581228
HMPRNC0000_2501	cds	1.16667940193523	0.180011856736586	1.64427822272128	0.109477735731771	0.912823579926536	0.999176038581228
HMPRNC0000_2502	cds	0	NA	NA	NA	NA	NA
HMPRNC0000_2504	cds	0	NA	NA	NA	NA	NA
HMPRNC0000_2505	cds	0	NA	NA	NA	NA	NA
HMPRNC0000_2507	cds	0.397946130225203	-1.55739667387557	3.98880547250892	-0.390441871535034	0.696209830812308	0.999176038581228
HMPRNC0000_2509	cds	1.06182802521078	-0.110629339256149	1.82571549496347	-0.0605950596143473	0.951681708152483	0.999176038581228
HMPRNC0000_2510	cds	0	NA	NA	NA	NA	NA
HMPRNC0000_2511	cds	0	NA	NA	NA	NA	NA
HMPRNC0000_2512	cds	0	NA	NA	NA	NA	NA
HMPRNC0000_2513	cds	0	NA	NA	NA	NA	NA
HMPRNC0000_2515	cds	0	NA	NA	NA	NA	NA
HMPRNC0000_2516	cds	0.0674989445715651	0.206604289724287	4.07377104429505	0.0507157342614083	0.959552038656348	0.999176038581228
HMPRNC0000_2517	cds	0	NA	NA	NA	NA	NA
HMPRNC0000_2519	cds	0.0674989445715651	0.206604289724287	4.07377104429505	0.0507157342614083	0.959552038656348	0.999176038581228
HMPRNC0000_2521	cds	0.229115232544984	-0.939593060227072	4.01891957668391	-0.233792451503184	0.815146110026782	0.999176038581228
HMPRNC0000_2523	cds	0.834699838697381	-2.71247010396698	2.35752456610441	-1.15055857443262	0.249913883692737	0.999176038581228
HMPRNC0000_2524	cds	0.640918266650302	0.781125948193611	2.81033184041993	0.27794794086555	0.781052321758114	0.999176038581228
HMPRNC0000_2525	cds	0.0941173434018534	0.0734757135446137	4.0691914984833	0.0180565877944059	0.985593710220973	0.999176038581228
HMPRNC0000_2528	cds	1.19041344125543	-0.699592291913948	1.64777649673486	-0.42456746609763	0.671152013895074	0.999176038581228
HMPRNC0000_2529	cds	0.741448083150637	0.625355190914861	2.52272861132857	0.247888412612693	0.804220745552119	0.999176038581228
HMPRNC0000_2530	cds	0.550360762460241	3.14638712117646	3.33353279432788	0.943859657397144	0.345241369985514	0.999176038581228
HMPRNC0000_2531	cds	0.0941173434018534	0.0734757135446137	4.0691914984833	0.0180565877944059	0.985593710220973	0.999176038581228
HMPRNC0000_2532	cds	0.0674989445715651	0.206604289724287	4.07377104429505	0.0507157342614083	0.959552038656348	0.999176038581228
HMPRNC0000_2534	cds	3.44820758591031	0.104081670873272	0.890091656057406	0.116933655275788	0.906912628037586	0.999176038581228
HMPRNC0000_2535	cds	0.760072205881738	2.09983309374972	2.56054287515954	0.820073396981835	0.412174266813916	0.999176038581228
HMPRNC0000_2536	cds	1.32312232207275	-1.16561619799439	1.72574823761369	-0.675426561412088	0.499404794837941	0.999176038581228
HMPRNC0000_2537	cds	0	NA	NA	NA	NA	NA
HMPRNC0000_2538	cds	1.90273318942721	0.124762610349546	1.22134186090697	0.102152079072191	0.918635964057587	0.999176038581228
HMPRNC0000_2539	cds	7.76382040577795	0.205154547794302	0.62242703215034	0.329604173979303	0.741699068322286	0.999176038581228
HMPRNC0000_2542	cds	1.4308350226565	-2.20938222086217	1.61811107236303	-1.36540825818321	0.172124769775884	0.999176038581228
HMPRNC0000_2544	cds	0.275971282730474	1.03525348243549	4.06919113661017	0.254412596430137	0.799176820507636	0.999176038581228
HMPRNC0000_2545	cds	0.616588876145823	1.22770671037162	2.68267792104978	0.457642231569563	0.647209497404284	0.999176038581228
HMPRNC0000_2546	cds	0.188234686803707	-0.704491657678831	4.02913046155396	-0.174849552378883	0.861197850866044	0.999176038581228
HMPRNC0000_2547	cds	0	NA	NA	NA	NA	NA
HMPRNC0000_2548	cds	0	NA	NA	NA	NA	NA
HMPRNC0000_2551	cds	1.34396401458484	-0.72531071593005	1.61583321897249	-0.448877215429001	0.653520233185349	0.999176038581228
HMPRNC0000_2553	cds	2.34094693098474	-1.36321289984038	1.1742668631331	-1.16090553403095	0.245680318080788	0.999176038581228
HMPRNC0000_2554	cds	0.438858401589875	0.403528698527249	3.63974235542171	0.110867379919394	0.911721513148673	0.999176038581228
HMPRNC0000_2555	cds	0.461353335647491	0.257373489777121	3.82013999014928	0.067372790117847	0.946284930298755	0.999176038581228
HMPRNC0000_2556	cds	0.249352883900185	1.16838616222527	4.07377080120153	0.28680704419617	0.774260068954625	0.999176038581228
HMPRNC0000_2558	cds	0.161616287973419	-0.555853396389147	4.0364188168111	-0.137709544429359	0.890469975909589	0.999176038581228
HMPRNC0000_2559	cds	0.482830092265281	1.03943466107912	3.74363423654236	0.277653904041424	0.781278048910458	0.999176038581228
HMPRNC0000_2560	cds	0.822803931602317	3.80200052182211	2.4463367111388	1.55416075984578	0.120146074956767	0.999176038581228
HMPRNC0000_2561	cds	0.486953557037953	1.03975992490238	3.72127078681327	0.279409907117452	0.779930268950701	0.999176038581228
HMPRNC0000_2563	cds	0	NA	NA	NA	NA	NA
HMPRNC0000_2564	cds	0.966439850922948	-0.250789750519729	1.93920762616915	-0.129325889159768	0.897099786861342	0.999176038581228
HMPRNC0000_2565	cds	1.12827706671913	-1.67757852088891	1.82505604495892	-0.919192879321505	0.357994694971455	0.999176038581228
HMPRNC0000_2566	cds	0.771824416644155	1.86771328783672	2.40918165062439	0.77524801309717	0.438193122054354	0.999176038581228
HMPRNC0000_2567	cds	0	NA	NA	NA	NA	NA
HMPRNC0000_2568	cds	0.973843662829117	-2.84799314823778	3.74375144927781	-0.760732432914897	0.44681689876972	0.999176038581228
HMPRNC0000_2569	cds	0.30382878682335	-1.08630962190442	4.01328521099381	-0.270678400560376	0.78663839070978	0.999176038581228
HMPRNC0000_2570	cds	0.46420596953418	-0.194448493955942	3.80068150302459	-0.0511614808557886	0.959196845449972	0.999176038581228
HMPRNC0000_2572	cds	1.12703796145654	-0.539383971167739	1.69620992999019	-0.31799364078175	0.750489760666457	0.999176038581228
HMPRNC0000_2573	cds	0.209711443421497	0.073475696645431	4.06919149792316	0.0180565836439331	0.985593713532032	0.999176038581228
HMPRNC0000_2574	cds	0.693321202079164	-1.05335506794175	2.58341346027759	-0.407737702128625	0.683466254760525	0.999176038581228
HMPRNC0000_2575	cds	0.0941173434018534	0.0734757135446137	4.0691914984833	0.0180565877944059	0.985593710220973	0.999176038581228
HMPRNC0000_2576	cds	1.77786508917033	-1.30409543263149	1.38457857679627	-0.941871739521638	0.346258310438469	0.999176038581228
HMPRNC0000_2577	cds	0.532944019368334	-1.99863258561767	3.06857431118854	-0.65132285645823	0.514838096982279	0.999176038581228
HMPRNC0000_2578	cds	0.340617593415349	1.16838616222528	4.07377080120153	0.28680704419617	0.774260068954624	0.999176038581228
HMPRNC0000_2579	cds	0.13499788914313	-0.390180750054008	4.04538587413177	-0.0964508114167845	0.923162538517817	0.999176038581228
HMPRNC0000_2580	cds	0	NA	NA	NA	NA	NA
HMPRNC0000_2581	cds	0.161616287973419	-0.555853396389147	4.0364188168111	-0.137709544429359	0.890469975909589	0.999176038581228
HMPRNC0000_2582	cds	0	NA	NA	NA	NA	NA
HMPRNC0000_2583	cds	0	NA	NA	NA	NA	NA
HMPRNC0000_2584	cds	0	NA	NA	NA	NA	NA
HMPRNC0000_2586	cds	0.531704914105745	-0.497260701363726	3.14618391305908	-0.158052013202315	0.874415813142968	0.999176038581228
HMPRNC0000_2588	cds	1.48001180679119	-0.0439352751743128	1.41454051508988	-0.0310597502903768	0.975221888785672	0.999176038581228
HMPRNC0000_2591	cds	0.275971282730474	1.03525348243549	4.06919113661017	0.254412596430137	0.799176820507636	0.999176038581228
HMPRNC0000_2592	cds	0	NA	NA	NA	NA	NA
HMPRNC0000_2593	cds	0.275971282730474	1.03525348243549	4.06919113661017	0.254412596430137	0.799176820507636	0.999176038581228
HMPRNC0000_2594	cds	0.793819292956104	-2.63039802973031	2.47938062635783	-1.06090932621117	0.288731110496757	0.999176038581228
HMPRNC0000_2596	cds	0	NA	NA	NA	NA	NA
HMPRNC0000_2597	cds	0.553181670723535	-0.461559391314624	2.87815538453689	-0.160366390846856	0.872592463158141	0.999176038581228
HMPRNC0000_2599	cds	0.0674989445715651	0.206604289724287	4.07377104429505	0.0507157342614083	0.959552038656348	0.999176038581228
HMPRNC0000_2600	cds	0.18185393932862	2.08492981639804	4.0804728567969	0.510952992353605	0.609383973154024	0.999176038581228
HMPRNC0000_2601	cds	0	NA	NA	NA	NA	NA
HMPRNC0000_2602	cds	0.229115232544984	-0.939593060227072	4.01891957668391	-0.233792451503184	0.815146110026782	0.999176038581228
HMPRNC0000_2605	cds	1.35034476205993	-1.93852423872635	1.71087295607115	-1.13306147709412	0.257188437326322	0.999176038581228
HMPRNC0000_2606	cds	0.644446380238699	-0.446298314238975	2.61726601445225	-0.170520807504688	0.864600571971965	0.999176038581228
HMPRNC0000_2607	cds	0	NA	NA	NA	NA	NA
HMPRNC0000_2608	cds	0	NA	NA	NA	NA	NA
HMPRNC0000_2609	cds	0	NA	NA	NA	NA	NA
HMPRNC0000_2610	cds	0.370088626132327	0.257290492392995	4.02913015586887	0.0638575777995714	0.949083631311336	0.999176038581228
HMPRNC0000_2611	cds	0.550360762460241	3.14638712117646	3.33353279432788	0.943859657397144	0.345241369985514	0.999176038581228
HMPRNC0000_2612	cds	0.18185393932862	2.08492981639804	4.0804728567969	0.510952992353605	0.609383973154024	0.999176038581228
HMPRNC0000_2613	cds	7.72233618103518	0.0116647245916428	0.609228022477801	0.0191467302245898	0.984724052923081	0.999176038581228
HMPRNC0000_2616	cds	11.4007402660217	0.375663338588462	0.50636718233484	0.741879315433304	0.458160459229704	0.999176038581228
HMPRNC0000_2619	cds	1.25877797368211	1.5821187356032	1.59187648984144	0.993870281833732	0.320286024171151	0.999176038581228
HMPRNC0000_2621	cds	0.937532443766851	-0.473449975547172	1.99905826146881	-0.236836506805612	0.812783628790339	0.999176038581228
HMPRNC0000_2622	cds	0.18185393932862	2.08492981639804	4.0804728567969	0.510952992353605	0.609383973154024	0.999176038581228
HMPRNC0000_2623	cds	0.161616287973419	-0.555853396389147	4.0364188168111	-0.137709544429359	0.890469975909589	0.999176038581228
HMPRNC0000_2625	cds	0	NA	NA	NA	NA	NA
HMPRNC0000_2626	cds	0.0674989445715651	0.206604289724287	4.07377104429505	0.0507157342614083	0.959552038656348	0.999176038581228
HMPRNC0000_2627	cds	0.605584606152397	-2.23407024818049	3.02351537564051	-0.738898259350583	0.459968779396536	0.999176038581228
HMPRNC0000_2628	cds	0.0674989445715651	0.206604289724287	4.07377104429505	0.0507157342614083	0.959552038656348	0.999176038581228
HMPRNC0000_2629	cds	0.443968318178979	-1.77669142763097	3.86944875041325	-0.459158795536759	0.646120137495269	0.999176038581228
HMPRNC0000_2630	cds	1.55697395379936	-0.03268018996185	1.37035343139154	-0.0238480009705704	0.980973851684514	0.999176038581228
HMPRNC0000_2632	cds	1.40865094414518	2.81387151799076	1.63425989439295	1.72180173278741	0.0851054406061389	0.999176038581228
HMPRNC0000_2633	cds	1.38529042223245	0.418333003214455	1.49249530095068	0.280291001886563	0.779254253677565	0.999176038581228
HMPRNC0000_2634	cds	0.343470227302039	0.405928597437925	4.03641847302418	0.100566529499057	0.919894567554434	0.999176038581228
HMPRNC0000_2636	cds	0.808947027722202	0.305564897950568	2.21637056202	0.137867242593259	0.8903453397616	0.999176038581228
HMPRNC0000_2638	cds	1.71700843877208	0.142621378606321	1.24040574237051	0.114979618147978	0.908461277248226	0.999176038581228
HMPRNC0000_2640	cds	1.72026631568964	-1.52163252506256	1.4197497724302	-1.07176106283712	0.283827366122891	0.999176038581228
HMPRNC0000_2641	cds	0	NA	NA	NA	NA	NA
HMPRNC0000_2642	cds	1.37041534091251	-1.0443653421257	1.57957509083208	-0.661168530820243	0.508504240115813	0.999176038581228
HMPRNC0000_2643	cds	0.459064327321682	0.104879370052323	3.5400029345093	0.0296269161332945	0.976364598762239	0.999176038581228
HMPRNC0000_2644	cds	1.54602387964527	-0.424204630659091	1.52901153683494	-0.277437168026341	0.78144444532416	0.999176038581228
HMPRNC0000_2645	cds	1.20655935346136	1.4017607970086	1.63447357789359	0.857622182436927	0.391101122179192	0.999176038581228
HMPRNC0000_2647	cds	0.914036915494087	1.57630101753512	2.06317339001724	0.764017714246474	0.444856686296334	0.999176038581228
HMPRNC0000_2648	cds	0.391565382750117	1.03525342487768	4.06919113470239	0.254412582404635	0.799176831342001	0.999176038581228
HMPRNC0000_2649	cds	0.0941173434018534	0.0734757135446137	4.0691914984833	0.0180565877944059	0.985593710220973	0.999176038581228
HMPRNC0000_2651	cds	0.77944426938183	-0.957279885147657	2.27791671964189	-0.420243583487174	0.674307518889166	0.999176038581228
HMPRNC0000_2652	cds	2.83521027459968	0.565217186146235	0.99705970752957	0.566883990876216	0.570793001544959	0.999176038581228
HMPRNC0000_2655	cds	4.96921179258361	0.0818895064404435	0.779839124269195	0.105008204759134	0.916369298260783	0.999176038581228
HMPRNC0000_2657	cds	1.71452133499483	-0.239736951124084	1.36132947213687	-0.176105017948205	0.860211438785141	0.999176038581228
HMPRNC0000_2658	cds	1.33141856046617	0.98369511607355	1.46489620609412	0.671511819049893	0.501894532735073	0.999176038581228
HMPRNC0000_2659	cds	1.68374774576847	-1.17655819712889	1.4087886668596	-0.835155921399914	0.403629924046188	0.999176038581228
HMPRNC0000_2660	cds	0.371327731394915	-1.45649110697146	3.99456371648222	-0.36461831888217	0.715396338449868	0.999176038581228
HMPRNC0000_2661	cds	0	NA	NA	NA	NA	NA
HMPRNC0000_2662	cds	0.83166288960258	-0.979072368849277	2.33256486386789	-0.419740682891778	0.674674901730895	0.999176038581228
HMPRNC0000_2663	cds	0	NA	NA	NA	NA	NA
HMPRNC0000_2664	cds	0.273118648843784	2.08492981639804	4.0804728567969	0.510952992353605	0.609383973154024	0.999176038581228
HMPRNC0000_2665	cds	0	NA	NA	NA	NA	NA
HMPRNC0000_2666	cds	0.277242113616457	2.08492981639804	4.0804728567969	0.510952992353605	0.609383973154024	0.999176038581228
HMPRNC0000_2667	cds	0.0674989445715651	0.206604289724287	4.07377104429505	0.0507157342614083	0.959552038656348	0.999176038581228
HMPRNC0000_2668	cds	0.202496833714695	-0.818534920119212	4.02398586373273	-0.203413965117642	0.838811485397652	0.999176038581228
HMPRNC0000_2669	cds	0.249352883900185	1.16838616222527	4.07377080120153	0.28680704419617	0.774260068954625	0.999176038581228
HMPRNC0000_2670	cds	0	NA	NA	NA	NA	NA
HMPRNC0000_2672	cds	0.0674989445715651	0.206604289724287	4.07377104429505	0.0507157342614083	0.959552038656348	0.999176038581228
HMPRNC0000_2673	cds	2.60311550567443	-1.28366794761827	1.14544702013433	-1.12066985644411	0.262428417676455	0.999176038581228
HMPRNC0000_2675	cds	0.980701997833937	-0.327481653087651	1.90982356012618	-0.171472202943195	0.863852485558127	0.999176038581228
HMPRNC0000_2676	cds	0.404993667429391	-1.66645085312475	3.98299571522387	-0.418391324588982	0.67566102843967	0.999176038581228
HMPRNC0000_2677	cds	0.904303476386644	-1.27205133829444	2.0565339801409	-0.618541366482689	0.536218538478126	0.999176038581228
HMPRNC0000_2679	cds	4.68914979322632	-0.0930317545770483	0.81444076491167	-0.114227772706267	0.909057236558746	0.999176038581228
HMPRNC0000_2683	cds	0	NA	NA	NA	NA	NA
HMPRNC0000_2685	cds	70.1813666368241	0.681470225823914	0.498254239912808	1.36771585916292	0.171401033810866	0.999176038581228
HMPRNC0000_2687	cds	1.13728952025814	-1.96583370599385	1.88406265023775	-1.04340145257154	0.296762401074157	0.999176038581228
HMPRNC0000_2689	cds	0.479707221707757	-1.85360338844064	3.64752804849299	-0.508180708632653	0.611326618551667	0.999176038581228
HMPRNC0000_2691	cds	1.14953289551416	-0.589422955901779	1.67675879936806	-0.351525190220514	0.725194377733199	0.999176038581228
HMPRNC0000_2692	cds	0	NA	NA	NA	NA	NA
HMPRNC0000_2693	cds	0	NA	NA	NA	NA	NA
HMPRNC0000_2694	cds	0	NA	NA	NA	NA	NA
HMPRNC0000_2695	cds	0	NA	NA	NA	NA	NA
HMPRNC0000_2696	cds	0	NA	NA	NA	NA	NA
HMPRNC0000_2697	cds	0	NA	NA	NA	NA	NA
HMPRNC0000_2698	cds	0	NA	NA	NA	NA	NA
HMPRNC0000_2700	cds	0.188234686803707	-0.704491657678831	4.02913046155396	-0.174849552378883	0.861197850866044	0.999176038581228
HMPRNC0000_2703	cds	0	NA	NA	NA	NA	NA
HMPRNC0000_2704	cds	0.997149988902514	-1.6694009233781	1.93898136775972	-0.860968006777139	0.389255663970477	0.999176038581228
HMPRNC0000_2705	cds	1.04651597523658	-1.48281463578365	1.9166619341762	-0.773644328894639	0.439141150072107	0.999176038581228
HMPRNC0000_2706	cds	0.644446380238699	-0.446298314238975	2.61726601445225	-0.170520807504688	0.864600571971965	0.999176038581228
HMPRNC0000_2707	cds	0	NA	NA	NA	NA	NA
HMPRNC0000_2708	cds	1.33681285612483	1.4134586254504	1.55444867827988	0.909298997902265	0.3631923194351	0.999176038581228
HMPRNC0000_2709	cds	0	NA	NA	NA	NA	NA
HMPRNC0000_2710	cds	0.553181670723535	-0.461559391314624	2.87815538453689	-0.160366390846856	0.872592463158141	0.999176038581228
HMPRNC0000_2711	cds	2.32603202017494	1.64326704263228	1.1454450615586	1.43461008980762	0.151398237782746	0.999176038581228
HMPRNC0000_2712	cds	5.17333684111977	1.55507134223185	0.766041251356221	2.03000992371979	0.0423555305711913	0.999176038581228
HMPRNC0000_2713	cds	0.13499788914313	-0.390180750054008	4.04538587413177	-0.0964508114167845	0.923162538517817	0.999176038581228
HMPRNC0000_2714	cds	0.18185393932862	2.08492981639804	4.0804728567969	0.510952992353605	0.609383973154024	0.999176038581228
HMPRNC0000_2716	cds	0.391565382750117	1.03525342487768	4.06919113470239	0.254412582404635	0.799176831342001	0.999176038581228
HMPRNC0000_2717	cds	0.526594997516642	2.00471966205736	3.21026664550697	0.624471386158257	0.532318056259937	0.999176038581228
HMPRNC0000_2718	cds	0.0941173434018534	0.0734757135446137	4.0691914984833	0.0180565877944059	0.985593710220973	0.999176038581228
HMPRNC0000_2719	cds	0.18185393932862	2.08492981639804	4.0804728567969	0.510952992353605	0.609383973154024	0.999176038581228
HMPRNC0000_2721	cds	0	NA	NA	NA	NA	NA
HMPRNC0000_2722	cds	0	NA	NA	NA	NA	NA
HMPRNC0000_2723	cds	0	NA	NA	NA	NA	NA
HMPRNC0000_2724	cds	1.47077842542941	1.18526627906986	1.40978340273548	0.840743533205192	0.400491626855747	0.999176038581228
HMPRNC0000_2725	cds	2.00167194751938	0.268532775436034	1.30251917894471	0.206164162322429	0.836662680802943	0.999176038581228
HMPRNC0000_2726	cds	0.640354641089422	2.09678046891648	3.00811195650597	0.697042031424909	0.485776490176619	0.999176038581228
HMPRNC0000_2727	cds	0.465445074796769	-1.79297691730228	3.42119131438965	-0.524079699887274	0.600223107259448	0.999176038581228
HMPRNC0000_2728	cds	0.717086967022763	-0.850713015108108	2.56218171546778	-0.33202680745569	0.739869016751896	0.999176038581228
HMPRNC0000_2729	cds	1.45718306824753	1.79933404176731	1.48600318645809	1.21085476677615	0.225951071113029	0.999176038581228
HMPRNC0000_2730	cds	0	NA	NA	NA	NA	NA
HMPRNC0000_2731	cds	0	NA	NA	NA	NA	NA
HMPRNC0000_2732	cds	0.827602876076698	3.72179809969891	2.46352587131974	1.51076071212725	0.130849427841819	0.999176038581228
HMPRNC0000_2733	cds	0.434734936817203	0.40369795551201	3.66394637850339	0.110181185478186	0.912265683230822	0.999176038581228
HMPRNC0000_2734	cds	0.0674989445715651	0.206604289724287	4.07377104429505	0.0507157342614083	0.959552038656348	0.999176038581228
HMPRNC0000_2736	cds	0	NA	NA	NA	NA	NA
HMPRNC0000_2737	cds	0	NA	NA	NA	NA	NA
HMPRNC0000_2738	cds	0	NA	NA	NA	NA	NA
HMPRNC0000_2739	cds	0.18185393932862	2.08492981639804	4.0804728567969	0.510952992353605	0.609383973154024	0.999176038581228
HMPRNC0000_2742	cds	0.323232575946837	-1.33423647508431	4.00206808739129	-0.333386750537274	0.738842363208811	0.999176038581228
HMPRNC0000_2743	cds	0	NA	NA	NA	NA	NA
HMPRNC0000_2744	cds	0	NA	NA	NA	NA	NA
HMPRNC0000_2745	cds	0	NA	NA	NA	NA	NA
HMPRNC0000_2746	cds	0	NA	NA	NA	NA	NA
HMPRNC0000_2749	cds	0	NA	NA	NA	NA	NA
HMPRNC0000_2750	cds	0.277242113616457	2.08492981639804	4.0804728567969	0.510952992353605	0.609383973154024	0.999176038581228
HMPRNC0000_2751	cds	0.13499788914313	-0.390180750054008	4.04538587413177	-0.0964508114167845	0.923162538517817	0.999176038581228
HMPRNC0000_2752	cds	0.592823111202224	0.622611579592439	2.91379433810653	0.213677256301154	0.83079874856401	0.999176038581228
HMPRNC0000_2753	cds	0	NA	NA	NA	NA	NA
HMPRNC0000_2754	cds	0	NA	NA	NA	NA	NA
HMPRNC0000_2755	cds	0.83172634084937	3.73456058814104	2.63473235501402	1.41743451893092	0.156355926367957	0.999176038581228
HMPRNC0000_2756	cds	5.44780644936697	1.57229755170418	0.737939270292318	2.13065981849882	0.0331171776368777	0.999176038581228
HMPRNC0000_2757	cds	0.920417662969173	0.063567201371794	1.95652098939732	0.0324899153733971	0.97408135815171	0.999176038581228
HMPRNC0000_2758	cds	0	NA	NA	NA	NA	NA
HMPRNC0000_2759	cds	0.830423784339992	0.441163734828286	2.11403607312771	0.208683163185378	0.83469558460063	0.999176038581228
HMPRNC0000_2760	cds	0.277242113616457	2.08492981639804	4.0804728567969	0.510952992353605	0.609383973154024	0.999176038581228
HMPRNC0000_2761	cds	0	NA	NA	NA	NA	NA
HMPRNC0000_2762	cds	0.367235992245638	1.03525348243549	4.06919113661017	0.254412596430137	0.799176820507636	0.999176038581228
HMPRNC0000_2763	cds	0	NA	NA	NA	NA	NA
HMPRNC0000_2765	cds	5.87709789824586	-0.457007879860881	0.722864314766169	-0.632218067105323	0.527244393101781	0.999176038581228
HMPRNC0000_2766	cds	0	NA	NA	NA	NA	NA
HMPRNC0000_2767	cds	0	NA	NA	NA	NA	NA
HMPRNC0000_2768	cds	0	NA	NA	NA	NA	NA
HMPRNC0000_2769	cds	2.41475506791814	1.15576067343473	1.06218809664114	1.08809416815109	0.27655353800415	0.999176038581228
HMPRNC0000_2770	cds	3.68350547047895	-0.555407304569844	0.953499047154455	-0.582493822335069	0.560234101446631	0.999176038581228
HMPRNC0000_2771	cds	1.37353821147004	0.124766646867405	1.44285567292982	0.0864720215668265	0.93109119630058	0.999176038581228
HMPRNC0000_2772	cds	0.13499788914313	-0.390180750054008	4.04538587413177	-0.0964508114167845	0.923162538517817	0.999176038581228
HMPRNC0000_2773	cds	0.13499788914313	-0.390180750054008	4.04538587413177	-0.0964508114167845	0.923162538517817	0.999176038581228
HMPRNC0000_2774	cds	0.952398631834722	-1.27263611803882	2.02831439814926	-0.627435332116185	0.530373913586019	0.999176038581228
HMPRNC0000_2775	cds	0.209711443421497	0.073475696645431	4.06919149792316	0.0180565836439331	0.985593713532032	0.999176038581228
HMPRNC0000_2776	cds	0.202496833714695	-0.818534920119212	4.02398586373273	-0.203413965117642	0.838811485397652	0.999176038581228
HMPRNC0000_2777	cds	1.00530162500925	1.71413056266225	1.95275753396649	0.877799999665326	0.380052264656894	0.999176038581228
HMPRNC0000_2778	cds	2.39603576831686	-0.82989963471025	1.10518251340974	-0.750916364166694	0.452702991337429	0.999176038581228
HMPRNC0000_2780	cds	0.457825222059094	1.6413076419558	3.84184838266768	0.427218223748881	0.669220389015404	0.999176038581228
HMPRNC0000_2783	cds	0.277242113616457	2.08492981639804	4.0804728567969	0.510952992353605	0.609383973154024	0.999176038581228
HMPRNC0000_2785	cds	0	NA	NA	NA	NA	NA
HMPRNC0000_2786	cds	0.91148636047005	-2.70053466954991	2.28267960980485	-1.18305462490234	0.23678749922872	0.999176038581228
HMPRNC0000_2787	cds	1.04847117907634	1.54442191291507	1.94811627434858	0.792777070471066	0.427907718015989	0.999176038581228
HMPRNC0000_2788	cds	0.864089720374467	0.0389820497183036	2.24429551994919	0.0173693924760792	0.98614192673672	0.999176038581228
HMPRNC0000_2790	cds	0.775352530232552	0.997910687080746	2.41626693645943	0.412996872168019	0.67960890537115	0.999176038581228
HMPRNC0000_2791	cds	0	NA	NA	NA	NA	NA
HMPRNC0000_2792	cds	0	NA	NA	NA	NA	NA
HMPRNC0000_2793	cds	0	NA	NA	NA	NA	NA
HMPRNC0000_2794	cds	0	NA	NA	NA	NA	NA
HMPRNC0000_2795	cds	0.70432547207259	2.50086242722005	2.60059494197012	0.96165011584829	0.336225388122165	0.999176038581228
HMPRNC0000_2797	cds	0.18185393932862	2.08492981639804	4.0804728567969	0.510952992353605	0.609383973154024	0.999176038581228
HMPRNC0000_2798	cds	4.49777809346637	-0.317401560274455	0.836212931361124	-0.379570260600746	0.704264440079981	0.999176038581228
HMPRNC0000_2800	cds	0	NA	NA	NA	NA	NA
HMPRNC0000_2801	cds	0.18185393932862	2.08492981639804	4.0804728567969	0.510952992353605	0.609383973154024	0.999176038581228
HMPRNC0000_2803	cds	0	NA	NA	NA	NA	NA
HMPRNC0000_2804	cds	0.647330739748784	1.10129276272841	2.77019751648446	0.397550267147019	0.690961726208896	0.999176038581228
HMPRNC0000_2806	cds	0.275971282730474	1.03525348243549	4.06919113661017	0.254412596430137	0.799176820507636	0.999176038581228
HMPRNC0000_2807	cds	1.2465028728027	-1.06661479690047	1.66983834411844	-0.638753326426674	0.522983415664795	0.999176038581228
HMPRNC0000_2808	cds	0	NA	NA	NA	NA	NA
HMPRNC0000_2809	cds	0.275971282730474	1.03525348243549	4.06919113661017	0.254412596430137	0.799176820507636	0.999176038581228
HMPRNC0000_2810	cds	0.37135945701831	1.03525348243549	4.06919113661017	0.254412596430137	0.799176820507636	0.999176038581228
HMPRNC0000_2811	cds	0	NA	NA	NA	NA	NA
HMPRNC0000_2812	cds	1.65303760778891	-0.18622134362775	1.32958919352689	-0.140059308946229	0.88861313037785	0.999176038581228
HMPRNC0000_2814	cds	0	NA	NA	NA	NA	NA
HMPRNC0000_2815	cds	0.18185393932862	2.08492981639804	4.0804728567969	0.510952992353605	0.609383973154024	0.999176038581228
HMPRNC0000_2816	cds	1.19453690602811	-0.695596970909431	1.64476566198749	-0.422915547780156	0.672356878682409	0.999176038581228
HMPRNC0000_2817	cds	1.45745342148678	-2.23634011143873	1.60815799314579	-1.39062214096522	0.164340038709388	0.999176038581228
HMPRNC0000_2818	cds	1.32541133039856	-0.967325830572186	1.5703203157917	-0.616005423125723	0.537890940551524	0.999176038581228
HMPRNC0000_2819	cds	0	NA	NA	NA	NA	NA
HMPRNC0000_2820	cds	0.209711443421497	0.073475696645431	4.06919149792316	0.0180565836439331	0.985593713532032	0.999176038581228
HMPRNC0000_2821	cds	4.91905654393052	-0.687927559181604	1.374248002783	-0.500584725456016	0.616663414538333	0.999176038581228
HMPRNC0000_2822	cds	0.275971282730474	1.03525348243549	4.06919113661017	0.254412596430137	0.799176820507636	0.999176038581228
HMPRNC0000_2823	cds	2.74450394149875	1.16309419247412	1.06505242004815	1.09205347134138	0.274809598997178	0.999176038581228
HMPRNC0000_2824	cds	2.0379520063931	-0.464991373343731	1.18542731951303	-0.392256332960798	0.694868824703317	0.999176038581228
HMPRNC0000_2826	cds	0.371327731394915	-1.45649110697146	3.99456371648222	-0.36461831888217	0.715396338449868	0.999176038581228
HMPRNC0000_2828	cds	2.63148232292043	0.175629554121166	0.99809519220982	0.175964733115601	0.860321648977517	0.999176038581228
HMPRNC0000_2829	cds	0	NA	NA	NA	NA	NA
HMPRNC0000_2830	cds	0	NA	NA	NA	NA	NA
HMPRNC0000_2831	cds	0	NA	NA	NA	NA	NA
HMPRNC0000_2833	cds	0.277242113616457	2.08492981639804	4.0804728567969	0.510952992353605	0.609383973154024	0.999176038581228
HMPRNC0000_2834	cds	6.12765895117085	1.36401411516885	0.700355046672126	1.9476037499126	0.0514623947264319	0.999176038581228
HMPRNC0000_2835	cds	0.18185393932862	2.08492981639804	4.0804728567969	0.510952992353605	0.609383973154024	0.999176038581228
HMPRNC0000_2836	cds	0.344709332564627	-1.34828986642279	4.00117473845603	-0.336973502672634	0.736136874923194	0.999176038581228
HMPRNC0000_2838	cds	4.97132537895338	1.0175684144294	0.748457647024467	1.3595537683058	0.17397117657906	0.999176038581228
HMPRNC0000_2839	cds	0.92450940211845	-1.44577885636057	2.02484759186286	-0.714018606719164	0.475215673936388	0.999176038581228
HMPRNC0000_2840	cds	0.28235203020556	-1.15399669865347	4.01086057678509	-0.287717978862896	0.773562626562005	0.999176038581228
HMPRNC0000_2841	cds	0.370088626132327	0.257290492392995	4.02913015586887	0.0638575777995714	0.949083631311336	0.999176038581228
HMPRNC0000_2842	cds	0.0674989445715651	0.206604289724287	4.07377104429505	0.0507157342614083	0.959552038656348	0.999176038581228
HMPRNC0000_2843	cds	0.277242113616457	2.08492981639804	4.0804728567969	0.510952992353605	0.609383973154024	0.999176038581228
HMPRNC0000_2844	cds	0.438858401589875	0.403528698527249	3.63974235542171	0.110867379919394	0.911721513148673	0.999176038581228
HMPRNC0000_2846	cds	0.296614177116549	-1.22796768159928	4.00832991371171	-0.306353944918216	0.759335170196842	0.999176038581228
HMPRNC0000_2847	cds	0	NA	NA	NA	NA	NA
HMPRNC0000_2848	cds	0.0941173434018534	0.0734757135446137	4.0691914984833	0.0180565877944059	0.985593710220973	0.999176038581228
HMPRNC0000_2849	cds	0.275971282730474	1.03525348243549	4.06919113661017	0.254412596430137	0.799176820507636	0.999176038581228
HMPRNC0000_2851	cds	0	NA	NA	NA	NA	NA
HMPRNC0000_2852	cds	2.82541302209005	-0.567190391560496	1.09033438170884	-0.52019857492851	0.602925178488696	0.999176038581228
HMPRNC0000_2853	cds	0	NA	NA	NA	NA	NA
HMPRNC0000_2854	cds	0	NA	NA	NA	NA	NA
HMPRNC0000_2855	cds	0	NA	NA	NA	NA	NA
HMPRNC0000_2856	cds	0.636826527501025	3.41717209164746	2.95862503417978	1.15498654008882	0.248095938423424	0.999176038581228
HMPRNC0000_2857	cds	2.4656392894377	5.31685719043233	1.46703711763589	3.62421449772203	0.000289840991497136	0.248828491200291
HMPRNC0000_2858	cds	0	NA	NA	NA	NA	NA
HMPRNC0000_2860	cds	0	NA	NA	NA	NA	NA
HMPRNC0000_2861	cds	0	NA	NA	NA	NA	NA
HMPRNC0000_2862	cds	0	NA	NA	NA	NA	NA
HMPRNC0000_2864	cds	0	NA	NA	NA	NA	NA
HMPRNC0000_2865	cds	1.03009970979139	1.64795487729575	1.97013795781974	0.836466741201955	0.40289237959547	0.999176038581228
HMPRNC0000_2866	cds	0.18185393932862	2.08492981639804	4.0804728567969	0.510952992353605	0.609383973154024	0.999176038581228
HMPRNC0000_2867	cds	0.18185393932862	2.08492981639804	4.0804728567969	0.510952992353605	0.609383973154024	0.999176038581228
HMPRNC0000_2868	cds	0.18185393932862	2.08492981639804	4.0804728567969	0.510952992353605	0.609383973154024	0.999176038581228
HMPRNC0000_2870	cds	0	NA	NA	NA	NA	NA
HMPRNC0000_2872	cds	0	NA	NA	NA	NA	NA
HMPRNC0000_2873	cds	0	NA	NA	NA	NA	NA
HMPRNC0000_2874	cds	0.710706219547677	0.710185559989272	2.4257637874054	0.292767813451815	0.769699631934112	0.999176038581228
HMPRNC0000_2876	cds	0.478468116445169	-0.28333886318028	3.38785968474259	-0.0836335886212503	0.933347760621079	0.999176038581228
HMPRNC0000_2877	cds	0.209711443421497	0.073475696645431	4.06919149792316	0.0180565836439331	0.985593713532032	0.999176038581228
HMPRNC0000_2878	cds	0.41734991934869	-1.69178704981848	3.98170449103615	-0.424890157877646	0.670916749730322	0.999176038581228
HMPRNC0000_2879	cds	2.53559409088693	-1.42668172432318	1.15520289678677	-1.2350053209627	0.216828523842064	0.999176038581228
HMPRNC0000_2881	cds	0.188234686803707	-0.704491657678831	4.02913046155396	-0.174849552378883	0.861197850866044	0.999176038581228
HMPRNC0000_2882	cds	0.0941173434018534	0.0734757135446137	4.0691914984833	0.0180565877944059	0.985593710220973	0.999176038581228
HMPRNC0000_2883	cds	0	NA	NA	NA	NA	NA
HMPRNC0000_2884	cds	0	NA	NA	NA	NA	NA
HMPRNC0000_2885	cds	0.692541535686778	-0.51979076140736	2.88237020641998	-0.180334490083757	0.856889980330815	0.999176038581228
HMPRNC0000_2886	cds	0.918192105890154	3.92603792167502	2.25174858041409	1.74355074799382	0.0812374578924365	0.999176038581228
HMPRNC0000_2887	cds	0.553181670723535	-0.461559391314624	2.87815538453689	-0.160366390846856	0.872592463158141	0.999176038581228
HMPRNC0000_2888	cds	0.0674989445715651	0.206604289724287	4.07377104429505	0.0507157342614083	0.959552038656348	0.999176038581228
HMPRNC0000_2889	cds	2.65721789119011	-0.0635550662809629	1.07265113013128	-0.0592504538481066	0.952752623838037	0.999176038581228
HMPRNC0000_2891	cds	0.851066678726067	-1.15809848446114	2.15114930959034	-0.538362669340549	0.590326693424264	0.999176038581228
HMPRNC0000_2892	cds	0.202496833714695	-0.818534920119212	4.02398586373273	-0.203413965117642	0.838811485397652	0.999176038581228
HMPRNC0000_2893	cds	0.0941173434018534	0.0734757135446137	4.0691914984833	0.0180565877944059	0.985593710220973	0.999176038581228
HMPRNC0000_2894	cds	1.63836152787444	2.11130869350847	1.47762923424477	1.42884875622238	0.153047708571034	0.999176038581228
HMPRNC0000_2895	cds	29.3976830597335	-0.196904980983715	0.370741888759178	-0.531110691707186	0.59534207563783	0.999176038581228
HMPRNC0000_2896	cds	1.56542766876875	-0.535694671732118	1.42983023246177	-0.374656137190357	0.70791621741322	0.999176038581228
HMPRNC0000_2898	cds	0.30382878682335	-1.08630962190442	4.01328521099381	-0.270678400560376	0.78663839070978	0.999176038581228
HMPRNC0000_2900	cds	0.0674989445715651	0.206604289724287	4.07377104429505	0.0507157342614083	0.959552038656348	0.999176038581228
HMPRNC0000_2901	cds	0.0674989445715651	0.206604289724287	4.07377104429505	0.0507157342614083	0.959552038656348	0.999176038581228
HMPRNC0000_2903	cds	0	NA	NA	NA	NA	NA
HMPRNC0000_2904	cds	0.0941173434018534	0.0734757135446137	4.0691914984833	0.0180565877944059	0.985593710220973	0.999176038581228
HMPRNC0000_2905	cds	0	NA	NA	NA	NA	NA
HMPRNC0000_2906	cds	0.0674989445715651	0.206604289724287	4.07377104429505	0.0507157342614083	0.959552038656348	0.999176038581228
HMPRNC0000_2907	cds	0.344741058188022	1.16838616222527	4.07377080120153	0.28680704419617	0.774260068954625	0.999176038581228
HMPRNC0000_2908	cds	0.277242113616457	2.08492981639804	4.0804728567969	0.510952992353605	0.609383973154024	0.999176038581228
HMPRNC0000_2910	cds	0.419422886842993	-1.57875385483678	3.98763472292074	-0.39591235520199	0.692169686120142	0.999176038581228
HMPRNC0000_2911	cds	0	NA	NA	NA	NA	NA
HMPRNC0000_2912	cds	0.349850974777125	-1.43889649700784	3.99560722876758	-0.360119605012242	0.71875769232475	0.999176038581228
HMPRNC0000_2914	cds	0	NA	NA	NA	NA	NA
HMPRNC0000_2915	cds	0.209711443421497	0.073475696645431	4.06919149792316	0.0180565836439331	0.985593713532032	0.999176038581228
HMPRNC0000_2916	cds	0	NA	NA	NA	NA	NA
HMPRNC0000_2917	cds	0.209711443421497	0.073475696645431	4.06919149792316	0.0180565836439331	0.985593713532032	0.999176038581228
HMPRNC0000_2918	cds	0	NA	NA	NA	NA	NA
HMPRNC0000_2919	cds	0	NA	NA	NA	NA	NA
HMPRNC0000_2920	cds	0	NA	NA	NA	NA	NA
HMPRNC0000_2922	cds	0.273118648843784	2.08492981639804	4.0804728567969	0.510952992353605	0.609383973154024	0.999176038581228
HMPRNC0000_2923	cds	0.188234686803707	-0.704491657678831	4.02913046155396	-0.174849552378883	0.861197850866044	0.999176038581228
HMPRNC0000_2924	cds	13.7030510045973	0.973186137019197	0.516743911658953	1.88330450550425	0.0596591131962432	0.999176038581228
HMPRNC0000_2926	cds	5.02583300749994	1.09750728954261	0.752739626100721	1.45801715691231	0.144835814008758	0.999176038581228
HMPRNC0000_2927	cds	1.23977942758949	-0.33684468641182	1.7013362012437	-0.197988314223598	0.843054206654177	0.999176038581228
HMPRNC0000_2929	cds	1.42324689554222	0.560159813211053	1.40367048369146	0.399067886458586	0.689843183851658	0.999176038581228
HMPRNC0000_2932	cds	1.87251421594124	1.86910418383432	1.28391636535371	1.45578344062886	0.145452494848598	0.999176038581228
HMPRNC0000_2934	cds	0.710706219547677	0.710185559989272	2.4257637874054	0.292767813451815	0.769699631934112	0.999176038581228
HMPRNC0000_2935	cds	1.85163281050773	2.12715305597028	1.27632742793229	1.66662018649585	0.0955899523326271	0.999176038581228
HMPRNC0000_2936	cds	0	NA	NA	NA	NA	NA
HMPRNC0000_2937	cds	0	NA	NA	NA	NA	NA
HMPRNC0000_2938	cds	0	NA	NA	NA	NA	NA
HMPRNC0000_2940	cds	0	NA	NA	NA	NA	NA
HMPRNC0000_2941	cds	0	NA	NA	NA	NA	NA
HMPRNC0000_2942	cds	3.03388536024896	-0.327347465058913	1.0296682245539	-0.317915477289528	0.750549052037599	0.999176038581228
HMPRNC0000_2944	cds	1.25415445116377	-1.94891461161983	1.72402382535273	-1.13044528907313	0.258288639736218	0.999176038581228
HMPRNC0000_2946	cds	2.67539146830308	1.14831986568794	1.015289874481	1.13102661077453	0.258043891258023	0.999176038581228
HMPRNC0000_2948	cds	0.513540230244847	-1.88755365684135	3.5002888266488	-0.539256544337372	0.589709849108009	0.999176038581228
HMPRNC0000_2949	cds	1.37365108813332	-1.05439054400828	1.66526584584775	-0.633166498092386	0.526624920862053	0.999176038581228
HMPRNC0000_2950	cds	1.25874624805871	0.265222337085183	1.62194919035044	0.163520743228633	0.870108442223445	0.999176038581228
HMPRNC0000_2951	cds	0.532944019368334	-1.99863258561767	3.06857431118854	-0.65132285645823	0.514838096982279	0.999176038581228
HMPRNC0000_2952	cds	0.742687188413225	-0.802483189081577	2.36775657063459	-0.338921322839577	0.734669000821646	0.999176038581228
HMPRNC0000_2953	cds	0.0674989445715651	0.206604289724287	4.07377104429505	0.0507157342614083	0.959552038656348	0.999176038581228
HMPRNC0000_2955	cds	0	NA	NA	NA	NA	NA
HMPRNC0000_2958	cds	0	NA	NA	NA	NA	NA
HMPRNC0000_2961	cds	0	NA	NA	NA	NA	NA
HMPRNC0000_2962	cds	0.572585459847022	-0.674906383902235	2.94937502933254	-0.228830303772854	0.81900081262396	0.999176038581228
HMPRNC0000_2963	cds	0	NA	NA	NA	NA	NA
HMPRNC0000_2964	cds	0	NA	NA	NA	NA	NA
HMPRNC0000_2965	cds	0	NA	NA	NA	NA	NA
HMPRNC0000_2966	cds	0.31685182847175	0.571601082552154	4.04538548366963	0.141297061765705	0.887635270700049	0.999176038581228
HMPRNC0000_2967	cds	0	NA	NA	NA	NA	NA
HMPRNC0000_2968	cds	0	NA	NA	NA	NA	NA
HMPRNC0000_2970	cds	0	NA	NA	NA	NA	NA
HMPRNC0000_2971	cds	0	NA	NA	NA	NA	NA
HMPRNC0000_2972	cds	0	NA	NA	NA	NA	NA
HMPRNC0000_2974	cds	0	NA	NA	NA	NA	NA
HMPRNC0000_2976	cds	0.57382456510961	-2.11777402102258	2.91969839998706	-0.72533999437475	0.468243475600605	0.999176038581228
HMPRNC0000_2977	cds	0	NA	NA	NA	NA	NA
HMPRNC0000_2978	cds	0	NA	NA	NA	NA	NA
HMPRNC0000_2980	cds	1.08615741571526	-0.415456990834324	1.74161090910796	-0.23854753588281	0.811456450937274	0.999176038581228
HMPRNC0000_2981	cds	0	NA	NA	NA	NA	NA
HMPRNC0000_2982	cds	0	NA	NA	NA	NA	NA
HMPRNC0000_2983	cds	0	NA	NA	NA	NA	NA
HMPRNC0000_2984	cds	0.0941173434018534	0.0734757135446137	4.0691914984833	0.0180565877944059	0.985593710220973	0.999176038581228
HMPRNC0000_2985	cds	0	NA	NA	NA	NA	NA
HMPRNC0000_2986	cds	0	NA	NA	NA	NA	NA
HMPRNC0000_2987	cds	0	NA	NA	NA	NA	NA
HMPRNC0000_2989	cds	0.18185393932862	2.08492981639804	4.0804728567969	0.510952992353605	0.609383973154024	0.999176038581228
HMPRNC0000_2990	cds	0	NA	NA	NA	NA	NA
HMPRNC0000_2991	cds	0.0674989445715651	0.206604289724287	4.07377104429505	0.0507157342614083	0.959552038656348	0.999176038581228
HMPRNC0000_2992	cds	0	NA	NA	NA	NA	NA
HMPRNC0000_2994	cds	0.277242113616457	2.08492981639804	4.0804728567969	0.510952992353605	0.609383973154024	0.999176038581228
HMPRNC0000_2995	cds	0	NA	NA	NA	NA	NA
HMPRNC0000_2996	cds	0	NA	NA	NA	NA	NA
HMPRNC0000_2997	cds	0	NA	NA	NA	NA	NA
HMPRNC0000_2999	cds	0	NA	NA	NA	NA	NA
HMPRNC0000_3000	cds	0.0674989445715651	0.206604289724287	4.07377104429505	0.0507157342614083	0.959552038656348	0.999176038581228
HMPRNC0000_3001	cds	0	NA	NA	NA	NA	NA
HMPRNC0000_3002	cds	0.0674989445715651	0.206604289724287	4.07377104429505	0.0507157342614083	0.959552038656348	0.999176038581228
HMPRNC0000_3003	cds	0	NA	NA	NA	NA	NA
HMPRNC0000_3004	cds	0.0941173434018534	0.0734757135446137	4.0691914984833	0.0180565877944059	0.985593710220973	0.999176038581228
HMPRNC0000_3005	cds	0.6076575736467	-2.13897546863027	3.06390411907742	-0.698120889394651	0.485101595259292	0.999176038581228
HMPRNC0000_3006	cds	0.275971282730474	1.03525348243549	4.06919113661017	0.254412596430137	0.799176820507636	0.999176038581228
HMPRNC0000_3007	cds	0	NA	NA	NA	NA	NA
HMPRNC0000_3008	cds	0.0674989445715651	0.206604289724287	4.07377104429505	0.0507157342614083	0.959552038656348	0.999176038581228
HMPRNC0000_3010	cds	0	NA	NA	NA	NA	NA
HMPRNC0000_3011	cds	2.48799899318452	0.11474313154277	1.04344476880476	0.109965697249319	0.912436579515445	0.999176038581228
HMPRNC0000_3012	cds	0	NA	NA	NA	NA	NA
HMPRNC0000_3013	cds	0	NA	NA	NA	NA	NA
HMPRNC0000_3014	cds	0	NA	NA	NA	NA	NA
HMPRNC0000_3015	cds	2.44269372305091	-0.586253261945263	1.23218451783379	-0.475783661830057	0.634228510756234	0.999176038581228
HMPRNC0000_3016	cds	0	NA	NA	NA	NA	NA
HMPRNC0000_3017	cds	0.0674989445715651	0.206604289724287	4.07377104429505	0.0507157342614083	0.959552038656348	0.999176038581228
HMPRNC0000_3018	cds	0	NA	NA	NA	NA	NA
HMPRNC0000_3019	cds	2.94716660124284	-1.93981810923764	1.15899817902881	-1.67370246505748	0.0941890890923825	0.999176038581228
HMPRNC0000_3020	cds	0.0941173434018534	0.0734757135446137	4.0691914984833	0.0180565877944059	0.985593710220973	0.999176038581228
HMPRNC0000_3021	cds	0	NA	NA	NA	NA	NA
HMPRNC0000_3023	cds	0	NA	NA	NA	NA	NA
HMPRNC0000_3025	cds	0.647330739748784	1.10129276272841	2.77019751648446	0.397550267147019	0.690961726208896	0.999176038581228
HMPRNC0000_3026	cds	0.277210387993062	-0.876422720773082	4.02151421999628	-0.21793351280849	0.827480915210617	0.999176038581228
HMPRNC0000_3027	cds	0.36370787865724	2.6850212904654	4.06275901479766	0.660886181209819	0.508685308743725	0.999176038581228
HMPRNC0000_3029	cds	0.459064327321682	0.104879370052323	3.5400029345093	0.0296269161332945	0.976364598762239	0.999176038581228
HMPRNC0000_3030	cds	0	NA	NA	NA	NA	NA
HMPRNC0000_3031	cds	1.85670210822137	-1.30732047862974	1.40537081798806	-0.930231695362302	0.352251134571123	0.999176038581228